code,entry_date,exit_date,entry_price,exit_price,shares,pnl_krw,pnl_pct,hold_days,reason
066570,2014-05-30,2014-06-17,74200.0,77800.0,26,85417.81508000009,0.044225422270737,10,time
011070,2014-05-30,2014-06-17,132000.0,143500.0,15,163877.02537499997,0.08267109027733577,10,time
000660,2014-06-02,2014-06-18,44200.0,49000.0,45,207211.90139999986,0.10405925109398306,10,time
005830,2014-06-02,2014-06-18,57100.0,53103.0,35,-147672.8352452498,-0.07380694743940253,10,stop
180640,2014-06-03,2014-06-19,26263.0,25236.0,79,-89396.66696075001,-0.04303786166239698,10,time
051910,2014-06-17,2014-07-01,288500.0,294000.0,7,30110.18517499999,0.01489259407322141,10,time
086520,2014-06-17,2014-07-01,1106.0,1110.0,1887,-1027.2854417997878,-0.000491660014521722,10,time
067310,2014-06-18,2014-07-02,5024.0,5663.0,409,252159.4772532503,0.12257534943040382,10,time
034220,2014-06-18,2014-07-02,28051.0,29947.0,73,129607.98789700028,0.0632209974317981,10,time
017670,2014-06-19,2014-07-03,41149.0,42444.0,48,53882.181285599945,0.027248677514785546,10,time
000250,2014-07-01,2014-07-08,8060.0,9672.0,258,406147.79286119994,0.19508780975560946,5,target
028300,2014-07-03,2014-07-08,2244.0,2086.92,970,-160838.88267282,-0.07380694743940253,3,stop
010130,2014-07-01,2014-07-15,400000.0,428000.0,5,131390.8729999999,0.06561996369875178,10,time
000720,2014-07-02,2014-07-16,57405.0,58378.0,39,28660.100677649956,0.012786867548020941,10,time
000250,2014-07-15,2014-07-16,10550.0,9811.5,202,-157470.89276514994,-0.07380694743940253,1,stop
016360,2014-07-03,2014-07-17,44570.0,45783.0,48,49284.82758479938,0.023010717112427193,10,time
034220,2014-07-09,2014-07-23,30686.0,30224.0,73,-42806.86172529962,-0.019087587117535998,10,time
095340,2014-07-10,2014-07-24,16741.0,17713.0,137,123372.13450040063,0.053729883429958214,10,time
005940,2014-07-16,2014-07-29,9470.0,11364.0,224,414311.8424032,0.19508780975560946,9,target
006800,2014-07-16,2014-07-30,9217.0,10170.0,230,209856.0017585,0.09887915674067393,10,time
098460,2014-07-18,2014-08-01,5050.0,5290.0,434,94870.90617200034,0.0432367184170257,10,time
047040,2014-07-23,2014-08-05,10050.0,9346.5,218,-161889.6245878504,-0.07380694743940275,9,stop
000720,2014-07-24,2014-08-07,61394.0,60227.0,39,-55191.41614155006,-0.023024053407077028,10,time
071050,2014-07-29,2014-08-12,47300.0,48400.0,54,48757.26338999998,0.019067124597806684,10,time
055550,2014-07-30,2014-08-13,51400.0,51200.0,45,-18452.60415000003,-0.007968614470051705,10,time
095340,2014-08-01,2014-08-18,19983.0,20052.0,115,-1506.240795750171,-0.0006546914369096601,10,time
005940,2014-08-13,2014-08-18,12000.0,11160.0,201,-178227.1096379999,-0.07380694743940253,2,stop
034730,2014-08-05,2014-08-20,185500.0,222600.0,11,398534.523695,0.1950878097556097,10,target
086280,2014-08-07,2014-08-22,143556.0,159563.0,16,245943.8298312002,0.10695359411445904,10,time
090430,2014-08-12,2014-08-25,194049.0,232858.8,13,492701.7570450301,0.1950878097556097,8,target
131290,2014-08-18,2014-09-01,8470.0,9230.0,268,193776.79110400006,0.085267658800106,10,time
095340,2014-08-26,2014-09-01,22589.0,21007.769999999997,124,-206973.69414261496,-0.07380694743940286,4,stop
032830,2014-08-20,2014-09-03,108500.0,109000.0,21,1131.2967750006355,0.0004959390427148325,10,time
039030,2014-08-21,2014-09-04,74400.0,80500.0,32,184867.54607999977,0.07756013312417753,10,time
042700,2014-09-02,2014-09-04,3480.0,3236.3999999999996,728,-187200.5342625603,-0.07380694743940264,2,stop
058610,2014-09-01,2014-09-12,7420.0,6900.599999999999,340,-186414.32512220042,-0.07380694743940275,6,stop
071050,2014-08-28,2014-09-16,50100.0,53500.0,56,178340.78136000037,0.06349297774326557,10,time
042700,2014-09-12,2014-09-16,3590.0,3338.7,659,-174814.04571006447,-0.0738069474394023,2,stop
032820,2014-09-16,2014-09-18,570.0,530.0999999999999,4540,-191217.29449470015,-0.07380694743940264,2,stop
017670,2014-09-03,2014-09-22,48482.0,51243.0,47,120046.06057285005,0.05262235873290955,10,time
032640,2014-09-04,2014-09-23,11850.0,12850.0,207,196337.07395999972,0.0799492514317568,10,time
047810,2014-09-04,2014-09-23,38000.0,40850.0,64,171895.45328000002,0.07059949623940032,10,time
180640,2014-09-22,2014-09-24,28513.0,26517.089999999997,84,-176977.74646645878,-0.07380694743940286,2,stop
131290,2014-09-16,2014-09-30,10750.0,11000.0,240,49249.761000000406,0.019067124597806684,10,time
015760,2014-09-19,2014-10-06,47050.0,47000.0,51,-12376.31828249991,-0.005151840975670341,10,time
028300,2014-09-23,2014-10-08,2383.0,2601.0,1104,229180.81120799948,0.0870133561247517,10,time
003550,2014-09-23,2014-10-08,69621.0,69905.0,37,-79.84705079952255,-3.096119267287367e-05,10,time
034730,2014-09-24,2014-10-10,234500.0,240000.0,9,40704.820424999576,0.01926465650798237,10,time
000250,2014-11-11,2014-11-14,10300.0,10400.0,247,14200.95254500024,0.005575503354234623,3,time
028300,2014-11-18,2014-11-20,2817.0,3098.7000000000003,907,244277.68875790527,0.09549715894264232,2,target
028300,2014-11-24,2014-11-25,2875.0,2788.75,906,-88586.91845287476,-0.03397068711421547,1,stop
028300,2014-11-27,2014-11-28,2819.0,3100.9,917,247146.28103588521,0.09549715894264232,1,target
028300,2015-03-11,2015-03-12,5012.0,5513.200000000001,526,252049.86820243997,0.0954971589426421,1,target
000990,2015-03-30,2015-04-02,6000.0,5820.0,447,-91214.17229699995,-0.03397068711421558,3,stop
039490,2015-04-07,2015-04-08,81200.0,78764.0,32,-88370.95648640022,-0.03397068711421569,1,stop
021240,2015-04-08,2015-04-09,101500.0,98455.0,26,-89751.75268149981,-0.03397068711421547,1,stop
028300,2015-04-07,2015-04-10,6562.0,7546.299999999999,406,387529.37346990965,0.14529248434912567,3,target
064760,2015-04-10,2015-04-13,14500.0,16675.0,210,442924.4591625002,0.1452924843491259,1,target
028300,2015-04-13,2015-04-14,7858.0,7622.26,444,-118658.41493809223,-0.03397068711421569,1,stop
196170,2015-04-14,2015-04-15,6376.0,6184.72,529,-114711.65048368415,-0.03397068711421558,1,stop
058470,2015-04-07,2015-04-16,8619.0,8870.0,309,66415.73497784976,0.024909006510060783,7,time
028050,2015-04-07,2015-04-16,26805.0,28987.0,99,204505.7952860999,0.0769760101158321,7,time
096770,2015-04-07,2015-04-16,102822.0,118245.29999999999,25,373911.15550087485,0.1452924843491259,7,target
064760,2015-04-15,2015-04-16,16650.0,16150.5,195,-110421.1834098748,-0.03397068711421547,1,stop
010170,2015-04-16,2015-04-17,1007.0,976.79,2900,-99318.69774754997,-0.03397068711421558,1,stop
051910,2015-04-16,2015-04-17,277000.0,268690.0,10,-94207.0310449996,-0.03397068711421547,1,stop
034020,2015-04-16,2015-04-17,24710.0,23968.7,118,-99164.97363913013,-0.03397068711421558,1,stop
009540,2015-04-09,2015-04-20,124452.0,129904.0,21,103443.85894500045,0.039535234725655455,7,time
016360,2015-04-16,2015-04-20,64697.0,62756.09,45,-99014.8205553526,-0.03397068711421558,2,stop
068270,2015-04-17,2015-04-20,65680.0,63709.6,43,-96051.72034604009,-0.03397068711421558,1,stop
024110,2015-04-17,2015-04-20,15150.0,14695.5,186,-95836.09847714985,-0.03397068711421558,1,stop
005830,2015-04-20,2015-04-21,52700.0,51119.0,52,-93200.34219340049,-0.0339706871142158,1,stop
000100,2015-04-20,2015-04-22,31718.0,30766.46,86,-92770.05072885798,-0.03397068711421558,2,stop
028260,2015-04-21,2015-04-22,165000.0,160050.0,16,-89785.76243999973,-0.03397068711421547,1,stop
141080,2015-04-22,2015-04-23,13262.0,12864.14,197,-88854.37119371863,-0.03397068711421547,1,stop
009830,2015-04-22,2015-04-23,22130.0,21466.1,118,-88811.04276139056,-0.0339706871142158,1,stop
064760,2015-04-20,2015-04-24,17400.0,16878.0,157,-92907.85827030009,-0.03397068711421558,4,stop
032820,2015-04-23,2015-04-24,705.0,683.85,3591,-86100.97515531722,-0.03397068711421547,1,stop
078600,2015-04-17,2015-04-27,6330.0,6140.099999999999,446,-96015.67000202974,-0.03397068711421547,6,stop
000990,2015-04-24,2015-04-27,7710.0,7478.7,329,-86268.81331351493,-0.03397068711421558,1,stop
039030,2015-04-24,2015-04-27,116900.0,113393.0,21,-83490.5561416503,-0.03397068711421569,1,stop
028260,2015-04-24,2015-04-27,175500.0,170235.0,14,-83561.97663449962,-0.03397068711421547,1,stop
196170,2015-04-20,2015-04-28,6195.0,6009.15,443,-93335.87108102301,-0.0339706871142158,6,stop
009830,2015-04-27,2015-04-28,22613.0,21934.61,111,-85365.95625461545,-0.03397068711421558,1,stop
078930,2015-04-27,2015-04-30,50100.0,48597.0,50,-85194.4450424998,-0.03397068711421547,3,stop
066970,2015-04-28,2015-05-04,7981.0,7741.57,318,-86315.3386631431,-0.03397068711421558,3,stop
067310,2015-04-29,2015-05-04,7223.0,7006.3099999999995,351,-86224.0224615708,-0.03397068711421569,2,stop
095340,2015-04-30,2015-05-04,39459.0,38275.229999999996,62,-83203.44576039305,-0.03397068711421558,1,stop
000990,2015-04-29,2015-05-06,8280.0,8031.599999999999,306,-86169.84491628036,-0.03397068711421569,3,stop
047810,2015-04-30,2015-05-07,64800.0,62856.0,38,-83745.62933039991,-0.03397068711421558,3,stop
000100,2015-05-06,2015-05-07,35457.0,34393.29,68,-82000.11248514615,-0.03397068711421569,1,stop
000990,2015-05-12,2015-05-13,10050.0,9748.5,240,-82031.53750200011,-0.03397068711421558,1,stop
080220,2015-05-12,2015-05-13,4555.0,4418.349999999999,529,-81949.74403280765,-0.03397068711421569,1,stop
000250,2015-05-13,2015-05-15,12600.0,12222.0,188,-80562.31593480008,-0.03397068711421558,2,stop
028300,2015-05-12,2015-05-18,8991.0,10339.65,268,350497.6885728906,0.14529248434912612,4,target
036930,2015-05-13,2015-05-18,6740.0,6537.8,352,-80687.47184607945,-0.03397068711421536,3,stop
000990,2015-05-15,2015-05-18,11800.0,11446.0,194,-77855.13915820047,-0.0339706871142158,1,stop
084370,2015-05-18,2015-05-19,18216.0,17669.52,132,-81776.87243035203,-0.03397068711421558,1,stop
039030,2015-05-18,2015-05-19,112300.0,108931.0,21,-80205.21347054979,-0.03397068711421547,1,stop
058470,2015-05-18,2015-05-19,10451.0,10137.47,231,-82105.71278528869,-0.03397068711421569,1,stop
090430,2015-05-19,2015-05-20,443000.0,429710.0,5,-75331.61507749977,-0.03397068711421547,1,stop
005290,2015-05-13,2015-05-22,5850.0,6160.0,405,115470.2119725002,0.04868104103911053,7,time
009830,2015-05-20,2015-05-22,22552.0,25934.8,102,334601.2824661201,0.1452924843491259,2,target
028300,2015-05-21,2015-05-22,11676.0,11325.72,201,-79816.685989446,-0.03397068711421558,1,stop
007660,2015-05-14,2015-05-26,5672.0,6522.799999999999,419,345694.6128285397,0.14529248434912567,7,target
035720,2015-05-20,2015-05-27,22981.0,22291.57,100,-78157.82600885024,-0.03397068711421569,4,stop
009830,2015-05-26,2015-05-27,24185.0,23459.45,104,-85542.70496953977,-0.03397068711421547,1,stop
028260,2015-05-27,2015-05-28,198000.0,192060.0,12,-80807.18619599938,-0.03397068711421536,1,stop
010170,2015-05-27,2015-05-28,1113.0,1079.61,2200,-83276.29466309957,-0.03397068711421547,1,stop
064760,2015-05-29,2015-06-01,21700.0,21049.0,114,-84133.34057730017,-0.03397068711421569,1,stop
058610,2015-05-29,2015-06-02,6680.0,6479.599999999999,370,-84058.51910859998,-0.03397068711421558,2,stop
086280,2015-06-01,2015-06-02,126049.0,122267.53,19,-81451.02493416378,-0.03397068711421569,1,stop
018260,2015-05-28,2015-06-03,320000.0,310400.0,7,-76181.85904000001,-0.03397068711421558,4,stop
028260,2015-06-01,2015-06-03,188000.0,182360.0,12,-76726.01517599961,-0.03397068711421547,2,stop
028300,2015-06-02,2015-06-03,12812.0,12427.64,192,-83660.74097318389,-0.03397068711421558,1,stop
034730,2015-06-02,2015-06-03,287000.0,278390.0,8,-78086.405516,-0.03397068711421558,1,stop
196170,2015-06-03,2015-06-04,6042.0,5860.74,376,-77263.09728223225,-0.03397068711421569,1,stop
003670,2015-06-03,2015-06-04,11280.0,10941.6,201,-77109.64525187993,-0.03397068711421558,1,stop
064760,2015-06-03,2015-06-04,19800.0,22770.0,114,328331.3921909998,0.14529248434912567,1,target
080220,2015-05-28,2015-06-05,4740.0,5451.0,509,350944.5404410502,0.1452924843491259,6,target
028260,2015-06-08,2015-06-09,204500.0,190185.0,12,-181330.5667709997,-0.07380694743940241,1,stop
141080,2015-06-05,2015-06-10,12936.0,12547.92,191,-84030.49506759597,-0.03397068711421558,3,stop
034730,2015-06-05,2015-06-10,272000.0,263840.0,9,-83255.8888079999,-0.03397068711421558,3,stop
012450,2015-06-03,2015-06-11,30558.0,35141.7,74,328926.61284350976,0.14529248434912567,6,target
064760,2015-06-10,2015-06-11,24900.0,23157.0,94,-172951.2325118999,-0.07380694743940253,1,stop
080220,2015-06-10,2015-06-15,6250.0,7500.0,378,461425.0488750003,0.1950878097556097,3,target
005290,2015-06-04,2015-06-16,6680.0,6212.4,350,-172759.1137369997,-0.07380694743940241,8,stop
096770,2015-06-11,2015-06-16,125453.0,116671.29,19,-176129.0987242558,-0.07380694743940264,3,stop
141080,2015-06-15,2015-06-19,15414.0,18496.8,169,508781.6143355402,0.1950878097556097,4,target
095340,2015-06-16,2015-06-22,41261.0,38372.729999999996,53,-161589.1064888048,-0.07380694743940275,4,stop
009830,2015-06-10,2015-06-24,25273.0,23642.0,93,-160868.1951316502,-0.06836459204677858,10,time
196170,2015-06-25,2015-06-26,6758.0,8109.599999999999,325,428973.9285065001,0.1950878097556097,1,target
064760,2015-06-15,2015-06-29,24650.0,26950.0,106,232373.07862999942,0.08883084763061766,10,time
005290,2015-06-19,2015-06-29,7520.0,6993.599999999999,417,-231712.9765701606,-0.07380694743940275,6,stop
138040,2015-06-16,2015-06-30,14850.0,15850.0,147,137620.47096000006,0.06297091945153821,10,time
141080,2015-06-26,2015-06-30,19918.0,18523.739999999998,131,-192802.8655223176,-0.07380694743940275,2,stop
000880,2015-06-22,2015-07-06,44796.0,47374.0,45,107406.76319549978,0.05322070979853555,10,time
028300,2015-06-29,2015-07-07,15799.0,14693.07,182,-212469.9167251573,-0.07380694743940264,6,stop
090430,2015-07-03,2015-07-07,445500.0,414315.0,5,-164594.0658037495,-0.0738069474394023,2,stop
141080,2015-07-06,2015-07-07,20568.0,19128.239999999998,111,-168698.60953765223,-0.07380694743940264,1,stop
086520,2015-07-03,2015-07-09,1282.0,1192.26,1867,-176859.66731173126,-0.07380694743940264,4,stop
047810,2015-06-29,2015-07-13,76800.0,80300.0,37,117472.78240500018,0.04129287243245927,10,time
000990,2015-07-09,2015-07-23,16700.0,17000.0,135,31141.212075000163,0.013797044203860409,10,time
000880,2015-07-15,2015-07-23,50389.0,46861.77,48,-178720.11597112846,-0.07380694743940275,6,stop
009830,2015-07-16,2015-07-24,26301.0,24459.929999999997,94,-182682.34402793134,-0.07380694743940275,6,stop
034730,2015-07-15,2015-07-29,295000.0,287500.0,8,-69494.86899999995,-0.02941314885667301,10,time
047810,2015-07-21,2015-08-04,87800.0,96300.0,28,227223.34921999974,0.09232114729940388,10,time
095340,2015-07-30,2015-08-05,41032.0,38159.759999999995,56,-169788.0707750083,-0.07380694743940275,4,stop
021240,2015-08-07,2015-08-10,104500.0,97185.0,23,-177599.02902774978,-0.07380694743940253,1,stop
033780,2015-07-29,2015-08-12,104500.0,114000.0,21,189918.3641250003,0.08644346341419062,10,time
015760,2015-08-03,2015-08-18,50500.0,50800.0,46,4239.198309999891,0.0018227844155933592,10,time
047810,2015-08-06,2015-08-19,102000.0,94860.0,23,-173350.24842899945,-0.0738069474394023,8,stop
047810,2015-08-21,2015-08-25,82100.0,90310.00000000001,28,219781.3601060002,0.09549715894264232,2,target
066970,2015-11-06,2015-11-09,8390.0,8138.3,279,-79610.38279438484,-0.03397068711421547,1,stop
032820,2015-11-10,2015-11-13,666.0,646.02,3503,-79344.69856098294,-0.03397068711421558,3,stop
066970,2015-11-11,2015-11-16,8204.0,8511.0,284,77382.42170139961,0.03317409686636519,3,time
087010,2015-12-14,2015-12-17,25849.0,26080.0,90,11194.616578499787,0.004806442493787477,3,time
028050,2016-01-25,2016-01-26,10850.0,10524.5,215,-79336.26414087461,-0.03397068711421547,1,stop
028050,2016-01-28,2016-01-29,11000.0,12100.000000000002,210,220852.15845000045,0.09549715894264232,1,target
196170,2016-02-04,2016-02-05,5561.0,5394.17,424,-80190.3852158431,-0.03397068711421525,1,stop
068270,2016-02-15,2016-02-18,75858.0,78634.0,30,73708.0487279999,0.03235139814217125,3,time
042660,2016-04-05,2016-04-06,21766.0,21113.02,108,-79947.69157918775,-0.03397068711421547,1,stop
001440,2016-04-11,2016-04-12,29822.0,28927.34,78,-79110.64340298576,-0.03397068711421547,1,stop
001440,2016-04-14,2016-04-18,28687.0,27826.39,81,-79026.6733092498,-0.03397068711421569,2,stop
086520,2016-04-29,2016-05-02,1916.0,1858.52,1207,-78651.37562420219,-0.03397068711421569,1,stop
058610,2016-05-02,2016-05-03,6160.0,5975.2,373,-78143.54191028001,-0.03397068711421558,1,stop
032820,2016-05-02,2016-05-03,770.0,746.9,2985,-78169.72942432482,-0.03397068711421547,1,stop
028300,2016-05-11,2016-05-13,7956.0,7717.32,285,-77115.7670084103,-0.03397068711421569,2,stop
082740,2016-05-16,2016-05-17,2050.0,1988.5,1099,-76622.28541257465,-0.03397068711421547,1,stop
012450,2016-05-03,2016-05-19,44819.0,45431.0,50,21325.928380000405,0.00950553494810813,10,time
006260,2016-05-18,2016-06-01,53800.0,57500.0,41,142212.97125499975,0.06439821965532122,10,time
043260,2016-05-30,2016-06-03,1175.0,1092.75,1914,-166179.04569667485,-0.07380694743940253,4,stop
086520,2016-06-08,2016-06-09,1952.0,1815.36,1141,-164574.26279156818,-0.07380694743940264,1,stop
145020,2016-06-01,2016-06-14,115944.0,107827.92,19,-162778.98673196416,-0.07380694743940264,8,stop
035420,2016-06-01,2016-06-16,140198.0,140399.0,16,-5986.432026399765,-0.002665674011767649,10,time
021240,2016-06-02,2016-06-17,108500.0,103000.0,21,-124497.2489249995,-0.054577231913764845,10,time
005930,2016-06-08,2016-06-22,28380.0,28900.0,78,31368.48764399998,0.014154266559111894,10,time
012450,2016-06-09,2016-06-23,48741.0,48436.0,42,-21161.750859900145,-0.010325442076097757,10,time
005290,2016-06-16,2016-06-30,8200.0,9310.0,262,281158.0752190002,0.13071824276674038,10,time
035420,2016-06-23,2016-07-07,146808.0,150813.0,14,47481.62319810013,0.02307536517465425,10,time
033780,2016-07-01,2016-07-12,137500.0,127874.99999999999,16,-162562.04029999976,-0.07380694743940253,7,stop
145020,2016-07-12,2016-07-18,125424.0,116644.31999999999,16,-148284.95521881618,-0.07380694743940264,4,stop
214370,2016-07-05,2016-07-19,21744.0,21248.0,103,-60115.849883999676,-0.02681100603663855,10,time
012450,2016-07-05,2016-07-19,50116.0,53784.0,44,151879.2511016,0.06879710338507516,10,time
005290,2016-07-06,2016-07-20,9960.0,10750.0,232,173269.88869199995,0.07489909260983962,10,time
043260,2016-07-19,2016-07-20,1335.0,1241.55,1701,-167796.16853847774,-0.07380694743940264,1,stop
066970,2016-07-18,2016-07-21,13164.0,12242.519999999999,144,-140070.5475387841,-0.07380694743940264,3,stop
084370,2016-07-08,2016-07-22,17450.0,18550.0,120,123029.22659999994,0.058685714945871936,10,time
141080,2016-07-22,2016-07-25,24922.0,23177.46,84,-154688.7173372521,-0.07380694743940264,1,stop
005290,2016-07-27,2016-07-28,12100.0,11253.0,162,-144842.77790730004,-0.07380694743940264,1,stop
036930,2016-07-19,2016-08-02,10100.0,11250.0,224,247568.81463999953,0.10930180360978592,10,time
034220,2016-07-20,2016-08-03,27451.0,28330.0,83,63404.44499554951,0.027796123103481785,10,time
064350,2016-07-22,2016-08-05,20250.0,21500.0,103,119822.61791250017,0.0573822185080497,10,time
031980,2016-07-22,2016-08-05,11230.0,12247.0,186,180044.1027699001,0.08609679475192578,10,time
240810,2016-08-03,2016-08-09,25750.0,23947.5,91,-173147.04587862454,-0.07380694743940241,4,stop
009540,2016-07-29,2016-08-12,114459.0,126724.0,15,176396.49439424975,0.10262413909107071,10,time
012450,2016-08-02,2016-08-17,59284.0,61322.0,44,78717.50415319996,0.030142684223869898,10,time
145020,2016-08-18,2016-08-22,127880.0,153456.0,17,424600.8885723995,0.19508780975560924,2,target
084370,2016-08-08,2016-08-23,20800.0,22200.0,107,140237.42819000036,0.06293867694609512,10,time
034020,2016-08-08,2016-08-23,20961.0,21613.0,106,59802.60312719969,0.026884564677575273,10,time
064350,2016-08-10,2016-08-25,22050.0,23800.0,99,163793.08464750042,0.07494670718758556,10,time
034220,2016-08-22,2016-08-31,29808.0,27721.44,88,-193825.9718904961,-0.07380694743940264,7,stop
005930,2016-08-19,2016-09-02,32760.0,31940.0,73,-69484.29306300031,-0.029021554650128123,10,time
003490,2016-09-02,2016-09-06,21274.0,19784.82,113,-177633.16705621313,-0.07380694743940264,2,stop
006260,2016-08-25,2016-09-08,61700.0,61800.0,37,-5666.68856499996,-0.002479380836079459,10,time
066970,2016-08-26,2016-09-09,14509.0,15390.0,162,132668.60143230064,0.056378879324260556,10,time
105560,2016-08-26,2016-09-09,37750.0,39750.0,62,114042.60470000003,0.048669766838531636,10,time
035420,2016-09-01,2016-09-20,169238.0,167437.0,14,-34849.66426970065,-0.014691747706139902,10,time
034020,2016-09-06,2016-09-21,22605.0,21022.649999999998,98,-163691.84648008505,-0.07380694743940264,8,stop
003230,2016-09-19,2016-09-21,29650.0,35580.0,84,486444.54041399993,0.19508780975560946,2,target
003230,2016-09-23,2016-09-26,35050.0,42060.0,71,486044.1504245,0.1950878097556097,1,target
161390,2016-09-08,2016-09-27,59700.0,62300.0,38,89211.55614,0.039279320879040736,10,time
000660,2016-09-09,2016-09-28,38550.0,41200.0,64,158988.93167999992,0.06436700739150703,10,time
010170,2016-09-20,2016-10-05,1496.0,1558.0,1561,86926.33568569971,0.03718070833290965,10,time
161390,2016-09-29,2016-10-05,62500.0,58124.99999999999,42,-193966.07081250008,-0.07380694743940264,3,stop
003230,2016-09-30,2016-10-07,46700.0,43431.0,59,-203594.17710844986,-0.07380694743940253,4,stop
035420,2016-09-23,2016-10-10,176650.0,174647.0,14,-38094.58920189971,-0.01538588210968972,10,time
237690,2016-09-29,2016-10-10,57300.0,53289.0,46,-194764.10264669964,-0.07380694743940241,6,stop
031980,2016-10-05,2016-10-11,12840.0,11941.199999999999,189,-179317.75314474013,-0.07380694743940264,4,stop
028260,2016-10-07,2016-10-12,166500.0,154845.0,15,-184544.86165874964,-0.07380694743940241,3,stop
005930,2016-10-10,2016-10-12,33000.0,30689.999999999996,75,-182882.29533750005,-0.07380694743940264,2,stop
012450,2016-10-05,2016-10-19,66721.0,68657.0,36,59646.836627999786,0.024804081603379213,10,time
131970,2016-10-19,2016-10-20,6138.0,5708.339999999999,407,-184594.0736218593,-0.07380694743940275,1,stop
009540,2016-10-10,2016-10-24,136262.0,141259.0,18,79629.11398350028,0.03242839112804541,10,time
131970,2016-10-24,2016-10-25,6214.0,5779.0199999999995,410,-188257.18752451008,-0.07380694743940264,1,stop
086790,2016-10-12,2016-10-26,30700.0,32150.0,74,97673.38347500004,0.04294443766674405,10,time
000720,2016-10-12,2016-10-26,41691.0,41108.0,55,-41367.663867750205,-0.01802008260308796,10,time
105560,2016-10-12,2016-10-26,40050.0,42950.0,57,155457.11146500008,0.06801958861846513,10,time
009830,2016-10-21,2016-10-28,34887.0,32444.909999999996,66,-170139.05699838325,-0.07380694743940264,5,stop
032640,2016-10-25,2016-11-08,12100.0,12050.0,195,-19390.959412499797,-0.008208808019621427,10,time
000660,2016-10-27,2016-11-09,42900.0,39897.0,54,-171177.82843590016,-0.07380694743940264,9,stop
030200,2016-11-02,2016-11-16,32850.0,31000.0,69,-136562.86644749995,-0.06017955092785643,10,time
086790,2016-11-11,2016-11-17,35000.0,32549.999999999996,64,-165517.71375999996,-0.07380694743940253,4,stop
003230,2016-11-09,2016-11-21,50800.0,47244.0,44,-165163.03294479987,-0.07380694743940253,8,stop
222800,2016-11-08,2016-11-22,9894.0,10465.0,234,123731.9630001001,0.05338201006438714,10,time
005490,2016-12-09,2016-12-19,278000.0,258539.99999999997,7,-143793.5138290003,-0.07380694743940275,6,stop
055550,2016-12-09,2016-12-23,47250.0,46800.0,46,-29546.41306499997,-0.01357831575727464,10,time
047050,2016-12-09,2016-12-23,27650.0,28100.0,79,26493.293652500026,0.012114751480790442,10,time
000660,2016-12-09,2016-12-23,46450.0,46300.0,47,-15976.201577499975,-0.007309551638235989,10,time
024110,2016-12-09,2016-12-23,13750.0,13450.0,160,-56874.53359999973,-0.02582236113860903,10,time
222800,2017-01-13,2017-01-17,12843.0,11943.99,174,-165124.75697349268,-0.07380694743940241,2,stop
083650,2017-01-12,2017-01-20,4030.0,4836.0,535,421102.8472494995,0.19508780975560946,6,target
083650,2017-01-23,2017-01-25,4850.0,5820.0,539,510575.36148850014,0.1950878097556097,2,target
000660,2017-01-12,2017-01-26,51600.0,53300.0,41,60824.36899499968,0.02871738145952807,10,time
005930,2017-01-12,2017-01-26,38000.0,39900.0,56,97365.35788000049,0.04570183353615853,10,time
078600,2017-01-12,2017-01-26,4540.0,4850.0,475,137978.13133750018,0.0639089348962385,10,time
105560,2017-01-17,2017-02-02,45300.0,47350.0,45,83623.86168750026,0.04097512494348998,10,time
131970,2017-01-31,2017-02-07,7773.0,7228.889999999999,318,-182646.8759464114,-0.07380694743940275,5,stop
036930,2017-02-02,2017-02-07,11700.0,10881.0,184,-159074.34561719978,-0.07380694743940253,3,stop
011070,2017-01-26,2017-02-13,99500.0,105000.0,24,121824.35580000002,0.05095661661925477,10,time
000660,2017-01-31,2017-02-13,53300.0,49569.0,46,-181168.00473070052,-0.07380694743940275,9,stop
005940,2017-01-31,2017-02-14,11400.0,11600.0,217,33133.927469999995,0.013378552131949606,10,time
034020,2017-02-14,2017-02-17,23371.0,21735.03,110,-189961.8721925649,-0.07380694743940253,3,stop
000250,2017-02-08,2017-02-22,13450.0,13850.0,159,54648.29841000028,0.025524545546170785,10,time
032640,2017-02-09,2017-02-23,12550.0,13300.0,171,119076.97047750046,0.055422833316707276,10,time
006260,2017-02-13,2017-02-27,70400.0,66600.0,33,-134551.25277000014,-0.05784980907050674,10,time
071050,2017-02-13,2017-02-27,48600.0,46950.0,49,-90371.10363749973,-0.03790513257843142,10,time
098460,2017-02-20,2017-03-07,9560.0,10180.0,250,144748.35425000032,0.06049458710879585,10,time
083650,2017-02-22,2017-03-09,6850.0,6920.0,321,13392.430246500298,0.006083654928080273,10,time
011070,2017-02-23,2017-03-10,120500.0,126500.0,18,98792.6148000001,0.045495213928662626,10,time
009540,2017-03-02,2017-03-16,151705.0,161244.0,15,133337.41680074995,0.05852772813592999,10,time
006400,2017-03-02,2017-03-16,125805.0,133148.0,18,122504.0115213003,0.05403568812408044,10,time
010140,2017-03-07,2017-03-21,9786.0,9871.0,262,11696.840804100502,0.0045568303441672064,10,time
017670,2017-03-09,2017-03-23,42357.0,45291.0,52,143091.67412280012,0.06489132043584522,10,time
105560,2017-03-10,2017-03-24,48700.0,50200.0,46,59615.7969100005,0.02658124657309391,10,time
032640,2017-03-16,2017-03-30,14750.0,14800.0,164,-1737.7198099996895,-0.0007175376054788796,10,time
066570,2017-03-24,2017-03-30,73000.0,67890.0,31,-167217.22599949967,-0.07380694743940241,4,stop
039490,2017-03-17,2017-03-31,86000.0,81400.0,28,-138288.7567599998,-0.057362909747028734,10,time
003670,2017-03-21,2017-04-04,13463.0,14101.0,192,111541.45488000009,0.043101661675446934,10,time
047040,2017-03-23,2017-04-06,7030.0,7190.0,334,43659.80064400053,0.01857294359208561,10,time
042700,2017-04-04,2017-04-12,3540.0,3292.2,718,-187812.35866877995,-0.07380694743940253,6,stop
006400,2017-03-30,2017-04-13,137554.0,134127.0,16,-63689.933367200196,-0.028905359234127292,10,time
009150,2017-03-30,2017-04-13,69800.0,69200.0,32,-28297.1369599998,-0.012654292799806677,10,time
098460,2017-04-04,2017-04-18,10519.0,10800.0,241,57132.09434814984,0.022510722293039853,10,time
010170,2017-04-19,2017-04-20,1689.0,2026.8,1375,453588.14725124976,0.19508780975560946,1,target
000990,2017-04-11,2017-04-25,20850.0,21800.0,115,99101.46648750035,0.04128354327227379,10,time
010170,2017-04-24,2017-04-26,2071.0,1926.03,1197,-183176.9020896256,-0.07380694743940264,2,stop
011070,2017-04-24,2017-04-27,143000.0,132990.0,17,-179631.05453149974,-0.07380694743940253,3,stop
240810,2017-04-19,2017-05-08,26500.0,27250.0,87,55609.23963750014,0.024092541378627708,10,time
009150,2017-04-26,2017-05-16,70900.0,76800.0,34,190129.50025000004,0.07878166183863211,10,time
096770,2017-04-26,2017-05-16,168747.0,168747.0,14,-9681.825375599787,-0.004093491870325261,10,time
078930,2017-04-26,2017-05-16,60000.0,64800.0,40,181598.2944,0.07557902878004863,10,time
005940,2017-04-27,2017-05-17,13500.0,14000.0,177,78446.44867500057,0.0327919343566998,10,time
066570,2017-05-16,2017-05-18,81400.0,78958.0,30,-83051.83025699947,-0.03397068711421536,2,stop
031980,2017-05-16,2017-05-22,13349.0,15351.349999999999,188,365047.13885310944,0.14529248434912567,4,target
138040,2017-05-08,2017-05-23,13550.0,14400.0,175,138593.6208124999,0.05838034812304893,10,time
131290,2017-05-18,2017-05-23,10900.0,12534.999999999998,219,347226.5932567497,0.14529248434912567,3,target
131970,2017-05-16,2017-05-25,8805.0,9233.0,285,111336.2713259994,0.044316273658294714,7,time
009830,2017-05-17,2017-05-26,34888.0,35372.0,72,24450.850238400046,0.00972268417687605,7,time
010140,2017-05-26,2017-05-29,10495.0,10180.15,244,-87091.50937163038,-0.03397068711421569,1,stop
005290,2017-05-22,2017-05-31,11850.0,13600.0,242,410499.0926849996,0.1429813089083185,7,time
032640,2017-05-23,2017-06-01,14700.0,16200.0,178,255489.52052999986,0.09752962120413122,7,time
012330,2017-05-23,2017-06-01,272000.0,273000.0,9,-1058.9260499998927,-0.0004320708845544363,7,time
078600,2017-05-31,2017-06-01,5910.0,5732.7,557,-111955.7037133947,-0.03397068711421547,1,stop
214450,2017-05-25,2017-06-05,39150.0,40450.0,71,80636.33335500024,0.028976200609076352,7,time
222800,2017-06-01,2017-06-05,10370.0,10058.9,273,-96281.96641108533,-0.03397068711421569,2,stop
240810,2017-06-05,2017-06-07,31550.0,30603.5,88,-94424.69349940028,-0.03397068711421569,1,stop
084370,2017-05-29,2017-06-08,18950.0,19500.0,130,61193.29872500012,0.024811446360351264,7,time
131970,2017-06-01,2017-06-12,10491.0,10176.27,270,-96335.02163434448,-0.03397068711421536,6,stop
145020,2017-06-08,2017-06-12,175110.0,169856.69999999998,14,-83376.28335309029,-0.03397068711421569,2,stop
034220,2017-06-01,2017-06-13,30085.0,34597.75,94,411358.27299407497,0.1452924843491259,7,target
011070,2017-06-12,2017-06-13,151000.0,146470.0,17,-87303.05006950023,-0.03397068711421569,1,stop
000990,2017-06-12,2017-06-13,22500.0,21825.0,115,-88000.25011874968,-0.03397068711421547,1,stop
042700,2017-06-13,2017-06-14,4465.0,4331.05,615,-93389.94659703737,-0.03397068711421558,1,stop
036930,2017-06-05,2017-06-15,12100.0,12400.0,231,57640.8213150003,0.020598405025451738,7,time
010170,2017-06-13,2017-06-15,2520.0,2444.4,1090,-93418.00464779977,-0.03397068711421547,2,stop
005290,2017-06-14,2017-06-15,15150.0,14695.5,178,-91714.11574695027,-0.03397068711421569,1,stop
000250,2017-06-07,2017-06-16,15500.0,15750.0,175,32504.655312499963,0.011969516325314622,7,time
010140,2017-06-15,2017-06-20,11242.0,10904.74,242,-92525.72462379467,-0.0339706871142158,3,stop
039030,2017-06-15,2017-06-21,97400.0,94478.0,28,-92751.41338119982,-0.03397068711421547,4,stop
028300,2017-06-20,2017-06-21,6383.0,6191.51,420,-91175.40117231011,-0.03397068711421558,1,stop
078600,2017-06-20,2017-06-21,6300.0,6111.0,426,-91275.3898622999,-0.03397068711421558,1,stop
267270,2017-06-14,2017-06-22,79697.0,77306.09,33,-89445.69886475848,-0.03397068711421558,6,stop
009150,2017-06-21,2017-06-26,93200.0,107179.99999999999,27,366034.5185669996,0.14529248434912567,3,target
087010,2017-06-23,2017-06-26,24604.0,23865.88,106,-88698.26640220359,-0.03397068711421547,1,stop
086520,2017-06-16,2017-06-27,2373.0,2640.0,1155,296243.4575677505,0.10796172838699603,7,time
031980,2017-06-26,2017-06-29,16824.0,16319.279999999999,161,-92121.00849764468,-0.0339706871142158,3,stop
006400,2017-06-27,2017-06-29,169861.0,164765.16999999998,16,-92430.90541709587,-0.03397068711421558,2,stop
068270,2017-06-21,2017-06-30,89901.0,90453.0,29,5276.271547800396,0.0020214611612048294,7,time
018260,2017-06-29,2017-06-30,189000.0,183330.0,14,-89989.8209909997,-0.03397068711421547,1,stop
064760,2017-06-29,2017-07-03,43300.0,42001.0,63,-92775.2202121499,-0.03397068711421558,2,stop
078600,2017-06-23,2017-07-04,6380.0,6480.0,410,30159.05839000037,0.011516328006315524,7,time
145020,2017-07-04,2017-07-05,198265.0,192317.05,13,-87658.28199703293,-0.0339706871142158,1,stop
207940,2017-06-27,2017-07-06,399992.0,421082.0,7,135720.04887770023,0.04841672897522864,7,time
218410,2017-07-05,2017-07-06,11242.0,10904.74,228,-87172.99675299553,-0.03397068711421536,1,stop
083650,2017-06-30,2017-07-10,7370.0,8475.5,357,382717.2792308247,0.14529248434912567,6,target
006800,2017-06-30,2017-07-10,10706.0,10384.82,245,-89206.57625274453,-0.03397068711421536,6,stop
064760,2017-07-10,2017-07-11,49700.0,48209.0,55,-92965.67485975008,-0.03397068711421558,1,stop
267270,2017-07-10,2017-07-11,87771.0,85137.87,31,-92537.1859124084,-0.03397068711421558,1,stop
047040,2017-07-04,2017-07-13,7810.0,7575.7,338,-89778.28029313032,-0.03397068711421569,7,stop
086520,2017-07-11,2017-07-17,2823.0,3246.45,954,391743.33786463505,0.1452924843491259,4,target
064760,2017-07-13,2017-07-17,52200.0,50634.0,50,-88765.46968499944,-0.03397068711421536,2,stop
003670,2017-07-12,2017-07-21,14964.0,17208.6,180,391798.3215905996,0.14529248434912567,7,target
066970,2017-07-14,2017-07-24,22158.0,25481.699999999997,120,386771.23807379976,0.14529248434912567,6,target
036930,2017-07-24,2017-07-25,17600.0,17072.0,173,-103552.91268080054,-0.0339706871142158,1,stop
031980,2017-07-17,2017-07-26,17968.0,18265.0,153,34040.659647149965,0.012368230798558866,7,time
051910,2017-07-17,2017-07-26,322000.0,326500.0,8,25336.907000000123,0.009824456224654554,7,time
086520,2017-07-25,2017-07-26,4081.0,3958.5699999999997,721,-100070.34742015833,-0.03397068711421558,1,stop
005290,2017-07-18,2017-07-27,16700.0,17000.0,176,40598.913519999944,0.013797044203860409,7,time
078600,2017-07-26,2017-07-27,8570.0,8312.9,320,-93268.36171040032,-0.03397068711421569,1,stop
207940,2017-07-26,2017-07-27,425446.0,412682.62,6,-86815.89428874571,-0.03397068711421547,1,stop
066970,2017-07-27,2017-07-28,25032.0,24281.04,110,-93646.55022492027,-0.03397068711421569,1,stop
010170,2017-07-21,2017-07-31,3153.0,3058.41,981,-105195.34594804095,-0.03397068711421569,6,stop
003670,2017-07-26,2017-07-31,18786.0,18222.42,146,-93280.46918442613,-0.03397068711421558,3,stop
095340,2017-07-28,2017-07-31,26097.0,25314.09,103,-91417.92476017354,-0.03397068711421558,1,stop
035720,2017-08-01,2017-08-02,24385.0,23653.45,112,-92884.73163452046,-0.0339706871142158,1,stop
003230,2017-08-02,2017-08-03,52700.0,51119.0,51,-91408.02792045008,-0.03397068711421558,1,stop
010950,2017-07-27,2017-08-04,115000.0,111550.0,24,-93866.93345999997,-0.03397068711421558,6,stop
079550,2017-07-27,2017-08-07,80100.0,80400.0,34,-991.1079899999313,-0.0003635049484913555,7,time
087010,2017-08-08,2017-08-09,21770.0,21116.899999999998,124,-91808.66287558014,-0.03397068711421569,1,stop
267270,2017-08-02,2017-08-10,94230.0,91403.09999999999,28,-89732.70721673965,-0.03397068711421547,6,stop
180640,2017-08-09,2017-08-10,25950.0,25171.5,103,-90902.98300672462,-0.03397068711421547,1,stop
267250,2017-08-02,2017-08-11,92000.0,95500.0,29,90266.77532500029,0.03379425572156447,7,time
001440,2017-08-10,2017-08-11,11754.0,11401.38,223,-89144.4064142066,-0.03397068711421547,1,stop
066970,2017-08-16,2017-08-24,27443.0,32931.6,96,514555.43329631956,0.19508780975560946,6,target
055550,2017-08-11,2017-08-28,53800.0,53400.0,49,-30345.893060000148,-0.011498001224449328,10,time
000880,2017-08-14,2017-08-29,52000.0,49350.0,50,-142764.70337499958,-0.05484641968847204,10,time
009830,2017-08-16,2017-08-30,43171.0,42326.0,61,-62185.369686950464,-0.02358669331040275,10,time
131290,2017-08-18,2017-09-01,15550.0,16550.0,172,160531.88968000002,0.05995194273608462,10,time
003670,2017-08-30,2017-09-01,26155.0,31386.0,96,490405.4716272,0.1950878097556097,2,target
138040,2017-09-01,2017-09-06,16700.0,15530.999999999998,176,-217182.8858408006,-0.07380694743940275,3,stop
031980,2017-08-24,2017-09-07,19917.0,21062.0,158,167480.1000692998,0.05315975670167217,10,time
007660,2017-09-06,2017-09-08,4714.0,4384.0199999999995,587,-204467.43083220767,-0.07380694743940286,2,stop
010170,2017-08-28,2017-09-11,3626.0,3659.0,722,13026.786910300143,0.004970191187666728,10,time
010950,2017-08-30,2017-09-13,123000.0,122000.0,20,-30022.611000000034,-0.0121902927494284,10,time
006400,2017-09-01,2017-09-15,193848.0,210002.0,15,229679.23990049958,0.07889871714048069,10,time
031980,2017-09-13,2017-09-20,22163.0,20611.59,109,-178505.46018609544,-0.07380694743940253,5,stop
035720,2017-09-07,2017-09-21,25691.0,28501.0,129,347839.3569057002,0.10483559955641497,10,time
066970,2017-09-12,2017-09-21,38800.0,36084.0,68,-194956.22142160079,-0.07380694743940286,7,stop
005290,2017-09-08,2017-09-22,19200.0,18700.0,133,-76769.1181950001,-0.030028557186202343,10,time
207940,2017-09-15,2017-09-29,466900.0,490900.0,6,132094.78331999946,0.04709896089281895,10,time
068270,2017-09-20,2017-10-12,110176.0,121966.0,23,259985.54176789988,0.10247906232340886,10,time
000660,2017-09-21,2017-10-13,81100.0,86100.0,37,172157.1420099996,0.0573064161524659,10,time
078600,2017-09-22,2017-10-16,8650.0,8370.0,325,-102252.79220000003,-0.03633092797163273,10,time
005930,2017-09-25,2017-10-17,52999.0,54800.0,53,83659.97318794951,0.029749177258177717,10,time
028300,2017-10-12,2017-10-17,9469.0,8806.17,323,-225997.22134137526,-0.07380694743940253,3,stop
068270,2017-10-16,2017-10-18,136503.0,163803.6,22,586535.39717454,0.19508780975560946,2,target
034730,2017-10-11,2017-10-25,298000.0,298500.0,9,-6504.638625000138,-0.0024225077962822805,10,time
010130,2017-10-17,2017-10-26,541000.0,503129.99999999994,5,-199877.41773250047,-0.07380694743940275,7,stop
028300,2017-10-25,2017-10-26,10942.0,10176.06,252,-203748.16769571602,-0.07380694743940253,1,stop
207940,2017-10-13,2017-10-27,552716.0,549079.0,5,-29457.09326675022,-0.010646788626828996,10,time
098460,2017-10-19,2017-11-02,14340.0,15180.0,234,182228.77529999986,0.05424412785275168,10,time
066570,2017-10-20,2017-11-03,96500.0,92000.0,34,-165995.14255,-0.05053472800072467,10,time
032830,2017-10-26,2017-11-09,132500.0,132500.0,19,-10317.218499999959,-0.004093491870325372,10,time
018260,2017-10-27,2017-11-10,196000.0,204000.0,13,93251.18920000037,0.03655575335945738,10,time
005290,2017-10-30,2017-11-13,20950.0,21850.0,130,105493.63045000006,0.038690081271283594,10,time
042660,2017-11-10,2017-11-13,18612.0,18053.64,143,-90517.51640388556,-0.03397068711421547,1,stop
005930,2017-11-02,2017-11-16,57500.0,55780.0,61,-118985.12709400011,-0.03388408654829134,10,time
064760,2017-11-03,2017-11-16,56700.0,68040.0,55,609081.0645150007,0.1950878097556099,9,target
028300,2017-11-16,2017-11-17,16912.0,16404.64,210,-120786.33750791987,-0.03397068711421558,1,stop
078600,2017-11-16,2017-11-17,9390.0,10798.5,379,517663.0523849246,0.14529248434912567,1,target
066970,2017-11-09,2017-11-20,38058.0,39265.0,66,69133.17893130053,0.027491435222862126,7,time
031980,2017-11-17,2017-11-21,23604.0,22895.88,159,-127639.8480018056,-0.03397068711421547,2,stop
028300,2017-11-20,2017-11-21,15618.0,17960.699999999997,166,377116.79400039,0.1452924843491259,1,target
058470,2017-11-13,2017-11-22,11773.0,11893.0,230,16421.568842000328,0.006057597994242991,7,time
141080,2017-11-13,2017-11-22,16790.0,17966.0,161,177699.61474720063,0.065661484518031,7,time
078600,2017-11-21,2017-11-22,12000.0,13799.999999999998,275,480016.65524999984,0.1452924843491259,1,target
218410,2017-11-21,2017-11-22,10215.0,11747.25,323,479935.9251761623,0.14529248434912567,1,target
068270,2017-11-17,2017-11-23,170296.0,165187.12,22,-127417.96833735239,-0.03397068711421569,4,stop
082740,2017-11-22,2017-11-23,2760.0,2677.2,1192,-111889.38468432007,-0.03397068711421558,1,stop
086520,2017-11-23,2017-11-24,4842.0,4696.74,688,-113296.57245201617,-0.03397068711421569,1,stop
064760,2017-11-23,2017-11-24,74500.0,72265.0,44,-111483.9883630001,-0.03397068711421558,1,stop
066970,2017-11-23,2017-11-24,44270.0,42941.9,75,-112920.90065962449,-0.03397068711421547,1,stop
042700,2017-11-23,2017-11-27,6450.0,6256.5,516,-113191.27823970001,-0.03397068711421558,2,stop
214150,2017-11-23,2017-11-27,3830.0,3715.1,870,-113323.91629784973,-0.03397068711421547,2,stop
218410,2017-11-24,2017-11-27,12831.0,12446.07,251,-109531.18203968834,-0.03397068711421558,1,stop
067310,2017-11-24,2017-11-27,4504.0,4368.88,716,-109676.84583534347,-0.03397068711421547,1,stop
078600,2017-11-27,2017-11-28,14000.0,13580.0,226,-107606.87589399982,-0.03397068711421558,1,stop
263750,2017-11-27,2017-11-28,39180.0,38004.6,80,-106600.18704239978,-0.03397068711421547,1,stop
095340,2017-11-27,2017-11-28,21571.0,20923.87,146,-107109.17708811071,-0.03397068711421547,1,stop
003230,2017-11-27,2017-11-29,71500.0,69355.0,44,-106994.70024099946,-0.03397068711421547,2,stop
131970,2017-11-28,2017-11-29,8151.0,7906.469999999999,376,-104232.29161659628,-0.03397068711421569,1,stop
214450,2017-11-30,2017-12-01,60500.0,58685.0,50,-102879.51946249977,-0.03397068711421547,1,stop
145020,2017-11-30,2017-12-01,166926.0,161918.22,18,-102188.03305267775,-0.03397068711421547,1,stop
010170,2017-11-24,2017-12-04,3506.0,4031.8999999999996,919,468672.8434692947,0.14529248434912567,6,target
267270,2017-12-01,2017-12-04,94844.0,91998.68,31,-99994.26759039424,-0.03397068711421569,1,stop
003230,2017-12-01,2017-12-05,71800.0,82570.0,41,428203.9484015,0.1452924843491259,2,target
028300,2017-12-04,2017-12-05,16314.0,15824.58,195,-108192.86403295537,-0.03397068711421569,1,stop
196170,2017-12-05,2017-12-06,6682.0,6481.54,479,-108854.28581626294,-0.03397068711421558,1,stop
028050,2017-12-05,2017-12-06,14050.0,13628.5,228,-108946.86037889961,-0.03397068711421547,1,stop
087010,2017-11-30,2017-12-07,28152.0,27307.44,107,-102446.37117824424,-0.03397068711421569,5,stop
034020,2017-12-06,2017-12-07,13425.0,13022.25,234,-106839.95583982486,-0.03397068711421558,1,stop
003230,2017-12-07,2017-12-08,79100.0,76727.0,38,-102226.53209930053,-0.0339706871142158,1,stop
010170,2017-12-06,2017-12-11,4309.0,4179.73,731,-107126.62409422128,-0.03397068711421547,3,stop
000250,2017-12-08,2017-12-11,14600.0,14162.0,208,-103280.83461280027,-0.03397068711421569,1,stop
032820,2017-12-08,2017-12-11,640.0,620.8,4751,-103411.43208544003,-0.03397068711421558,1,stop
000250,2017-12-13,2017-12-14,15400.0,14938.0,194,-101607.55449459981,-0.03397068711421547,1,stop
214150,2017-12-11,2017-12-15,4500.0,4365.0,666,-101927.24622449977,-0.03397068711421547,4,stop
078600,2017-12-14,2017-12-15,14400.0,13968.0,206,-100886.54761440028,-0.03397068711421569,1,stop
080220,2017-12-14,2017-12-19,4460.0,4326.2,667,-101172.90978097077,-0.0339706871142158,3,stop
214450,2017-12-18,2017-12-19,57800.0,56066.0,50,-98288.20206499984,-0.03397068711421558,1,stop
064760,2017-12-18,2017-12-19,72400.0,70228.0,40,-98492.26061599981,-0.03397068711421547,1,stop
066570,2017-12-18,2017-12-19,106500.0,103305.0,27,-97795.06056674989,-0.03397068711421558,1,stop
058610,2017-12-15,2017-12-27,6230.0,6550.0,470,137956.67386000045,0.047060614486255314,7,time
010120,2017-12-19,2018-01-05,12940.0,13420.0,219,93196.37593200011,0.03284894428904428,10,time
010170,2017-12-28,2018-01-08,5352.0,6422.4,553,578056.8950066399,0.19508780975560946,5,target
218410,2017-12-21,2018-01-09,15269.0,18322.8,186,554693.2602144601,0.1950878097556097,10,target
024110,2017-12-22,2018-01-10,16800.0,16900.0,169,5214.5685149999335,0.0018345230590179895,10,time
000250,2018-01-08,2018-01-11,20700.0,24840.0,170,687303.5966100004,0.1950878097556097,3,target
068270,2018-01-09,2018-01-12,243650.0,292380.0,14,666229.4113090001,0.1950878097556097,3,target
141080,2017-12-28,2018-01-15,20268.0,22170.0,146,264746.25172980037,0.08936487493758083,10,time
028050,2018-01-11,2018-01-17,15450.0,14368.499999999998,274,-312806.31145545095,-0.07380694743940275,4,stop
068270,2018-01-15,2018-01-17,275311.0,256039.22999999998,11,-223775.58938516676,-0.07380694743940264,2,stop
028300,2018-01-05,2018-01-19,18666.0,22399.2,157,572374.4821507805,0.1950878097556097,10,target
141080,2018-01-19,2018-01-22,30227.0,28111.109999999997,116,-259089.31085871859,-0.07380694743940275,1,stop
003550,2018-01-10,2018-01-24,87948.0,88137.0,32,-5503.541601600125,-0.0019532916379549903,10,time
214150,2018-01-24,2018-01-25,7320.0,6807.599999999999,384,-207701.08538112044,-0.07380694743940275,1,stop
003670,2018-01-12,2018-01-26,39574.0,44944.0,103,534774.6408840995,0.1310461945059911,10,time
218410,2018-01-17,2018-01-31,19757.0,19757.0,175,-14169.424045000225,-0.004093491870325372,10,time
086520,2018-01-17,2018-01-31,5477.0,5093.61,632,-255773.93193863612,-0.07380694743940264,10,stop
010170,2018-01-31,2018-02-01,6529.0,6071.969999999999,510,-246044.2982593351,-0.07380694743940264,1,stop
051910,2018-01-25,2018-02-02,436000.0,405480.0,5,-161084.20356999943,-0.0738069474394023,6,stop
058610,2018-01-22,2018-02-05,8800.0,8183.999999999999,369,-239941.5714828004,-0.07380694743940275,10,stop
028050,2018-01-26,2018-02-06,16850.0,15670.499999999998,298,-371033.0786174508,-0.07380694743940275,7,stop
042660,2018-01-31,2018-02-06,20655.0,19209.149999999998,161,-245723.97714810772,-0.07380694743940264,4,stop
068270,2018-02-08,2018-02-09,201412.0,221553.2,15,288845.94115410047,0.09549715894264232,1,target
218410,2018-02-08,2018-02-09,16683.0,18351.300000000003,190,303052.1845411514,0.09549715894264255,1,target
263750,2018-02-08,2018-02-12,44760.0,49236.00000000001,70,299555.8367340006,0.09549715894264232,2,target
028300,2018-02-09,2018-02-13,15718.0,15246.46,215,-114931.55758214509,-0.03397068711421558,2,stop
214150,2018-02-13,2018-02-20,5510.0,5690.0,610,95701.84409000026,0.028440659030462667,3,time
000250,2018-02-20,2018-02-21,46950.0,43663.5,72,-249783.96410460025,-0.07380694743940264,1,stop
138040,2018-02-06,2018-02-22,17100.0,16050.0,185,-206641.99698749976,-0.06524564587828774,10,time
058610,2018-02-20,2018-02-22,10500.0,12600.0,323,662401.2923849998,0.19508780975560946,2,target
214150,2018-02-23,2018-02-26,5560.0,5393.2,609,-115158.40267133992,-0.03397068711421558,1,stop
080220,2018-02-19,2018-03-06,6060.0,5635.799999999999,555,-248520.4137004502,-0.07380694743940264,10,stop
141080,2018-03-06,2018-03-09,27925.0,30717.500000000004,118,315039.3895742507,0.09549715894264232,3,target
042660,2018-02-26,2018-03-13,22210.0,24120.0,151,273815.5785775003,0.08155177740151975,10,time
028050,2018-03-13,2018-03-14,18150.0,16879.5,189,-253474.8613377749,-0.07380694743940253,1,stop
098460,2018-03-14,2018-03-19,19640.0,18265.199999999997,171,-248161.29937506048,-0.07380694743940275,3,stop
031980,2018-03-14,2018-03-20,24833.0,23094.69,135,-247719.05673360825,-0.07380694743940275,4,stop
039490,2018-03-13,2018-03-23,113000.0,105090.0,30,-250493.32573499996,-0.07380694743940253,8,stop
000660,2018-03-14,2018-03-23,89300.0,83049.0,37,-244146.01697964966,-0.07380694743940253,7,stop
066570,2018-03-14,2018-03-28,112500.0,109000.0,30,-118521.87974999985,-0.03507724990102634,10,time
028300,2018-03-28,2018-03-30,22884.0,27460.8,143,639141.9543022802,0.1950878097556097,2,target
082740,2018-03-19,2018-04-02,3132.0,3063.0,1031,-84162.74350545043,-0.026033960919159327,10,time
058610,2018-03-28,2018-04-02,13150.0,12229.5,249,-241947.73484377423,-0.0738069474394023,3,stop
207940,2018-03-23,2018-04-06,680714.0,754894.0,4,284686.44614480017,0.10443423750362513,10,time
028300,2018-04-02,2018-04-06,28415.0,34098.0,118,654875.9137043003,0.1950878097556097,4,target
098460,2018-03-28,2018-04-11,19860.0,19280.0,165,-108847.26319499919,-0.033178374786498877,10,time
207940,2018-04-11,2018-04-13,853803.0,794036.7899999999,3,-189267.21503762854,-0.07380694743940264,2,stop
196170,2018-04-11,2018-04-13,8983.0,10779.6,377,661442.5048442897,0.19508780975560946,2,target
214150,2018-04-16,2018-04-17,7300.0,6789.0,481,-259456.4055024502,-0.07380694743940264,1,stop
000100,2018-04-11,2018-04-18,39400.0,36642.0,85,-247463.7604384995,-0.07380694743940241,5,stop
009150,2018-04-16,2018-04-30,119500.0,118500.0,29,-43116.81865000026,-0.012427437545050712,10,time
039490,2018-04-16,2018-04-30,114500.0,118500.0,30,105568.91700000037,0.03069800186346261,10,time
064350,2018-05-02,2018-05-03,28750.0,26737.5,117,-248553.6650268752,-0.07380694743940264,1,stop
010120,2018-05-03,2018-05-08,15380.0,14303.4,214,-243201.67930918047,-0.07380694743940275,2,stop
039490,2018-05-08,2018-05-09,123999.0,115319.06999999999,25,-229062.84585408727,-0.07380694743940253,1,stop
196170,2018-05-09,2018-05-11,9011.0,9912.1,330,284299.8285418502,0.0954971589426421,2,target
000720,2018-05-02,2018-05-15,61783.0,74139.59999999999,54,651616.5438775802,0.1950878097556097,8,target
082740,2018-05-02,2018-05-17,3499.0,3845.0,969,320390.52134010056,0.09438711739314076,10,time
000500,2018-05-02,2018-05-17,23110.0,23524.0,146,46438.23537379969,0.01374749879889503,10,time
218410,2018-05-08,2018-05-23,22294.0,23709.0,142,187363.7798599,0.059116686159794485,10,time
196170,2018-05-18,2018-05-24,8621.0,9081.0,419,177368.2789011998,0.04904616637577708,3,time
071050,2018-05-14,2018-05-29,96000.0,98100.0,33,56112.602534999605,0.01769196299501119,10,time
039490,2018-05-15,2018-05-30,128000.0,119039.99999999999,31,-293202.8072320004,-0.07380694743940264,10,stop
028050,2018-05-21,2018-05-30,19350.0,17995.5,187,-267373.9157834253,-0.07380694743940264,6,stop
000720,2018-05-29,2018-05-30,76572.0,71211.95999999999,43,-243295.96529255435,-0.07380694743940264,1,stop
032820,2018-06-01,2018-06-04,2505.0,2429.85,1347,-114756.9174722475,-0.03397068711421558,1,stop
083650,2018-05-31,2018-06-05,5470.0,5305.9,615,-114410.52808192605,-0.033970687114215914,3,stop
003230,2018-05-23,2018-06-07,104500.0,111500.0,32,209635.25600000005,0.06261794886563377,10,time
000660,2018-05-24,2018-06-08,95300.0,88629.0,39,-274633.7887195498,-0.07380694743940253,10,stop
083650,2018-06-07,2018-06-11,5390.0,5228.3,622,-114020.43615192967,-0.03397068711421547,2,stop
032820,2018-06-07,2018-06-12,2290.0,2519.0,1464,320528.18715720065,0.09549715894264232,3,target
001440,2018-06-11,2018-06-14,13817.0,13402.49,242,-113718.90563306911,-0.03397068711421558,2,stop
131970,2018-05-30,2018-06-15,11547.0,13208.0,291,468155.37970305,0.1391645587058754,10,time
028300,2018-06-12,2018-06-15,40199.0,38993.03,85,-116208.45396502735,-0.03397068711421558,2,stop
032820,2018-06-15,2018-06-18,2115.0,2051.5499999999997,1636,-117678.52577619068,-0.0339706871142158,1,stop
064350,2018-06-15,2018-06-19,32500.0,31525.0,106,-117163.61803250015,-0.03397068711421558,2,stop
028300,2018-06-18,2018-06-19,40837.0,39611.89,84,-116663.9466606183,-0.03397068711421569,1,stop
000720,2018-06-19,2018-06-20,61005.0,59174.85,55,-114112.09245108766,-0.03397068711421558,1,stop
032820,2018-06-20,2018-06-22,2005.0,1944.85,1680,-114558.47053139983,-0.03397068711421558,2,stop
064350,2018-06-21,2018-06-22,31900.0,30943.0,105,-113915.68609574996,-0.03397068711421558,1,stop
064350,2018-06-25,2018-06-26,29300.0,32230.000000000004,113,316545.19974550046,0.09549715894264232,1,target
000720,2018-06-22,2018-06-27,59254.0,57476.38,56,-112851.9968889039,-0.03397068711421558,3,stop
064350,2018-06-28,2018-06-29,28850.0,27984.5,116,-113817.05779610015,-0.03397068711421558,1,stop
028300,2018-10-10,2018-10-11,38369.0,37217.93,87,-113528.07687812578,-0.03397068711421569,1,stop
196170,2018-10-11,2018-10-16,8259.0,9084.900000000001,401,316636.8868537056,0.09549715894264232,3,target
087010,2018-10-15,2018-10-16,25019.0,24268.43,132,-112317.49952431768,-0.03397068711421547,1,stop
042660,2018-10-22,2018-10-24,27185.0,26369.45,123,-113720.30003316654,-0.03397068711421525,2,stop
226950,2018-10-24,2018-10-25,30428.0,29515.16,109,-112798.53354854183,-0.03397068711421558,1,stop
007660,2018-10-29,2018-10-30,4548.0,4411.5599999999995,728,-112604.40584702417,-0.03397068711421569,1,stop
083650,2018-12-20,2018-12-21,3590.0,3482.2999999999997,916,-111839.05024174042,-0.03397068711421569,1,stop
083650,2018-12-24,2018-12-26,3400.0,3298.0,961,-111123.48492289986,-0.03397068711421558,1,stop
083650,2018-12-28,2019-01-04,3240.0,3315.0,1002,61623.72970650019,0.018959899521565404,3,time
083650,2019-01-07,2019-01-09,3325.0,3657.5000000000005,980,311535.39320750115,0.09549715894264255,2,target
032820,2019-03-05,2019-03-08,1285.0,1246.45,2584,-112927.36251374008,-0.03397068711421558,3,stop
178320,2019-04-16,2019-04-22,11739.0,10917.269999999999,281,-243743.97149725351,-0.07380694743940264,4,stop
003490,2019-04-16,2019-04-23,23699.0,22040.07,139,-243411.60601667687,-0.07380694743940264,5,stop
000270,2019-04-17,2019-05-02,42050.0,44900.0,78,208202.9623049996,0.0634055223548724,10,time
108490,2019-04-29,2019-05-02,17236.0,16718.92,182,-106686.97994609177,-0.03397068711421547,2,stop
131970,2019-04-18,2019-05-03,19522.0,19322.0,169,-47221.21111760009,-0.014296406613995893,10,time
218410,2019-04-26,2019-05-14,30197.0,33417.0,104,321022.4090943998,0.10210311561311847,10,time
178320,2019-04-30,2019-05-15,11915.0,14298.0,264,614366.2123763999,0.19508780975560946,9,target
078600,2019-08-06,2019-08-08,17600.0,19360.0,193,324757.8406159999,0.0954971589426421,2,target
028300,2019-11-14,2019-11-18,55087.0,60595.700000000004,62,326535.5570810302,0.0954971589426421,2,target
028300,2019-11-20,2019-11-22,52540.0,50963.799999999996,67,-119720.47167653032,-0.03397068711421569,2,stop
028300,2019-11-25,2019-11-26,50826.0,55908.600000000006,68,330433.83669516025,0.0954971589426421,1,target
028300,2019-11-29,2019-12-02,48359.0,46908.229999999996,73,-120061.48752500955,-0.03397068711421558,1,stop
131290,2019-12-13,2019-12-16,13550.0,12601.5,261,-261322.17437407514,-0.07380694743940264,1,stop
058470,2019-12-13,2019-12-30,12574.0,12874.0,282,69818.91873240005,0.019667598668795305,10,time
011070,2019-12-13,2019-12-30,135500.0,140000.0,26,102217.11954999994,0.028980894008519886,10,time
098460,2019-12-13,2019-12-30,20800.0,21100.0,170,36358.41425000038,0.010270544304622042,10,time
028050,2019-12-13,2019-12-30,19650.0,19200.0,180,-95256.54135000007,-0.02690051114047054,10,time
000660,2019-12-16,2020-01-02,87200.0,94700.0,38,270580.01023000013,0.08156360458578193,10,time
222800,2019-12-30,2020-01-06,11654.0,10838.22,306,-263507.4515467258,-0.07380694743940253,3,stop
000990,2019-12-30,2020-01-15,28200.0,28800.0,126,60815.40318000037,0.01709600830264657,10,time
039030,2019-12-30,2020-01-15,101400.0,109300.0,35,261140.35237499978,0.0734968573823811,10,time
207940,2019-12-30,2020-01-15,625442.0,631987.0,5,19812.593041750602,0.006328270812239634,10,time
131290,2020-01-07,2020-01-15,15750.0,14647.499999999998,217,-252543.82419787487,-0.07380694743940253,6,stop
035420,2020-01-02,2020-01-16,187500.0,191500.0,21,67615.7013000003,0.017152513636441213,10,time
064350,2020-01-15,2020-01-16,17150.0,16635.5,200,-116653.471655,-0.03397068711421558,1,stop
095340,2020-01-16,2020-01-17,11100.0,12764.999999999998,331,534433.0888042492,0.14529248434912567,1,target
214450,2020-01-17,2020-01-20,40100.0,38897.0,105,-143198.08816425037,-0.03397068711421569,1,stop
095340,2020-01-20,2020-01-21,13650.0,13240.5,298,-138341.49465045007,-0.03397068711421558,1,stop
006400,2020-01-15,2020-01-28,262870.0,279024.0,13,195378.0837619002,0.05710738206860566,7,time
067310,2020-01-15,2020-01-28,4339.0,4486.0,792,101997.36110520037,0.029646599555132713,7,time
078600,2020-01-15,2020-01-28,19300.0,18721.0,178,-116837.1243509003,-0.03397068711421569,7,stop
005290,2020-01-16,2020-01-29,17950.0,18500.0,204,96862.4400299997,0.02642174932584851,7,time
058470,2020-01-22,2020-01-29,14436.0,16601.399999999998,272,571160.4722337592,0.14529248434912567,3,target
086280,2020-01-28,2020-01-29,77280.0,74961.59999999999,45,-118272.33615960041,-0.03397068711421569,1,stop
042700,2020-01-28,2020-01-30,4800.0,4656.0,727,-118680.45326160034,-0.03397068711421569,2,stop
131970,2020-01-29,2020-01-30,35020.0,33969.4,110,-131012.3916937001,-0.03397068711421558,1,stop
003670,2020-01-29,2020-01-30,55858.0,54182.26,69,-131080.47923021717,-0.03397068711421558,1,stop
005380,2020-01-29,2020-01-30,132000.0,128040.0,29,-130189.35553799942,-0.03397068711421547,1,stop
011070,2020-01-30,2020-02-03,160000.0,148800.0,22,-260099.26447999943,-0.07380694743940241,2,stop
207940,2020-01-28,2020-02-06,693805.0,754894.0,5,290327.77461275086,0.08359531503526618,7,time
237690,2020-02-05,2020-02-06,31800.0,29573.999999999996,113,-265522.9252791004,-0.07380694743940275,1,stop
196170,2020-02-06,2020-02-07,22945.0,27534.0,157,703585.7973293504,0.1950878097556097,1,target
247540,2020-02-10,2020-02-11,18333.0,21999.6,209,748357.6012674295,0.19508780975560946,1,target
006400,2020-02-05,2020-02-19,314269.0,326997.0,11,125427.9400418005,0.036241056034413965,10,time
084370,2020-02-06,2020-02-20,19400.0,20800.0,185,243528.01525000017,0.06777604995346564,10,time
222800,2020-02-07,2020-02-21,13509.0,13082.0,284,-136633.4696717998,-0.035572659756280656,10,time
196170,2020-02-10,2020-02-24,25448.0,25783.0,151,34687.932857149746,0.009016720335877082,10,time
247540,2020-02-21,2020-02-24,22212.0,20657.16,167,-274094.6738804458,-0.07380694743940253,1,stop
051910,2020-02-12,2020-02-26,408500.0,395000.0,11,-166477.4762749998,-0.03700594685135494,10,time
180640,2020-02-19,2020-02-26,48900.0,58680.0,75,716307.4568250002,0.1950878097556097,5,target
035720,2020-02-20,2020-02-27,38235.0,35558.549999999996,100,-282525.4368577502,-0.07380694743940264,5,stop
086520,2020-03-02,2020-03-05,2932.0,3225.2000000000003,1335,374226.8119689007,0.09549715894264232,3,target
003670,2020-03-02,2020-03-05,50494.0,54315.0,77,277415.67624154966,0.0712691010627653,3,time
196170,2020-03-12,2020-03-13,22583.0,21905.51,179,-137479.58534078486,-0.03397068711421569,1,stop
247540,2020-03-17,2020-03-18,16678.0,16177.66,241,-136698.7552953828,-0.03397068711421558,1,stop
180640,2020-03-18,2020-03-19,52100.0,50537.0,76,-134665.0397565998,-0.03397068711421558,1,stop
180640,2020-03-23,2020-03-24,53300.0,51701.0,74,-134141.2894756999,-0.03397068711421558,1,stop
180640,2020-05-18,2020-05-21,77000.0,79000.0,51,85605.66749999998,0.021774209639536357,3,time
066970,2020-06-16,2020-06-18,20396.0,19784.12,193,-133876.9656326375,-0.03397068711421547,2,stop
222800,2020-06-16,2020-06-19,10500.0,11450.0,376,339967.2629399998,0.08601233505569272,3,time
108490,2020-06-16,2020-06-19,11685.0,12026.0,338,98732.24980709981,0.024969761811507674,3,time
095340,2020-06-16,2020-06-19,15200.0,16350.0,260,281922.4466499998,0.07125469788948546,3,time
001440,2020-06-16,2020-06-19,5949.0,6077.0,664,68552.9919792004,0.01733465286670599,3,time
011200,2020-06-24,2020-06-25,4505.0,4369.849999999999,907,-138965.06357254833,-0.0339706871142158,1,stop
082740,2020-06-29,2020-06-30,3349.0,3683.9,1211,387747.4575948054,0.09549715894264232,1,target
087010,2020-07-01,2020-07-02,17875.0,17338.75,231,-140430.54406631226,-0.03397068711421558,1,stop
079550,2020-06-30,2020-07-03,30150.0,30000.0,137,-37417.23758249963,-0.009048250617239018,3,time
108490,2020-06-30,2020-07-03,11637.0,11734.0,355,17403.26644124929,0.004207868556638239,3,time
214370,2020-07-02,2020-07-07,13460.0,13056.199999999999,304,-139162.49022064032,-0.03397068711421569,3,stop
066970,2020-07-08,2020-07-09,37942.0,36803.74,107,-138072.61349974945,-0.03397068711421569,1,stop
036930,2020-07-08,2020-07-09,7330.0,7110.099999999999,556,-138606.09057158,-0.03397068711421558,1,stop
237690,2020-07-08,2020-07-10,50900.0,49373.0,80,-138487.73661199957,-0.03397068711421547,2,stop
035720,2020-07-08,2020-07-10,62623.0,72016.45,65,592092.5439732876,0.1452924843491259,2,target
222800,2020-07-10,2020-07-15,12600.0,14489.999999999998,341,624981.6851354996,0.14529248434912567,3,target
043260,2020-07-08,2020-07-17,697.0,744.0,5848,257341.21806999994,0.06306232718576466,7,time
042700,2020-07-09,2020-07-17,4250.0,4887.5,927,573074.4295518762,0.14529248434912612,6,target
178320,2020-07-09,2020-07-20,19099.0,20651.0,206,302645.53954759985,0.07683466670432537,7,time
009830,2020-07-10,2020-07-21,27390.0,31498.499999999996,157,625509.7034562742,0.14529248434912567,7,target
336260,2020-07-15,2020-07-21,35715.0,41072.25,138,716922.3297669757,0.14529248434912612,4,target
039490,2020-07-20,2020-07-21,103000.0,99910.0,41,-143623.21014550095,-0.0339706871142158,1,stop
001440,2020-07-21,2020-07-22,7102.0,6888.94,689,-166419.20305336267,-0.03397068711421547,1,stop
034020,2020-07-21,2020-07-22,5018.0,5770.7,975,711668.329285875,0.1452924843491259,1,target
005380,2020-07-21,2020-07-23,122000.0,118340.0,40,-165967.62147999927,-0.03397068711421547,2,stop
000150,2020-07-22,2020-07-23,49150.0,47675.5,105,-175515.8611788731,-0.03397068711421525,1,stop
298040,2020-07-22,2020-07-24,37700.0,43355.0,137,751284.2493032496,0.1452924843491259,2,target
042700,2020-07-23,2020-07-24,6050.0,5868.5,803,-165224.5082567744,-0.03397068711421547,1,stop
196170,2020-07-24,2020-07-27,101317.0,98277.48999999999,52,-179179.86850111373,-0.03397068711421558,1,stop
353200,2020-07-17,2020-07-28,11750.0,13512.499999999998,376,642640.4796649991,0.14529248434912567,7,target
222800,2020-07-17,2020-07-28,14950.0,15500.0,295,143697.5923375003,0.032545209097656125,7,time
141080,2020-07-23,2020-07-28,54000.0,62099.99999999999,90,706933.61955,0.1452924843491259,3,target
034020,2020-07-24,2020-07-28,7394.0,8503.099999999999,717,771153.7387195649,0.1452924843491259,2,target
001440,2020-07-27,2020-07-28,9410.0,9127.699999999999,545,-174417.34597932547,-0.03397068711421569,1,stop
298040,2020-07-28,2020-07-29,47950.0,46511.5,109,-177753.70328817517,-0.03397068711421558,1,stop
226950,2020-07-28,2020-07-29,29026.0,28155.219999999998,180,-177690.10503978096,-0.0339706871142158,1,stop
267260,2020-07-28,2020-07-29,10450.0,10136.5,501,-178056.3901388254,-0.03397068711421569,1,stop
058470,2020-07-28,2020-07-29,28612.0,27753.64,183,-178074.95946696587,-0.03397068711421558,1,stop
131970,2020-07-28,2020-07-29,42819.0,41534.43,122,-177664.18960380368,-0.03397068711421569,1,stop
064350,2020-07-29,2020-07-30,18450.0,17896.5,274,-171929.53214505035,-0.03397068711421569,1,stop
010130,2020-07-29,2020-07-31,433500.0,420495.0,11,-162175.5334072495,-0.03397068711421547,2,stop
100790,2020-07-29,2020-08-03,3636.0,3526.92,1392,-172133.99881315138,-0.03397068711421547,3,stop
034020,2020-07-30,2020-08-03,9176.0,8900.72,568,-177257.77298972756,-0.03397068711421547,2,stop
267260,2020-07-31,2020-08-03,12400.0,12028.0,371,-156458.49300340004,-0.03397068711421558,1,stop
131290,2020-08-03,2020-08-04,41150.0,39915.5,116,-162342.181223901,-0.0339706871142158,1,stop
319660,2020-07-29,2020-08-07,15475.0,15600.0,327,20016.2745412495,0.003950987193726885,7,time
240810,2020-07-29,2020-08-07,37650.0,36520.5,134,-171582.63260834944,-0.03397068711421547,7,stop
222800,2020-08-03,2020-08-07,19650.0,19060.5,243,-162394.89634957444,-0.03397068711421547,4,stop
066970,2020-08-03,2020-08-07,39769.0,45734.35,120,694173.9040959002,0.1452924843491259,4,target
051910,2020-08-04,2020-08-07,652000.0,749800.0,7,663877.58017,0.1452924843491259,3,target
067310,2020-08-07,2020-08-10,5072.0,4919.84,1000,-172497.4951119991,-0.03397068711421536,1,stop
096770,2020-08-07,2020-08-10,164811.0,189532.65,30,719200.2269855253,0.1452924843491259,1,target
298380,2020-08-07,2020-08-10,35850.0,34774.5,141,-171914.2277537249,-0.03397068711421558,1,stop
051910,2020-08-10,2020-08-11,747000.0,724590.0,7,-177837.02719649952,-0.03397068711421547,1,stop
178320,2020-08-10,2020-08-11,23029.0,22338.13,227,-177788.83536870498,-0.03397068711421547,1,stop
039490,2020-08-11,2020-08-12,119500.0,115915.0,42,-170694.97791149933,-0.03397068711421547,1,stop
003670,2020-08-07,2020-08-13,80789.0,92907.34999999999,62,728595.1711459141,0.14529248434912567,4,target
006400,2020-08-07,2020-08-14,456718.0,443016.45999999996,11,-170861.55770863313,-0.03397068711421558,5,stop
005380,2020-08-11,2020-08-14,171500.0,166355.0,29,-169147.53389974963,-0.03397068711421547,3,stop
096770,2020-08-12,2020-08-14,182030.0,176569.1,27,-167151.50117338542,-0.03397068711421569,2,stop
032830,2020-08-13,2020-08-14,61100.0,70265.0,95,844320.2046662513,0.14529248434912612,1,target
071050,2020-08-10,2020-08-18,61700.0,59849.0,84,-176265.77635380067,-0.03397068711421569,5,stop
028300,2020-08-14,2020-08-18,45801.0,44426.97,115,-179133.30914172716,-0.03397068711421547,1,stop
007660,2020-08-14,2020-08-18,4294.0,4165.18,1228,-179334.54488277156,-0.03397068711421547,1,stop
028260,2020-08-14,2020-08-18,127500.0,123675.0,41,-177786.01255874895,-0.03397068711421536,1,stop
105560,2020-08-14,2020-08-18,40850.0,39624.5,129,-179219.52387952432,-0.03397068711421547,1,stop
032830,2020-08-18,2020-08-19,64500.0,62565.0,78,-171103.0950135002,-0.03397068711421558,1,stop
090430,2020-08-18,2020-08-19,192500.0,186725.0,26,-170218.8412925005,-0.03397068711421569,1,stop
066570,2020-08-18,2020-08-19,88300.0,85651.0,57,-171174.51550635044,-0.03397068711421569,1,stop
000810,2020-08-18,2020-08-19,186500.0,180905.0,27,-171256.13892675005,-0.03397068711421558,1,stop
005380,2020-08-18,2020-08-19,163500.0,158595.0,31,-172378.46095724963,-0.03397068711421547,1,stop
064760,2020-08-20,2020-08-21,109000.0,105730.0,45,-166817.86544249952,-0.03397068711421547,1,stop
007660,2020-08-20,2020-08-21,4146.0,4021.62,1186,-167231.28806682583,-0.03397068711421558,1,stop
000990,2020-08-20,2020-08-21,37900.0,36763.0,129,-166277.11028235033,-0.03397068711421569,1,stop
000500,2020-08-20,2020-08-21,15970.0,15490.9,307,-166742.7038762141,-0.03397068711421536,1,stop
237690,2020-08-26,2020-08-27,65800.0,63826.0,72,-161124.63186960015,-0.03397068711421558,1,stop
078600,2020-08-26,2020-08-27,52500.0,50925.0,90,-160696.10891249962,-0.03397068711421547,1,stop
214450,2020-08-19,2020-08-28,68400.0,68200.0,71,-34060.63617000077,-0.007005499204038035,7,time
298380,2020-08-27,2020-08-28,34300.0,33271.0,134,-156315.6520177005,-0.03397068711421569,1,stop
034220,2020-08-25,2020-08-31,14049.0,13627.529999999999,338,-161497.44684227742,-0.03397068711421569,4,stop
051910,2020-08-28,2020-08-31,767000.0,743990.0,6,-156512.90861699916,-0.03397068711421536,1,stop
034020,2020-08-31,2020-09-01,11969.0,13764.349999999999,380,661582.2278003497,0.1452924843491259,1,target
086280,2020-08-31,2020-09-02,72778.0,70594.66,62,-153460.05665500648,-0.03397068711421569,2,stop
009830,2020-08-28,2020-09-03,44138.0,50758.7,105,674131.0268453257,0.14529248434912612,4,target
298040,2020-09-02,2020-09-03,49400.0,56809.99999999999,88,632341.9405159997,0.1452924843491259,1,target
000250,2020-08-26,2020-09-04,58100.0,56357.0,81,-160053.32447685022,-0.03397068711421558,7,stop
178320,2020-08-27,2020-09-04,24430.0,28094.499999999996,188,668072.634817699,0.14529248434912567,6,target
006260,2020-09-01,2020-09-04,45350.0,52152.49999999999,115,758608.139785625,0.1452924843491259,3,target
034020,2020-09-03,2020-09-04,14894.0,14447.18,346,-175263.30471225362,-0.03397068711421547,1,stop
272210,2020-09-03,2020-09-04,11444.0,11100.68,451,-175532.661999573,-0.03397068711421536,1,stop
000500,2020-09-04,2020-09-07,17415.0,20027.25,295,747287.7469993122,0.14529248434912567,1,target
267260,2020-09-04,2020-09-07,12850.0,14777.499999999998,400,747662.3054499989,0.14529248434912567,1,target
067310,2020-09-04,2020-09-08,4778.0,5494.7,1078,749216.3957362687,0.14529248434912567,2,target
298040,2020-09-07,2020-09-08,68600.0,66542.0,86,-200643.97124660015,-0.03397068711421558,1,stop
006260,2020-09-07,2020-09-08,61900.0,60043.0,95,-199994.38485924993,-0.03397068711421558,1,stop
087010,2020-09-04,2020-09-09,20089.0,19486.329999999998,256,-174904.8418576643,-0.03397068711421569,3,stop
336260,2020-09-08,2020-09-09,58675.0,56914.75,98,-195561.21283877548,-0.03397068711421569,1,stop
032820,2020-09-08,2020-09-09,938.0,1078.6999999999998,6155,839794.9567435738,0.14529248434912567,1,target
071050,2020-09-08,2020-09-09,84100.0,81577.0,68,-194495.0069098007,-0.03397068711421569,1,stop
267260,2020-09-09,2020-09-10,17150.0,19722.5,331,825723.1957651246,0.1452924843491259,1,target
010170,2020-09-09,2020-09-14,3777.0,3663.69,1505,-193324.56107102334,-0.03397068711421569,3,stop
222800,2020-09-04,2020-09-15,19250.0,20000.0,267,178595.92953750025,0.034708060394467166,7,time
067310,2020-09-14,2020-09-15,6379.0,6187.63,863,-187226.33929390553,-0.0339706871142158,1,stop
001440,2020-09-09,2020-09-17,7566.0,7339.0199999999995,751,-193245.69244106207,-0.0339706871142158,6,stop
000500,2020-09-09,2020-09-18,20386.0,19774.42,278,-192743.77642511856,-0.03397068711421569,7,stop
080220,2020-09-17,2020-09-18,4140.0,4015.7999999999997,1335,-187968.53425365034,-0.03397068711421569,1,stop
006260,2020-09-10,2020-09-21,59200.0,57424.0,110,-221471.54735200014,-0.03397068711421558,7,stop
141080,2020-09-18,2020-09-21,64000.0,62080.0,84,-182836.4616959989,-0.03397068711421536,1,stop
307950,2020-09-15,2020-09-22,58100.0,56357.0,91,-179812.99416535068,-0.03397068711421569,5,stop
011200,2020-09-15,2020-09-22,7270.0,7051.9,731,-180740.44027964585,-0.03397068711421569,5,stop
237690,2020-09-18,2020-09-22,72600.0,70422.0,74,-182714.02656539995,-0.03397068711421558,2,stop
066970,2020-09-21,2020-09-22,44145.0,42820.65,130,-195176.90256772563,-0.03397068711421569,1,stop
000270,2020-09-21,2020-09-22,47500.0,46075.0,121,-195471.08697874937,-0.03397068711421547,1,stop
028300,2020-09-22,2020-09-23,53435.0,51831.95,99,-179913.83309930284,-0.03397068711421569,1,stop
043260,2020-09-24,2020-09-25,1115.0,1081.55,4737,-179631.21200616844,-0.0339706871142158,1,stop
032820,2020-09-25,2020-09-28,1260.0,1449.0,4163,762990.8373076506,0.1452924843491259,1,target
032820,2020-10-05,2020-10-06,1475.0,1430.75,3660,-183601.68126225006,-0.03397068711421558,1,stop
267270,2020-10-06,2020-10-07,30200.0,29294.0,177,-181795.7630859008,-0.03397068711421569,1,stop
226950,2020-10-05,2020-10-14,34031.0,33010.07,158,-182867.00245913304,-0.03397068711421558,6,stop
241560,2020-10-07,2020-10-15,28550.0,27693.5,185,-179631.04195737466,-0.03397068711421547,5,stop
357780,2020-10-14,2020-10-15,250900.0,243373.0,20,-170660.96815299895,-0.03397068711421536,1,stop
307950,2020-10-06,2020-10-16,66600.0,68000.0,80,89834.60880000051,0.016841479772040202,7,time
000270,2020-10-07,2020-10-16,49850.0,48354.5,106,-179710.96488985047,-0.03397068711421569,6,stop
086280,2020-10-15,2020-10-16,84783.0,97500.45,60,739950.0378556494,0.14529248434912567,1,target
003490,2020-10-07,2020-10-19,15158.0,15934.0,350,249057.12916000094,0.04689103447276932,7,time
336260,2020-10-15,2020-10-19,46165.0,44780.049999999996,110,-172706.65512677561,-0.03397068711421569,2,stop
043260,2020-10-16,2020-10-19,1080.0,1047.6,5050,-185489.22285899986,-0.03397068711421558,1,stop
086280,2020-10-19,2020-10-20,92786.0,90002.42,57,-179870.87877431698,-0.03397068711421558,1,stop
086280,2020-10-22,2020-10-23,98287.0,95338.39,53,-177164.00808554422,-0.03397068711421569,1,stop
010170,2020-10-22,2020-10-23,3794.0,3680.18,1385,-178710.73789236508,-0.03397068711421558,1,stop
145020,2020-10-23,2020-10-26,219900.0,213303.0,23,-172011.1555654509,-0.0339706871142158,1,stop
047050,2020-10-23,2020-10-26,15150.0,14695.5,336,-173123.27466840018,-0.03397068711421558,1,stop
214150,2020-10-16,2020-10-27,14400.0,14900.0,378,166135.49630999938,0.030486595217510404,7,time
034020,2020-10-21,2020-10-27,12885.0,12498.449999999999,407,-178353.80547690764,-0.03397068711421558,4,stop
241560,2020-10-22,2020-10-27,31150.0,30215.5,168,-177979.8681822,-0.03397068711421558,3,stop
011200,2020-10-26,2020-11-04,8190.0,9828.0,600,959764.1016600011,0.1950878097556099,7,target
043260,2020-11-06,2020-11-10,1275.0,1185.75,4190,-394748.6635421254,-0.07380694743940264,2,stop
011200,2020-11-06,2020-11-10,10300.0,12360.0,518,1042068.6585259996,0.19508780975560946,2,target
000270,2020-10-28,2020-11-11,52600.0,58100.0,98,516285.5996899996,0.10004121905578134,10,time
009830,2020-11-10,2020-11-13,62642.0,58257.06,90,-416585.91798297036,-0.07380694743940264,3,stop
003490,2020-11-12,2020-11-18,19539.0,18171.27,291,-420137.82467168756,-0.07380694743940241,4,stop
034020,2020-11-10,2020-11-19,15201.0,14136.929999999998,372,-417841.48806877807,-0.07380694743940264,7,stop
131290,2020-11-18,2020-11-19,50000.0,60000.0,105,1025388.9975000005,0.1950878097556097,1,target
011200,2020-11-12,2020-11-20,13200.0,12276.0,431,-420385.4362157993,-0.07380694743940241,6,stop
006400,2020-11-09,2020-11-23,501264.0,514971.0,10,116123.1095385002,0.02313944428095116,10,time
032820,2020-11-20,2020-11-23,1765.0,1641.4499999999998,3126,-407690.0797867365,-0.07380694743940286,1,stop
226950,2020-11-23,2020-11-24,39286.0,47143.2,130,997494.5105241993,0.19508780975560946,1,target
319660,2020-11-20,2020-11-25,19500.0,18135.0,283,-407772.0997252492,-0.07380694743940241,3,stop
001440,2020-11-23,2020-11-25,11091.0,10314.63,461,-377805.3393245125,-0.07380694743940275,2,stop
032820,2020-11-25,2020-11-26,1645.0,1529.85,2994,-363926.9007012462,-0.07380694743940286,1,stop
307950,2020-11-13,2020-11-27,75800.0,81000.0,69,336307.8340200009,0.06422727122036487,10,time
058610,2020-11-19,2020-11-30,7900.0,7346.999999999999,729,-425550.4755871501,-0.07380694743940264,7,stop
226950,2020-11-27,2020-11-30,55201.0,53544.97,100,-187737.26789585035,-0.03397068711421569,1,stop
319400,2020-11-30,2020-12-01,3600.0,3492.0,1487,-182061.03920220025,-0.03397068711421558,1,stop
336260,2020-11-30,2020-12-01,49200.0,47724.0,108,-180714.25276559964,-0.03397068711421547,1,stop
043260,2020-11-26,2020-12-03,1750.0,1627.5,2610,-337500.96321375016,-0.07380694743940264,5,stop
082740,2020-11-24,2020-12-04,5208.0,6249.599999999999,1175,1195193.4154859986,0.19508780975560946,8,target
003670,2020-12-01,2020-12-04,82063.0,94372.45,63,752021.5839776322,0.1452924843491259,3,target
319400,2020-12-03,2020-12-04,3580.0,3472.6,1190,-144888.3731617001,-0.03397068711421558,1,stop
307950,2020-12-04,2020-12-07,95000.0,92150.0,60,-193855.62344999984,-0.03397068711421558,1,stop
051910,2020-11-25,2020-12-09,820000.0,836000.0,6,75553.8432,0.015338830239521872,10,time
237690,2020-12-07,2020-12-09,111000.0,107670.0,51,-192529.24286849983,-0.03397068711421558,2,stop
066970,2020-12-01,2020-12-10,48569.0,52321.0,106,375440.7047035992,0.07284120348067091,7,time
036930,2020-12-04,2020-12-11,8590.0,8332.3,673,-196612.79457159434,-0.03397068711421547,5,stop
000660,2020-12-04,2020-12-15,116000.0,117500.0,49,49989.149525000714,0.008784609527903386,7,time
095340,2020-12-11,2020-12-17,23400.0,26909.999999999996,238,810093.5625509992,0.14529248434912567,4,target
263750,2020-12-09,2020-12-18,47900.0,53740.0,109,613286.277272,0.11732809492460783,7,time
141080,2020-12-09,2020-12-18,64800.0,65700.0,80,50542.67160000093,0.009738542964809138,7,time
307950,2020-12-17,2020-12-18,127500.0,123675.0,50,-216812.21043749992,-0.03397068711421558,1,stop
047040,2020-12-10,2020-12-21,4260.0,4610.0,1318,436929.98295899946,0.077729812788216,7,time
066970,2020-12-18,2020-12-21,69055.0,66983.34999999999,83,-194929.14147705212,-0.03397068711421547,1,stop
042700,2020-12-18,2020-12-21,8400.0,8148.0,683,-195120.78646619897,-0.03397068711421536,1,stop
272210,2020-12-18,2020-12-21,13992.0,13572.24,410,-195104.46178212017,-0.03397068711421558,1,stop
015760,2020-12-21,2020-12-22,28600.0,27742.0,198,-192590.46043379977,-0.03397068711421558,1,stop
357780,2020-12-21,2020-12-22,275700.0,267429.0,20,-187529.80836900044,-0.03397068711421569,1,stop
000250,2020-12-22,2020-12-23,91100.0,88367.0,61,-188995.62896035053,-0.03397068711421569,1,stop
000100,2020-12-22,2020-12-23,66821.0,64816.369999999995,83,-188622.98403646518,-0.03397068711421558,1,stop
336260,2020-12-15,2020-12-24,53700.0,52089.0,107,-195416.67136515025,-0.03397068711421558,7,stop
042700,2020-12-23,2020-12-24,8650.0,8390.5,631,-185630.36335677467,-0.03397068711421547,1,stop
000990,2020-12-23,2020-12-24,39450.0,45367.5,138,791896.5675292499,0.1452924843491259,1,target
066570,2020-12-24,2020-12-28,125000.0,121250.0,45,-191304.89156250004,-0.03397068711421558,1,stop
319400,2020-12-24,2020-12-28,4455.0,5123.25,1265,819748.4430031879,0.1452924843491259,1,target
011070,2020-12-24,2020-12-28,184500.0,178965.0,30,-188244.0132975001,-0.03397068711421558,1,stop
000990,2020-12-28,2020-12-29,43300.0,49794.99999999999,132,831388.8468929995,0.14529248434912567,1,target
003550,2020-12-29,2021-01-04,82185.0,94512.74999999999,72,860730.9558920991,0.14529248434912567,2,target
218410,2020-12-22,2021-01-05,41466.0,44637.0,134,400889.9134815,0.07206575998129283,7,time
000250,2020-12-29,2021-01-05,79800.0,77406.0,74,-200834.42589419987,-0.03397068711421558,3,stop
064760,2020-12-29,2021-01-06,122300.0,118631.0,48,-199650.88629840035,-0.03397068711421569,4,stop
066570,2020-12-30,2021-01-06,128000.0,147200.0,47,875084.9084799998,0.1452924843491259,3,target
096770,2021-01-05,2021-01-06,224832.0,258556.8,25,817599.277524,0.1452924843491259,1,target
319400,2021-01-04,2021-01-07,5920.0,6807.999999999999,1162,1000622.3551911991,0.14529248434912567,3,target
067310,2021-01-05,2021-01-07,7770.0,7536.9,750,-198191.86765875015,-0.03397068711421558,2,stop
011200,2021-01-06,2021-01-07,16500.0,16005.0,388,-217730.47391699906,-0.03397068711421547,1,stop
047040,2021-01-06,2021-01-08,5900.0,5723.0,1085,-217713.4690377498,-0.03397068711421558,2,stop
064350,2021-01-06,2021-01-11,21850.0,21194.5,293,-217732.17440492474,-0.03397068711421558,3,stop
003670,2021-01-07,2021-01-11,126494.0,122699.18,51,-219403.54997664876,-0.03397068711421558,2,stop
058610,2021-01-07,2021-01-11,9580.0,9292.6,685,-223182.23820455,-0.03397068711421558,2,stop
096770,2021-01-08,2021-01-11,265666.0,305515.89999999997,25,966091.7025276236,0.14529248434912567,1,target
012330,2021-01-11,2021-01-12,368500.0,357445.0,17,-213054.13212324958,-0.03397068711421547,1,stop
018260,2021-01-11,2021-01-12,223000.0,216310.0,29,-219941.1082194997,-0.03397068711421558,1,stop
267260,2021-01-11,2021-01-12,20400.0,19788.0,325,-225484.69885500055,-0.03397068711421569,1,stop
039490,2021-01-12,2021-01-13,162500.0,157625.0,39,-215536.84449374955,-0.03397068711421547,1,stop
086520,2021-01-12,2021-01-13,8060.0,7818.2,804,-220391.39742203988,-0.03397068711421558,1,stop
005380,2021-01-11,2021-01-14,256500.0,248805.0,25,-218087.57638125028,-0.03397068711421558,3,stop
353200,2021-01-13,2021-01-14,16000.0,15520.0,391,-212765.04917600006,-0.03397068711421558,1,stop
000990,2021-01-13,2021-01-14,61300.0,59461.0,102,-212649.41599710006,-0.03397068711421558,1,stop
086790,2021-01-14,2021-01-15,39900.0,38703.0,152,-206262.3833507998,-0.03397068711421558,1,stop
006400,2021-01-07,2021-01-18,673574.0,691197.0,9,133295.44993245043,0.02196282917646286,7,time
012330,2021-01-14,2021-01-18,328500.0,318645.0,18,-201099.70201050024,-0.03397068711421558,2,stop
000270,2021-01-14,2021-01-18,71200.0,69064.0,85,-205827.05844199937,-0.03397068711421547,2,stop
100790,2021-01-15,2021-01-18,5948.0,5769.5599999999995,1032,-208763.32495185547,-0.03397068711421547,1,stop
003490,2021-01-18,2021-01-19,24502.0,23766.94,241,-200827.01176684722,-0.03397068711421558,1,stop
064760,2021-01-18,2021-01-19,133100.0,129107.0,44,-199174.7496794006,-0.03397068711421569,1,stop
083650,2021-01-19,2021-01-20,3245.0,3147.65,1783,-196774.85107084643,-0.03397068711421536,1,stop
012450,2021-01-19,2021-01-20,40490.0,39275.299999999996,142,-195541.8272764301,-0.03397068711421558,1,stop
080220,2021-01-12,2021-01-21,4275.0,4916.25,1517,943330.9127911879,0.1452924843491259,7,target
000270,2021-01-20,2021-01-21,96000.0,93120.0,58,-189366.33532799967,-0.03397068711421558,1,stop
036930,2021-01-18,2021-01-27,9350.0,10450.0,633,669991.8711749986,0.11307197967434202,7,time
042700,2021-01-19,2021-01-28,10050.0,9748.5,575,-196533.89193187468,-0.03397068711421558,7,stop
066570,2021-01-21,2021-01-28,168500.0,163445.0,38,-217764.48367549945,-0.03397068711421547,5,stop
079550,2021-01-21,2021-01-28,39750.0,38557.5,161,-217653.9519603746,-0.03397068711421547,5,stop
080220,2021-01-27,2021-01-28,6450.0,6256.5,1026,-225066.37882545125,-0.0339706871142158,1,stop
100790,2021-01-20,2021-01-29,5671.0,5500.87,987,-190362.03902760427,-0.03397068711421558,7,stop
352820,2021-01-28,2021-01-29,210870.0,204543.9,28,-200805.8576970594,-0.03397068711421547,1,stop
214150,2021-01-28,2021-01-29,16500.0,16005.0,368,-206507.25361199956,-0.03397068711421547,1,stop
035420,2021-01-29,2021-02-01,362000.0,351140.0,15,-184672.988655,-0.03397068711421558,1,stop
226950,2021-01-28,2021-02-03,47000.0,54049.99999999999,129,881921.5093274992,0.14529248434912567,4,target
068270,2021-02-02,2021-02-03,321809.0,312154.73,17,-186058.9883431513,-0.03397068711421569,1,stop
047050,2021-02-02,2021-02-04,18600.0,21390.0,305,825192.2682524994,0.14529248434912567,2,target
096770,2021-02-02,2021-02-04,318799.0,309235.02999999997,17,-184318.70900070574,-0.03397068711421558,2,stop
263750,2021-01-28,2021-02-05,61960.0,71254.0,98,883242.2824274004,0.1452924843491259,6,target
298040,2021-02-05,2021-02-08,86300.0,83711.0,72,-211323.03541560005,-0.03397068711421558,1,stop
272210,2021-02-05,2021-02-08,17479.0,16954.63,360,-214004.36477574054,-0.03397068711421569,1,stop
079550,2021-02-05,2021-02-09,43600.0,42292.0,144,-213526.8677664008,-0.03397068711421569,2,stop
263750,2021-02-08,2021-02-09,78600.0,76242.0,77,-205833.8603937002,-0.03397068711421558,1,stop
047810,2021-02-05,2021-02-10,38800.0,37636.0,162,-213771.73802759964,-0.03397068711421558,3,stop
032820,2021-02-09,2021-02-10,1325.0,1285.25,4521,-203729.50658651162,-0.03397068711421547,1,stop
298040,2021-02-10,2021-02-15,88300.0,85651.0,67,-201205.13226184994,-0.03397068711421558,1,stop
352820,2021-02-03,2021-02-16,229185.0,245520.0,27,414385.1361787496,0.06688904542617413,7,time
047050,2021-02-08,2021-02-16,21800.0,21146.0,279,-206854.15314870048,-0.03397068711421569,4,stop
047810,2021-02-15,2021-02-16,40150.0,38945.5,143,-195265.32793982513,-0.03397068711421558,1,stop
353200,2021-02-10,2021-02-17,16300.0,15811.0,366,-202895.41725930013,-0.03397068711421558,3,stop
080220,2021-02-16,2021-02-17,6970.0,6760.9,863,-204572.43845093623,-0.0339706871142158,1,stop
064760,2021-02-16,2021-02-17,185600.0,180032.0,32,-201990.75768319983,-0.03397068711421558,1,stop
319400,2021-02-16,2021-02-17,6150.0,5965.5,978,-204558.49444995075,-0.03397068711421569,1,stop
357780,2021-02-17,2021-02-18,312600.0,303222.0,18,-191366.10912779998,-0.03397068711421558,1,stop
240810,2021-02-17,2021-02-18,53400.0,51798.0,108,-196141.0792212002,-0.03397068711421558,1,stop
035720,2021-02-17,2021-02-19,103367.0,100265.98999999999,56,-196867.25558469258,-0.03397068711421569,2,stop
222800,2021-02-18,2021-02-19,25400.0,24638.0,221,-190910.3783638999,-0.03397068711421558,1,stop
010950,2021-02-09,2021-02-22,81000.0,86600.0,73,383362.1805599993,0.06475930375345462,7,time
003670,2021-02-18,2021-02-22,154605.0,177795.75,36,809596.0907446509,0.14529248434912612,2,target
272210,2021-02-19,2021-02-22,19581.0,18993.57,282,-187796.51289515663,-0.03397068711421547,1,stop
178320,2021-02-19,2021-02-22,23404.0,22701.88,236,-187847.5955524249,-0.03397068711421569,1,stop
042700,2021-02-22,2021-02-23,12175.0,11809.75,479,-198338.95986426342,-0.03397068711421569,1,stop
043260,2021-02-22,2021-02-23,1980.0,1920.6,2950,-198650.99939849973,-0.03397068711421558,1,stop
087010,2021-02-22,2021-02-23,15020.0,14569.4,388,-198200.7101959614,-0.0339706871142158,1,stop
267270,2021-02-23,2021-02-24,38750.0,37587.5,145,-191092.33057187498,-0.03397068711421558,1,stop
003670,2021-02-24,2021-02-25,167205.0,162188.85,33,-187657.85510975216,-0.03397068711421547,1,stop
138040,2021-02-17,2021-02-26,11050.0,12250.0,524,603216.86852,0.10405925109398328,7,time
011200,2021-02-22,2021-03-02,16600.0,19090.0,351,847534.8616605,0.1452924843491259,5,target
000660,2021-02-26,2021-03-05,143500.0,139195.0,40,-195216.01379000023,-0.03397068711421558,4,stop
141080,2021-03-04,2021-03-05,57400.0,55678.0,104,-203024.6543415999,-0.03397068711421558,1,stop
086520,2021-03-05,2021-03-08,8968.0,8698.96,643,-196114.68764860556,-0.0339706871142158,1,stop
100790,2021-03-05,2021-03-08,6339.0,6148.83,909,-195969.3639505338,-0.03397068711421558,1,stop
011200,2021-03-04,2021-03-09,20150.0,23172.5,296,867579.1935069989,0.14529248434912567,3,target
098460,2021-03-04,2021-03-10,22439.0,21765.829999999998,266,-202996.5622810796,-0.03397068711421569,4,stop
083650,2021-03-09,2021-03-10,3590.0,3482.2999999999997,1676,-204631.2753331391,-0.03397068711421547,1,stop
105560,2021-03-09,2021-03-10,51900.0,50343.0,115,-202987.24360725004,-0.03397068711421558,1,stop
083650,2021-03-12,2021-03-15,3800.0,3686.0,1540,-199025.1067420002,-0.03397068711421558,1,stop
319400,2021-03-12,2021-03-15,6200.0,6014.0,944,-199052.3145488007,-0.03397068711421569,1,stop
005490,2021-03-05,2021-03-16,299500.0,306000.0,19,99815.10872500017,0.01752050580193809,7,time
100790,2021-03-15,2021-03-16,8064.0,7822.08,705,-193349.55824351963,-0.03397068711421547,1,stop
047040,2021-03-16,2021-03-17,6400.0,6208.0,883,-192195.94723519962,-0.03397068711421547,1,stop
010120,2021-03-16,2021-03-17,12360.0,11989.199999999999,457,-192104.80108242016,-0.03397068711421558,1,stop
105560,2021-03-12,2021-03-18,51100.0,49567.0,114,-198120.4471658999,-0.03397068711421558,4,stop
005290,2021-03-17,2021-03-19,33250.0,32252.5,164,-185455.21310049947,-0.03397068711421547,2,stop
237690,2021-03-17,2021-03-22,85000.0,82450.0,64,-185013.08623999916,-0.03397068711421547,3,stop
267270,2021-03-12,2021-03-23,46100.0,48350.0,126,258859.42330500018,0.04451365874337898,7,time
087010,2021-03-22,2021-03-23,16571.0,16073.869999999999,318,-179217.0751769133,-0.03397068711421569,1,stop
196170,2021-03-15,2021-03-24,83412.0,83162.0,68,-40194.9391212007,-0.007078393647436898,7,time
042700,2021-03-23,2021-03-24,13225.0,12828.25,422,-189806.7617005743,-0.03397068711421547,1,stop
100790,2021-03-18,2021-03-26,7911.0,9097.65,715,822772.5479312623,0.1452924843491259,6,target
011200,2021-03-23,2021-03-26,27350.0,31452.499999999996,204,811577.2503944999,0.1452924843491259,3,target
214450,2021-03-26,2021-03-29,69000.0,66930.0,93,-218240.6202944992,-0.03397068711421547,1,stop
039030,2021-03-19,2021-03-30,114100.0,120100.0,46,253676.52567999903,0.048276701370498776,7,time
011200,2021-03-29,2021-03-30,32600.0,31622.0,191,-211765.16227610037,-0.03397068711421569,1,stop
001440,2021-03-26,2021-03-31,9411.0,9128.67,685,-219245.09851179738,-0.03397068711421558,3,stop
083650,2021-03-30,2021-03-31,4565.0,4245.45,1261,-425355.7705979729,-0.07380694743940264,1,stop
241560,2021-03-30,2021-03-31,43650.0,40594.5,131,-422524.604882475,-0.07380694743940253,1,stop
000500,2021-03-24,2021-04-02,22863.0,25008.0,241,492840.0079621505,0.08934216661448224,7,time
090430,2021-03-24,2021-04-02,249500.0,258500.0,22,174921.26630000025,0.03183099138886125,7,time
138040,2021-04-01,2021-04-02,17500.0,16274.999999999998,321,-415087.3915387504,-0.07380694743940264,1,stop
272210,2021-04-01,2021-04-08,19760.0,18376.8,285,-416129.26643340103,-0.07380694743940275,5,stop
064760,2021-04-02,2021-04-08,201200.0,187116.0,27,-401410.01260260027,-0.07380694743940264,4,stop
100790,2021-04-08,2021-04-09,11152.0,10371.359999999999,474,-390595.7945471518,-0.07380694743940253,1,stop
352820,2021-04-08,2021-04-09,275220.0,255954.59999999998,19,-386393.71358907036,-0.07380694743940264,1,stop
010140,2021-04-01,2021-04-15,7333.0,7060.0,768,-232125.91330559924,-0.04117006035790205,10,time
240810,2021-04-02,2021-04-16,55100.0,55900.0,102,58326.735480000265,0.010366130752247127,10,time
039030,2021-04-02,2021-04-16,128000.0,123200.0,43,-228348.015279999,-0.04143998592518794,10,time
071050,2021-04-09,2021-04-23,99700.0,108000.0,49,385480.0916050002,0.07881547520566556,10,time
047040,2021-04-09,2021-04-23,7000.0,7090.0,700,42733.0928500006,0.0087110203770564,10,time
036930,2021-04-15,2021-04-29,12800.0,14000.0,423,483914.2757400004,0.08927274326683166,10,time
064760,2021-04-23,2021-04-29,229000.0,212970.0,22,-372267.0722869998,-0.07380694743940253,4,stop
035720,2021-04-16,2021-04-30,115500.0,113500.0,47,-115969.96199999936,-0.02133862621023297,10,time
028050,2021-04-16,2021-04-30,14800.0,17760.0,370,1069529.5524400016,0.1950878097556099,10,target
011200,2021-04-29,2021-05-03,39600.0,36828.0,135,-395025.7579290001,-0.07380694743940264,2,stop
047040,2021-04-30,2021-05-04,7610.0,7077.299999999999,782,-439731.79684823006,-0.07380694743940264,2,stop
082740,2021-05-04,2021-05-06,9256.0,8608.08,596,-407629.93183182366,-0.07380694743940253,1,stop
267270,2021-04-23,2021-05-10,56500.0,66200.0,90,849587.0053500002,0.16688514757848605,10,time
058610,2021-05-06,2021-05-13,11650.0,10834.5,438,-377047.87410855014,-0.07380694743940264,5,stop
000150,2021-04-29,2021-05-14,61100.0,68500.0,87,620117.2436700007,0.11652366296043737,10,time
042660,2021-04-30,2021-05-17,31183.0,32649.0,190,253437.95773899928,0.04272685706717594,10,time
138040,2021-05-03,2021-05-17,17950.0,16693.5,277,-367401.29485347494,-0.07380694743940253,9,stop
207940,2021-05-17,2021-05-21,1352702.0,1258012.8599999999,3,-299860.9050516696,-0.07380694743940275,3,stop
083650,2021-05-21,2021-05-24,5090.0,6108.0,746,741627.7291365997,0.19508780975560946,1,target
011200,2021-05-10,2021-05-25,42900.0,49350.0,138,863213.7770550009,0.14564070340791258,10,time
030200,2021-05-13,2021-05-28,31100.0,33800.0,152,389817.1092399992,0.08236784484832782,10,time
024110,2021-05-14,2021-05-31,10650.0,10800.0,559,59204.78703750111,0.009933360356853438,10,time
083650,2021-05-26,2021-05-31,5550.0,5161.5,1019,-417891.5867339242,-0.07380694743940241,3,stop
001440,2021-05-31,2021-06-01,15025.0,18030.0,374,1097527.5548764998,0.19508780975560946,1,target
214450,2021-05-18,2021-06-02,76000.0,82400.0,88,534130.8966400009,0.07977231934059481,10,time
034020,2021-05-31,2021-06-02,17856.0,21427.2,315,1098560.756361601,0.1950878097556097,2,target
000150,2021-05-28,2021-06-07,86000.0,103200.0,60,1007810.9004000006,0.1950878097556097,6,target
000500,2021-06-03,2021-06-08,35491.0,33006.63,198,-519254.04350585956,-0.07380694743940297,3,stop
001440,2021-06-07,2021-06-08,29814.0,27727.019999999997,207,-456023.32117607724,-0.07380694743940264,1,stop
012450,2021-05-26,2021-06-09,50116.0,51034.0,112,79509.72947680019,0.014149028970584565,10,time
034020,2021-06-08,2021-06-09,30789.0,29865.329999999998,198,-207331.03798238747,-0.03397068711421569,1,stop
032820,2021-06-08,2021-06-09,2620.0,2541.4,2333,-207883.28844090924,-0.03397068711421547,1,stop
083650,2021-06-09,2021-06-10,6530.0,6334.099999999999,893,-198320.76464346517,-0.03397068711421558,1,stop
000150,2021-06-09,2021-06-10,99000.0,96030.0,58,-195284.03330700006,-0.03397068711421558,1,stop
001440,2021-06-10,2021-06-11,28269.0,27420.93,199,-191322.95074426383,-0.03397068711421569,1,stop
145020,2021-06-10,2021-06-11,242500.0,235225.0,23,-189689.42803374957,-0.03397068711421547,1,stop
032820,2021-06-11,2021-06-14,2170.0,2104.9,2511,-185314.75279789325,-0.03397068711421525,1,stop
047040,2021-06-01,2021-06-15,8320.0,8620.0,809,214400.0158489989,0.031816598567042664,10,time
035720,2021-06-02,2021-06-16,128000.0,143000.0,54,779285.3211000003,0.112614302051121,10,time
064350,2021-06-11,2021-06-16,24650.0,23910.5,221,-185273.26089252625,-0.0339706871142158,3,stop
145020,2021-06-16,2021-06-17,249000.0,241530.0,26,-220179.17652899958,-0.03397068711421547,1,stop
010140,2021-06-09,2021-06-18,6663.0,6463.11,875,-198281.14327481296,-0.03397068711421569,7,stop
214150,2021-06-15,2021-06-18,16950.0,19492.5,413,1018268.0583573747,0.1452924843491259,3,target
064760,2021-06-18,2021-06-21,202100.0,196037.0,34,-233694.65455690026,-0.03397068711421558,1,stop
067310,2021-06-18,2021-06-21,11299.0,10960.029999999999,609,-234024.24312652368,-0.03397068711421558,1,stop
307950,2021-06-14,2021-06-23,124000.0,134000.0,42,397418.3934000004,0.07622154910787438,7,time
007660,2021-06-16,2021-06-23,3657.0,3547.29,1771,-220265.79938390013,-0.03397068711421569,5,stop
352820,2021-06-17,2021-06-23,292000.0,335800.0,21,891958.2212100001,0.1452924843491259,4,target
214150,2021-06-21,2021-06-23,19300.0,18721.0,344,-225797.58863320015,-0.03397068711421558,2,stop
001440,2021-06-23,2021-06-24,32547.0,31570.59,195,-215848.54393040203,-0.03397068711421547,1,stop
035720,2021-06-21,2021-06-25,155500.0,150835.0,42,-222117.73276349902,-0.03397068711421547,4,stop
095340,2021-06-23,2021-06-25,24500.0,23765.0,259,-215808.92256174982,-0.03397068711421558,2,stop
028050,2021-06-23,2021-06-25,26400.0,25608.0,240,-215485.8298559999,-0.03397068711421558,2,stop
078600,2021-06-24,2021-06-25,50900.0,49373.0,121,-209462.70162565075,-0.03397068711421569,1,stop
307950,2021-06-25,2021-06-28,143000.0,138710.0,42,-204262.60955099855,-0.03397068711421536,1,stop
298380,2021-06-25,2021-06-29,22300.0,21631.0,275,-208564.84400125034,-0.03397068711421569,2,stop
039490,2021-06-29,2021-06-30,135000.0,130950.0,44,-202017.9654899994,-0.03397068711421547,1,stop
005830,2021-06-29,2021-07-01,55600.0,53932.0,107,-202330.85526820086,-0.03397068711421569,2,stop
263750,2021-06-30,2021-07-01,74500.0,85675.0,78,845265.6920175003,0.1452924843491259,1,target
043260,2021-06-23,2021-07-02,1800.0,1870.0,3533,220518.82467450015,0.03463620566805092,7,time
010170,2021-06-25,2021-07-06,3112.0,3138.0,1970,25944.41203100048,0.004227063788855734,7,time
263750,2021-07-05,2021-07-06,83800.0,77934.0,75,-464410.1924024997,-0.07380694743940253,1,stop
277810,2021-06-29,2021-07-07,23450.0,22746.5,255,-203369.85339037422,-0.03397068711421547,6,stop
032820,2021-07-06,2021-07-07,3070.0,2855.1,1967,-446209.8941541845,-0.07380694743940253,1,stop
058470,2021-07-02,2021-07-16,36081.0,37303.0,175,187342.80752249993,0.029636109663292443,10,time
010950,2021-07-07,2021-07-16,106500.0,99045.0,53,-417082.4711242495,-0.07380694743940253,7,stop
000720,2021-07-05,2021-07-19,58572.0,56043.0,108,-298251.08841059916,-0.04709437213837042,10,time
012450,2021-07-06,2021-07-20,54496.0,52562.0,110,-236679.73763499875,-0.03943706179697648,10,time
047050,2021-07-07,2021-07-21,23950.0,23450.0,238,-142009.3318700008,-0.02488485947219765,10,time
078600,2021-07-20,2021-07-21,61700.0,57380.99999999999,93,-423998.7470206516,-0.07380694743940286,1,stop
032820,2021-07-16,2021-07-22,3065.0,2850.45,1925,-435971.0718295621,-0.07380694743940253,4,stop
086520,2021-07-19,2021-07-26,11249.0,13498.8,538,1182021.9520167802,0.1950878097556097,5,target
357780,2021-07-23,2021-07-29,364600.0,339078.0,15,-404114.4538184991,-0.07380694743940241,4,stop
042700,2021-07-23,2021-07-29,19825.0,18437.25,282,-413103.395728725,-0.07380694743940253,4,stop
247540,2021-07-16,2021-07-30,66736.0,71531.0,88,396648.26300439984,0.06746266532342005,10,time
047050,2021-07-26,2021-08-02,27200.0,25296.0,270,-542661.647255999,-0.07380694743940241,5,stop
010130,2021-07-22,2021-08-05,517000.0,525000.0,10,58576.46200000029,0.011317053710017788,10,time
086520,2021-07-30,2021-08-09,13734.0,16480.8,415,1113203.3112458996,0.19508780975560946,6,target
012450,2021-08-05,2021-08-10,56228.0,52292.03999999999,93,-386395.48699314706,-0.07380694743940275,3,stop
138040,2021-07-29,2021-08-12,24000.0,24650.0,213,117091.84407750051,0.022878976058186673,10,time
005830,2021-07-30,2021-08-13,56000.0,59400.0,101,319208.22042999975,0.05637226040897625,10,time
086520,2021-08-12,2021-08-17,18985.0,17656.05,278,-389988.5514347954,-0.07380694743940264,2,stop
066970,2021-08-13,2021-08-17,129700.0,120620.99999999999,46,-440853.47492630035,-0.07380694743940264,1,stop
214150,2021-08-03,2021-08-18,23750.0,25300.0,289,418500.40075250063,0.06090251181813766,10,time
222800,2021-08-09,2021-08-24,30800.0,31400.0,221,104313.46081000008,0.015307284262070953,10,time
207940,2021-08-18,2021-08-24,1479245.0,1375697.8499999999,4,-437216.5187337715,-0.07380694743940286,4,stop
247540,2021-08-10,2021-08-25,77410.0,78424.0,62,43013.678948599845,0.00895196994653924,10,time
005830,2021-08-17,2021-08-31,60300.0,58700.0,86,-158446.7938800007,-0.030518871853865814,10,time
000810,2021-08-18,2021-09-01,230500.0,227000.0,27,-119726.5569749996,-0.019215716505699976,10,time
263750,2021-08-31,2021-09-01,98000.0,91140.0,51,-369311.3988269996,-0.07380694743940253,1,stop
138040,2021-08-26,2021-09-02,25950.0,31140.0,217,1099832.2387185004,0.1950878097556097,5,target
086520,2021-09-01,2021-09-02,20555.0,19116.149999999998,261,-396418.9885062082,-0.07380694743940275,1,stop
214450,2021-08-24,2021-09-07,98100.0,94000.0,65,-291846.51697499957,-0.04571649577788561,10,time
353200,2021-08-25,2021-09-08,18250.0,18200.0,307,-38265.93748250045,-0.006822002851502584,10,time
078600,2021-09-06,2021-09-08,70000.0,84000.0,81,1107420.1173,0.1950878097556097,2,target
138040,2021-09-09,2021-09-14,37300.0,34689.0,165,-454767.30773924943,-0.07380694743940253,3,stop
247540,2021-09-10,2021-09-14,90778.0,108933.59999999999,67,1187913.3489159392,0.19508780975560946,2,target
067310,2021-09-03,2021-09-15,12599.0,11717.07,452,-420795.3881247025,-0.07380694743940264,8,stop
028300,2021-09-02,2021-09-16,55880.0,60097.0,102,405507.1870292993,0.0710628743569981,10,time
058470,2021-09-14,2021-09-23,41147.0,38266.71,158,-480387.52864154894,-0.07380694743940253,4,stop
066970,2021-09-14,2021-09-24,150400.0,180480.0,43,1263122.9951679995,0.19508780975560946,5,target
267260,2021-09-08,2021-09-27,26500.0,26200.0,232,-94590.54932000022,-0.015367905169906604,10,time
028050,2021-09-24,2021-09-27,27850.0,25900.5,247,-508298.2486916743,-0.07380694743940253,1,stop
066970,2021-09-27,2021-09-28,191900.0,178467.0,32,-453754.9895791989,-0.07380694743940241,1,stop
000810,2021-09-15,2021-10-05,232500.0,240000.0,23,150076.33687500004,0.028032524520954505,10,time
247540,2021-09-16,2021-10-06,110001.0,102300.93,55,-447049.6748760082,-0.07380694743940264,10,stop
028300,2021-10-05,2021-10-06,49509.0,48023.729999999996,115,-193635.75036129728,-0.03397068711421558,1,stop
078600,2021-09-27,2021-10-07,97800.0,90954.0,63,-455277.16141110007,-0.07380694743940253,7,stop
005830,2021-09-24,2021-10-12,62800.0,65500.0,109,265379.39024500083,0.038724144625695844,10,time
028300,2021-10-08,2021-10-12,45834.0,44458.979999999996,122,-190173.99907285906,-0.0339706871142158,1,stop
028300,2021-10-15,2021-10-18,46550.0,45153.5,126,-199477.43653005082,-0.03397068711421569,1,stop
000150,2021-11-30,2021-12-01,110500.0,107185.0,52,-195420.07234099973,-0.03397068711421558,1,stop
086520,2021-12-03,2021-12-07,22405.0,21732.85,259,-197355.05755085777,-0.03397068711421558,2,stop
352820,2021-12-03,2021-12-08,333500.0,341000.0,17,103889.37872500066,0.018303206213550416,3,time
000150,2021-12-03,2021-12-08,110500.0,114500.0,52,183838.54840000067,0.031957422451110995,3,time
066970,2021-12-07,2021-12-10,203000.0,205900.0,28,57666.44954000041,0.010133743960098585,3,time
277810,2022-01-18,2022-01-21,22000.0,23100.0,265,266748.13742499985,0.04570183353615831,3,time
108490,2022-01-25,2022-01-26,23079.0,22386.63,255,-200152.36018748302,-0.03397068711421569,1,stop
277810,2022-01-26,2022-01-27,21800.0,21146.0,268,-198698.61306040082,-0.03397068711421569,1,stop
319400,2022-01-27,2022-01-28,3365.0,3264.0499999999997,1724,-197299.4515957106,-0.03397068711421569,1,stop
058610,2022-01-26,2022-02-03,11300.0,12430.000000000002,517,558545.6254894994,0.0954971589426421,3,target
108490,2022-01-28,2022-02-03,21716.0,23887.600000000002,264,548117.1969028795,0.0954971589426421,1,target
138040,2022-02-03,2022-02-04,44450.0,48895.00000000001,136,577963.4061740013,0.09549715894264232,1,target
319400,2022-02-03,2022-02-04,3350.0,3685.0000000000005,1806,578431.8804495009,0.09549715894264232,1,target
031980,2022-01-28,2022-02-07,14450.0,14016.5,398,-195593.5221093502,-0.03397068711421558,3,stop
138040,2022-02-11,2022-02-15,41550.0,40303.5,148,-209139.6089198999,-0.03397068711421558,2,stop
298380,2022-02-14,2022-02-15,23800.0,26180.000000000004,260,591616.0850600023,0.09549715894264255,1,target
298380,2022-02-18,2022-02-23,24500.0,26050.0,255,368481.2787375003,0.058912838235837706,3,time
032820,2022-04-11,2022-04-12,2215.0,2148.5499999999997,2859,-215373.08750657365,-0.0339706871142158,1,stop
214370,2022-05-09,2022-05-10,20820.0,20195.399999999998,302,-213841.11793494038,-0.03397068711421569,1,stop
329180,2022-05-12,2022-05-13,124500.0,120765.0,50,-211710.7466625003,-0.03397068711421558,1,stop
214370,2022-05-13,2022-05-17,18400.0,20240.0,337,592839.8545959992,0.0954971589426421,2,target
028300,2022-06-09,2022-06-10,34486.0,33451.42,183,-214633.47728847247,-0.03397068711421547,1,stop
028300,2022-06-13,2022-06-15,32334.0,31363.98,194,-213336.27707976475,-0.03397068711421536,2,stop
257720,2022-07-27,2022-07-28,4050.0,3928.5,1540,-212118.8637644993,-0.03397068711421547,1,stop
214370,2022-08-30,2022-09-02,23940.0,26334.000000000004,258,590518.5167574016,0.09549715894264232,3,target
277810,2022-09-08,2022-09-13,27600.0,30360.000000000004,228,601635.6981360018,0.09549715894264232,1,target
000150,2022-09-08,2022-09-14,73000.0,70810.0,86,-213513.2638630001,-0.03397068711421558,2,stop
083650,2022-09-15,2022-09-19,8570.0,8312.9,745,-217140.40460702498,-0.03397068711421558,2,stop
298040,2022-09-19,2022-09-20,63700.0,61789.0,99,-214475.740028549,-0.03397068711421547,1,stop
083650,2022-09-21,2022-09-23,8510.0,8254.699999999999,741,-214462.4762227349,-0.03397068711421558,2,stop
012450,2022-09-27,2022-09-28,67535.0,65508.95,92,-211310.11170737073,-0.03397068711421569,1,stop
078600,2022-09-27,2022-09-28,81600.0,79152.0,76,-210914.91831360105,-0.0339706871142158,1,stop
009830,2022-09-27,2022-09-30,57888.0,58887.0,108,81952.37601660006,0.013093327533031829,3,time
064350,2022-09-29,2022-09-30,25900.0,25123.0,237,-208762.10060054902,-0.03397068711421547,1,stop
003670,2022-09-30,2022-10-06,145881.0,153636.0,42,299640.1110381,0.048848666262300666,3,time
377300,2023-01-02,2023-01-03,54700.0,53059.0,113,-210217.71826435067,-0.03397068711421569,1,stop
257720,2023-01-02,2023-01-03,2480.0,2405.6,2505,-211282.22370539978,-0.03397068711421558,1,stop
298040,2023-01-05,2023-01-06,72100.0,69937.0,85,-208428.80496724974,-0.03397068711421558,1,stop
257720,2023-01-06,2023-01-11,2425.0,2600.0,2510,413010.3501875,0.06777604995346564,3,time
042660,2023-03-09,2023-03-10,20033.0,19432.01,307,-209164.47005336452,-0.0339706871142158,1,stop
058610,2023-03-10,2023-03-13,23850.0,22180.5,256,-451153.99693439994,-0.07380694743940253,1,stop
042660,2023-03-13,2023-03-15,19589.0,21547.9,307,574963.5454918863,0.09549715894264232,2,target
086520,2023-03-14,2023-03-15,72791.0,87349.2,82,1165791.509027779,0.19508780975560946,1,target
080220,2023-03-15,2023-03-16,4550.0,5005.0,1456,633377.2204760006,0.09549715894264232,1,target
403870,2023-03-20,2023-03-21,18600.0,22320.0,367,1333240.071378,0.1950878097556097,1,target
108490,2023-03-20,2023-03-21,40608.0,37765.439999999995,168,-504100.7490274571,-0.07380694743940275,1,stop
277810,2023-03-20,2023-03-23,124000.0,148800.0,55,1332029.1358000012,0.1950878097556097,3,target
028050,2023-03-10,2023-03-24,28650.0,29250.0,213,102414.17862000037,0.016763188928201833,10,time
058610,2023-03-23,2023-03-27,33500.0,40200.0,225,1472165.6321249995,0.19508780975560946,2,target
247540,2023-03-24,2023-03-27,245000.0,227849.99999999997,29,-525001.4983325014,-0.07380694743940275,1,stop
000250,2023-03-24,2023-03-27,60500.0,72600.0,117,1382517.3369149994,0.19508780975560946,1,target
003550,2023-03-14,2023-03-28,86200.0,83200.0,69,-230765.0276099993,-0.03875381117878263,10,time
007660,2023-03-29,2023-04-03,10210.0,9495.3,735,-554510.203238776,-0.07380694743940275,3,stop
403870,2023-03-24,2023-04-04,26150.0,24319.5,271,-523645.58313272614,-0.07380694743940275,7,stop
042700,2023-03-27,2023-04-04,20400.0,18972.0,394,-593913.0250524003,-0.07380694743940264,6,stop
005490,2023-04-03,2023-04-05,385000.0,358050.0,18,-512070.426944999,-0.07380694743940241,2,stop
078600,2023-04-04,2023-04-07,106300.0,127560.0,65,1349509.5768050002,0.1950878097556097,3,target
066970,2023-03-28,2023-04-11,295500.0,317500.0,24,497378.9952000007,0.07005183191597886,10,time
006260,2023-03-28,2023-04-11,77400.0,83800.0,93,563945.6573999999,0.07825536668303279,10,time
078600,2023-04-10,2023-04-11,132300.0,123038.99999999999,62,-606105.178074901,-0.07380694743940275,1,stop
086520,2023-04-11,2023-04-12,148134.0,137764.62,51,-558240.5587126408,-0.07380694743940253,1,stop
247540,2023-04-11,2023-04-12,302000.0,280860.0,25,-557883.3655749997,-0.07380694743940253,1,stop
003670,2023-04-11,2023-04-13,296609.0,275846.37,25,-547924.5933107128,-0.07380694743940264,2,stop
214370,2023-04-04,2023-04-18,42700.0,44200.0,164,216575.90474000014,0.030891514270061426,10,time
012450,2023-04-05,2023-04-19,110727.0,110320.0,59,-50715.31056795083,-0.0077541523127538925,10,time
000250,2023-04-13,2023-04-20,93500.0,86955.0,75,-518166.50345624983,-0.07380694743940253,5,stop
214450,2023-04-19,2023-04-20,107500.0,99975.0,63,-500432.4626962505,-0.07380694743940264,1,stop
319400,2023-04-20,2023-04-21,4995.0,4645.349999999999,1278,-471696.66639976576,-0.07380694743940264,1,stop
003670,2023-04-18,2023-04-24,390148.0,362837.63999999996,18,-518917.5400824351,-0.07380694743940241,4,stop
051910,2023-04-12,2023-04-25,799000.0,743070.0,9,-531356.1962714996,-0.07380694743940253,9,stop
042660,2023-04-20,2023-04-25,26474.0,24620.82,241,-471447.20755974203,-0.07380694743940275,3,stop
042700,2023-04-24,2023-04-25,21750.0,20227.5,285,-458037.02150437515,-0.07380694743940264,1,stop
006260,2023-04-13,2023-04-27,88000.0,92600.0,80,338063.7895999998,0.04796525741827118,10,time
012330,2023-04-26,2023-04-27,237000.0,220409.99999999997,25,-437809.13126250077,-0.07380694743940275,1,stop
267260,2023-04-26,2023-05-09,52500.0,48825.0,116,-450001.28428499866,-0.0738069474394023,7,stop
064350,2023-04-24,2023-05-10,33550.0,33600.0,185,-16213.772312499583,-0.002609279488611893,10,time
267270,2023-04-28,2023-05-10,67600.0,62867.99999999999,98,-489518.6384452004,-0.07380694743940264,6,stop
000810,2023-04-26,2023-05-12,226500.0,225500.0,26,-50057.65049999952,-0.008490430096063317,10,time
319400,2023-05-12,2023-05-15,4825.0,4487.25,1234,-439955.6891128244,-0.07380694743940253,1,stop
241560,2023-04-28,2023-05-16,51300.0,51300.0,129,-27120.658139999956,-0.004093491870325372,10,time
214150,2023-05-18,2023-05-23,26500.0,24645.0,228,-446454.4761330001,-0.07380694743940264,3,stop
000270,2023-05-11,2023-05-25,90500.0,87100.0,66,-248217.0061800005,-0.04150876399895409,10,time
005380,2023-05-11,2023-05-25,211500.0,203500.0,28,-247609.1771999998,-0.041763714400053,10,time
043260,2023-05-11,2023-05-25,1623.0,1662.0,3700,119264.49556499906,0.019837718121699988,10,time
007660,2023-05-23,2023-05-26,10755.0,12906.0,522,1096504.1190008996,0.19508780975560946,3,target
042660,2023-05-25,2023-05-26,27007.0,25116.51,216,-431048.9149247883,-0.07380694743940264,1,stop
042700,2023-05-26,2023-05-31,28150.0,26179.5,211,-438891.6466672253,-0.07380694743940264,2,stop
214450,2023-05-17,2023-06-01,114000.0,120000.0,53,292301.19570000004,0.04832264013649956,10,time
007660,2023-05-30,2023-06-09,13887.0,16664.399999999998,429,1163576.864105368,0.19508780975560924,7,target
047050,2023-06-09,2023-06-12,38400.0,37248.0,185,-241605.32438400015,-0.03397068711421558,1,stop
095340,2023-05-26,2023-06-13,51300.0,56000.0,116,519205.1545800008,0.08714940458599973,10,time
005930,2023-05-30,2023-06-14,71300.0,71900.0,83,25400.449330001138,0.00428720805783489,10,time
067310,2023-06-13,2023-06-14,17822.0,17287.34,363,-220022.2555032801,-0.03397068711421547,1,stop
066570,2023-05-31,2023-06-15,125200.0,123600.0,44,-92768.62144000083,-0.016820731590832527,10,time
086520,2023-06-14,2023-06-15,147545.0,143118.65,41,-205736.7625331832,-0.03397068711421569,1,stop
031980,2023-06-14,2023-06-15,12130.0,13949.499999999998,502,885741.2782265488,0.14529248434912567,1,target
403870,2023-06-01,2023-06-16,26750.0,31450.0,238,1089211.1209700005,0.17088821236180451,10,time
007660,2023-06-12,2023-06-16,17504.0,20129.6,393,1000627.0098981587,0.14529248434912567,4,target
214150,2023-06-15,2023-06-16,32300.0,31331.0,188,-206520.85751540028,-0.03397068711421558,1,stop
010170,2023-06-16,2023-06-19,2217.0,2150.49,3206,-241731.22850996815,-0.03397068711421569,1,stop
131290,2023-06-16,2023-06-20,48500.0,55774.99999999999,146,1029999.374492499,0.14529248434912567,2,target
031980,2023-06-19,2023-06-20,15750.0,18112.5,438,1003452.9988612514,0.14529248434912612,1,target
214370,2023-06-20,2023-06-21,46100.0,44717.0,173,-271238.0269650491,-0.03397068711421547,1,stop
042660,2023-06-21,2023-06-22,34159.0,33134.229999999996,227,-263714.83031654265,-0.033970687114215914,1,stop
086280,2023-06-15,2023-06-26,94186.0,96388.0,64,115808.98103679903,0.019190076079280027,7,time
047050,2023-06-15,2023-06-26,36950.0,37950.0,164,138682.24744000006,0.022859322964036588,7,time
012450,2023-06-20,2023-06-26,139860.0,135664.19999999998,57,-271126.4749571718,-0.0339706871142158,4,stop
131290,2023-06-22,2023-06-26,54000.0,52380.0,139,-255277.24730099924,-0.03397068711421547,2,stop
353200,2023-06-16,2023-06-27,29200.0,31200.0,243,455488.05977999885,0.06411928265910416,7,time
031980,2023-06-26,2023-06-27,17780.0,17246.6,383,-231597.61284779012,-0.03397068711421558,1,stop
178320,2023-06-26,2023-06-27,20350.0,19739.5,335,-231853.02613412496,-0.03397068711421558,1,stop
087010,2023-06-27,2023-06-28,11173.0,10837.81,616,-234074.47553982865,-0.03397068711421569,1,stop
145020,2023-06-27,2023-06-28,114100.0,110677.0,60,-232830.8066909993,-0.03397068711421547,1,stop
310210,2023-06-26,2023-06-30,40378.0,39166.659999999996,169,-232078.5788524989,-0.033970687114215914,4,stop
131970,2023-06-27,2023-06-30,42900.0,41613.0,160,-233442.98234399967,-0.03397068711421558,3,stop
098460,2023-06-29,2023-06-30,16930.0,16422.1,398,-229162.51413919125,-0.0339706871142158,1,stop
267270,2023-06-29,2023-07-10,82600.0,85100.0,81,174483.60295499954,0.02604895692294562,7,time
031980,2023-06-30,2023-07-10,20800.0,19344.0,319,-490287.1135448003,-0.07380694743940264,6,stop
039030,2023-06-30,2023-07-10,112300.0,104439.0,59,-489585.14109804947,-0.07380694743940253,6,stop
353200,2023-06-30,2023-07-10,32200.0,29945.999999999996,206,-490139.3298718007,-0.07380694743940264,6,stop
042660,2023-07-10,2023-07-12,36824.0,44188.799999999996,171,1229862.110459758,0.19508780975560924,2,target
007660,2023-06-30,2023-07-14,27911.0,33493.2,237,1291971.9728163294,0.19508780975560946,10,target
010140,2023-07-11,2023-07-17,7240.0,8688.0,877,1240130.8441611994,0.19508780975560946,4,target
087010,2023-07-12,2023-07-18,15922.0,19106.399999999998,473,1470916.805982138,0.19508780975560924,4,target
082740,2023-07-10,2023-07-24,11820.0,11860.0,535,-4578.875610000454,-0.000723249880038912,10,time
010120,2023-07-11,2023-07-25,16880.0,20256.0,376,1239623.0324672004,0.1950878097556097,10,target
095340,2023-07-17,2023-07-25,85200.0,102240.0,89,1481013.274332,0.1950878097556097,6,target
005490,2023-07-24,2023-07-26,566000.0,679200.0,11,1216013.6949400008,0.1950878097556097,2,target
047050,2023-07-25,2023-07-26,70500.0,84600.0,118,1624802.1086099995,0.19508780975560946,1,target
003670,2023-07-25,2023-07-26,552509.0,513833.36999999994,15,-612388.5703916783,-0.07380694743940264,1,stop
036930,2023-07-18,2023-07-27,21450.0,25740.0,421,1763756.966185499,0.19508780975560946,7,target
006260,2023-07-26,2023-07-27,138000.0,128339.99999999999,60,-611824.4062200002,-0.07380694743940264,1,stop
247540,2023-07-26,2023-07-27,483000.0,449189.99999999994,17,-606725.8695015013,-0.07380694743940275,1,stop
086520,2023-07-26,2023-07-27,255653.0,237757.28999999998,32,-604501.4296555044,-0.07380694743940264,1,stop
042700,2023-07-14,2023-07-28,43250.0,47150.0,182,675448.4928099988,0.085710794411888,10,time
031980,2023-07-27,2023-07-28,27550.0,33060.0,310,1668063.7586950026,0.1950878097556099,1,target
095340,2023-07-28,2023-08-01,106500.0,99045.0,83,-653166.8887417484,-0.07380694743940241,2,stop
000660,2023-07-28,2023-08-03,126200.0,117365.99999999999,70,-652760.4836409995,-0.07380694743940253,4,stop
298040,2023-08-01,2023-08-03,174500.0,162285.0,48,-618918.0225239992,-0.07380694743940253,2,stop
039030,2023-07-28,2023-08-09,156100.0,145173.0,56,-645932.8779484015,-0.07380694743940275,8,stop
000100,2023-07-28,2023-08-11,66133.0,72451.0,134,807798.6265729982,0.09105019310333784,10,time
028050,2023-07-28,2023-08-11,32700.0,37200.0,271,1179587.8340850007,0.13295786245944652,10,time
214450,2023-08-11,2023-08-14,155100.0,144243.0,64,-733479.9258335978,-0.0738069474394023,1,stop
087010,2023-08-11,2023-08-16,36002.0,33481.86,275,-731569.821860075,-0.07380694743940253,2,stop
310210,2023-08-14,2023-08-16,72924.0,67819.31999999999,126,-678949.5239006747,-0.07380694743940241,1,stop
307950,2023-08-03,2023-08-17,160000.0,148800.0,49,-579311.998159999,-0.07380694743940241,9,stop
326030,2023-08-03,2023-08-18,92600.0,86118.0,86,-588445.0291513996,-0.07380694743940253,10,stop
298040,2023-08-09,2023-08-24,189200.0,190300.0,43,13819.241315001622,0.0016966622467078363,10,time
042700,2023-08-21,2023-08-25,58800.0,54683.99999999999,131,-569174.0381922005,-0.07380694743940264,4,stop
003230,2023-08-16,2023-08-30,179200.0,189900.0,49,486768.86282500066,0.05537190788964974,10,time
214150,2023-08-17,2023-08-31,35800.0,38850.0,226,654110.1925750002,0.08075329164351563,10,time
087010,2023-08-31,2023-09-01,43997.0,40917.21,193,-627446.6921846662,-0.07380694743940253,1,stop
138040,2023-08-24,2023-09-07,51000.0,54200.0,156,465123.05424000137,0.05839475962016416,10,time
307950,2023-08-31,2023-09-07,176000.0,211200.0,48,1649997.3811199963,0.19508780975560902,5,target
277810,2023-09-01,2023-09-07,155400.0,186480.0,51,1547927.2306259992,0.19508780975560946,4,target
018260,2023-08-25,2023-09-08,139400.0,147200.0,54,389108.6710199993,0.051631549474089544,10,time
067310,2023-09-07,2023-09-13,25515.0,23728.949999999997,366,-690038.1762368847,-0.07380694743940253,4,stop
058610,2023-09-08,2023-09-13,39800.0,37014.0,217,-638174.2351159006,-0.07380694743940264,3,stop
016360,2023-08-31,2023-09-14,37550.0,38100.0,227,89549.49388749897,0.010493687343291702,10,time
214150,2023-09-07,2023-09-18,40000.0,37200.0,233,-688671.9161799978,-0.0738069474394023,7,stop
196170,2023-09-13,2023-09-19,61200.0,73440.0,136,1625622.4198079994,0.19508780975560946,4,target
131970,2023-09-08,2023-09-20,54400.0,50592.0,159,-639134.8289904008,-0.07380694743940264,8,stop
267250,2023-09-14,2023-09-21,71600.0,66588.0,118,-624297.3482211996,-0.07380694743940253,5,stop
084370,2023-09-18,2023-09-21,43150.0,40129.5,201,-640874.9817399746,-0.07380694743940253,3,stop
196170,2023-09-26,2023-09-27,80300.0,74679.0,99,-587417.9326240504,-0.07380694743940264,1,stop
005830,2023-09-14,2023-10-04,89200.0,89600.0,95,3159.827300000936,0.0003724565966238824,10,time
138040,2023-09-25,2023-10-04,57500.0,53475.0,137,-582082.9420287507,-0.07380694743940264,3,stop
087010,2023-09-27,2023-10-05,29364.0,28483.079999999998,251,-250664.2996970946,-0.03397068711421569,2,stop
277810,2023-10-05,2023-10-06,157800.0,153066.0,47,-252236.7748910999,-0.03397068711421558,1,stop
067310,2023-10-05,2023-10-06,21369.0,20727.93,351,-255090.839814662,-0.03397068711421569,1,stop
005940,2023-09-19,2023-10-10,10530.0,10550.0,945,-21936.291614999995,-0.002201931550990688,10,time
000250,2023-10-04,2023-10-10,73700.0,75700.0,107,181051.12191999983,0.022932464931022745,3,time
058610,2023-10-06,2023-10-10,32850.0,31864.5,221,-246905.74524622504,-0.03397068711421558,1,stop
257720,2023-09-20,2023-10-11,8950.0,9960.0,895,868457.5036525009,0.10829372301358209,10,time
277810,2023-10-10,2023-10-11,139900.0,135703.0,59,-280719.9476348506,-0.03397068711421569,1,stop
226950,2023-10-10,2023-10-11,16930.0,16422.1,494,-284437.8944340702,-0.03397068711421558,1,stop
307950,2023-10-06,2023-10-12,170500.0,180100.0,42,372664.1360399993,0.051981009467181094,3,time
087010,2023-10-11,2023-10-12,32367.0,35603.700000000004,258,798383.994648573,0.09549715894264255,1,target
277810,2023-10-13,2023-10-16,140900.0,136673.0,59,-282726.5233863499,-0.03397068711421558,1,stop
196170,2023-10-18,2023-10-19,61100.0,59267.0,135,-280529.49298725,-0.03397068711421558,1,stop
277810,2023-10-18,2023-10-19,143000.0,138710.0,58,-282076.93699899875,-0.03397068711421547,1,stop
196170,2023-10-23,2023-10-24,54900.0,53253.0,149,-278203.22550584935,-0.03397068711421547,1,stop
196170,2023-10-26,2023-10-27,53700.0,59070.00000000001,151,775248.4403565023,0.09549715894264232,1,target
247540,2024-01-04,2024-01-05,265500.0,292050.0,31,786893.3723475011,0.09549715894264232,1,target
454910,2024-01-17,2024-01-18,92700.0,89919.0,91,-286896.11977844965,-0.03397068711421558,1,stop
310210,2024-01-18,2024-01-19,43700.0,42389.0,191,-283869.2512719501,-0.03397068711421558,1,stop
028300,2024-01-18,2024-01-19,43450.0,47795.00000000001,192,797591.7950880015,0.09549715894264232,1,target
068270,2024-01-18,2024-01-23,163750.0,167063.0,51,134239.7958778506,0.0160557494208724,3,time
454910,2024-01-22,2024-01-23,86300.0,83711.0,98,-287634.1315378975,-0.03397068711421525,1,stop
141080,2024-01-22,2024-01-23,50000.0,55000.00000000001,170,812659.4575000033,0.09549715894264255,1,target
454910,2024-01-25,2024-01-26,81700.0,79249.0,105,-291752.71329224855,-0.03397068711421547,1,stop
078930,2024-02-02,2024-02-15,50500.0,46965.0,169,-630629.8786092484,-0.07380694743940241,7,stop
028260,2024-02-02,2024-02-20,152900.0,162300.0,55,481012.04525000043,0.057132938322081106,10,time
000810,2024-02-02,2024-02-20,292000.0,303000.0,29,283356.0144500006,0.033423534120861076,10,time
006800,2024-02-02,2024-02-20,8313.0,8662.0,1029,323005.97497454844,0.037717090511156126,10,time
024110,2024-02-02,2024-02-20,13210.0,13660.0,647,255264.89260850102,0.02983216510608311,10,time
030200,2024-02-20,2024-02-21,42200.0,39246.0,209,-651711.219562701,-0.07380694743940264,1,stop
178320,2024-02-15,2024-02-23,22750.0,21157.5,359,-603493.1016546255,-0.07380694743940264,6,stop
003550,2024-02-20,2024-02-26,102900.0,95697.0,85,-646294.9479472488,-0.07380694743940241,4,stop
031980,2024-02-23,2024-02-26,41900.0,38967.0,182,-563484.3667816985,-0.07380694743940241,1,stop
402340,2024-02-20,2024-02-27,69400.0,64541.99999999999,127,-651267.8685437003,-0.07380694743940264,5,stop
267260,2024-02-21,2024-02-28,130500.0,121364.99999999999,63,-607501.733784751,-0.07380694743940275,5,stop
196170,2024-02-26,2024-02-29,143000.0,171600.0,53,1480271.0880099991,0.19508780975560946,3,target
012450,2024-02-27,2024-02-29,170216.0,204259.19999999998,48,1595772.4671859192,0.19508780975560946,2,target
042700,2024-02-28,2024-03-04,82100.0,98520.0,93,1491267.1643069992,0.19508780975560946,2,target
036930,2024-02-29,2024-03-05,39450.0,36688.5,238,-693777.8420821503,-0.07380694743940264,2,stop
015760,2024-02-20,2024-03-06,23300.0,24650.0,379,473951.6554774996,0.05360924572517067,10,time
196170,2024-03-06,2024-03-08,193900.0,180327.0,48,-687726.1006727982,-0.07380694743940241,2,stop
138040,2024-02-26,2024-03-12,81300.0,81300.0,93,-30986.080380001105,-0.004093491870325483,10,time
079550,2024-03-08,2024-03-14,178700.0,166191.0,48,-633814.6167623997,-0.07380694743940253,4,stop
032830,2024-02-29,2024-03-15,101800.0,99100.0,92,-286049.8063000031,-0.030507515170425048,10,time
319660,2024-03-04,2024-03-18,25850.0,27850.0,355,670298.7276500016,0.07295923603139043,10,time
145020,2024-03-05,2024-03-19,202500.0,188325.0,43,-643413.1663237484,-0.07380694743940241,10,stop
012330,2024-03-18,2024-03-20,269500.0,250634.99999999997,36,-716898.5977229998,-0.07380694743940253,2,stop
000150,2024-03-19,2024-03-20,160900.0,149637.0,51,-606349.0211353498,-0.07380694743940253,1,stop
058470,2024-03-12,2024-03-26,47855.0,49056.0,158,158211.72489010077,0.020900421331299324,10,time
000250,2024-03-26,2024-03-27,118100.0,141720.0,65,1499314.0265349997,0.19508780975560946,1,target
005940,2024-03-14,2024-03-28,12850.0,11950.5,619,-587746.7512964755,-0.07380694743940264,10,stop
042700,2024-03-27,2024-03-28,110300.0,132360.0,83,1788063.5682310015,0.1950878097556097,1,target
055550,2024-03-15,2024-03-29,50200.0,46686.0,181,-671396.0048063025,-0.07380694743940286,10,stop
257720,2024-03-21,2024-04-01,10670.0,12804.0,777,1619253.289292099,0.19508780975560946,7,target
043260,2024-03-29,2024-04-01,2185.0,2032.05,3970,-640971.0411274256,-0.07380694743940264,1,stop
031980,2024-03-21,2024-04-02,46250.0,43012.5,179,-611732.041424375,-0.07380694743940253,8,stop
007660,2024-03-28,2024-04-02,41964.0,39026.52,219,-679074.5488880333,-0.07380694743940253,3,stop
042700,2024-04-02,2024-04-03,145000.0,140650.0,55,-271227.8240374997,-0.03397068711421558,1,stop
000250,2024-04-02,2024-04-03,136900.0,132793.0,59,-274700.22038035,-0.03397068711421558,1,stop
064350,2024-04-03,2024-04-05,38800.0,37636.0,202,-266554.8832195997,-0.03397068711421558,2,stop
080220,2024-04-03,2024-04-08,26950.0,26141.5,290,-265803.2675567493,-0.03397068711421547,3,stop
039030,2024-04-05,2024-04-08,252000.0,244440.0,30,-257113.7742599994,-0.03397068711421547,1,stop
440110,2024-04-08,2024-04-09,20600.0,19982.0,361,-252916.97006110102,-0.03397068711421569,1,stop
259960,2024-03-28,2024-04-11,255500.0,237614.99999999997,35,-660777.7479012497,-0.07380694743940253,9,stop
240810,2024-04-01,2024-04-11,41650.0,38734.5,215,-661682.9228983736,-0.07380694743940241,7,stop
010120,2024-04-09,2024-04-12,24560.0,28243.999999999996,292,1043166.3768055998,0.1452924843491259,2,target
000500,2024-04-11,2024-04-12,36950.0,42492.5,224,1203939.9552039998,0.1452924843491259,1,target
039030,2024-04-11,2024-04-12,244000.0,280600.0,34,1206732.779380002,0.14529248434912612,1,target
267260,2024-04-12,2024-04-15,238500.0,231345.0,38,-308230.44128549844,-0.03397068711421547,1,stop
214450,2024-04-12,2024-04-15,127500.0,123675.0,71,-307873.3388212491,-0.03397068711421547,1,stop
064760,2024-04-01,2024-04-16,131500.0,133000.0,68,65053.19450000115,0.00726665841252272,10,time
001440,2024-04-08,2024-04-16,12790.0,12406.3,582,-253161.16012713034,-0.03397068711421558,5,stop
000500,2024-04-15,2024-04-16,45100.0,43747.0,194,-297564.9810199011,-0.03397068711421569,1,stop
010120,2024-04-15,2024-04-16,27860.0,27024.2,314,-297518.72774833813,-0.03397068711421536,1,stop
298040,2024-04-16,2024-04-17,331000.0,321070.0,25,-281430.75158749986,-0.03397068711421558,1,stop
161390,2024-04-12,2024-04-19,60000.0,58200.0,151,-308128.41200999916,-0.03397068711421547,5,stop
440110,2024-04-18,2024-04-19,20500.0,19885.0,398,-277485.6196015002,-0.03397068711421558,1,stop
010120,2024-04-18,2024-04-19,29180.0,33557.0,280,1188463.0545619996,0.1452924843491259,1,target
003230,2024-04-16,2024-04-22,242500.0,278875.0,34,1199314.3401624998,0.1452924843491259,4,target
042660,2024-04-19,2024-04-22,33250.0,32252.5,260,-294014.3622324988,-0.03397068711421547,1,stop
031980,2024-04-19,2024-04-22,51100.0,49567.0,169,-293704.87343015056,-0.03397068711421569,1,stop
090430,2024-04-19,2024-04-22,145000.0,140650.0,59,-290953.48396749794,-0.03397068711421536,1,stop
010120,2024-04-22,2024-04-23,33420.0,32417.399999999998,258,-293244.3813000601,-0.03397068711421558,1,stop
082740,2024-04-16,2024-04-24,10840.0,12465.999999999998,764,1204661.4347827984,0.14529248434912567,6,target
042660,2024-04-24,2024-04-25,35050.0,33998.5,250,-298010.5088562481,-0.03397068711421536,1,stop
226950,2024-04-24,2024-04-25,16400.0,15908.0,535,-298401.62107899785,-0.03397068711421536,1,stop
003670,2024-04-25,2024-04-26,281100.0,272667.0,30,-286804.2934305016,-0.0339706871142158,1,stop
082740,2024-04-26,2024-04-30,13010.0,12619.699999999999,641,-283621.3201324856,-0.03397068711421569,2,stop
440110,2024-04-22,2024-05-02,18800.0,18236.0,459,-293477.00804820005,-0.03397068711421558,7,stop
267260,2024-04-24,2024-05-02,245000.0,237650.0,35,-291633.6791374991,-0.03397068711421547,5,stop
087010,2024-04-25,2024-05-03,26844.0,30870.6,320,1249509.536342401,0.1452924843491259,5,target
003230,2024-04-24,2024-05-07,282000.0,305500.0,31,690525.8811750002,0.07889871714048091,7,time
237690,2024-05-07,2024-05-08,101100.0,94023.0,91,-679812.2849836517,-0.07380694743940275,1,stop
178320,2024-05-07,2024-05-09,27250.0,25342.5,338,-680580.760083247,-0.0738069474394023,2,stop
131290,2024-04-30,2024-05-10,78300.0,75951.0,102,-271622.3372360999,-0.03397068711421558,6,stop
000500,2024-05-08,2024-05-10,51400.0,61680.0,173,1736755.0559179988,0.19508780975560946,2,target
257720,2024-05-10,2024-05-13,22000.0,26400.0,407,1748825.3492599986,0.19508780975560946,1,target
058470,2024-05-08,2024-05-14,59268.0,55119.24,150,-656913.2048522998,-0.07380694743940253,4,stop
000500,2024-05-13,2024-05-14,66800.0,62123.99999999999,164,-809499.8472248018,-0.07380694743940275,1,stop
032820,2024-05-14,2024-05-16,1738.0,2085.6,5291,1796043.63369002,0.1950878097556097,1,target
090430,2024-05-02,2024-05-20,172400.0,179700.0,48,315453.5786399981,0.03807656328829756,10,time
214150,2024-05-10,2024-05-27,48500.0,49000.0,184,55156.44260000251,0.006173585533073567,10,time
259960,2024-05-10,2024-05-27,265000.0,260000.0,33,-200352.33074999787,-0.0228841807029605,10,time
298040,2024-05-20,2024-05-27,373000.0,447600.0,23,1675583.2780100014,0.1950878097556097,5,target
001440,2024-05-14,2024-05-29,18430.0,18070.0,498,-216365.32694399916,-0.023546901687291233,10,time
000150,2024-05-29,2024-05-30,220500.0,205065.0,41,-668019.1478782501,-0.07380694743940264,1,stop
007660,2024-05-17,2024-05-31,49209.0,46681.0,223,-607054.0907081999,-0.05525591444651701,10,time
010120,2024-05-27,2024-05-31,47000.0,43710.0,197,-684164.5141534992,-0.07380694743940253,4,stop
042700,2024-05-27,2024-06-03,151000.0,140430.0,61,-680617.7060014997,-0.07380694743940253,5,stop
090430,2024-06-03,2024-06-04,194200.0,180606.0,46,-660090.5538218003,-0.07380694743940264,1,stop
257720,2024-06-04,2024-06-05,43000.0,39990.0,203,-645001.8408084987,-0.07380694743940241,1,stop
267260,2024-05-27,2024-06-07,285000.0,265050.0,32,-673893.5488799978,-0.0738069474394023,8,stop
031980,2024-06-07,2024-06-10,65000.0,78000.0,131,1663083.2978499997,0.19508780975560946,1,target
078600,2024-05-31,2024-06-11,117600.0,141120.0,77,1768590.9428879991,0.19508780975560946,6,target
196170,2024-06-05,2024-06-11,230500.0,276600.0,36,1620700.5526200002,0.1950878097556097,3,target
000100,2024-06-07,2024-06-12,80200.0,74586.0,106,-628169.2804537993,-0.07380694743940253,3,stop
237690,2024-06-10,2024-06-12,106400.0,98952.0,96,-754760.7747456003,-0.07380694743940264,2,stop
145020,2024-06-12,2024-06-14,240000.0,223199.99999999997,38,-673893.5488799997,-0.07380694743940253,2,stop
003230,2024-06-04,2024-06-17,579000.0,694800.0,15,1696286.3701500017,0.1950878097556099,8,target
000150,2024-06-14,2024-06-21,225500.0,209715.0,38,-633179.1469684979,-0.0738069474394023,5,stop
402340,2024-06-11,2024-06-25,89400.0,95600.0,116,674579.7891599983,0.06497384985678845,10,time
214150,2024-06-13,2024-06-27,53800.0,51400.0,173,-452119.55632000044,-0.04852054799506922,10,time
042700,2024-06-13,2024-06-27,175900.0,173700.0,52,-151548.15883999877,-0.016549400442725903,10,time
082740,2024-06-17,2024-07-01,15300.0,15700.0,682,229232.69423999824,0.021943279584045072,10,time
087010,2024-07-01,2024-07-02,47873.0,57447.6,223,2085090.245227009,0.19508780975560946,1,target
000100,2024-07-02,2024-07-03,83200.0,77376.0,153,-940613.5219103992,-0.07380694743940253,1,stop
021240,2024-06-27,2024-07-04,65600.0,61007.99999999999,136,-659233.4085184028,-0.07380694743940286,5,stop
009540,2024-06-21,2024-07-05,151500.0,155700.0,52,185470.52627999987,0.023515797463962596,10,time
329180,2024-06-25,2024-07-09,152000.0,152400.0,73,-16359.710259998217,-0.0014726852699838977,10,time
000250,2024-07-04,2024-07-10,179000.0,214800.0,46,1608200.5724600004,0.1950878097556097,4,target
298380,2024-07-05,2024-07-10,29400.0,27341.999999999996,276,-599587.9180956008,-0.07380694743940264,3,stop
086280,2024-06-27,2024-07-11,114044.0,126300.0,78,916694.4991152007,0.10293388496350464,10,time
032820,2024-07-10,2024-07-11,2925.0,2720.25,2977,-643429.7919869628,-0.07380694743940264,1,stop
034020,2024-07-10,2024-07-12,22350.0,20785.5,389,-642426.7103064749,-0.07380694743940253,2,stop
105560,2024-07-03,2024-07-17,84300.0,84100.0,140,-76284.41100000031,-0.0064562593866472895,10,time
950160,2024-07-17,2024-07-18,18050.0,17508.5,653,-400861.12002402544,-0.03397068711421558,1,stop
141080,2024-07-09,2024-07-19,81800.0,76074.0,135,-815987.5504694972,-0.0738069474394023,8,stop
039490,2024-07-12,2024-07-19,144600.0,134478.0,57,-609031.2948003002,-0.07380694743940264,5,stop
267270,2024-07-18,2024-07-19,63700.0,61789.0,178,-385623.0477280989,-0.03397068711421547,1,stop
079550,2024-07-19,2024-07-22,230500.0,223585.0,41,-321409.2227042485,-0.03397068711421547,1,stop
010140,2024-07-19,2024-07-22,11000.0,10670.0,875,-327343.9255624991,-0.03397068711421547,1,stop
226950,2024-07-19,2024-07-22,11680.0,13431.999999999998,824,1399949.6652895976,0.14529248434912567,1,target
267270,2024-07-22,2024-07-23,59400.0,68310.0,166,1434289.7658870015,0.14529248434912612,1,target
087010,2024-07-22,2024-07-23,79467.0,77082.98999999999,124,-335129.0313612204,-0.0339706871142158,1,stop
009540,2024-07-11,2024-07-25,165500.0,183800.0,54,948661.1235900018,0.10602789241229149,10,time
012450,2024-07-11,2024-07-25,263321.0,315985.2,33,1697183.4390386716,0.1950878097556097,10,target
226950,2024-07-24,2024-07-25,15660.0,15190.199999999999,657,-349913.4814982712,-0.03397068711421569,1,stop
082740,2024-07-24,2024-07-25,16900.0,16393.0,609,-350031.83545785025,-0.03397068711421558,1,stop
090430,2024-07-23,2024-07-26,177700.0,172369.0,57,-344481.4428706486,-0.03397068711421547,3,stop
010120,2024-07-25,2024-07-26,49900.0,48403.0,201,-341114.47677914985,-0.03397068711421558,1,stop
272210,2024-07-25,2024-07-26,22000.0,21340.0,456,-341185.8972720001,-0.03397068711421558,1,stop
347850,2024-07-25,2024-07-29,9522.0,9236.34,1054,-341328.3301405981,-0.03397068711421558,2,stop
010140,2024-07-29,2024-08-02,11990.0,11150.699999999999,814,-721173.9793828912,-0.07380694743940275,4,stop
145020,2024-07-25,2024-08-05,240000.0,232800.0,41,-334656.02363999933,-0.03397068711421547,7,stop
316140,2024-07-29,2024-08-05,16110.0,14982.3,606,-721380.8765250891,-0.07380694743940253,5,stop
055550,2024-07-29,2024-08-05,58400.0,54312.0,167,-720652.303017199,-0.07380694743940253,5,stop
005940,2024-08-02,2024-08-05,13880.0,12908.4,653,-669729.0049748607,-0.07380694743940264,1,stop
087010,2024-08-06,2024-08-07,56208.0,61828.8,160,859820.4759936016,0.09549715894264232,1,target
310210,2024-08-06,2024-08-07,64600.0,71060.0,139,858493.4509030022,0.09549715894264232,1,target
329180,2024-07-26,2024-08-09,184500.0,221400.0,53,1909860.249915002,0.1950878097556099,10,target
000250,2024-08-06,2024-08-09,158400.0,163800.0,56,265155.83640000224,0.029857866361368446,3,time
000100,2024-08-06,2024-08-09,86400.0,88800.0,104,212039.3807999976,0.023570577799943093,3,time
087010,2024-08-09,2024-08-12,63961.0,62042.17,155,-337171.21532986686,-0.03397068711421558,1,stop
214450,2024-08-16,2024-08-26,184600.0,171678.0,53,-722942.9499487001,-0.07380694743940264,6,stop
145020,2024-08-20,2024-08-27,289000.0,268770.0,34,-726061.1854489986,-0.07380694743940241,5,stop
000100,2024-08-26,2024-08-28,110300.0,132360.0,84,1809606.5027880017,0.1950878097556097,2,target
310210,2024-08-28,2024-08-29,87700.0,81561.0,127,-822999.8857533485,-0.07380694743940241,1,stop
259960,2024-08-16,2024-08-30,334500.0,327000.0,29,-256613.3882249985,-0.02642323420507131,10,time
138040,2024-08-19,2024-09-02,89200.0,92500.0,112,327567.74344000034,0.032750582982005616,10,time
326030,2024-08-19,2024-09-02,108200.0,112400.0,92,344465.7514000032,0.03456461657833154,10,time
237690,2024-08-27,2024-09-03,113400.0,105462.0,80,-670346.7407280002,-0.07380694743940264,5,stop
298380,2024-08-30,2024-09-03,33500.0,31154.999999999996,283,-700531.5559382495,-0.07380694743940253,2,stop
000100,2024-09-04,2024-09-05,142200.0,132246.0,66,-693489.6639198009,-0.07380694743940264,1,stop
021240,2024-08-29,2024-09-12,68600.0,63797.99999999999,150,-760346.9975850005,-0.07380694743940264,10,stop
180640,2024-09-27,2024-09-30,91900.0,85467.0,101,-685856.6372093502,-0.07380694743940264,1,stop
347850,2024-09-27,2024-09-30,10635.0,9890.55,877,-689181.4003926683,-0.07380694743940264,1,stop
138040,2024-09-27,2024-10-16,99400.0,102800.0,93,277383.24614999816,0.029971720681393643,10,time
226950,2024-11-04,2024-11-05,21900.0,21243.0,416,-309842.5038383994,-0.03397068711421547,1,stop
000100,2024-11-04,2024-11-07,133900.0,129883.0,68,-309665.6530942004,-0.03397068711421558,3,stop
226950,2024-11-07,2024-11-08,19800.0,19206.0,454,-305720.52110819705,-0.03397068711421525,1,stop
226950,2024-11-11,2024-11-12,22350.0,21679.5,399,-303287.12288752384,-0.03397068711421547,1,stop
180640,2024-11-12,2024-11-13,77200.0,74884.0,114,-299313.0826067999,-0.03397068711421558,1,stop
347850,2024-11-13,2024-11-14,9809.0,9514.73,897,-299240.74385047145,-0.03397068711421569,1,stop
440110,2024-11-13,2024-11-15,17720.0,17188.399999999998,497,-299518.5015481431,-0.033970687114215914,2,stop
226950,2024-11-14,2024-11-15,20200.0,22220.0,432,834304.8811680004,0.0954971589426421,1,target
226950,2024-11-18,2024-11-19,20150.0,19545.5,439,-300845.2222272251,-0.03397068711421558,1,stop
141080,2024-11-19,2024-11-20,113900.0,110483.0,77,-298275.7849725485,-0.03397068711421547,1,stop
310210,2024-11-19,2024-11-20,99000.0,96030.0,88,-296293.0160520002,-0.03397068711421558,1,stop
440110,2024-11-19,2024-11-21,17570.0,17042.899999999998,500,-298775.7284225002,-0.03397068711421558,2,stop
010130,2024-11-20,2024-11-21,990000.0,960300.0,8,-269357.2873200001,-0.03397068711421558,1,stop
087010,2024-11-25,2024-11-26,81500.0,79055.0,105,-291038.5083637489,-0.03397068711421547,1,stop
010130,2024-11-25,2024-11-26,940000.0,911800.0,9,-287722.5569099998,-0.03397068711421558,1,stop
298040,2024-11-26,2024-11-29,391000.0,403500.0,21,228075.81667500082,0.027744951484204083,3,time
087010,2024-11-28,2024-12-03,81100.0,89210.0,104,806387.6386280023,0.09549715894264232,3,target
000150,2024-11-29,2024-12-03,192800.0,212080.00000000003,44,811053.2599840034,0.09549715894264255,2,target
298040,2024-12-03,2024-12-04,386000.0,424600.00000000006,22,811894.601540003,0.09549715894264255,1,target
272210,2024-12-05,2024-12-06,22650.0,21970.5,396,-305047.12788989954,-0.03397068711421558,1,stop
443060,2024-12-06,2024-12-09,126800.0,122996.0,70,-301870.6164459996,-0.03397068711421558,1,stop
042660,2024-12-06,2024-12-09,32600.0,31622.0,273,-302680.04869829863,-0.03397068711421547,1,stop
272210,2024-12-09,2024-12-10,20600.0,19982.0,427,-299156.63771769963,-0.03397068711421558,1,stop
083650,2024-12-09,2024-12-10,13250.0,12852.5,663,-298767.2259828765,-0.0339706871142158,1,stop
087010,2024-12-09,2024-12-10,82400.0,79928.0,106,-297054.8346423991,-0.03397068711421547,1,stop
083650,2024-12-12,2024-12-13,14150.0,13725.5,609,-293073.99240997527,-0.03397068711421558,1,stop
272210,2024-12-13,2024-12-17,21200.0,20564.0,403,-290565.7727205986,-0.03397068711421547,2,stop
083650,2024-12-16,2024-12-17,13250.0,14575.000000000002,646,818348.0737025011,0.09549715894264232,1,target
010130,2024-12-18,2024-12-19,1123000.0,1089310.0,7,-267350.7115684999,-0.03397068711421558,1,stop
010130,2024-12-24,2024-12-26,1128000.0,1240800.0,7,754912.8325200006,0.0954971589426421,1,target
