code,entry_date,exit_date,entry_price,exit_price,shares,pnl_krw,pnl_pct,hold_days,reason
011070,2014-05-30,2014-06-17,132000.0,143500.0,15,163877.02537499997,0.08267109027733577,10,time
066570,2014-05-30,2014-06-17,74200.0,77800.0,26,85417.81508000009,0.044225422270737,10,time
005830,2014-06-02,2014-06-18,57100.0,53103.0,35,-147672.8352452498,-0.07380694743940253,10,stop
000660,2014-06-02,2014-06-18,44200.0,49000.0,45,207211.90139999986,0.10405925109398306,10,time
180640,2014-06-03,2014-06-19,26263.0,25236.0,79,-89396.66696075001,-0.04303786166239698,10,time
051910,2014-06-17,2014-07-01,288500.0,294000.0,7,30110.18517499999,0.01489259407322141,10,time
086520,2014-06-17,2014-07-01,1106.0,1110.0,1887,-1027.2854417997878,-0.000491660014521722,10,time
067310,2014-06-18,2014-07-02,5024.0,5663.0,409,252159.4772532503,0.12257534943040382,10,time
034220,2014-06-18,2014-07-02,28051.0,29947.0,73,129607.98789700028,0.0632209974317981,10,time
017670,2014-06-19,2014-07-03,41149.0,42444.0,48,53882.181285599945,0.027248677514785546,10,time
000250,2014-07-01,2014-07-08,8060.0,9672.0,258,406147.79286119994,0.19508780975560946,5,target
028300,2014-07-03,2014-07-08,2244.0,2086.92,970,-160838.88267282,-0.07380694743940253,3,stop
010130,2014-07-01,2014-07-15,400000.0,428000.0,5,131390.8729999999,0.06561996369875178,10,time
000720,2014-07-02,2014-07-16,57405.0,58378.0,39,28660.100677649956,0.012786867548020941,10,time
000250,2014-07-15,2014-07-16,10550.0,9811.5,204,-159030.01051529963,-0.07380694743940241,1,stop
016360,2014-07-03,2014-07-17,44570.0,45783.0,48,49284.82758479938,0.023010717112427193,10,time
034220,2014-07-09,2014-07-23,30686.0,30224.0,73,-42806.86172529962,-0.019087587117535998,10,time
021240,2014-07-10,2014-07-24,91000.0,92100.0,25,18095.52362500038,0.007944938447725924,10,time
006400,2014-07-16,2014-07-25,170840.0,158881.19999999998,12,-151484.1761719205,-0.07380694743940286,7,stop
035720,2014-07-23,2014-07-29,26413.0,24564.09,83,-161991.5214303832,-0.07380694743940241,4,stop
006800,2014-07-16,2014-07-30,9217.0,10170.0,231,210768.4191574501,0.09887915674067393,10,time
005940,2014-07-17,2014-07-31,9570.0,11484.0,237,442985.6250171,0.1950878097556097,10,target
047040,2014-07-29,2014-08-04,10250.0,9532.5,198,-149963.48217674997,-0.07380694743940253,4,stop
000720,2014-07-24,2014-08-07,61394.0,60227.0,37,-52361.08710864931,-0.023024053407076694,10,time
098460,2014-07-25,2014-08-08,5320.0,5530.0,362,67903.41175099998,0.0352186071347933,10,time
055550,2014-07-30,2014-08-13,51400.0,51200.0,45,-18452.60415000003,-0.007968614470051705,10,time
033780,2014-08-08,2014-08-13,102000.0,94860.0,19,-143202.37913700007,-0.07380694743940264,3,stop
095340,2014-07-31,2014-08-14,19281.0,20721.0,142,192656.71275959956,0.07028570898578845,10,time
005940,2014-08-13,2014-08-18,12000.0,11160.0,174,-154286.1546120001,-0.07380694743940264,2,stop
005830,2014-08-04,2014-08-19,59400.0,60900.0,31,38816.49019499961,0.021055662375373263,10,time
066570,2014-08-07,2014-08-22,79400.0,74500.0,28,-145906.64577999967,-0.06555371718311365,10,time
090430,2014-08-13,2014-08-28,200051.0,215656.0,10,147391.4667155,0.07359230354866075,10,time
058470,2014-08-14,2014-08-29,8038.0,8069.0,376,-764.3031524005346,-0.0002525983953293176,10,time
131290,2014-08-18,2014-09-01,8470.0,9230.0,228,164854.88198400033,0.085267658800106,10,time
086280,2014-08-20,2014-09-03,157061.0,151810.0,12,-70550.24615580007,-0.037389504720039324,10,time
042700,2014-09-02,2014-09-04,3480.0,3236.3999999999996,604,-155314.72897607996,-0.07380694743940253,2,stop
039030,2014-08-22,2014-09-05,78900.0,83100.0,26,100471.02545999992,0.048920542782965315,10,time
058610,2014-08-29,2014-09-15,7400.0,6881.999999999999,408,-223094.23276080005,-0.07380694743940264,8,stop
105560,2014-09-04,2014-09-15,43250.0,40222.5,45,-143811.98678812524,-0.07380694743940275,4,stop
006800,2014-08-28,2014-09-16,11485.0,11193.0,189,-63921.12231959961,-0.029413883718289013,10,time
032820,2014-09-16,2014-09-18,570.0,530.0999999999999,3988,-167967.96705833962,-0.07380694743940241,2,stop
017670,2014-09-03,2014-09-22,48482.0,51243.0,37,94504.34555734997,0.05262235873290955,10,time
005490,2014-09-15,2014-09-23,361000.0,335730.0,6,-160049.71785899973,-0.07380694743940241,6,stop
131290,2014-09-05,2014-09-24,9630.0,11200.0,225,343328.8264875002,0.15827132825050438,10,time
180640,2014-09-22,2014-09-24,28513.0,26517.089999999997,66,-139053.94365221728,-0.07380694743940275,2,stop
000720,2014-09-19,2014-09-29,63340.0,58906.2,33,-154450.19448902993,-0.07380694743940253,6,stop
058470,2014-09-17,2014-09-30,8639.0,8034.2699999999995,263,-167886.46436268045,-0.07380694743940253,9,stop
030200,2014-09-24,2014-09-30,36700.0,34131.0,57,-154574.33277434995,-0.07380694743940253,4,stop
034220,2014-09-29,2014-10-01,32859.0,30558.87,60,-145680.7113332101,-0.07380694743940264,2,stop
028300,2014-09-23,2014-10-08,2383.0,2601.0,851,176660.2086395002,0.08701335612475192,10,time
034730,2014-09-24,2014-10-10,234500.0,240000.0,9,40704.820424999576,0.01926465650798237,10,time
000250,2014-11-11,2014-11-14,10300.0,10400.0,198,11383.759530000156,0.005575503354234623,3,time
028300,2014-11-18,2014-11-20,2817.0,3098.7000000000003,727,195799.20587320533,0.09549715894264232,2,target
028300,2014-11-24,2014-11-25,2875.0,2788.75,726,-70986.86842912505,-0.03397068711421558,1,stop
028300,2014-11-27,2014-11-28,2819.0,3100.9,736,198363.86351407995,0.0954971589426421,1,target
028300,2015-03-11,2015-03-12,5012.0,5513.200000000001,421,201735.73101373995,0.0954971589426421,1,target
000990,2015-03-30,2015-04-02,6000.0,5820.0,359,-73257.01980899973,-0.03397068711421547,3,stop
039490,2015-04-07,2015-04-08,81200.0,78764.0,26,-71801.40214519994,-0.03397068711421558,1,stop
021240,2015-04-08,2015-04-09,101500.0,98455.0,21,-72491.80024274997,-0.03397068711421558,1,stop
028300,2015-04-07,2015-04-10,6562.0,7546.299999999999,326,311168.9057911099,0.1452924843491259,3,target
064760,2015-04-10,2015-04-13,14500.0,16675.0,176,371212.88006000035,0.14529248434912612,1,target
028300,2015-04-13,2015-04-14,7858.0,7622.26,373,-99683.75849528844,-0.03397068711421536,1,stop
196170,2015-04-14,2015-04-15,6376.0,6184.72,444,-96279.72176702367,-0.03397068711421547,1,stop
058470,2015-04-07,2015-04-16,8619.0,8870.0,248,53304.538105200045,0.024909006510060783,7,time
028050,2015-04-07,2015-04-16,26805.0,28987.0,79,163191.49320809962,0.07697601011583188,7,time
096770,2015-04-07,2015-04-16,102822.0,118245.29999999999,20,299128.92440070026,0.1452924843491259,7,target
064760,2015-04-15,2015-04-16,16650.0,16150.5,164,-92867.04656009981,-0.03397068711421547,1,stop
010170,2015-04-16,2015-04-17,1007.0,976.79,2352,-80550.88865594426,-0.03397068711421569,1,stop
051910,2015-04-16,2015-04-17,277000.0,268690.0,8,-75365.62483599968,-0.03397068711421547,1,stop
034020,2015-04-16,2015-04-17,24710.0,23968.7,95,-79836.20759082539,-0.0339706871142158,1,stop
009540,2015-04-09,2015-04-20,124452.0,129904.0,16,78814.36871999991,0.03953523472565523,7,time
016360,2015-04-16,2015-04-20,64697.0,62756.09,36,-79211.85644428199,-0.03397068711421558,2,stop
068270,2015-04-17,2015-04-20,65680.0,63709.6,35,-78181.63283979986,-0.03397068711421547,1,stop
024110,2015-04-17,2015-04-20,15150.0,14695.5,152,-78317.67187379999,-0.03397068711421558,1,stop
005830,2015-04-20,2015-04-21,52700.0,51119.0,41,-73484.88519094978,-0.03397068711421547,1,stop
000100,2015-04-20,2015-04-22,31718.0,30766.46,69,-74431.78488710709,-0.03397068711421558,2,stop
028260,2015-04-21,2015-04-22,165000.0,160050.0,12,-67339.3218299998,-0.03397068711421547,1,stop
141080,2015-04-22,2015-04-23,13262.0,12864.14,157,-70812.87450463907,-0.03397068711421558,1,stop
009830,2015-04-22,2015-04-23,22130.0,21466.1,94,-70747.77982687019,-0.03397068711421569,1,stop
064760,2015-04-20,2015-04-24,17400.0,16878.0,126,-74562.99453540007,-0.03397068711421558,4,stop
032820,2015-04-23,2015-04-24,705.0,683.85,2861,-68597.85294329259,-0.03397068711421558,1,stop
078600,2015-04-17,2015-04-27,6330.0,6140.099999999999,363,-78147.28298371518,-0.03397068711421569,6,stop
000990,2015-04-24,2015-04-27,7710.0,7478.7,263,-68962.6076032049,-0.03397068711421558,1,stop
039030,2015-04-24,2015-04-27,116900.0,113393.0,17,-67587.59306704998,-0.03397068711421558,1,stop
028260,2015-04-24,2015-04-27,175500.0,170235.0,11,-65655.83878424997,-0.03397068711421558,1,stop
196170,2015-04-20,2015-04-28,6195.0,6009.15,354,-74584.42068325542,-0.0339706871142158,6,stop
009830,2015-04-27,2015-04-28,22613.0,21934.61,89,-68446.5775374847,-0.03397068711421569,1,stop
078930,2015-04-27,2015-04-30,50100.0,48597.0,40,-68155.55603400012,-0.03397068711421569,3,stop
066970,2015-04-28,2015-05-04,7981.0,7741.57,255,-69215.13006006763,-0.03397068711421569,3,stop
067310,2015-04-29,2015-05-04,7223.0,7006.3099999999995,282,-69274.000952031,-0.03397068711421558,2,stop
095340,2015-04-30,2015-05-04,39459.0,38275.229999999996,50,-67099.55303257518,-0.03397068711421569,1,stop
000990,2015-04-29,2015-05-06,8280.0,8031.599999999999,246,-69273.79689348023,-0.03397068711421569,3,stop
047810,2015-04-30,2015-05-07,64800.0,62856.0,30,-66114.970524,-0.03397068711421558,3,stop
000100,2015-05-06,2015-05-07,35457.0,34393.29,55,-66323.62039239751,-0.03397068711421558,1,stop
000990,2015-05-12,2015-05-13,10050.0,9748.5,192,-65625.23000159976,-0.03397068711421547,1,stop
080220,2015-05-12,2015-05-13,4555.0,4418.349999999999,424,-65683.72678622021,-0.03397068711421569,1,stop
000250,2015-05-13,2015-05-15,12600.0,12222.0,151,-64706.966522099916,-0.03397068711421558,2,stop
028300,2015-05-12,2015-05-18,8991.0,10339.65,215,281182.8471760126,0.1452924843491259,4,target
036930,2015-05-13,2015-05-18,6740.0,6537.8,282,-64641.66778578004,-0.03397068711421558,3,stop
000990,2015-05-15,2015-05-18,11800.0,11446.0,155,-62203.84829649981,-0.03397068711421547,1,stop
084370,2015-05-18,2015-05-19,18216.0,17669.52,106,-65669.30664861575,-0.03397068711421547,1,stop
039030,2015-05-18,2015-05-19,112300.0,108931.0,17,-64928.029952350305,-0.03397068711421569,1,stop
058470,2015-05-18,2015-05-19,10451.0,10137.47,185,-65755.6574254476,-0.03397068711421569,1,stop
090430,2015-05-19,2015-05-20,443000.0,429710.0,4,-60265.29206200014,-0.03397068711421569,1,stop
005290,2015-05-13,2015-05-22,5850.0,6160.0,325,92661.28121249983,0.04868104103911031,7,time
009830,2015-05-20,2015-05-22,22552.0,25934.8,82,268993.1878649199,0.1452924843491259,2,target
028300,2015-05-21,2015-05-22,11676.0,11325.72,161,-63932.76837960654,-0.033970687114215914,1,stop
007660,2015-05-14,2015-05-26,5672.0,6522.799999999999,336,277215.7277097595,0.14529248434912567,7,target
035720,2015-05-20,2015-05-27,22981.0,22291.57,80,-62526.26080707973,-0.03397068711421547,4,stop
009830,2015-05-26,2015-05-27,24185.0,23459.45,83,-68269.6587737673,-0.03397068711421547,1,stop
028260,2015-05-27,2015-05-28,198000.0,192060.0,9,-60605.389647,-0.03397068711421558,1,stop
010170,2015-05-27,2015-05-28,1113.0,1079.61,1765,-66810.30003653257,-0.03397068711421558,1,stop
064760,2015-05-29,2015-06-01,21700.0,21049.0,89,-65683.04659104999,-0.03397068711421558,1,stop
058610,2015-05-29,2015-06-02,6680.0,6479.599999999999,291,-66110.88935298007,-0.03397068711421558,2,stop
086280,2015-06-01,2015-06-02,126049.0,122267.53,15,-64303.44073749753,-0.03397068711421558,1,stop
018260,2015-05-28,2015-06-03,320000.0,310400.0,6,-65298.73632000014,-0.03397068711421569,4,stop
028260,2015-06-01,2015-06-03,188000.0,182360.0,10,-63938.34597999975,-0.03397068711421547,2,stop
028300,2015-06-02,2015-06-03,12812.0,12427.64,146,-63617.02178169205,-0.03397068711421558,1,stop
034730,2015-06-02,2015-06-03,287000.0,278390.0,6,-58564.804137000116,-0.03397068711421569,1,stop
196170,2015-06-03,2015-06-04,6042.0,5860.74,302,-62057.06217881432,-0.0339706871142158,1,stop
003670,2015-06-03,2015-06-04,11280.0,10941.6,161,-61764.44221667992,-0.03397068711421558,1,stop
064760,2015-06-03,2015-06-04,19800.0,22770.0,92,264969.1936979997,0.14529248434912567,1,target
080220,2015-05-28,2015-06-05,4740.0,5451.0,409,281996.6935960504,0.14529248434912612,6,target
028260,2015-06-08,2015-06-09,204500.0,190185.0,10,-151108.80564250005,-0.07380694743940264,1,stop
141080,2015-06-05,2015-06-10,12936.0,12547.92,154,-67752.33633722435,-0.0339706871142158,3,stop
034730,2015-06-05,2015-06-10,272000.0,263840.0,7,-64754.58018400008,-0.03397068711421558,3,stop
012450,2015-06-03,2015-06-11,30558.0,35141.7,59,262252.29942928464,0.14529248434912567,6,target
064760,2015-06-10,2015-06-11,24900.0,23157.0,76,-139832.91139260004,-0.07380694743940264,1,stop
080220,2015-06-11,2015-06-15,6250.0,7500.0,313,382079.4716874999,0.19508780975560946,2,target
005290,2015-06-04,2015-06-16,6680.0,6212.4,281,-138700.88845742028,-0.07380694743940275,8,stop
141080,2015-06-15,2015-06-19,15414.0,18496.8,139,418465.35143574,0.1950878097556097,4,target
095340,2015-06-16,2015-06-22,41261.0,38372.729999999996,42,-128051.74476471334,-0.07380694743940275,4,stop
009830,2015-06-10,2015-06-24,25273.0,23642.0,75,-129732.41542874998,-0.06836459204677847,10,time
096770,2015-06-10,2015-06-24,121518.0,123977.0,15,29306.185161750065,0.01605935876489628,10,time
196170,2015-06-25,2015-06-26,6758.0,8109.599999999999,270,356378.3406053998,0.19508780975560946,1,target
064760,2015-06-15,2015-06-29,24650.0,26950.0,87,190721.30038500018,0.0888308476306181,10,time
005290,2015-06-19,2015-06-29,7520.0,6993.599999999999,342,-190037.98078416009,-0.07380694743940264,6,stop
000100,2015-06-26,2015-06-30,40745.0,37892.85,49,-147525.42103143246,-0.07380694743940253,2,stop
141080,2015-06-26,2015-06-30,19918.0,18523.739999999998,100,-147177.75994070037,-0.07380694743940275,2,stop
000880,2015-06-22,2015-07-06,44796.0,47374.0,35,83538.59359649988,0.05322070979853577,10,time
028300,2015-06-29,2015-07-07,15799.0,14693.07,150,-175112.56872952497,-0.07380694743940253,6,stop
090430,2015-07-03,2015-07-07,445500.0,414315.0,4,-131675.2526430001,-0.07380694743940264,2,stop
141080,2015-07-06,2015-07-07,20568.0,19128.239999999998,85,-129183.6199162202,-0.07380694743940264,1,stop
086520,2015-07-03,2015-07-09,1282.0,1192.26,1467,-138967.9335545313,-0.07380694743940275,4,stop
047810,2015-06-29,2015-07-13,76800.0,80300.0,30,95248.20195000013,0.04129287243245927,10,time
000990,2015-07-09,2015-07-23,16700.0,17000.0,107,24682.294014999876,0.013797044203860409,10,time
000880,2015-07-15,2015-07-23,50389.0,46861.77,38,-141486.75847714348,-0.07380694743940286,6,stop
009830,2015-07-16,2015-07-24,26301.0,24459.929999999997,78,-151587.4769593475,-0.07380694743940286,6,stop
034730,2015-07-15,2015-07-29,295000.0,287500.0,6,-52121.15174999996,-0.02941314885667301,10,time
047810,2015-07-21,2015-08-04,87800.0,96300.0,23,186647.75114500034,0.0923211472994041,10,time
095340,2015-07-30,2015-08-05,41032.0,38159.759999999995,44,-133404.91275179223,-0.07380694743940275,4,stop
021240,2015-08-07,2015-08-10,104500.0,97185.0,18,-138990.5444565001,-0.07380694743940264,1,stop
033780,2015-07-29,2015-08-12,104500.0,114000.0,17,153743.43762500002,0.08644346341419062,10,time
015760,2015-08-03,2015-08-18,50500.0,50800.0,36,3317.6334599999245,0.0018227844155935813,10,time
047810,2015-08-06,2015-08-19,102000.0,94860.0,18,-135665.41181399976,-0.07380694743940241,8,stop
047810,2015-08-21,2015-08-25,82100.0,90310.00000000001,22,172685.3543690003,0.09549715894264232,2,target
066970,2015-11-06,2015-11-09,8390.0,8138.3,224,-63916.57973455987,-0.03397068711421547,1,stop
032820,2015-11-10,2015-11-13,666.0,646.02,2802,-63466.698649121914,-0.03397068711421558,3,stop
066970,2015-11-11,2015-11-16,8204.0,8511.0,227,61851.44269794994,0.03317409686636519,3,time
087010,2015-12-14,2015-12-17,25849.0,26080.0,72,8955.693262799876,0.004806442493787477,3,time
028050,2016-01-25,2016-01-26,10850.0,10524.5,172,-63469.01131269988,-0.03397068711421547,1,stop
028050,2016-01-28,2016-01-29,11000.0,12100.000000000002,168,176681.72676000022,0.09549715894264232,1,target
196170,2016-02-04,2016-02-05,5561.0,5394.17,340,-64303.610786289675,-0.03397068711421547,1,stop
068270,2016-02-15,2016-02-18,75858.0,78634.0,24,58966.43898239988,0.03235139814217125,3,time
042660,2016-04-05,2016-04-06,21766.0,21113.02,86,-63662.05070194579,-0.03397068711421547,1,stop
001440,2016-04-11,2016-04-12,29822.0,28927.34,62,-62882.81911519379,-0.03397068711421547,1,stop
001440,2016-04-14,2016-04-18,28687.0,27826.39,64,-62440.82829372818,-0.03397068711421569,2,stop
086520,2016-04-29,2016-05-02,1916.0,1858.52,966,-62947.16557827615,-0.03397068711421569,1,stop
058610,2016-05-02,2016-05-03,6160.0,5975.2,298,-62431.03348327987,-0.03397068711421547,1,stop
032820,2016-05-02,2016-05-03,770.0,746.9,2388,-62535.78353945981,-0.03397068711421547,1,stop
028300,2016-05-11,2016-05-13,7956.0,7717.32,228,-61692.61360672815,-0.03397068711421569,2,stop
082740,2016-05-16,2016-05-17,2050.0,1988.5,880,-61353.60433400003,-0.03397068711421558,1,stop
012450,2016-05-03,2016-05-19,44819.0,45431.0,40,17060.742704000324,0.00950553494810813,10,time
006260,2016-05-18,2016-06-01,53800.0,57500.0,33,114464.09881499992,0.06439821965532144,10,time
043260,2016-05-30,2016-06-03,1175.0,1092.75,1529,-132752.2261599875,-0.07380694743940253,4,stop
086520,2016-06-08,2016-06-09,1952.0,1815.36,943,-136015.36355166417,-0.07380694743940264,1,stop
145020,2016-06-01,2016-06-14,115944.0,107827.92,15,-128509.72636734019,-0.07380694743940264,8,stop
035420,2016-06-01,2016-06-16,140198.0,140399.0,12,-4489.824019800406,-0.0026656740117679822,10,time
021240,2016-06-02,2016-06-17,108500.0,103000.0,17,-100783.48722499982,-0.054577231913764956,10,time
005930,2016-06-08,2016-06-22,28380.0,28900.0,64,25738.24627200002,0.014154266559111894,10,time
012450,2016-06-09,2016-06-23,48741.0,48436.0,35,-17634.792383250082,-0.010325442076097757,10,time
005290,2016-06-16,2016-06-30,8200.0,9310.0,201,215697.60732450034,0.1307182427667406,10,time
035420,2016-06-23,2016-07-07,146808.0,150813.0,11,37306.98965564999,0.023075365174654028,10,time
033780,2016-07-01,2016-07-12,137500.0,127874.99999999999,13,-132081.65774375014,-0.07380694743940264,7,stop
066970,2016-07-12,2016-07-14,10754.0,12904.8,154,323459.6428540398,0.19508780975560946,2,target
010170,2016-07-14,2016-07-15,1450.0,1348.5,1369,-146678.9900443249,-0.07380694743940253,1,stop
214370,2016-07-05,2016-07-19,21744.0,21248.0,82,-47859.2202959999,-0.026811006036638663,10,time
012450,2016-07-05,2016-07-19,50116.0,53784.0,35,120813.04064900009,0.06879710338507516,10,time
005290,2016-07-06,2016-07-20,9960.0,10750.0,187,139661.5051094999,0.07489909260983962,10,time
043260,2016-07-19,2016-07-20,1335.0,1241.55,1353,-133467.49913730775,-0.07380694743940275,1,stop
066970,2016-07-20,2016-07-21,13906.0,12932.58,131,-134607.7240663392,-0.07380694743940264,1,stop
034220,2016-07-08,2016-07-22,25695.0,27821.0,64,128923.46858880017,0.07830764594962769,10,time
036930,2016-07-15,2016-07-29,9670.0,11050.0,190,253897.39843000006,0.13803173886586406,10,time
084370,2016-07-21,2016-08-04,18700.0,20050.0,95,120591.46028749994,0.06780350203208418,10,time
064350,2016-07-22,2016-08-05,20250.0,21500.0,87,101209.39571249997,0.0573822185080497,10,time
098460,2016-07-22,2016-08-05,9190.0,9230.0,193,428.3866600000765,0.0002412480997711075,10,time
031980,2016-07-22,2016-08-05,11230.0,12247.0,158,152940.6894497003,0.08609679475192578,10,time
009540,2016-07-29,2016-08-12,114459.0,126724.0,18,211675.79327309993,0.10262413909107093,10,time
012450,2016-08-04,2016-08-19,59997.0,59591.0,32,-20821.849507200066,-0.010832796207219664,10,time
145020,2016-08-18,2016-08-22,127880.0,153456.0,17,424600.8885723995,0.19508780975560924,2,target
084370,2016-08-08,2016-08-23,20800.0,22200.0,89,116646.08513000002,0.06293867694609512,10,time
034020,2016-08-08,2016-08-23,20961.0,21613.0,89,50211.61960679991,0.026884564677575273,10,time
064350,2016-08-10,2016-08-25,22050.0,23800.0,85,140630.42621250008,0.07494670718758534,10,time
006260,2016-08-19,2016-09-02,60100.0,61800.0,33,47806.654334999854,0.024076908526021512,10,time
035420,2016-08-22,2016-09-05,160226.0,170241.0,16,149261.39337679977,0.05815610356935785,10,time
003490,2016-09-02,2016-09-06,21274.0,19784.82,96,-150909.5932512961,-0.07380694743940264,2,stop
066970,2016-08-26,2016-09-09,14509.0,15390.0,136,111376.10984440008,0.056378879324260334,10,time
105560,2016-08-26,2016-09-09,37750.0,39750.0,52,95648.63620000007,0.048669766838531636,10,time
086790,2016-08-30,2016-09-13,29600.0,28400.0,68,-89608.29608000023,-0.04446808003774472,10,time
034020,2016-09-06,2016-09-21,22605.0,21022.649999999998,101,-168702.82137233298,-0.07380694743940275,8,stop
003230,2016-09-19,2016-09-21,29650.0,35580.0,68,393788.43747800007,0.1950878097556097,2,target
012330,2016-09-06,2016-09-23,273000.0,288000.0,8,110695.76520000026,0.05062664593899746,10,time
003230,2016-09-23,2016-09-26,35050.0,42060.0,65,444969.99686750025,0.1950878097556097,1,target
000660,2016-09-09,2016-09-28,38550.0,41200.0,55,136631.11316250032,0.06436700739150725,10,time
010170,2016-09-20,2016-10-05,1496.0,1558.0,1381,76902.79921970004,0.03718070833290987,10,time
161390,2016-09-22,2016-10-07,62000.0,59300.0,36,-106060.63193999976,-0.047463613998553034,10,time
003230,2016-09-30,2016-10-07,46700.0,43431.0,55,-189791.18205024954,-0.07380694743940241,4,stop
035420,2016-09-23,2016-10-10,176650.0,174647.0,12,-32652.50503020012,-0.015385882109689941,10,time
237690,2016-09-29,2016-10-10,57300.0,53289.0,45,-190530.10041524982,-0.07380694743940253,6,stop
031980,2016-10-05,2016-10-11,12840.0,11941.199999999999,168,-159393.55835088016,-0.07380694743940264,4,stop
028260,2016-10-07,2016-10-12,166500.0,154845.0,13,-159938.8801042498,-0.07380694743940253,3,stop
005930,2016-10-10,2016-10-12,33000.0,30689.999999999996,69,-168251.71171050007,-0.07380694743940264,2,stop
009540,2016-10-07,2016-10-21,132628.0,138533.0,17,90848.94681755034,0.040247280293212784,10,time
000720,2016-10-12,2016-10-26,41691.0,41108.0,50,-37606.96715250006,-0.01802008260308785,10,time
086790,2016-10-12,2016-10-26,30700.0,32150.0,68,89753.91995000001,0.04294443766674405,10,time
105560,2016-10-12,2016-10-26,40050.0,42950.0,52,141820.52274000016,0.06801958861846513,10,time
009830,2016-10-21,2016-10-28,34887.0,32444.909999999996,67,-172716.92149835825,-0.07380694743940253,5,stop
131970,2016-10-17,2016-10-31,5887.0,5711.0,365,-72856.64500900009,-0.033867493132568094,10,time
000660,2016-10-27,2016-11-09,42900.0,39897.0,50,-158497.9892924996,-0.07380694743940241,9,stop
032640,2016-11-02,2016-11-09,12400.0,11532.0,172,-157596.50888719992,-0.07380694743940253,5,stop
030200,2016-11-02,2016-11-16,32850.0,31000.0,65,-128646.17853749963,-0.06017955092785632,10,time
086790,2016-11-11,2016-11-17,35000.0,32549.999999999996,58,-150000.4280950001,-0.07380694743940264,4,stop
003230,2016-11-09,2016-11-21,50800.0,47244.0,40,-150148.21176799992,-0.07380694743940253,8,stop
222800,2016-11-08,2016-11-22,9894.0,10465.0,216,114214.1196924001,0.05338201006438714,10,time
005490,2016-12-09,2016-12-19,278000.0,258539.99999999997,7,-143793.5138290003,-0.07380694743940275,6,stop
047050,2016-12-09,2016-12-23,27650.0,28100.0,72,24145.786620000144,0.012114751480790664,10,time
000660,2016-12-09,2016-12-23,46450.0,46300.0,43,-14616.524847500259,-0.007309551638236211,10,time
024110,2016-12-09,2016-12-23,13750.0,13450.0,146,-51898.01191000012,-0.02582236113860925,10,time
055550,2016-12-09,2016-12-23,47250.0,46800.0,42,-26977.159754999913,-0.01357831575727464,10,time
222800,2017-01-13,2017-01-17,12843.0,11943.99,156,-148042.885562442,-0.07380694743940253,2,stop
083650,2017-01-12,2017-01-20,4030.0,4836.0,489,384895.8734673003,0.1950878097556097,6,target
083650,2017-01-23,2017-01-25,4850.0,5820.0,486,460370.36304900004,0.1950878097556097,2,target
078600,2017-01-12,2017-01-26,4540.0,4850.0,434,126068.44000099949,0.06390893489623806,10,time
005930,2017-01-12,2017-01-26,38000.0,39900.0,51,88672.02235499979,0.04570183353615831,10,time
000660,2017-01-12,2017-01-26,51600.0,53300.0,38,56373.80541000003,0.02871738145952829,10,time
005940,2017-01-17,2017-02-02,10900.0,11150.0,171,34985.33588250005,0.018748400517969888,10,time
131970,2017-01-31,2017-02-07,7773.0,7228.889999999999,293,-168287.8448185483,-0.07380694743940253,5,stop
011070,2017-01-26,2017-02-13,99500.0,105000.0,22,111672.3261500001,0.05095661661925477,10,time
105560,2017-01-26,2017-02-13,46000.0,47950.0,48,84275.23692000052,0.038124284017780674,10,time
000660,2017-01-31,2017-02-13,53300.0,49569.0,42,-165414.26518890006,-0.07380694743940264,9,stop
028050,2017-02-02,2017-02-16,12750.0,12400.0,152,-60985.47534000012,-0.03143210189741452,10,time
005940,2017-02-07,2017-02-21,11700.0,11700.0,180,-8630.809200000018,-0.004093491870325372,10,time
006260,2017-02-13,2017-02-27,70400.0,66600.0,31,-126396.63139000046,-0.05784980907050685,10,time
071050,2017-02-13,2017-02-27,48600.0,46950.0,45,-82993.87068750011,-0.037905132578431644,10,time
003670,2017-02-14,2017-02-28,11598.0,11917.0,198,53564.67239309987,0.023298659888026485,10,time
098460,2017-02-20,2017-03-07,9560.0,10180.0,197,114061.70314900018,0.06049458710879585,10,time
011070,2017-02-21,2017-03-08,115000.0,126000.0,18,188933.01210000017,0.09116713064642612,10,time
028050,2017-03-07,2017-03-10,13200.0,12276.0,161,-157034.9309297998,-0.07380694743940253,3,stop
009540,2017-03-02,2017-03-16,151705.0,161244.0,14,124448.2556807003,0.05852772813593021,10,time
006400,2017-03-02,2017-03-16,125805.0,133148.0,17,115698.23310345039,0.05403568812408044,10,time
000720,2017-03-02,2017-03-16,46751.0,48503.0,46,71541.04313720018,0.03322823819412668,10,time
010140,2017-03-08,2017-03-22,10327.0,9705.0,218,-144422.4764974001,-0.06407740278895202,10,time
105560,2017-03-10,2017-03-24,48700.0,50200.0,40,51839.82340000011,0.02658124657309391,10,time
005380,2017-03-22,2017-03-29,167500.0,155775.0,12,-148522.591365,-0.07380694743940253,5,stop
017670,2017-03-16,2017-03-30,44428.0,44083.0,50,-26302.887617500033,-0.011827077566389455,10,time
032640,2017-03-16,2017-03-30,14750.0,14800.0,152,-1610.569579999894,-0.0007175376054789906,10,time
066570,2017-03-24,2017-03-30,73000.0,67890.0,29,-156429.01787049975,-0.07380694743940241,4,stop
009150,2017-03-17,2017-03-31,63900.0,69500.0,35,186256.55790000036,0.08318469976545217,10,time
047040,2017-03-29,2017-04-12,7320.0,7110.0,258,-61759.97124299989,-0.03266458021830776,10,time
042700,2017-04-04,2017-04-12,3540.0,3292.2,655,-171333.00129254954,-0.07380694743940241,6,stop
003670,2017-03-30,2017-04-13,13781.0,13738.0,154,-15299.981319699902,-0.0072009572102553765,10,time
006400,2017-03-30,2017-04-13,137554.0,134127.0,15,-59709.31253174995,-0.02890535923412718,10,time
098460,2017-04-04,2017-04-18,10519.0,10800.0,220,52153.779072999954,0.022510722293039853,10,time
010170,2017-04-19,2017-04-20,1689.0,2026.8,1254,413672.39029313996,0.1950878097556097,1,target
000990,2017-04-12,2017-04-26,20850.0,21450.0,95,48714.4515000002,0.02456568821973737,10,time
010170,2017-04-24,2017-04-26,2071.0,1926.03,1093,-167261.78277690941,-0.07380694743940253,2,stop
011070,2017-04-24,2017-04-27,143000.0,132990.0,15,-158497.9892924996,-0.07380694743940241,3,stop
240810,2017-04-19,2017-05-08,26500.0,27250.0,79,50495.74633750017,0.024092541378627708,10,time
078930,2017-04-26,2017-05-16,60000.0,64800.0,36,163438.46496,0.07557902878004863,10,time
009150,2017-04-26,2017-05-16,70900.0,76800.0,30,167761.32374999998,0.07878166183863211,10,time
005930,2017-04-26,2017-05-16,42700.0,46380.0,50,174707.9018000001,0.08173638986075682,10,time
000880,2017-04-27,2017-05-17,40150.0,44350.0,51,205176.84846,0.10008601832007646,10,time
066570,2017-05-16,2017-05-18,81400.0,78958.0,28,-77515.04157319991,-0.03397068711421558,2,stop
031980,2017-05-16,2017-05-22,13349.0,15351.349999999999,173,335921.03734887205,0.14529248434912567,4,target
180640,2017-05-08,2017-05-23,21600.0,22000.0,100,31029.96600000048,0.014349221243187271,10,time
131290,2017-05-18,2017-05-23,10900.0,12534.999999999998,204,323443.949883,0.1452924843491259,3,target
131970,2017-05-16,2017-05-25,8805.0,9233.0,262,102351.23890319979,0.044316273658294714,7,time
009830,2017-05-17,2017-05-26,34888.0,35372.0,65,22073.684242999647,0.009722684176875829,7,time
010140,2017-05-26,2017-05-29,10495.0,10180.15,221,-78882.06381610734,-0.03397068711421547,1,stop
005290,2017-05-22,2017-05-31,11850.0,13600.0,223,378269.8250774997,0.1429813089083185,7,time
032640,2017-05-23,2017-06-01,14700.0,16200.0,161,231088.83598499978,0.09752962120413122,7,time
012330,2017-05-23,2017-06-01,272000.0,273000.0,8,-941.267599999439,-0.0004320708845542143,7,time
078600,2017-05-31,2017-06-01,5910.0,5732.7,512,-102910.80844031973,-0.03397068711421547,1,stop
214450,2017-05-25,2017-06-05,39150.0,40450.0,66,74957.71833000006,0.028976200609076352,7,time
222800,2017-06-01,2017-06-05,10370.0,10058.9,247,-87112.25532431481,-0.03397068711421547,2,stop
240810,2017-06-05,2017-06-07,31550.0,30603.5,81,-86913.63833467523,-0.03397068711421569,1,stop
084370,2017-05-29,2017-06-08,18950.0,19500.0,118,55544.686535000335,0.024811446360351486,7,time
131970,2017-06-01,2017-06-12,10491.0,10176.27,244,-87058.31584733352,-0.03397068711421536,6,stop
145020,2017-06-08,2017-06-12,175110.0,169856.69999999998,13,-77420.83454215527,-0.03397068711421569,2,stop
034220,2017-06-01,2017-06-13,30085.0,34597.75,85,371972.90643081255,0.1452924843491259,7,target
011070,2017-06-12,2017-06-13,151000.0,146470.0,15,-77032.10300249979,-0.03397068711421547,1,stop
000990,2017-06-12,2017-06-13,22500.0,21825.0,104,-79582.83489000006,-0.03397068711421558,1,stop
042700,2017-06-13,2017-06-14,4465.0,4331.05,557,-84582.43943829229,-0.03397068711421547,1,stop
036930,2017-06-05,2017-06-15,12100.0,12400.0,212,52899.80138000008,0.020598405025451738,7,time
010170,2017-06-13,2017-06-15,2520.0,2444.4,987,-84590.43173153978,-0.03397068711421547,2,stop
005290,2017-06-14,2017-06-15,15150.0,14695.5,161,-82954.90244527534,-0.03397068711421569,1,stop
000250,2017-06-07,2017-06-16,15500.0,15750.0,161,29904.282887500245,0.011969516325314622,7,time
010140,2017-06-15,2017-06-20,11242.0,10904.74,220,-84114.29511254001,-0.03397068711421558,3,stop
039030,2017-06-15,2017-06-21,97400.0,94478.0,25,-82813.76194750005,-0.03397068711421558,4,stop
028300,2017-06-20,2017-06-21,6383.0,6191.51,385,-83577.45107461745,-0.03397068711421558,1,stop
078600,2017-06-20,2017-06-21,6300.0,6111.0,390,-83561.97663449962,-0.03397068711421547,1,stop
267270,2017-06-14,2017-06-22,79697.0,77306.09,30,-81314.27169523528,-0.03397068711421569,6,stop
009150,2017-06-21,2017-06-26,93200.0,107179.99999999999,25,338920.8505250006,0.14529248434912612,3,target
087010,2017-06-23,2017-06-26,24604.0,23865.88,96,-80330.50542086456,-0.0339706871142158,1,stop
086520,2017-06-16,2017-06-27,2373.0,2640.0,1065,273159.5517832497,0.1079617283869958,7,time
031980,2017-06-26,2017-06-29,16824.0,16319.279999999999,147,-84110.48601958761,-0.03397068711421547,3,stop
006400,2017-06-27,2017-06-29,169861.0,164765.16999999998,15,-86653.97382852715,-0.03397068711421547,2,stop
068270,2017-06-21,2017-06-30,89901.0,90453.0,26,4730.450353200082,0.0020214611612046074,7,time
018260,2017-06-29,2017-06-30,189000.0,183330.0,13,-83561.97663449962,-0.03397068711421547,1,stop
064760,2017-06-29,2017-07-03,43300.0,42001.0,60,-88357.3525829995,-0.03397068711421536,2,stop
078600,2017-06-23,2017-07-04,6380.0,6480.0,371,27290.26990900049,0.011516328006315524,7,time
145020,2017-07-04,2017-07-05,198265.0,192317.05,12,-80915.33722803043,-0.0339706871142158,1,stop
207940,2017-06-27,2017-07-06,399992.0,421082.0,6,116331.4704665998,0.04841672897522864,7,time
218410,2017-07-05,2017-07-06,11242.0,10904.74,212,-81055.59347208356,-0.03397068711421536,1,stop
083650,2017-06-30,2017-07-10,7370.0,8475.5,329,352700.2377225249,0.1452924843491259,6,target
006800,2017-06-30,2017-07-10,10706.0,10384.82,226,-82288.51523722569,-0.03397068711421547,6,stop
064760,2017-07-10,2017-07-11,49700.0,48209.0,49,-82823.96487504989,-0.03397068711421558,1,stop
267270,2017-07-10,2017-07-11,87771.0,85137.87,28,-83581.97437249823,-0.03397068711421569,1,stop
047040,2017-07-04,2017-07-13,7810.0,7575.7,314,-83403.49115988985,-0.03397068711421547,7,stop
086520,2017-07-11,2017-07-17,2823.0,3246.45,864,354786.41919816006,0.1452924843491259,4,target
064760,2017-07-13,2017-07-17,52200.0,50634.0,46,-81664.23211019952,-0.03397068711421536,2,stop
003670,2017-07-12,2017-07-21,14964.0,17208.6,163,354795.1467737099,0.1452924843491259,7,target
066970,2017-07-14,2017-07-24,22158.0,25481.699999999997,109,351317.2079170346,0.14529248434912567,6,target
036930,2017-07-24,2017-07-25,17600.0,17072.0,157,-93975.76468720008,-0.03397068711421558,1,stop
031980,2017-07-17,2017-07-26,17968.0,18265.0,140,31148.316017000005,0.012368230798558866,7,time
051910,2017-07-17,2017-07-26,322000.0,326500.0,7,22169.793624999933,0.009824456224654554,7,time
086520,2017-07-25,2017-07-26,4081.0,3958.5699999999997,655,-90909.95500721782,-0.03397068711421569,1,stop
005290,2017-07-18,2017-07-27,16700.0,17000.0,166,38292.157069999725,0.013797044203860409,7,time
078600,2017-07-26,2017-07-27,8570.0,8312.9,288,-83941.52553936001,-0.03397068711421558,1,stop
207940,2017-07-26,2017-07-27,425446.0,412682.62,5,-72346.57857395522,-0.03397068711421569,1,stop
066970,2017-07-27,2017-07-28,25032.0,24281.04,101,-85984.55975197209,-0.03397068711421558,1,stop
010170,2017-07-21,2017-07-31,3153.0,3058.41,889,-95329.93124139449,-0.03397068711421558,6,stop
003670,2017-07-26,2017-07-31,18786.0,18222.42,131,-83696.85933671053,-0.03397068711421536,3,stop
095340,2017-07-28,2017-07-31,26097.0,25314.09,95,-84317.50341957808,-0.0339706871142158,1,stop
035720,2017-08-01,2017-08-02,24385.0,23653.45,102,-84591.452024295,-0.03397068711421558,1,stop
003230,2017-08-02,2017-08-03,52700.0,51119.0,46,-82446.45655569993,-0.03397068711421558,1,stop
010950,2017-07-27,2017-08-04,115000.0,111550.0,22,-86044.68900500005,-0.03397068711421558,6,stop
079550,2017-07-27,2017-08-07,80100.0,80400.0,31,-903.6572849997319,-0.0003635049484912445,7,time
087010,2017-08-08,2017-08-09,21770.0,21116.899999999998,113,-83664.34600758506,-0.03397068711421558,1,stop
267270,2017-08-02,2017-08-10,94230.0,91403.09999999999,26,-83323.22812983021,-0.03397068711421569,6,stop
180640,2017-08-09,2017-08-10,25950.0,25171.5,94,-82960.00390905002,-0.03397068711421558,1,stop
267250,2017-08-02,2017-08-11,92000.0,95500.0,26,80928.83305000002,0.03379425572156447,7,time
001440,2017-08-10,2017-08-11,11754.0,11401.38,204,-81549.14308743551,-0.03397068711421536,1,stop
066970,2017-08-16,2017-08-24,27443.0,32931.6,88,471675.8138549598,0.19508780975560946,6,target
055550,2017-08-11,2017-08-28,53800.0,53400.0,44,-27249.373360000085,-0.011498001224449328,10,time
000880,2017-08-14,2017-08-29,52000.0,49350.0,46,-131343.52710499987,-0.05484641968847215,10,time
009830,2017-08-16,2017-08-30,43171.0,42326.0,55,-56068.775947250426,-0.02358669331040275,10,time
131290,2017-08-18,2017-09-01,15550.0,16550.0,158,147465.34052000009,0.05995194273608462,10,time
003670,2017-08-30,2017-09-01,26155.0,31386.0,87,444429.95866214996,0.19508780975560946,2,target
138040,2017-09-01,2017-09-06,16700.0,15530.999999999998,162,-199906.97446710058,-0.07380694743940275,3,stop
031980,2017-08-24,2017-09-07,19917.0,21062.0,145,153700.0918357498,0.05315975670167217,10,time
007660,2017-09-06,2017-09-08,4714.0,4384.0199999999995,571,-198894.21295603132,-0.07380694743940264,2,stop
010170,2017-08-28,2017-09-11,3626.0,3659.0,646,11655.546182899736,0.004970191187666506,10,time
010950,2017-08-30,2017-09-13,123000.0,122000.0,18,-27020.349899999797,-0.012190292749428289,10,time
006400,2017-09-01,2017-09-15,193848.0,210002.0,13,199055.34124709992,0.07889871714048091,10,time
086520,2017-09-12,2017-09-20,4729.0,4397.969999999999,500,-174717.24740425032,-0.07380694743940275,6,stop
035720,2017-09-07,2017-09-21,25691.0,28501.0,118,318178.6365493997,0.10483559955641497,10,time
005290,2017-09-08,2017-09-22,19200.0,18700.0,130,-75037.48394999979,-0.03002855718620223,10,time
178320,2017-09-13,2017-09-22,10173.0,9460.89,215,-161615.85533361766,-0.07380694743940264,7,stop
207940,2017-09-15,2017-09-29,466900.0,490900.0,5,110078.98610000033,0.0470989608928194,10,time
068270,2017-09-20,2017-10-12,110176.0,121966.0,23,259985.54176789988,0.10247906232340886,10,time
000660,2017-09-21,2017-10-13,81100.0,86100.0,41,190768.72493000003,0.0573064161524659,10,time
078600,2017-09-22,2017-10-16,8650.0,8370.0,260,-81802.2337600002,-0.03633092797163284,10,time
005930,2017-09-25,2017-10-17,52999.0,54800.0,42,66296.58252629964,0.029749177258177717,10,time
068270,2017-10-16,2017-10-18,136503.0,163803.6,15,399910.4980735502,0.1950878097556097,2,target
034730,2017-10-11,2017-10-25,298000.0,298500.0,8,-5781.901000000071,-0.0024225077962822805,10,time
010130,2017-10-12,2017-10-26,529000.0,491969.99999999994,5,-195443.90754250018,-0.07380694743940264,10,stop
028300,2017-10-25,2017-10-26,10942.0,10176.06,220,-177875.38449625997,-0.07380694743940253,1,stop
096770,2017-10-13,2017-10-27,208103.0,202694.0,18,-112426.23081870005,-0.029979030774009652,10,time
098460,2017-10-19,2017-11-02,14340.0,15180.0,169,131609.67105,0.0542441278527519,10,time
066570,2017-10-20,2017-11-03,96500.0,92000.0,25,-122055.25187500007,-0.05053472800072467,10,time
032830,2017-10-26,2017-11-09,132500.0,132500.0,17,-9231.195499999914,-0.004093491870325261,10,time
018260,2017-10-27,2017-11-10,196000.0,204000.0,15,107597.52600000054,0.03655575335945738,10,time
005290,2017-10-30,2017-11-13,20950.0,21850.0,149,120911.93028499978,0.038690081271283594,10,time
006400,2017-11-02,2017-11-13,221261.0,205772.72999999998,11,-179843.19799409155,-0.07380694743940264,7,stop
042660,2017-11-10,2017-11-13,18612.0,18053.64,165,-104443.28815832967,-0.03397068711421547,1,stop
064760,2017-11-03,2017-11-16,56700.0,68040.0,42,465116.4492660002,0.1950878097556097,9,target
028300,2017-11-16,2017-11-17,16912.0,16404.64,170,-97779.41607784061,-0.0339706871142158,1,stop
066970,2017-11-09,2017-11-20,38058.0,39265.0,59,61800.87207495002,0.027491435222861904,7,time
078600,2017-11-17,2017-11-20,9850.0,11327.5,283,405475.8870733753,0.1452924843491259,1,target
028300,2017-11-20,2017-11-21,15618.0,17960.699999999997,176,399834.67315703956,0.14529248434912567,1,target
058470,2017-11-13,2017-11-22,11773.0,11893.0,239,17064.151970599778,0.006057597994242769,7,time
141080,2017-11-13,2017-11-22,16790.0,17966.0,168,185425.6849535997,0.06566148451803056,7,time
218410,2017-11-21,2017-11-22,10215.0,11747.25,310,460619.6185901249,0.1452924843491259,1,target
039490,2017-11-14,2017-11-23,80000.0,89800.0,35,330513.85884999996,0.11790505537555984,7,time
068270,2017-11-20,2017-11-23,170609.0,165490.72999999998,16,-92837.93420682382,-0.03397068711421547,3,stop
082740,2017-11-22,2017-11-23,2760.0,2677.2,1143,-107289.90494478028,-0.03397068711421569,1,stop
078600,2017-11-22,2017-11-24,13850.0,13434.5,227,-106924.98023607442,-0.03397068711421536,2,stop
086520,2017-11-23,2017-11-24,4842.0,4696.74,618,-101769.30490602646,-0.03397068711421569,1,stop
064760,2017-11-23,2017-11-24,74500.0,72265.0,40,-101349.0803299998,-0.03397068711421547,1,stop
042700,2017-11-23,2017-11-27,6450.0,6256.5,464,-101784.40523880022,-0.03397068711421569,2,stop
214150,2017-11-23,2017-11-27,3830.0,3715.1,782,-101861.2672930099,-0.03397068711421558,2,stop
218410,2017-11-24,2017-11-27,12831.0,12446.07,229,-99930.83939079149,-0.03397068711421558,1,stop
067310,2017-11-24,2017-11-27,4504.0,4368.88,653,-100026.50884145219,-0.03397068711421569,1,stop
078600,2017-11-27,2017-11-28,14000.0,13580.0,204,-97131.87027599989,-0.03397068711421558,1,stop
263750,2017-11-27,2017-11-28,39180.0,38004.6,73,-97272.67067618994,-0.03397068711421558,1,stop
095340,2017-11-27,2017-11-28,21571.0,20923.87,132,-96838.4340796615,-0.03397068711421536,1,stop
003230,2017-11-27,2017-11-29,71500.0,69355.0,40,-97267.90930999955,-0.03397068711421547,2,stop
131970,2017-11-28,2017-11-29,8151.0,7906.469999999999,340,-94252.60412139026,-0.03397068711421569,1,stop
214450,2017-11-30,2017-12-01,60500.0,58685.0,45,-92591.5675162496,-0.03397068711421547,1,stop
145020,2017-11-30,2017-12-01,166926.0,161918.22,16,-90833.80715793557,-0.03397068711421547,1,stop
010170,2017-11-24,2017-12-04,3506.0,4031.8999999999996,839,427874.336964895,0.1452924843491259,6,target
267270,2017-12-01,2017-12-04,94844.0,91998.68,28,-90317.40298487246,-0.0339706871142158,1,stop
003230,2017-12-01,2017-12-05,71800.0,82570.0,37,386427.9534354997,0.14529248434912567,2,target
028300,2017-12-04,2017-12-05,16314.0,15824.58,177,-98205.83042991301,-0.03397068711421558,1,stop
196170,2017-12-05,2017-12-06,6682.0,6481.54,435,-98855.14473919477,-0.03397068711421547,1,stop
028050,2017-12-05,2017-12-06,14050.0,13628.5,207,-98912.28113347478,-0.03397068711421547,1,stop
087010,2017-11-30,2017-12-07,28152.0,27307.44,97,-92871.9439653242,-0.03397068711421569,5,stop
034020,2017-12-06,2017-12-07,13425.0,13022.25,213,-97251.75467471266,-0.03397068711421569,1,stop
003230,2017-12-07,2017-12-08,79100.0,76727.0,35,-94156.01640724996,-0.03397068711421558,1,stop
010170,2017-12-06,2017-12-11,4309.0,4179.73,664,-97307.90478599584,-0.03397068711421558,3,stop
000250,2017-12-08,2017-12-11,14600.0,14162.0,188,-93349.9851308004,-0.03397068711421569,1,stop
032820,2017-12-08,2017-12-11,640.0,620.8,4309,-93790.75160096027,-0.03397068711421569,1,stop
000250,2017-12-13,2017-12-14,15400.0,14938.0,176,-92180.0494384002,-0.03397068711421569,1,stop
214150,2017-12-11,2017-12-15,4500.0,4365.0,604,-92438.52360299975,-0.03397068711421547,4,stop
078600,2017-12-14,2017-12-15,14400.0,13968.0,187,-91581.47768880054,-0.0339706871142158,1,stop
080220,2017-12-14,2017-12-19,4460.0,4326.2,605,-91768.53136055032,-0.03397068711421569,3,stop
214450,2017-12-18,2017-12-19,57800.0,56066.0,46,-90425.14589979965,-0.03397068711421547,1,stop
064760,2017-12-18,2017-12-19,72400.0,70228.0,36,-88643.03455440048,-0.0339706871142158,1,stop
066570,2017-12-18,2017-12-19,106500.0,103305.0,24,-86928.94272599928,-0.03397068711421536,1,stop
058610,2017-12-15,2017-12-27,6230.0,6550.0,426,125041.58098800015,0.04706061448625509,7,time
010120,2017-12-19,2018-01-05,12940.0,13420.0,199,84685.29137199977,0.03284894428904428,10,time
010170,2017-12-28,2018-01-08,5352.0,6422.4,502,524746.0421217592,0.19508780975560924,5,target
218410,2017-12-21,2018-01-09,15269.0,18322.8,169,503995.4891195898,0.19508780975560946,10,target
024110,2017-12-22,2018-01-10,16800.0,16900.0,153,4720.881554999389,0.0018345230590177675,10,time
068270,2018-01-09,2018-01-12,243650.0,292380.0,12,571053.781122,0.1950878097556097,3,target
141080,2017-12-28,2018-01-15,20268.0,22170.0,132,239359.62485160027,0.08936487493758083,10,time
003670,2018-01-08,2018-01-18,37937.0,45524.4,84,622402.9183705202,0.1950878097556097,8,target
028300,2018-01-05,2018-01-19,18666.0,22399.2,143,521334.71941121994,0.19508780975560946,10,target
214150,2018-01-18,2018-01-23,5970.0,7164.0,641,747414.8293263004,0.1950878097556097,3,target
003550,2018-01-10,2018-01-24,87948.0,88137.0,31,-5331.555926549714,-0.0019532916379548793,10,time
086790,2018-01-12,2018-01-25,56000.0,52080.0,63,-260690.39917200012,-0.07380694743940264,9,stop
000250,2018-01-15,2018-01-25,28400.0,34080.0,102,565780.3519919999,0.19508780975560946,8,target
058610,2018-01-19,2018-02-02,8370.0,8600.0,381,74302.62552449992,0.023273114685209206,10,time
051910,2018-01-25,2018-02-02,436000.0,405480.0,7,-225517.88499799976,-0.07380694743940253,6,stop
214370,2018-01-23,2018-02-05,14880.0,13838.4,307,-337549.7318258397,-0.07380694743940253,9,stop
028050,2018-01-26,2018-02-06,16850.0,15670.499999999998,219,-272671.9604604747,-0.07380694743940253,7,stop
016360,2018-01-24,2018-02-07,42200.0,40700.0,64,-106785.40576,-0.03949301230147495,10,time
068270,2018-02-08,2018-02-09,201412.0,221553.2,16,308102.33723104,0.0954971589426421,1,target
218410,2018-02-08,2018-02-09,16683.0,18351.300000000003,193,307837.21903390577,0.09549715894264232,1,target
263750,2018-02-08,2018-02-12,44760.0,49236.00000000001,72,308114.574926401,0.09549715894264255,2,target
028300,2018-02-09,2018-02-13,15718.0,15246.46,218,-116535.25373445451,-0.03397068711421569,2,stop
214150,2018-02-13,2018-02-20,5510.0,5690.0,622,97584.50331800012,0.028440659030462667,3,time
000250,2018-02-20,2018-02-21,46950.0,43663.5,73,-253253.18582827505,-0.07380694743940264,1,stop
138040,2018-02-06,2018-02-22,17100.0,16050.0,201,-224513.7372674998,-0.06524564587828774,10,time
058610,2018-02-20,2018-02-22,10500.0,12600.0,329,674705.9603550006,0.1950878097556097,2,target
214150,2018-02-23,2018-02-26,5560.0,5393.2,630,-119129.38207380055,-0.03397068711421569,1,stop
080220,2018-02-19,2018-03-06,6060.0,5635.799999999999,566,-253446.04352154024,-0.07380694743940264,10,stop
141080,2018-03-06,2018-03-09,27925.0,30717.500000000004,121,323048.8655803753,0.0954971589426421,3,target
042660,2018-02-26,2018-03-13,22210.0,24120.0,156,282882.31958999997,0.08155177740151975,10,time
028050,2018-03-13,2018-03-14,18150.0,16879.5,194,-260180.54550014995,-0.07380694743940253,1,stop
098460,2018-03-14,2018-03-19,19640.0,18265.199999999997,177,-256868.71338822134,-0.07380694743940297,3,stop
039490,2018-03-13,2018-03-23,113000.0,105090.0,31,-258843.10325949965,-0.07380694743940253,8,stop
000660,2018-03-14,2018-03-23,89300.0,83049.0,38,-250744.55797909945,-0.07380694743940241,7,stop
066570,2018-03-14,2018-03-28,112500.0,109000.0,30,-118521.87974999985,-0.03507724990102634,10,time
064760,2018-03-14,2018-03-28,78600.0,82100.0,44,139372.7854200001,0.04025349004384604,10,time
028300,2018-03-28,2018-03-30,22884.0,27460.8,153,683837.1958618802,0.1950878097556097,2,target
082740,2018-03-19,2018-04-02,3132.0,3063.0,1097,-89550.46520414995,-0.026033960919159105,10,time
058610,2018-03-28,2018-04-02,13150.0,12229.5,266,-258466.25489334948,-0.07380694743940241,3,stop
207940,2018-03-23,2018-04-06,680714.0,754894.0,4,284686.44614480017,0.10443423750362513,10,time
028300,2018-04-02,2018-04-06,28415.0,34098.0,126,699274.2807351011,0.1950878097556099,4,target
098460,2018-03-28,2018-04-11,19860.0,19280.0,176,-116103.74740799936,-0.03317837478649899,10,time
207940,2018-04-11,2018-04-13,853803.0,794036.7899999999,4,-252356.28671683837,-0.07380694743940264,2,stop
196170,2018-04-11,2018-04-13,8983.0,10779.6,398,698286.7823024602,0.1950878097556097,2,target
214150,2018-04-16,2018-04-17,7300.0,6789.0,506,-272941.6656637001,-0.07380694743940264,1,stop
000100,2018-04-11,2018-04-18,39400.0,36642.0,90,-262020.4522289997,-0.07380694743940253,5,stop
009150,2018-04-16,2018-04-30,119500.0,118500.0,30,-44603.6054999996,-0.01242743754505049,10,time
039490,2018-04-16,2018-04-30,114500.0,118500.0,32,112606.84480000054,0.03069800186346261,10,time
064350,2018-05-02,2018-05-03,28750.0,26737.5,124,-263424.39712249953,-0.07380694743940241,1,stop
010120,2018-05-03,2018-05-08,15380.0,14303.4,225,-255702.70020824997,-0.07380694743940253,2,stop
039490,2018-05-08,2018-05-09,123999.0,115319.06999999999,26,-238225.3596882508,-0.07380694743940253,1,stop
196170,2018-05-09,2018-05-11,9011.0,9912.1,345,297222.5480210255,0.09549715894264232,2,target
000720,2018-05-02,2018-05-15,61783.0,74139.59999999999,57,687817.46298189,0.1950878097556097,8,target
000500,2018-05-02,2018-05-17,23110.0,23524.0,154,48982.796216200106,0.013747498798895252,10,time
082740,2018-05-02,2018-05-17,3499.0,3845.0,1020,337253.1803580001,0.09438711739314076,10,time
218410,2018-05-08,2018-05-23,22294.0,23709.0,150,197919.48576750048,0.059116686159794485,10,time
196170,2018-05-18,2018-05-24,8621.0,9081.0,436,184564.60525280004,0.0490461663757773,3,time
071050,2018-05-14,2018-05-29,96000.0,98100.0,35,59513.3663250003,0.017691962995011412,10,time
028050,2018-05-15,2018-05-30,19300.0,17949.0,220,-313744.73777899984,-0.07380694743940253,10,stop
006260,2018-05-29,2018-06-04,90100.0,83793.0,38,-252990.86980869994,-0.07380694743940253,4,stop
032820,2018-06-04,2018-06-05,2500.0,2425.0,1270,-107980.98323749984,-0.03397068711421558,1,stop
003230,2018-05-23,2018-06-07,104500.0,111500.0,34,222737.45949999988,0.06261794886563377,10,time
000660,2018-05-24,2018-06-08,95300.0,88629.0,40,-281675.6807380002,-0.07380694743940264,10,stop
083650,2018-06-07,2018-06-11,5390.0,5228.3,634,-116220.18733170955,-0.03397068711421547,2,stop
066970,2018-05-28,2018-06-12,43343.0,49602.0,89,539599.8686480499,0.1397216301651505,10,time
032820,2018-06-07,2018-06-12,2290.0,2519.0,1494,327096.38771370053,0.09549715894264232,3,target
001440,2018-06-11,2018-06-14,13817.0,13402.49,247,-116068.46979904128,-0.03397068711421547,2,stop
131970,2018-05-30,2018-06-15,11547.0,13208.0,342,550203.2297541001,0.1391645587058754,10,time
028300,2018-06-12,2018-06-15,40199.0,38993.03,95,-129880.03678444261,-0.03397068711421558,2,stop
032820,2018-06-15,2018-06-18,2115.0,2051.5499999999997,1818,-130769.90211559553,-0.03397068711421569,1,stop
064350,2018-06-15,2018-06-19,32500.0,31525.0,118,-130427.42384749977,-0.03397068711421558,2,stop
028300,2018-06-18,2018-06-19,40837.0,39611.89,93,-129163.65523139853,-0.03397068711421558,1,stop
000720,2018-06-19,2018-06-20,61005.0,59174.85,61,-126560.68435484264,-0.03397068711421558,1,stop
032820,2018-06-20,2018-06-22,2005.0,1944.85,1867,-127309.91933459789,-0.03397068711421569,2,stop
064350,2018-06-21,2018-06-22,31900.0,30943.0,117,-126934.62164954981,-0.03397068711421558,1,stop
064350,2018-06-25,2018-06-26,29300.0,32230.000000000004,126,352961.9041410005,0.09549715894264232,1,target
000720,2018-06-22,2018-06-27,59254.0,57476.38,62,-124943.28226985829,-0.03397068711421569,3,stop
064350,2018-06-28,2018-06-29,28850.0,27984.5,129,-126572.41772152437,-0.03397068711421547,1,stop
028300,2018-10-10,2018-10-11,38369.0,37217.93,96,-125272.3606931041,-0.03397068711421558,1,stop
196170,2018-10-11,2018-10-16,8259.0,9084.900000000001,446,352169.7045804309,0.09549715894264232,3,target
087010,2018-10-15,2018-10-16,25019.0,24268.43,147,-125080.85174299031,-0.03397068711421558,1,stop
042660,2018-10-22,2018-10-24,27185.0,26369.45,137,-126664.0740206819,-0.03397068711421547,2,stop
226950,2018-10-24,2018-10-25,30428.0,29515.16,121,-125216.72072819807,-0.03397068711421558,1,stop
007660,2018-10-29,2018-10-30,4548.0,4411.5599999999995,809,-125133.19276132155,-0.03397068711421547,1,stop
083650,2018-12-20,2018-12-21,3590.0,3482.2999999999997,1019,-124414.83864228567,-0.0339706871142158,1,stop
083650,2018-12-24,2018-12-26,3400.0,3298.0,1068,-123496.23506520083,-0.0339706871142158,1,stop
083650,2018-12-28,2019-01-04,3240.0,3315.0,1113,68450.31054224959,0.018959899521565182,3,time
083650,2019-01-07,2019-01-09,3325.0,3657.5000000000005,1089,346185.7583703757,0.09549715894264232,2,target
032820,2019-03-05,2019-03-08,1285.0,1246.45,2872,-125513.6939394204,-0.03397068711421569,3,stop
178320,2019-04-16,2019-04-22,11739.0,10917.269999999999,312,-270633.875826132,-0.07380694743940264,4,stop
003490,2019-04-16,2019-04-23,23699.0,22040.07,154,-269679.0455148793,-0.07380694743940264,5,stop
000270,2019-04-17,2019-05-02,42050.0,44900.0,87,232226.38103249995,0.06340552235487262,10,time
108490,2019-04-29,2019-05-02,17236.0,16718.92,202,-118410.8238962125,-0.03397068711421569,2,stop
131970,2019-04-18,2019-05-03,19522.0,19322.0,188,-52530.10467519984,-0.014296406613995782,10,time
218410,2019-04-26,2019-05-14,30197.0,33417.0,115,354976.70236399956,0.10210311561311824,10,time
178320,2019-04-30,2019-05-15,11915.0,14298.0,294,684180.5546918991,0.19508780975560924,9,target
078600,2019-08-06,2019-08-08,17600.0,19360.0,214,360094.185968,0.0954971589426421,2,target
028300,2019-11-14,2019-11-18,55087.0,60595.700000000004,69,363402.4748159852,0.0954971589426421,2,target
028300,2019-11-20,2019-11-22,52540.0,50963.799999999996,74,-132228.58065765956,-0.03397068711421547,2,stop
028300,2019-11-25,2019-11-26,50826.0,55908.600000000006,76,369308.40571812075,0.09549715894264232,1,target
028300,2019-11-29,2019-12-02,48359.0,46908.229999999996,82,-134863.58872672357,-0.03397068711421569,1,stop
131290,2019-12-13,2019-12-16,13550.0,12601.5,291,-291359.2059113248,-0.07380694743940253,1,stop
011070,2019-12-13,2019-12-30,135500.0,140000.0,29,114011.40257500019,0.028980894008519886,10,time
058470,2019-12-13,2019-12-30,12574.0,12874.0,313,77494.04809660045,0.019667598668795305,10,time
028050,2019-12-13,2019-12-30,19650.0,19200.0,200,-105840.60149999987,-0.02690051114047054,10,time
098460,2019-12-13,2019-12-30,20800.0,21100.0,189,40422.001724999864,0.01027054430462182,10,time
000660,2019-12-16,2020-01-02,87200.0,94700.0,42,299062.1165700001,0.08156360458578193,10,time
222800,2019-12-30,2020-01-06,11654.0,10838.22,340,-292786.05727413995,-0.07380694743940253,3,stop
039030,2019-12-30,2020-01-15,101400.0,109300.0,39,290984.96407499956,0.07349685738238088,10,time
207940,2019-12-30,2020-01-15,625442.0,631987.0,6,23775.111650099978,0.006328270812239412,10,time
000990,2019-12-30,2020-01-15,28200.0,28800.0,140,67572.67020000005,0.01709600830264657,10,time
035420,2020-01-02,2020-01-16,187500.0,191500.0,22,70835.49659999972,0.01715251363644099,10,time
064350,2020-01-15,2020-01-16,17150.0,16635.5,234,-136484.56183634978,-0.03397068711421558,1,stop
095340,2020-01-16,2020-01-17,11100.0,12764.999999999998,367,592558.7419672492,0.14529248434912567,1,target
214450,2020-01-17,2020-01-20,40100.0,38897.0,116,-158199.79263859987,-0.03397068711421558,1,stop
131970,2020-01-07,2020-01-21,28428.0,31196.0,132,348920.37417600024,0.09287672110642076,10,time
095340,2020-01-20,2020-01-21,13650.0,13240.5,331,-153661.1903667748,-0.03397068711421558,1,stop
006400,2020-01-15,2020-01-28,262870.0,279024.0,15,225436.2504945011,0.05710738206860588,7,time
067310,2020-01-15,2020-01-28,4339.0,4486.0,926,119254.4903831007,0.029646599555132713,7,time
095340,2020-01-23,2020-01-28,13050.0,12658.5,324,-143800.0608896995,-0.03397068711421547,1,stop
005290,2020-01-16,2020-01-29,17950.0,18500.0,227,107783.20532750012,0.02642174932584851,7,time
058470,2020-01-22,2020-01-29,14436.0,16601.399999999998,293,615257.42045769,0.1452924843491259,3,target
086280,2020-01-28,2020-01-29,77280.0,74961.59999999999,53,-139298.52925464,-0.03397068711421558,1,stop
042700,2020-01-28,2020-01-30,4800.0,4656.0,861,-140555.52992879972,-0.03397068711421547,2,stop
131970,2020-01-29,2020-01-30,35020.0,33969.4,130,-154832.8265471002,-0.03397068711421558,1,stop
003670,2020-01-29,2020-01-30,55858.0,54182.26,81,-153877.08431373257,-0.03397068711421547,1,stop
005380,2020-01-29,2020-01-30,132000.0,128040.0,34,-152635.79614799842,-0.03397068711421525,1,stop
011070,2020-01-30,2020-02-03,160000.0,148800.0,26,-307390.03983999975,-0.07380694743940253,2,stop
207940,2020-01-28,2020-02-06,693805.0,754894.0,5,290327.77461275086,0.08359531503526618,7,time
237690,2020-02-05,2020-02-06,31800.0,29573.999999999996,132,-310168.3728924007,-0.07380694743940275,1,stop
196170,2020-02-06,2020-02-07,22945.0,27534.0,177,793214.5613203496,0.19508780975560946,1,target
247540,2020-02-10,2020-02-11,18333.0,21999.6,236,845035.3775077192,0.19508780975560946,1,target
006400,2020-02-05,2020-02-19,314269.0,326997.0,13,148233.0200494011,0.03624105603441419,10,time
084370,2020-02-06,2020-02-20,19400.0,20800.0,209,275120.83884999994,0.06777604995346564,10,time
222800,2020-02-07,2020-02-21,13509.0,13082.0,321,-154434.30903044995,-0.035572659756280656,10,time
196170,2020-02-10,2020-02-24,25448.0,25783.0,170,39052.63964049984,0.009016720335877082,10,time
247540,2020-02-21,2020-02-24,22212.0,20657.16,189,-310202.9542718828,-0.07380694743940275,1,stop
051910,2020-02-12,2020-02-26,408500.0,395000.0,12,-181611.79229999986,-0.03700594685135494,10,time
180640,2020-02-19,2020-02-26,48900.0,58680.0,92,878670.4803719996,0.19508780975560946,5,target
035720,2020-02-20,2020-02-27,38235.0,35558.549999999996,113,-319253.7436492583,-0.07380694743940275,5,stop
086520,2020-03-02,2020-03-05,2932.0,3225.2000000000003,1525,427487.5567434998,0.0954971589426421,3,target
003670,2020-03-02,2020-03-05,50494.0,54315.0,88,317046.48713319935,0.0712691010627653,3,time
196170,2020-03-12,2020-03-13,22583.0,21905.51,204,-156680.64474592172,-0.03397068711421558,1,stop
247540,2020-03-17,2020-03-18,16678.0,16177.66,275,-155984.0568723241,-0.03397068711421536,1,stop
180640,2020-03-18,2020-03-19,52100.0,50537.0,87,-154156.0323529495,-0.03397068711421547,1,stop
180640,2020-03-23,2020-03-24,53300.0,51701.0,84,-152268.4907561997,-0.03397068711421547,1,stop
180640,2020-05-18,2020-05-21,77000.0,79000.0,58,97355.46500000078,0.02177420963953658,3,time
066970,2020-06-16,2020-06-18,20396.0,19784.12,221,-153299.5305948872,-0.0339706871142158,2,stop
222800,2020-06-16,2020-06-19,10500.0,11450.0,430,388792.34857500065,0.08601233505569295,3,time
108490,2020-06-16,2020-06-19,11685.0,12026.0,386,112753.39770870004,0.024969761811507674,3,time
095340,2020-06-16,2020-06-19,15200.0,16350.0,297,322042.17944249976,0.07125469788948546,3,time
001440,2020-06-16,2020-06-19,5949.0,6077.0,759,78361.02547020093,0.01733465286670599,3,time
011200,2020-06-24,2020-06-25,4505.0,4369.849999999999,1036,-158729.66467603017,-0.03397068711421558,1,stop
082740,2020-06-29,2020-06-30,3349.0,3683.9,1384,443139.951536919,0.09549715894264188,1,target
087010,2020-07-01,2020-07-02,17875.0,17338.75,264,-160492.0503614992,-0.03397068711421547,1,stop
079550,2020-06-30,2020-07-03,30150.0,30000.0,156,-42606.48950999975,-0.009048250617239129,3,time
108490,2020-06-30,2020-07-03,11637.0,11734.0,406,19903.45401449967,0.004207868556638461,3,time
214370,2020-07-02,2020-07-07,13460.0,13056.199999999999,347,-158846.65824527107,-0.0339706871142158,3,stop
066970,2020-07-08,2020-07-09,37942.0,36803.74,122,-157428.58735485468,-0.03397068711421569,1,stop
036930,2020-07-08,2020-07-09,7330.0,7110.099999999999,635,-158300.12142617535,-0.03397068711421569,1,stop
237690,2020-07-08,2020-07-10,50900.0,49373.0,91,-157529.80039614905,-0.03397068711421536,2,stop
035720,2020-07-08,2020-07-10,62623.0,72016.45,74,674074.5885234354,0.1452924843491259,2,target
222800,2020-07-10,2020-07-15,12600.0,14489.999999999998,388,711122.8558139978,0.14529248434912545,3,target
043260,2020-07-08,2020-07-17,697.0,744.0,6680,293953.3749500001,0.06306232718576466,7,time
042700,2020-07-09,2020-07-17,4250.0,4887.5,1064,657768.2772850003,0.1452924843491259,6,target
178320,2020-07-09,2020-07-20,19099.0,20651.0,236,346720.13268559985,0.07683466670432537,7,time
009830,2020-07-10,2020-07-21,27390.0,31498.499999999996,178,709176.6064663483,0.14529248434912545,7,target
336260,2020-07-15,2020-07-21,35715.0,41072.25,157,815629.027343588,0.1452924843491259,4,target
039490,2020-07-20,2020-07-21,103000.0,99910.0,47,-164641.2408985002,-0.03397068711421558,1,stop
001440,2020-07-21,2020-07-22,7102.0,6888.94,784,-189365.24701572768,-0.03397068711421558,1,stop
034020,2020-07-21,2020-07-22,5018.0,5770.7,1109,809477.1047979854,0.1452924843491259,1,target
005380,2020-07-21,2020-07-23,122000.0,118340.0,45,-186713.57416499965,-0.03397068711421547,2,stop
000150,2020-07-22,2020-07-23,49150.0,47675.5,120,-200589.55563299917,-0.03397068711421547,1,stop
298040,2020-07-22,2020-07-24,37700.0,43355.0,156,855476.9554109992,0.14529248434912567,2,target
042700,2020-07-23,2020-07-24,6050.0,5868.5,913,-187858.00253852457,-0.03397068711421547,1,stop
196170,2020-07-24,2020-07-27,101317.0,98277.48999999999,59,-203300.23541472666,-0.0339706871142158,1,stop
353200,2020-07-17,2020-07-28,11750.0,13512.499999999998,432,738352.8915299987,0.14529248434912567,7,target
222800,2020-07-17,2020-07-28,14950.0,15500.0,339,165130.4535674993,0.0325452090976559,7,time
141080,2020-07-23,2020-07-28,54000.0,62099.99999999999,102,801191.4354900001,0.1452924843491259,3,target
034020,2020-07-24,2020-07-28,7394.0,8503.099999999999,818,879782.0896410095,0.14529248434912567,2,target
001440,2020-07-27,2020-07-28,9410.0,9127.699999999999,621,-198739.76486818586,-0.03397068711421569,1,stop
298040,2020-07-28,2020-07-29,47950.0,46511.5,124,-202215.222089299,-0.03397068711421547,1,stop
226950,2020-07-28,2020-07-29,29026.0,28155.219999999998,206,-203356.4535455266,-0.03397068711421569,1,stop
267260,2020-07-28,2020-07-29,10450.0,10136.5,572,-203289.93045790028,-0.03397068711421558,1,stop
058470,2020-07-28,2020-07-29,28612.0,27753.64,209,-203375.22693221737,-0.03397068711421547,1,stop
131970,2020-07-28,2020-07-29,42819.0,41534.43,139,-202420.6750403978,-0.03397068711421547,1,stop
064350,2020-07-29,2020-07-30,18450.0,17896.5,313,-196401.2538737245,-0.03397068711421547,1,stop
010130,2020-07-29,2020-07-31,433500.0,420495.0,13,-191661.9940267494,-0.03397068711421547,2,stop
100790,2020-07-29,2020-08-03,3636.0,3526.92,1590,-196618.57623053994,-0.03397068711421558,3,stop
034020,2020-07-30,2020-08-03,9176.0,8900.72,628,-195982.18562948704,-0.03397068711421547,2,stop
267260,2020-07-31,2020-08-03,12400.0,12028.0,439,-185135.52137059998,-0.03397068711421558,1,stop
131290,2020-08-03,2020-08-04,41150.0,39915.5,132,-184734.20622030087,-0.03397068711421569,1,stop
319660,2020-07-29,2020-08-07,15475.0,15600.0,373,22832.019583749585,0.003950987193726885,7,time
240810,2020-07-29,2020-08-07,37650.0,36520.5,153,-195911.51335132495,-0.03397068711421558,7,stop
222800,2020-08-03,2020-08-07,19650.0,19060.5,278,-185785.1077579502,-0.03397068711421558,4,stop
066970,2020-08-03,2020-08-07,39769.0,45734.35,137,792515.2071761535,0.14529248434912612,4,target
051910,2020-08-04,2020-08-07,652000.0,749800.0,8,758717.2344800001,0.1452924843491259,3,target
067310,2020-08-07,2020-08-10,5072.0,4919.84,1141,-196819.64192279242,-0.03397068711421569,1,stop
096770,2020-08-07,2020-08-10,164811.0,189532.65,35,839066.9314831123,0.1452924843491259,1,target
298380,2020-08-07,2020-08-10,35850.0,34774.5,161,-196299.2245982252,-0.03397068711421558,1,stop
051910,2020-08-10,2020-08-11,747000.0,724590.0,8,-203242.31679599918,-0.03397068711421547,1,stop
178320,2020-08-10,2020-08-11,23029.0,22338.13,263,-205984.4215945797,-0.03397068711421558,1,stop
039490,2020-08-11,2020-08-12,119500.0,115915.0,49,-199144.14089674968,-0.03397068711421558,1,stop
003670,2020-08-07,2020-08-13,80789.0,92907.34999999999,71,834358.9863122571,0.1452924843491259,4,target
006400,2020-08-07,2020-08-14,456718.0,443016.45999999996,12,-186394.42659123614,-0.03397068711421558,5,stop
005380,2020-08-11,2020-08-14,171500.0,166355.0,34,-198310.90181350056,-0.03397068711421569,3,stop
096770,2020-08-12,2020-08-14,182030.0,176569.1,31,-191914.68653240427,-0.03397068711421547,2,stop
032830,2020-08-13,2020-08-14,61100.0,70265.0,108,959858.7589889998,0.1452924843491259,1,target
071050,2020-08-10,2020-08-18,61700.0,59849.0,98,-205643.40574610047,-0.03397068711421569,5,stop
028300,2020-08-14,2020-08-18,45801.0,44426.97,130,-202498.52337760478,-0.03397068711421558,1,stop
007660,2020-08-14,2020-08-18,4294.0,4165.18,1395,-203722.87468360364,-0.03397068711421536,1,stop
028260,2020-08-14,2020-08-18,127500.0,123675.0,46,-199467.2336024996,-0.03397068711421547,1,stop
105560,2020-08-14,2020-08-18,40850.0,39624.5,146,-202837.6006698506,-0.03397068711421569,1,stop
032830,2020-08-18,2020-08-19,64500.0,62565.0,89,-195233.0186692495,-0.03397068711421547,1,stop
090430,2020-08-18,2020-08-19,192500.0,186725.0,30,-196406.35533749964,-0.03397068711421547,1,stop
066570,2020-08-18,2020-08-19,88300.0,85651.0,65,-195199.0089107491,-0.03397068711421547,1,stop
000810,2020-08-18,2020-08-19,186500.0,180905.0,31,-196627.41876774933,-0.03397068711421547,1,stop
005380,2020-08-18,2020-08-19,163500.0,158595.0,35,-194620.84301625006,-0.03397068711421558,1,stop
064760,2020-08-20,2020-08-21,109000.0,105730.0,51,-189060.24750149902,-0.03397068711421536,1,stop
007660,2020-08-20,2020-08-21,4146.0,4021.62,1355,-191061.04159405548,-0.03397068711421569,1,stop
000990,2020-08-20,2020-08-21,37900.0,36763.0,148,-190767.53737820033,-0.03397068711421569,1,stop
000500,2020-08-20,2020-08-21,15970.0,15490.9,351,-190640.68097899575,-0.03397068711421569,1,stop
237690,2020-08-26,2020-08-27,65800.0,63826.0,82,-183503.05296260025,-0.03397068711421558,1,stop
078600,2020-08-26,2020-08-27,52500.0,50925.0,103,-183907.7690887507,-0.03397068711421569,1,stop
214450,2020-08-19,2020-08-28,68400.0,68200.0,81,-38857.90887000039,-0.007005499204037924,7,time
298380,2020-08-27,2020-08-28,34300.0,33271.0,153,-178479.81163215078,-0.03397068711421569,1,stop
034220,2020-08-25,2020-08-31,14049.0,13627.529999999999,386,-184431.99550626893,-0.03397068711421558,4,stop
051910,2020-08-28,2020-08-31,767000.0,743990.0,6,-156512.90861699916,-0.03397068711421536,1,stop
034020,2020-08-31,2020-09-01,11969.0,13764.349999999999,433,753855.5385198714,0.14529248434912567,1,target
086280,2020-08-31,2020-09-02,72778.0,70594.66,71,-175736.51649202406,-0.0339706871142158,2,stop
009830,2020-08-28,2020-09-03,44138.0,50758.7,120,770435.4592517996,0.14529248434912567,4,target
298040,2020-09-02,2020-09-03,49400.0,56809.99999999999,101,725756.0908194995,0.14529248434912567,1,target
000250,2020-08-26,2020-09-04,58100.0,56357.0,93,-183764.92810305022,-0.03397068711421558,7,stop
178320,2020-08-27,2020-09-04,24430.0,28094.499999999996,215,764019.2366266251,0.1452924843491259,6,target
006260,2020-09-01,2020-09-04,45350.0,52152.49999999999,131,864153.6201036256,0.1452924843491259,3,target
034020,2020-09-03,2020-09-04,14894.0,14447.18,396,-200590.37186720315,-0.03397068711421547,1,stop
272210,2020-09-03,2020-09-04,11444.0,11100.68,516,-200831.16095738392,-0.03397068711421558,1,stop
000500,2020-09-04,2020-09-07,17415.0,20027.25,338,856214.4355449751,0.1452924843491259,1,target
267260,2020-09-04,2020-09-07,12850.0,14777.499999999998,458,856073.3397402493,0.14529248434912567,1,target
067310,2020-09-04,2020-09-08,4778.0,5494.7,1232,856247.3094128789,0.14529248434912567,2,target
298040,2020-09-07,2020-09-08,68600.0,66542.0,98,-228640.8044437999,-0.03397068711421558,1,stop
006260,2020-09-07,2020-09-08,61900.0,60043.0,109,-229467.24157535005,-0.03397068711421558,1,stop
087010,2020-09-04,2020-09-09,20089.0,19486.329999999998,293,-200184.05728240497,-0.03397068711421569,3,stop
336260,2020-09-08,2020-09-09,58675.0,56914.75,112,-223498.52895860095,-0.03397068711421569,1,stop
032820,2020-09-08,2020-09-09,938.0,1078.6999999999998,7036,959999.563874538,0.14529248434912545,1,target
071050,2020-09-08,2020-09-09,84100.0,81577.0,78,-223097.21380829997,-0.03397068711421558,1,stop
267260,2020-09-09,2020-09-10,17150.0,19722.5,378,942970.9002997503,0.1452924843491259,1,target
010170,2020-09-09,2020-09-14,3777.0,3663.69,1720,-220942.3555097403,-0.03397068711421558,3,stop
222800,2020-09-04,2020-09-15,19250.0,20000.0,305,204014.07681250013,0.034708060394467166,7,time
067310,2020-09-14,2020-09-15,6379.0,6187.63,984,-213477.07747995667,-0.03397068711421569,1,stop
001440,2020-09-09,2020-09-17,7566.0,7339.0199999999995,859,-221036.01838464942,-0.03397068711421569,6,stop
000500,2020-09-09,2020-09-18,20386.0,19774.42,318,-220476.69389635883,-0.03397068711421569,7,stop
080220,2020-09-17,2020-09-18,4140.0,4015.7999999999997,1525,-214720.61028975062,-0.03397068711421569,1,stop
006260,2020-09-10,2020-09-21,59200.0,57424.0,126,-253685.5906031998,-0.03397068711421558,7,stop
141080,2020-09-18,2020-09-21,64000.0,62080.0,96,-208955.95622399915,-0.03397068711421547,1,stop
307950,2020-09-15,2020-09-22,58100.0,56357.0,104,-205500.5647604009,-0.03397068711421569,5,stop
011200,2020-09-15,2020-09-22,7270.0,7051.9,834,-206207.28754203115,-0.0339706871142158,5,stop
237690,2020-09-18,2020-09-22,72600.0,70422.0,85,-209874.21970350016,-0.03397068711421558,2,stop
066970,2020-09-21,2020-09-22,44145.0,42820.65,149,-223702.7575583933,-0.03397068711421569,1,stop
000270,2020-09-21,2020-09-22,47500.0,46075.0,138,-222933.96696749888,-0.03397068711421547,1,stop
028300,2020-09-22,2020-09-23,53435.0,51831.95,113,-205356.1933355676,-0.03397068711421558,1,stop
043260,2020-09-24,2020-09-25,1115.0,1081.55,5415,-205341.56913941354,-0.0339706871142158,1,stop
032820,2020-09-25,2020-09-28,1260.0,1449.0,4759,872225.1728914501,0.1452924843491259,1,target
032820,2020-10-05,2020-10-06,1475.0,1430.75,4184,-209887.82360690087,-0.03397068711421569,1,stop
267270,2020-10-06,2020-10-07,30200.0,29294.0,202,-207473.13075340074,-0.03397068711421569,1,stop
226950,2020-10-05,2020-10-14,34031.0,33010.07,181,-209486.88256394397,-0.03397068711421569,6,stop
241560,2020-10-07,2020-10-15,28550.0,27693.5,212,-205847.4642971009,-0.03397068711421569,5,stop
357780,2020-10-14,2020-10-15,250900.0,243373.0,24,-204793.1617835993,-0.03397068711421547,1,stop
307950,2020-10-06,2020-10-16,66600.0,68000.0,91,102186.86750999931,0.01684147977203998,7,time
000270,2020-10-07,2020-10-16,49850.0,48354.5,121,-205141.76180822589,-0.03397068711421569,6,stop
086280,2020-10-15,2020-10-16,84783.0,97500.45,68,838610.0429030694,0.14529248434912567,1,target
003490,2020-10-07,2020-10-19,15158.0,15934.0,400,284636.7190400008,0.04689103447276932,7,time
336260,2020-10-15,2020-10-19,46165.0,44780.049999999996,126,-197827.6231452152,-0.03397068711421558,2,stop
043260,2020-10-16,2020-10-19,1080.0,1047.6,5764,-211714.82783352118,-0.0339706871142158,1,stop
086280,2020-10-19,2020-10-20,92786.0,90002.42,65,-205115.91439176444,-0.03397068711421547,1,stop
086280,2020-10-22,2020-10-23,98287.0,95338.39,61,-203905.74515506066,-0.0339706871142158,1,stop
010170,2020-10-22,2020-10-23,3794.0,3680.18,1582,-204130.24357091822,-0.03397068711421558,1,stop
145020,2020-10-23,2020-10-26,219900.0,213303.0,26,-194447.39324790053,-0.03397068711421569,1,stop
047050,2020-10-23,2020-10-26,15150.0,14695.5,383,-197339.92320832517,-0.03397068711421558,1,stop
214150,2020-10-16,2020-10-27,14400.0,14900.0,432,189869.13864000142,0.030486595217510848,7,time
034020,2020-10-21,2020-10-27,12885.0,12498.449999999999,465,-203770.3182967119,-0.03397068711421547,4,stop
241560,2020-10-22,2020-10-27,31150.0,30215.5,192,-203405.56363680027,-0.03397068711421558,3,stop
011200,2020-10-26,2020-11-04,8190.0,9828.0,685,1095730.6827285,0.1950878097556097,7,target
011200,2020-11-06,2020-11-10,10300.0,12360.0,592,1190935.6097439993,0.19508780975560946,2,target
043260,2020-11-06,2020-11-10,1275.0,1185.75,4787,-450993.28219001275,-0.07380694743940264,2,stop
000270,2020-10-28,2020-11-11,52600.0,58100.0,112,590040.6853599995,0.10004121905578134,10,time
009830,2020-11-10,2020-11-13,62642.0,58257.06,101,-467501.9746253332,-0.07380694743940264,3,stop
003490,2020-11-12,2020-11-18,19539.0,18171.27,330,-476444.95581325423,-0.07380694743940241,4,stop
307950,2020-11-12,2020-11-18,71400.0,85680.0,90,1255076.1329400018,0.1950878097556099,4,target
034020,2020-11-10,2020-11-19,15201.0,14136.929999999998,419,-470633.2889806945,-0.07380694743940275,7,stop
131290,2020-11-18,2020-11-19,50000.0,60000.0,136,1328122.892,0.1950878097556097,1,target
006400,2020-11-09,2020-11-23,501264.0,514971.0,12,139347.73144619912,0.023139444280950938,10,time
226950,2020-11-23,2020-11-24,39286.0,47143.2,157,1204666.4473253787,0.19508780975560946,1,target
319660,2020-11-20,2020-11-25,19500.0,18135.0,360,-518720.69222999923,-0.07380694743940241,3,stop
000270,2020-11-13,2020-11-27,59000.0,58700.0,100,-54090.938500000164,-0.009157423267594944,10,time
058610,2020-11-19,2020-11-30,7900.0,7346.999999999999,889,-518949.7569231512,-0.07380694743940275,7,stop
043260,2020-11-27,2020-11-30,1830.0,1775.1,3612,-224803.14329466037,-0.03397068711421569,1,stop
319400,2020-11-30,2020-12-01,3600.0,3492.0,1790,-219158.88377400022,-0.03397068711421558,1,stop
042700,2020-11-18,2020-12-02,6300.0,6375.0,1084,53072.89609500021,0.00776253798836124,10,time
226950,2020-11-30,2020-12-02,54200.0,52574.0,118,-217512.81146259978,-0.03397068711421558,2,stop
336260,2020-12-01,2020-12-02,49300.0,47821.0,127,-212938.49894435052,-0.03397068711421569,1,stop
066970,2020-12-02,2020-12-03,53186.0,51590.42,119,-215252.31885414012,-0.0339706871142158,1,stop
096770,2020-12-02,2020-12-03,180554.0,175137.38,35,-214920.92776731588,-0.03397068711421569,1,stop
082740,2020-11-24,2020-12-04,5208.0,6249.599999999999,1415,1439318.0280108005,0.1950878097556097,8,target
319400,2020-12-03,2020-12-04,3580.0,3472.6,1740,-211853.58764819987,-0.03397068711421558,1,stop
036930,2020-12-03,2020-12-04,8660.0,8400.199999999999,719,-211763.12169058993,-0.03397068711421558,1,stop
307950,2020-12-04,2020-12-07,95000.0,92150.0,73,-235857.67519749887,-0.03397068711421547,1,stop
003670,2020-12-04,2020-12-07,93253.0,90455.41,74,-234691.88869563583,-0.03397068711421547,1,stop
051910,2020-11-25,2020-12-09,820000.0,836000.0,7,88146.15040000062,0.015338830239522094,10,time
237690,2020-12-07,2020-12-09,111000.0,107670.0,61,-230280.07480350044,-0.03397068711421569,2,stop
036930,2020-12-09,2020-12-10,8830.0,8565.1,700,-210214.3172884984,-0.03397068711421536,1,stop
082740,2020-12-07,2020-12-11,6369.0,7324.349999999999,1064,985723.801888979,0.14529248434912567,4,target
039490,2020-12-03,2020-12-14,135000.0,130950.0,46,-211200.60028500017,-0.03397068711421558,7,stop
000660,2020-12-04,2020-12-15,116000.0,117500.0,59,60191.01677499991,0.008784609527903164,7,time
082740,2020-12-14,2020-12-15,7922.0,7684.34,759,-204493.8078892827,-0.03397068711421558,1,stop
307950,2020-12-15,2020-12-16,112000.0,128799.99999999999,56,912322.5641599996,0.1452924843491259,1,target
095340,2020-12-11,2020-12-17,23400.0,26909.999999999996,331,1126642.7277494986,0.14529248434912567,4,target
263750,2020-12-09,2020-12-18,47900.0,53740.0,129,725815.8694319995,0.11732809492460783,7,time
066970,2020-12-17,2020-12-18,70017.0,67916.49,126,-300038.9188727066,-0.03397068711421558,1,stop
047040,2020-12-10,2020-12-21,4260.0,4610.0,1405,465771.33995250054,0.077729812788216,7,time
272210,2020-12-16,2020-12-21,13501.0,13095.97,539,-247490.33898508176,-0.03397068711421558,3,stop
042700,2020-12-18,2020-12-21,8400.0,8148.0,921,-263113.09565940034,-0.03397068711421558,1,stop
319660,2020-12-18,2020-12-21,21100.0,20467.0,367,-263361.3668964496,-0.03397068711421558,1,stop
066970,2020-12-21,2020-12-22,66651.0,64651.47,106,-240279.14786105044,-0.03397068711421547,1,stop
015760,2020-12-21,2020-12-22,28600.0,27742.0,248,-241224.41508879885,-0.03397068711421547,1,stop
357780,2020-12-21,2020-12-22,275700.0,267429.0,25,-234412.2604612494,-0.03397068711421547,1,stop
000250,2020-12-22,2020-12-23,91100.0,88367.0,76,-235469.96395060048,-0.03397068711421569,1,stop
000100,2020-12-22,2020-12-23,66821.0,64816.369999999995,103,-234074.30549103487,-0.03397068711421547,1,stop
336260,2020-12-15,2020-12-24,53700.0,52089.0,118,-215506.2357111005,-0.03397068711421569,7,stop
042700,2020-12-23,2020-12-24,8650.0,8390.5,783,-230346.39383257553,-0.03397068711421569,1,stop
000990,2020-12-23,2020-12-24,39450.0,45367.5,171,981263.1380253751,0.1452924843491259,1,target
066570,2020-12-24,2020-12-28,125000.0,121250.0,54,-229565.86987499893,-0.03397068711421547,1,stop
319400,2020-12-24,2020-12-28,4455.0,5123.25,1526,988882.3114805259,0.1452924843491259,1,target
011070,2020-12-24,2020-12-28,184500.0,178965.0,36,-225892.81595699955,-0.03397068711421547,1,stop
000990,2020-12-28,2020-12-29,43300.0,49794.99999999999,160,1007744.0568399988,0.14529248434912567,1,target
003550,2020-12-29,2021-01-04,82185.0,94512.74999999999,87,1040049.9050362874,0.1452924843491259,2,target
218410,2020-12-22,2021-01-05,41466.0,44637.0,167,499616.53396574873,0.07206575998129261,7,time
000250,2020-12-29,2021-01-05,79800.0,77406.0,90,-244258.08554700017,-0.03397068711421558,3,stop
064760,2020-12-29,2021-01-06,122300.0,118631.0,58,-241244.82094389945,-0.03397068711421547,4,stop
066570,2020-12-30,2021-01-06,128000.0,147200.0,57,1061273.186879999,0.14529248434912567,3,target
096770,2021-01-05,2021-01-06,224832.0,258556.8,31,1013823.1041297596,0.1452924843491259,1,target
319400,2021-01-04,2021-01-07,5920.0,6807.999999999999,1387,1194374.5324011995,0.1452924843491259,3,target
067310,2021-01-05,2021-01-07,7770.0,7536.9,924,-244172.38095558062,-0.03397068711421569,2,stop
011200,2021-01-06,2021-01-07,16500.0,16005.0,472,-264867.999197999,-0.03397068711421547,1,stop
047040,2021-01-06,2021-01-08,5900.0,5723.0,1322,-265269.3143483,-0.03397068711421558,2,stop
064350,2021-01-06,2021-01-11,21850.0,21194.5,357,-265291.42069132626,-0.03397068711421569,3,stop
003670,2021-01-07,2021-01-11,126494.0,122699.18,62,-266725.88428533915,-0.03397068711421569,2,stop
058610,2021-01-07,2021-01-11,9580.0,9292.6,830,-270425.1937369006,-0.03397068711421569,2,stop
096770,2021-01-08,2021-01-11,265666.0,305515.89999999997,30,1159310.0430331472,0.14529248434912545,1,target
012330,2021-01-11,2021-01-12,368500.0,357445.0,21,-263184.51615224965,-0.03397068711421558,1,stop
018260,2021-01-11,2021-01-12,223000.0,216310.0,36,-273030.3412379995,-0.03397068711421547,1,stop
267260,2021-01-11,2021-01-12,20400.0,19788.0,394,-273356.8349195998,-0.03397068711421558,1,stop
039490,2021-01-12,2021-01-13,162500.0,157625.0,48,-265276.1162999999,-0.03397068711421558,1,stop
086520,2021-01-12,2021-01-13,8060.0,7818.2,967,-265072.7379441699,-0.03397068711421558,1,stop
005380,2021-01-11,2021-01-14,256500.0,248805.0,31,-270428.59471275005,-0.03397068711421558,3,stop
353200,2021-01-13,2021-01-14,16000.0,15520.0,471,-256297.54005599953,-0.03397068711421547,1,stop
000990,2021-01-13,2021-01-14,61300.0,59461.0,122,-254345.3799181003,-0.03397068711421558,1,stop
086790,2021-01-14,2021-01-15,39900.0,38703.0,185,-251043.03236775007,-0.03397068711421558,1,stop
006400,2021-01-07,2021-01-18,673574.0,691197.0,11,162916.66102855,0.02196282917646286,7,time
012330,2021-01-14,2021-01-18,328500.0,318645.0,22,-245788.52467949968,-0.03397068711421558,2,stop
000270,2021-01-14,2021-01-18,71200.0,69064.0,104,-251835.45974079892,-0.03397068711421547,2,stop
100790,2021-01-15,2021-01-18,5948.0,5769.5599999999995,1237,-250232.7838812461,-0.03397068711421558,1,stop
003490,2021-01-18,2021-01-19,24502.0,23766.94,294,-244992.2882134989,-0.03397068711421569,1,stop
064760,2021-01-18,2021-01-19,133100.0,129107.0,54,-244441.7382429,-0.03397068711421558,1,stop
083650,2021-01-19,2021-01-20,3245.0,3147.65,2170,-239484.8159415247,-0.03397068711421558,1,stop
012450,2021-01-19,2021-01-20,40490.0,39275.299999999996,173,-238230.5360480463,-0.0339706871142158,1,stop
080220,2021-01-12,2021-01-21,4275.0,4916.25,1824,1134235.7184779998,0.1452924843491259,7,target
000270,2021-01-20,2021-01-21,96000.0,93120.0,70,-228545.57711999863,-0.03397068711421536,1,stop
036930,2021-01-18,2021-01-27,9350.0,10450.0,770,814998.0107499994,0.11307197967434224,7,time
042700,2021-01-19,2021-01-28,10050.0,9748.5,700,-239258.65104749985,-0.03397068711421558,7,stop
066570,2021-01-21,2021-01-28,168500.0,163445.0,46,-263609.6381335007,-0.03397068711421569,5,stop
079550,2021-01-21,2021-01-28,39750.0,38557.5,195,-263618.14057312533,-0.03397068711421558,5,stop
080220,2021-01-27,2021-01-28,6450.0,6256.5,1244,-272887.50025229994,-0.03397068711421558,1,stop
100790,2021-01-20,2021-01-29,5671.0,5500.87,1200,-231443.2085442003,-0.03397068711421558,7,stop
352820,2021-01-28,2021-01-29,210870.0,204543.9,35,-251007.32212132495,-0.03397068711421558,1,stop
214150,2021-01-28,2021-01-29,16500.0,16005.0,447,-250838.97381674964,-0.03397068711421558,1,stop
035420,2021-01-29,2021-02-01,362000.0,351140.0,19,-233919.11896299943,-0.03397068711421547,1,stop
226950,2021-01-28,2021-02-03,47000.0,54049.99999999999,157,1073346.3330574986,0.14529248434912567,4,target
068270,2021-02-02,2021-02-03,321809.0,312154.73,21,-229837.57383565698,-0.03397068711421569,1,stop
047050,2021-02-02,2021-02-04,18600.0,21390.0,369,998347.3671645,0.1452924843491259,2,target
096770,2021-02-02,2021-02-04,318799.0,309235.02999999997,21,-227687.81700087152,-0.03397068711421558,2,stop
263750,2021-01-28,2021-02-05,61960.0,71254.0,119,1072508.4858047003,0.1452924843491259,6,target
298040,2021-02-05,2021-02-08,86300.0,83711.0,88,-258283.70995240007,-0.03397068711421558,1,stop
272210,2021-02-05,2021-02-08,17479.0,16954.63,436,-259183.06400617305,-0.03397068711421547,1,stop
079550,2021-02-05,2021-02-09,43600.0,42292.0,174,-258011.63188440073,-0.03397068711421569,2,stop
263750,2021-02-08,2021-02-09,78600.0,76242.0,94,-251277.69970139954,-0.03397068711421547,1,stop
047810,2021-02-05,2021-02-10,38800.0,37636.0,196,-258637.41144079994,-0.03397068711421558,3,stop
032820,2021-02-09,2021-02-10,1325.0,1285.25,5467,-246359.0383783374,-0.03397068711421558,1,stop
298040,2021-02-10,2021-02-15,88300.0,85651.0,81,-243247.99571954925,-0.03397068711421547,1,stop
352820,2021-02-03,2021-02-16,229185.0,245520.0,33,506470.72199625056,0.06688904542617413,7,time
047050,2021-02-08,2021-02-16,21800.0,21146.0,338,-250597.50453140028,-0.03397068711421558,4,stop
047810,2021-02-15,2021-02-16,40150.0,38945.5,173,-236230.08205307554,-0.03397068711421569,1,stop
353200,2021-02-10,2021-02-17,16300.0,15811.0,441,-244472.34702554997,-0.03397068711421558,3,stop
080220,2021-02-16,2021-02-17,6970.0,6760.9,1047,-248189.27353201527,-0.03397068711421558,1,stop
064760,2021-02-16,2021-02-17,185600.0,180032.0,39,-246176.23592640087,-0.03397068711421569,1,stop
319400,2021-02-16,2021-02-17,6150.0,5965.5,1186,-248063.77752315067,-0.03397068711421569,1,stop
357780,2021-02-17,2021-02-18,312600.0,303222.0,22,-233891.91115619987,-0.03397068711421558,1,stop
240810,2021-02-17,2021-02-18,53400.0,51798.0,131,-237911.86461090017,-0.03397068711421558,1,stop
035720,2021-02-17,2021-02-19,103367.0,100265.98999999999,67,-235537.6093602581,-0.0339706871142158,2,stop
222800,2021-02-18,2021-02-19,25400.0,24638.0,269,-232375.07592710014,-0.03397068711421558,1,stop
010950,2021-02-09,2021-02-22,81000.0,86600.0,89,467386.76807999983,0.06475930375345462,7,time
003670,2021-02-18,2021-02-22,154605.0,177795.75,44,989506.3331323508,0.1452924843491259,2,target
272210,2021-02-19,2021-02-22,19581.0,18993.57,340,-226421.32760408986,-0.03397068711421558,1,stop
178320,2021-02-19,2021-02-22,23404.0,22701.88,285,-226849.85056118947,-0.03397068711421547,1,stop
042700,2021-02-22,2021-02-23,12175.0,11809.75,582,-240988.04726722557,-0.03397068711421569,1,stop
043260,2021-02-22,2021-02-23,1980.0,1920.6,3580,-241074.77215140034,-0.03397068711421558,1,stop
087010,2021-02-22,2021-02-23,15020.0,14569.4,472,-241110.1423002407,-0.03397068711421569,1,stop
267270,2021-02-23,2021-02-24,38750.0,37587.5,176,-231946.55297000054,-0.03397068711421569,1,stop
003670,2021-02-24,2021-02-25,167205.0,162188.85,40,-227464.06679969933,-0.03397068711421547,1,stop
138040,2021-02-17,2021-02-26,11050.0,12250.0,635,730997.5410500001,0.10405925109398328,7,time
011200,2021-02-22,2021-03-02,16600.0,19090.0,427,1031046.6835585004,0.1452924843491259,5,target
000660,2021-02-26,2021-03-05,143500.0,139195.0,48,-234259.21654800046,-0.03397068711421569,4,stop
141080,2021-03-04,2021-03-05,57400.0,55678.0,126,-245972.17737540044,-0.03397068711421569,1,stop
086520,2021-03-05,2021-03-08,8968.0,8698.96,779,-237594.62158361264,-0.03397068711421569,1,stop
100790,2021-03-05,2021-03-08,6339.0,6148.83,1102,-237577.8207629118,-0.03397068711421547,1,stop
011200,2021-03-04,2021-03-09,20150.0,23172.5,360,1055163.8839949993,0.14529248434912567,3,target
098460,2021-03-04,2021-03-10,22439.0,21765.829999999998,323,-246495.82562702522,-0.03397068711421569,4,stop
083650,2021-03-09,2021-03-10,3590.0,3482.2999999999997,2034,-248341.29715251178,-0.0339706871142158,1,stop
105560,2021-03-09,2021-03-10,51900.0,50343.0,140,-247114.9052609997,-0.03397068711421558,1,stop
083650,2021-03-12,2021-03-15,3800.0,3686.0,1869,-241544.1068187002,-0.03397068711421558,1,stop
319400,2021-03-12,2021-03-15,6200.0,6014.0,1146,-241646.13609420042,-0.03397068711421569,1,stop
005490,2021-03-05,2021-03-16,299500.0,306000.0,23,120828.8158250004,0.01752050580193809,7,time
100790,2021-03-15,2021-03-16,8064.0,7822.08,851,-233390.74335494544,-0.0339706871142158,1,stop
047040,2021-03-16,2021-03-17,6400.0,6208.0,1068,-232463.50129919965,-0.03397068711421558,1,stop
010120,2021-03-16,2021-03-17,12360.0,11989.199999999999,553,-232459.42012818158,-0.0339706871142158,1,stop
105560,2021-03-12,2021-03-18,51100.0,49567.0,139,-241567.9136496503,-0.03397068711421558,4,stop
005290,2021-03-17,2021-03-19,33250.0,32252.5,198,-223903.24508474953,-0.03397068711421547,2,stop
237690,2021-03-17,2021-03-22,85000.0,82450.0,77,-222593.8693824988,-0.03397068711421536,3,stop
267270,2021-03-12,2021-03-23,46100.0,48350.0,154,316383.73959500063,0.04451365874337898,7,time
087010,2021-03-22,2021-03-23,16571.0,16073.869999999999,386,-217540.2233279515,-0.03397068711421569,1,stop
196170,2021-03-15,2021-03-24,83412.0,83162.0,82,-48470.367763799615,-0.007078393647436676,7,time
042700,2021-03-23,2021-03-24,13225.0,12828.25,514,-231186.43486752454,-0.03397068711421547,1,stop
100790,2021-03-18,2021-03-26,7911.0,9097.65,877,1009190.9434065977,0.1452924843491259,6,target
011200,2021-03-23,2021-03-26,27350.0,31452.499999999996,248,986623.3240090003,0.1452924843491259,3,target
214450,2021-03-26,2021-03-29,69000.0,66930.0,115,-269867.43369749933,-0.03397068711421547,1,stop
039030,2021-03-19,2021-03-30,114100.0,120100.0,55,303308.88939999975,0.048276701370498776,7,time
011200,2021-03-29,2021-03-30,32600.0,31622.0,236,-261657.4779955987,-0.03397068711421547,1,stop
001440,2021-03-26,2021-03-31,9411.0,9128.67,846,-270775.6983080013,-0.03397068711421558,3,stop
083650,2021-03-30,2021-03-31,4565.0,4245.45,1536,-518117.73484416027,-0.07380694743940264,1,stop
000500,2021-03-24,2021-04-02,22863.0,25008.0,292,597133.9515558006,0.08934216661448224,7,time
090430,2021-03-24,2021-04-02,249500.0,258500.0,26,206725.13289999962,0.03183099138886125,7,time
009540,2021-03-30,2021-04-02,136500.0,126944.99999999999,51,-514398.01979475096,-0.07380694743940275,3,stop
064760,2021-04-02,2021-04-08,201200.0,187116.0,33,-490612.23762540054,-0.07380694743940264,4,stop
043260,2021-04-08,2021-04-12,2065.0,1920.4499999999998,3093,-471950.48485814314,-0.07380694743940264,2,stop
010140,2021-04-01,2021-04-15,7333.0,7060.0,970,-293179.8644615002,-0.04117006035790227,10,time
017670,2021-04-01,2021-04-15,47965.0,51847.0,148,543749.8550211992,0.07650921978524416,10,time
240810,2021-04-02,2021-04-16,55100.0,55900.0,123,70335.18102000002,0.010366130752247127,10,time
039030,2021-04-02,2021-04-16,128000.0,123200.0,53,-281452.20487999916,-0.04143998592518805,10,time
080220,2021-04-15,2021-04-23,7620.0,7086.599999999999,950,-534903.004423501,-0.07380694743940275,6,stop
000720,2021-04-12,2021-04-26,44951.0,50011.0,131,636773.2729227999,0.10801273337797057,10,time
036930,2021-04-15,2021-04-29,12800.0,14000.0,566,647507.0450800005,0.08927274326683166,10,time
067310,2021-04-26,2021-04-29,10647.0,9901.71,614,-483049.9992943173,-0.07380694743940264,3,stop
028050,2021-04-16,2021-04-30,14800.0,17760.0,451,1303669.8058120012,0.1950878097556097,10,target
035720,2021-04-16,2021-04-30,115500.0,113500.0,57,-140644.42199999932,-0.02133862621023308,10,time
047040,2021-04-30,2021-05-04,7610.0,7077.299999999999,951,-534763.3488525162,-0.07380694743940275,2,stop
267270,2021-04-23,2021-05-10,56500.0,66200.0,120,1132782.6738,0.16688514757848605,10,time
000150,2021-04-29,2021-05-14,61100.0,68500.0,114,812567.4227400003,0.11652366296043737,10,time
267250,2021-04-29,2021-05-14,68000.0,73400.0,102,520751.09886000026,0.07499320142232535,10,time
042660,2021-04-30,2021-05-17,31183.0,32649.0,232,309461.0852391999,0.04272685706717594,10,time
028050,2021-05-04,2021-05-20,17850.0,19750.0,375,682967.1881250003,0.10191336333675483,10,time
207940,2021-05-17,2021-05-21,1352702.0,1258012.8599999999,5,-499768.17508611456,-0.07380694743940253,3,stop
024110,2021-05-10,2021-05-25,10250.0,10700.0,773,314353.45765749924,0.039629232876831066,10,time
030200,2021-05-14,2021-05-31,31700.0,34200.0,240,567052.0644000014,0.07444803085283525,10,time
000810,2021-05-14,2021-05-31,217500.0,211500.0,35,-240578.45699999947,-0.03156677485321291,10,time
001440,2021-05-31,2021-06-01,15025.0,18030.0,517,1517170.443505751,0.1950878097556097,1,target
047040,2021-05-20,2021-06-02,7660.0,9192.0,1066,1594833.4061764004,0.1950878097556097,9,target
034020,2021-05-31,2021-06-02,17856.0,21427.2,435,1517060.0921184001,0.1950878097556097,2,target
214450,2021-05-21,2021-06-04,79300.0,81400.0,79,139736.9249650007,0.022279820450889387,10,time
083650,2021-05-25,2021-06-07,5250.0,6300.0,1569,1608835.3370774994,0.19508780975560946,9,target
000150,2021-06-03,2021-06-07,90000.0,108000.0,105,1845700.1955000013,0.1950878097556097,2,target
001440,2021-06-04,2021-06-07,22473.0,26967.6,287,1259714.992764689,0.19508780975560946,1,target
032820,2021-06-07,2021-06-08,1940.0,2328.0,4959,1878993.1114073992,0.19508780975560946,1,target
241560,2021-06-03,2021-06-09,54500.0,50685.0,174,-700716.2855294999,-0.07380694743940253,4,stop
034020,2021-06-08,2021-06-09,30789.0,29865.329999999998,373,-390578.1675122753,-0.03397068711421569,1,stop
001440,2021-06-09,2021-06-10,28351.0,27500.469999999998,351,-338437.94279496,-0.03397068711421569,1,stop
083650,2021-06-09,2021-06-10,6530.0,6334.099999999999,1523,-338233.5101366155,-0.03397068711421558,1,stop
032820,2021-06-10,2021-06-11,2395.0,2323.15,4013,-326872.3802608978,-0.03397068711421558,1,stop
145020,2021-06-10,2021-06-11,242500.0,235225.0,39,-321647.2910137493,-0.03397068711421547,1,stop
180640,2021-06-11,2021-06-14,78700.0,76339.0,118,-315835.0232861005,-0.03397068711421558,1,stop
307950,2021-06-11,2021-06-14,123500.0,119795.0,75,-315015.3881062493,-0.03397068711421547,1,stop
007660,2021-06-14,2021-06-15,3597.0,3489.0899999999997,2494,-305098.7547033038,-0.03397068711421569,1,stop
035720,2021-06-02,2021-06-16,128000.0,143000.0,73,1053478.3044500016,0.112614302051121,10,time
145020,2021-06-16,2021-06-17,249000.0,241530.0,41,-347205.6245265007,-0.03397068711421569,1,stop
214150,2021-06-15,2021-06-18,16950.0,19492.5,515,1269753.1478306279,0.14529248434912612,3,target
064350,2021-06-07,2021-06-21,23000.0,24250.0,418,481559.549075,0.05003186183237429,10,time
316140,2021-06-07,2021-06-21,11600.0,11300.0,829,-287376.75044499896,-0.029849694666782334,10,time
007660,2021-06-17,2021-06-21,3713.0,3601.61,2710,-342214.01227145456,-0.03397068711421558,2,stop
064760,2021-06-18,2021-06-21,202100.0,196037.0,49,-336795.2374496497,-0.03397068711421558,1,stop
214450,2021-06-14,2021-06-23,92700.0,92000.0,96,-103472.59248000011,-0.011613821489427578,7,time
214150,2021-06-21,2021-06-23,19300.0,18721.0,502,-329506.9462031014,-0.03397068711421569,2,stop
028050,2021-06-21,2021-06-24,23750.0,27312.499999999996,408,1409503.4513249993,0.1452924843491259,3,target
035720,2021-06-21,2021-06-25,155500.0,150835.0,62,-327888.0816984996,-0.03397068711421558,4,stop
095340,2021-06-23,2021-06-25,24500.0,23765.0,378,-314964.37346849963,-0.03397068711421558,2,stop
078600,2021-06-24,2021-06-25,50900.0,49373.0,218,-377379.08226769976,-0.03397068711421558,1,stop
307950,2021-06-25,2021-06-28,143000.0,138710.0,67,-325847.49618849903,-0.03397068711421547,1,stop
352820,2021-06-21,2021-06-29,313000.0,303610.0,30,-319351.63231499866,-0.03397068711421547,6,stop
298380,2021-06-25,2021-06-29,22300.0,21631.0,433,-328394.8271001503,-0.03397068711421558,2,stop
039490,2021-06-29,2021-06-30,135000.0,130950.0,68,-312209.58302999847,-0.03397068711421547,1,stop
005830,2021-06-29,2021-07-01,55600.0,53932.0,166,-313896.4670515992,-0.03397068711421547,2,stop
263750,2021-06-30,2021-07-01,74500.0,85675.0,120,1300408.7569500022,0.14529248434912612,1,target
043260,2021-06-23,2021-07-02,1800.0,1870.0,5154,321696.5814810023,0.034636205668051145,7,time
010170,2021-06-25,2021-07-06,3112.0,3138.0,3105,40892.080891499296,0.004227063788855734,7,time
263750,2021-07-05,2021-07-06,83800.0,77934.0,114,-705903.4924518,-0.07380694743940253,1,stop
277810,2021-06-29,2021-07-07,23450.0,22746.5,394,-314226.36170905083,-0.03397068711421569,6,stop
032820,2021-07-06,2021-07-07,3070.0,2855.1,3031,-687576.1002447046,-0.07380694743940253,1,stop
058470,2021-07-02,2021-07-16,36081.0,37303.0,265,283690.53710549884,0.02963610966329222,10,time
010950,2021-07-07,2021-07-16,106500.0,99045.0,82,-645297.4081544988,-0.07380694743940241,7,stop
000720,2021-07-05,2021-07-19,58572.0,56043.0,164,-452899.8009197973,-0.04709437213837031,10,time
012450,2021-07-06,2021-07-20,54496.0,52562.0,170,-365777.7763449997,-0.03943706179697659,10,time
047050,2021-07-07,2021-07-21,23950.0,23450.0,367,-218980.77645500004,-0.02488485947219743,10,time
078600,2021-07-20,2021-07-21,61700.0,57380.99999999999,144,-656514.1889352007,-0.07380694743940264,1,stop
032820,2021-07-16,2021-07-22,3065.0,2850.45,2936,-664940.8139696606,-0.07380694743940264,4,stop
086520,2021-07-19,2021-07-26,11249.0,13498.8,814,1788412.3958023395,0.19508780975560946,5,target
067310,2021-07-16,2021-07-28,11881.0,11049.33,757,-664577.04445857,-0.07380694743940253,8,stop
042700,2021-07-23,2021-07-29,19825.0,18437.25,425,-622584.904910313,-0.07380694743940264,4,stop
047050,2021-07-26,2021-08-02,27200.0,25296.0,404,-811982.6129311994,-0.07380694743940253,5,stop
010130,2021-07-22,2021-08-05,517000.0,525000.0,16,93722.33920000028,0.011317053710017788,10,time
131290,2021-07-23,2021-08-06,71100.0,77200.0,118,683294.9152499996,0.08134996382012494,10,time
086520,2021-07-30,2021-08-09,13734.0,16480.8,568,1523613.2067172779,0.19508780975560924,6,target
012450,2021-08-05,2021-08-10,56228.0,52292.03999999999,149,-619063.7372255782,-0.07380694743940264,3,stop
138040,2021-07-28,2021-08-11,23250.0,24450.0,359,395323.3292100001,0.04730813435572245,10,time
353200,2021-08-10,2021-08-11,17450.0,16228.499999999998,445,-573788.5833816249,-0.07380694743940253,1,stop
095340,2021-08-06,2021-08-12,29000.0,26970.0,313,-670716.1999104992,-0.07380694743940253,4,stop
086520,2021-08-11,2021-08-12,17940.0,21528.0,444,1555731.9057383984,0.19508780975560946,1,target
005830,2021-08-02,2021-08-17,58300.0,62700.0,174,721770.01248,0.07106926346021614,10,time
066970,2021-08-12,2021-08-18,122600.0,114017.99999999999,70,-634139.7408429999,-0.07380694743940253,3,stop
222800,2021-08-09,2021-08-24,30800.0,31400.0,303,143018.00282999873,0.01530728426207073,10,time
207940,2021-08-12,2021-08-27,1405065.0,1377429.0,6,-199876.59043919947,-0.02368181857312668,10,time
214450,2021-08-12,2021-08-27,94800.0,97800.0,91,236840.83059000038,0.027422536867955483,10,time
000810,2021-08-18,2021-09-01,230500.0,227000.0,41,-181806.9939249996,-0.019215716505699976,10,time
079550,2021-08-18,2021-09-01,47800.0,52400.0,199,873718.4569899999,0.09174688338901582,10,time
222800,2021-08-27,2021-09-01,32250.0,29992.499999999996,265,-631498.1076881252,-0.07380694743940264,3,stop
138040,2021-08-27,2021-09-02,26650.0,31980.0,320,1665622.356320003,0.1950878097556099,4,target
086520,2021-09-01,2021-09-02,20555.0,19116.149999999998,447,-678924.4745681044,-0.07380694743940275,1,stop
353200,2021-08-25,2021-09-08,18250.0,18200.0,525,-65438.492437498644,-0.006822002851502362,10,time
078600,2021-09-06,2021-09-08,70000.0,84000.0,132,1804684.6356000006,0.1950878097556097,2,target
138040,2021-09-09,2021-09-14,37300.0,34689.0,267,-735896.1888871491,-0.07380694743940253,3,stop
247540,2021-09-10,2021-09-14,90778.0,108933.59999999999,109,1932575.4482363798,0.1950878097556097,2,target
067310,2021-09-03,2021-09-15,12599.0,11717.07,736,-685188.9505747352,-0.07380694743940253,8,stop
028300,2021-09-02,2021-09-16,55880.0,60097.0,166,659943.0690869,0.0710628743569981,10,time
058470,2021-09-14,2021-09-23,41147.0,38266.71,256,-778349.41349517,-0.07380694743940275,4,stop
066970,2021-09-14,2021-09-24,150400.0,180480.0,70,2056246.7363200001,0.1950878097556097,5,target
267260,2021-09-08,2021-09-27,26500.0,26200.0,375,-152894.20687500015,-0.015367905169906604,10,time
028050,2021-09-24,2021-09-27,27850.0,25900.5,402,-827270.8339030519,-0.07380694743940275,1,stop
066970,2021-09-27,2021-09-28,191900.0,178467.0,52,-737351.8580661993,-0.07380694743940253,1,stop
000810,2021-09-15,2021-10-05,232500.0,240000.0,37,241427.15062499978,0.028032524520954505,10,time
247540,2021-09-16,2021-10-06,110001.0,102300.93,90,-731535.8316152841,-0.07380694743940253,10,stop
028300,2021-10-05,2021-10-06,49509.0,48023.729999999996,184,-309817.20057807676,-0.03397068711421569,1,stop
078600,2021-09-27,2021-10-07,97800.0,90954.0,103,-744342.0257990994,-0.07380694743940253,7,stop
005830,2021-09-24,2021-10-12,62800.0,65500.0,178,433371.8482900001,0.03872414462569562,10,time
028300,2021-10-08,2021-10-12,45834.0,44458.979999999996,198,-308643.0476756245,-0.0339706871142158,1,stop
028300,2021-10-15,2021-10-18,46550.0,45153.5,205,-324546.62292587385,-0.03397068711421547,1,stop
000150,2021-11-30,2021-12-01,110500.0,107185.0,85,-319436.6567112487,-0.03397068711421547,1,stop
086520,2021-12-03,2021-12-07,22405.0,21732.85,420,-320035.22846085206,-0.0339706871142158,2,stop
352820,2021-12-03,2021-12-08,333500.0,341000.0,28,171111.91790000163,0.018303206213550638,3,time
000150,2021-12-03,2021-12-08,110500.0,114500.0,85,300505.3194999993,0.03195742245111077,3,time
066970,2021-12-07,2021-12-10,203000.0,205900.0,46,94737.73853000067,0.010133743960098585,3,time
277810,2022-01-18,2022-01-21,22000.0,23100.0,430,432836.60034999996,0.04570183353615831,3,time
108490,2022-01-25,2022-01-26,23079.0,22386.63,414,-324953.24359850027,-0.03397068711421547,1,stop
277810,2022-01-26,2022-01-27,21800.0,21146.0,435,-322514.5398554988,-0.03397068711421547,1,stop
319400,2022-01-27,2022-01-28,3365.0,3264.0499999999997,2797,-320096.6160749458,-0.033970687114215914,1,stop
058610,2022-01-26,2022-02-03,11300.0,12430.000000000002,839,906421.237496499,0.0954971589426421,3,target
108490,2022-01-28,2022-02-03,21716.0,23887.600000000002,429,890690.4449671805,0.0954971589426421,1,target
138040,2022-02-03,2022-02-04,44450.0,48895.00000000001,220,934940.8041050024,0.09549715894264232,1,target
319400,2022-02-03,2022-02-04,3350.0,3685.0000000000005,2931,938750.74285575,0.0954971589426421,1,target
031980,2022-01-28,2022-02-07,14450.0,14016.5,645,-316979.45165962353,-0.03397068711421547,3,stop
138040,2022-02-11,2022-02-15,41550.0,40303.5,241,-340558.4172276743,-0.03397068711421547,2,stop
298380,2022-02-14,2022-02-15,23800.0,26180.000000000004,421,957962.9685009997,0.0954971589426421,1,target
298380,2022-02-18,2022-02-23,24500.0,26050.0,414,598240.1937150024,0.05891283823583793,3,time
032820,2022-04-11,2022-04-12,2215.0,2148.5499999999997,4638,-349388.0307294447,-0.03397068711421558,1,stop
214370,2022-05-09,2022-05-10,20820.0,20195.399999999998,490,-346960.75426530093,-0.03397068711421569,1,stop
329180,2022-05-12,2022-05-13,124500.0,120765.0,81,-342971.40959324874,-0.03397068711421547,1,stop
214370,2022-05-13,2022-05-17,18400.0,20240.0,547,962265.2832759991,0.0954971589426421,2,target
028300,2022-06-09,2022-06-10,34486.0,33451.42,297,-348339.57789440453,-0.03397068711421536,1,stop
028300,2022-06-13,2022-06-15,32334.0,31363.98,315,-346396.5323717855,-0.03397068711421558,2,stop
257720,2022-07-27,2022-07-28,4050.0,3928.5,2499,-344211.065290574,-0.03397068711421547,1,stop
214370,2022-08-30,2022-09-02,23940.0,26334.000000000004,419,959020.3818657007,0.0954971589426421,3,target
277810,2022-09-08,2022-09-13,27600.0,30360.000000000004,371,978977.3860020023,0.09549715894264232,1,target
000150,2022-09-08,2022-09-14,73000.0,70810.0,140,-347579.7318700012,-0.03397068711421569,2,stop
083650,2022-09-15,2022-09-19,8570.0,8312.9,1210,-352670.99271745235,-0.0339706871142158,2,stop
298040,2022-09-19,2022-09-20,63700.0,61789.0,161,-348793.88024844974,-0.03397068711421558,1,stop
083650,2022-09-21,2022-09-23,8510.0,8254.699999999999,1202,-347886.4998916723,-0.0339706871142158,2,stop
012450,2022-09-27,2022-09-28,67535.0,65508.95,150,-344527.35604462586,-0.03397068711421569,1,stop
078600,2022-09-27,2022-09-28,81600.0,79152.0,124,-344124.3404064011,-0.03397068711421569,1,stop
009830,2022-09-27,2022-09-30,57888.0,58887.0,175,132793.2018787507,0.013093327533032051,3,time
064350,2022-09-29,2022-09-30,25900.0,25123.0,385,-339128.30688275024,-0.03397068711421558,1,stop
003670,2022-09-30,2022-10-06,145881.0,153636.0,68,485131.60834739916,0.048848666262300666,3,time
377300,2023-01-02,2023-01-03,54700.0,53059.0,184,-342301.41735079885,-0.03397068711421547,1,stop
257720,2023-01-02,2023-01-03,2480.0,2405.6,4063,-342690.48898804,-0.03397068711421558,1,stop
298040,2023-01-05,2023-01-06,72100.0,69937.0,137,-335938.1915354505,-0.03397068711421569,1,stop
257720,2023-01-06,2023-01-11,2425.0,2600.0,4071,669866.5878937505,0.06777604995346564,3,time
042660,2023-03-09,2023-03-10,20033.0,19432.01,499,-339977.4285232201,-0.03397068711421569,1,stop
058610,2023-03-10,2023-03-13,23850.0,22180.5,416,-733125.2450183984,-0.07380694743940241,1,stop
042660,2023-03-13,2023-03-15,19589.0,21547.9,498,932677.0216773897,0.0954971589426421,2,target
086520,2023-03-14,2023-03-15,72791.0,87349.2,134,1905073.9293868616,0.1950878097556097,1,target
080220,2023-03-15,2023-03-16,4550.0,5005.0,2355,1024452.8531737495,0.0954971589426421,1,target
108490,2023-03-20,2023-03-21,40608.0,37765.439999999995,272,-816163.1174730267,-0.07380694743940286,1,stop
403870,2023-03-20,2023-03-21,18600.0,22320.0,594,2157887.199996,0.1950878097556097,1,target
277810,2023-03-20,2023-03-23,124000.0,148800.0,89,2155465.3288400024,0.1950878097556099,3,target
028050,2023-03-10,2023-03-24,28650.0,29250.0,346,166362.93803999946,0.016763188928201833,10,time
058610,2023-03-23,2023-03-27,33500.0,40200.0,364,2381636.8448600024,0.1950878097556097,2,target
247540,2023-03-24,2023-03-27,245000.0,227849.99999999997,47,-850864.4972974993,-0.07380694743940253,1,stop
086520,2023-03-24,2023-03-27,94374.0,87767.81999999999,122,-850763.1176978219,-0.07380694743940253,1,stop
003550,2023-03-14,2023-03-28,86200.0,83200.0,113,-377919.537969999,-0.03875381117878263,10,time
000250,2023-03-27,2023-03-28,67400.0,80880.0,177,2330035.364261998,0.19508780975560946,1,target
007660,2023-03-29,2023-04-03,10210.0,9495.3,1174,-885707.4538807124,-0.07380694743940275,3,stop
403870,2023-03-24,2023-04-04,26150.0,24319.5,440,-850199.4707689993,-0.07380694743940253,7,stop
042700,2023-03-27,2023-04-04,20400.0,18972.0,586,-883332.5702555999,-0.07380694743940253,6,stop
028050,2023-04-03,2023-04-07,31900.0,29666.999999999996,348,-820288.0553538036,-0.07380694743940286,4,stop
078600,2023-04-04,2023-04-07,106300.0,127560.0,102,2117691.9512939993,0.19508780975560946,3,target
066970,2023-03-28,2023-04-11,295500.0,317500.0,40,828964.9920000006,0.07005183191597864,10,time
006260,2023-03-28,2023-04-11,77400.0,83800.0,153,927781.5653999988,0.07825536668303257,10,time
078600,2023-04-10,2023-04-11,132300.0,123038.99999999999,88,-860278.3172676023,-0.07380694743940275,1,stop
086520,2023-04-11,2023-04-12,148134.0,137764.62,80,-875671.46464728,-0.07380694743940253,1,stop
247540,2023-04-11,2023-04-12,302000.0,280860.0,39,-870298.0502969977,-0.07380694743940241,1,stop
003670,2023-04-11,2023-04-13,296609.0,275846.37,40,-876679.3492971398,-0.07380694743940253,2,stop
214370,2023-04-04,2023-04-18,42700.0,44200.0,254,335428.5353900008,0.030891514270061426,10,time
310210,2023-04-13,2023-04-20,40705.0,37855.649999999994,276,-830143.7485061716,-0.07380694743940275,5,stop
267260,2023-04-18,2023-04-21,49950.0,46453.5,228,-841524.5691638999,-0.07380694743940253,3,stop
319400,2023-04-20,2023-04-21,4995.0,4645.349999999999,2084,-769182.9833936691,-0.07380694743940253,1,stop
039490,2023-04-13,2023-04-24,107600.0,100068.0,104,-826879.2071695998,-0.07380694743940253,7,stop
051910,2023-04-11,2023-04-25,768000.0,742000.0,15,-436061.52449999936,-0.037809076780965345,10,time
042660,2023-04-21,2023-04-25,26474.0,24620.82,381,-745316.9546898808,-0.07380694743940253,2,stop
012330,2023-04-13,2023-04-27,230500.0,221500.0,48,-476068.92719999887,-0.042979212361288655,10,time
005830,2023-04-26,2023-05-04,85300.0,79329.0,119,-750053.8647605497,-0.07380694743940253,5,stop
042700,2023-05-04,2023-05-09,22650.0,21064.5,416,-696238.4402376004,-0.07380694743940264,2,stop
064350,2023-04-24,2023-05-10,33550.0,33600.0,305,-26730.813812498003,-0.002609279488611782,10,time
267260,2023-04-24,2023-05-10,51800.0,48174.0,197,-754036.6347479001,-0.07380694743940253,10,stop
267270,2023-04-28,2023-05-10,67600.0,62867.99999999999,158,-789223.9272892028,-0.07380694743940286,6,stop
000810,2023-04-26,2023-05-12,226500.0,225500.0,45,-86638.24124999903,-0.008490430096063317,10,time
319400,2023-05-12,2023-05-15,4825.0,4487.25,2051,-731239.1558917388,-0.07380694743940275,1,stop
214150,2023-05-18,2023-05-23,26500.0,24645.0,362,-708844.3875444997,-0.07380694743940253,3,stop
005380,2023-05-11,2023-05-25,211500.0,203500.0,45,-397943.32049999945,-0.04176371440005289,10,time
000270,2023-05-11,2023-05-25,90500.0,87100.0,105,-394890.69164999947,-0.04150876399895398,10,time
043260,2023-05-11,2023-05-25,1623.0,1662.0,5896,190049.58536520042,0.01983771812170021,10,time
007660,2023-05-23,2023-05-26,10755.0,12906.0,827,1737181.8130531497,0.19508780975560946,3,target
042660,2023-05-25,2023-05-26,27007.0,25116.51,345,-688480.9057826493,-0.07380694743940275,1,stop
042700,2023-05-26,2023-05-31,28150.0,26179.5,336,-698898.5463515986,-0.07380694743940241,2,stop
214450,2023-05-17,2023-06-01,114000.0,120000.0,83,457754.7027000021,0.048322640136499784,10,time
007660,2023-05-30,2023-06-09,13887.0,16664.399999999998,685,1857925.762033049,0.19508780975560946,7,target
047050,2023-06-09,2023-06-12,38400.0,37248.0,296,-386568.5190143995,-0.03397068711421558,1,stop
095340,2023-05-26,2023-06-13,51300.0,56000.0,184,823566.7969199996,0.08714940458599951,10,time
005930,2023-05-30,2023-06-14,71300.0,71900.0,133,40701.92483000085,0.004287208057834668,10,time
067310,2023-06-13,2023-06-14,17822.0,17287.34,576,-349126.22360851243,-0.03397068711421558,1,stop
066570,2023-05-31,2023-06-15,125200.0,123600.0,70,-147586.44319999963,-0.016820731590832305,10,time
086520,2023-06-14,2023-06-15,147545.0,143118.65,65,-326168.0381623637,-0.03397068711421569,1,stop
031980,2023-06-14,2023-06-15,12130.0,13949.499999999998,801,1413304.310477024,0.14529248434912567,1,target
403870,2023-06-01,2023-06-16,26750.0,31450.0,372,1702464.44118,0.17088821236180451,10,time
007660,2023-06-12,2023-06-16,17504.0,20129.6,627,1596420.191364238,0.14529248434912567,4,target
214150,2023-06-15,2023-06-16,32300.0,31331.0,300,-329554.55986499786,-0.03397068711421536,1,stop
010170,2023-06-16,2023-06-19,2217.0,2150.49,5060,-381522.15104817227,-0.0339706871142158,1,stop
131290,2023-06-16,2023-06-20,48500.0,55774.99999999999,231,1629656.5445737485,0.14529248434912567,2,target
031980,2023-06-19,2023-06-20,15750.0,18112.5,689,1578491.1329118758,0.1452924843491259,1,target
214370,2023-06-20,2023-06-21,46100.0,44717.0,274,-429590.8635168988,-0.03397068711421547,1,stop
042660,2023-06-21,2023-06-22,34159.0,33134.229999999996,358,-415902.68393533863,-0.03397068711421569,1,stop
086280,2023-06-15,2023-06-26,94186.0,96388.0,103,186380.07885609753,0.019190076079279805,7,time
047050,2023-06-15,2023-06-26,36950.0,37950.0,262,221553.34652000293,0.022859322964037032,7,time
012450,2023-06-20,2023-06-26,139860.0,135664.19999999998,90,-428094.43414290063,-0.03397068711421558,4,stop
131290,2023-06-22,2023-06-26,54000.0,52380.0,219,-402199.4040209986,-0.03397068711421547,2,stop
353200,2023-06-16,2023-06-27,29200.0,31200.0,384,719783.6006399989,0.06411928265910438,7,time
031980,2023-06-26,2023-06-27,17780.0,17246.6,610,-368863.03873930126,-0.03397068711421569,1,stop
178320,2023-06-26,2023-06-27,20350.0,19739.5,533,-368888.5460581742,-0.03397068711421547,1,stop
087010,2023-06-27,2023-06-28,11173.0,10837.81,979,-372011.2200543713,-0.03397068711421569,1,stop
145020,2023-06-27,2023-06-28,114100.0,110677.0,95,-368648.77726074867,-0.03397068711421547,1,stop
310210,2023-06-26,2023-06-30,40378.0,39166.659999999996,268,-368029.9356950857,-0.03397068711421569,4,stop
131970,2023-06-27,2023-06-30,42900.0,41613.0,255,-372049.7531107478,-0.03397068711421536,3,stop
098460,2023-06-29,2023-06-30,16930.0,16422.1,631,-363320.46839655377,-0.03397068711421547,1,stop
084370,2023-06-30,2023-07-06,34250.0,31852.499999999996,307,-776954.1878383756,-0.07380694743940264,4,stop
036930,2023-06-30,2023-07-07,19150.0,17809.5,549,-776850.7392672747,-0.07380694743940253,5,stop
267270,2023-06-29,2023-07-10,82600.0,85100.0,129,277881.29359499924,0.02604895692294562,7,time
031980,2023-06-30,2023-07-10,20800.0,19344.0,505,-776159.8505960014,-0.07380694743940275,6,stop
042660,2023-07-10,2023-07-12,36824.0,44188.799999999996,275,1977848.4232539982,0.19508780975560946,2,target
307950,2023-06-30,2023-07-14,139200.0,159000.0,75,1437836.9377500005,0.13756562351018875,10,time
086520,2023-07-06,2023-07-18,185609.0,222730.8,53,1921340.1145066302,0.1950878097556097,8,target
087010,2023-07-12,2023-07-18,15922.0,19106.399999999998,760,2363418.123776799,0.19508780975560946,4,target
082740,2023-07-10,2023-07-24,11820.0,11860.0,857,-7334.7596220020205,-0.000723249880039023,10,time
010120,2023-07-11,2023-07-25,16880.0,20256.0,601,1981418.7300871983,0.19508780975560946,10,target
000100,2023-07-24,2023-07-25,64793.0,60257.49,156,-746877.1069257446,-0.07380694743940286,1,stop
047050,2023-07-25,2023-07-26,70500.0,84600.0,152,2092965.4280399997,0.1950878097556097,1,target
247540,2023-07-25,2023-07-26,408500.0,490200.0,26,2074410.769989999,0.19508780975560946,1,target
036930,2023-07-18,2023-07-27,21450.0,25740.0,612,2563941.2430059984,0.19508780975560946,7,target
086520,2023-07-26,2023-07-27,255653.0,237757.28999999998,50,-944533.4838367272,-0.07380694743940275,1,stop
042700,2023-07-14,2023-07-28,43250.0,47150.0,274,1016883.9946700018,0.08571079441188822,10,time
031980,2023-07-27,2023-07-28,27550.0,33060.0,501,2695806.2680845,0.19508780975560946,1,target
010140,2023-07-18,2023-08-01,8650.0,9100.0,1517,626860.7283574976,0.04771667329248985,10,time
095340,2023-07-28,2023-08-01,106500.0,99045.0,135,-1062379.8792787474,-0.07380694743940241,2,stop
096770,2023-08-01,2023-08-02,222864.0,207263.52,60,-988069.8149841614,-0.07380694743940264,1,stop
084370,2023-07-28,2023-08-03,35050.0,32596.499999999996,410,-1061862.6364232507,-0.07380694743940264,4,stop
240810,2023-08-01,2023-08-03,37400.0,34782.0,362,-1000406.796006199,-0.07380694743940253,2,stop
036930,2023-08-02,2023-08-03,29000.0,26970.0,434,-930002.6541889999,-0.07380694743940253,1,stop
000500,2023-08-03,2023-08-04,22660.0,21073.8,552,-924262.7363296784,-0.07380694743940241,1,stop
138040,2023-07-26,2023-08-09,48450.0,49500.0,264,223963.54398000054,0.017489621308955483,10,time
039030,2023-07-28,2023-08-09,156100.0,145173.0,92,-1061175.4423438013,-0.07380694743940264,8,stop
277810,2023-08-09,2023-08-14,145100.0,134943.0,90,-964953.4928534981,-0.07380694743940241,3,stop
310210,2023-08-14,2023-08-16,72924.0,67819.31999999999,167,-899877.5435826425,-0.07380694743940264,1,stop
257720,2023-08-03,2023-08-17,8130.0,7560.9,1538,-923939.0900858119,-0.07380694743940275,9,stop
326030,2023-08-03,2023-08-18,92600.0,86118.0,135,-923721.8480864987,-0.07380694743940241,10,stop
298040,2023-08-04,2023-08-21,181300.0,190900.0,64,565036.4838399999,0.048640664103446696,10,time
005940,2023-08-09,2023-08-24,10400.0,10370.0,1265,-91754.04070249945,-0.006966299105314766,10,time
042700,2023-08-21,2023-08-25,58800.0,54683.99999999999,202,-877657.6772124004,-0.07380694743940264,4,stop
003230,2023-08-16,2023-08-30,179200.0,189900.0,63,625845.6807749998,0.05537190788964952,10,time
214150,2023-08-17,2023-08-31,35800.0,38850.0,323,934856.6026625019,0.08075329164351586,10,time
087010,2023-08-31,2023-09-01,43997.0,40917.21,274,-890779.2417543977,-0.07380694743940264,1,stop
138040,2023-08-24,2023-09-07,51000.0,54200.0,244,727500.1617600024,0.05839475962016416,10,time
307950,2023-08-31,2023-09-07,176000.0,211200.0,68,2337496.2899200004,0.1950878097556097,5,target
018260,2023-08-25,2023-09-08,139400.0,147200.0,84,605280.1549199969,0.051631549474089544,10,time
042700,2023-09-01,2023-09-08,58500.0,54405.0,193,-834275.7800032496,-0.07380694743940253,5,stop
277810,2023-09-07,2023-09-08,176000.0,211200.0,78,2681245.7443199996,0.19508780975560946,1,target
277810,2023-09-11,2023-09-12,220000.0,204600.0,59,-959116.0377699994,-0.07380694743940253,1,stop
067310,2023-09-07,2023-09-13,25515.0,23728.949999999997,538,-1014318.4120640568,-0.07380694743940275,4,stop
058610,2023-09-08,2023-09-13,39800.0,37014.0,328,-964613.5904056001,-0.07380694743940253,3,stop
016360,2023-08-31,2023-09-14,37550.0,38100.0,321,126631.66316250153,0.010493687343291924,10,time
180640,2023-09-15,2023-09-18,45350.0,42175.5,271,-908119.5868095234,-0.07380694743940241,1,stop
196170,2023-09-13,2023-09-19,61200.0,73440.0,202,2414527.4176560007,0.1950878097556097,4,target
131970,2023-09-08,2023-09-20,54400.0,50592.0,240,-964731.8173440006,-0.07380694743940264,8,stop
267250,2023-09-12,2023-09-21,70900.0,65937.0,171,-895857.2365423515,-0.07380694743940275,7,stop
005830,2023-09-14,2023-10-04,89200.0,89600.0,138,4590.064919998869,0.0003724565966238824,10,time
138040,2023-09-25,2023-10-04,57500.0,53475.0,195,-828512.2167562507,-0.07380694743940264,3,stop
087010,2023-10-04,2023-10-05,31737.0,30784.89,358,-386413.63857419044,-0.03397068711421558,1,stop
024110,2023-09-18,2023-10-06,11340.0,11380.0,1007,-6637.650569997728,-0.0005805941344180221,10,time
277810,2023-10-05,2023-10-06,157800.0,153066.0,69,-370305.05249970034,-0.03397068711421558,1,stop
005940,2023-09-19,2023-10-10,10530.0,10550.0,1403,-32567.848820997402,-0.002201931550990577,10,time
000250,2023-10-04,2023-10-10,73700.0,75700.0,154,260578.25023999996,0.022932464931022745,3,time
058610,2023-10-06,2023-10-10,32850.0,31864.5,335,-374268.889852874,-0.03397068711421547,1,stop
257720,2023-09-20,2023-10-11,8950.0,9960.0,1351,1310934.1759045012,0.10829372301358209,10,time
277810,2023-10-10,2023-10-11,139900.0,135703.0,88,-418700.93884520046,-0.03397068711421558,1,stop
226950,2023-10-10,2023-10-11,16930.0,16422.1,728,-419171.6339028403,-0.03397068711421558,1,stop
067310,2023-10-06,2023-10-12,21284.0,22525.0,517,594609.6520545501,0.05397453935448793,3,time
087010,2023-10-11,2023-10-12,32367.0,35603.700000000004,382,1182103.4339370318,0.09549715894264232,1,target
277810,2023-10-13,2023-10-16,140900.0,136673.0,88,-421693.79759320244,-0.0339706871142158,1,stop
196170,2023-10-18,2023-10-19,61100.0,59267.0,202,-419755.24135870114,-0.03397068711421569,1,stop
277810,2023-10-18,2023-10-19,143000.0,138710.0,86,-418252.01003299654,-0.03397068711421536,1,stop
196170,2023-10-23,2023-10-24,54900.0,53253.0,222,-414504.1346463002,-0.03397068711421558,1,stop
196170,2023-10-26,2023-10-27,53700.0,59070.00000000001,225,1155171.5170875024,0.09549715894264232,1,target
247540,2024-01-04,2024-01-05,265500.0,292050.0,46,1167648.2299350016,0.09549715894264232,1,target
454910,2024-01-17,2024-01-18,92700.0,89919.0,135,-425615.1227482483,-0.03397068711421547,1,stop
310210,2024-01-18,2024-01-19,43700.0,42389.0,286,-425060.7636847012,-0.03397068711421569,1,stop
028300,2024-01-18,2024-01-19,43450.0,47795.00000000001,288,1196387.6926320028,0.09549715894264232,1,target
068270,2024-01-18,2024-01-23,163750.0,167063.0,76,200043.61738660187,0.0160557494208724,3,time
454910,2024-01-22,2024-01-23,86300.0,83711.0,147,-431451.19730684906,-0.03397068711421547,1,stop
141080,2024-01-22,2024-01-23,50000.0,55000.00000000001,254,1214208.836500002,0.09549715894264232,1,target
454910,2024-01-25,2024-01-26,81700.0,79249.0,157,-436239.77130364813,-0.03397068711421547,1,stop
078930,2024-02-02,2024-02-15,50500.0,46965.0,253,-944079.0490422491,-0.07380694743940253,7,stop
028260,2024-02-02,2024-02-20,152900.0,162300.0,83,725890.9046500009,0.057132938322081106,10,time
000810,2024-02-02,2024-02-20,292000.0,303000.0,43,420148.57315000147,0.033423534120861076,10,time
006800,2024-02-02,2024-02-20,8313.0,8662.0,1537,482468.59430114925,0.037717090511156126,10,time
024110,2024-02-02,2024-02-20,13210.0,13660.0,967,381516.4623684995,0.029832165106082886,10,time
030200,2024-02-20,2024-02-21,42200.0,39246.0,312,-972889.4760936014,-0.07380694743940264,1,stop
178320,2024-02-15,2024-02-23,22750.0,21157.5,533,-895993.9364398737,-0.07380694743940241,6,stop
003550,2024-02-20,2024-02-26,102900.0,95697.0,128,-973244.1569088008,-0.07380694743940264,4,stop
031980,2024-02-23,2024-02-26,41900.0,38967.0,268,-829746.2104257997,-0.07380694743940253,1,stop
012450,2024-02-20,2024-02-27,155242.0,186290.4,85,2577255.6749983,0.1950878097556097,5,target
267260,2024-02-21,2024-02-28,130500.0,121364.99999999999,94,-906431.1583455019,-0.07380694743940275,5,stop
098460,2024-02-26,2024-02-28,21000.0,19530.0,538,-834829.968776999,-0.07380694743940253,2,stop
196170,2024-02-26,2024-02-29,143000.0,171600.0,79,2206441.8104299996,0.19508780975560946,3,target
042700,2024-02-28,2024-03-04,82100.0,98520.0,132,2116637.2654679976,0.19508780975560924,2,target
015760,2024-02-20,2024-03-06,23300.0,24650.0,566,707801.1530349981,0.05360924572517067,10,time
138040,2024-02-27,2024-03-06,85900.0,79887.0,184,-1167904.810984401,-0.07380694743940264,5,stop
196170,2024-03-06,2024-03-08,193900.0,180327.0,73,-1045916.7781065498,-0.07380694743940253,2,stop
012450,2024-02-29,2024-03-13,199656.0,185680.08,68,-1003200.4985605925,-0.07380694743940264,8,stop
145020,2024-02-28,2024-03-14,183800.0,192200.0,59,449697.24597999826,0.04142127781568794,10,time
079550,2024-03-08,2024-03-14,178700.0,166191.0,74,-977130.8675086983,-0.07380694743940241,4,stop
319660,2024-03-04,2024-03-18,25850.0,27850.0,503,949747.2112900019,0.07295923603139043,10,time
000500,2024-03-06,2024-03-20,27000.0,28550.0,528,757563.3766799998,0.053078918781563456,10,time
012330,2024-03-18,2024-03-20,269500.0,250634.99999999997,52,-1035520.196711,-0.07380694743940253,2,stop
267260,2024-03-14,2024-03-26,146000.0,175200.0,80,2281246.379200002,0.1950878097556097,8,target
024110,2024-03-13,2024-03-27,14790.0,14790.0,852,-51641.74605599977,-0.004093491870325372,10,time
000250,2024-03-26,2024-03-27,118100.0,141720.0,118,2721831.6174020004,0.1950878097556097,1,target
005940,2024-03-14,2024-03-28,12850.0,11950.5,916,-869751.2507069018,-0.07380694743940275,10,stop
257720,2024-03-21,2024-04-01,10670.0,12804.0,1313,2736267.1413649004,0.1950878097556097,7,target
031980,2024-03-21,2024-04-02,46250.0,43012.5,302,-1032084.2263137475,-0.07380694743940241,8,stop
042700,2024-04-02,2024-04-03,145000.0,140650.0,89,-438895.9334424995,-0.03397068711421558,1,stop
005930,2024-03-27,2024-04-11,79200.0,84100.0,184,839219.7891599983,0.0575219360316368,10,time
000660,2024-03-27,2024-04-11,176700.0,188400.0,82,897191.1817499995,0.06184938388019634,10,time
259960,2024-03-28,2024-04-11,255500.0,237614.99999999997,43,-811812.6617072504,-0.07380694743940264,9,stop
240810,2024-04-01,2024-04-11,41650.0,38734.5,404,-1243348.376050897,-0.07380694743940241,7,stop
000500,2024-04-11,2024-04-12,36950.0,42492.5,383,2058522.3341211267,0.1452924843491259,1,target
039030,2024-04-11,2024-04-12,244000.0,280600.0,58,2058544.1530600023,0.14529248434912612,1,target
010120,2024-04-11,2024-04-12,24100.0,27714.999999999996,587,2057773.2172197476,0.14529248434912567,1,target
064760,2024-04-03,2024-04-15,123200.0,137700.0,101,1409187.8585349992,0.11311953059623536,7,time
267260,2024-04-12,2024-04-15,238500.0,231345.0,68,-551570.2633530013,-0.03397068711421569,1,stop
214450,2024-04-12,2024-04-15,127500.0,123675.0,127,-550703.0145112481,-0.03397068711421547,1,stop
001440,2024-04-11,2024-04-16,12840.0,12454.8,1103,-481663.8849514201,-0.03397068711421558,3,stop
000500,2024-04-15,2024-04-16,45100.0,43747.0,334,-512302.596188901,-0.03397068711421569,1,stop
010120,2024-04-15,2024-04-16,27860.0,27024.2,540,-511656.4107773993,-0.03397068711421558,1,stop
006260,2024-04-15,2024-04-16,125400.0,121638.0,120,-511778.84590800107,-0.03397068711421569,1,stop
298040,2024-04-16,2024-04-17,331000.0,321070.0,43,-484060.89273050055,-0.03397068711421558,1,stop
161390,2024-04-12,2024-04-19,60000.0,58200.0,270,-550958.0877,-0.03397068711421558,5,stop
440110,2024-04-18,2024-04-19,20500.0,19885.0,688,-479673.6338839978,-0.03397068711421547,1,stop
010120,2024-04-18,2024-04-19,29180.0,33557.0,483,2050098.7691194508,0.1452924843491259,1,target
003230,2024-04-16,2024-04-22,242500.0,278875.0,59,2081163.1196937505,0.1452924843491259,4,target
042660,2024-04-19,2024-04-22,33250.0,32252.5,455,-514525.13390687294,-0.03397068711421547,1,stop
031980,2024-04-19,2024-04-22,51100.0,49567.0,296,-514418.00316759944,-0.03397068711421558,1,stop
090430,2024-04-19,2024-04-22,145000.0,140650.0,104,-512867.15818000026,-0.03397068711421558,1,stop
010120,2024-04-22,2024-04-23,33420.0,32417.399999999998,451,-512609.36421057023,-0.03397068711421558,1,stop
082740,2024-04-16,2024-04-24,10840.0,12465.999999999998,1322,2084505.7811293975,0.14529248434912567,6,target
042660,2024-04-24,2024-04-25,35050.0,33998.5,436,-519730.3274453003,-0.03397068711421558,1,stop
226950,2024-04-24,2024-04-25,16400.0,15908.0,932,-519832.3567207996,-0.03397068711421558,1,stop
003670,2024-04-25,2024-04-26,281100.0,272667.0,52,-497127.441946201,-0.03397068711421569,1,stop
082740,2024-04-26,2024-04-30,13010.0,12619.699999999999,1104,-488483.52172584087,-0.03397068711421569,2,stop
440110,2024-04-22,2024-05-02,18800.0,18236.0,801,-512146.1512998007,-0.03397068711421558,7,stop
267260,2024-04-24,2024-05-02,245000.0,237650.0,62,-516608.2316149995,-0.03397068711421558,5,stop
087010,2024-04-25,2024-05-03,26844.0,30870.6,552,2155403.950190641,0.1452924843491259,5,target
003230,2024-04-24,2024-05-07,282000.0,305500.0,54,1202851.5349500012,0.07889871714048091,7,time
237690,2024-05-07,2024-05-08,101100.0,94023.0,158,-1180333.4178836998,-0.07380694743940253,1,stop
178320,2024-05-07,2024-05-09,27250.0,25342.5,589,-1185982.448784124,-0.07380694743940253,2,stop
131290,2024-04-30,2024-05-10,78300.0,75951.0,177,-471344.6440273486,-0.03397068711421547,6,stop
000500,2024-05-08,2024-05-10,51400.0,61680.0,300,3011713.969800001,0.1950878097556097,2,target
257720,2024-05-10,2024-05-13,22000.0,26400.0,708,3042182.6714400034,0.1950878097556099,1,target
058470,2024-05-08,2024-05-14,59268.0,55119.24,260,-1138649.55507732,-0.07380694743940253,4,stop
000500,2024-05-13,2024-05-14,66800.0,62123.99999999999,282,-1391944.8592524007,-0.07380694743940264,1,stop
090430,2024-05-02,2024-05-20,172400.0,179700.0,84,552043.7626200002,0.03807656328829778,10,time
009540,2024-05-14,2024-05-22,137200.0,127595.99999999999,115,-1165865.396297004,-0.07380694743940286,5,stop
000810,2024-05-20,2024-05-23,365500.0,339915.0,41,-1107306.1158707477,-0.07380694743940241,3,stop
214150,2024-05-10,2024-05-27,48500.0,49000.0,321,96224.01127499901,0.006173585533073345,10,time
259960,2024-05-10,2024-05-27,265000.0,260000.0,58,-352134.39949999936,-0.02288418070296072,10,time
007660,2024-05-22,2024-05-28,51543.0,47934.99,286,-1089261.581613779,-0.07380694743940275,4,stop
001440,2024-05-14,2024-05-29,18430.0,18070.0,861,-374077.40260799974,-0.023546901687291344,10,time
034020,2024-05-28,2024-05-30,21900.0,20367.0,629,-1017867.4369711466,-0.0738069474394023,2,stop
005380,2024-05-23,2024-05-31,273500.0,254354.99999999997,50,-1010470.8641375024,-0.07380694743940275,6,stop
042700,2024-05-27,2024-06-03,151000.0,140430.0,102,-1138082.065772999,-0.07380694743940253,5,stop
090430,2024-06-03,2024-06-04,194200.0,180606.0,70,-1004485.6253810003,-0.07380694743940264,1,stop
257720,2024-06-04,2024-06-05,43000.0,39990.0,305,-969091.4356974978,-0.07380694743940241,1,stop
267260,2024-05-27,2024-06-07,285000.0,265050.0,54,-1137195.3637349978,-0.07380694743940241,8,stop
031980,2024-06-07,2024-06-10,65000.0,78000.0,208,2640620.8088000007,0.1950878097556097,1,target
078600,2024-05-31,2024-06-11,117600.0,141120.0,110,2526558.489840001,0.1950878097556097,6,target
196170,2024-06-05,2024-06-11,230500.0,276600.0,54,2431050.8289300036,0.1950878097556099,3,target
000100,2024-06-07,2024-06-12,80200.0,74586.0,169,-1001515.1735537015,-0.07380694743940264,3,stop
003230,2024-05-29,2024-06-13,535000.0,612000.0,28,2088252.9682,0.13924258500067466,10,time
145020,2024-06-12,2024-06-14,240000.0,223199.99999999997,59,-1046308.4048400018,-0.07380694743940275,2,stop
078600,2024-06-13,2024-06-14,157200.0,146196.0,97,-1126732.2796866,-0.07380694743940253,1,stop
402340,2024-06-10,2024-06-24,88100.0,91200.0,183,499555.1613749992,0.0309497564293566,10,time
214150,2024-06-13,2024-06-27,53800.0,51400.0,284,-742207.8265599981,-0.04852054799506911,10,time
042700,2024-06-13,2024-06-27,175900.0,173700.0,86,-250637.3396200016,-0.016549400442726125,10,time
000660,2024-06-14,2024-06-28,225000.0,236500.0,61,643184.1479250006,0.04680839632296929,10,time
259960,2024-06-14,2024-06-28,263000.0,281500.0,52,903116.9927000012,0.0659607682072374,10,time
087010,2024-06-28,2024-07-01,44967.0,53960.4,322,2827998.2457690593,0.19508780975560946,1,target
021240,2024-06-27,2024-07-04,65600.0,61007.99999999999,225,-1090643.506740002,-0.07380694743940275,5,stop
009540,2024-06-24,2024-07-08,152000.0,160000.0,109,801530.3228000011,0.048322640136499784,10,time
087010,2024-07-04,2024-07-10,59891.0,71869.2,228,2667016.8606541194,0.19508780975560946,4,target
086280,2024-06-27,2024-07-11,114044.0,126300.0,129,1516071.6716135982,0.10293388496350442,10,time
032820,2024-07-10,2024-07-11,2925.0,2720.25,5596,-1209483.74738295,-0.07380694743940253,1,stop
329180,2024-06-28,2024-07-12,156600.0,157600.0,92,32685.192359998822,0.002266064375713306,10,time
007660,2024-07-01,2024-07-12,56794.0,52818.42,306,-1284163.5664273892,-0.07380694743940275,9,stop
000250,2024-07-11,2024-07-12,212000.0,197160.0,74,-1159215.1310119983,-0.07380694743940241,1,stop
000100,2024-07-08,2024-07-22,90000.0,96500.0,193,1179615.9372750036,0.06783308927237353,10,time
226950,2024-07-22,2024-07-23,13860.0,15938.999999999998,1345,2711614.0855072476,0.14529248434912567,1,target
267270,2024-07-23,2024-07-24,65100.0,63147.0,328,-726203.5712987967,-0.03397068711421547,1,stop
012450,2024-07-11,2024-07-25,263321.0,315985.2,59,3034358.2697964106,0.1950878097556097,10,target
082740,2024-07-24,2024-07-25,16900.0,16393.0,1221,-701787.9656716511,-0.03397068711421569,1,stop
016360,2024-07-12,2024-07-26,44500.0,44450.0,338,-78491.20415499993,-0.005212487946875566,10,time
267250,2024-07-12,2024-07-26,77000.0,80900.0,195,696723.5349750035,0.04634852607390516,10,time
005940,2024-07-12,2024-07-26,13150.0,13510.0,1146,349584.2883119974,0.023170868808509715,10,time
010120,2024-07-25,2024-07-26,49900.0,48403.0,385,-653378.4754227512,-0.03397068711421569,1,stop
010140,2024-07-29,2024-08-02,11990.0,11150.699999999999,1352,-1197822.1377465222,-0.07380694743940275,4,stop
226950,2024-07-25,2024-08-05,14660.0,14220.199999999999,1313,-654639.5572679341,-0.0339706871142158,7,stop
316140,2024-07-29,2024-08-05,16110.0,14982.3,1006,-1197539.870931089,-0.07380694743940253,5,stop
207940,2024-07-29,2024-08-05,1352533.0,1257855.69,11,-1099352.6202654,-0.07380694743940264,5,stop
005940,2024-08-02,2024-08-05,13880.0,12908.4,1178,-1208178.8175503612,-0.07380694743940264,1,stop
087010,2024-08-06,2024-08-07,56208.0,61828.8,278,1493938.0770388767,0.09549715894264188,1,target
310210,2024-08-06,2024-08-07,64600.0,71060.0,242,1494643.2742340025,0.09549715894264232,1,target
329180,2024-07-26,2024-08-09,184500.0,221400.0,87,3135053.6177849993,0.19508780975560946,10,target
000250,2024-08-06,2024-08-09,158400.0,163800.0,98,464022.71370000206,0.029857866361368224,3,time
000100,2024-08-06,2024-08-09,86400.0,88800.0,180,366991.23599999957,0.023570577799943315,3,time
087010,2024-08-09,2024-08-12,63961.0,62042.17,267,-580804.6096327398,-0.03397068711421558,1,stop
214450,2024-08-16,2024-08-26,184600.0,171678.0,92,-1254919.8376468047,-0.07380694743940286,6,stop
145020,2024-08-20,2024-08-27,289000.0,268770.0,59,-1259929.7041615006,-0.07380694743940264,5,stop
055550,2024-08-27,2024-08-28,61800.0,57473.99999999999,256,-1169027.9668992031,-0.07380694743940275,1,stop
000100,2024-08-28,2024-08-29,112700.0,135240.0,130,2861518.8956900015,0.1950878097556097,1,target
259960,2024-08-16,2024-08-30,334500.0,327000.0,50,-442436.8762499988,-0.02642323420507131,10,time
138040,2024-08-19,2024-09-02,89200.0,92500.0,191,558619.9910449982,0.032750582982005616,10,time
326030,2024-08-19,2024-09-02,108200.0,112400.0,157,587838.2931500003,0.0345646165783311,10,time
298380,2024-09-02,2024-09-03,33300.0,30968.999999999996,528,-1299195.8260776047,-0.07380694743940286,1,stop
000100,2024-09-04,2024-09-05,142200.0,132246.0,119,-1250382.8788856994,-0.07380694743940253,1,stop
021240,2024-08-30,2024-09-06,69500.0,64634.99999999999,234,-1201702.9369995017,-0.07380694743940264,5,stop
017670,2024-08-26,2024-09-09,56000.0,56500.0,283,76134.57732500136,0.004798530523689726,10,time
207940,2024-08-29,2024-09-12,1458498.0,1429063.0,12,-423905.28782220185,-0.024192599354049826,10,time
180640,2024-09-27,2024-09-30,91900.0,85467.0,175,-1188365.4605112504,-0.07380694743940264,1,stop
347850,2024-09-27,2024-09-30,10635.0,9890.55,1518,-1192904.6360274479,-0.07380694743940275,1,stop
138040,2024-09-27,2024-10-16,99400.0,102800.0,162,483183.71910000034,0.029971720681393865,10,time
226950,2024-11-04,2024-11-05,21900.0,21243.0,720,-536265.8720279988,-0.03397068711421547,1,stop
000100,2024-11-04,2024-11-07,133900.0,129883.0,117,-532807.0795885511,-0.03397068711421569,3,stop
226950,2024-11-07,2024-11-08,19800.0,19206.0,785,-528613.6763654985,-0.03397068711421547,1,stop
226950,2024-11-11,2024-11-12,22350.0,21679.5,691,-525241.6088102236,-0.03397068711421547,1,stop
180640,2024-11-12,2024-11-13,77200.0,74884.0,198,-519859.564527601,-0.03397068711421569,1,stop
347850,2024-11-13,2024-11-14,9809.0,9514.73,1553,-518083.472909458,-0.0339706871142158,1,stop
440110,2024-11-13,2024-11-15,17720.0,17188.399999999998,860,-518281.5117332004,-0.03397068711421558,2,stop
226950,2024-11-14,2024-11-15,20200.0,22220.0,748,1444583.4516519997,0.0954971589426421,1,target
226950,2024-11-18,2024-11-19,20150.0,19545.5,760,-520825.4416690003,-0.03397068711421558,1,stop
141080,2024-11-19,2024-11-20,113900.0,110483.0,133,-515203.62858895026,-0.03397068711421558,1,stop
310210,2024-11-19,2024-11-20,99000.0,96030.0,153,-515145.8119994998,-0.03397068711421558,1,stop
440110,2024-11-19,2024-11-21,17570.0,17042.899999999998,866,-517479.5616277717,-0.03397068711421569,2,stop
010130,2024-11-20,2024-11-21,990000.0,960300.0,15,-505044.9137249999,-0.03397068711421558,1,stop
087010,2024-11-25,2024-11-26,81500.0,79055.0,181,-501694.95251274854,-0.03397068711421547,1,stop
010130,2024-11-25,2024-11-26,940000.0,911800.0,15,-479537.59485,-0.03397068711421558,1,stop
298040,2024-11-26,2024-11-29,391000.0,403500.0,37,401847.86747500114,0.027744951484204083,3,time
087010,2024-11-28,2024-12-03,81100.0,89210.0,180,1395670.9130099993,0.0954971589426421,3,target
000150,2024-11-29,2024-12-03,192800.0,212080.00000000003,76,1400910.1763360035,0.09549715894264232,2,target
298040,2024-12-03,2024-12-04,386000.0,424600.00000000006,39,1439267.7027300037,0.09549715894264232,1,target
272210,2024-12-05,2024-12-06,22650.0,21970.5,686,-528440.2265971508,-0.03397068711421558,1,stop
443060,2024-12-06,2024-12-09,126800.0,122996.0,121,-521804.92271380126,-0.03397068711421569,1,stop
042660,2024-12-06,2024-12-09,32600.0,31622.0,473,-524423.6741183009,-0.03397068711421569,1,stop
272210,2024-12-09,2024-12-10,20600.0,19982.0,739,-517744.1575489007,-0.03397068711421558,1,stop
083650,2024-12-09,2024-12-10,13250.0,12852.5,1149,-517773.065843625,-0.03397068711421558,1,stop
087010,2024-12-09,2024-12-10,82400.0,79928.0,184,-515642.35447360016,-0.03397068711421558,1,stop
083650,2024-12-12,2024-12-13,14150.0,13725.5,1054,-507224.9392448496,-0.03397068711421558,1,stop
272210,2024-12-13,2024-12-17,21200.0,20564.0,698,-503262.80237959884,-0.03397068711421547,2,stop
083650,2024-12-16,2024-12-17,13250.0,14575.000000000002,1118,1416274.2204324994,0.0954971589426421,1,target
010130,2024-12-18,2024-12-19,1123000.0,1089310.0,13,-496508.4643415008,-0.03397068711421569,1,stop
010130,2024-12-24,2024-12-26,1128000.0,1240800.0,13,1401980.974679999,0.0954971589426421,1,target
