code,entry_date,exit_date,entry_price,exit_price,shares,pnl_krw,pnl_pct,hold_days,reason
011070,2014-05-30,2014-06-17,132000.0,143500.0,15,163877.02537499997,0.08267109027733577,10,time
066570,2014-05-30,2014-06-17,74200.0,77800.0,26,85417.81508000009,0.044225422270737,10,time
005830,2014-06-02,2014-06-18,57100.0,53103.0,35,-147672.8352452498,-0.07380694743940253,10,stop
000660,2014-06-02,2014-06-18,44200.0,49000.0,45,207211.90139999986,0.10405925109398306,10,time
180640,2014-06-03,2014-06-19,26263.0,25236.0,79,-89396.66696075001,-0.04303786166239698,10,time
051910,2014-06-17,2014-07-01,288500.0,294000.0,7,30110.18517499999,0.01489259407322141,10,time
086520,2014-06-17,2014-07-01,1106.0,1110.0,1887,-1027.2854417997878,-0.000491660014521722,10,time
067310,2014-06-18,2014-07-02,5024.0,5663.0,409,252159.4772532503,0.12257534943040382,10,time
034220,2014-06-18,2014-07-02,28051.0,29947.0,73,129607.98789700028,0.0632209974317981,10,time
017670,2014-06-19,2014-07-03,41149.0,42444.0,48,53882.181285599945,0.027248677514785546,10,time
000250,2014-07-01,2014-07-08,8060.0,9672.0,258,406147.79286119994,0.19508780975560946,5,target
028300,2014-07-03,2014-07-08,2244.0,2086.92,970,-160838.88267282,-0.07380694743940253,3,stop
010130,2014-07-01,2014-07-15,400000.0,428000.0,5,131390.8729999999,0.06561996369875178,10,time
000720,2014-07-02,2014-07-16,57405.0,58378.0,39,28660.100677649956,0.012786867548020941,10,time
000250,2014-07-15,2014-07-16,10550.0,9811.5,204,-159030.01051529963,-0.07380694743940241,1,stop
016360,2014-07-03,2014-07-17,44570.0,45783.0,48,49284.82758479938,0.023010717112427193,10,time
034220,2014-07-09,2014-07-23,30686.0,30224.0,73,-42806.86172529962,-0.019087587117535998,10,time
021240,2014-07-10,2014-07-24,91000.0,92100.0,25,18095.52362500038,0.007944938447725924,10,time
006400,2014-07-16,2014-07-25,170840.0,158881.19999999998,12,-151484.1761719205,-0.07380694743940286,7,stop
035720,2014-07-23,2014-07-29,26413.0,24564.09,83,-161991.5214303832,-0.07380694743940241,4,stop
006800,2014-07-16,2014-07-30,9217.0,10170.0,231,210768.4191574501,0.09887915674067393,10,time
005940,2014-07-17,2014-07-31,9570.0,11484.0,237,442985.6250171,0.1950878097556097,10,target
047040,2014-07-29,2014-08-04,10250.0,9532.5,198,-149963.48217674997,-0.07380694743940253,4,stop
000720,2014-07-24,2014-08-07,61394.0,60227.0,37,-52361.08710864931,-0.023024053407076694,10,time
098460,2014-07-25,2014-08-08,5320.0,5530.0,362,67903.41175099998,0.0352186071347933,10,time
055550,2014-07-30,2014-08-13,51400.0,51200.0,45,-18452.60415000003,-0.007968614470051705,10,time
033780,2014-08-08,2014-08-13,102000.0,94860.0,19,-143202.37913700007,-0.07380694743940264,3,stop
095340,2014-07-31,2014-08-14,19281.0,20721.0,142,192656.71275959956,0.07028570898578845,10,time
005940,2014-08-13,2014-08-18,12000.0,11160.0,174,-154286.1546120001,-0.07380694743940264,2,stop
005830,2014-08-04,2014-08-19,59400.0,60900.0,31,38816.49019499961,0.021055662375373263,10,time
066570,2014-08-07,2014-08-22,79400.0,74500.0,28,-145906.64577999967,-0.06555371718311365,10,time
090430,2014-08-13,2014-08-28,200051.0,215656.0,10,147391.4667155,0.07359230354866075,10,time
058470,2014-08-14,2014-08-29,8038.0,8069.0,376,-764.3031524005346,-0.0002525983953293176,10,time
131290,2014-08-18,2014-09-01,8470.0,9230.0,228,164854.88198400033,0.085267658800106,10,time
086280,2014-08-20,2014-09-03,157061.0,151810.0,12,-70550.24615580007,-0.037389504720039324,10,time
042700,2014-09-02,2014-09-04,3480.0,3236.3999999999996,604,-155314.72897607996,-0.07380694743940253,2,stop
039030,2014-08-22,2014-09-05,78900.0,83100.0,26,100471.02545999992,0.048920542782965315,10,time
058610,2014-08-29,2014-09-15,7400.0,6881.999999999999,408,-223094.23276080005,-0.07380694743940264,8,stop
105560,2014-09-04,2014-09-15,43250.0,40222.5,45,-143811.98678812524,-0.07380694743940275,4,stop
006800,2014-08-28,2014-09-16,11485.0,11193.0,189,-63921.12231959961,-0.029413883718289013,10,time
032820,2014-09-16,2014-09-18,570.0,530.0999999999999,3988,-167967.96705833962,-0.07380694743940241,2,stop
017670,2014-09-03,2014-09-22,48482.0,51243.0,37,94504.34555734997,0.05262235873290955,10,time
005490,2014-09-15,2014-09-23,361000.0,335730.0,6,-160049.71785899973,-0.07380694743940241,6,stop
131290,2014-09-05,2014-09-24,9630.0,11200.0,225,343328.8264875002,0.15827132825050438,10,time
180640,2014-09-22,2014-09-24,28513.0,26517.089999999997,66,-139053.94365221728,-0.07380694743940275,2,stop
000720,2014-09-19,2014-09-29,63340.0,58906.2,33,-154450.19448902993,-0.07380694743940253,6,stop
058470,2014-09-17,2014-09-30,8639.0,8034.2699999999995,263,-167886.46436268045,-0.07380694743940253,9,stop
030200,2014-09-24,2014-09-30,36700.0,34131.0,57,-154574.33277434995,-0.07380694743940253,4,stop
034220,2014-09-29,2014-10-01,32859.0,30558.87,60,-145680.7113332101,-0.07380694743940264,2,stop
028300,2014-09-23,2014-10-08,2383.0,2601.0,851,176660.2086395002,0.08701335612475192,10,time
034730,2014-09-24,2014-10-10,234500.0,240000.0,9,40704.820424999576,0.01926465650798237,10,time
000250,2014-11-11,2014-11-14,10300.0,10400.0,198,11383.759530000156,0.005575503354234623,3,time
028300,2014-11-18,2014-11-20,2817.0,3098.7000000000003,727,195799.20587320533,0.09549715894264232,2,target
028300,2014-11-24,2014-11-25,2875.0,2788.75,726,-70986.86842912505,-0.03397068711421558,1,stop
028300,2014-11-27,2014-11-28,2819.0,3100.9,736,198363.86351407995,0.0954971589426421,1,target
028300,2015-03-11,2015-03-12,5012.0,5513.200000000001,421,201735.73101373995,0.0954971589426421,1,target
000990,2015-03-30,2015-04-02,6000.0,5820.0,359,-73257.01980899973,-0.03397068711421547,3,stop
039490,2015-04-07,2015-04-08,81200.0,78764.0,26,-71801.40214519994,-0.03397068711421558,1,stop
021240,2015-04-08,2015-04-09,101500.0,98455.0,21,-72491.80024274997,-0.03397068711421558,1,stop
028300,2015-04-07,2015-04-10,6562.0,7546.299999999999,326,311168.9057911099,0.1452924843491259,3,target
028050,2015-04-07,2015-04-16,26805.0,28987.0,79,163191.49320809962,0.07697601011583188,7,time
096770,2015-04-07,2015-04-16,102822.0,118245.29999999999,20,299128.92440070026,0.1452924843491259,7,target
058470,2015-04-07,2015-04-16,8619.0,8870.0,248,53304.538105200045,0.024909006510060783,7,time
196170,2015-04-16,2015-04-17,6542.0,6345.74,349,-77649.65219734283,-0.03397068711421547,1,stop
084370,2015-04-16,2015-04-17,15725.0,15253.25,145,-77546.50059981225,-0.03397068711421547,1,stop
010170,2015-04-16,2015-04-17,1007.0,976.79,2271,-77776.81468437472,-0.03397068711421569,1,stop
005290,2015-04-09,2015-04-20,5300.0,5370.0,397,19085.0510704997,0.00905999031251925,7,time
068270,2015-04-17,2015-04-20,65680.0,63709.6,33,-73714.11096324003,-0.03397068711421558,1,stop
024110,2015-04-17,2015-04-20,15150.0,14695.5,145,-74710.93698487524,-0.03397068711421569,1,stop
009540,2015-04-10,2015-04-21,127178.0,131720.0,19,76140.77246869961,0.031474038362301116,7,time
032820,2015-04-20,2015-04-21,611.0,592.67,3493,-72584.40881514549,-0.03397068711421558,1,stop
000100,2015-04-20,2015-04-22,31718.0,30766.46,67,-72274.34184690076,-0.03397068711421547,2,stop
003550,2015-04-21,2015-04-22,62820.0,60935.4,36,-76913.74904291984,-0.03397068711421547,1,stop
028260,2015-04-21,2015-04-22,165000.0,160050.0,13,-72950.93198249955,-0.03397068711421536,1,stop
141080,2015-04-22,2015-04-23,13262.0,12864.14,162,-73068.06159077398,-0.03397068711421558,1,stop
009830,2015-04-22,2015-04-23,22130.0,21466.1,97,-73005.6876936853,-0.03397068711421569,1,stop
131290,2015-04-22,2015-04-23,18750.0,18187.5,115,-73333.54176562489,-0.03397068711421558,1,stop
032820,2015-04-23,2015-04-24,705.0,683.85,2955,-70851.67963908729,-0.03397068711421547,1,stop
028260,2015-04-24,2015-04-27,175500.0,170235.0,11,-65655.83878424997,-0.03397068711421558,1,stop
039030,2015-04-24,2015-04-27,116900.0,113393.0,17,-67587.59306704998,-0.03397068711421558,1,stop
000990,2015-04-24,2015-04-27,7710.0,7478.7,267,-70011.46855534497,-0.03397068711421558,1,stop
005830,2015-04-17,2015-04-28,51200.0,52100.0,43,29563.313345000148,0.013412677217891744,7,time
196170,2015-04-20,2015-04-28,6195.0,6009.15,344,-72477.51614417974,-0.03397068711421547,6,stop
009830,2015-04-27,2015-04-28,22613.0,21934.61,88,-67677.51486852393,-0.03397068711421558,1,stop
078930,2015-04-27,2015-04-30,50100.0,48597.0,39,-66451.66713314992,-0.03397068711421558,3,stop
066970,2015-04-28,2015-05-04,7981.0,7741.57,258,-70029.42570783314,-0.03397068711421569,3,stop
067310,2015-04-29,2015-05-04,7223.0,7006.3099999999995,285,-70010.95840896736,-0.03397068711421547,2,stop
095340,2015-04-30,2015-05-04,39459.0,38275.229999999996,50,-67099.55303257518,-0.03397068711421569,1,stop
000990,2015-04-29,2015-05-06,8280.0,8031.599999999999,249,-70118.5992946201,-0.03397068711421558,3,stop
047810,2015-04-30,2015-05-07,64800.0,62856.0,30,-66114.970524,-0.03397068711421558,3,stop
000100,2015-05-06,2015-05-07,35457.0,34393.29,55,-66323.62039239751,-0.03397068711421558,1,stop
000990,2015-05-12,2015-05-13,10050.0,9748.5,193,-65967.02807452483,-0.03397068711421547,1,stop
080220,2015-05-12,2015-05-13,4555.0,4418.349999999999,426,-65993.5556861551,-0.03397068711421569,1,stop
000250,2015-05-13,2015-05-15,12600.0,12222.0,151,-64706.966522099916,-0.03397068711421558,2,stop
028300,2015-05-12,2015-05-18,8991.0,10339.65,216,282490.6743721799,0.1452924843491259,4,target
036930,2015-05-13,2015-05-18,6740.0,6537.8,283,-64870.89355806983,-0.03397068711421547,3,stop
000990,2015-05-15,2015-05-18,11800.0,11446.0,156,-62605.16344679985,-0.03397068711421547,1,stop
084370,2015-05-18,2015-05-19,18216.0,17669.52,107,-66288.82840945176,-0.03397068711421547,1,stop
058470,2015-05-18,2015-05-19,10451.0,10137.47,186,-66111.09341153107,-0.03397068711421558,1,stop
098460,2015-05-18,2015-05-19,9440.0,9156.8,206,-66136.73676944035,-0.0339706871142158,1,stop
090430,2015-05-19,2015-05-20,443000.0,429710.0,4,-60265.29206200014,-0.03397068711421569,1,stop
005290,2015-05-13,2015-05-22,5850.0,6160.0,326,92946.39284699992,0.04868104103911031,7,time
009830,2015-05-20,2015-05-22,22552.0,25934.8,82,268993.1878649199,0.1452924843491259,2,target
058470,2015-05-21,2015-05-22,10572.0,10254.84,177,-63640.5565345739,-0.03397068711421558,1,stop
007660,2015-05-14,2015-05-26,5672.0,6522.799999999999,340,280515.9149443996,0.14529248434912567,7,target
035720,2015-05-20,2015-05-27,22981.0,22291.57,81,-63307.839067168534,-0.03397068711421558,4,stop
009830,2015-05-26,2015-05-27,24185.0,23459.45,84,-69092.1847830899,-0.03397068711421558,1,stop
028260,2015-05-27,2015-05-28,198000.0,192060.0,9,-60605.389647,-0.03397068711421558,1,stop
010170,2015-05-27,2015-05-28,1113.0,1079.61,1773,-67113.12292621657,-0.03397068711421558,1,stop
064760,2015-05-29,2015-06-01,21700.0,21049.0,90,-66421.05835049972,-0.03397068711421547,1,stop
058610,2015-05-29,2015-06-02,6680.0,6479.599999999999,293,-66565.25972654019,-0.03397068711421569,2,stop
018260,2015-05-28,2015-06-03,320000.0,310400.0,6,-65298.73632000014,-0.03397068711421569,4,stop
028260,2015-06-01,2015-06-03,188000.0,182360.0,10,-63938.34597999975,-0.03397068711421547,2,stop
028300,2015-06-02,2015-06-03,12812.0,12427.64,151,-65795.68691120227,-0.03397068711421569,1,stop
000660,2015-06-01,2015-06-04,50600.0,49082.0,38,-65393.963643800234,-0.03397068711421569,3,stop
196170,2015-06-03,2015-06-04,6042.0,5860.74,305,-62673.523061385145,-0.03397068711421569,1,stop
003670,2015-06-03,2015-06-04,11280.0,10941.6,163,-62531.70236844011,-0.03397068711421569,1,stop
064760,2015-06-03,2015-06-04,19800.0,22770.0,93,267849.2936295001,0.1452924843491259,1,target
080220,2015-05-28,2015-06-05,4740.0,5451.0,411,283375.6505329502,0.1452924843491259,6,target
028260,2015-06-08,2015-06-09,204500.0,190185.0,10,-151108.80564250005,-0.07380694743940264,1,stop
141080,2015-06-05,2015-06-10,12936.0,12547.92,152,-66872.43586531212,-0.03397068711421569,3,stop
034730,2015-06-05,2015-06-10,272000.0,263840.0,7,-64754.58018400008,-0.03397068711421558,3,stop
012450,2015-06-05,2015-06-11,30558.0,35141.7,64,284477.0705673597,0.14529248434912567,4,target
064760,2015-06-10,2015-06-11,24900.0,23157.0,75,-137993.00466375006,-0.07380694743940264,1,stop
080220,2015-06-11,2015-06-15,6250.0,7500.0,325,396727.8859374998,0.19508780975560946,2,target
005290,2015-06-04,2015-06-16,6680.0,6212.4,282,-139194.4859252402,-0.07380694743940264,8,stop
141080,2015-06-15,2015-06-19,15414.0,18496.8,144,433518.0619190396,0.19508780975560946,4,target
095340,2015-06-16,2015-06-22,41261.0,38372.729999999996,42,-128051.74476471334,-0.07380694743940275,4,stop
009830,2015-06-10,2015-06-24,25273.0,23642.0,74,-128002.64988969988,-0.06836459204677836,10,time
096770,2015-06-10,2015-06-24,121518.0,123977.0,15,29306.185161750065,0.01605935876489628,10,time
196170,2015-06-25,2015-06-26,6758.0,8109.599999999999,268,353738.50104535976,0.19508780975560946,1,target
064760,2015-06-15,2015-06-29,24650.0,26950.0,90,197297.89694999997,0.08883084763061788,10,time
005290,2015-06-19,2015-06-29,7520.0,6993.599999999999,357,-198372.9799413602,-0.07380694743940264,6,stop
000100,2015-06-26,2015-06-30,40745.0,37892.85,48,-144514.6981532399,-0.07380694743940253,2,stop
141080,2015-06-26,2015-06-30,19918.0,18523.739999999998,100,-147177.75994070037,-0.07380694743940275,2,stop
000880,2015-06-22,2015-07-06,44796.0,47374.0,35,83538.59359649988,0.05322070979853577,10,time
028300,2015-06-29,2015-07-07,15799.0,14693.07,156,-182117.07147870585,-0.07380694743940253,6,stop
090430,2015-07-03,2015-07-07,445500.0,414315.0,4,-131675.2526430001,-0.07380694743940264,2,stop
141080,2015-07-06,2015-07-07,20568.0,19128.239999999998,83,-126144.0053299563,-0.07380694743940275,1,stop
086520,2015-07-03,2015-07-09,1282.0,1192.26,1432,-135652.40685077617,-0.07380694743940264,4,stop
047810,2015-06-29,2015-07-13,76800.0,80300.0,32,101598.08208000008,0.04129287243245927,10,time
000990,2015-07-09,2015-07-23,16700.0,17000.0,108,24912.969659999944,0.013797044203860409,10,time
000880,2015-07-15,2015-07-23,50389.0,46861.77,39,-145210.0942265417,-0.07380694743940264,6,stop
009830,2015-07-16,2015-07-24,26301.0,24459.929999999997,80,-155474.33534292015,-0.07380694743940264,6,stop
034730,2015-07-15,2015-07-29,295000.0,287500.0,6,-52121.15174999996,-0.02941314885667301,10,time
047810,2015-07-21,2015-08-04,87800.0,96300.0,24,194762.87075999985,0.09232114729940388,10,time
095340,2015-07-30,2015-08-05,41032.0,38159.759999999995,45,-136436.8425870603,-0.07380694743940275,4,stop
021240,2015-08-07,2015-08-10,104500.0,97185.0,19,-146712.2413707499,-0.07380694743940253,1,stop
033780,2015-07-29,2015-08-12,104500.0,114000.0,17,153743.43762500002,0.08644346341419062,10,time
015760,2015-08-03,2015-08-18,50500.0,50800.0,36,3317.6334599999245,0.0018227844155935813,10,time
047810,2015-08-06,2015-08-19,102000.0,94860.0,19,-143202.37913700007,-0.07380694743940264,8,stop
047810,2015-08-21,2015-08-25,82100.0,90310.00000000001,22,172685.3543690003,0.09549715894264232,2,target
066970,2015-11-06,2015-11-09,8390.0,8138.3,227,-64772.60535600479,-0.03397068711421547,1,stop
032820,2015-11-10,2015-11-13,666.0,646.02,2846,-64463.320612206124,-0.03397068711421569,3,stop
066970,2015-11-11,2015-11-16,8204.0,8511.0,231,62941.335961349774,0.03317409686636519,3,time
087010,2015-12-14,2015-12-17,25849.0,26080.0,73,9080.07789144991,0.004806442493787477,3,time
028050,2016-01-25,2016-01-26,10850.0,10524.5,174,-64207.02307214984,-0.03397068711421547,1,stop
028050,2016-01-28,2016-01-29,11000.0,12100.000000000002,171,179836.7575950001,0.0954971589426421,1,target
196170,2016-02-04,2016-02-05,5561.0,5394.17,345,-65249.25212138216,-0.03397068711421536,1,stop
068270,2016-02-15,2016-02-18,75858.0,78634.0,25,61423.37394000008,0.03235139814217147,3,time
042660,2016-04-05,2016-04-06,21766.0,21113.02,88,-65142.5635089681,-0.03397068711421569,1,stop
001440,2016-04-11,2016-04-12,29822.0,28927.34,63,-63897.05813318072,-0.03397068711421547,1,stop
001440,2016-04-14,2016-04-18,28687.0,27826.39,66,-64392.10417790688,-0.03397068711421547,2,stop
086520,2016-04-29,2016-05-02,1916.0,1858.52,981,-63924.60603756597,-0.03397068711421558,1,stop
032820,2016-05-02,2016-05-03,770.0,746.9,2426,-63530.90907316981,-0.03397068711421547,1,stop
058610,2016-05-02,2016-05-03,6160.0,5975.2,303,-63478.53404507972,-0.03397068711421547,1,stop
028300,2016-05-11,2016-05-13,7956.0,7717.32,231,-62504.35852260608,-0.03397068711421558,2,stop
082740,2016-05-16,2016-05-17,2050.0,1988.5,892,-62190.2443930998,-0.03397068711421547,1,stop
012450,2016-05-03,2016-05-19,44819.0,45431.0,41,17487.261271599913,0.009505534948107908,10,time
006260,2016-05-18,2016-06-01,53800.0,57500.0,33,114464.09881499992,0.06439821965532144,10,time
043260,2016-05-30,2016-06-03,1175.0,1092.75,1560,-135443.7363044999,-0.07380694743940253,4,stop
086520,2016-06-08,2016-06-09,1952.0,1815.36,942,-135871.12668681634,-0.07380694743940275,1,stop
145020,2016-06-01,2016-06-14,115944.0,107827.92,15,-128509.72636734019,-0.07380694743940264,8,stop
035420,2016-06-01,2016-06-16,140198.0,140399.0,13,-4863.976021450013,-0.00266567401176776,10,time
021240,2016-06-02,2016-06-17,108500.0,103000.0,17,-100783.48722499982,-0.054577231913764956,10,time
005930,2016-06-08,2016-06-22,28380.0,28900.0,64,25738.24627200002,0.014154266559111894,10,time
012450,2016-06-09,2016-06-23,48741.0,48436.0,35,-17634.792383250082,-0.010325442076097757,10,time
005290,2016-06-16,2016-06-30,8200.0,9310.0,210,225355.7091450002,0.1307182427667406,10,time
035420,2016-06-23,2016-07-07,146808.0,150813.0,11,37306.98965564999,0.023075365174654028,10,time
033780,2016-07-01,2016-07-12,137500.0,127874.99999999999,13,-132081.65774375014,-0.07380694743940264,7,stop
066970,2016-07-12,2016-07-14,10754.0,12904.8,154,323459.6428540398,0.19508780975560946,2,target
010170,2016-07-14,2016-07-15,1450.0,1348.5,1372,-147000.41953309998,-0.07380694743940253,1,stop
214370,2016-07-05,2016-07-19,21744.0,21248.0,85,-49610.16738,-0.026811006036638774,10,time
012450,2016-07-05,2016-07-19,50116.0,53784.0,36,124264.84181040013,0.06879710338507516,10,time
005290,2016-07-06,2016-07-20,9960.0,10750.0,190,141902.0640149999,0.07489909260983962,10,time
043260,2016-07-19,2016-07-20,1335.0,1241.55,1397,-137807.90561331762,-0.07380694743940264,1,stop
066970,2016-07-20,2016-07-21,13906.0,12932.58,134,-137690.34370144596,-0.07380694743940253,1,stop
034220,2016-07-08,2016-07-22,25695.0,27821.0,64,128923.46858880017,0.07830764594962769,10,time
036930,2016-07-15,2016-07-29,9670.0,11050.0,190,253897.39843000006,0.13803173886586406,10,time
084370,2016-07-21,2016-08-04,18700.0,20050.0,97,123130.22787249996,0.0678035020320844,10,time
064350,2016-07-22,2016-08-05,20250.0,21500.0,89,103536.04848749982,0.057382218508049476,10,time
098460,2016-07-22,2016-08-05,9190.0,9230.0,197,437.2651400002651,0.00024124809977132955,10,time
031980,2016-07-22,2016-08-05,11230.0,12247.0,161,155844.62659114995,0.08609679475192555,10,time
009540,2016-07-29,2016-08-12,114459.0,126724.0,18,211675.79327309993,0.10262413909107093,10,time
012450,2016-08-04,2016-08-19,59997.0,59591.0,33,-21472.532304299995,-0.010832796207219664,10,time
145020,2016-08-18,2016-08-22,127880.0,153456.0,17,424600.8885723995,0.19508780975560924,2,target
084370,2016-08-08,2016-08-23,20800.0,22200.0,91,119267.34547000006,0.06293867694609512,10,time
034020,2016-08-08,2016-08-23,20961.0,21613.0,90,50775.79510799982,0.026884564677575273,10,time
064350,2016-08-10,2016-08-25,22050.0,23800.0,87,143939.37741750013,0.07494670718758534,10,time
006260,2016-08-19,2016-09-02,60100.0,61800.0,34,49255.340829999885,0.024076908526021512,10,time
035420,2016-08-22,2016-09-05,160226.0,170241.0,16,149261.39337679977,0.05815610356935785,10,time
003490,2016-09-02,2016-09-06,21274.0,19784.82,99,-155625.51804039883,-0.07380694743940253,2,stop
066970,2016-08-26,2016-09-09,14509.0,15390.0,139,113832.93579685013,0.056378879324260334,10,time
105560,2016-08-26,2016-09-09,37750.0,39750.0,53,97488.03304999997,0.048669766838531636,10,time
086790,2016-08-30,2016-09-13,29600.0,28400.0,68,-89608.29608000023,-0.04446808003774472,10,time
034020,2016-09-06,2016-09-21,22605.0,21022.649999999998,103,-172043.47130049765,-0.07380694743940264,8,stop
003230,2016-09-19,2016-09-21,29650.0,35580.0,69,399579.4439114998,0.19508780975560946,2,target
012330,2016-09-06,2016-09-23,273000.0,288000.0,8,110695.76520000026,0.05062664593899746,10,time
003230,2016-09-23,2016-09-26,35050.0,42060.0,65,444969.99686750025,0.1950878097556097,1,target
000660,2016-09-09,2016-09-28,38550.0,41200.0,57,141599.5172775006,0.06436700739150725,10,time
010170,2016-09-20,2016-10-05,1496.0,1558.0,1386,77181.23078820016,0.03718070833290987,10,time
161390,2016-09-22,2016-10-07,62000.0,59300.0,37,-109006.76060499996,-0.047463613998553145,10,time
003230,2016-09-30,2016-10-07,46700.0,43431.0,55,-189791.18205024954,-0.07380694743940241,4,stop
035420,2016-09-23,2016-10-10,176650.0,174647.0,13,-35373.547116049565,-0.015385882109689608,10,time
237690,2016-09-29,2016-10-10,57300.0,53289.0,44,-186296.0981838,-0.07380694743940253,6,stop
031980,2016-10-05,2016-10-11,12840.0,11941.199999999999,167,-158444.78717022017,-0.07380694743940264,4,stop
028260,2016-10-07,2016-10-12,166500.0,154845.0,13,-159938.8801042498,-0.07380694743940253,3,stop
005930,2016-10-10,2016-10-12,33000.0,30689.999999999996,71,-173128.57291950006,-0.07380694743940264,2,stop
009540,2016-10-07,2016-10-21,132628.0,138533.0,17,90848.94681755034,0.040247280293212784,10,time
000720,2016-10-12,2016-10-26,41691.0,41108.0,51,-38359.1064955499,-0.01802008260308774,10,time
086790,2016-10-12,2016-10-26,30700.0,32150.0,69,91073.83053749986,0.04294443766674383,10,time
105560,2016-10-12,2016-10-26,40050.0,42950.0,53,144547.84048500052,0.06801958861846535,10,time
009830,2016-10-21,2016-10-28,34887.0,32444.909999999996,67,-172716.92149835825,-0.07380694743940253,5,stop
131970,2016-10-17,2016-10-31,5887.0,5711.0,373,-74453.50298180059,-0.033867493132568316,10,time
000660,2016-10-27,2016-11-09,42900.0,39897.0,51,-161667.94907834986,-0.07380694743940253,9,stop
032640,2016-11-02,2016-11-09,12400.0,11532.0,174,-159429.02643239987,-0.07380694743940253,5,stop
030200,2016-11-02,2016-11-16,32850.0,31000.0,66,-130625.35051499959,-0.06017955092785632,10,time
086790,2016-11-11,2016-11-17,35000.0,32549.999999999996,59,-152586.64237250015,-0.07380694743940264,4,stop
003230,2016-11-09,2016-11-21,50800.0,47244.0,40,-150148.21176799992,-0.07380694743940253,8,stop
222800,2016-11-08,2016-11-22,9894.0,10465.0,219,115800.4269103501,0.05338201006438714,10,time
005490,2016-12-09,2016-12-19,278000.0,258539.99999999997,7,-143793.5138290003,-0.07380694743940275,6,stop
047050,2016-12-09,2016-12-23,27650.0,28100.0,73,24481.144767500227,0.012114751480790664,10,time
000660,2016-12-09,2016-12-23,46450.0,46300.0,44,-14956.44403000013,-0.0073095516382361,10,time
024110,2016-12-09,2016-12-23,13750.0,13450.0,148,-52608.943580000196,-0.02582236113860925,10,time
055550,2016-12-09,2016-12-23,47250.0,46800.0,43,-27619.473082500277,-0.01357831575727475,10,time
222800,2017-01-13,2017-01-17,12843.0,11943.99,161,-152787.84984328924,-0.07380694743940241,2,stop
083650,2017-01-12,2017-01-20,4030.0,4836.0,496,390405.63034719997,0.19508780975560946,6,target
083650,2017-01-23,2017-01-25,4850.0,5820.0,493,467001.2118994999,0.19508780975560946,2,target
078600,2017-01-12,2017-01-26,4540.0,4850.0,440,127811.3216599999,0.06390893489623828,10,time
005930,2017-01-12,2017-01-26,38000.0,39900.0,52,90410.68946000002,0.04570183353615831,10,time
000660,2017-01-12,2017-01-26,51600.0,53300.0,38,56373.80541000003,0.02871738145952829,10,time
005940,2017-01-17,2017-02-02,10900.0,11150.0,176,36008.298920000205,0.01874840051797011,10,time
131970,2017-01-31,2017-02-07,7773.0,7228.889999999999,297,-170585.28979900666,-0.07380694743940264,5,stop
011070,2017-01-26,2017-02-13,99500.0,105000.0,22,111672.3261500001,0.05095661661925477,10,time
105560,2017-01-26,2017-02-13,46000.0,47950.0,49,86030.97102250019,0.03812428401778045,10,time
000660,2017-01-31,2017-02-13,53300.0,49569.0,43,-169352.70007435046,-0.07380694743940275,9,stop
028050,2017-02-02,2017-02-16,12750.0,12400.0,155,-62189.13603750011,-0.03143210189741452,10,time
005940,2017-02-07,2017-02-21,11700.0,11700.0,183,-8774.656019999646,-0.00409349187032515,10,time
006260,2017-02-13,2017-02-27,70400.0,66600.0,32,-130473.94208000042,-0.05784980907050685,10,time
071050,2017-02-13,2017-02-27,48600.0,46950.0,46,-84838.17892499967,-0.03790513257843142,10,time
003670,2017-02-14,2017-02-28,11598.0,11917.0,196,53023.61509620026,0.023298659888026707,10,time
098460,2017-02-20,2017-03-07,9560.0,10180.0,200,115798.68339999998,0.06049458710879585,10,time
011070,2017-02-21,2017-03-08,115000.0,126000.0,18,188933.01210000017,0.09116713064642612,10,time
028050,2017-03-07,2017-03-10,13200.0,12276.0,169,-164837.90886420035,-0.07380694743940275,3,stop
009540,2017-03-02,2017-03-16,151705.0,161244.0,14,124448.2556807003,0.05852772813593021,10,time
006400,2017-03-02,2017-03-16,125805.0,133148.0,17,115698.23310345039,0.05403568812408044,10,time
000720,2017-03-02,2017-03-16,46751.0,48503.0,47,73096.28320540022,0.03322823819412668,10,time
010140,2017-03-08,2017-03-22,10327.0,9705.0,219,-145084.96492169984,-0.06407740278895191,10,time
105560,2017-03-10,2017-03-24,48700.0,50200.0,42,54431.81456999993,0.026581246573093686,10,time
005380,2017-03-22,2017-03-29,167500.0,155775.0,12,-148522.591365,-0.07380694743940253,5,stop
017670,2017-03-16,2017-03-30,44428.0,44083.0,50,-26302.887617500033,-0.011827077566389455,10,time
032640,2017-03-16,2017-03-30,14750.0,14800.0,153,-1621.165432499256,-0.0007175376054786575,10,time
066570,2017-03-24,2017-03-30,73000.0,67890.0,30,-161823.1219349997,-0.07380694743940241,4,stop
009150,2017-03-17,2017-03-31,63900.0,69500.0,36,191578.17383999983,0.08318469976545195,10,time
047040,2017-03-29,2017-04-12,7320.0,7110.0,258,-61759.97124299989,-0.03266458021830776,10,time
042700,2017-04-04,2017-04-12,3540.0,3292.2,672,-175779.81201311992,-0.07380694743940253,6,stop
003670,2017-03-30,2017-04-13,13781.0,13738.0,156,-15498.682375799865,-0.0072009572102553765,10,time
006400,2017-03-30,2017-04-13,137554.0,134127.0,15,-59709.31253174995,-0.02890535923412718,10,time
098460,2017-04-04,2017-04-18,10519.0,10800.0,226,53576.15486590052,0.022510722293040075,10,time
010170,2017-04-19,2017-04-20,1689.0,2026.8,1273,419940.15378242964,0.19508780975560946,1,target
000990,2017-04-12,2017-04-26,20850.0,21450.0,96,49227.23519999976,0.024565688219737147,10,time
010170,2017-04-24,2017-04-26,2071.0,1926.03,1106,-169251.17269099876,-0.07380694743940253,2,stop
011070,2017-04-24,2017-04-27,143000.0,132990.0,16,-169064.52191199968,-0.07380694743940241,3,stop
240810,2017-04-19,2017-05-08,26500.0,27250.0,81,51774.11966249999,0.024092541378627708,10,time
078930,2017-04-26,2017-05-16,60000.0,64800.0,35,158898.50759999966,0.07557902878004841,10,time
009150,2017-04-26,2017-05-16,70900.0,76800.0,30,167761.32374999998,0.07878166183863211,10,time
005930,2017-04-26,2017-05-16,42700.0,46380.0,50,174707.9018000001,0.08173638986075682,10,time
000880,2017-04-27,2017-05-17,40150.0,44350.0,55,221269.15030000033,0.10008601832007669,10,time
066570,2017-05-16,2017-05-18,81400.0,78958.0,28,-77515.04157319991,-0.03397068711421558,2,stop
131290,2017-05-17,2017-05-18,10750.0,12362.499999999998,229,358085.1518368749,0.1452924843491259,1,target
180640,2017-05-08,2017-05-23,21600.0,22000.0,102,31650.565320000052,0.014349221243187271,10,time
009830,2017-05-16,2017-05-25,33860.0,35433.0,67,95783.04357845057,0.042172336165350544,7,time
131970,2017-05-16,2017-05-25,8805.0,9233.0,260,101569.93173599988,0.044316273658294714,7,time
031980,2017-05-18,2017-05-29,13900.0,15341.0,180,248361.63839100022,0.09915120440412517,7,time
005290,2017-05-19,2017-05-30,11650.0,13350.0,216,355804.76555999974,0.14123192133314633,7,time
032640,2017-05-23,2017-06-01,14700.0,16200.0,152,218170.82651999965,0.097529621204131,7,time
000150,2017-05-30,2017-06-01,92952.0,90163.44,31,-97999.52723485185,-0.03397068711421558,2,stop
141080,2017-05-25,2017-06-05,16189.0,17416.0,147,170084.43647895008,0.07138845793973769,7,time
214450,2017-05-25,2017-06-05,39150.0,40450.0,60,68143.38029999984,0.028976200609076352,7,time
222800,2017-06-01,2017-06-05,10370.0,10058.9,253,-89228.34249818511,-0.03397068711421558,2,stop
207940,2017-05-29,2017-06-07,306175.0,352101.25,9,400824.8166031875,0.1452924843491259,6,target
240810,2017-06-05,2017-06-07,31550.0,30603.5,79,-84767.62257332494,-0.03397068711421558,1,stop
145020,2017-06-05,2017-06-07,173917.0,168699.49,14,-82808.25236662244,-0.03397068711421536,1,stop
087010,2017-06-07,2017-06-08,21425.0,20782.25,124,-90353.72540694987,-0.03397068711421558,1,stop
131970,2017-06-01,2017-06-12,10491.0,10176.27,250,-89199.09410587465,-0.03397068711421547,6,stop
036930,2017-06-05,2017-06-15,12100.0,12400.0,206,51402.637190000154,0.020598405025451738,7,time
000250,2017-06-07,2017-06-16,15500.0,15750.0,172,31947.432649999857,0.011969516325314622,7,time
034220,2017-06-07,2017-06-16,31749.0,34569.0,84,225252.1107648001,0.0843646124140831,7,time
141080,2017-06-08,2017-06-19,17616.0,18267.0,146,84225.4915245003,0.032710273842232684,7,time
006800,2017-06-12,2017-06-19,9976.0,9676.72,255,-86516.74445297988,-0.03397068711421558,5,stop
010140,2017-06-15,2017-06-20,11242.0,10904.74,226,-86408.32134288223,-0.03397068711421569,3,stop
078600,2017-06-20,2017-06-21,6300.0,6111.0,411,-88061.46768405009,-0.03397068711421558,1,stop
066970,2017-06-20,2017-06-21,19978.0,19378.66,129,-87648.65723537654,-0.03397068711421536,1,stop
009150,2017-06-20,2017-06-21,95400.0,92538.0,27,-87602.33594430005,-0.03397068711421558,1,stop
028300,2017-06-20,2017-06-21,6383.0,6191.51,405,-87919.13684472721,-0.03397068711421547,1,stop
087010,2017-06-23,2017-06-26,24604.0,23865.88,102,-85351.1620096676,-0.03397068711421547,1,stop
086520,2017-06-16,2017-06-27,2373.0,2640.0,1179,302399.1657769503,0.10796172838699603,7,time
031980,2017-06-26,2017-06-29,16824.0,16319.279999999999,150,-85827.0265506003,-0.03397068711421569,3,stop
006400,2017-06-27,2017-06-29,169861.0,164765.16999999998,18,-103984.76859423332,-0.03397068711421569,2,stop
068270,2017-06-21,2017-06-30,89901.0,90453.0,27,4912.390751400497,0.0020214611612048294,7,time
018260,2017-06-29,2017-06-30,189000.0,183330.0,14,-89989.8209909997,-0.03397068711421547,1,stop
009150,2017-06-23,2017-07-03,101500.0,98455.0,24,-82847.77170599997,-0.03397068711421558,6,stop
064760,2017-06-29,2017-07-03,43300.0,42001.0,62,-91302.59766909992,-0.03397068711421558,2,stop
078600,2017-06-23,2017-07-04,6380.0,6480.0,396,29129.23688400071,0.011516328006315524,7,time
207940,2017-07-03,2017-07-04,423264.0,410566.08,5,-71975.53210872016,-0.03397068711421569,1,stop
145020,2017-07-04,2017-07-05,198265.0,192317.05,12,-80915.33722803043,-0.0339706871142158,1,stop
218410,2017-07-05,2017-07-06,11242.0,10904.74,217,-82967.28199736867,-0.03397068711421547,1,stop
083650,2017-06-30,2017-07-10,7370.0,8475.5,346,370924.87006685045,0.14529248434912612,6,target
006800,2017-06-30,2017-07-10,10706.0,10384.82,238,-86657.81693123793,-0.03397068711421558,6,stop
064760,2017-07-10,2017-07-11,49700.0,48209.0,51,-86204.53486995026,-0.03397068711421569,1,stop
267270,2017-07-10,2017-07-11,87771.0,85137.87,29,-86567.04488580208,-0.0339706871142158,1,stop
047040,2017-07-04,2017-07-13,7810.0,7575.7,317,-84200.33980154525,-0.03397068711421569,7,stop
086520,2017-07-11,2017-07-17,2823.0,3246.45,886,363820.33264996484,0.1452924843491259,4,target
064760,2017-07-13,2017-07-17,52200.0,50634.0,47,-83439.5415039002,-0.03397068711421569,2,stop
003670,2017-07-12,2017-07-21,14964.0,17208.6,167,363501.77614238905,0.14529248434912545,7,target
066970,2017-07-14,2017-07-24,22158.0,25481.699999999997,111,357763.3952182648,0.14529248434912567,6,target
036930,2017-07-24,2017-07-25,17600.0,17072.0,160,-95771.47993599996,-0.03397068711421558,1,stop
051910,2017-07-17,2017-07-26,322000.0,326500.0,7,22169.793624999933,0.009824456224654554,7,time
031980,2017-07-17,2017-07-26,17968.0,18265.0,143,31815.77993165003,0.012368230798559088,7,time
005290,2017-07-18,2017-07-27,16700.0,17000.0,173,39906.88658499997,0.013797044203860409,7,time
086520,2017-07-26,2017-07-27,4125.0,4001.25,592,-83051.83025699947,-0.03397068711421536,1,stop
078600,2017-07-25,2017-07-28,8300.0,8051.0,327,-92305.88554485003,-0.03397068711421558,3,stop
010170,2017-07-21,2017-07-31,3153.0,3058.41,911,-97689.05214950582,-0.03397068711421569,6,stop
003670,2017-07-26,2017-07-31,18786.0,18222.42,130,-83057.9520135303,-0.03397068711421569,3,stop
095340,2017-07-28,2017-07-31,26097.0,25314.09,104,-92305.47742774757,-0.03397068711421547,1,stop
035720,2017-08-01,2017-08-02,24385.0,23653.45,106,-87908.763868385,-0.03397068711421558,1,stop
000150,2017-08-02,2017-08-03,101617.0,98568.48999999999,25,-86399.24073736276,-0.03397068711421569,1,stop
010950,2017-07-27,2017-08-04,115000.0,111550.0,22,-86044.68900500005,-0.03397068711421558,6,stop
003230,2017-08-03,2017-08-04,51400.0,49858.0,50,-87405.07934499998,-0.03397068711421558,1,stop
079550,2017-07-27,2017-08-07,80100.0,80400.0,33,-961.9577549998648,-0.0003635049484913555,7,time
087010,2017-08-08,2017-08-09,21770.0,21116.899999999998,116,-85885.52333522076,-0.033970687114215914,1,stop
267270,2017-08-02,2017-08-10,94230.0,91403.09999999999,27,-86527.96767328447,-0.03397068711421536,6,stop
180640,2017-08-09,2017-08-10,25950.0,25171.5,96,-84725.1103752004,-0.03397068711421569,1,stop
267250,2017-08-02,2017-08-11,92000.0,95500.0,27,84041.4804750001,0.03379425572156447,7,time
001440,2017-08-10,2017-08-11,11754.0,11401.38,209,-83547.89659448061,-0.03397068711421547,1,stop
066970,2017-08-16,2017-08-24,27443.0,32931.6,90,482395.7187152994,0.19508780975560924,6,target
055550,2017-08-11,2017-08-28,53800.0,53400.0,45,-27868.677299999632,-0.011498001224449217,10,time
000880,2017-08-14,2017-08-29,52000.0,49350.0,47,-134198.82117249956,-0.05484641968847204,10,time
009830,2017-08-16,2017-08-30,43171.0,42326.0,57,-58107.64052714966,-0.023586693310402418,10,time
131290,2017-08-18,2017-09-01,15550.0,16550.0,164,153065.29016000032,0.05995194273608462,10,time
003670,2017-08-30,2017-09-01,26155.0,31386.0,90,459755.12965050014,0.1950878097556097,2,target
138040,2017-09-01,2017-09-06,16700.0,15530.999999999998,165,-203608.9554757499,-0.07380694743940253,3,stop
031980,2017-08-24,2017-09-07,19917.0,21062.0,148,156880.09373579966,0.05315975670167217,10,time
007660,2017-09-06,2017-09-08,4714.0,4384.0199999999995,556,-193669.32119711628,-0.07380694743940264,2,stop
010170,2017-08-28,2017-09-11,3626.0,3659.0,661,11926.185800150037,0.004970191187666728,10,time
010950,2017-08-30,2017-09-13,123000.0,122000.0,19,-28521.48045000015,-0.0121902927494284,10,time
006400,2017-09-01,2017-09-15,193848.0,210002.0,14,214367.29057379998,0.07889871714048091,10,time
086520,2017-09-12,2017-09-20,4729.0,4397.969999999999,512,-178910.46134195244,-0.07380694743940275,6,stop
035720,2017-09-07,2017-09-21,25691.0,28501.0,120,323571.49479599996,0.10483559955641497,10,time
005290,2017-09-08,2017-09-22,19200.0,18700.0,127,-73305.84970499994,-0.03002855718620223,10,time
178320,2017-09-13,2017-09-22,10173.0,9460.89,226,-169884.57351347758,-0.07380694743940286,7,stop
207940,2017-09-15,2017-09-29,466900.0,490900.0,6,132094.78331999946,0.04709896089281895,10,time
068270,2017-09-20,2017-10-12,110176.0,121966.0,21,237378.10335330013,0.10247906232340886,10,time
000660,2017-09-21,2017-10-13,81100.0,86100.0,42,195421.62065999955,0.0573064161524659,10,time
078600,2017-09-22,2017-10-16,8650.0,8370.0,263,-82746.1056880001,-0.03633092797163273,10,time
005930,2017-09-25,2017-10-17,52999.0,54800.0,43,67875.0725864498,0.029749177258177717,10,time
068270,2017-10-16,2017-10-18,136503.0,163803.6,16,426571.1979451198,0.19508780975560946,2,target
034730,2017-10-11,2017-10-25,298000.0,298500.0,9,-6504.638625000138,-0.0024225077962822805,10,time
010130,2017-10-12,2017-10-26,529000.0,491969.99999999994,5,-195443.90754250018,-0.07380694743940264,10,stop
028300,2017-10-25,2017-10-26,10942.0,10176.06,252,-203748.16769571602,-0.07380694743940253,1,stop
096770,2017-10-13,2017-10-27,208103.0,202694.0,18,-112426.23081870005,-0.029979030774009652,10,time
098460,2017-10-19,2017-11-02,14340.0,15180.0,173,134724.69284999976,0.05424412785275168,10,time
066570,2017-10-20,2017-11-03,96500.0,92000.0,25,-122055.25187500007,-0.05053472800072467,10,time
032830,2017-10-26,2017-11-09,132500.0,132500.0,18,-9774.206999999937,-0.004093491870325372,10,time
018260,2017-10-27,2017-11-10,196000.0,204000.0,15,107597.52600000054,0.03655575335945738,10,time
010140,2017-11-09,2017-11-10,10786.0,10462.42,224,-82169.7531605442,-0.03397068711421569,1,stop
005290,2017-10-30,2017-11-13,20950.0,21850.0,158,128215.33547000028,0.038690081271283594,10,time
006400,2017-11-02,2017-11-13,221261.0,205772.72999999998,11,-179843.19799409155,-0.07380694743940264,7,stop
042660,2017-11-10,2017-11-13,18612.0,18053.64,144,-91150.50602908758,-0.03397068711421547,1,stop
058470,2017-11-10,2017-11-13,11933.0,11575.01,225,-91313.6508406126,-0.03397068711421558,1,stop
066970,2017-11-13,2017-11-14,40979.0,39749.63,66,-91983.26897571888,-0.03397068711421558,1,stop
064760,2017-11-03,2017-11-16,56700.0,68040.0,43,476190.6504390002,0.1950878097556097,9,target
078600,2017-11-14,2017-11-16,8620.0,9913.0,312,391204.8464532001,0.1452924843491259,2,target
214450,2017-11-16,2017-11-17,54300.0,52671.0,55,-101570.14376025042,-0.03397068711421569,1,stop
141080,2017-11-13,2017-11-22,16790.0,17966.0,162,178803.3390623997,0.06566148451803056,7,time
067310,2017-11-14,2017-11-23,3975.0,4526.0,677,360898.7341876505,0.1339554354201027,7,time
039490,2017-11-14,2017-11-23,80000.0,89800.0,33,311627.35263000056,0.11790505537556006,7,time
196170,2017-11-17,2017-11-23,5464.0,6283.599999999999,539,428392.4640333797,0.14529248434912567,4,target
078600,2017-11-22,2017-11-24,13850.0,13434.5,209,-98446.34744202485,-0.03397068711421558,2,stop
066970,2017-11-23,2017-11-24,44270.0,42941.9,70,-105392.84061564924,-0.03397068711421536,1,stop
010170,2017-11-23,2017-11-24,3634.0,3524.98,860,-106288.65765454015,-0.03397068711421558,1,stop
068270,2017-11-16,2017-11-27,167152.0,167468.0,18,-6659.170383599587,-0.002210735716830281,7,time
042700,2017-11-23,2017-11-27,6450.0,6256.5,484,-106171.66408530017,-0.03397068711421569,2,stop
214150,2017-11-24,2017-11-27,4000.0,3880.0,737,-100260.76805799967,-0.03397068711421547,1,stop
218410,2017-11-24,2017-11-27,12831.0,12446.07,229,-99930.83939079149,-0.03397068711421558,1,stop
010170,2017-11-27,2017-11-28,3724.0,3612.2799999999997,787,-99675.39209469827,-0.03397068711421569,1,stop
007660,2017-11-27,2017-11-28,4124.0,4000.2799999999997,711,-99722.18952239444,-0.03397068711421569,1,stop
078600,2017-11-27,2017-11-28,14000.0,13580.0,209,-99512.5533710001,-0.03397068711421558,1,stop
003230,2017-11-27,2017-11-29,71500.0,69355.0,41,-99699.60704274988,-0.03397068711421558,2,stop
131970,2017-11-27,2017-11-29,7824.0,7589.28,374,-99518.539088496,-0.03397068711421558,2,stop
263750,2017-11-28,2017-11-29,39480.0,38295.6,71,-95332.07385618007,-0.03397068711421558,1,stop
145020,2017-11-30,2017-12-01,166926.0,161918.22,16,-90833.80715793557,-0.03397068711421547,1,stop
214450,2017-11-30,2017-12-01,60500.0,58685.0,46,-94649.15790549945,-0.03397068711421536,1,stop
267270,2017-12-01,2017-12-04,94844.0,91998.68,29,-93543.02452004608,-0.03397068711421558,1,stop
003230,2017-12-01,2017-12-05,71800.0,82570.0,38,396871.95217699977,0.14529248434912567,2,target
028300,2017-12-04,2017-12-05,16314.0,15824.58,169,-93767.14882856095,-0.03397068711421558,1,stop
028050,2017-12-05,2017-12-06,14050.0,13628.5,201,-96045.25849192543,-0.03397068711421569,1,stop
010170,2017-12-05,2017-12-06,4375.0,4243.75,646,-96120.07996062469,-0.03397068711421547,1,stop
196170,2017-12-05,2017-12-06,6682.0,6481.54,423,-96128.10626363102,-0.03397068711421558,1,stop
087010,2017-11-30,2017-12-07,28152.0,27307.44,99,-94786.82940790802,-0.03397068711421558,5,stop
034020,2017-12-06,2017-12-07,13425.0,13022.25,205,-93599.10661181249,-0.03397068711421558,1,stop
003230,2017-12-07,2017-12-08,79100.0,76727.0,34,-91465.84450990008,-0.03397068711421558,1,stop
000250,2017-12-08,2017-12-11,14600.0,14162.0,185,-91860.35770850023,-0.03397068711421569,1,stop
032820,2017-12-08,2017-12-11,640.0,620.8,4226,-91984.15322944056,-0.0339706871142158,1,stop
000250,2017-12-13,2017-12-14,15400.0,14938.0,173,-90608.79859570041,-0.03397068711421569,1,stop
214150,2017-12-11,2017-12-15,4500.0,4365.0,592,-90601.99664400006,-0.03397068711421558,4,stop
078600,2017-12-14,2017-12-15,14400.0,13968.0,183,-89622.51559920004,-0.03397068711421558,1,stop
080220,2017-12-14,2017-12-19,4460.0,4326.2,593,-89948.32908563083,-0.033970687114215914,3,stop
010170,2017-12-18,2017-12-19,4761.0,4618.17,547,-88570.49173951894,-0.03397068711421536,1,stop
066570,2017-12-18,2017-12-19,106500.0,103305.0,24,-86928.94272599928,-0.03397068711421536,1,stop
214450,2017-12-18,2017-12-19,57800.0,56066.0,45,-88459.38185849972,-0.03397068711421547,1,stop
058610,2017-12-15,2017-12-27,6230.0,6550.0,418,122693.38228400005,0.04706061448625509,7,time
010120,2017-12-19,2018-01-05,12940.0,13420.0,195,82983.0744599998,0.03284894428904428,10,time
010170,2017-12-28,2018-01-08,5352.0,6422.4,493,515338.2445538393,0.19508780975560924,5,target
218410,2017-12-21,2018-01-09,15269.0,18322.8,165,492066.6018031491,0.19508780975560924,10,target
024110,2017-12-22,2018-01-10,16800.0,16900.0,150,4628.315250000451,0.0018345230590182116,10,time
068270,2018-01-09,2018-01-12,243650.0,292380.0,12,571053.781122,0.1950878097556097,3,target
141080,2017-12-28,2018-01-15,20268.0,22170.0,130,235732.96386900032,0.08936487493758083,10,time
003670,2018-01-08,2018-01-18,37937.0,45524.4,83,614993.3598184902,0.1950878097556097,8,target
028300,2018-01-05,2018-01-19,18666.0,22399.2,139,506751.93005706044,0.1950878097556097,10,target
214150,2018-01-18,2018-01-23,5970.0,7164.0,633,738086.7191319,0.1950878097556097,3,target
003550,2018-01-10,2018-01-24,87948.0,88137.0,29,-4987.584576449823,-0.0019532916379548793,10,time
086790,2018-01-12,2018-01-25,56000.0,52080.0,63,-260690.39917200012,-0.07380694743940264,9,stop
000250,2018-01-15,2018-01-25,28400.0,34080.0,102,565780.3519919999,0.19508780975560946,8,target
058610,2018-01-19,2018-02-02,8370.0,8600.0,371,72352.4253794998,0.023273114685209206,10,time
051910,2018-01-25,2018-02-02,436000.0,405480.0,7,-225517.88499799976,-0.07380694743940253,6,stop
214370,2018-01-23,2018-02-05,14880.0,13838.4,303,-333151.6897173603,-0.07380694743940264,9,stop
028050,2018-01-26,2018-02-06,16850.0,15670.499999999998,219,-272671.9604604747,-0.07380694743940253,7,stop
016360,2018-01-24,2018-02-07,42200.0,40700.0,60,-100111.31789999967,-0.03949301230147484,10,time
068270,2018-02-08,2018-02-09,201412.0,221553.2,15,288845.94115410047,0.09549715894264232,1,target
218410,2018-02-08,2018-02-09,16683.0,18351.300000000003,189,301457.1730435658,0.09549715894264232,1,target
263750,2018-02-08,2018-02-12,44760.0,49236.00000000001,70,299555.8367340006,0.09549715894264232,2,target
028300,2018-02-09,2018-02-13,15718.0,15246.46,214,-114396.9921980421,-0.03397068711421558,2,stop
214150,2018-02-13,2018-02-20,5510.0,5690.0,609,95544.95582099957,0.028440659030462445,3,time
000250,2018-02-20,2018-02-21,46950.0,43663.5,72,-249783.96410460025,-0.07380694743940264,1,stop
138040,2018-02-06,2018-02-22,17100.0,16050.0,198,-221162.78596500028,-0.06524564587828785,10,time
058610,2018-02-20,2018-02-22,10500.0,12600.0,322,660350.5143900001,0.1950878097556097,2,target
214150,2018-02-23,2018-02-26,5560.0,5393.2,617,-116671.15672942018,-0.03397068711421569,1,stop
080220,2018-02-19,2018-03-06,6060.0,5635.799999999999,554,-248072.62917126063,-0.07380694743940275,10,stop
141080,2018-03-06,2018-03-09,27925.0,30717.500000000004,119,317709.2149096257,0.09549715894264232,3,target
042660,2018-02-26,2018-03-13,22210.0,24120.0,153,277442.27498250036,0.08155177740151975,10,time
028050,2018-03-13,2018-03-14,18150.0,16879.5,190,-254815.9981702501,-0.07380694743940264,1,stop
098460,2018-03-14,2018-03-19,19640.0,18265.199999999997,174,-252515.00638164068,-0.07380694743940275,3,stop
039490,2018-03-13,2018-03-23,113000.0,105090.0,30,-250493.32573499996,-0.07380694743940253,8,stop
000660,2018-03-14,2018-03-23,89300.0,83049.0,38,-250744.55797909945,-0.07380694743940241,7,stop
066570,2018-03-14,2018-03-28,112500.0,109000.0,30,-118521.87974999985,-0.03507724990102634,10,time
064760,2018-03-14,2018-03-28,78600.0,82100.0,43,136205.22211499978,0.04025349004384582,10,time
028300,2018-03-28,2018-03-30,22884.0,27460.8,150,670428.6233939999,0.19508780975560946,2,target
082740,2018-03-19,2018-04-02,3132.0,3063.0,1048,-85550.49000360025,-0.026033960919159216,10,time
058610,2018-03-28,2018-04-02,13150.0,12229.5,261,-253607.8666434749,-0.07380694743940253,3,stop
207940,2018-03-23,2018-04-06,680714.0,754894.0,4,284686.44614480017,0.10443423750362513,10,time
028300,2018-04-02,2018-04-06,28415.0,34098.0,123,682624.8930985508,0.1950878097556099,4,target
098460,2018-03-28,2018-04-11,19860.0,19280.0,173,-114124.70625900012,-0.03317837478649921,10,time
207940,2018-04-11,2018-04-13,853803.0,794036.7899999999,4,-252356.28671683837,-0.07380694743940264,2,stop
196170,2018-04-11,2018-04-13,8983.0,10779.6,390,684250.8670803001,0.1950878097556097,2,target
214150,2018-04-16,2018-04-17,7300.0,6789.0,496,-267547.5615992001,-0.07380694743940264,1,stop
000100,2018-04-11,2018-04-18,39400.0,36642.0,88,-256197.77551279962,-0.07380694743940241,5,stop
009150,2018-04-16,2018-04-30,119500.0,118500.0,30,-44603.6054999996,-0.01242743754505049,10,time
039490,2018-04-16,2018-04-30,114500.0,118500.0,31,109087.88090000022,0.030698001863462387,10,time
064350,2018-05-02,2018-05-03,28750.0,26737.5,121,-257051.22622437496,-0.07380694743940253,1,stop
010120,2018-05-03,2018-05-08,15380.0,14303.4,220,-250020.41798140015,-0.07380694743940264,2,stop
039490,2018-05-08,2018-05-09,123999.0,115319.06999999999,26,-238225.3596882508,-0.07380694743940253,1,stop
196170,2018-05-09,2018-05-11,9011.0,9912.1,338,291191.9455974102,0.0954971589426421,2,target
000720,2018-05-02,2018-05-15,61783.0,74139.59999999999,56,675750.4899471197,0.19508780975560946,8,target
000500,2018-05-02,2018-05-17,23110.0,23524.0,151,48028.58590030018,0.013747498798895252,10,time
082740,2018-05-02,2018-05-17,3499.0,3845.0,1000,330640.3729000003,0.09438711739314076,10,time
218410,2018-05-08,2018-05-23,22294.0,23709.0,146,192641.6328137,0.059116686159794485,10,time
196170,2018-05-18,2018-05-24,8621.0,9081.0,427,180754.78541960055,0.0490461663757773,3,time
071050,2018-05-14,2018-05-29,96000.0,98100.0,34,57812.98442999972,0.01769196299501119,10,time
028050,2018-05-15,2018-05-30,19300.0,17949.0,218,-310892.5128901005,-0.07380694743940264,10,stop
006260,2018-05-29,2018-06-04,90100.0,83793.0,37,-246333.21534004994,-0.07380694743940253,4,stop
032820,2018-06-04,2018-06-05,2500.0,2425.0,1235,-105005.12936874991,-0.03397068711421558,1,stop
003230,2018-05-23,2018-06-07,104500.0,111500.0,34,222737.45949999988,0.06261794886563377,10,time
000660,2018-05-24,2018-06-08,95300.0,88629.0,39,-274633.7887195498,-0.07380694743940253,10,stop
083650,2018-06-07,2018-06-11,5390.0,5228.3,627,-114936.99914350454,-0.03397068711421547,2,stop
066970,2018-05-28,2018-06-12,43343.0,49602.0,85,515348.18915824965,0.1397216301651505,10,time
032820,2018-06-07,2018-06-12,2290.0,2519.0,1475,322936.52736125095,0.09549715894264232,3,target
001440,2018-06-11,2018-06-14,13817.0,13402.49,242,-113718.90563306911,-0.03397068711421558,2,stop
131970,2018-05-30,2018-06-15,11547.0,13208.0,340,546985.6670070007,0.13916455870587563,10,time
028300,2018-06-12,2018-06-15,40199.0,38993.03,93,-127145.72022055928,-0.03397068711421558,2,stop
032820,2018-06-15,2018-06-18,2115.0,2051.5499999999997,1781,-128108.4684641785,-0.0339706871142158,1,stop
064350,2018-06-15,2018-06-19,32500.0,31525.0,115,-127111.47239374975,-0.03397068711421547,2,stop
028300,2018-06-18,2018-06-19,40837.0,39611.89,91,-126385.94221566943,-0.03397068711421558,1,stop
000720,2018-06-19,2018-06-20,61005.0,59174.85,60,-124485.91903755022,-0.03397068711421569,1,stop
032820,2018-06-20,2018-06-22,2005.0,1944.85,1828,-124650.52626869036,-0.03397068711421569,2,stop
064350,2018-06-21,2018-06-22,31900.0,30943.0,114,-123679.88776109973,-0.03397068711421547,1,stop
064350,2018-06-25,2018-06-26,29300.0,32230.000000000004,123,344558.0492805005,0.09549715894264232,1,target
000720,2018-06-22,2018-06-27,59254.0,57476.38,61,-122928.06803969899,-0.03397068711421558,3,stop
064350,2018-06-28,2018-06-29,28850.0,27984.5,126,-123628.87312335009,-0.03397068711421558,1,stop
028300,2018-10-10,2018-10-11,38369.0,37217.93,94,-122662.51984533109,-0.03397068711421558,1,stop
196170,2018-10-11,2018-10-16,8259.0,9084.900000000001,437,345063.14103508554,0.09549715894264232,3,target
087010,2018-10-15,2018-10-16,25019.0,24268.43,144,-122528.1812992557,-0.03397068711421547,1,stop
042660,2018-10-22,2018-10-24,27185.0,26369.45,134,-123890.40816621482,-0.03397068711421558,2,stop
226950,2018-10-24,2018-10-25,30428.0,29515.16,119,-123147.02286492195,-0.03397068711421558,1,stop
007660,2018-10-29,2018-10-30,4548.0,4411.5599999999995,793,-122658.37065479439,-0.03397068711421569,1,stop
083650,2018-12-20,2018-12-21,3590.0,3482.2999999999997,998,-121850.84294897038,-0.03397068711421569,1,stop
083650,2018-12-24,2018-12-26,3400.0,3298.0,1046,-120952.30512939999,-0.03397068711421558,1,stop
083650,2018-12-28,2019-01-04,3240.0,3315.0,1090,67035.7937924997,0.018959899521565182,3,time
083650,2019-01-07,2019-01-09,3325.0,3657.5000000000005,1067,339192.106686126,0.09549715894264232,2,target
032820,2019-03-05,2019-03-08,1285.0,1246.45,2813,-122935.24409874249,-0.03397068711421558,3,stop
178320,2019-04-16,2019-04-22,11739.0,10917.269999999999,305,-264561.96194541734,-0.07380694743940253,4,stop
003490,2019-04-16,2019-04-23,23699.0,22040.07,151,-264425.5576152387,-0.07380694743940264,5,stop
000270,2019-04-17,2019-05-02,42050.0,44900.0,85,226887.84353750013,0.06340552235487262,10,time
108490,2019-04-29,2019-05-02,17236.0,16718.92,198,-116066.05510618817,-0.03397068711421558,2,stop
131970,2019-04-18,2019-05-03,19522.0,19322.0,184,-51412.44287359994,-0.014296406613995782,10,time
218410,2019-04-26,2019-05-14,30197.0,33417.0,113,348803.1944967997,0.10210311561311847,10,time
178320,2019-04-30,2019-05-15,11915.0,14298.0,288,670217.6862288001,0.1950878097556097,9,target
078600,2019-08-06,2019-08-08,17600.0,19360.0,210,353363.45352,0.0954971589426421,2,target
028300,2019-11-14,2019-11-18,55087.0,60595.700000000004,68,358135.7722824202,0.0954971589426421,2,target
028300,2019-11-20,2019-11-22,52540.0,50963.799999999996,73,-130441.70794607,-0.03397068711421558,2,stop
028300,2019-11-25,2019-11-26,50826.0,55908.600000000006,75,364449.08459025016,0.0954971589426421,1,target
028300,2019-11-29,2019-12-02,48359.0,46908.229999999996,80,-131574.2329041208,-0.0339706871142158,1,stop
131290,2019-12-13,2019-12-16,13550.0,12601.5,285,-285351.79960387526,-0.07380694743940264,1,stop
011070,2019-12-13,2019-12-30,135500.0,140000.0,28,110079.9748999998,0.028980894008519886,10,time
058470,2019-12-13,2019-12-30,12574.0,12874.0,307,76008.53918740014,0.019667598668795305,10,time
028050,2019-12-13,2019-12-30,19650.0,19200.0,196,-103723.78946999973,-0.02690051114047054,10,time
098460,2019-12-13,2019-12-30,20800.0,21100.0,185,39566.50962500041,0.010270544304622042,10,time
000660,2019-12-16,2020-01-02,87200.0,94700.0,42,299062.1165700001,0.08156360458578193,10,time
222800,2019-12-30,2020-01-06,11654.0,10838.22,332,-285896.973573572,-0.07380694743940253,3,stop
039030,2019-12-30,2020-01-15,101400.0,109300.0,38,283523.81114999996,0.0734968573823811,10,time
207940,2019-12-30,2020-01-15,625442.0,631987.0,6,23775.111650099978,0.006328270812239412,10,time
000990,2019-12-30,2020-01-15,28200.0,28800.0,137,66124.68441000022,0.01709600830264657,10,time
035420,2020-01-02,2020-01-16,187500.0,191500.0,21,67615.7013000003,0.017152513636441213,10,time
064350,2020-01-15,2020-01-16,17150.0,16635.5,230,-134151.4924032502,-0.03397068711421558,1,stop
095340,2020-01-16,2020-01-17,11100.0,12764.999999999998,353,569954.3212927496,0.14529248434912567,1,target
214450,2020-01-17,2020-01-20,40100.0,38897.0,112,-152744.62737519946,-0.03397068711421547,1,stop
131970,2020-01-07,2020-01-21,28428.0,31196.0,132,348920.37417600024,0.09287672110642076,10,time
095340,2020-01-20,2020-01-21,13650.0,13240.5,319,-148090.3919244744,-0.03397068711421547,1,stop
006400,2020-01-15,2020-01-28,262870.0,279024.0,15,225436.2504945011,0.05710738206860588,7,time
078600,2020-01-15,2020-01-28,19300.0,18721.0,204,-133903.2211662,-0.03397068711421558,7,stop
000720,2020-01-16,2020-01-28,40572.0,39354.84,96,-132465.0164987524,-0.03397068711421569,6,stop
067310,2020-01-21,2020-01-28,4593.0,4455.21,905,-141367.1728154025,-0.03397068711421558,3,stop
058470,2020-01-22,2020-01-29,14436.0,16601.399999999998,288,604758.1470710398,0.1452924843491259,3,target
086280,2020-01-28,2020-01-29,77280.0,74961.59999999999,50,-131413.70684400015,-0.03397068711421558,1,stop
131970,2020-01-29,2020-01-30,35020.0,33969.4,129,-153641.80480443034,-0.03397068711421569,1,stop
005380,2020-01-28,2020-02-03,127000.0,123190.0,31,-133896.4192145001,-0.03397068711421558,4,stop
003670,2020-01-28,2020-02-03,52767.0,51183.99,74,-132799.87658094335,-0.03397068711421569,4,stop
011070,2020-01-30,2020-02-03,160000.0,148800.0,27,-319212.73367999867,-0.0738069474394023,2,stop
207940,2020-01-28,2020-02-06,693805.0,754894.0,5,290327.77461275086,0.08359531503526618,7,time
237690,2020-02-05,2020-02-06,31800.0,29573.999999999996,127,-298419.57088890066,-0.07380694743940275,1,stop
196170,2020-02-06,2020-02-07,22945.0,27534.0,172,770807.3703226,0.1950878097556097,1,target
247540,2020-02-10,2020-02-11,18333.0,21999.6,230,823551.4272320997,0.19508780975560946,1,target
006400,2020-02-05,2020-02-19,314269.0,326997.0,12,136830.48004560033,0.036241056034413965,10,time
084370,2020-02-06,2020-02-20,19400.0,20800.0,204,268539.0005999999,0.06777604995346564,10,time
222800,2020-02-07,2020-02-21,13509.0,13082.0,312,-150104.3751323996,-0.035572659756280656,10,time
196170,2020-02-10,2020-02-24,25448.0,25783.0,166,38133.75400189962,0.009016720335877082,10,time
247540,2020-02-21,2020-02-24,22212.0,20657.16,184,-301996.5269101914,-0.07380694743940241,1,stop
051910,2020-02-12,2020-02-26,408500.0,395000.0,12,-181611.79229999986,-0.03700594685135494,10,time
180640,2020-02-19,2020-02-26,48900.0,58680.0,83,792713.5855529993,0.19508780975560946,5,target
035720,2020-02-20,2020-02-27,38235.0,35558.549999999996,110,-310777.9805435259,-0.07380694743940275,5,stop
086520,2020-03-02,2020-03-05,2932.0,3225.2000000000003,1467,411229.01360178087,0.09549715894264232,3,target
003670,2020-03-02,2020-03-05,50494.0,54315.0,85,306238.08416274935,0.0712691010627653,3,time
196170,2020-03-12,2020-03-13,22583.0,21905.51,196,-150536.30573627818,-0.03397068711421558,1,stop
247540,2020-03-17,2020-03-18,16678.0,16177.66,264,-149744.69459743146,-0.03397068711421547,1,stop
180640,2020-03-18,2020-03-19,52100.0,50537.0,84,-148840.3070994001,-0.03397068711421558,1,stop
180640,2020-03-23,2020-03-24,53300.0,51701.0,81,-146830.33037204994,-0.03397068711421558,1,stop
180640,2020-05-18,2020-05-21,77000.0,79000.0,56,93998.38000000082,0.02177420963953658,3,time
066970,2020-06-16,2020-06-18,20396.0,19784.12,213,-147750.22631995752,-0.03397068711421547,2,stop
222800,2020-06-16,2020-06-19,10500.0,11450.0,413,373421.48828249983,0.08601233505569272,3,time
108490,2020-06-16,2020-06-19,11685.0,12026.0,372,108663.89623739943,0.02496976181150745,3,time
095340,2020-06-16,2020-06-19,15200.0,16350.0,285,309030.37421250064,0.07125469788948569,3,time
001440,2020-06-16,2020-06-19,5949.0,6077.0,730,75366.99419400003,0.01733465286670577,3,time
011200,2020-06-24,2020-06-25,4505.0,4369.849999999999,996,-152601.10619433038,-0.03397068711421569,1,stop
082740,2020-06-29,2020-06-30,3349.0,3683.9,1331,426169.9967454057,0.09549715894264232,1,target
087010,2020-07-01,2020-07-02,17875.0,17338.75,254,-154412.80602962337,-0.03397068711421525,1,stop
079550,2020-06-30,2020-07-03,30150.0,30000.0,150,-40967.77837499883,-0.009048250617238907,3,time
108490,2020-06-30,2020-07-03,11637.0,11734.0,390,19119.081442499533,0.004207868556638461,3,time
214370,2020-07-02,2020-07-07,13460.0,13056.199999999999,334,-152895.63070294075,-0.0339706871142158,3,stop
035720,2020-07-08,2020-07-10,62623.0,72016.45,71,646747.2403400531,0.1452924843491259,2,target
237690,2020-07-08,2020-07-10,50900.0,49373.0,88,-152336.51027319953,-0.03397068711421547,2,stop
353200,2020-07-08,2020-07-13,8720.0,8458.4,513,-152137.89328356087,-0.0339706871142158,3,stop
007660,2020-07-10,2020-07-13,3489.0,3384.33,1356,-160903.02428321447,-0.03397068711421569,1,stop
036930,2020-07-13,2020-07-14,7890.0,7653.3,564,-151342.06493466068,-0.03397068711421569,1,stop
247540,2020-07-08,2020-07-15,33380.0,32378.6,134,-152122.9289898211,-0.0339706871142158,5,stop
005290,2020-07-13,2020-07-15,30650.0,29730.5,145,-151147.86921362486,-0.03397068711421558,2,stop
043260,2020-07-08,2020-07-17,697.0,744.0,6426,282776.10590250045,0.06306232718576466,7,time
180640,2020-07-15,2020-07-20,97700.0,94769.0,44,-146201.14983980032,-0.03397068711421569,3,stop
009830,2020-07-10,2020-07-21,27390.0,31498.499999999996,172,685271.7770348992,0.14529248434912567,7,target
007660,2020-07-15,2020-07-21,3502.0,4027.2999999999997,1231,627070.7758029848,0.1452924843491259,4,target
000270,2020-07-21,2020-07-22,37900.0,36763.0,136,-175299.89921240043,-0.03397068711421569,1,stop
000150,2020-07-21,2020-07-22,41400.0,47609.99999999999,124,746731.3640579991,0.14529248434912567,1,target
010120,2020-07-14,2020-07-23,10460.0,12028.999999999998,412,626861.023070599,0.14529248434912567,7,target
267260,2020-07-22,2020-07-24,9690.0,9399.3,563,-185539.21720399428,-0.03397068711421547,2,stop
100790,2020-07-22,2020-07-24,3288.0,3189.36,1660,-185627.98267367855,-0.03397068711421536,2,stop
086520,2020-07-23,2020-07-24,4873.0,4726.8099999999995,1013,-167884.03736171685,-0.03397068711421569,1,stop
196170,2020-07-24,2020-07-27,101317.0,98277.48999999999,50,-172288.33509722538,-0.03397068711421569,1,stop
078600,2020-07-24,2020-07-27,41900.0,40643.0,121,-172426.0746191498,-0.03397068711421558,1,stop
066570,2020-07-17,2020-07-28,75100.0,72847.0,63,-160910.37039105035,-0.03397068711421569,7,stop
000100,2020-07-27,2020-07-28,48376.0,46924.72,105,-172751.88810557965,-0.03397068711421547,1,stop
298040,2020-07-27,2020-07-28,42800.0,49219.99999999999,118,734629.1259619994,0.14529248434912567,1,target
005380,2020-07-20,2020-07-29,119500.0,125000.0,35,174791.77887499984,0.04174320934066378,7,time
001440,2020-07-29,2020-07-30,8030.0,7789.099999999999,554,-151296.49185827002,-0.03397068711421558,1,stop
064760,2020-07-28,2020-07-31,95200.0,92344.0,53,-171599.63748760056,-0.03397068711421569,3,stop
336260,2020-07-28,2020-07-31,45282.0,43923.54,112,-172483.34705246426,-0.03397068711421558,3,stop
141080,2020-07-30,2020-07-31,62500.0,60625.0,68,-144541.47362499917,-0.03397068711421536,1,stop
000270,2020-07-31,2020-08-03,40500.0,39285.0,114,-157023.05499450024,-0.03397068711421569,1,stop
095340,2020-07-31,2020-08-03,23000.0,22310.0,201,-157227.11354549974,-0.03397068711421558,1,stop
010130,2020-07-24,2020-08-04,399500.0,410500.0,12,111964.08660000004,0.0233282142358735,7,time
000990,2020-07-31,2020-08-04,35350.0,34289.5,131,-157494.09014972486,-0.03397068711421558,2,stop
051910,2020-08-03,2020-08-04,578000.0,664700.0,7,588529.5112550003,0.1452924843491259,1,target
035420,2020-08-04,2020-08-05,317500.0,307975.0,15,-161971.47485625,-0.03397068711421558,1,stop
035720,2020-08-04,2020-08-05,75971.0,73691.87,63,-162776.58786921948,-0.03397068711421536,1,stop
319660,2020-07-28,2020-08-06,15550.0,16300.0,328,224372.3204200007,0.043940584084482204,7,time
240810,2020-08-03,2020-08-06,38700.0,37539.0,116,-152676.6078581987,-0.03397068711421525,3,stop
006800,2020-08-05,2020-08-06,9020.0,8749.4,516,-158292.29918172024,-0.03397068711421569,1,stop
298380,2020-08-05,2020-08-06,36150.0,35065.5,128,-157369.9545311993,-0.03397068711421547,1,stop
071050,2020-08-06,2020-08-07,59700.0,57909.0,78,-158369.84143109992,-0.03397068711421558,1,stop
011200,2020-08-04,2020-08-10,6010.0,6911.499999999999,802,701118.1450418485,0.14529248434912545,4,target
003670,2020-08-10,2020-08-11,89431.0,86748.06999999999,61,-185533.12945722323,-0.03397068711421558,1,stop
067310,2020-08-11,2020-08-12,5052.0,4900.44,1059,-181954.52063857857,-0.03397068711421569,1,stop
051910,2020-08-06,2020-08-13,672000.0,772799.9999999999,6,586493.0769599988,0.14529248434912545,5,target
000100,2020-08-12,2020-08-13,57849.0,56113.53,89,-175101.31623251922,-0.03397068711421569,1,stop
006400,2020-08-06,2020-08-14,457208.0,443491.76,10,-155495.33664267883,-0.03397068711421536,6,stop
078600,2020-08-06,2020-08-18,46500.0,45105.0,100,-158145.37702499982,-0.03397068711421558,7,stop
105560,2020-08-13,2020-08-18,40050.0,38848.5,119,-162088.80852307472,-0.03397068711421558,2,stop
090430,2020-08-13,2020-08-18,186000.0,180420.0,25,-158145.37702499982,-0.03397068711421558,2,stop
007660,2020-08-14,2020-08-18,4294.0,4165.18,1074,-156844.70782092493,-0.03397068711421536,1,stop
003550,2020-08-07,2020-08-19,78123.0,78124.0,67,-21384.163985550404,-0.0040807439406743695,7,time
009540,2020-08-18,2020-08-19,99300.0,96321.0,45,-151972.60585724935,-0.03397068711421547,1,stop
015760,2020-08-18,2020-08-19,22050.0,21388.5,204,-152982.69568470027,-0.03397068711421569,1,stop
066570,2020-08-18,2020-08-19,88300.0,85651.0,51,-153156.14545305073,-0.03397068711421569,1,stop
267250,2020-08-18,2020-08-19,52300.0,50731.0,86,-152969.0917813005,-0.03397068711421569,1,stop
064760,2020-08-20,2020-08-21,109000.0,105730.0,41,-151989.61073649954,-0.03397068711421547,1,stop
000990,2020-08-20,2020-08-21,37900.0,36763.0,119,-153387.41181085072,-0.03397068711421569,1,stop
000500,2020-08-20,2020-08-21,15970.0,15490.9,283,-153707.44363833498,-0.03397068711421558,1,stop
028300,2020-08-20,2020-08-21,40860.0,39634.2,110,-152860.26055409946,-0.03397068711421547,1,stop
009830,2020-08-26,2020-08-27,42808.0,41523.76,102,-148500.75367053598,-0.03397068711421558,1,stop
078600,2020-08-26,2020-08-27,52500.0,50925.0,83,-148197.52266374975,-0.03397068711421558,1,stop
214450,2020-08-19,2020-08-28,68400.0,68200.0,66,-31661.999820000492,-0.007005499204037924,7,time
007660,2020-08-21,2020-08-28,3974.0,4570.099999999999,1102,637018.1754956907,0.14529248434912612,5,target
034220,2020-08-25,2020-08-31,14049.0,13627.529999999999,311,-148596.76321878098,-0.03397068711421547,4,stop
051910,2020-08-27,2020-08-31,774000.0,750780.0,5,-131617.7653950001,-0.03397068711421558,2,stop
035720,2020-08-28,2020-08-31,82994.0,80504.18,59,-166533.7479199916,-0.03397068711421569,1,stop
035420,2020-08-28,2020-08-31,337000.0,326890.0,14,-160458.04060299974,-0.03397068711421558,1,stop
034020,2020-08-31,2020-09-01,11969.0,13764.349999999999,365,635467.1398608619,0.14529248434912567,1,target
086280,2020-08-31,2020-09-02,72778.0,70594.66,60,-148509.73224677984,-0.03397068711421558,2,stop
298040,2020-09-02,2020-09-03,49400.0,56809.99999999999,86,617970.5327770002,0.1452924843491259,1,target
178320,2020-08-27,2020-09-04,24430.0,28094.499999999996,173,614768.9671460744,0.14529248434912567,6,target
218410,2020-08-31,2020-09-04,38490.0,37335.299999999996,113,-147921.0233271448,-0.03397068711421558,4,stop
005380,2020-08-31,2020-09-04,177500.0,172175.0,24,-144881.57120999927,-0.03397068711421547,4,stop
006260,2020-09-01,2020-09-04,45350.0,52152.49999999999,113,745414.9547458738,0.14529248434912567,3,target
272210,2020-09-03,2020-09-04,11444.0,11100.68,426,-165802.47009272408,-0.03397068711421558,1,stop
000500,2020-09-04,2020-09-07,17415.0,20027.25,272,689024.6345213996,0.14529248434912567,1,target
000880,2020-09-04,2020-09-07,28600.0,32890.0,166,690583.9613530003,0.1452924843491259,1,target
071050,2020-09-04,2020-09-07,65900.0,75785.0,72,690176.6744939992,0.14529248434912567,1,target
006260,2020-09-07,2020-09-08,61900.0,60043.0,88,-185257.95650119986,-0.03397068711421558,1,stop
010120,2020-09-07,2020-09-08,14020.0,13599.4,390,-185958.55752629973,-0.03397068711421558,1,stop
336260,2020-09-08,2020-09-09,58675.0,56914.75,90,-179597.0321988752,-0.03397068711421558,1,stop
082740,2020-09-08,2020-09-09,4478.0,4343.66,1181,-179861.2200029036,-0.03397068711421569,1,stop
267260,2020-09-07,2020-09-10,16300.0,18745.0,335,794282.1048462512,0.14529248434912612,3,target
000880,2020-09-09,2020-09-10,31700.0,30749.0,161,-173575.60445644986,-0.03397068711421558,1,stop
012450,2020-09-04,2020-09-11,29030.0,28159.1,163,-160930.4361485662,-0.0339706871142158,5,stop
009150,2020-09-10,2020-09-11,146500.0,142105.0,38,-189332.32556950022,-0.03397068711421558,1,stop
082740,2020-09-11,2020-09-14,4565.0,4428.05,1099,-170624.74776019808,-0.03397068711421569,1,stop
011070,2020-09-04,2020-09-15,155500.0,169500.0,30,399643.716,0.08557011657864866,7,time
071050,2020-09-09,2020-09-15,75800.0,87170.0,67,738731.0864704996,0.14529248434912567,4,target
131970,2020-09-14,2020-09-15,49109.0,47635.729999999996,98,-163678.1525572976,-0.03397068711421569,1,stop
087010,2020-09-15,2020-09-16,24052.0,23330.44,215,-175870.582960031,-0.0339706871142158,1,stop
141080,2020-09-16,2020-09-17,64100.0,62177.0,78,-170041.99054830056,-0.03397068711421569,1,stop
006260,2020-09-10,2020-09-21,59200.0,57424.0,94,-189257.50410079956,-0.03397068711421547,7,stop
011200,2020-09-11,2020-09-22,7200.0,7100.0,697,-90060.92779500037,-0.01792552670545977,7,time
226950,2020-09-15,2020-09-22,30878.0,29951.66,168,-176425.75825778488,-0.0339706871142158,5,stop
066970,2020-09-21,2020-09-22,44145.0,42820.65,121,-181664.65546688158,-0.03397068711421547,1,stop
000270,2020-09-17,2020-09-23,47200.0,45784.0,103,-165341.84192360006,-0.03397068711421558,4,stop
028300,2020-09-22,2020-09-23,53435.0,51831.95,94,-170827.2758720657,-0.03397068711421569,1,stop
161390,2020-09-15,2020-09-24,32950.0,31961.5,157,-175937.5821842756,-0.03397068711421569,7,stop
043260,2020-09-24,2020-09-25,1115.0,1081.55,4422,-167686.13457700517,-0.03397068711421558,1,stop
032820,2020-09-25,2020-09-28,1260.0,1449.0,3887,712405.8094198499,0.1452924843491259,1,target
032820,2020-10-05,2020-10-06,1475.0,1430.75,3417,-171411.73357188795,-0.03397068711421569,1,stop
267270,2020-10-06,2020-10-07,30200.0,29294.0,165,-169470.62660550047,-0.03397068711421569,1,stop
226950,2020-10-05,2020-10-14,34031.0,33010.07,148,-171293.14154399838,-0.03397068711421569,6,stop
241560,2020-10-07,2020-10-15,28550.0,27693.5,173,-167979.29869527556,-0.03397068711421569,5,stop
214150,2020-10-14,2020-10-15,15400.0,14938.0,316,-165505.0887643993,-0.03397068711421547,1,stop
307950,2020-10-06,2020-10-16,66600.0,68000.0,75,84219.94575000089,0.016841479772040424,7,time
000270,2020-10-07,2020-10-16,49850.0,48354.5,99,-167843.25966127496,-0.03397068711421558,6,stop
095340,2020-10-15,2020-10-16,20900.0,20273.0,226,-160641.69329889957,-0.03397068711421547,1,stop
003490,2020-10-07,2020-10-19,15158.0,15934.0,326,231978.9260176001,0.04689103447276932,7,time
336260,2020-10-15,2020-10-19,46165.0,44780.049999999996,102,-160146.17111755535,-0.03397068711421569,2,stop
086280,2020-10-16,2020-10-19,90785.0,88061.45,53,-163641.52404739242,-0.03397068711421558,1,stop
043260,2020-10-16,2020-10-19,1080.0,1047.6,4463,-163928.39636034053,-0.03397068711421569,1,stop
086280,2020-10-21,2020-10-22,101789.0,98735.33,46,-159243.68816599902,-0.03397068711421558,1,stop
010170,2020-10-22,2020-10-23,3794.0,3680.18,1247,-160904.18061500322,-0.03397068711421558,1,stop
047050,2020-10-22,2020-10-23,15200.0,14744.0,311,-160770.93038120028,-0.03397068711421569,1,stop
145020,2020-10-23,2020-10-26,219900.0,213303.0,21,-157053.66377714928,-0.03397068711421547,1,stop
034020,2020-10-21,2020-10-27,12885.0,12498.449999999999,370,-162139.8231608253,-0.03397068711421569,4,stop
241560,2020-10-22,2020-10-27,31150.0,30215.5,151,-159970.00056852493,-0.03397068711421558,3,stop
011200,2020-10-26,2020-11-04,8190.0,9828.0,559,894180.2213799004,0.1950878097556097,7,target
011200,2020-11-06,2020-11-10,10300.0,12360.0,466,937459.4495619992,0.19508780975560946,2,target
043260,2020-11-06,2020-11-10,1275.0,1185.75,3767,-354896.9488217626,-0.07380694743940264,2,stop
000270,2020-10-28,2020-11-11,52600.0,58100.0,87,458335.17523500044,0.10004121905578134,10,time
009830,2020-11-10,2020-11-13,62642.0,58257.06,81,-374927.32618467323,-0.07380694743940264,3,stop
003490,2020-11-12,2020-11-18,19539.0,18171.27,259,-373937.10168373585,-0.07380694743940241,4,stop
307950,2020-11-12,2020-11-18,71400.0,85680.0,71,990115.6159860007,0.1950878097556097,4,target
034020,2020-11-10,2020-11-19,15201.0,14136.929999999998,335,-376281.9852232272,-0.07380694743940253,7,stop
131290,2020-11-18,2020-11-19,50000.0,60000.0,107,1044920.216500001,0.1950878097556099,1,target
006400,2020-11-09,2020-11-23,501264.0,514971.0,9,104510.79858465027,0.02313944428095116,10,time
226950,2020-11-23,2020-11-24,39286.0,47143.2,117,897745.0594717795,0.19508780975560946,1,target
319660,2020-11-20,2020-11-25,19500.0,18135.0,285,-410653.8813487496,-0.07380694743940253,3,stop
084370,2020-11-25,2020-11-26,34400.0,31991.999999999996,149,-378739.9971644003,-0.07380694743940264,1,stop
000270,2020-11-13,2020-11-27,59000.0,58700.0,80,-43272.75079999957,-0.009157423267594833,10,time
058610,2020-11-19,2020-11-30,7900.0,7346.999999999999,704,-410956.8378784014,-0.07380694743940286,7,stop
226950,2020-11-27,2020-11-30,55201.0,53544.97,85,-159576.67771147192,-0.03397068711421547,1,stop
319400,2020-11-30,2020-12-01,3600.0,3492.0,1346,-164797.68578759953,-0.03397068711421547,1,stop
034020,2020-11-30,2020-12-01,16842.0,16336.74,287,-164391.40521255974,-0.03397068711421569,1,stop
042700,2020-11-18,2020-12-02,6300.0,6375.0,853,41763.081521249376,0.00776253798836124,10,time
336260,2020-12-01,2020-12-02,49300.0,47821.0,95,-159284.7039347496,-0.03397068711421547,1,stop
096770,2020-12-02,2020-12-03,180554.0,175137.38,27,-165796.1442776434,-0.03397068711421569,1,stop
082740,2020-11-24,2020-12-04,5208.0,6249.599999999999,1061,1079234.2245367197,0.19508780975560946,8,target
319400,2020-12-03,2020-12-04,3580.0,3472.6,1368,-166560.75166824088,-0.0339706871142158,1,stop
036930,2020-12-03,2020-12-04,8660.0,8400.199999999999,565,-166406.34736465104,-0.0339706871142158,1,stop
307950,2020-12-04,2020-12-07,95000.0,92150.0,56,-180931.91521999892,-0.03397068711421536,1,stop
000250,2020-12-04,2020-12-07,62700.0,60819.0,85,-181255.00792574976,-0.03397068711421558,1,stop
068270,2020-12-07,2020-12-08,338653.0,328493.41,15,-172762.60117950756,-0.03397068711421558,1,stop
237690,2020-12-07,2020-12-09,111000.0,107670.0,46,-173653.826901,-0.03397068711421558,2,stop
028300,2020-12-08,2020-12-09,48495.0,47040.15,104,-171527.53679957986,-0.03397068711421558,1,stop
267270,2020-11-26,2020-12-10,33650.0,34450.0,141,93022.9353300007,0.019583334474511105,10,time
066970,2020-12-01,2020-12-10,48569.0,52321.0,96,340021.770297599,0.07284120348067069,7,time
036930,2020-12-09,2020-12-10,8830.0,8565.1,557,-167270.5353281349,-0.03397068711421558,1,stop
161390,2020-12-10,2020-12-11,40000.0,38800.0,122,-165967.6214800002,-0.03397068711421558,1,stop
090430,2020-12-10,2020-12-14,214500.0,208065.0,22,-160492.0503614992,-0.03397068711421547,2,stop
240810,2020-12-04,2020-12-15,42050.0,44200.0,127,250359.21257750038,0.04682681710657843,7,time
082740,2020-12-14,2020-12-15,7922.0,7684.34,576,-155188.97673811205,-0.03397068711421558,1,stop
095340,2020-12-11,2020-12-17,23400.0,26909.999999999996,210,714788.4375450006,0.1452924843491259,4,target
141080,2020-12-09,2020-12-18,64800.0,65700.0,75,47383.75462500099,0.009738542964809138,7,time
066570,2020-12-10,2020-12-21,95100.0,94900.0,51,-30046.609709999524,-0.006187932476276248,7,time
034220,2020-12-17,2020-12-21,16683.0,16182.51,338,-191776.06275675911,-0.03397068711421558,2,stop
042700,2020-12-18,2020-12-21,8400.0,8148.0,584,-166838.27129760012,-0.03397068711421558,1,stop
015760,2020-12-21,2020-12-22,28600.0,27742.0,174,-169246.16219939943,-0.03397068711421547,1,stop
272210,2020-12-21,2020-12-22,14484.0,14049.48,345,-169946.08302932978,-0.03397068711421558,1,stop
357780,2020-12-21,2020-12-22,275700.0,267429.0,18,-168776.82753209956,-0.03397068711421547,1,stop
000250,2020-12-22,2020-12-23,91100.0,88367.0,53,-164209.31696555112,-0.0339706871142158,1,stop
000100,2020-12-22,2020-12-23,66821.0,64816.369999999995,72,-163624.75723645277,-0.03397068711421569,1,stop
010120,2020-12-15,2020-12-24,11920.0,12380.0,419,171703.41490700003,0.03433914183266551,7,time
336260,2020-12-15,2020-12-24,53700.0,52089.0,93,-169848.13492485043,-0.03397068711421569,7,stop
042700,2020-12-23,2020-12-24,8650.0,8390.5,541,-159153.76636452507,-0.03397068711421558,1,stop
000990,2020-12-23,2020-12-24,39450.0,45367.5,118,677128.9490467496,0.14529248434912567,1,target
319400,2020-12-24,2020-12-28,4455.0,5123.25,1115,722545.070315063,0.1452924843491259,1,target
011070,2020-12-24,2020-12-28,184500.0,178965.0,26,-163144.8115244992,-0.03397068711421547,1,stop
066570,2020-12-24,2020-12-28,125000.0,121250.0,39,-165797.57268749923,-0.03397068711421547,1,stop
000990,2020-12-28,2020-12-29,43300.0,49794.99999999999,117,736912.8415642492,0.14529248434912567,1,target
003550,2020-12-29,2021-01-04,82185.0,94512.74999999999,63,753139.5864055874,0.1452924843491259,2,target
218410,2020-12-22,2021-01-05,41466.0,44637.0,116,347039.0295810001,0.07206575998129283,7,time
000250,2020-12-29,2021-01-05,79800.0,77406.0,65,-176408.61733950023,-0.03397068711421558,3,stop
067310,2021-01-04,2021-01-05,7841.0,7605.7699999999995,758,-202136.25143006258,-0.03397068711421547,1,stop
064760,2020-12-29,2021-01-06,122300.0,118631.0,42,-174694.52551109903,-0.03397068711421536,4,stop
011200,2021-01-05,2021-01-06,16300.0,15811.0,325,-180166.69565374963,-0.03397068711421547,1,stop
018260,2021-01-06,2021-01-07,216000.0,209520.0,23,-168960.48022800032,-0.03397068711421569,1,stop
064350,2021-01-05,2021-01-08,20250.0,23287.5,261,768790.3112606257,0.14529248434912612,3,target
047040,2021-01-06,2021-01-08,5900.0,5723.0,856,-171762.88432839978,-0.03397068711421558,2,stop
087010,2021-01-07,2021-01-08,17444.0,16920.68,280,-166114.5436367197,-0.03397068711421558,1,stop
058610,2021-01-05,2021-01-11,9330.0,9050.1,568,-180232.67458523996,-0.03397068711421558,4,stop
034730,2021-01-08,2021-01-11,304000.0,294880.0,17,-175762.43192799948,-0.03397068711421547,1,stop
010120,2021-01-08,2021-01-11,15300.0,14841.0,341,-177439.11302205082,-0.03397068711421569,1,stop
267270,2021-01-08,2021-01-11,38950.0,37781.5,133,-176182.45244547445,-0.03397068711421547,1,stop
272210,2020-12-30,2021-01-12,15423.0,15960.0,356,168106.88764380012,0.030582109171342076,7,time
009830,2021-01-11,2021-01-12,68688.0,66627.36,73,-170532.5473049041,-0.03397068711421558,1,stop
298040,2021-01-11,2021-01-12,72300.0,70131.0,70,-172123.38776849955,-0.03397068711421547,1,stop
247540,2021-01-11,2021-01-12,48601.0,47142.97,104,-171902.46037728433,-0.03397068711421569,1,stop
058470,2021-01-12,2021-01-13,30054.0,29152.379999999997,170,-173761.97793303058,-0.03397068711421569,1,stop
078600,2021-01-12,2021-01-13,51700.0,50149.0,99,-174072.14693055023,-0.03397068711421558,1,stop
005380,2021-01-11,2021-01-14,256500.0,248805.0,19,-165746.55804974958,-0.03397068711421547,3,stop
353200,2021-01-13,2021-01-14,16000.0,15520.0,311,-169232.55829599965,-0.03397068711421547,1,stop
241560,2021-01-13,2021-01-15,33550.0,32543.5,148,-168872.05485589989,-0.03397068711421558,2,stop
272210,2021-01-14,2021-01-15,16943.0,16434.71,281,-161919.88205260597,-0.03397068711421569,1,stop
035720,2021-01-12,2021-01-18,89518.0,86832.45999999999,57,-173535.6769999722,-0.0339706871142158,4,stop
009150,2021-01-14,2021-01-18,205000.0,198850.0,23,-160356.01132749952,-0.03397068711421547,2,stop
100790,2021-01-15,2021-01-18,5948.0,5769.5599999999995,795,-160820.58462860994,-0.03397068711421558,1,stop
036930,2021-01-15,2021-01-19,9210.0,10591.5,513,687257.300472525,0.1452924843491259,2,target
064760,2021-01-18,2021-01-19,133100.0,129107.0,35,-158434.45997224934,-0.03397068711421547,1,stop
003490,2021-01-18,2021-01-19,24502.0,23766.94,191,-159161.65662849694,-0.03397068711421558,1,stop
086790,2021-01-12,2021-01-20,38050.0,36908.5,134,-173405.5556639498,-0.03397068711421558,6,stop
083650,2021-01-19,2021-01-20,3245.0,3147.65,1475,-162783.45784043614,-0.03397068711421536,1,stop
131290,2021-01-19,2021-01-20,66200.0,64214.0,72,-162104.11291440018,-0.03397068711421558,1,stop
145020,2021-01-19,2021-01-20,226100.0,219317.0,21,-161481.73433385044,-0.03397068711421569,1,stop
047040,2021-01-20,2021-01-22,6610.0,6411.7,712,-160060.80662371963,-0.03397068711421547,2,stop
098460,2021-01-20,2021-01-22,27000.0,26190.0,174,-159777.84543299954,-0.03397068711421547,2,stop
352820,2021-01-20,2021-01-25,172260.0,198098.99999999997,27,676535.4739093501,0.1452924843491259,3,target
086280,2021-01-22,2021-01-25,108292.0,105043.23999999999,42,-154685.3602342438,-0.03397068711421558,1,stop
108490,2021-01-22,2021-01-25,15483.0,17805.449999999997,295,664384.5068498617,0.14529248434912567,1,target
035420,2021-01-25,2021-01-26,349000.0,338530.0,14,-166171.6800309997,-0.03397068711421558,1,stop
336260,2021-01-25,2021-01-26,62400.0,60528.0,80,-169776.71443200018,-0.03397068711421558,1,stop
058610,2021-01-26,2021-01-27,10500.0,10185.0,460,-164267.13355499879,-0.03397068711421536,1,stop
240810,2021-01-26,2021-01-27,53300.0,51701.0,90,-163144.8115244992,-0.03397068711421547,1,stop
084370,2021-01-19,2021-01-28,36600.0,37750.0,130,129560.03092500009,0.027198652510798338,7,time
034220,2021-01-25,2021-01-28,21767.0,21113.989999999998,229,-169526.50463871565,-0.03397068711421558,3,stop
108490,2021-01-27,2021-01-28,18259.0,17711.23,255,-158350.96601513308,-0.03397068711421569,1,stop
011070,2021-01-27,2021-01-28,225500.0,218735.0,20,-153384.01083499845,-0.03397068711421525,1,stop
100790,2021-01-20,2021-01-29,5671.0,5500.87,830,-160081.552576405,-0.03397068711421558,7,stop
214150,2021-01-28,2021-01-29,16500.0,16005.0,283,-158808.56731574982,-0.03397068711421558,1,stop
352820,2021-01-28,2021-01-29,210870.0,204543.9,22,-157776.03104768973,-0.03397068711421558,1,stop
035420,2021-01-29,2021-02-01,362000.0,351140.0,12,-147738.39092399925,-0.03397068711421547,1,stop
226950,2021-01-28,2021-02-03,47000.0,54049.99999999999,99,676823.4839025,0.1452924843491259,4,target
068270,2021-02-02,2021-02-03,321809.0,312154.73,14,-153225.04922377132,-0.03397068711421569,1,stop
047050,2021-02-02,2021-02-04,18600.0,21390.0,242,654742.7177609997,0.14529248434912567,2,target
096770,2021-02-02,2021-02-04,318799.0,309235.02999999997,14,-151791.87800058164,-0.03397068711421569,2,stop
263750,2021-01-28,2021-02-05,61960.0,71254.0,75,675950.7263475005,0.1452924843491259,6,target
298040,2021-02-05,2021-02-08,86300.0,83711.0,57,-167297.4030373497,-0.03397068711421547,1,stop
036930,2021-02-05,2021-02-08,10900.0,10573.0,452,-167559.2781778006,-0.03397068711421569,1,stop
079550,2021-02-05,2021-02-09,43600.0,42292.0,113,-167559.2781778006,-0.03397068711421569,2,stop
263750,2021-02-08,2021-02-09,78600.0,76242.0,60,-160390.02108599897,-0.03397068711421536,1,stop
000270,2021-02-08,2021-02-09,94400.0,91568.0,50,-160526.0601200005,-0.03397068711421569,1,stop
047810,2021-02-05,2021-02-10,38800.0,37636.0,126,-166266.90735480096,-0.0339706871142158,3,stop
047050,2021-02-09,2021-02-10,23200.0,22504.0,201,-158594.30583720002,-0.03397068711421558,1,stop
161390,2021-02-09,2021-02-15,49250.0,47772.5,94,-157448.17697575036,-0.03397068711421569,2,stop
298040,2021-02-10,2021-02-15,88300.0,85651.0,52,-156159.20712860022,-0.03397068711421558,1,stop
352820,2021-02-03,2021-02-16,229185.0,245520.0,21,322299.5503612496,0.06688904542617413,7,time
047810,2021-02-15,2021-02-16,40150.0,38945.5,111,-151569.5902190255,-0.03397068711421569,1,stop
353200,2021-02-10,2021-02-17,16300.0,15811.0,285,-157992.33311174996,-0.03397068711421558,3,stop
319400,2021-02-16,2021-02-17,6150.0,5965.5,770,-161053.2113767499,-0.03397068711421558,1,stop
357780,2021-02-17,2021-02-18,312600.0,303222.0,14,-148840.3070994001,-0.03397068711421558,1,stop
240810,2021-02-17,2021-02-18,53400.0,51798.0,85,-154370.29383150022,-0.03397068711421558,1,stop
222800,2021-02-18,2021-02-19,25400.0,24638.0,174,-150309.52866660058,-0.03397068711421569,1,stop
042700,2021-02-18,2021-02-19,10825.0,12448.749999999998,408,642436.836235499,0.14529248434912567,1,target
010950,2021-02-09,2021-02-22,81000.0,86600.0,57,299337.5930399997,0.06475930375345462,7,time
035720,2021-02-16,2021-02-23,101161.0,98126.17,46,-158261.21426245105,-0.03397068711421558,5,stop
087010,2021-02-19,2021-02-23,14342.0,13911.74,325,-158524.58583227452,-0.03397068711421547,2,stop
042700,2021-02-22,2021-02-23,12175.0,11809.75,405,-167697.86794368736,-0.03397068711421558,1,stop
138040,2021-02-15,2021-02-24,11000.0,11950.0,408,368064.6142199999,0.08191661564996466,7,time
267270,2021-02-23,2021-02-24,38750.0,37587.5,118,-155509.62074125,-0.03397068711421558,1,stop
003670,2021-02-23,2021-02-24,159936.0,155137.91999999998,28,-152302.772592769,-0.0339706871142158,1,stop
011200,2021-02-19,2021-02-25,15700.0,18055.0,297,678263.5338682495,0.14529248434912567,4,target
011200,2021-03-02,2021-03-03,19750.0,19157.5,241,-161877.94802037533,-0.03397068711421569,1,stop
000660,2021-02-26,2021-03-05,143500.0,139195.0,32,-156172.811032,-0.03397068711421558,4,stop
141080,2021-03-04,2021-03-05,57400.0,55678.0,82,-160077.1313078003,-0.03397068711421569,1,stop
100790,2021-03-05,2021-03-08,6339.0,6148.83,728,-156947.9614477316,-0.03397068711421547,1,stop
086520,2021-03-05,2021-03-08,8968.0,8698.96,514,-156769.7503131926,-0.03397068711421569,1,stop
011200,2021-03-05,2021-03-09,20000.0,23000.0,230,669114.1255000001,0.1452924843491259,2,target
098460,2021-03-04,2021-03-10,22439.0,21765.829999999998,210,-160260.4439061163,-0.0339706871142158,4,stop
105560,2021-03-09,2021-03-10,51900.0,50343.0,92,-162389.79488580022,-0.03397068711421558,1,stop
083650,2021-03-09,2021-03-10,3590.0,3482.2999999999997,1330,-162386.3939099498,-0.03397068711421558,1,stop
319400,2021-03-12,2021-03-15,6200.0,6014.0,748,-157723.6560196001,-0.03397068711421558,1,stop
083650,2021-03-12,2021-03-15,3800.0,3686.0,1220,-157669.24040599912,-0.03397068711421536,1,stop
005490,2021-03-05,2021-03-16,299500.0,306000.0,15,78801.40162500087,0.017520505801938313,7,time
100790,2021-03-15,2021-03-16,8064.0,7822.08,559,-153308.37313209567,-0.03397068711421547,1,stop
010120,2021-03-16,2021-03-17,12360.0,11989.199999999999,361,-151750.1820366606,-0.03397068711421569,1,stop
047040,2021-03-16,2021-03-17,6400.0,6208.0,698,-151928.3931711996,-0.03397068711421547,1,stop
105560,2021-03-12,2021-03-18,51100.0,49567.0,90,-156410.87934149988,-0.03397068711421558,4,stop
005290,2021-03-17,2021-03-19,33250.0,32252.5,129,-145876.35664612427,-0.03397068711421547,2,stop
087010,2021-03-18,2021-03-19,15602.0,15133.939999999999,291,-154410.4933660468,-0.03397068711421558,1,stop
267270,2021-03-12,2021-03-23,46100.0,48350.0,100,205443.98675000016,0.04451365874337898,7,time
087010,2021-03-22,2021-03-23,16571.0,16073.869999999999,257,-144838.9569825991,-0.03397068711421547,1,stop
226950,2021-03-22,2021-03-23,44950.0,43601.5,94,-143701.43259005016,-0.03397068711421558,1,stop
131290,2021-03-15,2021-03-24,54300.0,57600.0,83,254622.3515250003,0.056431213043632855,7,time
042700,2021-03-23,2021-03-24,13225.0,12828.25,329,-147977.30947746336,-0.0339706871142158,1,stop
039030,2021-03-17,2021-03-26,114700.0,116400.0,37,45322.216675000265,0.010667110255397905,7,time
011200,2021-03-23,2021-03-26,27350.0,31452.499999999996,159,632552.8569251243,0.14529248434912567,3,target
214450,2021-03-25,2021-03-26,70300.0,68191.0,66,-157798.47748830076,-0.03397068711421569,1,stop
010140,2021-03-29,2021-03-30,7248.0,7030.5599999999995,633,-156036.2278418634,-0.03397068711421547,1,stop
001440,2021-03-26,2021-03-31,9411.0,9128.67,487,-155872.06273758505,-0.03397068711421569,3,stop
083650,2021-03-30,2021-03-31,4565.0,4245.45,982,-331244.5414172951,-0.07380694743940264,1,stop
009540,2021-03-29,2021-04-01,133500.0,129495.0,34,-154370.29383150022,-0.03397068711421558,3,stop
090430,2021-03-24,2021-04-02,249500.0,258500.0,17,135166.4330500001,0.03183099138886125,7,time
000500,2021-03-24,2021-04-02,22863.0,25008.0,194,396725.9815131007,0.08934216661448224,7,time
272210,2021-04-01,2021-04-08,19760.0,18376.8,218,-318302.38625432085,-0.07380694743940275,5,stop
064760,2021-04-02,2021-04-08,201200.0,187116.0,22,-327074.8250835999,-0.07380694743940253,4,stop
043260,2021-04-08,2021-04-12,2065.0,1920.4499999999998,2014,-307309.4977382156,-0.07380694743940275,2,stop
010140,2021-04-01,2021-04-15,7333.0,7060.0,589,-178023.64965754934,-0.04117006035790205,10,time
017670,2021-04-01,2021-04-15,47965.0,51847.0,90,330658.69562099874,0.07650921978524394,10,time
240810,2021-04-02,2021-04-16,55100.0,55900.0,83,47461.95141999982,0.010366130752247127,10,time
316140,2021-04-08,2021-04-22,10650.0,10500.0,390,-75349.41277500009,-0.01812034409750385,10,time
080220,2021-04-15,2021-04-23,7620.0,7086.599999999999,579,-326009.3048012699,-0.07380694743940253,6,stop
000720,2021-04-12,2021-04-26,44951.0,50011.0,85,413173.4976980011,0.10801273337797102,10,time
036930,2021-04-15,2021-04-29,12800.0,14000.0,344,393537.85072000045,0.08927274326683166,10,time
067310,2021-04-26,2021-04-29,10647.0,9901.71,399,-313903.8269029856,-0.07380694743940286,3,stop
028050,2021-04-16,2021-04-30,14800.0,17760.0,313,904764.1889559999,0.19508780975560946,10,target
078930,2021-04-22,2021-05-07,42900.0,46700.0,95,343233.5398499998,0.08412200302227979,10,time
267270,2021-04-23,2021-05-10,56500.0,66200.0,72,679669.604280001,0.16688514757848627,10,time
000150,2021-04-29,2021-05-14,61100.0,68500.0,71,506072.6931099994,0.11652366296043715,10,time
267250,2021-04-29,2021-05-14,68000.0,73400.0,64,326745.78752000164,0.07499320142232557,10,time
042660,2021-04-30,2021-05-17,31183.0,32649.0,179,238765.2338699,0.04272685706717594,10,time
267260,2021-05-07,2021-05-21,23400.0,21762.0,188,-325064.96713079885,-0.0738069474394023,9,stop
207940,2021-05-17,2021-05-21,1352702.0,1258012.8599999999,4,-399814.54006889183,-0.07380694743940253,3,stop
083650,2021-05-21,2021-05-24,5090.0,6108.0,952,946420.3728391994,0.19508780975560946,1,target
024110,2021-05-10,2021-05-25,10250.0,10700.0,465,189100.0747875003,0.039629232876831066,10,time
030200,2021-05-14,2021-05-31,31700.0,34200.0,150,354407.54025000054,0.07444803085283525,10,time
000810,2021-05-14,2021-05-31,217500.0,211500.0,21,-144347.07419999968,-0.03156677485321291,10,time
083650,2021-05-26,2021-05-31,5550.0,5161.5,969,-397386.6021051742,-0.07380694743940241,3,stop
001440,2021-05-31,2021-06-01,15025.0,18030.0,322,944930.1408294998,0.19508780975560946,1,target
086520,2021-05-31,2021-06-01,10072.0,9366.96,481,-357978.75564666744,-0.07380694743940241,1,stop
034020,2021-05-31,2021-06-02,17856.0,21427.2,271,945110.9999174401,0.1950878097556097,2,target
214450,2021-05-21,2021-06-04,79300.0,81400.0,61,107898.13193499949,0.022279820450889165,10,time
001440,2021-06-04,2021-06-07,22473.0,26967.6,222,974413.6877831398,0.19508780975560946,1,target
032820,2021-06-07,2021-06-08,1940.0,2328.0,3076,1165513.7750935992,0.19508780975560946,1,target
012450,2021-05-26,2021-06-09,50116.0,51034.0,107,75960.18798229937,0.014149028970584343,10,time
241560,2021-06-03,2021-06-09,54500.0,50685.0,101,-406737.6140142493,-0.07380694743940241,4,stop
083650,2021-06-08,2021-06-09,7670.0,7439.9,930,-242595.0083563514,-0.0339706871142158,1,stop
000150,2021-06-09,2021-06-10,99000.0,96030.0,58,-195284.03330700006,-0.03397068711421558,1,stop
161390,2021-06-09,2021-06-10,54600.0,52962.0,106,-196834.87829460017,-0.03397068711421558,1,stop
032820,2021-06-10,2021-06-11,2395.0,2323.15,2344,-190926.70304797962,-0.03397068711421547,1,stop
145020,2021-06-10,2021-06-11,242500.0,235225.0,23,-189689.42803374957,-0.03397068711421547,1,stop
307950,2021-06-11,2021-06-14,123500.0,119795.0,43,-180608.822514249,-0.03397068711421536,1,stop
047040,2021-06-01,2021-06-15,8320.0,8620.0,617,163516.45213699993,0.031816598567042664,10,time
007660,2021-06-14,2021-06-15,3597.0,3489.0899999999997,1458,-178361.66173112113,-0.03397068711421558,1,stop
035720,2021-06-02,2021-06-16,128000.0,143000.0,42,606110.8053000001,0.112614302051121,10,time
064350,2021-06-11,2021-06-16,24650.0,23910.5,220,-184434.9203455001,-0.03397068711421558,3,stop
145020,2021-06-16,2021-06-17,249000.0,241530.0,22,-186305.45706299972,-0.03397068711421558,1,stop
028050,2021-06-09,2021-06-18,21350.0,24100.0,272,721995.7915600007,0.12418486397775941,7,time
214150,2021-06-15,2021-06-18,16950.0,19492.5,305,751989.7283268757,0.14529248434912612,3,target
007660,2021-06-17,2021-06-21,3713.0,3601.61,1492,-188407.12409926578,-0.03397068711421558,2,stop
067310,2021-06-18,2021-06-21,11299.0,10960.029999999999,555,-213273.32501678355,-0.0339706871142158,1,stop
214150,2021-06-21,2021-06-23,19300.0,18721.0,296,-194290.94835880026,-0.03397068711421558,2,stop
263750,2021-06-15,2021-06-24,64300.0,62371.0,80,-174946.1977239987,-0.03397068711421536,7,stop
095340,2021-06-23,2021-06-25,24500.0,23765.0,229,-190811.75006424915,-0.03397068711421547,2,stop
078600,2021-06-24,2021-06-25,50900.0,49373.0,97,-167916.38064204995,-0.03397068711421558,1,stop
064760,2021-06-17,2021-06-28,193900.0,194000.0,28,-19458.20197999943,-0.0035798732482882345,7,time
307950,2021-06-25,2021-06-28,143000.0,138710.0,35,-170218.84129249956,-0.03397068711421547,1,stop
247540,2021-06-18,2021-06-29,50083.0,51714.0,125,177617.6974812504,0.028339140255535744,7,time
352820,2021-06-21,2021-06-29,313000.0,303610.0,18,-191610.97938899882,-0.03397068711421536,6,stop
043260,2021-06-28,2021-06-29,1905.0,1847.85,2717,-176030.5988737736,-0.0339706871142158,1,stop
039490,2021-06-29,2021-06-30,135000.0,130950.0,40,-183652.6958999997,-0.03397068711421558,1,stop
005830,2021-06-29,2021-07-01,55600.0,53932.0,99,-187203.31468740012,-0.03397068711421558,2,stop
031980,2021-06-30,2021-07-01,13300.0,12901.0,408,-184550.5535244001,-0.03397068711421558,1,stop
263750,2021-06-30,2021-07-01,74500.0,85675.0,72,780245.2541699996,0.14529248434912567,1,target
010170,2021-06-25,2021-07-06,3112.0,3138.0,1642,21624.73327660095,0.004227063788855956,7,time
263750,2021-07-05,2021-07-06,83800.0,77934.0,66,-408680.96931419894,-0.07380694743940241,1,stop
277810,2021-06-29,2021-07-07,23450.0,22746.5,235,-187419.27665387467,-0.03397068711421558,6,stop
032820,2021-07-06,2021-07-07,3070.0,2855.1,1689,-383146.16737489495,-0.07380694743940253,1,stop
058470,2021-07-02,2021-07-16,36081.0,37303.0,154,164861.6706198007,0.029636109663292443,10,time
010950,2021-07-07,2021-07-16,106500.0,99045.0,47,-369865.5876007499,-0.07380694743940253,7,stop
000720,2021-07-05,2021-07-19,58572.0,56043.0,95,-262350.4944352498,-0.04709437213837053,10,time
012450,2021-07-06,2021-07-20,54496.0,52562.0,95,-204405.2279574992,-0.03943706179697648,10,time
047050,2021-07-07,2021-07-21,23950.0,23450.0,211,-125899.02951500006,-0.02488485947219743,10,time
078600,2021-07-20,2021-07-21,61700.0,57380.99999999999,80,-364730.1049640002,-0.07380694743940264,1,stop
032820,2021-07-16,2021-07-22,3065.0,2850.45,1702,-385466.37104099523,-0.07380694743940264,4,stop
086520,2021-07-19,2021-07-26,11249.0,13498.8,471,1034818.4747210108,0.1950878097556097,5,target
067310,2021-07-16,2021-07-28,11881.0,11049.33,439,-385402.01125140395,-0.07380694743940264,8,stop
042700,2021-07-23,2021-07-29,19825.0,18437.25,245,-358901.88636006135,-0.0738069474394023,4,stop
047050,2021-07-26,2021-08-02,27200.0,25296.0,233,-468296.90300239995,-0.07380694743940253,5,stop
010130,2021-07-22,2021-08-05,517000.0,525000.0,9,52718.81580000091,0.01131705371001801,10,time
131290,2021-07-23,2021-08-06,71100.0,77200.0,68,393763.1715000002,0.08134996382012494,10,time
086520,2021-07-30,2021-08-09,13734.0,16480.8,329,882515.3961443398,0.19508780975560946,6,target
012450,2021-08-05,2021-08-10,56228.0,52292.03999999999,84,-349002.375348649,-0.07380694743940275,3,stop
138040,2021-07-28,2021-08-11,23250.0,24450.0,208,229045.27151999995,0.04730813435572245,10,time
353200,2021-08-10,2021-08-11,17450.0,16228.499999999998,251,-323642.549278175,-0.07380694743940253,1,stop
095340,2021-08-06,2021-08-12,29000.0,26970.0,181,-387858.24978849944,-0.07380694743940253,4,stop
086520,2021-08-11,2021-08-12,17940.0,21528.0,254,889990.7749044001,0.1950878097556097,1,target
005830,2021-08-02,2021-08-17,58300.0,62700.0,100,414810.35199999996,0.07106926346021614,10,time
066970,2021-08-12,2021-08-18,122600.0,114017.99999999999,40,-362365.5661960002,-0.07380694743940264,3,stop
222800,2021-08-09,2021-08-24,30800.0,31400.0,175,82601.15675000101,0.015307284262071175,10,time
207940,2021-08-12,2021-08-27,1405065.0,1377429.0,3,-99938.29521959973,-0.02368181857312668,10,time
214450,2021-08-12,2021-08-27,94800.0,97800.0,52,135337.61747999955,0.027422536867955483,10,time
000810,2021-08-18,2021-09-01,230500.0,227000.0,25,-110857.92312499974,-0.019215716505699976,10,time
079550,2021-08-18,2021-09-01,47800.0,52400.0,121,531255.9462099988,0.0917468833890156,10,time
222800,2021-08-27,2021-09-01,32250.0,29992.499999999996,142,-338387.66525174957,-0.07380694743940253,3,stop
138040,2021-08-27,2021-09-02,26650.0,31980.0,172,895272.0165220005,0.1950878097556097,4,target
086520,2021-09-01,2021-09-02,20555.0,19116.149999999998,263,-399456.6819047248,-0.07380694743940297,1,stop
353200,2021-08-25,2021-09-08,18250.0,18200.0,303,-37767.35849250015,-0.006822002851502584,10,time
078600,2021-09-06,2021-09-08,70000.0,84000.0,76,1039060.8508000001,0.1950878097556097,2,target
138040,2021-09-09,2021-09-14,37300.0,34689.0,153,-421693.32172184996,-0.07380694743940253,3,stop
247540,2021-09-10,2021-09-14,90778.0,108933.59999999999,63,1116993.1489806594,0.19508780975560946,2,target
067310,2021-09-03,2021-09-15,12599.0,11717.07,423,-393797.4539308604,-0.07380694743940253,8,stop
028300,2021-09-02,2021-09-16,55880.0,60097.0,95,377678.2624292495,0.0710628743569981,10,time
058470,2021-09-14,2021-09-23,41147.0,38266.71,148,-449983.2546768943,-0.07380694743940264,4,stop
066970,2021-09-14,2021-09-24,150400.0,180480.0,40,1174998.13504,0.1950878097556097,5,target
267260,2021-09-08,2021-09-27,26500.0,26200.0,216,-88067.06315999944,-0.015367905169906493,10,time
028050,2021-09-24,2021-09-27,27850.0,25900.5,232,-477429.93399380054,-0.07380694743940264,1,stop
066970,2021-09-27,2021-09-28,191900.0,178467.0,30,-425395.30273049977,-0.07380694743940253,1,stop
000810,2021-09-15,2021-10-05,232500.0,240000.0,21,137026.22062500007,0.028032524520954505,10,time
247540,2021-09-16,2021-10-06,110001.0,102300.93,52,-422665.14715549815,-0.07380694743940264,10,stop
028300,2021-10-05,2021-10-06,49509.0,48023.729999999996,106,-178481.64815911,-0.0339706871142158,1,stop
078600,2021-09-27,2021-10-07,97800.0,90954.0,59,-426370.6749722995,-0.07380694743940253,7,stop
005830,2021-09-24,2021-10-12,62800.0,65500.0,102,248336.67710999958,0.03872414462569562,10,time
028300,2021-10-08,2021-10-12,45834.0,44458.979999999996,114,-177703.5729041472,-0.0339706871142158,1,stop
028300,2021-10-15,2021-10-18,46550.0,45153.5,117,-185229.04820647463,-0.03397068711421547,1,stop
000150,2021-11-30,2021-12-01,110500.0,107185.0,49,-184145.83739824966,-0.03397068711421547,1,stop
086520,2021-12-03,2021-12-07,22405.0,21732.85,241,-183639.26204539277,-0.03397068711421558,2,stop
352820,2021-12-03,2021-12-08,333500.0,341000.0,16,97778.2388000004,0.018303206213550416,3,time
000150,2021-12-03,2021-12-08,110500.0,114500.0,49,173232.4782999996,0.03195742245111077,3,time
066970,2021-12-07,2021-12-10,203000.0,205900.0,26,53547.41743000131,0.010133743960098807,3,time
277810,2022-01-18,2022-01-21,22000.0,23100.0,247,248629.39601500053,0.04570183353615853,3,time
108490,2022-01-25,2022-01-26,23079.0,22386.63,237,-186023.95829189476,-0.03397068711421547,1,stop
277810,2022-01-26,2022-01-27,21800.0,21146.0,250,-185353.1838250002,-0.03397068711421558,1,stop
319400,2022-01-27,2022-01-28,3365.0,3264.0499999999997,1608,-184024.08246282116,-0.0339706871142158,1,stop
058610,2022-01-26,2022-02-03,11300.0,12430.000000000002,482,520733.0589670008,0.09549715894264232,3,target
108490,2022-01-28,2022-02-03,21716.0,23887.600000000002,247,512821.77134473994,0.0954971589426421,1,target
138040,2022-02-03,2022-02-04,44450.0,48895.00000000001,126,535466.0968965013,0.09549715894264232,1,target
319400,2022-02-03,2022-02-04,3350.0,3685.0000000000005,1684,539357.301593001,0.09549715894264232,1,target
031980,2022-01-28,2022-02-07,14450.0,14016.5,371,-182324.61483057495,-0.03397068711421558,3,stop
138040,2022-02-11,2022-02-15,41550.0,40303.5,138,-195008.55426315032,-0.03397068711421569,2,stop
298380,2022-02-14,2022-02-15,23800.0,26180.000000000004,242,550658.0484020002,0.0954971589426421,1,target
298380,2022-02-18,2022-02-23,24500.0,26050.0,238,343915.86015500035,0.058912838235837706,3,time
032820,2022-04-11,2022-04-12,2215.0,2148.5499999999997,2666,-200834.08579661604,-0.0339706871142158,1,stop
214370,2022-05-09,2022-05-10,20820.0,20195.399999999998,281,-198971.3713235706,-0.03397068711421569,1,stop
329180,2022-05-12,2022-05-13,124500.0,120765.0,46,-194773.88692949992,-0.03397068711421558,1,stop
214370,2022-05-13,2022-05-17,18400.0,20240.0,314,552378.974312,0.0954971589426421,2,target
028300,2022-06-09,2022-06-10,34486.0,33451.42,171,-200559.15090890136,-0.03397068711421569,1,stop
028300,2022-06-13,2022-06-15,32334.0,31363.98,181,-199040.5471723592,-0.03397068711421558,2,stop
257720,2022-07-27,2022-07-28,4050.0,3928.5,1436,-197793.95348430052,-0.03397068711421569,1,stop
214370,2022-08-30,2022-09-02,23940.0,26334.000000000004,241,551608.3819323014,0.09549715894264232,3,target
277810,2022-09-08,2022-09-13,27600.0,30360.000000000004,213,562054.402205999,0.09549715894264188,1,target
000150,2022-09-08,2022-09-14,73000.0,70810.0,80,-198616.98963999934,-0.03397068711421547,2,stop
083650,2022-09-15,2022-09-19,8570.0,8312.9,695,-202567.223089776,-0.0339706871142158,2,stop
298040,2022-09-19,2022-09-20,63700.0,61789.0,92,-199310.78871339932,-0.03397068711421547,1,stop
083650,2022-09-21,2022-09-23,8510.0,8254.699999999999,691,-199991.3239809852,-0.03397068711421558,2,stop
012450,2022-09-27,2022-09-28,67535.0,65508.95,86,-197529.01746558677,-0.033970687114215914,1,stop
078600,2022-09-27,2022-09-28,81600.0,79152.0,71,-197038.9368456006,-0.03397068711421569,1,stop
009830,2022-09-27,2022-09-30,57888.0,58887.0,100,75881.82964499947,0.013093327533031829,3,time
064350,2022-09-29,2022-09-30,25900.0,25123.0,222,-195549.30942330044,-0.03397068711421569,1,stop
003670,2022-09-30,2022-10-06,145881.0,153636.0,39,278237.24596395064,0.04884866626230089,3,time
377300,2023-01-02,2023-01-03,54700.0,53059.0,105,-195335.0479447497,-0.03397068711421558,1,stop
257720,2023-01-02,2023-01-03,2480.0,2405.6,2336,-197028.05372287985,-0.03397068711421558,1,stop
298040,2023-01-05,2023-01-06,72100.0,69937.0,79,-193716.18344014976,-0.03397068711421558,1,stop
257720,2023-01-06,2023-01-11,2425.0,2600.0,2340,385037.5376249999,0.06777604995346564,3,time
042660,2023-03-09,2023-03-10,20033.0,19432.01,287,-195538.12021275423,-0.03397068711421569,1,stop
058610,2023-03-10,2023-03-13,23850.0,22180.5,239,-421194.551825474,-0.07380694743940241,1,stop
042660,2023-03-13,2023-03-15,19589.0,21547.9,286,535633.7915657302,0.0954971589426421,2,target
086520,2023-03-14,2023-03-15,72791.0,87349.2,77,1094706.6609163294,0.19508780975560946,1,target
080220,2023-03-15,2023-03-16,4550.0,5005.0,1353,588571.0022692494,0.0954971589426421,1,target
108490,2023-03-20,2023-03-21,40608.0,37765.439999999995,156,-468093.55266835354,-0.07380694743940286,1,stop
403870,2023-03-20,2023-03-21,18600.0,22320.0,341,1238787.0962939998,0.19508780975560946,1,target
277810,2023-03-20,2023-03-23,124000.0,148800.0,51,1235154.2895600004,0.1950878097556097,3,target
028050,2023-03-10,2023-03-24,28650.0,29250.0,199,95682.73025999963,0.016763188928201833,10,time
058610,2023-03-23,2023-03-27,33500.0,40200.0,209,1367478.298285002,0.1950878097556099,2,target
247540,2023-03-24,2023-03-27,245000.0,227849.99999999997,27,-488794.4984475011,-0.07380694743940275,1,stop
086520,2023-03-24,2023-03-27,94374.0,87767.81999999999,70,-488142.7724495707,-0.07380694743940264,1,stop
003550,2023-03-14,2023-03-28,86200.0,83200.0,65,-217387.34484999906,-0.038753811178782516,10,time
000250,2023-03-27,2023-03-28,67400.0,80880.0,102,1342732.2438119994,0.19508780975560946,1,target
007660,2023-03-29,2023-04-03,10210.0,9495.3,674,-508489.6285482105,-0.07380694743940264,3,stop
403870,2023-03-24,2023-04-04,26150.0,24319.5,253,-488864.695692176,-0.07380694743940275,7,stop
042700,2023-03-27,2023-04-04,20400.0,18972.0,337,-507991.59757020045,-0.07380694743940264,6,stop
028050,2023-04-03,2023-04-07,31900.0,29666.999999999996,199,-469072.7672856515,-0.07380694743940286,4,stop
078600,2023-04-04,2023-04-07,106300.0,127560.0,58,1204177.7762260009,0.1950878097556097,3,target
066970,2023-03-28,2023-04-11,295500.0,317500.0,23,476654.87040000036,0.07005183191597886,10,time
006260,2023-03-28,2023-04-11,77400.0,83800.0,88,533625.998399999,0.07825536668303257,10,time
078600,2023-04-10,2023-04-11,132300.0,123038.99999999999,50,-488794.4984475011,-0.07380694743940275,1,stop
086520,2023-04-11,2023-04-12,148134.0,137764.62,46,-503511.09217218496,-0.07380694743940241,1,stop
247540,2023-04-11,2023-04-12,302000.0,280860.0,22,-490937.3617059998,-0.07380694743940253,1,stop
003670,2023-04-11,2023-04-13,296609.0,275846.37,23,-504090.62584585603,-0.07380694743940264,2,stop
214370,2023-04-04,2023-04-18,42700.0,44200.0,146,192805.37861000095,0.030891514270061426,10,time
310210,2023-04-13,2023-04-20,40705.0,37855.649999999994,162,-487258.28716666624,-0.07380694743940275,5,stop
267260,2023-04-18,2023-04-21,49950.0,46453.5,133,-490889.33201227523,-0.07380694743940264,3,stop
319400,2023-04-20,2023-04-21,4995.0,4645.349999999999,1228,-453242.1802338902,-0.07380694743940264,1,stop
039490,2023-04-13,2023-04-24,107600.0,100068.0,61,-484996.45805140026,-0.07380694743940264,7,stop
051910,2023-04-11,2023-04-25,768000.0,742000.0,8,-232566.14639999997,-0.037809076780965345,10,time
042660,2023-04-21,2023-04-25,26474.0,24620.82,223,-436235.3829287244,-0.07380694743940275,2,stop
012330,2023-04-13,2023-04-27,230500.0,221500.0,28,-277706.8741999995,-0.042979212361288655,10,time
005830,2023-04-26,2023-05-04,85300.0,79329.0,66,-415996.2611277001,-0.07380694743940264,5,stop
042700,2023-05-04,2023-05-09,22650.0,21064.5,231,-386613.1723434748,-0.07380694743940253,2,stop
064350,2023-04-24,2023-05-10,33550.0,33600.0,179,-15687.92023749929,-0.002609279488611893,10,time
267260,2023-04-24,2023-05-10,51800.0,48174.0,115,-440173.6700304998,-0.07380694743940253,10,stop
267270,2023-04-28,2023-05-10,67600.0,62867.99999999999,93,-464543.19770820066,-0.07380694743940264,6,stop
000810,2023-04-26,2023-05-12,226500.0,225500.0,25,-48132.356249999255,-0.008490430096063317,10,time
319400,2023-05-12,2023-05-15,4825.0,4487.25,1164,-414998.72133495007,-0.07380694743940253,1,stop
214150,2023-05-18,2023-05-23,26500.0,24645.0,206,-403375.5354535002,-0.07380694743940264,3,stop
005380,2023-05-11,2023-05-25,211500.0,203500.0,26,-229922.80739999935,-0.04176371440005289,10,time
000270,2023-05-11,2023-05-25,90500.0,87100.0,61,-229412.68752999976,-0.04150876399895398,10,time
043260,2023-05-11,2023-05-25,1623.0,1662.0,3417,110142.3733366495,0.019837718121699988,10,time
007660,2023-05-23,2023-05-26,10755.0,12906.0,470,987273.8236215003,0.1950878097556097,3,target
042660,2023-05-25,2023-05-26,27007.0,25116.51,200,-399119.3656711001,-0.07380694743940264,1,stop
042700,2023-05-26,2023-05-31,28150.0,26179.5,194,-403530.70831015054,-0.07380694743940264,2,stop
214450,2023-05-17,2023-06-01,114000.0,120000.0,47,259210.49430000037,0.048322640136499784,10,time
007660,2023-05-30,2023-06-09,13887.0,16664.399999999998,394,1068646.350716819,0.19508780975560946,7,target
095340,2023-05-26,2023-06-13,51300.0,56000.0,106,474446.08952999953,0.08714940458599951,10,time
005930,2023-05-30,2023-06-14,71300.0,71900.0,76,23258.24275999982,0.004287208057834668,10,time
066570,2023-05-31,2023-06-15,125200.0,123600.0,40,-84335.11039999872,-0.016820731590832083,10,time
086520,2023-06-14,2023-06-15,147545.0,143118.65,36,-180646.91344376933,-0.03397068711421547,1,stop
403870,2023-06-01,2023-06-16,26750.0,31450.0,214,979374.7054099999,0.1708882123618043,10,time
214150,2023-06-15,2023-06-16,32300.0,31331.0,157,-172466.88632935006,-0.03397068711421558,1,stop
222800,2023-06-16,2023-06-19,35050.0,33998.5,166,-197878.97788055055,-0.03397068711421569,1,stop
067310,2023-06-09,2023-06-20,16488.0,18122.0,397,619959.8705858998,0.09460321083976009,7,time
267270,2023-06-15,2023-06-20,69500.0,79925.0,73,737989.2425487498,0.1452924843491259,3,target
131290,2023-06-16,2023-06-20,48500.0,55774.99999999999,120,846574.8283499992,0.14529248434912567,2,target
326030,2023-06-20,2023-06-21,85500.0,82935.0,76,-220995.41073299944,-0.03397068711421547,1,stop
034020,2023-06-13,2023-06-22,18580.0,18022.6,318,-200944.61751173995,-0.03397068711421558,7,stop
042660,2023-06-21,2023-06-22,34159.0,33134.229999999996,188,-218406.99603308272,-0.03397068711421569,1,stop
009540,2023-06-22,2023-06-23,120700.0,117079.0,49,-201143.91469655093,-0.03397068711421569,1,stop
012450,2023-06-20,2023-06-26,139860.0,135664.19999999998,46,-218803.8218952613,-0.0339706871142158,4,stop
087010,2023-06-20,2023-06-26,8740.0,10051.0,749,952216.3119990509,0.14529248434912612,4,target
178320,2023-06-22,2023-06-26,20500.0,19885.0,291,-202885.2143317489,-0.03397068711421536,2,stop
064350,2023-06-23,2023-06-26,38550.0,37393.5,149,-195350.35233607516,-0.03397068711421558,1,stop
031980,2023-06-26,2023-06-27,17780.0,17246.6,352,-212852.11415775958,-0.03397068711421547,1,stop
214370,2023-06-19,2023-06-28,45000.0,49200.0,125,500399.8987499997,0.08885778222177754,7,time
145020,2023-06-27,2023-06-28,114100.0,110677.0,54,-209547.72602190077,-0.03397068711421569,1,stop
087010,2023-06-28,2023-06-29,11105.0,10771.85,549,-207345.42411023192,-0.03397068711421547,1,stop
310210,2023-06-26,2023-06-30,40378.0,39166.659999999996,155,-212853.13445051573,-0.03397068711421569,4,stop
131970,2023-06-27,2023-06-30,42900.0,41613.0,144,-210098.68410960026,-0.03397068711421558,3,stop
098460,2023-06-29,2023-06-30,16930.0,16422.1,356,-204979.53526018,-0.03397068711421558,1,stop
084370,2023-06-30,2023-07-06,34250.0,31852.499999999996,174,-440358.39962175116,-0.07380694743940275,4,stop
036930,2023-06-30,2023-07-07,19150.0,17809.5,311,-440073.9160512248,-0.07380694743940253,5,stop
267270,2023-06-29,2023-07-10,82600.0,85100.0,73,157250.65451500006,0.02604895692294562,7,time
031980,2023-06-30,2023-07-10,20800.0,19344.0,287,-441104.70717040077,-0.07380694743940275,6,stop
042660,2023-07-10,2023-07-12,36824.0,44188.799999999996,157,1129171.6452759188,0.19508780975560946,2,target
307950,2023-06-30,2023-07-14,139200.0,159000.0,42,805188.6851399997,0.13756562351018875,10,time
086520,2023-07-06,2023-07-18,185609.0,222730.8,30,1087551.0082113007,0.1950878097556097,8,target
087010,2023-07-12,2023-07-18,15922.0,19106.399999999998,434,1349636.1391041186,0.19508780975560946,4,target
082740,2023-07-10,2023-07-24,11820.0,11860.0,489,-4185.177893999964,-0.000723249880038801,10,time
010120,2023-07-11,2023-07-25,16880.0,20256.0,342,1127529.460382401,0.1950878097556097,10,target
000100,2023-07-24,2023-07-25,64793.0,60257.49,89,-426102.96484866086,-0.07380694743940264,1,stop
047050,2023-07-25,2023-07-26,70500.0,84600.0,86,1184177.8079700004,0.1950878097556097,1,target
247540,2023-07-25,2023-07-26,408500.0,490200.0,15,1196775.4442250002,0.1950878097556097,1,target
036930,2023-07-18,2023-07-27,21450.0,25740.0,347,1453737.926998498,0.19508780975560924,7,target
086520,2023-07-26,2023-07-27,255653.0,237757.28999999998,28,-528938.750948566,-0.07380694743940253,1,stop
042700,2023-07-14,2023-07-28,43250.0,47150.0,154,571533.3400699999,0.085710794411888,10,time
031980,2023-07-27,2023-07-28,27550.0,33060.0,284,1528161.6369980006,0.1950878097556097,1,target
010140,2023-07-18,2023-08-01,8650.0,9100.0,862,356199.04274499975,0.047716673292490075,10,time
095340,2023-07-28,2023-08-01,106500.0,99045.0,76,-598080.5246310001,-0.07380694743940264,2,stop
096770,2023-08-01,2023-08-02,222864.0,207263.52,34,-559906.228491025,-0.07380694743940275,1,stop
084370,2023-07-28,2023-08-03,35050.0,32596.499999999996,232,-600858.8576834006,-0.07380694743940264,4,stop
000660,2023-07-28,2023-08-03,126200.0,117365.99999999999,64,-596809.5850432003,-0.07380694743940264,4,stop
240810,2023-08-01,2023-08-03,37400.0,34782.0,206,-569292.2651306009,-0.07380694743940264,2,stop
036930,2023-08-02,2023-08-03,29000.0,26970.0,248,-531430.0881080003,-0.07380694743940264,1,stop
000500,2023-08-03,2023-08-04,22660.0,21073.8,317,-530781.3177835289,-0.07380694743940241,1,stop
138040,2023-07-26,2023-08-09,48450.0,49500.0,151,128100.3603825001,0.017489621308955483,10,time
257720,2023-08-03,2023-08-17,8130.0,7560.9,885,-531655.4582093256,-0.07380694743940264,9,stop
307950,2023-08-03,2023-08-17,160000.0,148800.0,45,-532021.2227999996,-0.07380694743940253,9,stop
326030,2023-08-03,2023-08-18,92600.0,86118.0,77,-526863.5726122996,-0.07380694743940253,10,stop
298040,2023-08-04,2023-08-21,181300.0,190900.0,37,326661.71722,0.048640664103446696,10,time
005940,2023-08-09,2023-08-24,10400.0,10370.0,720,-52223.64372000005,-0.006966299105314766,10,time
042700,2023-08-21,2023-08-25,58800.0,54683.99999999999,115,-499656.5984130008,-0.07380694743940275,4,stop
214150,2023-08-17,2023-08-31,35800.0,38850.0,186,538338.4770750012,0.08075329164351586,10,time
087010,2023-08-31,2023-09-01,43997.0,40917.21,158,-513661.02261749934,-0.07380694743940264,1,stop
003230,2023-08-21,2023-09-04,180000.0,192600.0,37,437531.60709000006,0.06561996369875178,10,time
138040,2023-08-24,2023-09-07,51000.0,54200.0,140,417418.12560000084,0.05839475962016416,10,time
307950,2023-08-31,2023-09-07,176000.0,211200.0,39,1340622.8721599998,0.19508780975560946,5,target
018260,2023-08-25,2023-09-08,139400.0,147200.0,48,345874.3742399998,0.051631549474089766,10,time
042700,2023-09-01,2023-09-08,58500.0,54405.0,112,-484139.3127479991,-0.07380694743940241,5,stop
277810,2023-09-07,2023-09-08,176000.0,211200.0,44,1512497.5993599994,0.19508780975560946,1,target
277810,2023-09-11,2023-09-12,220000.0,204600.0,34,-552710.9370200001,-0.07380694743940264,1,stop
067310,2023-09-04,2023-09-13,25430.0,23649.899999999998,280,-526139.4326146012,-0.07380694743940275,7,stop
058610,2023-09-08,2023-09-13,39800.0,37014.0,188,-552888.2774276007,-0.07380694743940264,3,stop
214150,2023-09-07,2023-09-18,40000.0,37200.0,197,-582267.6716199992,-0.07380694743940253,7,stop
196170,2023-09-13,2023-09-19,61200.0,73440.0,111,1326794.7691080002,0.1950878097556097,4,target
131970,2023-09-08,2023-09-20,54400.0,50592.0,137,-550701.0790671995,-0.07380694743940253,8,stop
267250,2023-09-12,2023-09-21,70900.0,65937.0,98,-513415.2583692996,-0.07380694743940253,7,stop
016360,2023-09-14,2023-10-04,38300.0,35619.0,177,-500920.1488171499,-0.07380694743940253,10,stop
138040,2023-09-25,2023-10-04,57500.0,53475.0,111,-471614.64646124933,-0.07380694743940253,3,stop
087010,2023-10-04,2023-10-05,31737.0,30784.89,192,-207238.59945878386,-0.03397068711421558,1,stop
024110,2023-09-18,2023-10-06,11340.0,11380.0,645,-4251.523949999362,-0.0005805941344181331,10,time
277810,2023-10-05,2023-10-06,157800.0,153066.0,37,-198569.3759781001,-0.03397068711421558,1,stop
005940,2023-09-19,2023-10-10,10530.0,10550.0,771,-17897.22839699965,-0.002201931550990688,10,time
000250,2023-10-04,2023-10-10,73700.0,75700.0,83,140441.52448000014,0.022932464931022745,3,time
058610,2023-10-06,2023-10-10,32850.0,31864.5,198,-221209.67221154924,-0.03397068711421547,1,stop
257720,2023-09-20,2023-10-11,8950.0,9960.0,771,748134.8997945013,0.10829372301358231,10,time
277810,2023-10-10,2023-10-11,139900.0,135703.0,49,-233140.2954933513,-0.0339706871142158,1,stop
226950,2023-10-10,2023-10-11,16930.0,16422.1,406,-233768.79583043046,-0.03397068711421569,1,stop
067310,2023-10-06,2023-10-12,21284.0,22525.0,306,351935.30663190037,0.05397453935448793,3,time
087010,2023-10-11,2023-10-12,32367.0,35603.700000000004,215,665319.9955404764,0.09549715894264232,1,target
277810,2023-10-13,2023-10-16,140900.0,136673.0,50,-239598.74863249995,-0.03397068711421558,1,stop
196170,2023-10-18,2023-10-19,61100.0,59267.0,114,-236891.57185589988,-0.03397068711421558,1,stop
277810,2023-10-18,2023-10-19,143000.0,138710.0,49,-238306.3778094994,-0.03397068711421547,1,stop
196170,2023-10-23,2023-10-24,54900.0,53253.0,126,-235259.10344789922,-0.03397068711421547,1,stop
196170,2023-10-26,2023-10-27,53700.0,59070.00000000001,128,657164.240832001,0.09549715894264232,1,target
247540,2024-01-04,2024-01-05,265500.0,292050.0,26,659975.0864850003,0.0954971589426421,1,target
454910,2024-01-17,2024-01-18,92700.0,89919.0,77,-242758.2551971497,-0.03397068711421558,1,stop
310210,2024-01-18,2024-01-19,43700.0,42389.0,162,-240768.68432490062,-0.03397068711421569,1,stop
028300,2024-01-18,2024-01-19,43450.0,47795.00000000001,163,677122.2010382516,0.09549715894264232,1,target
068270,2024-01-18,2024-01-23,163750.0,167063.0,43,113182.57299505081,0.0160557494208724,3,time
454910,2024-01-22,2024-01-23,86300.0,83711.0,83,-243608.49915964995,-0.03397068711421558,1,stop
141080,2024-01-22,2024-01-23,50000.0,55000.00000000001,144,688370.364000001,0.09549715894264232,1,target
454910,2024-01-25,2024-01-26,81700.0,79249.0,89,-247295.1569810491,-0.03397068711421547,1,stop
078930,2024-02-02,2024-02-15,50500.0,46965.0,143,-533609.897284749,-0.07380694743940241,7,stop
028260,2024-02-02,2024-02-20,152900.0,162300.0,47,411046.65685000084,0.057132938322081106,10,time
000810,2024-02-02,2024-02-20,292000.0,303000.0,24,234501.52919999976,0.033423534120861076,10,time
006800,2024-02-02,2024-02-20,8313.0,8662.0,871,273409.3335304512,0.03771709051115635,10,time
024110,2024-02-02,2024-02-20,13210.0,13660.0,548,216205.8132140003,0.029832165106082886,10,time
030200,2024-02-20,2024-02-21,42200.0,39246.0,176,-548809.4480528003,-0.07380694743940264,1,stop
178320,2024-02-15,2024-02-23,22750.0,21157.5,309,-519441.13763587456,-0.07380694743940253,6,stop
003550,2024-02-20,2024-02-26,102900.0,95697.0,72,-547449.8382612001,-0.07380694743940264,4,stop
031980,2024-02-23,2024-02-26,41900.0,38967.0,156,-482986.6000985997,-0.07380694743940253,1,stop
012450,2024-02-20,2024-02-27,155242.0,186290.4,48,1455391.4399990411,0.1950878097556097,5,target
267260,2024-02-21,2024-02-28,130500.0,121364.99999999999,53,-511072.88715225086,-0.07380694743940275,5,stop
098460,2024-02-26,2024-02-28,21000.0,19530.0,308,-477932.3984819986,-0.0738069474394023,2,stop
196170,2024-02-26,2024-02-29,143000.0,171600.0,45,1256833.9426500006,0.1950878097556097,3,target
042700,2024-02-28,2024-03-04,82100.0,98520.0,75,1202634.8099250002,0.1950878097556097,2,target
015760,2024-02-20,2024-03-06,23300.0,24650.0,319,398919.7311274996,0.05360924572517067,10,time
138040,2024-02-27,2024-03-06,85900.0,79887.0,104,-660120.1105564013,-0.07380694743940275,5,stop
196170,2024-03-06,2024-03-08,193900.0,180327.0,41,-587432.7109913491,-0.07380694743940241,2,stop
012450,2024-02-29,2024-03-13,199656.0,185680.08,39,-575364.9918215154,-0.07380694743940253,8,stop
145020,2024-02-28,2024-03-14,183800.0,192200.0,33,251525.57825999893,0.04142127781568794,10,time
079550,2024-03-08,2024-03-14,178700.0,166191.0,41,-541383.3184845494,-0.07380694743940253,4,stop
319660,2024-03-04,2024-03-18,25850.0,27850.0,288,543791.64384,0.0729592360313902,10,time
000500,2024-03-06,2024-03-20,27000.0,28550.0,298,427564.1785049988,0.053078918781563234,10,time
012330,2024-03-18,2024-03-20,269500.0,250634.99999999997,30,-597415.498102501,-0.07380694743940275,2,stop
267260,2024-03-14,2024-03-26,146000.0,175200.0,44,1254685.508559999,0.19508780975560946,8,target
024110,2024-03-13,2024-03-27,14790.0,14790.0,497,-30124.351866001263,-0.004093491870325483,10,time
000250,2024-03-26,2024-03-27,118100.0,141720.0,65,1499314.0265349997,0.19508780975560946,1,target
005940,2024-03-14,2024-03-28,12850.0,11950.5,510,-484250.15050275065,-0.07380694743940264,10,stop
257720,2024-03-21,2024-04-01,10670.0,12804.0,749,1560901.8194076987,0.19508780975560946,7,target
031980,2024-03-21,2024-04-02,46250.0,43012.5,172,-587809.5593574988,-0.07380694743940241,8,stop
042700,2024-04-02,2024-04-03,145000.0,140650.0,50,-246570.74912499916,-0.03397068711421547,1,stop
005930,2024-03-27,2024-04-11,79200.0,84100.0,104,474341.6199599989,0.0575219360316368,10,time
000660,2024-03-27,2024-04-11,176700.0,188400.0,46,503302.3702499997,0.06184938388019634,10,time
259960,2024-03-28,2024-04-11,255500.0,237614.99999999997,24,-453104.74141800124,-0.07380694743940275,9,stop
240810,2024-04-01,2024-04-11,41650.0,38734.5,232,-714002.0377321988,-0.07380694743940241,7,stop
010120,2024-04-11,2024-04-12,24100.0,27714.999999999996,332,1163851.2915110001,0.1452924843491259,1,target
267260,2024-04-11,2024-04-12,210500.0,242074.99999999997,38,1163531.2804074977,0.14529248434912545,1,target
000500,2024-04-11,2024-04-12,36950.0,42492.5,217,1166316.8316038745,0.14529248434912567,1,target
039030,2024-04-11,2024-04-12,244000.0,280600.0,32,1135748.4982400006,0.1452924843491259,1,target
064760,2024-04-03,2024-04-15,123200.0,137700.0,57,795284.2369949995,0.11311953059623536,7,time
064350,2024-04-12,2024-04-15,41850.0,40594.5,219,-311704.5381162744,-0.03397068711421547,1,stop
005380,2024-04-12,2024-04-15,241000.0,233770.0,38,-311461.36834299937,-0.03397068711421547,1,stop
010170,2024-04-12,2024-04-15,1039.0,1007.8299999999999,8831,-312053.44422872737,-0.03397068711421569,1,stop
010120,2024-04-15,2024-04-16,27860.0,27024.2,309,-292781.1683892887,-0.03397068711421547,1,stop
000500,2024-04-15,2024-04-16,45100.0,43747.0,191,-292963.46069485135,-0.03397068711421569,1,stop
257720,2024-04-15,2024-04-16,13530.0,13124.1,636,-292656.6926731784,-0.03397068711421536,1,stop
267260,2024-04-16,2024-04-17,234000.0,226980.0,35,-278539.9221150009,-0.03397068711421569,1,stop
298040,2024-04-16,2024-04-17,331000.0,321070.0,25,-281430.75158749986,-0.03397068711421558,1,stop
042660,2024-04-15,2024-04-18,28550.0,32832.5,301,1250014.2811283749,0.1452924843491259,3,target
161390,2024-04-12,2024-04-19,60000.0,58200.0,152,-310168.99751999974,-0.03397068711421558,5,stop
010120,2024-04-18,2024-04-19,29180.0,33557.0,310,1315798.3818365,0.1452924843491259,1,target
440110,2024-04-18,2024-04-19,20500.0,19885.0,441,-307465.2217192501,-0.03397068711421558,1,stop
003230,2024-04-17,2024-04-22,253000.0,290950.0,31,1140839.583977499,0.14529248434912567,3,target
031980,2024-04-19,2024-04-22,51100.0,49567.0,182,-316297.55600170046,-0.03397068711421558,1,stop
402340,2024-04-19,2024-04-22,82000.0,79540.0,113,-315134.4222609997,-0.03397068711421558,1,stop
010120,2024-04-22,2024-04-23,33420.0,32417.399999999998,269,-305747.0487198308,-0.03397068711421569,1,stop
082740,2024-04-16,2024-04-24,10840.0,12465.999999999998,768,1210968.562713597,0.14529248434912545,6,target
042660,2024-04-22,2024-04-29,33000.0,32010.0,272,-305271.59229599684,-0.03397068711421525,5,stop
010140,2024-04-19,2024-04-30,9580.0,9450.0,971,-163980.0617245026,-0.01760788081154252,7,time
440110,2024-04-22,2024-05-02,18800.0,18236.0,478,-305625.29378440045,-0.03397068711421558,7,stop
267260,2024-04-24,2024-05-02,245000.0,237650.0,37,-308298.46080249734,-0.03397068711421525,5,stop
272210,2024-04-29,2024-05-02,20100.0,19497.0,439,-300098.70802814886,-0.03397068711421547,2,stop
307950,2024-04-30,2024-05-02,170000.0,164900.0,53,-306427.92408499867,-0.03397068711421547,1,stop
003230,2024-04-24,2024-05-07,282000.0,305500.0,32,712800.9096000008,0.07889871714048091,7,time
237690,2024-05-07,2024-05-08,101100.0,94023.0,89,-664871.3556433497,-0.07380694743940253,1,stop
178320,2024-05-07,2024-05-09,27250.0,25342.5,332,-668499.4448154978,-0.0738069474394023,2,stop
131290,2024-05-02,2024-05-10,82000.0,76260.0,106,-642267.8428579988,-0.07380694743940241,5,stop
000500,2024-05-08,2024-05-10,51400.0,61680.0,170,1706637.9162200019,0.1950878097556099,2,target
257720,2024-05-10,2024-05-13,22000.0,26400.0,408,1753122.2174399998,0.1950878097556097,1,target
058470,2024-05-08,2024-05-14,59268.0,55119.24,147,-643774.9407552546,-0.07380694743940264,4,stop
000500,2024-05-13,2024-05-14,66800.0,62123.99999999999,164,-809499.8472248018,-0.07380694743940275,1,stop
090430,2024-05-02,2024-05-20,172400.0,179700.0,50,328597.4777499996,0.03807656328829778,10,time
009540,2024-05-14,2024-05-22,137200.0,127595.99999999999,66,-669105.3578748014,-0.07380694743940275,5,stop
000810,2024-05-20,2024-05-23,365500.0,339915.0,24,-648179.1897779983,-0.07380694743940241,3,stop
214150,2024-05-10,2024-05-27,48500.0,49000.0,185,55456.20587500185,0.006173585533073567,10,time
259960,2024-05-10,2024-05-27,265000.0,260000.0,33,-200352.33074999787,-0.0228841807029605,10,time
007660,2024-05-22,2024-05-28,51543.0,47934.99,167,-636037.357096158,-0.07380694743940275,4,stop
001440,2024-05-14,2024-05-29,18430.0,18070.0,494,-214627.45283200033,-0.023546901687291344,10,time
034020,2024-05-28,2024-05-30,21900.0,20367.0,372,-601982.013598199,-0.07380694743940241,2,stop
005380,2024-05-23,2024-05-31,273500.0,254354.99999999997,29,-586073.1011997508,-0.07380694743940264,6,stop
042700,2024-05-27,2024-06-03,151000.0,140430.0,58,-647144.7040669983,-0.07380694743940241,5,stop
090430,2024-06-03,2024-06-04,194200.0,180606.0,40,-573991.7859319998,-0.07380694743940253,1,stop
257720,2024-06-04,2024-06-05,43000.0,39990.0,177,-562390.7676014993,-0.07380694743940253,1,stop
267260,2024-05-27,2024-06-07,285000.0,265050.0,31,-652834.3754774993,-0.07380694743940253,8,stop
031980,2024-06-07,2024-06-10,65000.0,78000.0,120,1523435.0820000004,0.1950878097556097,1,target
078600,2024-05-31,2024-06-11,117600.0,141120.0,64,1469997.666816,0.1950878097556097,6,target
196170,2024-06-05,2024-06-11,230500.0,276600.0,31,1395603.253645,0.1950878097556097,3,target
000100,2024-06-07,2024-06-12,80200.0,74586.0,98,-580760.2781553986,-0.07380694743940241,3,stop
003230,2024-05-29,2024-06-13,535000.0,612000.0,16,1193287.4104000013,0.13924258500067466,10,time
145020,2024-06-12,2024-06-14,240000.0,223199.99999999997,34,-602957.3858400015,-0.07380694743940275,2,stop
078600,2024-06-13,2024-06-14,157200.0,146196.0,56,-650484.6150767999,-0.07380694743940253,1,stop
402340,2024-06-10,2024-06-24,88100.0,91200.0,106,289359.82024999894,0.0309497564293566,10,time
214150,2024-06-13,2024-06-27,53800.0,51400.0,163,-425985.47792000044,-0.04852054799506922,10,time
042700,2024-06-13,2024-06-27,175900.0,173700.0,50,-145719.3834999986,-0.016549400442725903,10,time
000660,2024-06-14,2024-06-28,225000.0,236500.0,35,369040.08487500064,0.04680839632296929,10,time
259960,2024-06-14,2024-06-28,263000.0,281500.0,30,521029.03424999956,0.06596076820723717,10,time
087010,2024-06-28,2024-07-01,44967.0,53960.4,186,1633564.2040777802,0.1950878097556097,1,target
021240,2024-06-27,2024-07-04,65600.0,61007.99999999999,130,-630149.5816719988,-0.07380694743940241,5,stop
009540,2024-06-24,2024-07-08,152000.0,160000.0,63,463269.819600001,0.048322640136499784,10,time
087010,2024-07-04,2024-07-10,59891.0,71869.2,132,1544062.39301028,0.1950878097556097,4,target
086280,2024-06-27,2024-07-11,114044.0,126300.0,74,869684.5248015989,0.10293388496350442,10,time
032820,2024-07-10,2024-07-11,2925.0,2720.25,3230,-698111.5982928742,-0.07380694743940253,1,stop
329180,2024-06-28,2024-07-12,156600.0,157600.0,53,18829.512989999726,0.002266064375713306,10,time
007660,2024-07-01,2024-07-12,56794.0,52818.42,177,-742800.4943060372,-0.07380694743940264,9,stop
000250,2024-07-11,2024-07-12,212000.0,197160.0,42,-657932.9121959992,-0.07380694743940253,1,stop
000100,2024-07-08,2024-07-22,90000.0,96500.0,112,684543.9636000022,0.06783308927237353,10,time
087010,2024-07-22,2024-07-23,79467.0,77082.98999999999,136,-367560.87310585193,-0.03397068711421558,1,stop
012450,2024-07-11,2024-07-25,263321.0,315985.2,34,1748613.2402216606,0.1950878097556097,10,target
009540,2024-07-23,2024-07-25,186600.0,181002.0,56,-355388.3724215999,-0.03397068711421558,2,stop
016360,2024-07-12,2024-07-26,44500.0,44450.0,195,-45283.38701249845,-0.005212487946875344,10,time
267250,2024-07-12,2024-07-26,77000.0,80900.0,112,400169.4149600025,0.04634852607390516,10,time
005940,2024-07-12,2024-07-26,13150.0,13510.0,661,201636.31289200112,0.023170868808509937,10,time
272210,2024-07-25,2024-07-26,22000.0,21340.0,473,-353905.54695099965,-0.03397068711421558,1,stop
010140,2024-07-29,2024-08-02,11990.0,11150.699999999999,769,-681305.6389993168,-0.07380694743940275,4,stop
145020,2024-07-25,2024-08-05,240000.0,232800.0,43,-350980.70771999843,-0.03397068711421547,7,stop
316140,2024-07-29,2024-08-05,16110.0,14982.3,572,-680907.3620005772,-0.0738069474394023,5,stop
207940,2024-07-29,2024-08-05,1352533.0,1257855.69,6,-599646.8837811276,-0.07380694743940264,5,stop
005940,2024-08-02,2024-08-05,13880.0,12908.4,695,-712804.9899808988,-0.07380694743940241,1,stop
087010,2024-08-06,2024-08-07,56208.0,61828.8,155,832951.0861188006,0.0954971589426421,1,target
310210,2024-08-06,2024-08-07,64600.0,71060.0,135,833788.6033950001,0.0954971589426421,1,target
329180,2024-07-26,2024-08-09,184500.0,221400.0,49,1765719.8536950015,0.1950878097556097,10,target
000250,2024-08-06,2024-08-09,158400.0,163800.0,55,260420.9107499998,0.029857866361368002,3,time
000100,2024-08-06,2024-08-09,86400.0,88800.0,101,205922.86019999906,0.023570577799943315,3,time
087010,2024-08-09,2024-08-12,63961.0,62042.17,149,-324119.42634935863,-0.0339706871142158,1,stop
214450,2024-08-16,2024-08-26,184600.0,171678.0,51,-695662.0839129016,-0.07380694743940275,6,stop
145020,2024-08-20,2024-08-27,289000.0,268770.0,33,-704706.4447004981,-0.07380694743940241,5,stop
055550,2024-08-27,2024-08-28,61800.0,57473.99999999999,142,-648445.200389402,-0.07380694743940275,1,stop
000100,2024-08-28,2024-08-29,112700.0,135240.0,72,1584841.2345360015,0.1950878097556097,1,target
259960,2024-08-16,2024-08-30,334500.0,327000.0,28,-247764.65069999918,-0.02642323420507131,10,time
138040,2024-08-19,2024-09-02,89200.0,92500.0,107,312944.18346500024,0.032750582982005616,10,time
326030,2024-08-19,2024-09-02,108200.0,112400.0,88,329488.97959999926,0.0345646165783311,10,time
298380,2024-09-02,2024-09-03,33300.0,30968.999999999996,296,-728337.054013202,-0.07380694743940275,1,stop
000100,2024-09-04,2024-09-05,142200.0,132246.0,66,-693489.6639198009,-0.07380694743940264,1,stop
021240,2024-08-30,2024-09-06,69500.0,64634.99999999999,145,-744644.9823287502,-0.07380694743940264,5,stop
017670,2024-08-26,2024-09-09,56000.0,56500.0,159,42775.25722500123,0.004798530523689726,10,time
207940,2024-08-29,2024-09-12,1458498.0,1429063.0,6,-211952.64391110092,-0.024192599354049826,10,time
180640,2024-09-27,2024-09-30,91900.0,85467.0,98,-665484.6578863012,-0.07380694743940275,1,stop
347850,2024-09-27,2024-09-30,10635.0,9890.55,849,-667177.8893196993,-0.07380694743940275,1,stop
138040,2024-09-27,2024-10-16,99400.0,102800.0,90,268435.3995000012,0.029971720681394087,10,time
226950,2024-11-04,2024-11-05,21900.0,21243.0,402,-299415.1118822992,-0.03397068711421547,1,stop
000100,2024-11-04,2024-11-07,133900.0,129883.0,65,-296003.93310474977,-0.03397068711421558,3,stop
226950,2024-11-07,2024-11-08,19800.0,19206.0,439,-295619.622833699,-0.03397068711421547,1,stop
226950,2024-11-11,2024-11-12,22350.0,21679.5,386,-293405.5875553489,-0.03397068711421547,1,stop
180640,2024-11-12,2024-11-13,77200.0,74884.0,111,-291436.4225382013,-0.03397068711421569,1,stop
347850,2024-11-13,2024-11-14,9809.0,9514.73,869,-289899.89565892983,-0.03397068711421569,1,stop
440110,2024-11-13,2024-11-15,17720.0,17188.399999999998,481,-289876.05481822044,-0.03397068711421569,2,stop
226950,2024-11-14,2024-11-15,20200.0,22220.0,418,807267.2229819987,0.09549715894264188,1,target
226950,2024-11-18,2024-11-19,20150.0,19545.5,425,-291251.06935437396,-0.03397068711421547,1,stop
141080,2024-11-19,2024-11-20,113900.0,110483.0,74,-286654.65049309935,-0.03397068711421547,1,stop
310210,2024-11-19,2024-11-20,99000.0,96030.0,85,-286192.1177775003,-0.03397068711421558,1,stop
440110,2024-11-19,2024-11-21,17570.0,17042.899999999998,484,-289214.9051129818,-0.0339706871142158,2,stop
010130,2024-11-20,2024-11-21,990000.0,960300.0,8,-269357.2873200001,-0.03397068711421558,1,stop
087010,2024-11-25,2024-11-26,81500.0,79055.0,101,-279951.32709275,-0.03397068711421558,1,stop
010130,2024-11-25,2024-11-26,940000.0,911800.0,8,-255753.38391999993,-0.03397068711421558,1,stop
298040,2024-11-26,2024-11-29,391000.0,403500.0,20,217215.06350000016,0.02774495148420386,3,time
087010,2024-11-28,2024-12-03,81100.0,89210.0,101,783126.4567445004,0.0954971589426421,3,target
000150,2024-11-29,2024-12-03,192800.0,212080.00000000003,42,774187.2027120031,0.09549715894264255,2,target
298040,2024-12-03,2024-12-04,386000.0,424600.00000000006,22,811894.601540003,0.09549715894264255,1,target
272210,2024-12-05,2024-12-06,22650.0,21970.5,383,-295032.9544995744,-0.03397068711421547,1,stop
443060,2024-12-06,2024-12-09,126800.0,122996.0,68,-293245.74169040006,-0.03397068711421558,1,stop
042660,2024-12-06,2024-12-09,32600.0,31622.0,264,-292701.5855543995,-0.03397068711421558,1,stop
272210,2024-12-09,2024-12-10,20600.0,19982.0,413,-289348.2233662987,-0.03397068711421547,1,stop
083650,2024-12-09,2024-12-10,13250.0,12852.5,643,-289754.63998037484,-0.03397068711421558,1,stop
087010,2024-12-09,2024-12-10,82400.0,79928.0,103,-288647.6223411998,-0.03397068711421558,1,stop
083650,2024-12-12,2024-12-13,14150.0,13725.5,589,-283449.2307544751,-0.03397068711421558,1,stop
272210,2024-12-13,2024-12-17,21200.0,20564.0,391,-281913.6901581995,-0.03397068711421558,2,stop
083650,2024-12-16,2024-12-17,13250.0,14575.000000000002,625,791745.4273437504,0.0954971589426421,1,target
010130,2024-12-18,2024-12-19,1123000.0,1089310.0,7,-267350.7115684999,-0.03397068711421558,1,stop
010130,2024-12-24,2024-12-26,1128000.0,1240800.0,7,754912.8325200006,0.0954971589426421,1,target
