code,entry_date,exit_date,entry_price,exit_price,shares,pnl_krw,pnl_pct,hold_days,reason
145020,2020-10-23,2020-10-26,219900.0,213303.0,9,-67308.71304735029,-0.03397068711421569,1,stop
241560,2020-10-23,2020-10-26,32150.0,31185.5,62,-67791.65161804995,-0.03397068711421558,1,stop
047050,2020-10-23,2020-10-26,15150.0,14695.5,131,-67497.4672070248,-0.03397068711421547,1,stop
034020,2020-10-26,2020-10-27,13464.0,13060.08,145,-66396.57132437988,-0.03397068711421547,1,stop
086790,2020-10-26,2020-10-27,33050.0,32058.5,59,-66317.328587075,-0.03397068711421558,1,stop
055550,2020-10-26,2020-10-27,31550.0,30603.5,62,-66526.48860185035,-0.0339706871142158,1,stop
039490,2020-10-26,2020-10-27,109000.0,105730.0,17,-63020.082500499906,-0.03397068711421558,1,stop
011200,2020-10-26,2020-10-28,8190.0,9418.5,238,283532.7468928499,0.1452924843491259,2,target
028260,2020-10-27,2020-10-28,120000.0,116400.0,15,-61217.56530000013,-0.03397068711421569,1,stop
043260,2020-11-09,2020-11-10,1230.0,1193.1,1584,-66261.8926807202,-0.03397068711421569,1,stop
078600,2020-11-09,2020-11-10,45600.0,44232.0,42,-65135.48947919998,-0.03397068711421558,1,stop
353200,2020-11-09,2020-11-10,11750.0,11397.5,165,-65936.41929187486,-0.03397068711421547,1,stop
051910,2020-11-09,2020-11-10,739000.0,716830.0,2,-50266.42306299973,-0.03397068711421536,1,stop
011200,2020-11-10,2020-11-11,12950.0,12561.5,146,-64302.25039594993,-0.03397068711421558,1,stop
096770,2020-11-10,2020-11-11,159399.0,154617.03,11,-59632.33644655626,-0.03397068711421547,1,stop
006400,2020-11-10,2020-11-11,515949.0,500470.52999999997,3,-52641.90266494965,-0.03397068711421569,1,stop
003490,2020-11-11,2020-11-12,19307.0,18727.79,95,-62379.508699152386,-0.03397068711421547,1,stop
010950,2020-11-11,2020-11-12,66900.0,64893.0,27,-61431.826778549934,-0.03397068711421558,1,stop
247540,2020-11-10,2020-11-13,36914.0,35806.58,51,-64027.24748871871,-0.03397068711421547,3,stop
087010,2020-11-12,2020-11-13,17923.0,17385.31,99,-60346.133257954614,-0.03397068711421569,1,stop
178320,2020-11-09,2020-11-16,20976.0,21227.0,92,15115.250055000186,0.0078235816203569,5,time
034020,2020-11-12,2020-11-16,15732.0,15260.039999999999,112,-59924.65032086382,-0.03397068711421547,2,stop
011200,2020-11-13,2020-11-16,14400.0,13968.0,123,-60238.08425519988,-0.03397068711421547,1,stop
307950,2020-11-16,2020-11-17,81200.0,78764.0,22,-60755.03258440015,-0.03397068711421569,1,stop
003490,2020-11-16,2020-11-17,18764.0,21578.6,95,259293.3603986497,0.14529248434912567,1,target
010140,2020-11-11,2020-11-18,5568.0,5692.0,329,33168.3535217999,0.018085460537734965,5,time
000270,2020-11-16,2020-11-18,59700.0,57909.0,29,-58881.0948910499,-0.03397068711421558,2,stop
010950,2020-11-17,2020-11-18,68300.0,66251.0,28,-65040.26215540012,-0.03397068711421569,1,stop
047040,2020-11-13,2020-11-19,3600.0,3492.0,493,-60360.5193858,-0.03397068711421558,4,stop
131290,2020-11-18,2020-11-19,50000.0,57499.99999999999,35,254554.28687499976,0.14529248434912567,1,target
016360,2020-11-18,2020-11-19,38700.0,37539.0,46,-60544.17208169983,-0.03397068711421547,1,stop
307950,2020-11-19,2020-11-20,81800.0,79346.0,22,-61203.96139660035,-0.0339706871142158,1,stop
237690,2020-11-19,2020-11-20,79600.0,77212.0,23,-62265.06586179999,-0.03397068711421558,1,stop
032820,2020-11-20,2020-11-23,1765.0,1712.05,1012,-60747.55043753004,-0.03397068711421558,1,stop
319660,2020-11-17,2020-11-24,18400.0,18900.0,104,44004.38587999996,0.022969184981024515,5,time
001440,2020-11-23,2020-11-24,11091.0,10758.27,156,-58843.54811766604,-0.03397068711421558,1,stop
084370,2020-11-18,2020-11-25,31650.0,33000.0,56,68113.47773999977,0.03838593264705392,5,time
240810,2020-11-20,2020-11-25,38750.0,37587.5,46,-60622.39452624996,-0.03397068711421558,3,stop
131290,2020-11-24,2020-11-25,58200.0,56454.0,31,-61360.40628569992,-0.03397068711421558,1,stop
237690,2020-11-24,2020-11-25,77000.0,74690.0,23,-60231.28230349999,-0.03397068711421558,1,stop
000660,2020-11-19,2020-11-26,96200.0,99400.0,19,53130.068600000115,0.029034375343967467,5,time
226950,2020-11-25,2020-11-26,47644.0,54790.6,37,256420.24252759013,0.1452924843491259,1,target
032820,2020-11-25,2020-11-26,1645.0,1595.6499999999999,1074,-60086.060634705005,-0.03397068711421558,1,stop
100790,2020-11-25,2020-11-26,4222.0,4095.3399999999997,418,-60020.285761766136,-0.03397068711421569,1,stop
010140,2020-11-26,2020-11-27,6578.0,6380.66,278,-62193.10121281422,-0.03397068711421569,1,stop
043260,2020-11-26,2020-12-01,1750.0,1697.5,1046,-62254.86293424992,-0.03397068711421558,3,stop
082740,2020-11-25,2020-12-02,5294.0,5429.0,333,37597.745435849996,0.021302688446543927,5,time
336260,2020-11-27,2020-12-02,47700.0,46269.0,39,-63268.353737549856,-0.03397068711421547,3,stop
267270,2020-11-26,2020-12-03,33650.0,33300.0,54,-26291.12107500015,-0.014452103396191296,5,time
068270,2020-11-26,2020-12-03,286123.0,299793.0,6,74742.66526739998,0.04348759027313265,5,time
319400,2020-12-01,2020-12-03,3500.0,3395.0,515,-61302.589696249925,-0.03397068711421558,2,stop
066970,2020-12-02,2020-12-03,53186.0,51590.42,33,-59691.81951417308,-0.03397068711421558,1,stop
096770,2020-12-02,2020-12-03,180554.0,175137.38,9,-55265.38142588083,-0.03397068711421547,1,stop
036930,2020-12-03,2020-12-04,8660.0,8400.199999999999,203,-59788.47524783015,-0.03397068711421569,1,stop
226950,2020-12-03,2020-12-04,58500.0,56745.0,30,-59687.126167499926,-0.03397068711421558,1,stop
006260,2020-12-03,2020-12-07,67800.0,65766.0,25,-57646.54065750004,-0.03397068711421558,2,stop
307950,2020-12-04,2020-12-07,95000.0,92150.0,18,-58156.68703499995,-0.03397068711421558,1,stop
003670,2020-12-04,2020-12-07,93253.0,90455.41,19,-60258.728178609395,-0.03397068711421558,1,stop
047040,2020-12-07,2020-12-08,4100.0,3977.0,414,-57728.164077899884,-0.03397068711421547,1,stop
237690,2020-12-07,2020-12-09,111000.0,107670.0,15,-56626.24790249998,-0.03397068711421558,2,stop
068270,2020-12-08,2020-12-09,338225.0,328078.25,4,-46011.802274650196,-0.03397068711421569,1,stop
039490,2020-12-03,2020-12-10,135000.0,133000.0,13,-33115.69169999985,-0.01884766236113522,5,time
000660,2020-12-03,2020-12-10,110500.0,116500.0,15,82941.90899999999,0.0499828796118289,5,time
036930,2020-12-09,2020-12-10,8830.0,8565.1,183,-54956.02866256493,-0.03397068711421558,1,stop
082740,2020-12-07,2020-12-11,6369.0,7324.349999999999,267,247357.38261687756,0.1452924843491259,4,target
141080,2020-12-10,2020-12-15,68700.0,66639.0,24,-56075.28981479979,-0.03397068711421547,3,stop
003670,2020-12-10,2020-12-15,99354.0,96373.37999999999,17,-57443.09428215353,-0.033970687114215914,3,stop
263750,2020-12-09,2020-12-16,47900.0,54000.0,33,194228.53279500012,0.12273385050109464,5,time
307950,2020-12-15,2020-12-16,112000.0,128799.99999999999,14,228080.6410399999,0.1452924843491259,1,target
047040,2020-12-10,2020-12-17,4260.0,4330.0,396,20724.78058200027,0.012271169061383036,5,time
095340,2020-12-11,2020-12-17,23400.0,26909.999999999996,85,289319.1294824998,0.14529248434912567,4,target
034220,2020-12-16,2020-12-17,16729.0,16227.13,108,-61446.51899422216,-0.03397068711421569,1,stop
066970,2020-12-17,2020-12-18,70017.0,67916.49,27,-64294.054044151446,-0.03397068711421558,1,stop
001440,2020-12-17,2020-12-18,13398.0,12996.06,142,-64704.10970238596,-0.03397068711421558,1,stop
272210,2020-12-16,2020-12-21,13501.0,13095.97,133,-61069.044684630586,-0.03397068711421558,3,stop
319660,2020-12-18,2020-12-21,21100.0,20467.0,87,-62431.71367844986,-0.03397068711421547,1,stop
357780,2020-12-18,2020-12-21,280000.0,271600.0,6,-57136.39427999966,-0.03397068711421536,1,stop
336260,2020-12-15,2020-12-22,53700.0,54600.0,30,20318.202450000215,0.012597678656987688,5,time
066970,2020-12-21,2020-12-22,66651.0,64651.47,26,-58936.394758370705,-0.03397068711421547,1,stop
015760,2020-12-21,2020-12-22,28600.0,27742.0,62,-60306.10377219971,-0.03397068711421547,1,stop
000250,2020-12-22,2020-12-23,91100.0,88367.0,18,-55769.201988300076,-0.03397068711421558,1,stop
000100,2020-12-22,2020-12-23,66821.0,64816.369999999995,25,-56814.15181821282,-0.0339706871142158,1,stop
042700,2020-12-17,2020-12-24,7925.0,8450.0,241,118324.74333874974,0.061881387217129324,5,time
000990,2020-12-23,2020-12-24,39450.0,45367.5,42,241011.99881324987,0.14529248434912567,1,target
066570,2020-12-24,2020-12-28,125000.0,121250.0,14,-59517.07737499988,-0.03397068711421547,1,stop
319400,2020-12-24,2020-12-28,4455.0,5123.25,409,265041.19619628764,0.1452924843491259,1,target
011070,2020-12-24,2020-12-28,184500.0,178965.0,9,-56473.20398924989,-0.03397068711421547,1,stop
000990,2020-12-28,2020-12-29,43300.0,49794.99999999999,42,264532.8149204999,0.1452924843491259,1,target
218410,2020-12-22,2020-12-30,41466.0,43564.0,41,78797.04022590001,0.04629506391166616,5,time
003550,2020-12-29,2021-01-04,82185.0,94512.74999999999,23,274955.7220210873,0.14529248434912567,2,target
000250,2020-12-29,2021-01-05,79800.0,77406.0,24,-65135.48947919975,-0.03397068711421547,3,stop
064760,2020-12-29,2021-01-06,122300.0,118631.0,15,-62390.90196824982,-0.03397068711421547,4,stop
066570,2020-12-30,2021-01-06,128000.0,147200.0,15,279282.41760000004,0.1452924843491259,3,target
319400,2021-01-04,2021-01-07,5920.0,6807.999999999999,367,316031.3290491998,0.14529248434912567,3,target
067310,2021-01-05,2021-01-07,7770.0,7536.9,238,-62892.8860037101,-0.03397068711421569,2,stop
272210,2020-12-30,2021-01-08,15423.0,15871.0,124,47550.61913999985,0.024835128737992873,5,time
096770,2021-01-06,2021-01-08,251891.0,289674.64999999997,7,256479.7355009222,0.14529248434912567,2,target
047040,2021-01-07,2021-01-08,6080.0,5897.599999999999,371,-76715.13205328025,-0.03397068711421569,1,stop
064350,2021-01-06,2021-01-11,21850.0,21194.5,90,-66880.19009025022,-0.03397068711421569,3,stop
003670,2021-01-07,2021-01-11,126494.0,122699.18,17,-73134.51665888261,-0.03397068711421536,2,stop
034730,2021-01-08,2021-01-11,304000.0,294880.0,6,-62033.799503999995,-0.03397068711421558,1,stop
003550,2021-01-08,2021-01-11,101551.0,98504.47,20,-69074.49970867019,-0.03397068711421569,1,stop
012330,2021-01-08,2021-01-11,358500.0,347745.0,5,-60962.49211124983,-0.03397068711421547,1,stop
096770,2021-01-11,2021-01-12,285345.0,276784.64999999997,7,-67931.60177427786,-0.0339706871142158,1,stop
018260,2021-01-11,2021-01-12,223000.0,216310.0,9,-68257.58530949987,-0.03397068711421547,1,stop
267260,2021-01-11,2021-01-12,20400.0,19788.0,98,-67992.30919319973,-0.03397068711421547,1,stop
051910,2021-01-11,2021-01-12,1012000.0,981640.0,1,-34417.87560199993,-0.03397068711421547,1,stop
039490,2021-01-12,2021-01-13,162500.0,157625.0,12,-66319.02907499997,-0.03397068711421558,1,stop
086520,2021-01-12,2021-01-13,8060.0,7818.2,248,-67981.42607047991,-0.03397068711421558,1,stop
005380,2021-01-11,2021-01-14,256500.0,248805.0,7,-61064.52138675004,-0.03397068711421558,3,stop
267270,2021-01-12,2021-01-14,37500.0,36375.0,53,-67594.39501874987,-0.03397068711421547,2,stop
353200,2021-01-13,2021-01-14,16000.0,15520.0,121,-65842.8924560002,-0.03397068711421569,1,stop
000990,2021-01-13,2021-01-14,61300.0,59461.0,31,-64628.74407755025,-0.03397068711421569,1,stop
086790,2021-01-14,2021-01-15,39900.0,38703.0,46,-62421.51075090002,-0.03397068711421558,1,stop
012330,2021-01-14,2021-01-18,328500.0,318645.0,5,-55861.02833624999,-0.03397068711421558,2,stop
000270,2021-01-14,2021-01-18,71200.0,69064.0,26,-62958.86493519973,-0.03397068711421547,2,stop
009150,2021-01-14,2021-01-18,205000.0,198850.0,9,-62748.00443250011,-0.03397068711421569,2,stop
100790,2021-01-15,2021-01-18,5948.0,5769.5599999999995,339,-68576.32476616208,-0.03397068711421558,1,stop
080220,2021-01-12,2021-01-19,4275.0,4455.0,469,75954.33707399992,0.03783941373513455,5,time
003490,2021-01-18,2021-01-19,24502.0,23766.94,72,-59998.11139922426,-0.03397068711421569,1,stop
064760,2021-01-18,2021-01-19,133100.0,129107.0,13,-58847.08513254998,-0.03397068711421558,1,stop
083650,2021-01-19,2021-01-20,3245.0,3147.65,562,-62023.2564788647,-0.03397068711421547,1,stop
012450,2021-01-19,2021-01-20,40490.0,39275.299999999996,45,-61967.48047492537,-0.0339706871142158,1,stop
145020,2021-01-19,2021-01-20,226100.0,219317.0,8,-61516.85117479996,-0.03397068711421558,1,stop
000270,2021-01-20,2021-01-21,96000.0,93120.0,18,-58768.86268799985,-0.03397068711421547,1,stop
036930,2021-01-18,2021-01-25,9350.0,10600.0,190,229519.385825,0.12904908943043325,5,time
352820,2021-01-20,2021-01-25,172260.0,198098.99999999997,10,250568.69404049963,0.14529248434912567,3,target
042700,2021-01-19,2021-01-26,10050.0,10525.0,181,78266.71069125016,0.042976716225355815,5,time
080220,2021-01-25,2021-01-26,5860.0,6738.999999999999,345,294075.65815725015,0.1452924843491259,1,target
079550,2021-01-25,2021-01-26,41200.0,39964.0,49,-68658.90045979992,-0.03397068711421558,1,stop
100790,2021-01-20,2021-01-27,5671.0,5748.0,310,16594.95346450014,0.009428779532599352,5,time
108490,2021-01-26,2021-01-27,19622.0,19033.34,104,-69403.30605384824,-0.03397068711421569,1,stop
000270,2021-01-26,2021-01-27,91700.0,88949.0,22,-68611.28679789975,-0.03397068711421547,1,stop
003490,2021-01-26,2021-01-27,30550.0,29633.5,67,-69612.87418572512,-0.03397068711421569,1,stop
066570,2021-01-21,2021-01-28,168500.0,163445.0,10,-57306.44307250017,-0.03397068711421569,5,stop
011070,2021-01-27,2021-01-28,225500.0,218735.0,8,-61353.60433400003,-0.03397068711421558,1,stop
214150,2021-01-27,2021-01-28,17400.0,16878.0,111,-65686.44756689994,-0.03397068711421558,1,stop
000880,2021-01-27,2021-01-28,35950.0,34871.5,53,-64800.493357975036,-0.03397068711421558,1,stop
352820,2021-01-27,2021-01-29,205920.0,199742.4,9,-63029.605232879985,-0.03397068711421558,2,stop
035420,2021-01-29,2021-02-01,362000.0,351140.0,5,-61557.66288500023,-0.03397068711421569,1,stop
226950,2021-01-28,2021-02-03,47000.0,54049.99999999999,38,259790.83220499963,0.14529248434912567,4,target
068270,2021-02-02,2021-02-03,321809.0,312154.73,5,-54723.23186563258,-0.03397068711421558,1,stop
263750,2021-01-28,2021-02-04,61960.0,70000.0,29,225108.8229739999,0.12513646819040058,5,time
047050,2021-02-02,2021-02-04,18600.0,21390.0,97,262438.19678850006,0.1452924843491259,2,target
096770,2021-02-02,2021-02-04,318799.0,309235.02999999997,5,-54211.385000207694,-0.03397068711421569,2,stop
298040,2021-02-05,2021-02-08,86300.0,83711.0,22,-64570.92748810002,-0.03397068711421558,1,stop
272210,2021-02-05,2021-02-08,17479.0,16954.63,112,-66579.13570800773,-0.03397068711421547,1,stop
079550,2021-02-05,2021-02-09,43600.0,42292.0,45,-66727.14617700013,-0.03397068711421569,2,stop
263750,2021-02-08,2021-02-09,78600.0,76242.0,24,-64156.00843439996,-0.03397068711421558,1,stop
352820,2021-02-03,2021-02-10,229185.0,229185.0,8,-7513.967735999962,-0.004093491870325372,5,time
047810,2021-02-05,2021-02-10,38800.0,37636.0,50,-65978.93148999987,-0.03397068711421547,3,stop
032820,2021-02-09,2021-02-10,1325.0,1285.25,1415,-63764.04596768739,-0.03397068711421558,1,stop
298040,2021-02-10,2021-02-15,88300.0,85651.0,20,-60061.23351099994,-0.03397068711421558,1,stop
047050,2021-02-08,2021-02-16,21800.0,21146.0,87,-64502.90797110018,-0.03397068711421569,4,stop
047810,2021-02-15,2021-02-16,40150.0,38945.5,45,-61447.13116987492,-0.03397068711421558,1,stop
353200,2021-02-10,2021-02-17,16300.0,15811.0,112,-62088.21511760005,-0.03397068711421558,3,stop
080220,2021-02-16,2021-02-17,6970.0,6760.9,257,-60921.34030346526,-0.03397068711421569,1,stop
064760,2021-02-16,2021-02-17,185600.0,180032.0,9,-56809.90059840027,-0.03397068711421569,1,stop
010950,2021-02-09,2021-02-18,81000.0,85300.0,23,90973.49125499977,0.04877561905507699,5,time
357780,2021-02-17,2021-02-18,312600.0,303222.0,5,-53157.252535499865,-0.03397068711421547,1,stop
319400,2021-02-17,2021-02-18,5920.0,5742.4,295,-59394.642244400224,-0.03397068711421569,1,stop
035720,2021-02-17,2021-02-19,103367.0,100265.98999999999,16,-56247.78730991203,-0.03397068711421558,2,stop
222800,2021-02-18,2021-02-19,25400.0,24638.0,71,-61333.19847890013,-0.03397068711421569,1,stop
108490,2021-02-18,2021-02-19,18307.0,17757.79,98,-61016.43158823089,-0.03397068711421547,1,stop
138040,2021-02-15,2021-02-22,11000.0,11800.0,165,124172.62440000032,0.06833607235728745,5,time
003670,2021-02-18,2021-02-22,154605.0,177795.75,11,247376.5832830877,0.1452924843491259,2,target
272210,2021-02-19,2021-02-22,19581.0,18993.57,88,-58603.16714458796,-0.03397068711421558,1,stop
178320,2021-02-19,2021-02-22,23404.0,22701.88,74,-58901.364707115805,-0.03397068711421547,1,stop
043260,2021-02-19,2021-02-23,1870.0,1813.8999999999999,927,-58955.57626216533,-0.0339706871142158,2,stop
042700,2021-02-22,2021-02-23,12175.0,11809.75,148,-61282.183841150254,-0.03397068711421569,1,stop
087010,2021-02-22,2021-02-23,15020.0,14569.4,120,-61299.18872039998,-0.03397068711421558,1,stop
067310,2021-02-22,2021-02-23,8388.0,8136.36,215,-61333.87867407012,-0.03397068711421569,1,stop
267270,2021-02-23,2021-02-24,38750.0,37587.5,44,-57986.638242500136,-0.03397068711421569,1,stop
003670,2021-02-24,2021-02-25,167205.0,162188.85,10,-56866.01669992483,-0.03397068711421547,1,stop
138040,2021-02-24,2021-02-26,12250.0,11882.5,140,-58326.7358275,-0.03397068711421558,2,stop
011200,2021-02-22,2021-03-02,16600.0,19090.0,109,263194.58666949975,0.14529248434912567,5,target
000660,2021-02-26,2021-03-05,143500.0,139195.0,11,-53684.40379224997,-0.03397068711421558,4,stop
141080,2021-03-04,2021-03-05,57400.0,55678.0,31,-60516.964274900034,-0.03397068711421558,1,stop
086520,2021-03-05,2021-03-08,8968.0,8698.96,190,-57949.90770332003,-0.03397068711421558,1,stop
100790,2021-03-05,2021-03-08,6339.0,6148.83,269,-57993.134106373414,-0.03397068711421558,1,stop
011200,2021-03-04,2021-03-09,20150.0,23172.5,89,260859.9602098749,0.1452924843491259,3,target
098460,2021-03-04,2021-03-10,22439.0,21765.829999999998,80,-61051.59767852025,-0.03397068711421569,4,stop
083650,2021-03-09,2021-03-10,3590.0,3482.2999999999997,516,-63001.03703574021,-0.03397068711421569,1,stop
105560,2021-03-09,2021-03-10,51900.0,50343.0,35,-61778.72631524992,-0.03397068711421558,1,stop
005490,2021-03-05,2021-03-12,299500.0,301000.0,5,1340.835125000216,0.0008943537463510509,5,time
083650,2021-03-12,2021-03-15,3800.0,3686.0,456,-58932.10952880024,-0.03397068711421569,1,stop
319400,2021-03-12,2021-03-15,6200.0,6014.0,279,-58830.080253300024,-0.03397068711421558,1,stop
100790,2021-03-15,2021-03-16,8064.0,7822.08,213,-58416.24951187172,-0.03397068711421547,1,stop
047040,2021-03-16,2021-03-17,6400.0,6208.0,273,-59421.850051199785,-0.03397068711421547,1,stop
105560,2021-03-12,2021-03-18,51100.0,49567.0,33,-57350.65575855016,-0.03397068711421569,4,stop
267270,2021-03-12,2021-03-19,46100.0,49650.0,37,123972.47389250016,0.07259779020907486,5,time
196170,2021-03-15,2021-03-22,83412.0,86359.0,20,51929.4607650002,0.031092530278264308,5,time
131290,2021-03-15,2021-03-22,54300.0,56400.0,31,58009.58188499976,0.034422229438556995,5,time
237690,2021-03-17,2021-03-22,85000.0,82450.0,19,-54925.759977499954,-0.03397068711421558,3,stop
087010,2021-03-22,2021-03-23,16571.0,16073.869999999999,101,-56921.14651845372,-0.03397068711421569,1,stop
226950,2021-03-22,2021-03-23,44950.0,43601.5,37,-56563.32984927506,-0.03397068711421558,1,stop
078600,2021-03-22,2021-03-23,43150.0,41855.5,38,-55765.8010124499,-0.03397068711421547,1,stop
042700,2021-03-23,2021-03-24,13225.0,12828.25,122,-54873.04485182511,-0.03397068711421569,1,stop
100790,2021-03-18,2021-03-25,7911.0,8674.0,215,156590.9021947498,0.09195968291199552,5,time
039030,2021-03-19,2021-03-26,114100.0,116400.0,16,29209.837839999935,0.015981748871990664,5,time
011200,2021-03-23,2021-03-26,27350.0,31452.499999999996,59,234720.87143762456,0.14529248434912567,3,target
214450,2021-03-25,2021-03-26,70300.0,68191.0,28,-66944.80863140011,-0.03397068711421569,1,stop
000500,2021-03-24,2021-03-31,22863.0,24803.0,69,127000.27091160021,0.08041241836768243,5,time
090430,2021-03-24,2021-03-31,249500.0,258500.0,6,47705.79989999998,0.03183099138886125,5,time
031980,2021-04-07,2021-04-08,11000.0,10670.0,161,-60231.28230349999,-0.03397068711421558,1,stop
034220,2021-04-07,2021-04-08,24031.0,23310.07,73,-59662.06097548548,-0.03397068711421558,1,stop
277810,2021-04-07,2021-04-08,26450.0,25656.5,66,-59370.83541344991,-0.03397068711421558,1,stop
100790,2021-04-08,2021-04-09,11152.0,10817.44,153,-58029.35449917591,-0.03397068711421558,1,stop
131290,2021-04-08,2021-04-09,63500.0,61595.0,27,-58309.73094824981,-0.03397068711421547,1,stop
042700,2021-04-07,2021-04-14,15475.0,15875.0,114,38235.72938999976,0.021648841134641827,5,time
319660,2021-04-07,2021-04-14,21850.0,22225.0,81,23032.253711250145,0.012998725088422036,5,time
066970,2021-04-08,2021-04-15,85309.0,94446.0,20,175209.00646700035,0.10257283600575873,5,time
237690,2021-04-14,2021-04-15,104800.0,120519.99999999999,16,243906.64470399963,0.14529248434912567,1,target
098460,2021-04-14,2021-04-15,27850.0,27014.5,62,-58724.65000194986,-0.03397068711421547,1,stop
319400,2021-04-15,2021-04-16,5350.0,5189.5,348,-63319.3683753002,-0.03397068711421569,1,stop
080220,2021-04-15,2021-04-16,7620.0,7391.4,244,-63233.66378388018,-0.03397068711421569,1,stop
096770,2021-04-14,2021-04-19,276489.0,268194.33,6,-56419.94470743905,-0.03397068711421558,3,stop
036930,2021-04-15,2021-04-20,12800.0,14719.999999999998,145,269973.00367999985,0.14529248434912567,3,target
298380,2021-04-14,2021-04-21,25000.0,24900.0,69,-13949.053455000045,-0.008077117902844044,5,time
031980,2021-04-20,2021-04-21,14900.0,14453.0,148,-74998.31944419956,-0.03397068711421536,1,stop
353200,2021-04-21,2021-04-22,16450.0,15956.5,116,-64897.42116969987,-0.03397068711421547,1,stop
003550,2021-04-16,2021-04-23,102968.0,108164.0,17,80897.87406819989,0.04616222074176557,5,time
095340,2021-04-16,2021-04-23,24050.0,24500.0,75,26258.375062499894,0.014540933437714232,5,time
237690,2021-04-19,2021-04-23,131800.0,127846.0,12,-53789.83404360013,-0.03397068711421569,4,stop
226950,2021-04-21,2021-04-26,47050.0,45638.5,40,-64006.36549700005,-0.03397068711421558,3,stop
267270,2021-04-23,2021-04-26,56500.0,54805.0,30,-57646.540657499805,-0.03397068711421547,1,stop
067310,2021-04-23,2021-04-26,9449.0,10866.349999999999,183,251523.92718444718,0.14529248434912567,1,target
007660,2021-04-22,2021-04-27,3463.0,3359.11,548,-64541.1349396538,-0.03397068711421547,3,stop
042700,2021-04-26,2021-04-28,18025.0,17484.25,103,-63141.667387137655,-0.03397068711421569,2,stop
064760,2021-04-23,2021-04-29,229000.0,222130.0,7,-54517.64287550002,-0.03397068711421558,4,stop
086520,2021-04-26,2021-04-29,9186.0,8910.42,203,-63419.96924094297,-0.03397068711421558,3,stop
028050,2021-04-27,2021-04-29,16650.0,16150.5,110,-62288.872692749836,-0.03397068711421547,2,stop
067310,2021-04-28,2021-04-29,11196.0,10860.119999999999,161,-61304.49424272613,-0.03397068711421569,1,stop
058610,2021-04-26,2021-04-30,10900.0,10573.0,171,-63390.788868149975,-0.03397068711421558,4,stop
011200,2021-04-29,2021-05-03,39600.0,38412.0,43,-57911.816773799714,-0.03397068711421547,2,stop
042660,2021-04-30,2021-05-04,31183.0,30247.51,56,-59389.472761108074,-0.03397068711421558,2,stop
267250,2021-04-29,2021-05-07,68000.0,78200.0,25,247281.30725000007,0.1452924843491259,5,target
000150,2021-04-29,2021-05-07,61100.0,65300.0,28,110242.10875999974,0.06436489330389117,5,time
082740,2021-05-03,2021-05-07,8236.0,9471.4,204,244393.0615813199,0.1452924843491259,3,target
010950,2021-04-30,2021-05-10,88400.0,96500.0,20,154276.7982999999,0.08716038500581003,5,time
082740,2021-05-10,2021-05-11,8668.0,8407.96,221,-65150.04565583845,-0.0339706871142158,1,stop
267270,2021-05-10,2021-05-12,66900.0,64893.0,28,-63707.079622200225,-0.03397068711421569,2,stop
000250,2021-05-11,2021-05-12,58900.0,57133.0,32,-64101.59282080014,-0.03397068711421569,1,stop
042660,2021-05-06,2021-05-13,31627.0,33404.0,53,87033.81981874979,0.051862680543954376,5,time
267260,2021-05-07,2021-05-13,23400.0,22698.0,81,-64462.09626089991,-0.03397068711421558,4,stop
000880,2021-05-12,2021-05-13,34100.0,33077.0,53,-61465.83653704985,-0.03397068711421547,1,stop
138040,2021-05-07,2021-05-14,19200.0,19600.0,99,31693.398659999948,0.016654560382376227,5,time
011200,2021-05-13,2021-05-14,47800.0,46366.0,37,-60149.658883100376,-0.0339706871142158,1,stop
180640,2021-05-12,2021-05-17,58400.0,67160.0,31,263340.04626199976,0.14529248434912567,3,target
145020,2021-05-13,2021-05-18,206300.0,200111.0,8,-56129.70542840008,-0.03397068711421558,3,stop
207940,2021-05-13,2021-05-21,1227614.0,1252341.0,1,19623.095872849924,0.015966380554168325,5,time
319400,2021-05-18,2021-05-21,5870.0,5693.9,333,-66479.21503753518,-0.03397068711421569,2,stop
021240,2021-05-14,2021-05-24,76600.0,80800.0,28,108463.48996000038,0.050512348001014784,5,time
180640,2021-05-20,2021-05-24,65700.0,63729.0,30,-67033.23400349985,-0.03397068711421547,2,stop
083650,2021-05-21,2021-05-24,5090.0,5853.5,313,231741.85898322472,0.14529248434912567,1,target
000150,2021-05-21,2021-05-24,78700.0,76339.0,20,-53531.35987900011,-0.03397068711421569,1,stop
031980,2021-05-24,2021-05-25,12400.0,12028.0,151,-63679.8718154002,-0.03397068711421569,1,stop
034020,2021-05-24,2021-05-25,14333.0,13903.01,131,-63857.50478404551,-0.03397068711421558,1,stop
032820,2021-05-24,2021-05-25,1455.0,1411.35,1292,-63933.584613810526,-0.033970687114215914,1,stop
214450,2021-05-18,2021-05-26,76000.0,83000.0,25,166697.51124999998,0.08763473914161835,5,time
138040,2021-05-26,2021-05-27,19850.0,19254.5,94,-63458.80838515004,-0.03397068711421558,1,stop
012450,2021-05-26,2021-05-27,50116.0,48612.52,37,-63064.02310848236,-0.0339706871142158,1,stop
083650,2021-05-26,2021-05-28,5550.0,5383.5,338,-63798.905970149906,-0.03397068711421558,2,stop
079550,2021-05-26,2021-05-28,46600.0,45202.0,40,-63394.18984399969,-0.03397068711421547,2,stop
001440,2021-05-26,2021-05-28,12263.0,14102.449999999999,153,272916.960372607,0.14529248434912567,2,target
032820,2021-05-27,2021-05-28,1505.0,1459.85,1215,-62189.39414913743,-0.03397068711421558,1,stop
034020,2021-05-27,2021-05-31,15780.0,18147.0,115,263965.5225097502,0.1452924843491259,2,target
035720,2021-05-28,2021-05-31,125000.0,121250.0,15,-63768.297187499935,-0.03397068711421558,1,stop
000150,2021-05-28,2021-06-01,86000.0,83420.0,21,-61421.6238510001,-0.03397068711421569,2,stop
001440,2021-05-31,2021-06-01,15025.0,17278.75,128,279747.8882960002,0.1452924843491259,1,target
034020,2021-06-02,2021-06-03,18628.0,21422.199999999997,104,281800.6140653598,0.14529248434912567,1,target
000500,2021-06-02,2021-06-03,25669.0,29519.35,76,283768.97327107005,0.1452924843491259,1,target
087010,2021-06-02,2021-06-03,12985.0,12595.449999999999,150,-66242.50711837527,-0.03397068711421569,1,stop
001440,2021-06-03,2021-06-04,18712.0,21518.8,109,296680.54853974027,0.1452924843491259,1,target
336260,2021-06-03,2021-06-04,46800.0,45396.0,43,-68441.2380053997,-0.03397068711421547,1,stop
178320,2021-06-04,2021-06-08,22128.0,21464.16,95,-71493.95392835978,-0.03397068711421547,2,stop
001440,2021-06-07,2021-06-08,29814.0,28919.579999999998,71,-71991.65273424913,-0.03397068711421569,1,stop
000500,2021-06-07,2021-06-08,37017.0,35906.49,57,-71759.5361324863,-0.03397068711421547,1,stop
034020,2021-06-07,2021-06-08,25046.0,28802.899999999998,84,306027.2001154199,0.1452924843491259,1,target
032820,2021-06-08,2021-06-09,2620.0,2541.4,815,-72621.03732505022,-0.03397068711421569,1,stop
083650,2021-06-08,2021-06-09,7670.0,7439.9,278,-72517.64765921026,-0.03397068711421569,1,stop
000150,2021-06-08,2021-06-09,102500.0,99425.0,20,-69720.00492499978,-0.03397068711421547,1,stop
047040,2021-06-03,2021-06-10,8870.0,8880.0,231,-6093.8988494998775,-0.0029707111396266583,5,time
161390,2021-06-09,2021-06-10,54600.0,52962.0,37,-68706.51412169985,-0.03397068711421547,1,stop
001440,2021-06-10,2021-06-11,28269.0,27420.93,72,-69222.37413862813,-0.03397068711421569,1,stop
145020,2021-06-10,2021-06-11,242500.0,235225.0,8,-65978.9314900001,-0.03397068711421569,1,stop
034020,2021-06-10,2021-06-11,24612.0,23873.64,82,-68637.95044856425,-0.03397068711421569,1,stop
010140,2021-06-08,2021-06-14,6710.0,6508.7,318,-72569.34249213035,-0.03397068711421569,4,stop
032820,2021-06-11,2021-06-14,2170.0,2104.9,908,-67011.46775805973,-0.03397068711421547,1,stop
180640,2021-06-11,2021-06-14,78700.0,76339.0,25,-66914.19984875014,-0.03397068711421569,1,stop
007660,2021-06-14,2021-06-15,3597.0,3489.0899999999997,544,-66549.20712052821,-0.03397068711421569,1,stop
028050,2021-06-09,2021-06-16,21350.0,22150.0,96,68173.9190399996,0.033223848012753576,5,time
064350,2021-06-11,2021-06-16,24650.0,23910.5,80,-67067.243762,-0.03397068711421558,3,stop
145020,2021-06-16,2021-06-17,249000.0,241530.0,8,-67747.43893199996,-0.03397068711421558,1,stop
307950,2021-06-14,2021-06-21,124000.0,132500.0,15,119501.471625,0.06417429296114419,5,time
214450,2021-06-14,2021-06-21,92700.0,90400.0,21,-56135.575124999974,-0.02880314633308967,5,time
007660,2021-06-17,2021-06-21,3713.0,3601.61,545,-68821.6371542227,-0.03397068711421569,2,stop
035720,2021-06-15,2021-06-22,143500.0,159000.0,13,193260.7758249999,0.10347829123775787,5,time
214150,2021-06-16,2021-06-23,17950.0,18700.0,115,77536.02133750007,0.03751820066991174,5,time
095340,2021-06-22,2021-06-23,24900.0,24153.0,92,-77909.5547717996,-0.03397068711421536,1,stop
028050,2021-06-21,2021-06-24,23750.0,27312.499999999996,81,279827.89107187465,0.14529248434912567,3,target
001440,2021-06-23,2021-06-24,32547.0,31570.59,66,-73056.4302533674,-0.0339706871142158,1,stop
035720,2021-06-24,2021-06-25,172000.0,166840.0,12,-70196.14154400001,-0.03397068711421558,1,stop
078600,2021-06-24,2021-06-25,50900.0,49373.0,42,-72706.06172130001,-0.03397068711421558,1,stop
064760,2021-06-21,2021-06-28,198600.0,192642.0,9,-60789.042342900066,-0.03397068711421558,5,stop
352820,2021-06-21,2021-06-28,313000.0,312000.0,6,-13678.731299999868,-0.007275301800451994,5,time
307950,2021-06-25,2021-06-28,143000.0,138710.0,14,-68087.53651700006,-0.03397068711421558,1,stop
043260,2021-06-23,2021-06-30,1800.0,1895.0,1210,105685.24205250014,0.04846824050318532,5,time
039490,2021-06-29,2021-06-30,135000.0,130950.0,13,-59687.12616749969,-0.03397068711421536,1,stop
005830,2021-06-29,2021-07-01,55600.0,53932.0,33,-62401.10489580012,-0.03397068711421569,2,stop
263750,2021-06-30,2021-07-01,74500.0,85675.0,27,292591.97031375,0.1452924843491259,1,target
031980,2021-06-30,2021-07-01,13300.0,12901.0,155,-70111.11714775022,-0.03397068711421569,1,stop
010170,2021-06-25,2021-07-02,3112.0,3304.0,669,119537.17154399958,0.05735061145901166,5,time
277810,2021-06-29,2021-07-06,23450.0,23650.0,79,8161.300399999833,0.004400380267240989,5,time
237690,2021-07-02,2021-07-06,116400.0,112908.0,18,-71257.24600920011,-0.03397068711421569,2,stop
263750,2021-07-05,2021-07-06,83800.0,81286.0,25,-71250.44405749999,-0.03397068711421558,1,stop
032820,2021-07-06,2021-07-07,3070.0,2977.9,647,-67553.24321096484,-0.03397068711421547,1,stop
138040,2021-07-01,2021-07-08,21300.0,22550.0,96,111266.23464000016,0.054351725742918466,5,time
141080,2021-07-02,2021-07-08,60400.0,58588.0,34,-69842.44005560037,-0.0339706871142158,4,stop
196170,2021-07-06,2021-07-08,80159.0,77754.23,24,-65428.517558436375,-0.0339706871142158,2,stop
012450,2021-07-07,2021-07-08,55005.0,53354.85,36,-67345.44358653016,-0.03397068711421569,1,stop
226950,2021-07-06,2021-07-09,49950.0,48451.5,39,-66252.71004592511,-0.03397068711421569,3,stop
032820,2021-07-12,2021-07-13,2915.0,2827.5499999999997,675,-66918.45106856246,-0.03397068711421558,1,stop
131970,2021-07-08,2021-07-15,51400.0,52700.0,38,41249.762090000324,0.02109480502789607,5,time
086520,2021-07-15,2021-07-16,10052.0,11559.8,200,292431.96476199967,0.14529248434912567,1,target
298040,2021-07-16,2021-07-19,82100.0,79637.0,28,-78181.63283979986,-0.03397068711421547,1,stop
003670,2021-07-13,2021-07-20,157997.0,153257.09,12,-64481.277764693834,-0.03397068711421547,5,stop
078600,2021-07-15,2021-07-20,58200.0,56454.0,34,-67298.51011979999,-0.03397068711421558,3,stop
066970,2021-07-14,2021-07-21,110500.0,113500.0,17,43151.18075000006,0.02294469387075182,5,time
247540,2021-07-15,2021-07-22,64241.0,65699.0,31,36903.3075839004,0.018509389293621004,5,time
010130,2021-07-20,2021-07-23,475500.0,546825.0,3,207498.10870125028,0.14529248434912612,3,target
336260,2021-07-22,2021-07-23,53500.0,51895.0,38,-69141.8390304998,-0.03397068711421547,1,stop
086520,2021-07-19,2021-07-26,11249.0,12936.349999999999,202,330527.5411185641,0.14529248434912545,5,target
043260,2021-07-23,2021-07-26,2040.0,1978.8,890,-61748.117532600416,-0.0339706871142158,1,stop
047050,2021-07-26,2021-07-27,27200.0,26384.0,75,-69379.90733999992,-0.03397068711421558,1,stop
357780,2021-07-21,2021-07-28,350000.0,342000.0,6,-56464.71360000037,-0.02685706919900377,5,time
042700,2021-07-21,2021-07-28,18950.0,19125.0,111,10747.37533874996,0.005103533930344462,5,time
021240,2021-07-26,2021-08-02,86800.0,84196.0,23,-67897.08186939964,-0.03397068711421536,5,stop
131290,2021-07-26,2021-08-02,73300.0,77400.0,28,106050.4181800005,0.05161205633338106,5,time
010130,2021-07-27,2021-08-03,539000.0,522830.0,3,-54993.77949449979,-0.03397068711421547,5,stop
005490,2021-07-28,2021-08-03,363000.0,352110.0,6,-74073.25401300006,-0.03397068711421558,4,stop
138040,2021-08-02,2021-08-03,25350.0,24589.5,83,-71558.23237192491,-0.03397068711421558,1,stop
086520,2021-07-28,2021-08-04,13004.0,13026.0,176,-5518.981582400389,-0.0024086300448216136,5,time
000250,2021-08-03,2021-08-04,62000.0,60140.0,31,-65366.755836999975,-0.03397068711421558,1,stop
214370,2021-08-06,2021-08-09,15120.0,14666.4,132,-67878.03640464018,-0.03397068711421569,1,stop
196170,2021-08-09,2021-08-10,75488.0,73223.36,26,-66750.54489084799,-0.03397068711421558,1,stop
095340,2021-08-09,2021-08-11,29100.0,28227.0,68,-67298.51011979999,-0.03397068711421558,2,stop
319660,2021-08-09,2021-08-11,23375.0,22673.75,85,-67573.1389196876,-0.03397068711421558,2,stop
086520,2021-08-10,2021-08-12,18258.0,20996.699999999997,107,284170.73266555485,0.1452924843491259,2,target
222800,2021-08-06,2021-08-13,29800.0,30950.0,67,68640.38662749995,0.03433914183266551,5,time
267260,2021-08-12,2021-08-13,24300.0,23571.0,84,-69420.71905019996,-0.03397068711421558,1,stop
066970,2021-08-10,2021-08-18,116100.0,122100.0,16,88104.17087999964,0.04737454472552338,5,time
196170,2023-02-03,2023-02-06,41700.0,40449.0,48,-68073.93261360028,-0.03397068711421569,1,stop
010140,2023-02-03,2023-02-07,5830.0,5655.099999999999,347,-68802.08154308493,-0.03397068711421558,2,stop
086520,2023-02-06,2023-02-07,27174.0,31250.1,73,288548.4845614345,0.14529248434912567,1,target
007660,2023-02-03,2023-02-08,7293.0,8386.949999999999,277,293851.79584439215,0.14529248434912567,3,target
196170,2023-02-08,2023-02-09,43650.0,42340.5,55,-81648.927718875,-0.03397068711421558,1,stop
214370,2023-02-03,2023-02-10,35760.0,37140.0,56,68845.28330400004,0.03433914183266551,5,time
042660,2023-02-03,2023-02-10,20700.0,21988.0,97,116338.90664519998,0.05787402419107668,5,time
247540,2023-02-07,2023-02-10,119500.0,137425.0,17,295501.1621637505,0.14529248434912612,3,target
086520,2023-02-09,2023-02-10,33883.0,38965.45,68,335145.30134206964,0.14529248434912567,1,target
257720,2023-02-07,2023-02-13,3260.0,3162.2,652,-72288.42188692023,-0.03397068711421569,4,stop
100790,2023-02-10,2023-02-13,5990.0,5810.3,383,-78024.16765794484,-0.03397068711421547,1,stop
078600,2023-02-10,2023-02-13,98000.0,95060.0,23,-76657.99565899977,-0.03397068711421547,1,stop
086520,2023-02-13,2023-02-15,36690.0,42193.5,60,320214.7469294998,0.14529248434912567,2,target
082740,2023-02-14,2023-02-16,8740.0,8477.8,257,-76392.03934753034,-0.03397068711421569,2,stop
080220,2023-02-15,2023-02-16,5110.0,4956.7,458,-79595.75859822985,-0.03397068711421547,1,stop
042660,2023-02-15,2023-02-16,23498.0,22793.059999999998,99,-79116.96921806736,-0.03397068711421569,1,stop
066970,2023-02-15,2023-02-16,251000.0,243470.0,9,-76828.04445149936,-0.03397068711421536,1,stop
031980,2023-02-16,2023-02-17,9600.0,9312.0,233,-76073.0278127999,-0.03397068711421558,1,stop
247540,2023-02-13,2023-02-20,132600.0,147300.0,16,225811.87752000056,0.10631243323907325,5,time
214150,2023-02-17,2023-02-21,20100.0,19497.0,110,-75195.5760435001,-0.03397068711421558,2,stop
005490,2023-02-20,2023-02-22,341000.0,330770.0,6,-69583.96589099988,-0.03397068711421558,2,stop
031980,2023-02-20,2023-02-22,9260.0,8982.199999999999,245,-77157.93910895055,-0.0339706871142158,2,stop
028300,2023-02-21,2023-02-22,36339.0,35248.83,63,-77860.4786902843,-0.03397068711421547,1,stop
034220,2023-02-21,2023-02-22,14890.0,14443.3,155,-78492.82213007519,-0.03397068711421569,1,stop
247540,2023-02-22,2023-02-23,159100.0,154327.0,13,-70342.38350554998,-0.03397068711421558,1,stop
086520,2023-02-17,2023-02-24,44244.0,47481.0,50,152306.82006750023,0.06876948089017909,5,time
267270,2023-02-23,2023-02-24,59900.0,58103.0,37,-75375.82776354998,-0.03397068711421558,1,stop
010130,2023-02-22,2023-02-27,604000.0,585880.0,3,-61625.682402000064,-0.03397068711421558,3,stop
108490,2023-02-23,2023-02-27,29847.0,34324.049999999996,75,325614.934301062,0.14529248434912567,2,target
214370,2023-02-24,2023-02-27,38680.0,37519.6,58,-76298.85260924045,-0.0339706871142158,1,stop
007660,2023-02-27,2023-02-28,9345.0,9064.65,236,-75005.8015910699,-0.03397068711421558,1,stop
277810,2023-02-27,2023-02-28,81100.0,93265.0,27,318512.8696972504,0.14529248434912612,1,target
257720,2023-02-27,2023-02-28,3735.0,3622.95,592,-75199.65721452003,-0.03397068711421558,1,stop
007660,2023-03-02,2023-03-03,8878.0,8611.66,252,-76088.53626267565,-0.03397068711421547,1,stop
277810,2023-03-02,2023-03-06,91300.0,88561.0,24,-74522.18282520026,-0.03397068711421569,2,stop
257720,2023-03-02,2023-03-06,3780.0,3666.6,593,-76234.2340680901,-0.03397068711421558,2,stop
108490,2023-03-02,2023-03-07,37784.0,36650.479999999996,59,-75816.45819467539,-0.03397068711421536,3,stop
005830,2023-03-03,2023-03-07,77100.0,74787.0,29,-76042.41903014993,-0.03397068711421558,2,stop
000250,2023-03-06,2023-03-07,57800.0,56066.0,37,-72733.26952810003,-0.03397068711421558,1,stop
403870,2023-03-07,2023-03-08,17175.0,16659.75,127,-74182.93548416207,-0.03397068711421536,1,stop
006400,2023-03-07,2023-03-08,762666.0,739786.02,2,-51876.17295232206,-0.03397068711421558,1,stop
000150,2023-03-02,2023-03-09,101000.0,107200.0,22,126891.68558000028,0.05704136308416974,5,time
078600,2023-03-07,2023-03-09,101800.0,98746.0,21,-72706.06172130001,-0.03397068711421558,2,stop
003670,2023-03-08,2023-03-09,251051.0,243519.47,8,-68305.47104946803,-0.03397068711421558,1,stop
096770,2023-03-08,2023-03-09,171207.0,166070.79,12,-69872.50468211388,-0.03397068711421558,1,stop
247540,2023-03-06,2023-03-10,199800.0,193806.0,10,-67951.49748300016,-0.03397068711421569,4,stop
310210,2023-03-09,2023-03-10,26248.0,25460.559999999998,81,-72307.73942974838,-0.0339706871142158,1,stop
000990,2023-03-09,2023-03-10,52100.0,50537.0,41,-72648.24513184931,-0.03397068711421525,1,stop
086520,2023-03-09,2023-03-10,65139.0,63184.83,32,-70891.57308580796,-0.03397068711421558,1,stop
226950,2023-03-09,2023-03-10,24950.0,24201.5,85,-72126.19533887482,-0.03397068711421547,1,stop
058610,2023-03-10,2023-03-13,23850.0,23134.5,85,-68946.28291912517,-0.03397068711421569,1,stop
178320,2023-03-10,2023-03-13,18680.0,18119.6,109,-69247.94947702042,-0.0339706871142158,1,stop
298380,2023-03-10,2023-03-13,22050.0,21388.5,92,-68992.19609310012,-0.03397068711421569,1,stop
086520,2023-03-14,2023-03-15,72791.0,83709.65,27,285880.02833702206,0.14529248434912567,1,target
086520,2023-03-20,2023-03-21,72006.0,82806.9,28,293270.97569154017,0.1452924843491259,1,target
058610,2023-03-20,2023-03-21,31200.0,30264.0,65,-68971.79023799975,-0.03397068711421547,1,stop
403870,2023-03-20,2023-03-21,18600.0,21390.0,110,297610.32625500043,0.14529248434912612,1,target
277810,2023-03-20,2023-03-23,124000.0,142600.0,16,288591.8315199998,0.14529248434912567,3,target
067310,2023-03-20,2023-03-24,10889.0,12522.349999999999,188,297774.9865137099,0.1452924843491259,4,target
403870,2023-03-23,2023-03-24,22650.0,26047.499999999996,99,326171.31724237464,0.14529248434912567,1,target
058610,2023-03-23,2023-03-27,33500.0,38525.0,67,326484.05536624976,0.14529248434912567,2,target
036930,2023-03-24,2023-03-27,13390.0,15398.499999999998,186,362272.9335049498,0.14529248434912567,1,target
000250,2023-03-24,2023-03-27,60500.0,69575.0,41,360812.5191962505,0.14529248434912612,1,target
403870,2023-03-27,2023-03-28,26650.0,25850.5,103,-93355.08659457462,-0.03397068711421547,1,stop
000990,2023-03-27,2023-03-29,57800.0,66470.0,47,395155.52898550034,0.1452924843491259,2,target
066970,2023-03-28,2023-03-29,295500.0,286635.0,9,-90448.95273074973,-0.03397068711421547,1,stop
319660,2023-03-23,2023-03-30,20500.0,21650.0,110,116885.6306750006,0.051774434195486,5,time
240810,2023-03-23,2023-03-30,33300.0,35200.0,67,117781.21921500051,0.05273000258752414,5,time
042700,2023-03-27,2023-03-30,20400.0,23460.0,135,400595.71774500003,0.1452924843491259,3,target
067310,2023-03-30,2023-03-31,14805.0,14360.85,178,-89625.57647746475,-0.03397068711421547,1,stop
036930,2023-03-29,2023-04-03,16130.0,15646.1,177,-97098.2006150852,-0.03397068711421569,3,stop
131970,2023-03-30,2023-04-04,39400.0,38218.0,67,-89778.9604883003,-0.03397068711421569,3,stop
000990,2023-03-31,2023-04-04,70200.0,80730.0,36,367605.4821660002,0.1452924843491259,2,target
000250,2023-03-29,2023-04-05,78500.0,85000.0,36,221728.64310000045,0.07837010434423397,5,time
005490,2023-04-04,2023-04-05,392000.0,380240.0,6,-79990.95199199999,-0.03397068711421558,1,stop
218410,2023-03-30,2023-04-06,26050.0,25900.0,101,-25887.906152500305,-0.009828078289498277,5,time
196170,2023-04-05,2023-04-06,45400.0,52209.99999999999,62,409439.6609689994,0.14529248434912567,1,target
310210,2023-04-05,2023-04-07,30590.0,29672.3,93,-96753.34166389471,-0.03397068711421547,2,stop
214450,2023-04-06,2023-04-07,89800.0,87106.0,32,-97730.4420256,-0.03397068711421558,1,stop
083650,2023-04-03,2023-04-10,7770.0,8620.0,360,293634.4116600002,0.10485380953382184,5,time
298380,2023-04-06,2023-04-10,25250.0,24492.5,116,-99614.58264649985,-0.03397068711421558,2,stop
272210,2023-04-04,2023-04-11,14390.0,14420.0,189,-5492.630965499673,-0.0020172448068165316,5,time
078600,2023-04-07,2023-04-12,124900.0,121153.0,22,-93452.01440630015,-0.03397068711421569,3,stop
086520,2023-04-11,2023-04-12,148134.0,143689.98,19,-95722.0297471406,-0.03397068711421547,1,stop
247540,2023-04-12,2023-04-13,290000.0,281300.0,9,-88765.46968499944,-0.03397068711421536,1,stop
036930,2023-04-12,2023-04-13,19100.0,18527.0,140,-90942.09422899969,-0.03397068711421547,1,stop
141080,2023-04-07,2023-04-14,41300.0,45100.0,67,242509.2972500003,0.08753955246121858,5,time
196170,2023-04-10,2023-04-17,50900.0,50500.0,58,-35230.31128000002,-0.011919869144428885,5,time
214450,2023-04-10,2023-04-17,86300.0,99244.99999999999,34,426807.5363134993,0.14529248434912567,5,target
326030,2023-04-14,2023-04-17,76900.0,74593.0,42,-109844.71800329955,-0.03397068711421547,1,stop
047050,2023-04-17,2023-04-18,27450.0,31567.499999999996,114,455186.7028102493,0.14529248434912567,1,target
032820,2023-04-18,2023-04-19,1845.0,1789.6499999999999,1984,-124492.04079408012,-0.03397068711421558,1,stop
310210,2023-04-13,2023-04-20,40705.0,39483.85,63,-87215.1348437774,-0.03397068711421558,5,stop
352820,2023-04-13,2023-04-20,238000.0,257000.0,10,179686.15450000018,0.0754116495349848,5,time
267260,2023-04-17,2023-04-21,47800.0,46366.0,65,-105668.31965949992,-0.03397068711421558,4,stop
006260,2023-04-17,2023-04-21,94600.0,91762.0,33,-106171.66408530017,-0.03397068711421569,4,stop
047050,2023-04-20,2023-04-21,31100.0,30167.0,83,-87789.38961605029,-0.03397068711421569,1,stop
319400,2023-04-20,2023-04-21,4995.0,4845.15,522,-88676.70421531517,-0.03397068711421569,1,stop
003670,2023-04-19,2023-04-24,372701.0,361519.97,9,-114079.23902437696,-0.03397068711421569,3,stop
257720,2023-04-21,2023-04-24,3430.0,3327.1,806,-94022.69815393025,-0.03397068711421569,1,stop
042660,2023-04-21,2023-04-24,26474.0,25679.78,104,-93638.93203901593,-0.03397068711421558,1,stop
064350,2023-04-21,2023-04-25,32050.0,36857.5,86,400930.27480775025,0.1452924843491259,2,target
319400,2023-04-24,2023-04-25,4180.0,4054.6,685,-97380.14151305007,-0.03397068711421558,1,stop
032820,2023-04-21,2023-04-26,1696.0,1645.12,1630,-94019.29717807984,-0.03397068711421558,3,stop
047810,2023-04-24,2023-04-26,58100.0,56357.0,49,-96822.38147365069,-0.0339706871142158,2,stop
000880,2023-04-25,2023-04-26,29300.0,28421.0,100,-99648.5924049993,-0.03397068711421536,1,stop
079550,2023-04-26,2023-04-27,87300.0,84681.0,32,-95009.66134559968,-0.03397068711421547,1,stop
064350,2023-04-27,2023-04-28,33900.0,32883.0,82,-94540.32667830028,-0.03397068711421569,1,stop
267270,2023-04-28,2023-05-02,67600.0,65572.0,41,-94261.44665860012,-0.03397068711421558,1,stop
086520,2023-04-28,2023-05-02,147153.0,142738.41,18,-90083.48386590881,-0.03397068711421547,1,stop
214150,2023-05-03,2023-05-08,24600.0,23862.0,111,-92867.04656009981,-0.03397068711421547,2,stop
042700,2023-05-04,2023-05-08,22650.0,21970.5,122,-93979.16566305002,-0.03397068711421558,1,stop
352820,2023-05-04,2023-05-08,295000.0,286150.0,9,-90295.90881749988,-0.03397068711421558,1,stop
043260,2023-05-08,2023-05-09,1720.0,1668.3999999999999,1554,-90904.0032994803,-0.03397068711421569,1,stop
267270,2023-05-08,2023-05-09,70300.0,68191.0,38,-90853.66885690065,-0.0339706871142158,1,stop
237690,2023-05-03,2023-05-10,90200.0,87494.0,30,-92030.40650099982,-0.03397068711421547,4,stop
058610,2023-05-09,2023-05-10,31700.0,30749.0,82,-88404.96624490013,-0.03397068711421569,1,stop
319400,2023-05-03,2023-05-11,4400.0,5060.0,625,400013.879375,0.1452924843491259,5,target
257720,2023-05-10,2023-05-11,3895.0,4479.25,664,376199.2348909001,0.1452924843491259,1,target
043260,2023-05-11,2023-05-12,1623.0,1574.31,1809,-99852.88902430935,-0.03397068711421558,1,stop
277810,2023-05-10,2023-05-15,112600.0,109222.0,22,-84248.9737561997,-0.03397068711421547,3,stop
058610,2023-05-12,2023-05-15,31750.0,30797.5,91,-98262.69474612502,-0.03397068711421558,1,stop
323410,2023-05-09,2023-05-16,24300.0,25150.0,107,80026.14503249992,0.03074274401075372,5,time
257720,2023-05-15,2023-05-16,4610.0,5301.5,596,399658.95796930045,0.14529248434912612,1,target
214150,2023-05-18,2023-05-22,26500.0,25705.0,107,-96434.67022674996,-0.03397068711421558,2,stop
043260,2023-05-19,2023-05-22,1742.0,1689.74,1634,-96806.32886763802,-0.03397068711421558,1,stop
214450,2023-05-17,2023-05-24,114000.0,115900.0,24,34252.89372000052,0.012504949931836151,5,time
000500,2023-05-18,2023-05-24,18090.0,17547.3,156,-95976.89887733944,-0.03397068711421536,4,stop
067310,2023-05-22,2023-05-24,15045.0,14593.65,183,-93636.85744374804,-0.0339706871142158,2,stop
095340,2023-05-19,2023-05-25,42750.0,49162.49999999999,66,410414.2402387499,0.1452924843491259,4,target
005290,2023-05-24,2023-05-25,36400.0,35308.0,74,-91608.6854956001,-0.03397068711421558,1,stop
007660,2023-05-24,2023-05-25,10589.0,12177.349999999999,257,395849.80762050254,0.1452924843491259,1,target
042660,2023-05-25,2023-05-26,27007.0,26196.79,110,-101035.17025904497,-0.03397068711421558,1,stop
083650,2023-05-25,2023-05-26,8350.0,8099.5,358,-101665.37108405028,-0.03397068711421569,1,stop
082740,2023-05-25,2023-05-26,8970.0,8700.9,333,-101587.48873708537,-0.03397068711421569,1,stop
042700,2023-05-22,2023-05-30,25950.0,27200.0,106,120836.4646350001,0.04387888328042977,5,time
039030,2023-05-26,2023-05-30,94800.0,91956.0,30,-96723.75317399995,-0.03397068711421558,1,stop
257720,2023-05-26,2023-05-30,5350.0,5189.5,540,-98254.19230649993,-0.03397068711421558,1,stop
007660,2023-05-30,2023-05-31,13887.0,13470.39,203,-95875.58380676853,-0.03397068711421558,1,stop
000660,2023-05-30,2023-05-31,113200.0,109804.0,24,-92397.7118928004,-0.03397068711421569,1,stop
131290,2023-05-24,2023-06-01,40600.0,43500.0,67,182579.2702449998,0.06704268728179419,5,time
180640,2023-06-01,2023-06-02,50000.0,48500.0,55,-93526.83587499987,-0.03397068711421558,1,stop
353200,2023-05-26,2023-06-05,24100.0,25450.0,120,149670.42150000017,0.05169380215353625,5,time
196170,2023-06-02,2023-06-05,53400.0,51798.0,51,-92622.17629890051,-0.0339706871142158,1,stop
082740,2023-05-30,2023-06-07,8670.0,9280.0,325,186117.84603750007,0.06597605483776015,5,time
000660,2023-06-02,2023-06-08,111000.0,107670.0,24,-90601.99664400006,-0.03397068711421558,3,stop
047050,2023-06-07,2023-06-08,33550.0,38582.5,98,478256.5941807511,0.14529248434912612,1,target
403870,2023-06-01,2023-06-09,26750.0,28800.0,104,201170.28334000055,0.07222831529475271,5,time
003670,2023-06-05,2023-06-13,368823.0,380940.0,7,73988.37641684944,0.0286251812032281,5,time
180640,2023-06-05,2023-06-13,47150.0,48350.0,61,61197.16480999952,0.021253015229475425,5,time
086520,2023-06-08,2023-06-14,128513.0,147789.94999999998,24,448642.7666628598,0.1452924843491259,4,target
007660,2023-06-13,2023-06-14,18127.0,17583.19,154,-94940.21341874357,-0.0339706871142158,1,stop
003230,2023-06-08,2023-06-15,118300.0,114751.0,26,-104607.21519430028,-0.03397068711421569,5,stop
031980,2023-06-14,2023-06-15,12130.0,13949.499999999998,257,453457.1882554246,0.14529248434912567,1,target
078600,2023-06-14,2023-06-15,111000.0,107670.0,28,-105702.32941799983,-0.03397068711421558,1,stop
067310,2023-06-09,2023-06-16,16488.0,17737.0,193,227305.12544235028,0.07134847978505832,5,time
214150,2023-06-15,2023-06-16,32300.0,31331.0,98,-107654.48955589905,-0.03397068711421525,1,stop
010170,2023-06-16,2023-06-19,2217.0,2150.49,1484,-111893.05773823801,-0.03397068711421558,1,stop
034020,2023-06-13,2023-06-20,18580.0,19270.0,150,91773.19342500018,0.03289119546064767,5,time
031980,2023-06-19,2023-06-20,15750.0,18112.5,203,465070.6821206254,0.1452924843491259,1,target
086280,2023-06-15,2023-06-22,94186.0,94537.0,33,-1188.9184147496708,-0.0003820784505652597,5,time
047050,2023-06-15,2023-06-22,36950.0,39200.0,86,179906.7021850003,0.05655034150698923,5,time
353200,2023-06-16,2023-06-23,29200.0,30150.0,112,92683.57419999968,0.028307576031153747,5,time
042660,2023-06-22,2023-06-23,34204.0,33177.88,95,-110510.62907472998,-0.03397068711421558,1,stop
012450,2023-06-20,2023-06-26,139860.0,135664.19999999998,23,-109401.91094763065,-0.0339706871142158,4,stop
087010,2023-06-22,2023-06-26,9303.0,10698.449999999999,351,474976.91674865223,0.14529248434912567,2,target
064350,2023-06-23,2023-06-26,38550.0,37393.5,84,-110130.39997470006,-0.03397068711421558,1,stop
178320,2023-06-23,2023-06-26,20350.0,19739.5,160,-110735.77367600007,-0.03397068711421558,1,stop
131290,2023-06-20,2023-06-27,51700.0,54800.0,63,181375.99861499993,0.055622372253504304,5,time
031980,2023-06-26,2023-06-27,17780.0,17246.6,184,-111263.60512791993,-0.03397068711421558,1,stop
145020,2023-06-27,2023-06-28,114100.0,110677.0,28,-108654.37645580014,-0.03397068711421558,1,stop
087010,2023-06-28,2023-06-29,11105.0,10771.85,295,-111415.11860203696,-0.03397068711421547,1,stop
310210,2023-06-26,2023-06-30,40378.0,39166.659999999996,81,-111232.92832575366,-0.0339706871142158,4,stop
131970,2023-06-27,2023-06-30,42900.0,41613.0,76,-110885.41661339952,-0.03397068711421547,3,stop
098460,2023-06-29,2023-06-30,16930.0,16422.1,191,-109974.97537835455,-0.03397068711421547,1,stop
031980,2023-06-30,2023-07-03,20800.0,23919.999999999996,152,459885.04764800007,0.1452924843491259,1,target
007660,2023-06-30,2023-07-04,27911.0,32097.649999999998,113,458771.2635482275,0.1452924843491259,2,target
267270,2023-06-29,2023-07-06,82600.0,83300.0,39,14017.576755000278,0.0043463937917906925,5,time
036930,2023-06-30,2023-07-06,19150.0,18575.5,165,-107462.3344203746,-0.03397068711421547,4,stop
257720,2023-07-04,2023-07-06,7750.0,7517.5,467,-123089.81845112471,-0.03397068711421547,2,stop
307950,2023-06-30,2023-07-07,139200.0,146400.0,22,145382.70120000048,0.04741891372258911,5,time
298040,2023-07-06,2023-07-07,123500.0,119795.0,26,-109205.33454349963,-0.03397068711421547,1,stop
095340,2023-07-06,2023-07-07,61800.0,59946.0,52,-109293.75991560007,-0.03397068711421558,1,stop
087010,2023-07-03,2023-07-10,13257.0,13112.0,285,-56687.175492750015,-0.014986336682786927,5,time
047050,2023-07-07,2023-07-10,43900.0,42583.0,73,-108991.0730649503,-0.03397068711421569,1,stop
003670,2023-07-10,2023-07-11,395480.0,383615.6,8,-107601.43433264084,-0.0339706871142158,1,stop
086520,2023-07-06,2023-07-12,185609.0,180040.72999999998,17,-107312.79351225076,-0.03397068711421569,4,stop
087010,2023-07-12,2023-07-13,15922.0,15444.34,208,-112632.70196609572,-0.03397068711421547,1,stop
083650,2023-07-12,2023-07-13,8780.0,10097.0,378,482757.1139727002,0.1452924843491259,1,target
247540,2023-07-07,2023-07-14,272500.0,281500.0,11,86423.78855000017,0.028798833168820037,5,time
082740,2023-07-07,2023-07-14,11310.0,12250.0,283,252118.5280530001,0.07867857865504102,5,time
272210,2023-07-12,2023-07-17,17070.0,16557.899999999998,194,-112626.03605343029,-0.03397068711421569,3,stop
042700,2023-07-14,2023-07-17,43250.0,49737.49999999999,75,471834.5531718745,0.14529248434912567,1,target
095340,2023-07-14,2023-07-17,85400.0,82838.0,38,-110368.46828419995,-0.03397068711421558,1,stop
083650,2023-07-17,2023-07-18,11040.0,10708.8,305,-114517.65882120002,-0.03397068711421558,1,stop
007660,2023-07-17,2023-07-19,36226.0,35139.22,93,-114579.48856215272,-0.03397068711421547,2,stop
353200,2023-07-18,2023-07-19,38800.0,37636.0,83,-109525.02627339959,-0.03397068711421547,1,stop
042660,2023-07-13,2023-07-20,41267.0,40028.99,85,-119295.8598416578,-0.03397068711421569,5,stop
010140,2023-07-13,2023-07-20,8250.0,8530.0,426,104525.23269600002,0.02970697143589396,5,time
087010,2023-07-19,2023-07-20,21126.0,24294.899999999998,151,464019.8820244046,0.14529248434912567,1,target
095340,2023-07-20,2023-07-21,87800.0,85166.0,41,-122428.32864830038,-0.03397068711421569,1,stop
403870,2023-07-17,2023-07-24,34350.0,33319.5,98,-114487.05003855005,-0.03397068711421558,5,stop
005490,2023-07-19,2023-07-24,496000.0,570400.0,6,432887.7472799998,0.1452924843491259,3,target
042700,2023-07-20,2023-07-24,43800.0,42486.0,82,-122149.44862860022,-0.03397068711421569,2,stop
247540,2023-07-20,2023-07-24,347000.0,399049.99999999994,10,504744.7859749999,0.1452924843491259,2,target
087010,2023-07-24,2023-07-25,28104.0,27260.88,125,-119476.28161050007,-0.03397068711421558,1,stop
003670,2023-07-24,2023-07-25,494350.0,568502.5,7,503355.64686662564,0.14529248434912612,1,target
310210,2023-07-24,2023-07-25,49453.0,47969.409999999996,71,-119413.80568413576,-0.03397068711421569,1,stop
000250,2023-07-24,2023-07-25,64900.0,62953.0,54,-119190.59963910049,-0.03397068711421569,1,stop
066970,2023-07-21,2023-07-26,263000.0,302450.0,14,535582.2195850001,0.1452924843491259,3,target
047050,2023-07-25,2023-07-26,70500.0,81075.0,50,512745.0635624998,0.1452924843491259,1,target
096770,2023-07-25,2023-07-26,198758.0,192795.25999999998,17,-114915.09685903136,-0.03397068711421569,1,stop
086520,2023-07-25,2023-07-26,225242.0,259028.3,15,491454.14300827496,0.1452924843491259,1,target
000100,2023-07-25,2023-07-26,63453.0,61549.409999999996,56,-120849.18754162826,-0.03397068711421569,1,stop
247540,2023-07-26,2023-07-27,483000.0,468510.0,7,-114986.99348850036,-0.03397068711421569,1,stop
006260,2023-07-26,2023-07-27,138000.0,133860.0,27,-126720.36017099954,-0.03397068711421547,1,stop
005490,2023-07-26,2023-07-27,666000.0,646020.0,5,-113252.49580499995,-0.03397068711421558,1,stop
010120,2023-07-26,2023-07-27,24480.0,23745.6,157,-130711.74542855937,-0.03397068711421547,1,stop
267260,2023-07-26,2023-07-27,82800.0,80316.0,46,-129536.36817480018,-0.03397068711421558,1,stop
031980,2023-07-27,2023-07-28,27550.0,31682.499999999996,135,541000.5894056247,0.14529248434912567,1,target
003670,2023-07-27,2023-07-28,530215.0,514308.55,7,-126227.3887215429,-0.03397068711421569,1,stop
036930,2023-07-27,2023-07-28,23750.0,27312.499999999996,157,542382.4555343743,0.14529248434912567,1,target
047050,2023-07-28,2023-07-31,64900.0,74635.0,60,566419.6531950007,0.14529248434912612,1,target
095340,2023-07-28,2023-07-31,106500.0,103305.0,36,-130393.41408899985,-0.03397068711421558,1,stop
031980,2023-07-31,2023-08-01,33600.0,32592.0,121,-138270.0741576003,-0.03397068711421569,1,stop
036930,2023-07-31,2023-08-01,28250.0,27402.5,144,-138351.6975779999,-0.03397068711421558,1,stop
039030,2023-07-28,2023-08-02,156100.0,151417.0,25,-132723.0825462495,-0.03397068711421547,3,stop
006260,2023-07-31,2023-08-02,113200.0,130179.99999999999,36,592776.9313559989,0.14529248434912545,2,target
298040,2023-08-01,2023-08-02,174500.0,169265.0,22,-130563.4628814999,-0.03397068711421558,1,stop
310210,2023-08-02,2023-08-03,55908.0,54230.76,73,-138803.4832099136,-0.03397068711421547,1,stop
323410,2023-08-02,2023-08-03,30150.0,29245.5,135,-138428.21953462483,-0.03397068711421558,1,stop
277810,2023-08-02,2023-08-03,122300.0,118631.0,33,-137259.98433014983,-0.03397068711421558,1,stop
000100,2023-07-28,2023-08-04,66133.0,70345.0,59,231784.83661520015,0.05933563144545029,5,time
000150,2023-08-01,2023-08-04,106500.0,103305.0,37,-134015.4533692496,-0.03397068711421547,3,stop
257720,2023-08-03,2023-08-04,8130.0,7886.099999999999,485,-134102.17825342435,-0.03397068711421547,1,stop
010120,2023-08-03,2023-08-04,21800.0,21146.0,181,-134195.70508929947,-0.03397068711421547,1,stop
298040,2023-08-04,2023-08-07,181300.0,175861.0,21,-129485.35353704961,-0.03397068711421547,1,stop
326030,2023-08-04,2023-08-07,95700.0,92829.0,40,-130189.35553799989,-0.03397068711421558,1,stop
039030,2023-08-04,2023-08-07,168900.0,163833.0,23,-132117.7088449509,-0.0339706871142158,1,stop
257720,2023-08-07,2023-08-08,9010.0,8739.699999999999,423,-129619.01188795501,-0.03397068711421558,1,stop
087010,2023-08-08,2023-08-09,25972.0,29867.8,149,562903.6039250898,0.1452924843491259,1,target
090430,2023-08-03,2023-08-10,120900.0,130500.0,32,290439.24288000027,0.07498593309282509,5,time
310210,2023-08-07,2023-08-10,57081.0,65643.15,66,547996.6139665046,0.14529248434912567,3,target
298040,2023-08-09,2023-08-11,189200.0,183524.0,23,-147996.86508859973,-0.03397068711421558,2,stop
108490,2023-08-10,2023-08-11,28094.0,27251.18,152,-145231.46360544814,-0.03397068711421558,1,stop
277810,2023-08-07,2023-08-14,134000.0,139000.0,28,124210.82660000026,0.0330671987315283,5,time
000150,2023-08-07,2023-08-14,106200.0,108600.0,35,68519.35440000007,0.018412869895316986,5,time
196170,2023-08-10,2023-08-14,47400.0,45978.0,90,-145085.6297609997,-0.03397068711421547,2,stop
214150,2023-08-11,2023-08-14,35500.0,34435.0,117,-141259.53192974953,-0.03397068711421547,1,stop
087010,2023-08-11,2023-08-16,36002.0,34921.94,116,-142032.64175997162,-0.03397068711421547,2,stop
310210,2023-08-14,2023-08-16,72924.0,70736.28,54,-133926.8919581161,-0.03397068711421558,1,stop
180640,2023-08-14,2023-08-16,48950.0,47481.5,80,-133182.214286,-0.03397068711421558,1,stop
003230,2023-08-14,2023-08-22,161400.0,185610.0,24,563452.2775079999,0.1452924843491259,5,target
196170,2023-09-20,2023-09-21,76200.0,73914.0,52,-134760.26708040014,-0.03397068711421558,1,stop
032820,2023-09-20,2023-09-21,1493.0,1448.21,2700,-137096.73748935014,-0.03397068711421558,1,stop
257720,2023-09-20,2023-09-21,8950.0,8681.5,450,-136974.30235875025,-0.03397068711421569,1,stop
218410,2023-09-20,2023-09-21,18210.0,17663.7,221,-136869.21220498532,-0.03397068711421569,1,stop
083650,2023-09-20,2023-09-21,7980.0,7740.599999999999,505,-137055.92577915033,-0.03397068711421569,1,stop
011200,2023-09-21,2023-09-22,17100.0,16587.0,227,-132015.67956944974,-0.03397068711421547,1,stop
080220,2023-12-13,2023-12-14,12900.0,12513.0,299,-131179.0395103502,-0.03397068711421569,1,stop
098460,2023-12-13,2023-12-14,15860.0,15384.199999999999,243,-131072.92906383006,-0.03397068711421558,1,stop
079550,2023-12-13,2023-12-14,131800.0,127846.0,29,-129992.09893870028,-0.03397068711421569,1,stop
440110,2023-12-14,2023-12-15,22800.0,22116.0,164,-127169.28898320021,-0.03397068711421569,1,stop
068270,2023-12-14,2023-12-15,168074.0,163031.78,22,-125755.43530283775,-0.03397068711421547,1,stop
007660,2023-12-14,2023-12-15,29807.0,28912.79,125,-126716.10895118723,-0.03397068711421547,1,stop
028300,2023-12-15,2023-12-19,40400.0,46460.0,89,523014.510793,0.1452924843491259,2,target
277810,2023-12-15,2023-12-19,179100.0,173727.0,20,-121822.9549469999,-0.03397068711421558,2,stop
218410,2023-12-13,2023-12-20,15840.0,16800.0,244,217710.0696960003,0.056264478319351996,5,time
108490,2023-12-13,2023-12-20,27121.0,26974.0,142,-36595.37647669949,-0.009491458637592709,5,time
180640,2023-12-19,2023-12-20,61500.0,70725.0,62,554637.4262025002,0.1452924843491259,1,target
011200,2023-12-20,2023-12-21,18440.0,21206.0,222,595465.0246254001,0.1452924843491259,1,target
086520,2023-12-20,2023-12-21,145386.0,141024.41999999998,28,-138447.1969798687,-0.0339706871142158,1,stop
078600,2023-12-20,2023-12-21,91700.0,88949.0,44,-137222.5735957995,-0.03397068711421547,1,stop
031980,2023-12-15,2023-12-22,27200.0,27300.0,133,-1564.8573849997483,-0.0004320708845544363,5,time
028300,2023-12-21,2023-12-26,49850.0,48354.5,84,-142412.46274289954,-0.03397068711421547,2,stop
454910,2023-12-19,2023-12-27,108700.0,105439.0,35,-129390.12621324975,-0.03397068711421547,5,stop
011200,2023-12-26,2023-12-27,19610.0,19021.7,210,-140055.58647885034,-0.03397068711421569,1,stop
196170,2023-12-22,2023-12-28,87000.0,100049.99999999999,41,518854.3664474995,0.14529248434912567,3,target
009830,2023-12-21,2024-01-02,36700.0,38600.0,114,198815.40321000107,0.047465700648649856,5,time
241560,2023-12-21,2024-01-02,49400.0,49500.0,85,-8733.400225000456,-0.0020774867931399044,5,time
307950,2023-12-28,2024-01-02,213000.0,206610.0,19,-137637.4926494998,-0.03397068711421558,1,stop
196170,2024-01-02,2024-01-03,96900.0,93993.0,43,-141708.4607419502,-0.03397068711421558,1,stop
087010,2024-01-02,2024-01-03,39878.0,38681.659999999996,105,-142405.32069361582,-0.0339706871142158,1,stop
298380,2024-01-02,2024-01-03,24850.0,24104.5,168,-141983.93978579994,-0.03397068711421558,1,stop
141080,2023-12-27,2024-01-04,61100.0,59267.0,62,-128835.76714969985,-0.03397068711421558,4,stop
310210,2023-12-27,2024-01-04,50800.0,49276.0,75,-129577.17988499999,-0.03397068711421558,4,stop
080220,2024-01-03,2024-01-04,16500.0,18975.0,245,588020.4026812497,0.14529248434912567,1,target
068270,2024-01-03,2024-01-04,210208.0,203901.75999999998,19,-135833.3429805925,-0.03397068711421569,1,stop
272210,2024-01-04,2024-01-05,19110.0,18536.7,208,-135184.7088664798,-0.03397068711421558,1,stop
237690,2024-01-04,2024-01-05,68500.0,66445.0,58,-135120.77052050037,-0.03397068711421569,1,stop
326030,2024-01-04,2024-01-05,102800.0,99716.0,38,-132855.72060439968,-0.03397068711421547,1,stop
066970,2024-01-05,2024-01-08,211500.0,205155.0,18,-129475.15060949977,-0.03397068711421558,1,stop
005290,2024-01-05,2024-01-08,42600.0,41322.0,90,-130393.41408900032,-0.03397068711421569,1,stop
180640,2024-01-08,2024-01-09,82600.0,80122.0,45,-126414.27234450029,-0.03397068711421569,1,stop
222800,2024-01-03,2024-01-10,41100.0,39867.0,98,-136984.5052863001,-0.03397068711421558,5,stop
440110,2024-01-09,2024-01-10,26700.0,25899.0,135,-122588.17451325012,-0.03397068711421558,1,stop
950160,2024-01-04,2024-01-11,10240.0,11776.0,388,577928.4161536004,0.1452924843491259,5,target
080220,2024-01-10,2024-01-11,20350.0,19739.5,181,-125269.84397097491,-0.03397068711421558,1,stop
100790,2024-01-05,2024-01-12,6210.0,6590.0,619,218773.11986100022,0.056847647113455135,5,time
267260,2024-01-08,2024-01-15,90200.0,95600.0,41,205591.33848999953,0.05552840551216054,5,time
377300,2024-01-12,2024-01-15,56900.0,55193.0,71,-137396.02336414997,-0.03397068711421558,1,stop
226950,2024-01-12,2024-01-15,17650.0,17120.5,231,-138662.88686827524,-0.03397068711421569,1,stop
214450,2024-01-11,2024-01-16,121100.0,117467.0,33,-135913.19789355015,-0.03397068711421558,3,stop
257720,2024-01-10,2024-01-17,8690.0,8570.0,425,-65985.32660000026,-0.01784594077430246,5,time
000880,2024-02-02,2024-02-05,31000.0,30070.0,124,-130733.51167399995,-0.03397068711421558,1,stop
028260,2024-02-02,2024-02-05,152900.0,148313.0,25,-130002.30186624965,-0.03397068711421547,1,stop
034730,2024-02-02,2024-02-05,195600.0,189732.0,19,-126393.86648939969,-0.03397068711421547,1,stop
000270,2024-02-05,2024-02-06,119600.0,116012.0,31,-126094.58061459986,-0.03397068711421558,1,stop
086790,2024-02-05,2024-02-06,55800.0,54126.0,67,-127148.88312810007,-0.03397068711421558,1,stop
006260,2024-02-05,2024-02-06,104000.0,100880.0,36,-127332.5358239999,-0.03397068711421558,1,stop
000810,2024-02-02,2024-02-13,292000.0,335800.0,13,552164.6131300004,0.1452924843491259,5,target
003550,2024-02-02,2024-02-13,89900.0,93000.0,42,114342.18032999989,0.03024811185828402,5,time
042700,2024-02-13,2024-02-14,82200.0,79734.0,51,-142575.70958370017,-0.03397068711421558,1,stop
031980,2024-02-13,2024-02-14,34400.0,33368.0,122,-142732.15447280044,-0.03397068711421569,1,stop
005380,2024-02-06,2024-02-15,234000.0,240000.0,15,75349.99350000033,0.021442572440692143,5,time
032830,2024-02-06,2024-02-15,76000.0,79400.0,48,147768.64464000007,0.040460220335475805,5,time
402340,2024-02-06,2024-02-15,59300.0,62400.0,61,173718.10488500027,0.04796907432195119,5,time
131290,2024-02-14,2024-02-16,55300.0,53641.0,73,-137293.99408864975,-0.03397068711421558,2,stop
080220,2024-02-15,2024-02-16,33500.0,32495.0,111,-126465.28698224993,-0.03397068711421558,1,stop
178320,2024-02-15,2024-02-16,22750.0,22067.5,164,-126890.40896350052,-0.03397068711421569,1,stop
403870,2024-02-14,2024-02-19,57500.0,55775.0,70,-136889.27796249976,-0.03397068711421558,3,stop
214370,2024-02-16,2024-02-19,26100.0,25317.0,142,-126046.96695270017,-0.03397068711421558,1,stop
003670,2024-02-16,2024-02-19,300487.0,291472.39,12,-122633.88362867385,-0.03397068711421558,1,stop
196170,2024-02-19,2024-02-20,91800.0,89046.0,40,-124883.83321199939,-0.03397068711421547,1,stop
214150,2024-02-19,2024-02-20,32650.0,31670.5,113,-125477.30349782528,-0.03397068711421569,1,stop
042700,2024-02-16,2024-02-21,75500.0,73235.0,49,-125819.10157075012,-0.03397068711421558,3,stop
098460,2024-02-20,2024-02-21,19460.0,18876.2,184,-121776.70167543925,-0.03397068711421536,1,stop
079550,2024-02-15,2024-02-22,129300.0,138000.0,29,236189.18644499965,0.06291645879269203,5,time
298040,2024-02-21,2024-02-22,186000.0,180420.0,18,-113864.67145799985,-0.03397068711421558,1,stop
178320,2024-02-19,2024-02-23,21750.0,21097.5,169,-125011.36980637489,-0.03397068711421558,4,stop
257720,2024-02-22,2024-02-23,10230.0,9923.1,367,-127686.57740998454,-0.03397068711421547,1,stop
310210,2024-02-22,2024-02-26,42450.0,41176.5,88,-127046.85385259986,-0.03397068711421558,2,stop
031980,2024-02-23,2024-02-26,41900.0,40643.0,86,-122550.76377890026,-0.03397068711421569,1,stop
196170,2024-02-23,2024-02-26,119800.0,137770.0,30,522781.77544500073,0.14529248434912612,1,target
267260,2024-02-20,2024-02-27,127000.0,129000.0,28,41261.70999999996,0.01159007518683497,5,time
257720,2024-02-26,2024-02-27,9840.0,9544.8,380,-127169.28898320021,-0.03397068711421569,1,stop
032830,2024-02-26,2024-02-27,93600.0,90792.0,39,-124149.22242840007,-0.03397068711421558,1,stop
145020,2024-02-21,2024-02-28,179500.0,185900.0,19,107264.60601999983,0.03141515243067694,5,time
087010,2024-02-27,2024-02-28,28248.0,27400.559999999998,127,-122009.87257971615,-0.03397068711421558,1,stop
298040,2024-02-27,2024-02-28,197000.0,191090.0,18,-120598.60364099964,-0.03397068711421547,1,stop
298380,2024-02-27,2024-02-28,23950.0,23231.5,150,-122180.05741125019,-0.03397068711421569,1,stop
226950,2024-02-26,2024-02-29,16600.0,16102.0,225,-127026.44799750019,-0.03397068711421558,3,stop
064350,2024-02-28,2024-03-04,33500.0,32495.0,104,-118489.99861399969,-0.03397068711421547,2,stop
043260,2024-02-28,2024-03-04,1570.0,1522.8999999999999,2226,-118857.98420097027,-0.03397068711421569,2,stop
036930,2024-02-29,2024-03-04,39450.0,38266.5,95,-127460.07241837494,-0.03397068711421558,1,stop
196170,2024-02-28,2024-03-05,153300.0,176295.0,22,490577.0216655,0.1452924843491259,3,target
039030,2024-03-04,2024-03-05,211500.0,205155.0,16,-115089.02276399964,-0.03397068711421547,1,stop
042700,2024-03-05,2024-03-06,96000.0,93120.0,37,-120802.66219200008,-0.03397068711421558,1,stop
012450,2024-02-28,2024-03-07,183458.0,210976.69999999998,19,507028.7924964349,0.1452924843491259,5,target
298040,2024-03-06,2024-03-07,237000.0,229890.0,14,-112844.37870300002,-0.03397068711421558,1,stop
141080,2024-03-07,2024-03-08,75000.0,72750.0,49,-124985.86248750007,-0.03397068711421558,1,stop
010120,2024-03-07,2024-03-08,16060.0,15578.199999999999,230,-125625.24594730046,-0.03397068711421569,1,stop
319660,2024-03-04,2024-03-11,25850.0,25400.0,133,-73763.37571750022,-0.021430355648211385,5,time
082740,2024-03-04,2024-03-11,9040.0,9200.0,382,46787.58308799984,0.013533171990376847,5,time
240810,2024-03-08,2024-03-11,35300.0,34241.0,101,-121254.99198005022,-0.03397068711421569,1,stop
007660,2024-03-05,2024-03-12,36274.0,36469.0,99,4530.935321550351,0.001260253762505048,5,time
079550,2024-03-08,2024-03-12,178700.0,173339.0,19,-115473.33303504996,-0.03397068711421558,2,stop
141080,2024-03-11,2024-03-12,81500.0,79055.0,42,-116415.40334549919,-0.03397068711421536,1,stop
028300,2024-03-12,2024-03-13,99300.0,96321.0,34,-114823.74664769974,-0.03397068711421547,1,stop
298380,2024-03-12,2024-03-13,27850.0,27014.5,123,-116502.12822967535,-0.03397068711421569,1,stop
237690,2024-03-12,2024-03-13,78000.0,75660.0,43,-114068.73000900028,-0.03397068711421569,1,stop
095340,2024-03-11,2024-03-14,91500.0,88755.0,38,-118251.93030450027,-0.03397068711421569,3,stop
010120,2024-03-11,2024-03-14,15840.0,18216.0,220,506897.58794399956,0.14529248434912567,3,target
000150,2024-03-13,2024-03-14,116400.0,133860.0,28,474081.9038760001,0.1452924843491259,1,target
078600,2024-03-13,2024-03-15,93500.0,90695.0,35,-111296.93469124986,-0.03397068711421558,2,stop
006400,2024-03-13,2024-03-15,443990.0,430670.3,7,-105699.9487349051,-0.03397068711421558,2,stop
214370,2024-03-14,2024-03-15,25350.0,24589.5,149,-128459.95931827417,-0.03397068711421536,1,stop
058470,2024-03-14,2024-03-15,46353.0,53305.95,81,546141.5677833525,0.1452924843491259,1,target
032820,2024-03-14,2024-03-18,1519.0,1473.43,2498,-129048.7362574269,-0.03397068711421558,2,stop
028300,2024-03-15,2024-03-18,104200.0,101074.0,34,-120489.7724138,-0.03397068711421558,1,stop
083650,2024-03-15,2024-03-18,10420.0,10107.4,340,-120489.77241380047,-0.03397068711421569,1,stop
267260,2024-03-15,2024-03-19,153600.0,148992.0,23,-120149.67482880037,-0.03397068711421569,2,stop
950160,2024-03-15,2024-03-20,12530.0,12154.1,282,-120172.12126940954,-0.03397068711421547,3,stop
000150,2024-03-18,2024-03-20,144300.0,139971.0,24,-117782.59563719947,-0.03397068711421547,2,stop
237690,2024-03-19,2024-03-20,94100.0,91277.0,37,-118411.77616945002,-0.03397068711421558,1,stop
214150,2024-03-20,2024-03-21,35900.0,34823.0,94,-114769.33103409968,-0.03397068711421547,1,stop
000250,2024-03-20,2024-03-22,87100.0,84487.0,38,-112565.49868329987,-0.03397068711421558,2,stop
042660,2024-03-18,2024-03-25,28050.0,30000.0,125,228662.09906250006,0.0651406504060692,5,time
058470,2024-03-18,2024-03-25,50357.0,48846.29,69,-118171.4292061301,-0.03397068711421547,5,stop
237690,2024-03-22,2024-03-25,91900.0,89143.0,34,-106266.89140909957,-0.03397068711421547,1,stop
950160,2024-03-25,2024-03-26,15280.0,14821.6,222,-115366.54239335982,-0.03397068711421558,1,stop
402340,2024-03-25,2024-03-26,79300.0,76921.0,42,-113272.90166010009,-0.03397068711421558,1,stop
277810,2024-03-20,2024-03-27,191900.0,189900.0,17,-47269.324159999844,-0.01447292395088473,5,time
005290,2024-03-25,2024-03-27,44550.0,43213.5,76,-115150.24032930005,-0.03397068711421558,2,stop
000250,2024-03-26,2024-03-27,118100.0,135815.0,27,463827.00260475,0.1452924843491259,1,target
257720,2024-03-21,2024-03-28,10670.0,11410.0,323,224191.27962699998,0.06497593793435685,5,time
043260,2024-03-26,2024-03-28,1957.0,2250.5499999999997,1679,477951.5654152767,0.14529248434912567,2,target
042700,2024-03-27,2024-03-28,110300.0,126844.99999999999,30,481325.79158249963,0.14529248434912567,1,target
031980,2024-03-27,2024-03-29,47450.0,46026.5,71,-114577.17589857522,-0.03397068711421569,2,stop
007660,2024-03-28,2024-03-29,41964.0,40705.08,91,-129873.88101815386,-0.03397068711421558,1,stop
267260,2024-03-27,2024-04-01,180000.0,174600.0,18,-110191.61754000047,-0.03397068711421569,3,stop
095340,2024-03-29,2024-04-01,99600.0,96612.0,36,-121945.39007759932,-0.03397068711421536,1,stop
352820,2024-03-28,2024-04-02,226500.0,219705.0,16,-123251.36480399966,-0.03397068711421547,3,stop
000250,2024-03-29,2024-04-02,136600.0,132502.0,26,-120789.0582886003,-0.03397068711421569,2,stop
064760,2024-04-01,2024-04-02,131500.0,127555.0,25,-111807.08106875,-0.03397068711421558,1,stop
080220,2024-04-02,2024-04-03,28750.0,27887.5,119,-116355.88626812492,-0.03397068711421558,1,stop
240810,2024-04-02,2024-04-03,42500.0,41225.0,80,-115633.17889999971,-0.03397068711421547,1,stop
084370,2024-03-28,2024-04-04,42450.0,46500.0,90,347768.2626749999,0.09092232339292972,5,time
067310,2024-04-03,2024-04-04,23935.0,27525.249999999996,138,480457.39781527454,0.14529248434912567,1,target
042700,2024-04-01,2024-04-05,134100.0,130077.0,24,-109457.00675639976,-0.03397068711421547,4,stop
064350,2024-04-02,2024-04-05,38400.0,37248.0,89,-116231.75064960029,-0.03397068711421569,3,stop
064760,2024-04-04,2024-04-05,132300.0,128331.0,30,-134984.73148649978,-0.03397068711421558,1,stop
353200,2024-04-03,2024-04-08,26150.0,25365.5,126,-112058.75328164967,-0.03397068711421547,3,stop
012450,2024-04-05,2024-04-08,229706.0,222814.82,15,-117183.68379001506,-0.03397068711421558,1,stop
039030,2024-04-04,2024-04-09,222500.0,255874.99999999997,17,550200.9086312489,0.14529248434912545,3,target
267260,2024-04-05,2024-04-09,193100.0,222064.99999999997,18,505588.4516114993,0.14529248434912567,2,target
440110,2024-04-08,2024-04-09,20600.0,19982.0,159,-111395.56299089966,-0.03397068711421547,1,stop
084370,2024-04-09,2024-04-11,49050.0,47578.5,78,-130117.93504515011,-0.03397068711421558,1,stop
010120,2024-04-08,2024-04-12,23160.0,26633.999999999996,142,478375.871046599,0.14529248434912545,3,target
000500,2024-04-09,2024-04-12,35750.0,41112.5,107,556419.306210625,0.1452924843491259,2,target
039030,2024-04-11,2024-04-12,244000.0,280600.0,15,532382.10855,0.1452924843491259,1,target
267260,2024-04-11,2024-04-12,210500.0,242074.99999999997,17,520527.1517612492,0.14529248434912567,1,target
001440,2024-04-05,2024-04-15,12630.0,13380.0,276,192103.9202340003,0.05504584946754143,5,time
214450,2024-04-12,2024-04-15,127500.0,123675.0,32,-138759.81467999984,-0.03397068711421558,1,stop
006260,2024-04-12,2024-04-16,116200.0,112714.0,36,-142269.62175720045,-0.03397068711421569,2,stop
298040,2024-04-12,2024-04-16,325000.0,315250.0,12,-132638.05814999994,-0.03397068711421558,2,stop
000500,2024-04-15,2024-04-16,45100.0,43747.0,89,-136511.76964315027,-0.03397068711421569,1,stop
010120,2024-04-15,2024-04-16,27860.0,27024.2,144,-136441.70954063954,-0.03397068711421547,1,stop
267260,2024-04-16,2024-04-17,234000.0,226980.0,16,-127332.5358239999,-0.03397068711421558,1,stop
161390,2024-04-12,2024-04-19,60000.0,58200.0,69,-140800.4001899995,-0.03397068711421547,5,stop
440110,2024-04-18,2024-04-19,20500.0,19885.0,187,-130376.40920974966,-0.03397068711421547,1,stop
010120,2024-04-18,2024-04-19,29180.0,33557.0,131,556030.9290986499,0.1452924843491259,1,target
003230,2024-04-16,2024-04-22,242500.0,278875.0,16,564383.2189000002,0.1452924843491259,4,target
042660,2024-04-19,2024-04-22,33250.0,32252.5,121,-136829.76088512456,-0.03397068711421547,1,stop
031980,2024-04-19,2024-04-22,51100.0,49567.0,79,-137293.99408864975,-0.03397068711421558,1,stop
090430,2024-04-19,2024-04-22,145000.0,140650.0,27,-133148.20452749962,-0.03397068711421547,1,stop
082740,2024-04-16,2024-04-23,10840.0,11610.0,359,259666.67934649996,0.0666489445927605,5,time
010120,2024-04-22,2024-04-23,33420.0,32417.399999999998,120,-136392.73548839986,-0.03397068711421558,1,stop
042660,2024-04-24,2024-04-25,35050.0,33998.5,115,-137084.8340738751,-0.03397068711421558,1,stop
226950,2024-04-24,2024-04-25,16400.0,15908.0,246,-137208.96969239973,-0.03397068711421547,1,stop
003670,2024-04-25,2024-04-26,281100.0,272667.0,14,-133842.00360090053,-0.03397068711421569,1,stop
440110,2024-04-22,2024-04-29,18800.0,20100.0,214,260891.97425000044,0.06477238369183302,5,time
082740,2024-04-26,2024-04-30,13010.0,12619.699999999999,297,-131412.6865512454,-0.03397068711421569,2,stop
131290,2024-04-29,2024-04-30,79000.0,76630.0,54,-145085.6297609997,-0.03397068711421547,1,stop
267260,2024-04-24,2024-05-02,245000.0,237650.0,16,-133318.25332000013,-0.03397068711421558,5,stop
003230,2024-04-24,2024-05-02,282000.0,302500.0,14,269974.21604999993,0.06830396705399489,5,time
000500,2024-04-30,2024-05-02,50300.0,48791.0,78,-133433.88649889966,-0.03397068711421547,1,stop
272210,2024-04-30,2024-05-02,20150.0,19545.5,195,-133632.84358612495,-0.03397068711421558,1,stop
087010,2024-04-25,2024-05-03,26844.0,30870.6,149,581802.8778594299,0.1452924843491259,5,target
131290,2024-05-02,2024-05-03,82000.0,79540.0,47,-131073.60925899958,-0.03397068711421547,1,stop
090430,2024-05-02,2024-05-07,172400.0,167228.0,22,-128992.21203880012,-0.03397068711421558,2,stop
218410,2024-05-03,2024-05-07,17670.0,17139.899999999998,243,-146031.44114488503,-0.03397068711421558,1,stop
214450,2024-05-07,2024-05-08,139000.0,134830.0,28,-132365.98008199967,-0.03397068711421547,1,stop
131290,2024-05-07,2024-05-08,82000.0,79540.0,47,-131073.60925899958,-0.03397068711421547,1,stop
257720,2024-05-03,2024-05-09,14850.0,17077.5,289,624261.6601526253,0.1452924843491259,3,target
278470,2024-05-02,2024-05-10,57900.0,66585.0,67,564281.3971852502,0.1452924843491259,5,target
011070,2024-05-02,2024-05-10,222500.0,234000.0,17,179422.21472499985,0.047380327650983656,5,time
043260,2024-05-08,2024-05-10,1911.0,2197.6499999999996,1982,550943.0434721839,0.14529248434912545,2,target
214150,2024-05-10,2024-05-13,48500.0,47045.0,91,-150102.0691397488,-0.03397068711421536,1,stop
005290,2024-05-10,2024-05-13,47950.0,46511.5,92,-150030.64864690043,-0.03397068711421569,1,stop
259960,2024-05-10,2024-05-13,265000.0,257050.0,16,-144201.37603999907,-0.03397068711421536,1,stop
257720,2024-05-13,2024-05-14,26000.0,25220.0,164,-145017.61024399893,-0.03397068711421536,1,stop
000500,2024-05-13,2024-05-14,66800.0,64796.0,63,-143126.66767139966,-0.03397068711421547,1,stop
043260,2024-05-13,2024-05-14,2125.0,2061.25,2010,-145264.18099312438,-0.03397068711421547,1,stop
009830,2024-05-08,2024-05-16,28250.0,30000.0,134,218294.94617500016,0.05759983164213245,5,time
001440,2024-05-14,2024-05-16,18430.0,17877.1,223,-139776.36636156542,-0.03397068711421569,1,stop
032820,2024-05-14,2024-05-16,1738.0,1998.6999999999998,2374,600168.0241701095,0.14529248434912567,1,target
011200,2024-05-14,2024-05-16,18560.0,18003.2,222,-140131.0881427196,-0.03397068711421547,1,stop
218410,2024-05-10,2024-05-17,17600.0,17072.0,250,-149642.93739999924,-0.03397068711421547,4,stop
083650,2024-05-16,2024-05-17,9960.0,9661.199999999999,419,-141930.8845625408,-0.0339706871142158,1,stop
007660,2024-05-17,2024-05-20,49209.0,47732.729999999996,84,-140581.2413062267,-0.0339706871142158,1,stop
214150,2024-05-17,2024-05-20,49250.0,47772.5,84,-140698.3709145002,-0.03397068711421558,1,stop
010120,2024-05-17,2024-05-20,38900.0,44735.0,107,605446.4618627499,0.1452924843491259,1,target
001440,2024-05-20,2024-05-22,19200.0,18624.0,222,-144963.19463040028,-0.03397068711421569,2,stop
000810,2024-05-20,2024-05-22,365500.0,354535.0,11,-136736.23404924944,-0.03397068711421547,2,stop
257720,2024-05-16,2024-05-23,28400.0,31450.0,147,429919.0764225004,0.1028612563619109,5,time
263750,2024-05-16,2024-05-23,38700.0,40900.0,107,217735.79265000066,0.05252134838510858,5,time
032820,2024-05-20,2024-05-23,1970.0,2265.5,2169,621538.6565810246,0.14529248434912567,3,target
007660,2024-05-22,2024-05-23,51543.0,49996.71,80,-140237.1985892402,-0.03397068711421558,1,stop
003230,2024-05-22,2024-05-24,493500.0,478695.0,8,-134270.52655800013,-0.03397068711421558,2,stop
336260,2024-05-23,2024-05-24,25000.0,24250.0,180,-153043.91325000022,-0.03397068711421558,1,stop
196170,2024-05-23,2024-05-24,192300.0,186531.0,23,-150421.76086964924,-0.03397068711421536,1,stop
005380,2024-05-23,2024-05-27,273500.0,265295.0,16,-148826.70319599938,-0.03397068711421547,2,stop
178320,2024-05-24,2024-05-27,30050.0,34557.5,142,620690.6271567494,0.14529248434912567,1,target
950160,2024-05-24,2024-05-27,15660.0,15190.199999999999,274,-145930.4321621405,-0.03397068711421569,1,stop
000150,2024-05-24,2024-05-28,193000.0,221949.99999999997,22,617621.4297549985,0.14529248434912545,2,target
010120,2024-05-27,2024-05-28,47000.0,45590.0,93,-148656.65440349933,-0.03397068711421547,1,stop
336260,2024-05-27,2024-05-28,26400.0,25608.0,166,-149044.36565040052,-0.03397068711421569,1,stop
083650,2024-05-27,2024-05-28,11070.0,10737.9,398,-149842.2345848102,-0.03397068711421558,1,stop
034020,2024-05-28,2024-05-29,21900.0,21243.0,202,-150452.36965230014,-0.03397068711421558,1,stop
178320,2024-05-29,2024-05-30,32400.0,31428.0,135,-148758.68367900047,-0.03397068711421569,1,stop
084370,2024-05-29,2024-05-31,56500.0,54805.0,77,-147959.45435424987,-0.03397068711421558,2,stop
267260,2024-05-27,2024-06-03,285000.0,291000.0,15,72214.8705000002,0.016872960932404757,5,time
087010,2024-05-28,2024-06-04,34015.0,38571.0,130,572411.8934559999,0.1292991305326967,5,time
950160,2024-05-29,2024-06-05,14090.0,14190.0,312,13092.005783999339,0.002974687747344218,5,time
310210,2024-05-30,2024-06-05,41350.0,47552.49999999999,104,625534.4315869994,0.14529248434912567,4,target
078600,2024-05-31,2024-06-10,117600.0,123100.0,35,175064.30917500006,0.04248376828880063,5,time
272210,2024-06-19,2024-06-20,21400.0,20758.0,215,-156478.89885850064,-0.03397068711421569,1,stop
047050,2024-06-19,2024-06-20,67000.0,64990.0,68,-154948.4597260002,-0.03397068711421558,1,stop
003230,2024-06-19,2024-06-20,695000.0,674150.0,6,-141820.69294500072,-0.0339706871142158,1,stop
007660,2024-06-19,2024-06-20,55044.0,53392.68,83,-155378.7511905413,-0.03397068711421547,1,stop
000250,2024-06-20,2024-06-21,161600.0,156752.0,27,-148391.37828719988,-0.03397068711421558,1,stop
012450,2024-06-20,2024-06-21,258228.0,250481.16,17,-149298.62260494567,-0.03397068711421547,1,stop
082740,2024-06-20,2024-06-21,15880.0,15403.6,283,-152841.21508933976,-0.03397068711421558,1,stop
000990,2024-06-21,2024-06-24,55900.0,54223.0,77,-146388.20351155056,-0.03397068711421569,1,stop
141080,2024-06-21,2024-06-24,74900.0,72653.0,58,-147745.19287570007,-0.03397068711421558,1,stop
096770,2024-06-21,2024-06-24,124800.0,121056.0,34,-144310.20726719964,-0.03397068711421547,1,stop
078930,2024-06-24,2024-06-25,50800.0,49276.0,82,-141671.05000759987,-0.03397068711421558,1,stop
310210,2024-06-24,2024-06-25,51000.0,49470.0,82,-142228.81004700018,-0.03397068711421558,1,stop
145020,2024-06-24,2024-06-25,248000.0,240560.0,16,-134950.72172799986,-0.03397068711421558,1,stop
079550,2024-06-19,2024-06-26,203000.0,200000.0,22,-84107.98989999946,-0.01881132203972924,5,time
000250,2024-06-25,2024-06-26,147300.0,142881.0,27,-135260.21053034998,-0.03397068711421558,1,stop
034220,2024-06-25,2024-06-26,11800.0,11446.0,344,-138052.41170320055,-0.03397068711421569,1,stop
086280,2024-06-20,2024-06-27,106291.0,114795.0,42,337819.7762772003,0.075585774907998,5,time
028300,2024-06-26,2024-06-27,72000.0,69840.0,57,-139576.0488839997,-0.03397068711421547,1,stop
000500,2024-06-28,2024-07-01,55500.0,53835.0,77,-145340.70294974977,-0.03397068711421558,1,stop
087010,2024-06-28,2024-07-01,44967.0,51712.049999999996,95,621383.7421150124,0.1452924843491259,1,target
010120,2024-06-28,2024-07-01,43600.0,42292.0,98,-145316.8961187997,-0.03397068711421547,1,stop
329180,2024-06-25,2024-07-02,152000.0,153300.0,26,17504.269510000013,0.004424129580783642,5,time
007660,2024-07-01,2024-07-02,56794.0,55090.18,77,-148729.36726717278,-0.03397068711421558,1,stop
021240,2024-06-26,2024-07-03,61000.0,63700.0,67,163617.35435500043,0.039987615866561965,5,time
298380,2024-07-02,2024-07-03,24250.0,23522.5,176,-145153.64927799953,-0.03397068711421547,1,stop
036930,2024-07-02,2024-07-03,38550.0,37393.5,110,-144218.38091924926,-0.03397068711421547,1,stop
347850,2024-07-03,2024-07-04,7870.0,7633.9,533,-142661.07407753542,-0.03397068711421569,1,stop
000250,2024-07-03,2024-07-04,162500.0,186875.0,25,590929.5945312502,0.1452924843491259,1,target
000500,2024-07-03,2024-07-04,49700.0,48209.0,84,-141983.93978579994,-0.03397068711421558,1,stop
087010,2024-07-03,2024-07-05,57468.0,66088.2,73,610226.8459106693,0.14529248434912567,2,target
178320,2024-07-04,2024-07-05,34150.0,33125.5,125,-145179.15659687482,-0.03397068711421558,1,stop
028300,2024-07-04,2024-07-05,78400.0,90160.0,54,615817.7308080001,0.1452924843491259,1,target
207940,2024-07-04,2024-07-08,1192113.0,1156349.6099999999,3,-121630.42570413183,-0.03397068711421569,2,stop
298380,2024-07-05,2024-07-08,29400.0,28518.0,165,-164981.33848349936,-0.03397068711421547,1,stop
310210,2024-07-05,2024-07-08,57000.0,65550.0,85,704751.7256625006,0.1452924843491259,1,target
000150,2024-07-05,2024-07-08,229500.0,222615.0,21,-163910.03109074943,-0.03397068711421547,1,stop
003490,2024-07-02,2024-07-09,23200.0,22504.0,184,-145180.8570848005,-0.03397068711421569,5,stop
028300,2024-07-08,2024-07-09,95400.0,92538.0,48,-155737.4861232005,-0.03397068711421569,1,stop
000250,2024-07-08,2024-07-10,196700.0,226204.99999999997,23,658073.742429249,0.14529248434912567,2,target
087010,2024-07-08,2024-07-10,64058.0,73666.7,71,661567.390921914,0.14529248434912567,2,target
086520,2024-07-09,2024-07-10,103006.0,99915.81999999999,42,-147134.78573014215,-0.03397068711421558,1,stop
347850,2024-07-08,2024-07-11,8758.0,8495.26,525,-156375.16909507476,-0.03397068711421558,3,stop
032820,2024-07-10,2024-07-11,2925.0,2837.25,1668,-165930.2107456494,-0.03397068711421547,1,stop
310210,2024-07-10,2024-07-11,70900.0,68773.0,68,-163967.8476801999,-0.03397068711421558,1,stop
006260,2024-07-11,2024-07-12,159800.0,155006.0,29,-157608.0228407001,-0.03397068711421558,1,stop
298040,2024-07-11,2024-07-12,394000.0,382180.0,11,-147398.29333899915,-0.03397068711421536,1,stop
353200,2024-07-11,2024-07-12,24900.0,24153.0,187,-158359.63850354962,-0.03397068711421547,1,stop
131970,2024-07-09,2024-07-15,42400.0,41128.0,102,-147085.40356080048,-0.03397068711421569,4,stop
039030,2024-07-10,2024-07-15,207500.0,201275.0,23,-162311.5724412501,-0.03397068711421558,3,stop
058610,2024-07-12,2024-07-15,27550.0,26723.5,163,-152725.92200802546,-0.03397068711421569,1,stop
403870,2024-07-12,2024-07-15,42000.0,40740.0,107,-152839.85469899885,-0.03397068711421536,1,stop
032820,2024-07-15,2024-07-16,2885.0,2798.45,1516,-148747.12036110926,-0.03397068711421547,1,stop
454910,2024-07-15,2024-07-16,103600.0,100492.0,42,-147983.26118519902,-0.03397068711421536,1,stop
310210,2024-07-15,2024-07-16,83300.0,80801.0,52,-147316.66991860094,-0.0339706871142158,1,stop
950160,2024-07-15,2024-07-17,18490.0,17935.3,236,-148406.34258093964,-0.03397068711421547,2,stop
047040,2024-07-16,2024-07-17,4270.0,4141.9,990,-143769.45210705092,-0.0339706871142158,1,stop
226950,2024-07-12,2024-07-18,10280.0,11821.999999999998,438,654952.1795741981,0.14529248434912545,4,target
079550,2024-07-16,2024-07-18,235500.0,228435.0,17,-136158.06815474993,-0.03397068711421558,2,stop
267270,2024-07-17,2024-07-18,63800.0,61886.0,67,-145378.11368409963,-0.03397068711421547,1,stop
009540,2024-07-17,2024-07-19,180000.0,174600.0,23,-140800.40018999996,-0.03397068711421558,2,stop
443060,2024-07-18,2024-07-19,133500.0,129495.0,33,-149829.99107174948,-0.03397068711421547,1,stop
010140,2024-07-18,2024-07-19,10930.0,10602.1,407,-151292.75078483485,-0.03397068711421558,1,stop
096770,2024-07-18,2024-07-19,127500.0,123675.0,34,-147432.30309749907,-0.03397068711421536,1,stop
000100,2024-07-16,2024-07-23,96500.0,96800.0,43,-4143.510745000094,-0.0009974094616320706,5,time
226950,2024-07-22,2024-07-23,13860.0,15938.999999999998,304,612885.2654232001,0.1452924843491259,1,target
079550,2024-07-22,2024-07-23,232500.0,225525.0,18,-142330.83932249993,-0.03397068711421558,1,stop
267270,2024-07-22,2024-07-23,59400.0,68310.0,71,613461.2854095008,0.14529248434912612,1,target
012450,2024-07-22,2024-07-23,288789.0,280125.33,14,-137503.01806439087,-0.03397068711421558,1,stop
009540,2024-07-23,2024-07-25,186600.0,181002.0,23,-145963.08153030043,-0.03397068711421569,2,stop
082740,2024-07-24,2024-07-25,16900.0,16393.0,264,-151737.9385236008,-0.0339706871142158,1,stop
010120,2024-07-24,2024-07-25,51600.0,50052.0,86,-150921.70431960095,-0.0339706871142158,1,stop
090430,2024-07-23,2024-07-26,177700.0,172369.0,24,-145044.8180507999,-0.03397068711421558,3,stop
272210,2024-07-25,2024-07-26,22000.0,21340.0,196,-146650.07865199912,-0.03397068711421536,1,stop
347850,2024-07-25,2024-07-29,9522.0,9236.34,453,-146699.93695796002,-0.03397068711421536,2,stop
226950,2024-07-25,2024-08-01,14660.0,15100.0,294,111315.23432399984,0.02579729009263887,5,time
145020,2024-07-25,2024-08-01,240000.0,246500.0,17,93453.58447500039,0.022878976058186673,5,time
047810,2024-08-01,2024-08-02,56500.0,54805.0,77,-147959.45435424987,-0.03397068711421558,1,stop
329180,2024-07-29,2024-08-05,207000.0,200790.0,20,-140800.40018999996,-0.03397068711421558,5,stop
064350,2024-07-29,2024-08-05,49500.0,48015.0,85,-143096.05888875015,-0.03397068711421558,5,stop
009540,2024-07-29,2024-08-05,200000.0,194000.0,21,-142840.985700001,-0.0339706871142158,5,stop
042660,2024-08-02,2024-08-05,32050.0,31088.5,134,-146061.70982994977,-0.03397068711421558,1,stop
084370,2024-08-02,2024-08-05,45850.0,44474.5,93,-145019.3107319246,-0.03397068711421547,1,stop
272210,2025-02-19,2025-02-20,36000.0,34920.0,113,-138351.6975779999,-0.03397068711421558,1,stop
226950,2025-02-19,2025-02-20,47000.0,45590.0,87,-139065.90250649955,-0.03397068711421547,1,stop
010120,2025-02-19,2025-02-20,58100.0,56357.0,70,-138317.68781950045,-0.03397068711421569,1,stop
012450,2025-02-19,2025-02-20,629227.0,610350.19,6,-128399.14987007761,-0.03397068711421569,1,stop
222800,2025-02-19,2025-02-21,19630.0,19041.1,208,-138863.20434584003,-0.03397068711421558,2,stop
440110,2025-02-20,2025-02-21,17720.0,17188.399999999998,223,-134391.60129826004,-0.03397068711421558,1,stop
036930,2025-02-20,2025-02-21,38150.0,37005.5,103,-133639.64553782484,-0.03397068711421558,1,stop
034020,2025-02-20,2025-02-21,29400.0,28518.0,134,-133984.84458660008,-0.03397068711421558,1,stop
084370,2025-02-20,2025-02-21,46000.0,44620.0,85,-132978.15573500004,-0.03397068711421558,1,stop
028300,2025-02-21,2025-02-24,84300.0,81771.0,45,-129016.01886974974,-0.03397068711421547,1,stop
047810,2025-02-21,2025-02-24,61300.0,59461.0,62,-129257.4881551005,-0.03397068711421569,1,stop
319660,2025-02-21,2025-02-24,21450.0,20806.5,179,-130582.16824867483,-0.03397068711421558,1,stop
000990,2025-02-21,2025-02-24,45750.0,44377.5,84,-130699.50191549957,-0.03397068711421547,1,stop
131290,2025-02-21,2025-02-24,49800.0,48306.0,77,-130413.81994409952,-0.03397068711421547,1,stop
005490,2025-02-24,2025-02-26,281000.0,272570.0,13,-124237.64780050004,-0.03397068711421558,2,stop
214150,2025-02-24,2025-02-26,58000.0,56260.0,64,-126244.22355199978,-0.03397068711421558,2,stop
047050,2025-02-24,2025-02-26,45800.0,52669.99999999999,81,539625.9962564991,0.14529248434912567,2,target
000150,2025-02-24,2025-02-27,363000.0,352110.0,10,-123455.42335499963,-0.03397068711421547,3,stop
010140,2025-02-26,2025-02-27,15390.0,14928.3,250,-130852.54582874989,-0.03397068711421558,1,stop
011200,2025-02-26,2025-02-27,21200.0,20564.0,181,-130502.24531619996,-0.03397068711421558,1,stop
084370,2025-02-24,2025-02-28,43300.0,42001.0,85,-125172.91615924938,-0.03397068711421547,4,stop
015760,2025-02-27,2025-02-28,23350.0,22649.5,158,-125472.20203405013,-0.03397068711421558,1,stop
226950,2025-02-27,2025-03-04,53900.0,52283.0,68,-124652.56685420033,-0.03397068711421569,2,stop
145020,2025-02-27,2025-03-04,322000.0,312340.0,11,-120462.56460699998,-0.03397068711421558,2,stop
214150,2025-02-28,2025-03-04,67300.0,65281.0,54,-123598.26434070012,-0.03397068711421558,1,stop
047050,2025-02-28,2025-03-04,50900.0,49373.0,72,-124638.96295080008,-0.03397068711421558,1,stop
035720,2025-02-28,2025-03-04,43700.0,42389.0,84,-124843.02150180051,-0.03397068711421569,1,stop
950160,2025-03-18,2025-03-19,49450.0,56867.49999999999,71,510701.3562878738,0.14529248434912545,1,target
108490,2025-03-18,2025-03-19,39439.0,38255.83,89,-119376.66702785343,-0.03397068711421558,1,stop
006260,2025-03-18,2025-03-19,122400.0,118728.0,28,-116558.24433120014,-0.03397068711421558,1,stop
196170,2025-03-18,2025-03-19,453500.0,439895.0,7,-107963.97835825011,-0.03397068711421558,1,stop
064350,2025-03-18,2025-03-21,109000.0,105730.0,32,-118626.03764799982,-0.03397068711421558,3,stop
272210,2025-03-20,2025-03-21,41850.0,40594.5,85,-120981.21342412475,-0.03397068711421547,1,stop
031980,2025-03-21,2025-03-24,44100.0,42777.0,77,-115486.93693844974,-0.03397068711421547,1,stop
039030,2025-03-24,2025-03-25,152300.0,147731.0,21,-108773.41061055008,-0.03397068711421558,1,stop
036930,2025-03-19,2025-03-26,38150.0,41150.0,93,263637.2853600001,0.07422156774668709,5,time
028050,2025-03-19,2025-03-26,20500.0,20450.0,174,-23292.63136500027,-0.006522532134056291,5,time
319660,2025-03-20,2025-03-27,21400.0,21650.0,167,26980.77175249951,0.007540929953619324,5,time
067310,2025-03-21,2025-03-28,12330.0,12320.0,277,-16758.867163500283,-0.004901201933690924,5,time
051910,2025-03-25,2025-03-31,265000.0,257050.0,12,-108151.03202999942,-0.03397068711421536,4,stop
180640,2025-05-19,2025-05-20,114100.0,110677.0,30,-116415.40334549965,-0.03397068711421547,1,stop
011200,2025-05-19,2025-05-20,22600.0,21922.0,154,-118367.5634833998,-0.03397068711421558,1,stop
003230,2025-05-20,2025-05-21,1161000.0,1126170.0,2,-78970.65923699923,-0.03397068711421525,1,stop
108490,2025-05-19,2025-05-22,55313.0,53653.61,63,-118514.45163036184,-0.03397068711421569,3,stop
034020,2025-05-19,2025-05-23,34900.0,40135.0,100,507653.9778250004,0.1452924843491259,4,target
032820,2025-05-20,2025-05-23,2020.0,2323.0,1677,492750.18797745043,0.1452924843491259,3,target
214370,2025-05-19,2025-05-26,33100.0,36350.0,105,326000.68383749994,0.0936918903478452,5,time
000720,2025-05-22,2025-05-26,48450.0,55717.49999999999,70,493326.20796374977,0.1452924843491259,2,target
034020,2025-05-26,2025-05-27,42800.0,41516.0,90,-131005.58974200021,-0.03397068711421569,1,stop
032820,2025-05-26,2025-05-27,2520.0,2444.4,1534,-131470.8432382797,-0.03397068711421547,1,stop
000500,2025-05-21,2025-05-28,73700.0,73700.0,44,-13289.642959999852,-0.004093491870325261,5,time
087010,2025-05-27,2025-05-28,229000.0,222130.0,16,-124611.75514399959,-0.03397068711421547,1,stop
000720,2025-05-28,2025-05-29,64700.0,62759.0,53,-116622.86287235003,-0.03397068711421558,1,stop
298380,2025-05-28,2025-05-29,81200.0,78764.0,42,-115986.88038840005,-0.03397068711421558,1,stop
028260,2025-05-23,2025-05-30,140700.0,149800.0,28,237903.56814000057,0.06031837183955435,5,time
015760,2025-05-23,2025-05-30,29800.0,30350.0,132,56265.29205000028,0.014287332944148634,5,time
180640,2025-05-29,2025-05-30,154000.0,149380.0,21,-109987.55898899958,-0.03397068711421547,1,stop
000880,2025-05-30,2025-06-02,77100.0,74787.0,49,-128485.46663714945,-0.03397068711421547,1,stop
267250,2025-05-30,2025-06-02,113200.0,109804.0,33,-127046.85385259986,-0.03397068711421558,1,stop
000150,2025-05-30,2025-06-02,504000.0,488880.0,7,-119986.42798800021,-0.03397068711421569,1,stop
064350,2025-05-27,2025-06-04,139700.0,156100.0,26,410257.46943999967,0.11282037164668712,5,time
298380,2025-06-02,2025-06-04,79700.0,77309.0,46,-124686.57661269978,-0.03397068711421547,1,stop
218410,2025-06-02,2025-06-04,19250.0,22137.5,191,534818.5567243746,0.14529248434912567,1,target
000880,2025-06-04,2025-06-05,80400.0,92460.0,49,573052.6106130001,0.1452924843491259,1,target
377300,2025-05-29,2025-06-09,37750.0,43412.5,88,483216.76628500037,0.1452924843491259,5,target
131970,2025-06-02,2025-06-11,26450.0,29050.0,139,345267.33752000006,0.09380280004412289,5,time
257720,2025-06-04,2025-06-11,51100.0,58764.99999999999,77,572339.8586097499,0.1452924843491259,4,target
218410,2025-06-09,2025-06-11,22600.0,21922.0,168,-129128.25107279979,-0.03397068711421558,2,stop
267250,2025-06-04,2025-06-12,118200.0,123500.0,33,158398.94713500002,0.040562214500971416,5,time
000880,2025-06-11,2025-06-12,96500.0,93605.0,42,-137841.55120049976,-0.03397068711421558,1,stop
006800,2025-06-05,2025-06-13,17613.0,18977.0,260,334827.2884320002,0.07303229459926408,5,time
377300,2025-06-11,2025-06-13,54600.0,62789.99999999999,74,587714.9375369991,0.14529248434912567,2,target
001440,2025-06-12,2025-06-13,16770.0,16266.9,239,-136312.132360755,-0.03397068711421558,1,stop
403870,2025-06-13,2025-06-16,28350.0,27499.5,157,-151375.73459557444,-0.03397068711421547,1,stop
035720,2025-06-13,2025-06-16,53700.0,52089.0,83,-151584.89461035095,-0.0339706871142158,1,stop
377300,2025-06-16,2025-06-17,60500.0,58685.0,71,-146088.91763674933,-0.03397068711421547,1,stop
100790,2025-06-11,2025-06-18,6600.0,7110.0,616,296572.198692,0.07286292012151319,5,time
222800,2025-06-12,2025-06-19,22600.0,23300.0,177,107141.11696499959,0.026753169885903372,5,time
347850,2025-06-16,2025-06-19,30280.0,34822.0,143,629845.8539086999,0.1452924843491259,3,target
032820,2025-06-18,2025-06-19,3620.0,4163.0,1215,639774.9256927501,0.1452924843491259,1,target
034020,2025-06-13,2025-06-20,55300.0,60200.0,80,372713.927600001,0.08415138859686122,5,time
035420,2025-06-19,2025-06-20,254500.0,246865.0,18,-155798.70368849952,-0.03397068711421547,1,stop
064400,2025-06-19,2025-06-23,81800.0,94070.0,57,678219.8959905002,0.1452924843491259,2,target
018260,2025-06-20,2025-06-23,167000.0,192049.99999999997,29,704460.8064775001,0.1452924843491259,1,target
062040,2025-06-20,2025-06-23,85000.0,82450.0,58,-167668.10940499883,-0.03397068711421536,1,stop
272210,2025-06-17,2025-06-24,63400.0,63100.0,66,-36890.13669000007,-0.008805983233714954,5,time
347850,2025-06-23,2025-06-24,34209.0,33182.729999999996,154,-179169.73359308206,-0.0339706871142158,1,stop
377300,2025-06-23,2025-06-24,80500.0,78085.0,65,-177956.06135124993,-0.03397068711421558,1,stop
108490,2025-06-24,2025-06-25,82190.0,79724.3,58,-162125.1989646703,-0.03397068711421569,1,stop
336260,2025-06-24,2025-06-25,24450.0,23716.5,195,-162150.02608837374,-0.03397068711421536,1,stop
298040,2025-06-19,2025-06-26,827000.0,863000.0,5,162523.29400000023,0.039259149354182954,5,time
035420,2025-06-23,2025-06-26,276500.0,268205.0,19,-178670.2662797505,-0.03397068711421569,3,stop
035720,2025-06-24,2025-06-26,68100.0,66057.0,70,-162124.51876949985,-0.03397068711421558,2,stop
323410,2025-06-25,2025-06-26,35950.0,34871.5,128,-156499.30471360032,-0.03397068711421569,1,stop
454910,2025-06-25,2025-06-26,67200.0,65184.0,68,-155410.9924416002,-0.03397068711421558,1,stop
080220,2025-06-26,2025-06-27,18220.0,17673.399999999998,251,-155534.10776737053,-0.03397068711421569,1,stop
402340,2025-06-26,2025-06-27,190000.0,184300.0,24,-155084.49875999894,-0.03397068711421536,1,stop
319400,2025-06-26,2025-06-27,5180.0,5024.599999999999,885,-155910.93589155097,-0.0339706871142158,1,stop
108490,2025-06-27,2025-06-30,69628.0,67539.16,64,-151554.01374963205,-0.03397068711421558,1,stop
095340,2025-06-27,2025-06-30,62200.0,60334.0,71,-150193.89548769966,-0.03397068711421547,1,stop
454910,2025-06-30,2025-07-01,70400.0,68288.0,62,-148445.79390079994,-0.03397068711421558,1,stop
015760,2025-06-26,2025-07-02,36600.0,35502.0,125,-155594.6451374991,-0.03397068711421536,4,stop
000660,2025-06-27,2025-07-02,288000.0,279360.0,15,-146922.15671999892,-0.03397068711421536,3,stop
402340,2025-06-30,2025-07-02,177700.0,172369.0,24,-145044.8180507999,-0.03397068711421558,2,stop
218410,2025-06-27,2025-07-03,26600.0,25802.0,168,-151982.80878480058,-0.03397068711421569,4,stop
096770,2025-07-02,2025-07-03,121200.0,117564.0,34,-140147.4128267998,-0.03397068711421558,1,stop
010170,2025-07-02,2025-07-03,989.0,959.3299999999999,4286,-144162.4008567594,-0.03397068711421569,1,stop
000880,2025-07-02,2025-07-03,105700.0,102529.0,40,-143793.25893800007,-0.03397068711421558,1,stop
267270,2025-07-03,2025-07-04,84400.0,81868.0,49,-140650.75725260004,-0.03397068711421558,1,stop
141080,2025-07-03,2025-07-04,124300.0,120571.0,33,-139504.62839114992,-0.03397068711421558,1,stop
310210,2025-07-03,2025-07-07,119800.0,116206.0,34,-138528.5483222003,-0.03397068711421569,2,stop
237690,2025-07-04,2025-07-07,88000.0,85360.0,47,-140664.36115599982,-0.03397068711421558,1,stop
440110,2025-07-01,2025-07-08,13500.0,13380.0,325,-56865.87854999956,-0.012945994164811236,5,time
131970,2025-07-08,2025-07-09,29250.0,28372.5,152,-151207.38629099913,-0.03397068711421536,1,stop
051910,2025-07-03,2025-07-10,248000.0,274000.0,16,398511.9536000001,0.10031606140133409,5,time
084370,2025-07-07,2025-07-10,42150.0,40885.5,95,-136183.57547362428,-0.03397068711421536,3,stop
005490,2025-07-04,2025-07-11,310000.0,321000.0,13,126062.68284999998,0.03124512616008257,5,time
214450,2025-07-09,2025-07-11,576000.0,558720.0,7,-137127.3462720001,-0.03397068711421558,2,stop
068270,2025-07-07,2025-07-14,178100.0,177000.0,22,-40186.224429999944,-0.010244514660570414,5,time
003230,2025-07-11,2025-07-14,1503000.0,1457910.0,2,-102233.33405099995,-0.03397068711421558,1,stop
055550,2025-07-10,2025-07-17,69800.0,69900.0,60,-11180.949899999425,-0.002666691715411673,5,time
316140,2025-07-10,2025-07-17,24900.0,25200.0,170,33501.96885000076,0.007905381721598603,5,time
071050,2025-07-14,2025-07-17,157300.0,152581.0,25,-133743.37530125026,-0.03397068711421569,3,stop
196170,2025-07-11,2025-07-18,447500.0,490000.0,9,364866.8703749995,0.09048980778444804,5,time
278470,2025-07-14,2025-07-18,175300.0,170041.0,22,-131162.03463110002,-0.03397068711421558,4,stop
108490,2025-07-17,2025-07-18,87644.0,85014.68,46,-137114.55860280385,-0.03397068711421558,1,stop
087010,2025-07-17,2025-07-18,240500.0,276575.0,17,594711.5439362493,0.14529248434912567,1,target
000100,2025-07-18,2025-07-21,136300.0,132211.0,30,-139065.90250650002,-0.03397068711421558,1,stop
347850,2025-07-18,2025-07-21,37612.0,36483.64,111,-141988.42907392187,-0.03397068711421558,1,stop
357780,2025-07-18,2025-07-21,216500.0,210005.0,19,-139899.14158975007,-0.03397068711421558,1,stop
214370,2025-07-17,2025-07-22,47250.0,54337.49999999999,87,597948.0198693746,0.14529248434912567,3,target
319660,2025-07-18,2025-07-22,20600.0,19982.0,203,-142222.00809529983,-0.03397068711421558,2,stop
087010,2025-07-21,2025-07-22,307500.0,298275.0,13,-135954.00960374996,-0.03397068711421558,1,stop
310210,2025-07-21,2025-07-22,138600.0,134442.0,29,-136698.8233149005,-0.03397068711421569,1,stop
353200,2025-07-21,2025-07-23,20300.0,19691.0,200,-138079.61950999964,-0.03397068711421547,2,stop
003670,2025-07-22,2025-07-23,161800.0,156946.0,25,-137569.47313249996,-0.03397068711421558,1,stop
034020,2025-07-22,2025-07-23,67000.0,64990.0,62,-141276.5368090002,-0.03397068711421558,1,stop
066970,2025-07-22,2025-07-23,64000.0,62080.0,64,-139303.9708159999,-0.03397068711421558,1,stop
010140,2025-07-22,2025-07-25,19390.0,18808.3,214,-141122.13250540989,-0.03397068711421558,3,stop
082740,2025-07-23,2025-07-25,30300.0,34845.0,131,577372.7605102505,0.1452924843491259,2,target
000100,2025-07-23,2025-07-25,126200.0,122414.0,31,-133052.9772037007,-0.0339706871142158,2,stop
226950,2025-07-23,2025-07-28,45100.0,43747.0,88,-134977.92953479989,-0.03397068711421558,3,stop
000250,2025-07-25,2025-07-28,224500.0,217765.0,18,-137433.4340985003,-0.03397068711421569,1,stop
042660,2025-07-23,2025-07-29,85900.0,98784.99999999999,46,574769.0338044986,0.14529248434912545,4,target
066970,2025-07-25,2025-07-29,66200.0,64214.0,62,-139589.65278739994,-0.03397068711421558,2,stop
082740,2025-07-28,2025-07-29,35800.0,34726.0,111,-135147.97832729993,-0.03397068711421558,1,stop
298380,2025-07-28,2025-07-29,83300.0,80801.0,48,-135984.61838639993,-0.03397068711421558,1,stop
131970,2025-07-29,2025-07-30,36150.0,35065.5,112,-137698.71021479927,-0.03397068711421536,1,stop
298040,2025-07-29,2025-07-31,1256000.0,1218320.0,3,-128148.77002799977,-0.03397068711421547,2,stop
267270,2025-07-25,2025-08-01,93000.0,90210.0,44,-139167.93178199977,-0.03397068711421558,5,stop
240810,2025-07-30,2025-08-01,32900.0,31913.0,141,-157767.86870564986,-0.03397068711421558,2,stop
064760,2025-07-31,2025-08-01,110100.0,106797.0,33,-123567.65555805014,-0.03397068711421558,1,stop
042660,2025-08-01,2025-08-04,116200.0,112714.0,34,-134365.7538818,-0.03397068711421558,1,stop
067310,2025-08-01,2025-08-04,12490.0,12115.3,319,-135505.42088913498,-0.03397068711421558,1,stop
353200,2025-08-01,2025-08-04,23100.0,22407.0,172,-135127.5724721998,-0.03397068711421558,1,stop
062040,2025-07-29,2025-08-05,109700.0,126154.99999999999,36,574449.0227010003,0.1452924843491259,5,target
373220,2025-07-29,2025-08-05,373000.0,386500.0,10,119315.72725,0.03195138174830903,5,time
240810,2025-08-04,2025-08-08,30750.0,35362.5,125,559110.3086718745,0.14529248434912567,4,target
010170,2025-08-05,2025-08-12,1004.0,1012.0,4003,15458.876668399666,0.003842018154612159,5,time
009150,2025-08-06,2025-08-13,153600.0,162900.0,26,224720.5899900007,0.056205534989088646,5,time
247540,2025-08-06,2025-08-13,124700.0,136500.0,32,360133.3590400005,0.09014625789655661,5,time
353200,2025-08-06,2025-08-13,22350.0,24000.0,179,278083.82960249996,0.0694298073875701,5,time
278470,2025-08-08,2025-08-13,217000.0,210490.0,20,-147602.35188999958,-0.03397068711421547,3,stop
222800,2025-08-12,2025-08-13,27350.0,26529.5,152,-141385.3680362003,-0.03397068711421569,1,stop
108490,2025-08-13,2025-08-14,88520.0,85864.4,47,-141495.55965374038,-0.03397068711421569,1,stop
034220,2025-08-14,2025-08-18,12980.0,12590.6,324,-143028.71956691984,-0.03397068711421558,1,stop
064760,2025-08-14,2025-08-18,113800.0,110386.0,36,-139331.17862279946,-0.03397068711421547,1,stop
066970,2025-08-18,2025-08-19,89500.0,86815.0,45,-136974.30235875025,-0.03397068711421569,1,stop
298380,2025-08-18,2025-08-19,87500.0,84875.0,46,-136889.27796249976,-0.03397068711421558,1,stop
084370,2025-08-13,2025-08-20,50000.0,48500.0,84,-142840.985700001,-0.0339706871142158,4,stop
240810,2025-08-13,2025-08-21,39250.0,41400.0,107,212160.38564749993,0.050459348702383,5,time
086280,2025-08-13,2025-08-21,171400.0,172000.0,24,-2500.8074400001206,-0.0006072380495680818,5,time
047040,2025-08-22,2025-08-26,4170.0,4044.9,980,-138984.27908609994,-0.03397068711421558,2,stop
083650,2025-08-25,2025-08-26,53900.0,52283.0,77,-141150.70070255036,-0.03397068711421569,1,stop
010170,2025-08-25,2025-08-26,1076.0,1237.3999999999999,3868,605398.1692780401,0.1452924843491259,1,target
108490,2025-08-26,2025-08-27,95824.0,92949.28,44,-143393.84833417507,-0.03397068711421536,1,stop
319400,2025-08-27,2025-08-28,5030.0,4879.099999999999,834,-142671.61710267048,-0.03397068711421569,1,stop
138040,2025-08-22,2025-08-29,128000.0,126500.0,31,-62624.57327499986,-0.01576427126246993,5,time
032830,2025-08-22,2025-08-29,140000.0,143100.0,29,72996.2783049997,0.01795872366683171,5,time
010170,2025-08-28,2025-08-29,1179.0,1143.6299999999999,3511,-140782.3410082371,-0.03397068711421569,1,stop
298380,2025-08-27,2025-09-01,93500.0,90695.0,44,-139916.14646900026,-0.03397068711421569,3,stop
032820,2025-08-27,2025-09-01,3860.0,3744.2,1087,-142698.82490947004,-0.03397068711421558,3,stop
440110,2025-08-29,2025-09-01,14020.0,13599.4,286,-136369.60885262024,-0.03397068711421569,1,stop
067310,2025-08-29,2025-09-01,13880.0,13463.6,289,-136424.02446621936,-0.03397068711421547,1,stop
108490,2025-08-29,2025-09-02,84333.0,96982.95,47,576551.0592722171,0.14529248434912567,2,target
319660,2025-09-01,2025-09-02,24000.0,23280.0,164,-133862.40945599973,-0.03397068711421547,1,stop
347850,2025-09-01,2025-09-02,39164.0,37989.08,101,-134527.77637129417,-0.03397068711421558,1,stop
307950,2025-09-01,2025-09-02,174300.0,169071.0,22,-130413.81994409952,-0.03397068711421547,1,stop
082740,2025-09-02,2025-09-03,46000.0,44620.0,87,-136107.05351700028,-0.03397068711421569,1,stop
042660,2025-09-03,2025-09-04,123800.0,120086.0,32,-134733.05927359965,-0.03397068711421547,1,stop
226950,2025-09-03,2025-09-05,77600.0,89240.0,52,586958.5476559997,0.14529248434912567,2,target
319400,2025-09-03,2025-09-05,6360.0,7313.999999999999,637,589303.356287099,0.14529248434912567,2,target
347850,2025-09-04,2025-09-05,39239.0,38061.83,100,-133450.89137814986,-0.03397068711421558,1,stop
080220,2025-09-01,2025-09-08,15620.0,17963.0,253,574835.9452170506,0.14529248434912612,5,target
009540,2025-09-02,2025-09-09,412500.0,414000.0,9,-1754.3661749996245,-0.00047201365894455893,5,time
440110,2025-09-09,2025-09-10,17170.0,16654.899999999998,216,-126132.67154412111,-0.033970687114215914,1,stop
319400,2025-09-08,2025-09-11,7300.0,8395.0,749,795329.4139122497,0.1452924843491259,3,target
950160,2025-09-10,2025-09-11,44550.0,43213.5,80,-121210.779294,-0.03397068711421558,1,stop
310210,2025-09-05,2025-09-12,141100.0,162265.0,30,615730.4550525006,0.14529248434912612,5,target
010130,2025-09-05,2025-09-12,893000.0,1026949.9999999999,4,519581.66440999974,0.14529248434912567,5,target
009150,2025-09-05,2025-09-12,180200.0,190400.0,24,226354.42200000025,0.0522785746275809,5,time
336260,2025-09-12,2025-09-15,32350.0,31379.5,139,-152929.98055902496,-0.03397068711421558,1,stop
010170,2025-09-11,2025-09-16,1531.0,1485.07,3178,-165475.092157403,-0.03397068711421558,3,stop
319400,2025-09-15,2025-09-16,9080.0,8807.6,493,-152242.64333973918,-0.03397068711421536,1,stop
214370,2025-09-16,2025-09-17,67200.0,65184.0,67,-153125.5366703989,-0.03397068711421536,1,stop
067310,2025-09-11,2025-09-18,17610.0,20251.5,276,706985.9850033,0.1452924843491259,5,target
402340,2025-09-12,2025-09-19,187200.0,215279.99999999997,24,653520.8571839985,0.14529248434912545,5,target
039490,2025-09-12,2025-09-19,257000.0,277500.0,17,329567.568775001,0.07534652142406517,5,time
064760,2025-09-16,2025-09-23,143800.0,160800.0,31,507177.4216900002,0.11364232619785608,5,time
084370,2025-09-18,2025-09-23,60500.0,69575.0,96,844829.3132400019,0.14529248434912612,3,target
440110,2025-09-19,2025-09-23,21550.0,24782.499999999996,228,714701.1617894992,0.14529248434912567,2,target
357780,2025-09-17,2025-09-24,260500.0,289000.0,16,437574.39159999974,0.1048636500939577,5,time
039030,2025-09-19,2025-09-24,243500.0,236195.0,20,-165627.5238950001,-0.03397068711421558,3,stop
108490,2025-09-23,2025-09-24,140328.0,161377.19999999998,41,836894.2015499407,0.1452924843491259,1,target
347850,2025-09-23,2025-09-24,54930.0,53282.1,105,-196156.38361252472,-0.03397068711421558,1,stop
000250,2025-09-23,2025-09-24,266500.0,258505.0,21,-190335.61344525032,-0.03397068711421569,1,stop
222800,2025-09-24,2025-09-25,36750.0,42262.5,147,785809.0835831268,0.14529248434912612,1,target
950160,2025-09-24,2025-09-25,52300.0,50731.0,103,-183207.1680636499,-0.03397068711421558,1,stop
031980,2025-09-24,2025-09-26,47800.0,46366.0,113,-183700.30956189986,-0.03397068711421558,2,stop
440110,2025-09-25,2025-09-26,24000.0,23280.0,234,-190998.8037359994,-0.03397068711421547,1,stop
032820,2025-09-25,2025-09-26,4600.0,4462.0,1222,-191175.65448020026,-0.03397068711421558,1,stop
403870,2025-09-24,2025-10-01,33800.0,34350.0,160,65577.50600000005,0.012112087403974181,5,time
035420,2025-09-30,2025-10-01,279000.0,270630.0,19,-180285.7298084991,-0.03397068711421547,1,stop
131290,2025-09-25,2025-10-02,51100.0,55000.0,110,404699.3043500008,0.07191502831961083,5,time
347850,2025-09-29,2025-10-10,50550.0,49033.5,106,-182234.4889705507,-0.03397068711421569,4,stop
012450,2025-10-01,2025-10-10,1100000.0,1067000.0,4,-149642.93739999924,-0.03397068711421547,2,stop
067310,2025-09-29,2025-10-13,22500.0,25874.999999999996,238,778936.1178374989,0.14529248434912567,5,target
240810,2025-10-10,2025-10-13,57800.0,56066.0,81,-159226.88734530006,-0.03397068711421558,1,stop
064760,2025-10-10,2025-10-13,195200.0,189344.0,24,-159328.91662080027,-0.03397068711421569,1,stop
222800,2025-10-02,2025-10-14,50900.0,49373.0,136,-235429.1522404002,-0.03397068711421558,3,stop
353200,2025-10-13,2025-10-14,34750.0,33707.5,146,-172548.50974974968,-0.03397068711421547,1,stop
042700,2025-10-13,2025-10-14,115500.0,132825.0,44,739225.6490850002,0.1452924843491259,1,target
108490,2025-10-13,2025-10-14,185400.0,179838.0,27,-170246.049099301,-0.0339706871142158,1,stop
278470,2025-10-01,2025-10-15,253000.0,245410.0,21,-180693.84691049997,-0.03397068711421558,5,stop
010130,2025-10-14,2025-10-15,1205000.0,1385750.0,4,701115.2358500008,0.14529248434912612,1,target
080220,2025-10-14,2025-10-15,24100.0,23377.0,232,-190155.36172519997,-0.03397068711421558,1,stop
043260,2025-10-14,2025-10-15,1300.0,1494.9999999999998,4302,813497.3170154989,0.14529248434912567,1,target
034020,2025-10-14,2025-10-15,79600.0,77212.0,70,-189502.37436199933,-0.03397068711421547,1,stop
083650,2025-10-15,2025-10-16,53900.0,52283.0,106,-194311.35421389993,-0.03397068711421558,1,stop
067310,2025-10-15,2025-10-17,26250.0,25462.5,218,-194620.84301625006,-0.03397068711421558,2,stop
003670,2025-10-15,2025-10-17,172700.0,198604.99999999997,33,828988.7636167482,0.14529248434912545,2,target
010130,2025-10-17,2025-10-20,1243000.0,1205710.0,4,-169096.51926199906,-0.03397068711421536,1,stop
066970,2025-10-17,2025-10-20,102100.0,117414.99999999999,59,876234.0392607497,0.1452924843491259,1,target
131970,2025-10-15,2025-10-22,46700.0,48150.0,122,153029.40527500026,0.02682865881036056,5,time
240810,2025-10-15,2025-10-22,53700.0,57400.0,106,367716.00074999966,0.06452576474196126,5,time
086520,2025-10-20,2025-10-22,74800.0,86020.0,86,935712.4666339997,0.1452924843491259,2,target
042700,2025-10-16,2025-10-23,141500.0,149500.0,39,288464.29169999994,0.05221217643382592,5,time
071050,2025-10-22,2025-10-23,171600.0,166452.0,37,-215934.75866819918,-0.03397068711421547,1,stop
066970,2025-10-22,2025-10-24,115000.0,132250.0,56,936759.7757000001,0.1452924843491259,2,target
051910,2025-10-23,2025-10-24,406500.0,394305.0,15,-207374.50245374907,-0.03397068711421547,1,stop
247540,2025-10-20,2025-10-27,158800.0,172900.0,40,536305.5334000001,0.08433397516133967,5,time
000150,2025-10-22,2025-10-27,740000.0,850999.9999999999,8,861120.7875999995,0.14529248434912567,3,target
267270,2025-10-24,2025-10-27,113900.0,110483.0,59,-228548.97809584998,-0.03397068711421558,1,stop
003670,2025-10-27,2025-10-28,258000.0,250260.0,26,-228137.46001799963,-0.03397068711421558,1,stop
010120,2025-10-24,2025-10-29,73100.0,84065.0,92,978244.851480999,0.14529248434912567,3,target
010140,2025-10-28,2025-10-29,30850.0,29924.5,242,-253906.6540334504,-0.03397068711421569,1,stop
042660,2025-10-23,2025-10-30,129300.0,148695.0,48,902780.4148920001,0.1452924843491259,5,target
066970,2025-10-29,2025-10-30,143900.0,139583.0,51,-249594.2166556511,-0.03397068711421569,1,stop
086520,2025-10-27,2025-10-31,91300.0,88561.0,74,-229776.7303777011,-0.0339706871142158,4,stop
007660,2025-10-29,2025-10-31,102900.0,118334.99999999999,72,1077681.028913999,0.14529248434912567,2,target
336260,2025-10-30,2025-10-31,44200.0,42874.0,162,-243523.47476340085,-0.03397068711421569,1,stop
222800,2025-10-30,2025-10-31,63500.0,61595.0,113,-244037.02211674955,-0.03397068711421547,1,stop
298040,2025-10-27,2025-11-03,1935000.0,2225250.0,3,844392.9344624998,0.1452924843491259,5,target
347850,2025-10-31,2025-11-03,60060.0,69069.0,120,1048356.3750659991,0.14529248434912567,1,target
032820,2025-10-31,2025-11-03,5280.0,5121.599999999999,1368,-245653.84603584092,-0.03397068711421569,1,stop
000500,2025-11-03,2025-11-04,92000.0,89240.0,79,-247182.92477799952,-0.03397068711421547,1,stop
307950,2025-11-03,2025-11-04,230000.0,223100.0,31,-242489.57810499985,-0.03397068711421558,1,stop
218410,2025-10-31,2025-11-05,34850.0,33804.5,207,-245344.69733107463,-0.03397068711421558,3,stop
010140,2025-10-31,2025-11-05,29150.0,28275.5,247,-244871.9616879234,-0.03397068711421536,3,stop
010170,2025-11-04,2025-11-05,2731.0,2649.0699999999997,2591,-240653.76535092853,-0.03397068711421558,1,stop
108490,2025-11-04,2025-11-05,269000.0,260930.0,26,-237864.250949,-0.03397068711421558,1,stop
001440,2025-11-03,2025-11-06,25200.0,24444.0,290,-248543.3151179999,-0.03397068711421558,3,stop
347850,2025-11-05,2025-11-06,79955.0,77556.34999999999,86,-233855.52071460523,-0.03397068711421558,1,stop
277810,2025-11-05,2025-11-06,477000.0,462690.0,14,-227117.16726300027,-0.03397068711421558,1,stop
039030,2025-11-05,2025-11-06,285000.0,276450.0,24,-232626.74814000074,-0.03397068711421569,1,stop
454910,2025-11-05,2025-11-06,84900.0,82353.0,81,-233881.7082286505,-0.03397068711421569,1,stop
307950,2025-11-06,2025-11-07,210500.0,204185.0,32,-229089.73325599916,-0.03397068711421547,1,stop
000500,2025-11-06,2025-11-07,88100.0,85457.0,76,-227715.73901259992,-0.03397068711421558,1,stop
353200,2025-11-06,2025-11-07,43950.0,42631.5,153,-228693.5195694752,-0.03397068711421558,1,stop
196170,2025-11-06,2025-11-07,539000.0,522830.0,12,-219975.11797799915,-0.03397068711421547,1,stop
028300,2025-11-06,2025-11-07,55000.0,53350.0,122,-228205.4795350004,-0.03397068711421569,1,stop
098460,2025-11-07,2025-11-10,19600.0,19012.0,332,-221308.30051119905,-0.03397068711421547,1,stop
240810,2025-11-07,2025-11-10,69300.0,67221.0,94,-221546.36882069986,-0.03397068711421558,1,stop
298380,2025-11-07,2025-11-11,100000.0,97000.0,65,-221063.43024999928,-0.03397068711421547,2,stop
011070,2025-11-07,2025-11-14,248500.0,241045.0,26,-219737.04966849927,-0.03397068711421547,5,stop
000810,2025-11-07,2025-11-14,500000.0,494500.0,13,-97927.51442499924,-0.015048463459751638,5,time
161390,2025-11-11,2025-11-18,56300.0,57300.0,112,85828.20847999863,0.013595788913505213,5,time
353200,2025-11-11,2025-11-18,47300.0,50800.0,133,438346.3163449997,0.06959937871009458,5,time
078930,2025-11-11,2025-11-18,56400.0,58900.0,112,253287.0362400012,0.04005130015669933,5,time
298380,2025-11-14,2025-11-19,163500.0,158595.0,38,-211302.62956049945,-0.03397068711421547,3,stop
950160,2025-11-18,2025-11-19,56900.0,55193.0,117,-226413.16526205,-0.03397068711421558,1,stop
141080,2025-11-18,2025-11-19,180900.0,175473.0,37,-227637.5165680498,-0.03397068711421558,1,stop
031980,2025-11-18,2025-11-19,50500.0,48985.0,132,-226709.05016100034,-0.03397068711421569,1,stop
087010,2025-11-14,2025-11-20,303500.0,349025.0,20,882939.7264750004,0.1452924843491259,4,target
329180,2025-11-19,2025-11-20,610000.0,591700.0,10,-207459.52685000002,-0.03397068711421558,1,stop
047810,2025-11-19,2025-11-20,113400.0,109998.0,56,-215975.57037840039,-0.03397068711421569,1,stop
095340,2025-11-19,2025-11-21,87100.0,84487.0,73,-216244.2474705493,-0.03397068711421547,2,stop
058610,2025-11-20,2025-11-21,37900.0,43585.0,168,926170.3173659993,0.14529248434912567,1,target
950160,2025-11-21,2025-11-24,56400.0,64859.99999999999,116,951654.8379719993,0.14529248434912567,1,target
257720,2025-11-20,2025-11-25,46100.0,44717.0,138,-216363.2816252997,-0.03397068711421558,3,stop
058610,2025-11-24,2025-11-25,47550.0,46123.5,145,-234488.78241787478,-0.03397068711421558,1,stop
214370,2025-11-24,2025-11-26,77700.0,75369.0,88,-232545.12471960112,-0.0339706871142158,2,stop
347850,2025-11-25,2025-11-26,105600.0,102432.0,62,-222668.69085119944,-0.03397068711421547,1,stop
180640,2025-11-25,2025-11-26,108000.0,104760.0,61,-224056.2889979994,-0.03397068711421547,1,stop
095340,2025-11-26,2025-11-27,109000.0,105730.0,59,-218716.75691349898,-0.03397068711421547,1,stop
007660,2025-11-26,2025-11-27,146500.0,142105.0,44,-219226.90329100005,-0.03397068711421558,1,stop
058470,2025-11-26,2025-11-27,65700.0,63729.0,98,-218975.2310781004,-0.03397068711421569,1,stop
278470,2025-11-21,2025-11-28,242000.0,255500.0,27,336647.79697499983,0.05146327614517299,5,time
950160,2025-11-27,2025-11-28,69000.0,79350.0,92,923377.4931900008,0.1452924843491259,1,target
326030,2025-11-27,2025-11-28,142000.0,137740.0,44,-212492.9711079998,-0.03397068711421558,1,stop
015760,2025-11-27,2025-11-28,53100.0,51507.0,119,-214904.26298564952,-0.03397068711421547,1,stop
440110,2025-11-28,2025-12-01,28900.0,28033.0,228,-224097.1007082006,-0.03397068711421569,1,stop
058610,2025-11-28,2025-12-01,51700.0,59454.99999999999,127,955073.138395749,0.14529248434912567,1,target
950160,2025-12-01,2025-12-02,85400.0,82838.0,80,-232354.67007199954,-0.03397068711421547,1,stop
009150,2025-11-26,2025-12-03,250000.0,261000.0,25,248575.5362499999,0.039726394487380245,5,time
098460,2025-12-01,2025-12-03,24650.0,28347.499999999996,279,1000376.5284798741,0.14529248434912567,2,target
357780,2025-12-02,2025-12-03,293000.0,284210.0,23,-229191.7625315003,-0.03397068711421558,1,stop
095340,2025-12-01,2025-12-04,111200.0,107864.0,61,-230694.99385719933,-0.03397068711421547,3,stop
010170,2025-12-03,2025-12-04,2486.0,2411.42,2804,-237073.3200053228,-0.03397068711421547,1,stop
108490,2025-12-03,2025-12-04,247000.0,284050.0,28,1005998.5417300006,0.1452924843491259,1,target
010130,2025-11-28,2025-12-05,1297000.0,1359000.0,5,282509.27749999985,0.04351344992153261,5,time
319400,2025-12-04,2025-12-05,10710.0,10388.699999999999,661,-240765.6234466359,-0.03397068711421569,1,stop
307950,2025-12-04,2025-12-05,248500.0,285775.0,28,1012107.8446149994,0.14529248434912567,1,target
100790,2025-12-04,2025-12-05,9600.0,9312.0,738,-240952.33702079952,-0.03397068711421547,1,stop
043260,2025-12-03,2025-12-08,2865.0,3294.7499999999995,2433,1013932.6352029126,0.1452924843491259,3,target
277810,2025-12-05,2025-12-08,474000.0,459780.0,15,-241809.38293499965,-0.03397068711421558,1,stop
058610,2025-12-05,2025-12-09,66100.0,76015.0,108,1038406.9389390005,0.1452924843491259,2,target
307950,2025-12-08,2025-12-09,298000.0,289060.0,25,-253372.70082500018,-0.03397068711421558,1,stop
083650,2025-12-08,2025-12-09,58000.0,56260.0,130,-256433.57909000013,-0.03397068711421558,1,stop
005380,2025-12-09,2025-12-10,308000.0,298760.0,24,-251400.13483199943,-0.03397068711421547,1,stop
000720,2025-12-09,2025-12-10,74100.0,71877.0,102,-257052.55669469852,-0.03397068711421536,1,stop
043260,2025-12-10,2025-12-11,5310.0,6106.499999999999,1390,1073622.706283249,0.14529248434912567,1,target
012450,2025-12-10,2025-12-11,945000.0,916650.0,7,-224974.5524775004,-0.03397068711421569,1,stop
011070,2025-12-05,2025-12-12,282000.0,294500.0,25,282686.4243749995,0.04005130015669911,5,time
012330,2025-12-05,2025-12-12,347500.0,377500.0,20,569748.6800000006,0.08188404839986241,5,time
086520,2025-12-09,2025-12-12,114600.0,111162.0,66,-257236.2093906002,-0.03397068711421558,3,stop
247540,2025-12-11,2025-12-12,181500.0,176055.0,43,-265429.16021324974,-0.03397068711421558,1,stop
000810,2025-12-12,2025-12-15,507000.0,491790.0,14,-241401.26583299972,-0.03397068711421558,1,stop
010130,2025-12-12,2025-12-15,1557000.0,1790549.9999999998,4,905922.3420899995,0.1452924843491259,1,target
226950,2025-12-12,2025-12-15,141000.0,136770.0,53,-254154.92527049966,-0.03397068711421558,1,stop
180640,2025-12-15,2025-12-16,140000.0,135800.0,54,-257113.77425999846,-0.03397068711421536,1,stop
319400,2025-12-15,2025-12-16,11180.0,12856.999999999998,682,1109094.4825102994,0.14529248434912567,1,target
272210,2025-12-15,2025-12-16,52800.0,51216.0,144,-258582.99582720082,-0.03397068711421569,1,stop
043260,2025-12-15,2025-12-17,5250.0,6037.499999999999,1453,1109602.136488122,0.14529248434912545,2,target
000500,2025-12-16,2025-12-17,86600.0,84002.0,90,-265072.05774899945,-0.03397068711421547,1,stop
083650,2025-12-16,2025-12-17,57700.0,55969.0,135,-264919.0138357496,-0.03397068711421558,1,stop
267270,2025-12-12,2025-12-18,107200.0,103984.0,69,-251563.3816727996,-0.03397068711421558,4,stop
347850,2025-12-17,2025-12-18,96900.0,93993.0,81,-266939.1934906505,-0.03397068711421569,1,stop
226950,2025-12-17,2025-12-18,141600.0,137352.0,55,-264867.99919799995,-0.03397068711421558,1,stop
319400,2025-12-18,2025-12-19,12220.0,14052.999999999998,626,1112725.1539391,0.1452924843491259,1,target
100790,2025-12-18,2025-12-19,11760.0,13523.999999999998,651,1113603.729877798,0.14529248434912567,1,target
100790,2025-12-22,2025-12-23,18440.0,17886.8,439,-275314.4366188599,-0.03397068711421558,1,stop
319400,2025-12-22,2025-12-23,13640.0,15685.999999999998,594,1178536.891969799,0.14529248434912567,1,target
058610,2025-12-22,2025-12-24,86300.0,83711.0,93,-272958.9207451502,-0.03397068711421558,2,stop
218410,2025-12-23,2025-12-24,35900.0,34823.0,234,-285702.3772550998,-0.03397068711421558,1,stop
043260,2025-12-22,2025-12-26,7610.0,7381.7,1065,-275637.189227025,-0.03397068711421558,3,stop
272210,2025-12-24,2025-12-26,59700.0,57909.0,136,-276132.03121320065,-0.03397068711421569,1,stop
042660,2025-12-24,2025-12-26,130800.0,126876.0,62,-275805.5375315994,-0.03397068711421547,1,stop
006800,2025-12-24,2025-12-26,23995.0,23275.149999999998,338,-275829.6844601361,-0.03397068711421569,1,stop
100790,2025-12-26,2025-12-29,14120.0,13696.4,555,-266520.87346109934,-0.03397068711421547,1,stop
180640,2025-12-26,2025-12-29,126800.0,122996.0,61,-263058.68004579935,-0.03397068711421547,1,stop
319400,2025-12-26,2025-12-30,19120.0,18546.399999999998,410,-266609.2988332007,-0.03397068711421569,2,stop
240810,2025-12-29,2025-12-30,69200.0,67124.0,110,-258882.28170199972,-0.03397068711421558,1,stop
080220,2025-12-29,2025-12-30,22550.0,25932.499999999996,339,1111958.581886624,0.14529248434912567,1,target
319660,2025-12-23,2026-01-02,35150.0,38900.0,239,859179.4467174988,0.10215542435972513,5,time
043260,2025-12-30,2026-01-02,8900.0,10235.0,892,1154774.6129389992,0.14529248434912567,1,target
402340,2025-12-29,2026-01-05,345500.0,397324.99999999994,22,1105638.3625924978,0.14529248434912567,3,target
080220,2026-01-02,2026-01-05,26750.0,30762.499999999996,349,1357974.390681874,0.14529248434912567,1,target
403870,2026-01-02,2026-01-06,33500.0,38525.0,278,1354665.1849525012,0.14529248434912612,2,target
240810,2026-01-05,2026-01-06,83000.0,80510.0,117,-330268.76479349844,-0.03397068711421547,1,stop
010170,2026-01-05,2026-01-06,2831.0,2746.0699999999997,3430,-330245.97825530544,-0.03397068711421558,1,stop
000660,2025-12-30,2026-01-07,639000.0,734850.0,12,1115384.155290001,0.1452924843491259,4,target
042700,2026-01-06,2026-01-07,169000.0,194349.99999999997,58,1425794.9256849978,0.14529248434912567,1,target
131970,2025-12-30,2026-01-08,49950.0,52100.0,158,306355.1431950005,0.038773354825947015,5,time
039030,2026-01-06,2026-01-08,309500.0,300215.0,31,-326306.62792824954,-0.03397068711421558,2,stop
402340,2026-01-07,2026-01-08,434000.0,420980.0,23,-339485.4093469996,-0.03397068711421558,1,stop
006800,2026-01-07,2026-01-08,28576.0,27718.719999999998,355,-345011.31490808167,-0.0339706871142158,1,stop
307950,2026-01-08,2026-01-09,416500.0,404005.0,22,-311631.4171354994,-0.03397068711421547,1,stop
010170,2026-01-08,2026-01-09,2760.0,3173.9999999999995,3359,1348532.608532697,0.14529248434912545,1,target
240810,2026-01-08,2026-01-09,76800.0,74496.0,120,-313433.9343359992,-0.03397068711421547,1,stop
319660,2026-01-08,2026-01-12,43200.0,41904.0,214,-314413.41538080014,-0.03397068711421558,2,stop
042700,2026-01-09,2026-01-12,181900.0,176443.0,52,-321691.5036998,-0.03397068711421558,1,stop
036930,2026-01-09,2026-01-12,33850.0,32834.5,281,-323495.7213882245,-0.03397068711421558,1,stop
005930,2026-01-06,2026-01-13,135300.0,137600.0,72,125188.77779999748,0.012836182695071585,5,time
272210,2026-01-12,2026-01-13,78300.0,75951.0,118,-314229.7626849003,-0.03397068711421558,1,stop
012450,2026-01-12,2026-01-13,1256000.0,1218320.0,7,-299013.79673199914,-0.03397068711421547,1,stop
082740,2026-01-13,2026-01-14,53900.0,52283.0,172,-315297.66910180077,-0.03397068711421569,1,stop
079550,2026-01-09,2026-01-16,535000.0,535000.0,17,-37273.12899999879,-0.004093491870325261,5,time
307950,2026-01-12,2026-01-19,475500.0,488500.0,19,209246.64375000075,0.023134236007037012,5,time
047810,2026-01-13,2026-01-19,151700.0,174455.0,61,1346039.4311172515,0.14529248434912612,4,target
005380,2026-01-14,2026-01-19,406500.0,467474.99999999994,22,1300845.1357274987,0.14529248434912567,3,target
272210,2026-01-16,2026-01-19,95200.0,92344.0,97,-314059.7138923984,-0.03397068711421536,1,stop
086280,2026-01-13,2026-01-20,249500.0,259500.0,37,331076.6882000007,0.035822600639882074,5,time
010130,2026-01-19,2026-01-20,1637000.0,1587890.0,5,-278369.873322499,-0.03397068711421547,1,stop
298040,2026-01-19,2026-01-20,2360000.0,2289200.0,4,-321052.120240001,-0.03397068711421569,1,stop
000720,2026-01-19,2026-01-21,108500.0,105245.0,89,-328415.232955249,-0.03397068711421547,2,stop
000880,2026-01-19,2026-01-21,123600.0,119892.0,79,-332084.88589739986,-0.03397068711421558,2,stop
032820,2026-01-20,2026-01-21,7430.0,8544.5,1283,1386621.2028288245,0.1452924843491259,1,target
058610,2026-01-20,2026-01-21,112900.0,109513.0,84,-322534.9457106013,-0.03397068711421569,1,stop
000270,2026-01-20,2026-01-21,174000.0,168780.0,54,-319555.6908659991,-0.03397068711421547,1,stop
005380,2026-01-21,2026-01-22,468000.0,538200.0,20,1361501.7858000007,0.1452924843491259,1,target
047050,2026-01-21,2026-01-22,66800.0,64796.0,144,-327146.66896320134,-0.03397068711421569,1,stop
047040,2026-01-21,2026-01-23,4880.0,5612.0,1971,1399100.1812693998,0.1452924843491259,2,target
015760,2026-01-21,2026-01-23,65300.0,63341.0,147,-326463.07281735167,-0.0339706871142158,2,stop
131290,2026-01-22,2026-01-23,75000.0,72750.0,135,-344348.8048124984,-0.03397068711421547,1,stop
031980,2026-01-22,2026-01-23,65900.0,63923.0,154,-345151.4351131022,-0.0339706871142158,1,stop
454910,2026-01-21,2026-01-26,113100.0,130064.99999999999,85,1398375.7924987487,0.14529248434912567,3,target
032820,2026-01-23,2026-01-26,8390.0,8138.3,1189,-339271.4879660327,-0.03397068711421536,1,stop
006400,2026-01-23,2026-01-26,402000.0,389940.0,24,-328126.15000800043,-0.03397068711421558,1,stop
000250,2026-01-23,2026-01-26,326000.0,374900.0,30,1422594.814650001,0.1452924843491259,1,target
278470,2026-01-23,2026-01-26,282000.0,273540.0,35,-335676.31639499776,-0.03397068711421536,1,stop
377300,2026-01-26,2026-01-27,77900.0,75563.0,131,-347066.18451664783,-0.03397068711421536,1,stop
005380,2026-01-26,2026-01-27,499000.0,484030.0,20,-339417.3898300007,-0.03397068711421569,1,stop
247540,2026-01-26,2026-01-27,179000.0,205849.99999999997,57,1484124.2222774997,0.1452924843491259,1,target
086520,2026-01-27,2026-01-28,126800.0,145820.0,83,1530874.9353069998,0.1452924843491259,1,target
277810,2026-01-27,2026-01-29,650000.0,747500.0,16,1512779.762000002,0.14529248434912612,2,target
000250,2026-01-28,2026-01-29,414500.0,476674.99999999994,29,1748497.0316462498,0.1452924843491259,1,target
087010,2026-01-29,2026-01-30,322000.0,312340.0,40,-438045.6894800011,-0.03397068711421569,1,stop
214370,2026-01-29,2026-01-30,112200.0,129029.99999999999,115,1876865.1220274996,0.1452924843491259,1,target
131290,2026-01-26,2026-02-02,75000.0,77500.0,136,297196.02300000004,0.02910339173399712,5,time
078600,2026-01-26,2026-02-02,73300.0,75700.0,140,292953.7268000003,0.028514633907454012,5,time
086520,2026-01-30,2026-02-02,171100.0,165967.0,79,-459706.50466865115,-0.03397068711421569,1,stop
100790,2026-01-30,2026-02-02,18500.0,17945.0,738,-464335.2328004986,-0.03397068711421547,1,stop
257720,2026-01-27,2026-02-03,51500.0,49955.0,205,-359058.02536375076,-0.03397068711421569,5,stop
319660,2026-02-02,2026-02-03,60200.0,58394.0,197,-403335.3299549017,-0.03397068711421569,1,stop
058470,2026-02-02,2026-02-03,100700.0,97679.0,117,-400699.5736711491,-0.03397068711421547,1,stop
357780,2026-02-02,2026-02-03,455500.0,441835.0,26,-402777.5699155014,-0.03397068711421569,1,stop
080220,2026-02-03,2026-02-04,41850.0,40594.5,266,-378600.032597851,-0.03397068711421569,1,stop
218410,2026-02-03,2026-02-04,49900.0,48403.0,223,-378450.3896604497,-0.03397068711421558,1,stop
095340,2026-02-03,2026-02-04,145800.0,141426.0,76,-376855.33198679984,-0.03397068711421558,1,stop
240810,2026-02-02,2026-02-05,107500.0,104275.0,110,-402165.3942625001,-0.03397068711421558,3,stop
043260,2026-02-04,2026-02-05,19700.0,22655.0,547,1567458.0228207503,0.1452924843491259,1,target
006800,2026-02-04,2026-02-05,51277.0,49738.689999999995,210,-366222.86118694395,-0.03397068711421547,1,stop
100790,2026-02-04,2026-02-05,25850.0,25074.5,417,-366606.49126282334,-0.03397068711421547,1,stop
440110,2026-02-05,2026-02-06,41100.0,47264.99999999999,271,1620143.4872242492,0.14529248434912567,1,target
009830,2026-02-05,2026-02-06,38950.0,37781.5,286,-378858.5067624487,-0.03397068711421547,1,stop
001440,2026-02-05,2026-02-06,34000.0,32980.0,328,-379276.8267920017,-0.03397068711421569,1,stop
267270,2026-02-05,2026-02-06,124400.0,120668.0,89,-376542.44220860116,-0.03397068711421569,1,stop
036930,2026-02-03,2026-02-09,43700.0,50254.99999999999,255,1620928.9690237492,0.1452924843491259,4,target
323410,2026-02-06,2026-02-09,26950.0,26141.5,418,-383123.33047835156,-0.03397068711421569,1,stop
138040,2026-02-06,2026-02-10,122700.0,119019.0,91,-379742.7604834512,-0.03397068711421569,2,stop
440110,2026-02-09,2026-02-10,50700.0,49179.0,236,-406933.5624041986,-0.03397068711421547,1,stop
009830,2026-02-09,2026-02-10,41900.0,48184.99999999999,286,1743100.480764497,0.14529248434912567,1,target
043260,2026-02-10,2026-02-11,28250.0,27402.5,425,-408329.6629906241,-0.03397068711421547,1,stop
006800,2026-02-10,2026-02-11,54165.0,52540.049999999996,222,-408954.76235185564,-0.03397068711421569,1,stop
095340,2026-02-10,2026-02-11,174500.0,169265.0,68,-403559.7943610009,-0.03397068711421569,1,stop
005830,2026-02-06,2026-02-12,159300.0,183195.0,70,1622019.9159675017,0.14529248434912612,4,target
086790,2026-02-06,2026-02-12,113000.0,129949.99999999999,99,1627256.4612975009,0.1452924843491259,4,target
047040,2026-02-11,2026-02-12,7480.0,7255.599999999999,1554,-395326.71202332154,-0.03397068711421569,1,stop
078600,2026-02-11,2026-02-12,93800.0,90986.0,123,-392384.18771790154,-0.03397068711421569,1,stop
009830,2026-02-12,2026-02-13,47800.0,46366.0,251,-408042.28053130023,-0.03397068711421558,1,stop
032820,2026-02-12,2026-02-13,12710.0,12328.699999999999,945,-408489.5088555757,-0.03397068711421569,1,stop
066570,2026-02-12,2026-02-13,127800.0,123966.0,94,-408566.03081220016,-0.03397068711421558,1,stop
323410,2026-02-11,2026-02-19,28000.0,27160.0,415,-395193.39376999997,-0.03397068711421558,3,stop
316140,2026-02-12,2026-02-19,39750.0,38557.5,302,-408270.14591325074,-0.03397068711421569,2,stop
440110,2026-02-13,2026-02-19,55000.0,53350.0,211,-394683.2473924998,-0.03397068711421558,1,stop
055550,2026-02-13,2026-02-19,105200.0,102044.0,110,-393560.9253619984,-0.03397068711421547,1,stop
017670,2026-02-19,2026-02-20,84200.0,81674.0,134,-383725.30320379883,-0.03397068711421547,1,stop
005940,2026-02-20,2026-02-23,42450.0,41176.5,263,-379696.8473094776,-0.0339706871142158,1,stop
006800,2026-02-19,2026-02-24,68503.0,66447.91,165,-384412.13027670793,-0.03397068711421558,3,stop
071050,2026-02-19,2026-02-24,278500.0,270145.0,40,-378868.70969000086,-0.03397068711421569,3,stop
032820,2026-02-23,2026-02-24,15540.0,17871.0,695,1571007.2368777525,0.14529248434912612,1,target
105560,2026-02-13,2026-02-25,166800.0,167700.0,69,14749.92265499942,0.0012801043965613434,5,time
047040,2026-02-19,2026-02-25,7350.0,8452.5,1542,1648595.3835172504,0.1452924843491259,4,target
010170,2026-02-24,2026-02-25,4760.0,4617.2,2385,-386099.18434710056,-0.03397068711421558,1,stop
005940,2026-02-25,2026-02-26,37300.0,36181.0,321,-407209.0414480511,-0.03397068711421569,1,stop
096770,2026-02-25,2026-02-26,136300.0,132211.0,87,-403291.11726884916,-0.03397068711421547,1,stop
310210,2026-02-24,2026-02-27,287000.0,330050.0,39,1628129.2188525014,0.1452924843491259,3,target
009150,2026-02-24,2026-03-03,425500.0,412735.0,26,-376249.95828549936,-0.03397068711421558,4,stop
180640,2026-02-25,2026-03-03,158500.0,153745.0,75,-404291.0041687507,-0.03397068711421569,3,stop
000500,2026-02-26,2026-03-03,118900.0,115333.0,97,-392244.7477080487,-0.03397068711421547,2,stop
000720,2026-02-26,2026-03-03,160200.0,155394.0,72,-392282.1584424004,-0.03397068711421558,2,stop
042700,2026-02-27,2026-03-03,263500.0,303025.0,49,1878101.528563749,0.1452924843491259,1,target
310210,2026-03-03,2026-03-04,334500.0,324465.0,35,-398169.24763874896,-0.03397068711421547,1,stop
226950,2026-03-03,2026-03-04,183100.0,177607.0,64,-398539.9540063981,-0.03397068711421547,1,stop
005380,2026-03-03,2026-03-04,654000.0,634380.0,18,-400362.87706200033,-0.03397068711421558,1,stop
000250,2026-03-03,2026-03-04,817000.0,792490.0,14,-389003.6177229993,-0.03397068711421547,1,stop
007660,2026-03-03,2026-03-04,125500.0,121735.0,94,-401213.1210245006,-0.03397068711421558,1,stop
079550,2026-03-04,2026-03-05,825000.0,800250.0,13,-364754.65991249867,-0.03397068711421547,1,stop
272210,2026-03-04,2026-03-05,176900.0,171593.0,64,-385044.8818335999,-0.03397068711421558,1,stop
010950,2026-03-04,2026-03-05,168000.0,162960.0,68,-388527.48110399954,-0.03397068711421558,1,stop
277810,2026-03-04,2026-03-05,809000.0,784730.0,14,-385194.5247709993,-0.03397068711421558,1,stop
178320,2026-03-04,2026-03-05,41200.0,47379.99999999999,278,1666035.988657998,0.14529248434912567,1,target
000250,2026-03-06,2026-03-09,793000.0,769210.0,14,-377576.3388669994,-0.03397068711421558,1,stop
036930,2026-03-06,2026-03-09,67000.0,64990.0,171,-389649.8031344991,-0.03397068711421547,1,stop
058470,2026-03-06,2026-03-09,123000.0,119310.0,93,-389037.6274814997,-0.03397068711421558,1,stop
031980,2026-03-06,2026-03-10,110000.0,126499.99999999999,104,1664057.7381999977,0.14529248434912567,2,target
079550,2026-03-09,2026-03-10,877000.0,850690.0,12,-357918.6984539982,-0.03397068711421547,1,stop
272210,2026-03-09,2026-03-10,173100.0,167907.0,64,-376773.7085663993,-0.03397068711421547,1,stop
043260,2026-03-09,2026-03-10,35500.0,40825.0,313,1616274.262063751,0.1452924843491259,1,target
263750,2026-03-10,2026-03-11,66200.0,64214.0,178,-400757.3902606014,-0.03397068711421569,1,stop
010950,2026-03-10,2026-03-11,119000.0,115430.0,99,-400668.9648884982,-0.03397068711421547,1,stop
218410,2026-03-10,2026-03-11,76000.0,87400.0,155,1713513.9996500015,0.1452924843491259,1,target
042700,2026-03-05,2026-03-12,302000.0,317000.0,38,521288.66830000095,0.04537206316922804,5,time
010170,2026-03-11,2026-03-12,6020.0,6922.999999999999,2069,1811754.499232648,0.14529248434912567,1,target
036930,2026-03-11,2026-03-12,70900.0,68773.0,175,-421976.0785887502,-0.03397068711421558,1,stop
032820,2026-03-11,2026-03-13,21600.0,20952.0,576,-423135.8113535978,-0.03397068711421536,2,stop
043260,2026-03-12,2026-03-13,49050.0,47578.5,260,-433726.4501504991,-0.03397068711421547,1,stop
087010,2026-03-12,2026-03-13,299000.0,290030.0,42,-427094.54724300094,-0.03397068711421569,1,stop
218410,2026-03-13,2026-03-16,84200.0,81674.0,145,-415225.1415265016,-0.03397068711421569,1,stop
336260,2026-03-13,2026-03-16,47800.0,46366.0,256,-416170.61281280033,-0.03397068711421558,1,stop
047050,2026-03-13,2026-03-16,83800.0,81286.0,146,-416102.59329579957,-0.03397068711421558,1,stop
012450,2026-03-10,2026-03-17,1365000.0,1396000.0,8,202516.53960000165,0.018524165090861633,5,time
010170,2026-03-16,2026-03-17,7600.0,7372.0,1558,-402702.7484468017,-0.03397068711421569,1,stop
032820,2026-03-16,2026-03-17,25200.0,24444.0,469,-401954.5337598007,-0.03397068711421569,1,stop
047040,2026-03-16,2026-03-17,12700.0,12319.0,932,-402553.10550940037,-0.03397068711421558,1,stop
083650,2026-03-12,2026-03-19,100800.0,104300.0,126,387649.49138999917,0.030486595217510404,5,time
095340,2026-03-17,2026-03-19,217500.0,250124.99999999997,52,1645147.9911749978,0.14529248434912567,2,target
319660,2026-03-17,2026-03-20,73900.0,84985.0,153,1644667.97451975,0.1452924843491259,3,target
131970,2026-03-17,2026-03-20,82400.0,94759.99999999999,137,1642064.2478139997,0.1452924843491259,3,target
047040,2026-03-19,2026-03-20,14560.0,16744.0,907,1920927.7417876013,0.1452924843491259,1,target
032820,2026-03-19,2026-03-20,28800.0,27936.0,458,-448602.3185184002,-0.03397068711421558,1,stop
403870,2026-03-20,2026-03-23,52700.0,51119.0,255,-457040.1396022476,-0.03397068711421536,1,stop
007660,2026-03-20,2026-03-23,131200.0,127264.0,102,-455132.1921503991,-0.03397068711421547,1,stop
010120,2026-03-20,2026-03-23,180200.0,174794.0,74,-453513.32764579915,-0.03397068711421547,1,stop
006260,2026-03-17,2026-03-24,272000.0,276500.0,41,138252.95837499946,0.01238290256564345,5,time
353200,2026-03-20,2026-03-24,80300.0,77891.0,167,-456074.2624608502,-0.03397068711421558,2,stop
047040,2026-03-23,2026-03-24,19730.0,19138.1,658,-441526.24816489033,-0.03397068711421558,1,stop
222800,2026-03-23,2026-03-24,60200.0,58394.0,215,-440188.304265501,-0.03397068711421569,1,stop
000250,2026-03-24,2026-03-25,990000.0,1138500.0,12,1728059.958900001,0.1452924843491259,1,target
028050,2026-03-24,2026-03-25,38000.0,36860.0,325,-420020.51747499965,-0.03397068711421558,1,stop
036930,2026-03-24,2026-03-25,76600.0,74302.0,161,-419428.74767709896,-0.03397068711421547,1,stop
240810,2026-03-25,2026-03-26,135800.0,131726.0,92,-424904.31879559904,-0.03397068711421547,1,stop
066970,2026-03-25,2026-03-26,128000.0,147200.0,98,1824645.1283199992,0.1452924843491259,1,target
003230,2026-03-25,2026-03-26,1233000.0,1196010.0,10,-419340.3223049976,-0.03397068711421536,1,stop
010170,2026-03-25,2026-03-27,8500.0,9775.0,1480,1829881.6736500002,0.1452924843491259,2,target
353200,2026-03-26,2026-03-27,86300.0,83711.0,149,-437321.2816239502,-0.03397068711421558,1,stop
011070,2026-03-26,2026-03-27,310000.0,300700.0,41,-432264.03053499945,-0.03397068711421558,1,stop
218410,2026-03-26,2026-03-27,86500.0,83905.0,149,-438334.7724272497,-0.03397068711421558,1,stop
131970,2026-03-23,2026-03-30,98500.0,101300.0,131,312837.53156000003,0.02421654084808167,5,time
100790,2026-03-27,2026-03-30,28000.0,32199.999999999996,462,1881665.2885799985,0.14529248434912567,1,target
950160,2026-03-27,2026-03-30,122100.0,118437.0,106,-440174.70036209933,-0.03397068711421558,1,stop
062040,2026-03-27,2026-03-30,162100.0,157237.0,79,-435525.5663751494,-0.03397068711421558,1,stop
078600,2026-03-27,2026-03-30,129500.0,125615.0,100,-440426.3725749999,-0.03397068711421558,1,stop
066970,2026-03-30,2026-03-31,154000.0,149380.0,85,-445187.73876499943,-0.03397068711421558,1,stop
263750,2026-03-30,2026-04-01,63800.0,73370.0,205,1902466.0103075001,0.1452924843491259,2,target
000250,2026-03-31,2026-04-01,1138000.0,1103860.0,11,-425734.1569029987,-0.03397068711421547,1,stop
373220,2026-03-31,2026-04-01,406000.0,393820.0,32,-441854.7824320011,-0.03397068711421569,1,stop
003670,2026-03-31,2026-04-01,214000.0,207580.0,60,-436685.29913999885,-0.03397068711421547,1,stop
051910,2026-03-31,2026-04-01,319000.0,309430.0,40,-433964.5184599981,-0.03397068711421547,1,stop
950160,2026-04-01,2026-04-02,113000.0,109610.0,115,-441956.81170750037,-0.03397068711421558,1,stop
047040,2026-04-02,2026-04-03,19650.0,19060.5,660,-441072.55798649974,-0.03397068711421558,1,stop
028050,2026-04-02,2026-04-03,38800.0,37636.0,334,-440739.26235320047,-0.03397068711421558,1,stop
066970,2026-04-03,2026-04-07,166100.0,191014.99999999997,77,1860384.5501972474,0.14529248434912567,2,target
010170,2026-04-06,2026-04-07,13200.0,12804.0,974,-437256.6630828008,-0.03397068711421569,1,stop
028050,2026-04-06,2026-04-07,43000.0,49449.99999999999,299,1870173.980772499,0.14529248434912567,1,target
079550,2026-04-06,2026-04-07,856000.0,830320.0,15,-436685.29913999885,-0.03397068711421547,1,stop
000990,2026-04-07,2026-04-08,92600.0,89822.0,146,-459798.33101659827,-0.03397068711421547,1,stop
012450,2026-04-08,2026-04-09,1507000.0,1461790.0,8,-410021.6484760009,-0.03397068711421569,1,stop
005930,2026-04-08,2026-04-09,214000.0,207580.0,62,-451241.47577799857,-0.03397068711421547,1,stop
006400,2026-04-03,2026-04-10,451500.0,481000.0,28,771755.4662999995,0.06097681154014056,5,time
222800,2026-04-08,2026-04-10,61500.0,70725.0,218,1950176.7566474993,0.1452924843491259,2,target
010170,2026-04-09,2026-04-10,14650.0,16847.5,887,1890181.947720874,0.14529248434912567,1,target
028050,2026-04-09,2026-04-13,50100.0,48597.0,259,-441307.2253201492,-0.03397068711421547,2,stop
047040,2026-04-10,2026-04-13,25650.0,24880.5,567,-494622.6232326757,-0.03397068711421558,1,stop
000150,2026-04-10,2026-04-13,1276000.0,1237720.0,11,-477360.97030599974,-0.03397068711421558,1,stop
000720,2026-04-10,2026-04-13,191000.0,185270.0,76,-493685.65438599885,-0.03397068711421547,1,stop
267270,2026-04-07,2026-04-14,153500.0,162800.0,88,760628.8302800022,0.056244817742743036,5,time
010170,2026-04-13,2026-04-14,17810.0,20481.5,768,1989607.942982398,0.14529248434912567,1,target
222800,2026-04-13,2026-04-15,67000.0,64990.0,204,-464845.37917799875,-0.03397068711421547,2,stop
257720,2026-04-14,2026-04-15,47250.0,45832.5,321,-515834.5096091237,-0.03397068711421547,1,stop
009150,2026-04-13,2026-04-16,555000.0,638250.0,24,1937521.7720999997,0.1452924843491259,3,target
100790,2026-04-15,2026-04-16,41300.0,40061.0,337,-473351.2197788488,-0.03397068711421547,1,stop
043260,2026-04-15,2026-04-16,56100.0,54417.0,248,-473170.9680588003,-0.03397068711421558,1,stop
161390,2026-04-13,2026-04-17,61500.0,59655.0,222,-464335.2328004986,-0.03397068711421547,4,stop
001440,2026-04-16,2026-04-17,41800.0,40546.0,336,-477660.2561808005,-0.03397068711421558,1,stop
047040,2026-04-16,2026-04-17,28950.0,28081.5,485,-477522.5166588742,-0.03397068711421558,1,stop
028300,2026-04-16,2026-04-17,68100.0,66057.0,206,-477109.298093101,-0.03397068711421569,1,stop
018260,2026-04-17,2026-04-20,186700.0,181099.0,72,-457172.7776603978,-0.03397068711421547,1,stop
336260,2026-04-17,2026-04-20,45300.0,43941.0,297,-457570.6918348484,-0.03397068711421547,1,stop
062040,2026-04-14,2026-04-21,182900.0,205000.0,83,1766678.8471449967,0.11624294240887512,5,time
000500,2026-04-17,2026-04-22,138600.0,159390.0,97,1955587.8534884974,0.14529248434912567,3,target
100790,2026-04-20,2026-04-22,45350.0,52152.49999999999,289,1906415.2382438742,0.1452924843491259,2,target
131970,2026-04-20,2026-04-22,109100.0,105827.0,120,-445255.75828199834,-0.03397068711421547,2,stop
036930,2026-04-21,2026-04-22,95900.0,110284.99999999999,177,2469074.7609727457,0.14529248434912567,1,target
131290,2026-04-17,2026-04-23,151700.0,174455.0,88,1941827.3760380019,0.1452924843491259,4,target
006400,2026-04-22,2026-04-23,686000.0,665420.0,22,-513275.27528199926,-0.03397068711421558,1,stop
009150,2026-04-22,2026-04-23,798000.0,774060.0,19,-515655.9583770018,-0.03397068711421569,1,stop
082740,2026-04-23,2026-04-24,66700.0,76705.0,227,2202389.1440832485,0.14529248434912567,1,target
007660,2026-04-23,2026-04-24,155700.0,151029.0,97,-513645.98164965026,-0.03397068711421558,1,stop
047040,2026-04-22,2026-04-28,31850.0,36627.5,490,2270115.130351249,0.1452924843491259,4,target
001440,2026-04-22,2026-04-28,40050.0,46057.5,390,2272006.105053751,0.1452924843491259,4,target
100790,2026-04-24,2026-04-29,58000.0,56260.0,280,-552318.4780400004,-0.03397068711421558,3,stop
000500,2026-04-24,2026-04-29,199000.0,228849.99999999997,81,2344663.1715074964,0.14529248434912567,3,target
082740,2026-04-28,2026-04-29,84500.0,81965.0,212,-609250.8137689978,-0.03397068711421547,1,stop
443060,2026-04-28,2026-04-29,275000.0,266750.0,65,-607924.4331874996,-0.03397068711421558,1,stop
329180,2026-04-23,2026-04-30,638000.0,685000.0,23,1017676.1711500008,0.06927266154988576,5,time
011070,2026-04-29,2026-04-30,587000.0,569390.0,29,-578948.1189454999,-0.03397068711421558,1,stop
440110,2026-04-29,2026-04-30,80000.0,77600.0,215,-584967.8462000005,-0.03397068711421558,1,stop
098460,2026-04-30,2026-05-04,41950.0,40691.5,401,-572110.4569990765,-0.03397068711421569,1,stop
001440,2026-04-30,2026-05-04,51700.0,59454.99999999999,325,2444084.8029812425,0.14529248434912545,1,target
336260,2026-04-30,2026-05-04,62500.0,60625.0,269,-571789.0647812523,-0.03397068711421569,1,stop
010120,2026-04-29,2026-05-06,268500.0,308775.0,64,2499577.6375200003,0.1452924843491259,3,target
298040,2026-04-29,2026-05-06,3938000.0,4528700.0,4,2291279.5010600016,0.1452924843491259,3,target
062040,2026-05-04,2026-05-06,279000.0,320850.0,61,2475576.804757502,0.1452924843491259,1,target
006260,2026-05-04,2026-05-06,502000.0,577300.0,34,2482704.324790001,0.1452924843491259,1,target
042700,2026-05-04,2026-05-07,385000.0,373450.0,44,-576125.308989998,-0.03397068711421547,2,stop
000500,2026-05-06,2026-05-07,297500.0,288575.0,65,-657663.7049937472,-0.03397068711421547,1,stop
402340,2026-05-06,2026-05-07,1100000.0,1067000.0,17,-635982.4839500003,-0.03397068711421558,1,stop
010170,2026-05-06,2026-05-07,18470.0,21240.5,1049,2818283.9684752747,0.1452924843491259,1,target
001440,2026-05-06,2026-05-08,62600.0,71990.0,309,2813683.081564501,0.1452924843491259,2,target
336260,2026-05-07,2026-05-08,78200.0,75854.0,243,-646273.8368721008,-0.03397068711421558,1,stop
016360,2026-05-07,2026-05-08,147100.0,142687.0,129,-645365.7763201483,-0.03397068711421547,1,stop
034730,2026-05-07,2026-05-08,535000.0,518950.0,35,-636832.7279125005,-0.03397068711421558,1,stop
000660,2026-05-07,2026-05-11,1622000.0,1865299.9999999998,11,2595290.0493849963,0.14529248434912567,2,target
178320,2026-05-08,2026-05-11,68100.0,66057.0,287,-664710.5269549526,-0.03397068711421569,1,stop
028260,2026-05-08,2026-05-11,405000.0,465749.99999999994,48,2827734.4782,0.1452924843491259,1,target
222800,2026-05-08,2026-05-12,103900.0,100783.0,188,-664319.4147322029,-0.03397068711421569,2,stop
010170,2026-05-11,2026-05-12,23400.0,26909.999999999996,887,3019130.210011497,0.14529248434912567,1,target
336260,2026-05-11,2026-05-12,88300.0,85651.0,235,-705719.4937542453,-0.03397068711421536,1,stop
402340,2026-05-12,2026-05-13,1220000.0,1183400.0,17,-705362.3912899941,-0.03397068711421536,1,stop
307950,2026-05-12,2026-05-13,652000.0,632440.0,32,-709579.6013439968,-0.03397068711421547,1,stop
034730,2026-05-12,2026-05-13,576000.0,558720.0,36,-705226.3522559963,-0.03397068711421536,1,stop
950160,2026-05-12,2026-05-13,133400.0,129398.0,156,-707756.6782884002,-0.03397068711421558,1,stop
000500,2026-05-13,2026-05-14,564000.0,547080.0,35,-671352.6327899955,-0.03397068711421536,1,stop
066570,2026-05-13,2026-05-14,192800.0,221719.99999999997,104,2916639.3811359964,0.14529248434912567,1,target
006260,2026-05-08,2026-05-15,493000.0,478210.0,39,-653905.6266794987,-0.03397068711421547,5,stop
028260,2026-05-13,2026-05-15,414500.0,402065.0,48,-676658.1551159993,-0.03397068711421558,2,stop
319400,2026-05-13,2026-05-15,43950.0,42631.5,458,-684585.829822354,-0.0339706871142158,2,stop
012330,2026-05-14,2026-05-15,680000.0,659600.0,31,-716925.7091799937,-0.03397068711421525,1,stop
131970,2026-05-14,2026-05-18,175800.0,170526.0,121,-723448.7808603011,-0.03397068711421558,2,stop
080220,2026-05-15,2026-05-18,76000.0,87400.0,256,2830061.8316800036,0.14529248434912612,1,target
064400,2026-05-15,2026-05-18,93700.0,90889.0,208,-662836.5892616026,-0.03397068711421569,1,stop
005380,2026-05-15,2026-05-18,725000.0,703250.0,26,-641083.947724998,-0.03397068711421547,1,stop
034220,2026-05-15,2026-05-18,15910.0,15432.699999999999,1227,-663923.8812408447,-0.03397068711421558,1,stop
066570,2026-05-18,2026-05-19,249000.0,241530.0,79,-669005.9594534971,-0.03397068711421547,1,stop
454910,2026-05-18,2026-05-19,132100.0,128137.0,150,-673903.3646775,-0.03397068711421558,1,stop
067310,2026-05-18,2026-05-19,51500.0,49955.0,386,-676079.9892214984,-0.03397068711421547,1,stop
012330,2026-05-18,2026-05-19,612000.0,593640.0,32,-666047.1104639992,-0.03397068711421558,1,stop
011070,2026-05-18,2026-05-19,720000.0,827999.9999999999,27,2827734.4782,0.1452924843491259,1,target
131290,2026-05-19,2026-05-20,225000.0,218250.0,88,-673393.2182999998,-0.03397068711421558,1,stop
009150,2026-05-19,2026-05-20,1031000.0,1000070.0,19,-666217.1592564955,-0.03397068711421536,1,stop
036930,2026-05-19,2026-05-20,191300.0,185561.0,104,-676630.9473091997,-0.03397068711421558,1,stop
