code,entry_date,exit_date,entry_price,exit_price,shares,pnl_krw,pnl_pct,hold_days,reason
066570,2014-05-30,2014-06-17,74200.0,77800.0,26,85417.81508000009,0.044225422270737,10,time
011070,2014-05-30,2014-06-17,132000.0,143500.0,15,163877.02537499997,0.08267109027733577,10,time
000660,2014-06-02,2014-06-18,44200.0,49000.0,45,207211.90139999986,0.10405925109398306,10,time
180640,2014-06-05,2014-06-18,26508.0,24652.44,77,-150821.80974953412,-0.07380694743940264,8,stop
034730,2014-06-05,2014-06-20,173000.0,172500.0,11,-13282.660325000063,-0.006971834379370656,10,time
064760,2014-06-20,2014-06-27,11100.0,10323.0,181,-148456.08871215,-0.07380694743940253,5,stop
051910,2014-06-17,2014-07-01,288500.0,294000.0,7,30110.18517499999,0.01489259407322141,10,time
067310,2014-06-18,2014-07-02,5024.0,5663.0,422,260174.32616350055,0.12257534943040382,10,time
034220,2014-06-18,2014-07-02,28051.0,29947.0,75,133158.89167500008,0.0632209974317981,10,time
000250,2014-07-01,2014-07-08,8060.0,9672.0,255,401425.1441069995,0.19508780975560924,5,target
010130,2014-06-25,2014-07-09,391000.0,411000.0,5,91693.21400000015,0.04684801749692147,10,time
095340,2014-06-27,2014-07-10,15037.0,18044.399999999998,128,375924.4033318397,0.19508780975560946,9,target
000720,2014-07-02,2014-07-16,57405.0,58378.0,40,29394.97505400004,0.012786867548020941,10,time
016360,2014-07-03,2014-07-17,44570.0,45783.0,52,53391.896550200414,0.023010717112427637,10,time
034220,2014-07-09,2014-07-23,30686.0,30224.0,73,-42806.86172529962,-0.019087587117535998,10,time
047040,2014-07-10,2014-07-24,9700.0,9580.0,235,-37458.71188999945,-0.016413984754403588,10,time
058470,2014-07-11,2014-07-25,7108.0,7028.0,322,-35063.92003520019,-0.015302343959573306,10,time
006400,2014-07-16,2014-07-25,170840.0,158881.19999999998,13,-164107.85751958028,-0.07380694743940275,7,stop
098460,2014-07-18,2014-08-01,5050.0,5290.0,490,107112.31342000002,0.04323671841702548,10,time
071050,2014-07-24,2014-08-07,44500.0,46700.0,49,98546.07511000056,0.04514233549788349,10,time
047810,2014-07-28,2014-08-11,34900.0,35000.0,62,-2685.963070000056,-0.0012398915604981964,10,time
005490,2014-07-29,2014-08-12,338000.0,325500.0,6,-83090.04584999988,-0.04092435385736948,10,time
000720,2014-07-29,2014-08-12,63048.0,59643.0,34,-124213.73691390012,-0.05787888807927011,10,time
095340,2014-08-01,2014-08-18,19983.0,20052.0,141,-1846.7821930497885,-0.0006546914369094381,10,time
034730,2014-08-07,2014-08-22,190000.0,218000.0,11,298526.76260000025,0.14267167774878464,10,time
030200,2014-08-11,2014-08-26,34700.0,34650.0,67,-12868.029212500434,-0.0055285156572558725,10,time
058470,2014-08-14,2014-08-29,8038.0,8069.0,248,-504.11484520020895,-0.0002525983953292066,10,time
042700,2014-08-14,2014-08-29,3180.0,3030.0,627,-101943.9729495002,-0.05107021395191391,10,time
095340,2014-08-26,2014-09-01,22589.0,21007.769999999997,106,-176929.12563804165,-0.07380694743940286,4,stop
032830,2014-08-20,2014-09-03,108500.0,109000.0,25,1346.7818750003353,0.0004959390427148325,10,time
058610,2014-08-29,2014-09-15,7400.0,6881.999999999999,262,-143261.49260620004,-0.07380694743940264,8,stop
071050,2014-08-28,2014-09-16,50100.0,53500.0,48,152863.5268799998,0.06349297774326534,10,time
006800,2014-08-29,2014-09-17,11582.0,11339.0,168,-48677.828010000056,-0.024988439329789225,10,time
047810,2014-09-02,2014-09-19,37050.0,39850.0,60,158394.42900000047,0.07117069767793649,10,time
032640,2014-09-04,2014-09-23,11850.0,12850.0,229,217203.8161200001,0.07994925143175702,10,time
180640,2014-09-22,2014-09-24,28513.0,26517.089999999997,75,-158015.84505933756,-0.07380694743940264,2,stop
000720,2014-09-19,2014-09-29,63340.0,58906.2,34,-159130.50341293984,-0.07380694743940253,6,stop
131290,2014-09-16,2014-09-30,10750.0,11000.0,202,41451.882175000384,0.019067124597806906,10,time
030200,2014-09-24,2014-09-30,36700.0,34131.0,67,-181692.63676985027,-0.07380694743940264,4,stop
028300,2014-09-22,2014-10-07,2378.0,2605.0,905,196009.67211024975,0.0909741184515569,10,time
000250,2014-11-11,2014-11-14,10300.0,10400.0,219,12591.127964999992,0.005575503354234623,3,time
028300,2014-11-18,2014-11-20,2817.0,3098.7000000000003,803,216267.8986467449,0.0954971589426421,2,target
028300,2014-11-24,2014-11-25,2875.0,2788.75,802,-78418.000661375,-0.03397068711421558,1,stop
028300,2014-11-27,2014-11-28,2819.0,3100.9,812,218847.0885508596,0.09549715894264188,1,target
028300,2015-03-11,2015-03-12,5012.0,5513.200000000001,465,222819.7504071002,0.0954971589426421,1,target
000990,2015-03-30,2015-04-02,6000.0,5820.0,396,-80807.18619599938,-0.03397068711421536,3,stop
039490,2015-04-07,2015-04-08,81200.0,78764.0,29,-80086.17931579985,-0.03397068711421547,1,stop
021240,2015-04-08,2015-04-09,101500.0,98455.0,23,-79395.78121824935,-0.03397068711421536,1,stop
028300,2015-04-07,2015-04-10,6562.0,7546.299999999999,360,343622.1045545996,0.14529248434912567,3,target
064760,2015-04-10,2015-04-13,14500.0,16675.0,191,402850.34142875066,0.14529248434912612,1,target
028300,2015-04-13,2015-04-14,7858.0,7622.26,404,-107968.46764637204,-0.03397068711421558,1,stop
196170,2015-04-14,2015-04-15,6376.0,6184.72,481,-104303.03191427607,-0.03397068711421558,1,stop
058470,2015-04-07,2015-04-16,8619.0,8870.0,274,58892.91710009985,0.024909006510060783,7,time
028050,2015-04-07,2015-04-16,26805.0,28987.0,88,181782.9291431997,0.07697601011583188,7,time
096770,2015-04-07,2015-04-16,102822.0,118245.29999999999,22,329041.8168407697,0.14529248434912567,7,target
064760,2015-04-15,2015-04-16,16650.0,16150.5,178,-100794.7212664499,-0.03397068711421558,1,stop
010170,2015-04-16,2015-04-17,1007.0,976.79,2586,-88564.88012936711,-0.03397068711421558,1,stop
051910,2015-04-16,2015-04-17,277000.0,268690.0,9,-84786.32794049941,-0.03397068711421536,1,stop
034020,2015-04-16,2015-04-17,24710.0,23968.7,105,-88240.01891617524,-0.03397068711421569,1,stop
009540,2015-04-09,2015-04-20,124452.0,129904.0,18,88666.16480999999,0.03953523472565523,7,time
016360,2015-04-16,2015-04-20,64697.0,62756.09,40,-88013.1738269804,-0.03397068711421569,2,stop
068270,2015-04-17,2015-04-20,65680.0,63709.6,38,-84882.91565463971,-0.03397068711421547,1,stop
024110,2015-04-17,2015-04-20,15150.0,14695.5,166,-85531.14165164996,-0.03397068711421558,1,stop
005830,2015-04-20,2015-04-21,52700.0,51119.0,46,-82446.45655569993,-0.03397068711421558,1,stop
000100,2015-04-20,2015-04-22,31718.0,30766.46,76,-81982.83552782796,-0.03397068711421558,2,stop
028260,2015-04-21,2015-04-22,165000.0,160050.0,14,-78562.54213499976,-0.03397068711421547,1,stop
141080,2015-04-22,2015-04-23,13262.0,12864.14,174,-78480.51059749769,-0.03397068711421547,1,stop
009830,2015-04-22,2015-04-23,22130.0,21466.1,104,-78274.13938292023,-0.03397068711421569,1,stop
064760,2015-04-20,2015-04-24,17400.0,16878.0,139,-82256.00190809974,-0.03397068711421547,4,stop
032820,2015-04-23,2015-04-24,705.0,683.85,3167,-75934.77814449742,-0.03397068711421558,1,stop
078600,2015-04-17,2015-04-27,6330.0,6140.099999999999,398,-85682.14497938985,-0.03397068711421558,6,stop
000990,2015-04-24,2015-04-27,7710.0,7478.7,290,-76042.41903014993,-0.03397068711421558,1,stop
039030,2015-04-24,2015-04-27,116900.0,113393.0,19,-75539.07460434968,-0.03397068711421547,1,stop
028260,2015-04-24,2015-04-27,175500.0,170235.0,12,-71624.551401,-0.03397068711421558,1,stop
196170,2015-04-20,2015-04-28,6195.0,6009.15,391,-82379.96747783199,-0.03397068711421536,6,stop
009830,2015-04-27,2015-04-28,22613.0,21934.61,98,-75368.14155812887,-0.03397068711421558,1,stop
078930,2015-04-27,2015-04-30,50100.0,48597.0,44,-74971.1116374,-0.03397068711421558,3,stop
066970,2015-04-28,2015-05-04,7981.0,7741.57,281,-76272.35900736833,-0.03397068711421547,3,stop
067310,2015-04-29,2015-05-04,7223.0,7006.3099999999995,311,-76397.92303575017,-0.03397068711421547,2,stop
095340,2015-04-30,2015-05-04,39459.0,38275.229999999996,55,-73809.5083358325,-0.03397068711421558,1,stop
000990,2015-04-29,2015-05-06,8280.0,8031.599999999999,271,-76313.81690298067,-0.033970687114215914,3,stop
047810,2015-04-30,2015-05-07,64800.0,62856.0,33,-72726.46757640014,-0.03397068711421569,3,stop
000100,2015-05-06,2015-05-07,35457.0,34393.29,61,-73558.92443520436,-0.03397068711421547,1,stop
000990,2015-05-12,2015-05-13,10050.0,9748.5,212,-72461.1914601,-0.03397068711421558,1,stop
080220,2015-05-12,2015-05-13,4555.0,4418.349999999999,468,-72499.96258479008,-0.03397068711421558,1,stop
000250,2015-05-13,2015-05-15,12600.0,12222.0,166,-71134.8108786,-0.03397068711421558,2,stop
028300,2015-05-12,2015-05-18,8991.0,10339.65,237,309955.04549169727,0.14529248434912567,4,target
036930,2015-05-13,2015-05-18,6740.0,6537.8,311,-71289.2151821896,-0.03397068711421536,3,stop
000990,2015-05-15,2015-05-18,11800.0,11446.0,171,-68624.89070130023,-0.03397068711421569,1,stop
084370,2015-05-18,2015-05-19,18216.0,17669.52,117,-72484.0460178121,-0.03397068711421558,1,stop
039030,2015-05-18,2015-05-19,112300.0,108931.0,19,-72566.62171144993,-0.03397068711421558,1,stop
058470,2015-05-18,2015-05-19,10451.0,10137.47,204,-72508.94116103393,-0.03397068711421558,1,stop
090430,2015-05-19,2015-05-20,443000.0,429710.0,4,-60265.29206200014,-0.03397068711421569,1,stop
005290,2015-05-13,2015-05-22,5850.0,6160.0,359,102355.07678550016,0.04868104103911053,7,time
009830,2015-05-20,2015-05-22,22552.0,25934.8,90,295236.42570539983,0.14529248434912567,2,target
028300,2015-05-21,2015-05-22,11676.0,11325.72,177,-70286.33542354219,-0.03397068711421569,1,stop
007660,2015-05-14,2015-05-26,5672.0,6522.799999999999,372,306917.4128215201,0.1452924843491259,7,target
035720,2015-05-20,2015-05-27,22981.0,22291.57,89,-69560.46514787665,-0.03397068711421569,4,stop
009830,2015-05-26,2015-05-27,24185.0,23459.45,92,-75672.39285766939,-0.03397068711421536,1,stop
028260,2015-05-27,2015-05-28,198000.0,192060.0,10,-67339.32183000003,-0.03397068711421558,1,stop
010170,2015-05-27,2015-05-28,1113.0,1079.61,1948,-73737.37363805389,-0.03397068711421558,1,stop
064760,2015-05-29,2015-06-01,21700.0,21049.0,102,-75277.19946389971,-0.03397068711421547,1,stop
058610,2015-05-29,2015-06-02,6680.0,6479.599999999999,331,-75198.29682418006,-0.03397068711421558,2,stop
086280,2015-06-01,2015-06-02,126049.0,122267.53,17,-72877.23283583042,-0.03397068711421558,1,stop
018260,2015-05-28,2015-06-03,320000.0,310400.0,6,-65298.73632000014,-0.03397068711421569,4,stop
028260,2015-06-01,2015-06-03,188000.0,182360.0,11,-70332.18057799991,-0.03397068711421558,2,stop
028300,2015-06-02,2015-06-03,12812.0,12427.64,169,-73638.88137743785,-0.03397068711421547,1,stop
034730,2015-06-02,2015-06-03,287000.0,278390.0,7,-68325.60482649994,-0.03397068711421558,1,stop
196170,2015-06-03,2015-06-04,6042.0,5860.74,333,-68427.15796538116,-0.03397068711421569,1,stop
003670,2015-06-03,2015-06-04,11280.0,10941.6,178,-68286.15350664011,-0.03397068711421569,1,stop
064760,2015-06-03,2015-06-04,19800.0,22770.0,101,290890.0930814999,0.1452924843491259,1,target
080220,2015-05-28,2015-06-05,4740.0,5451.0,451,310954.78927095,0.1452924843491259,6,target
141080,2015-06-05,2015-06-10,12936.0,12547.92,167,-73471.68940465222,-0.03397068711421569,3,stop
005290,2015-06-05,2015-06-10,6590.0,7578.499999999999,329,315372.397095175,0.1452924843491259,3,target
034730,2015-06-05,2015-06-10,272000.0,263840.0,7,-64754.58018400008,-0.03397068711421558,3,stop
012450,2015-06-03,2015-06-11,30558.0,35141.7,65,288922.02479497506,0.1452924843491259,6,target
064760,2015-06-10,2015-06-11,24900.0,23157.0,88,-161911.79213880002,-0.07380694743940253,1,stop
095340,2015-06-16,2015-06-22,41261.0,38372.729999999996,53,-161589.1064888048,-0.07380694743940275,4,stop
196170,2015-06-25,2015-06-26,6758.0,8109.599999999999,300,395975.93400600017,0.1950878097556097,1,target
064760,2015-06-15,2015-06-29,24650.0,26950.0,89,195105.69809499988,0.08883084763061788,10,time
005290,2015-06-18,2015-06-29,7230.0,6723.9,306,-163476.82123587048,-0.07380694743940275,7,stop
141080,2015-06-17,2015-07-01,17516.0,18867.0,125,159404.13915625028,0.07272026084052152,10,time
000990,2015-06-17,2015-07-01,15600.0,15850.0,140,25946.34945000056,0.011866548324060755,10,time
000100,2015-06-29,2015-07-07,39475.0,36711.75,57,-166262.17401273758,-0.07380694743940264,6,stop
078930,2015-07-06,2015-07-08,51000.0,47430.0,45,-169581.76476749964,-0.07380694743940241,2,stop
000880,2015-07-02,2015-07-09,49806.0,46319.579999999994,46,-169291.8132010745,-0.07380694743940275,5,stop
047810,2015-06-29,2015-07-13,76800.0,80300.0,29,92073.26188499993,0.04129287243245927,10,time
000990,2015-07-09,2015-07-23,16700.0,17000.0,130,29987.833850000054,0.013797044203860409,10,time
009830,2015-07-16,2015-07-24,26301.0,24459.929999999997,84,-163248.0521100664,-0.07380694743940275,6,stop
047810,2015-08-21,2015-08-25,82100.0,90310.00000000001,26,204082.69152700063,0.09549715894264232,2,target
066970,2015-11-06,2015-11-09,8390.0,8138.3,264,-75330.25468716025,-0.03397068711421569,1,stop
032820,2015-11-10,2015-11-13,666.0,646.02,3304,-74837.2492279443,-0.03397068711421569,3,stop
066970,2015-11-11,2015-11-16,8204.0,8511.0,268,73022.84864779981,0.03317409686636519,3,time
087010,2015-12-14,2015-12-17,25849.0,26080.0,85,10572.69343524985,0.004806442493787477,3,time
028050,2016-01-25,2016-01-26,10850.0,10524.5,203,-74908.19358417485,-0.03397068711421547,1,stop
028050,2016-01-28,2016-01-29,11000.0,12100.000000000002,198,208232.03511000052,0.09549715894264232,1,target
196170,2016-02-04,2016-02-05,5561.0,5394.17,400,-75651.30680739973,-0.03397068711421547,1,stop
068270,2016-02-15,2016-02-18,75858.0,78634.0,29,71251.11377040017,0.03235139814217147,3,time
042660,2016-04-05,2016-04-06,21766.0,21113.02,102,-75506.15315812221,-0.03397068711421569,1,stop
001440,2016-04-11,2016-04-12,29822.0,28927.34,74,-75053.6873310376,-0.03397068711421536,1,stop
001440,2016-04-14,2016-04-18,28687.0,27826.39,76,-74148.48359880177,-0.03397068711421547,2,stop
086520,2016-04-29,2016-05-02,1916.0,1858.52,1139,-74220.31220875354,-0.03397068711421536,1,stop
058610,2016-05-02,2016-05-03,6160.0,5975.2,352,-73744.03955072002,-0.03397068711421558,1,stop
032820,2016-05-02,2016-05-03,770.0,746.9,2816,-73744.03955072002,-0.03397068711421558,1,stop
028300,2016-05-11,2016-05-13,7956.0,7717.32,269,-72786.4607903941,-0.03397068711421558,2,stop
082740,2016-05-16,2016-05-17,2050.0,1988.5,1038,-72369.36511214986,-0.03397068711421547,1,stop
012450,2016-05-03,2016-05-19,44819.0,45431.0,47,20046.372677200474,0.00950553494810813,10,time
006260,2016-05-18,2016-06-01,53800.0,57500.0,39,135275.75314499997,0.06439821965532144,10,time
043260,2016-05-30,2016-06-03,1175.0,1092.75,1802,-156454.8800132752,-0.07380694743940264,4,stop
145020,2016-06-01,2016-06-14,115944.0,107827.92,18,-154211.671640808,-0.07380694743940253,8,stop
005930,2016-06-08,2016-06-22,28380.0,28900.0,74,29759.847252000123,0.014154266559112116,10,time
012450,2016-06-09,2016-06-23,48741.0,48436.0,43,-21665.60207085032,-0.010325442076097868,10,time
214370,2016-07-05,2016-07-19,21744.0,21248.0,95,-55446.657660000026,-0.026811006036638774,10,time
066970,2016-07-20,2016-07-21,13906.0,12932.58,144,-147965.74248513603,-0.07380694743940264,1,stop
145020,2016-07-08,2016-07-22,120650.0,119696.0,17,-24575.80163510004,-0.011968293434815314,10,time
034220,2016-07-08,2016-07-22,25695.0,27821.0,81,163168.76493269973,0.07830764594962747,10,time
084370,2016-07-13,2016-07-27,18000.0,18150.0,116,8791.66232999973,0.004205729030755112,10,time
043260,2016-07-15,2016-07-29,1230.0,1476.0,1722,413682.9371513999,0.19508780975560946,10,target
064350,2016-07-22,2016-08-05,20250.0,21500.0,100,116332.63874999993,0.0573822185080497,10,time
098460,2016-07-22,2016-08-05,9190.0,9230.0,222,492.7556400001049,0.00024124809977132955,10,time
036930,2016-07-26,2016-08-09,11050.0,10850.0,187,-45758.05850000004,-0.0221189490310435,10,time
034220,2016-07-28,2016-08-11,28653.0,28607.0,73,-11920.178343900014,-0.005692336646577978,10,time
009540,2016-07-29,2016-08-12,114459.0,126724.0,22,258714.8584448998,0.10262413909107093,10,time
034020,2016-08-08,2016-08-23,20961.0,21613.0,100,56417.550119999796,0.026884564677575273,10,time
064350,2016-08-10,2016-08-25,22050.0,23800.0,93,153866.23103250004,0.07494670718758534,10,time
035420,2016-08-11,2016-08-26,156021.0,161228.0,13,59179.175138849765,0.029143605621878788,10,time
006260,2016-08-19,2016-09-02,60100.0,61800.0,40,57947.4598000003,0.024076908526021734,10,time
003490,2016-09-02,2016-09-06,21274.0,19784.82,108,-169773.29240770824,-0.07380694743940264,2,stop
066970,2016-08-26,2016-09-09,14509.0,15390.0,154,126117.0655590999,0.056378879324260334,10,time
105560,2016-08-26,2016-09-09,37750.0,39750.0,59,108524.41415000008,0.048669766838531636,10,time
009540,2016-09-06,2016-09-13,128994.0,119964.42,17,-162037.26047717687,-0.07380694743940253,5,stop
034020,2016-09-06,2016-09-21,22605.0,21022.649999999998,99,-165362.17144416715,-0.07380694743940241,8,stop
003230,2016-09-19,2016-09-21,29650.0,35580.0,74,428534.47607900016,0.1950878097556097,2,target
161390,2016-09-08,2016-09-27,59700.0,62300.0,39,91559.22866999963,0.039279320879040514,10,time
000660,2016-09-09,2016-09-28,38550.0,41200.0,61,151536.3255075002,0.06436700739150703,10,time
010170,2016-09-27,2016-10-07,1639.0,1524.27,1420,-171974.38243337022,-0.07380694743940264,7,stop
003230,2016-09-30,2016-10-07,46700.0,43431.0,50,-172537.43822749937,-0.0738069474394023,4,stop
028260,2016-10-07,2016-10-12,166500.0,154845.0,13,-159938.8801042498,-0.07380694743940253,3,stop
005930,2016-10-10,2016-10-12,33000.0,30689.999999999996,70,-170690.1423150003,-0.07380694743940275,2,stop
000660,2016-10-06,2016-10-19,43100.0,40083.0,55,-175160.59842324955,-0.07380694743940241,9,stop
009540,2016-10-07,2016-10-21,132628.0,138533.0,17,90848.94681755034,0.040247280293212784,10,time
086790,2016-10-12,2016-10-26,30700.0,32150.0,70,92393.74112500018,0.04294443766674405,10,time
000720,2016-10-12,2016-10-26,41691.0,41108.0,52,-39111.245838599745,-0.01802008260308774,10,time
009830,2016-10-21,2016-10-28,34887.0,32444.909999999996,68,-175294.78599833418,-0.07380694743940264,5,stop
131970,2016-10-17,2016-10-31,5887.0,5711.0,373,-74453.50298180059,-0.033867493132568316,10,time
105560,2016-10-19,2016-11-02,40850.0,41000.0,53,-946.2449075002223,-0.00043655242798879,10,time
000660,2016-10-27,2016-11-09,42900.0,39897.0,51,-161667.94907834986,-0.07380694743940253,9,stop
222800,2016-11-08,2016-11-22,9894.0,10465.0,219,115800.4269103501,0.05338201006438714,10,time
055550,2016-12-09,2016-12-23,47250.0,46800.0,45,-28904.099737499375,-0.013578315757274306,10,time
000660,2016-12-09,2016-12-23,46450.0,46300.0,46,-15636.282395000104,-0.0073095516382361,10,time
024110,2016-12-09,2016-12-23,13750.0,13450.0,157,-55808.1360949995,-0.025822361138608918,10,time
047050,2016-12-13,2016-12-27,29050.0,28100.0,75,-79968.90468749963,-0.03666186304840402,10,time
131970,2016-12-14,2016-12-28,6641.0,7145.0,333,158274.2461877996,0.07148802899962714,10,time
161390,2017-01-13,2017-01-20,63900.0,59426.99999999999,34,-160537.40397990006,-0.07380694743940264,5,stop
083650,2017-01-16,2017-01-20,4050.0,4860.0,536,423983.702052,0.19508780975560946,4,target
083650,2017-01-23,2017-01-25,4850.0,5820.0,475,449950.4577124999,0.19508780975560946,2,target
034220,2017-01-24,2017-01-25,30501.0,28365.929999999997,75,-169033.1178814876,-0.07380694743940264,1,stop
000660,2017-01-12,2017-01-26,51600.0,53300.0,41,60824.36899499968,0.02871738145952807,10,time
078600,2017-01-12,2017-01-26,4540.0,4850.0,475,137978.13133750018,0.0639089348962385,10,time
005940,2017-01-16,2017-02-01,10950.0,11500.0,198,99693.64993500011,0.04592920945125645,10,time
083650,2017-02-01,2017-02-03,6250.0,5812.5,370,-170874.87190624978,-0.07380694743940253,2,stop
131970,2017-01-31,2017-02-07,7773.0,7228.889999999999,307,-176328.90225015208,-0.07380694743940286,5,stop
011070,2017-01-26,2017-02-13,99500.0,105000.0,23,116748.34097500006,0.05095661661925477,10,time
105560,2017-01-26,2017-02-13,46000.0,47950.0,50,87786.70512500033,0.038124284017780674,10,time
000660,2017-01-31,2017-02-13,53300.0,49569.0,44,-173291.13495980063,-0.07380694743940286,9,stop
003230,2017-02-10,2017-02-15,58300.0,54219.0,37,-159392.08051414974,-0.07380694743940241,3,stop
000720,2017-02-03,2017-02-17,43686.0,45195.0,49,64950.35394014977,0.03030706942545991,10,time
034020,2017-02-14,2017-02-17,23371.0,21735.03,100,-172692.61108415015,-0.07380694743940264,3,stop
131970,2017-02-23,2017-02-24,8050.0,7486.499999999999,277,-164767.71161952498,-0.07380694743940253,1,stop
006260,2017-02-13,2017-02-27,70400.0,66600.0,33,-134551.25277000014,-0.05784980907050674,10,time
005490,2017-02-22,2017-03-09,288000.0,286000.0,7,-22220.698500000173,-0.011009509287892572,10,time
009540,2017-03-02,2017-03-16,151705.0,161244.0,14,124448.2556807003,0.05852772813593021,10,time
010140,2017-03-03,2017-03-17,9412.0,10204.0,234,175755.735324,0.0797099457028474,10,time
086790,2017-03-03,2017-03-17,36500.0,40100.0,60,206388.1632000003,0.09413290345205372,10,time
105560,2017-03-03,2017-03-17,47750.0,51900.0,46,181335.52095500054,0.08246173344356289,10,time
066570,2017-03-09,2017-03-23,65500.0,72000.0,30,186372.16724999994,0.0947369249669705,10,time
006800,2017-03-17,2017-03-27,9489.0,8824.769999999999,249,-174588.74950057687,-0.07380694743940275,6,stop
005940,2017-03-17,2017-03-31,12850.0,12550.0,183,-64375.27426500013,-0.02734422746868359,10,time
000250,2017-03-17,2017-03-31,15000.0,13949.999999999998,157,-174015.27495749993,-0.07380694743940253,10,stop
009150,2017-03-17,2017-03-31,63900.0,69500.0,36,191578.17383999983,0.08318469976545195,10,time
003670,2017-03-23,2017-04-06,13418.0,13646.0,166,28608.140701999888,0.012829051269752645,10,time
000250,2017-04-05,2017-04-10,15350.0,14275.499999999998,151,-171270.1932315249,-0.07380694743940253,3,stop
047040,2017-03-29,2017-04-12,7320.0,7110.0,299,-71574.54031650024,-0.03266458021830787,10,time
042700,2017-04-04,2017-04-12,3540.0,3292.2,655,-171333.00129254954,-0.07380694743940241,6,stop
098460,2017-04-04,2017-04-18,10519.0,10800.0,220,52153.779072999954,0.022510722293039853,10,time
240810,2017-04-19,2017-05-08,26500.0,27250.0,83,53052.492987500504,0.02409254137862793,10,time
010170,2017-04-20,2017-05-10,1964.0,2055.0,1126,93100.90334390057,0.04205085244729223,10,time
009150,2017-04-26,2017-05-16,70900.0,76800.0,31,173353.36787499953,0.07878166183863189,10,time
096770,2017-04-26,2017-05-16,168747.0,168747.0,13,-8990.266420200001,-0.004093491870325372,10,time
105560,2017-04-26,2017-05-16,52000.0,54000.0,42,74801.89500000048,0.03421060459620073,10,time
031980,2017-05-16,2017-05-22,13349.0,15351.349999999999,173,335921.03734887205,0.14529248434912567,4,target
066570,2017-05-10,2017-05-24,77100.0,82300.0,29,141192.26867999975,0.06307529985826488,10,time
071050,2017-05-10,2017-05-24,56400.0,58800.0,40,86471.44800000032,0.0382855084756184,10,time
131970,2017-05-16,2017-05-25,8805.0,9233.0,262,102351.23890319979,0.044316273658294714,7,time
006400,2017-05-16,2017-05-25,150771.0,153218.0,15,27328.446141750086,0.012069982706306215,7,time
131290,2017-05-24,2017-05-29,12700.0,12319.0,186,-80337.85152869951,-0.03397068711421536,3,stop
005290,2017-05-22,2017-05-31,11850.0,13600.0,228,386751.21128999954,0.1429813089083185,7,time
078600,2017-05-31,2017-06-01,5910.0,5732.7,525,-105523.77818587516,-0.03397068711421558,1,stop
012330,2017-05-24,2017-06-02,274500.0,270500.0,8,-40905.309599999804,-0.018605790713744907,7,time
214450,2017-05-25,2017-06-05,39150.0,40450.0,62,70414.82630999992,0.028976200609076352,7,time
141080,2017-05-25,2017-06-05,16189.0,17416.0,150,173555.54742749967,0.07138845793973747,7,time
222800,2017-06-01,2017-06-05,10370.0,10058.9,289,-101924.86554140504,-0.03397068711421558,2,stop
240810,2017-06-05,2017-06-07,31550.0,30603.5,84,-90132.66197670018,-0.03397068711421569,1,stop
145020,2017-06-05,2017-06-07,173917.0,168699.49,15,-88723.1275356682,-0.0339706871142158,1,stop
084370,2017-05-29,2017-06-08,18950.0,19500.0,120,56486.121900000144,0.024811446360351264,7,time
087010,2017-06-07,2017-06-08,21425.0,20782.25,120,-87439.0891034999,-0.03397068711421558,1,stop
207940,2017-06-08,2017-06-09,361447.0,350603.58999999997,6,-73756.35108329682,-0.03397068711421547,1,stop
042700,2017-06-09,2017-06-12,4480.0,4345.599999999999,523,-79686.22455583978,-0.03397068711421547,1,stop
011070,2017-06-12,2017-06-13,151000.0,146470.0,14,-71896.62946900027,-0.03397068711421569,1,stop
036930,2017-06-02,2017-06-14,12000.0,12450.0,179,71509.60097250016,0.03325300218453764,7,time
034220,2017-06-05,2017-06-15,31010.0,35262.0,86,353664.6550083994,0.13246227957654244,7,time
010170,2017-06-13,2017-06-15,2520.0,2444.4,869,-74477.28994398005,-0.03397068711421558,2,stop
000250,2017-06-07,2017-06-16,15500.0,15750.0,166,30832.98732500011,0.011969516325314622,7,time
141080,2017-06-08,2017-06-19,17616.0,18267.0,137,79033.5091702505,0.032710273842232684,7,time
010140,2017-06-15,2017-06-20,11242.0,10904.74,231,-88320.00986816688,-0.03397068711421558,3,stop
039030,2017-06-15,2017-06-21,97400.0,94478.0,26,-86126.31242540013,-0.03397068711421569,4,stop
028300,2017-06-20,2017-06-21,6383.0,6191.51,391,-84879.95680564968,-0.03397068711421525,1,stop
078600,2017-06-20,2017-06-21,6300.0,6111.0,396,-84847.54550579982,-0.03397068711421547,1,stop
267270,2017-06-14,2017-06-22,79697.0,77306.09,27,-73182.84452571138,-0.03397068711421558,6,stop
009150,2017-06-21,2017-06-26,93200.0,107179.99999999999,26,352477.68454599986,0.1452924843491259,3,target
087010,2017-06-23,2017-06-26,24604.0,23865.88,93,-77820.1771264621,-0.03397068711421558,1,stop
086520,2017-06-16,2017-06-27,2373.0,2640.0,1129,289574.7736744499,0.1079617283869958,7,time
031980,2017-06-26,2017-06-29,16824.0,16319.279999999999,148,-84682.66619659215,-0.03397068711421569,3,stop
006400,2017-06-27,2017-06-29,169861.0,164765.16999999998,16,-92430.90541709587,-0.03397068711421558,2,stop
068270,2017-06-21,2017-06-30,89901.0,90453.0,26,4730.450353200082,0.0020214611612046074,7,time
018260,2017-06-29,2017-06-30,189000.0,183330.0,14,-89989.8209909997,-0.03397068711421547,1,stop
064760,2017-06-29,2017-07-03,43300.0,42001.0,62,-91302.59766909992,-0.03397068711421558,2,stop
078600,2017-06-23,2017-07-04,6380.0,6480.0,360,26481.124439999927,0.011516328006315302,7,time
145020,2017-07-04,2017-07-05,198265.0,192317.05,12,-80915.33722803043,-0.0339706871142158,1,stop
207940,2017-06-27,2017-07-06,399992.0,421082.0,6,116331.4704665998,0.04841672897522864,7,time
218410,2017-07-05,2017-07-06,11242.0,10904.74,211,-80673.25576702692,-0.03397068711421558,1,stop
083650,2017-06-30,2017-07-10,7370.0,8475.5,336,360204.4980995995,0.14529248434912567,6,target
006800,2017-06-30,2017-07-10,10706.0,10384.82,231,-84109.05760973087,-0.03397068711421558,6,stop
064760,2017-07-10,2017-07-11,49700.0,48209.0,50,-84514.24987249961,-0.03397068711421547,1,stop
267270,2017-07-10,2017-07-11,87771.0,85137.87,28,-83581.97437249823,-0.03397068711421569,1,stop
047040,2017-07-04,2017-07-13,7810.0,7575.7,315,-83669.10737377545,-0.0339706871142158,7,stop
086520,2017-07-11,2017-07-17,2823.0,3246.45,874,358892.7434944352,0.1452924843491259,4,target
064760,2017-07-13,2017-07-17,52200.0,50634.0,46,-81664.23211019952,-0.03397068711421536,2,stop
003670,2017-07-12,2017-07-21,14964.0,17208.6,165,359148.46145804925,0.14529248434912545,7,target
066970,2017-07-14,2017-07-24,22158.0,25481.699999999997,110,354540.30156764947,0.14529248434912567,6,target
036930,2017-07-24,2017-07-25,17600.0,17072.0,158,-94574.33643680066,-0.0339706871142158,1,stop
031980,2017-07-17,2017-07-26,17968.0,18265.0,141,31370.803988550324,0.012368230798559088,7,time
051910,2017-07-17,2017-07-26,322000.0,326500.0,7,22169.793624999933,0.009824456224654554,7,time
086520,2017-07-25,2017-07-26,4081.0,3958.5699999999997,661,-91742.71795384819,-0.03397068711421547,1,stop
005290,2017-07-18,2017-07-27,16700.0,17000.0,169,38984.18400500016,0.013797044203860409,7,time
078600,2017-07-26,2017-07-27,8570.0,8312.9,289,-84232.9891697052,-0.03397068711421569,1,stop
207940,2017-07-26,2017-07-27,425446.0,412682.62,5,-72346.57857395522,-0.03397068711421569,1,stop
066970,2017-07-27,2017-07-28,25032.0,24281.04,102,-86835.89202674385,-0.03397068711421558,1,stop
010170,2017-07-21,2017-07-31,3153.0,3058.41,900,-96509.49169545015,-0.03397068711421569,6,stop
003670,2017-07-26,2017-07-31,18786.0,18222.42,132,-84335.7666598917,-0.03397068711421547,3,stop
095340,2017-07-28,2017-07-31,26097.0,25314.09,98,-86980.16142230108,-0.03397068711421558,1,stop
035720,2017-08-01,2017-08-02,24385.0,23653.45,104,-86250.10794634,-0.03397068711421558,1,stop
003230,2017-08-02,2017-08-03,52700.0,51119.0,47,-84238.77082864987,-0.03397068711421558,1,stop
010950,2017-07-27,2017-08-04,115000.0,111550.0,22,-86044.68900500005,-0.03397068711421558,6,stop
079550,2017-07-27,2017-08-07,80100.0,80400.0,31,-903.6572849997319,-0.0003635049484912445,7,time
087010,2017-08-08,2017-08-09,21770.0,21116.899999999998,114,-84404.73845013045,-0.0339706871142158,1,stop
267270,2017-08-02,2017-08-10,94230.0,91403.09999999999,26,-83323.22812983021,-0.03397068711421569,6,stop
180640,2017-08-09,2017-08-10,25950.0,25171.5,94,-82960.00390905002,-0.03397068711421558,1,stop
267250,2017-08-02,2017-08-11,92000.0,95500.0,27,84041.4804750001,0.03379425572156447,7,time
001440,2017-08-10,2017-08-11,11754.0,11401.38,205,-81948.89378884481,-0.03397068711421547,1,stop
066970,2017-08-16,2017-08-24,27443.0,32931.6,88,471675.8138549598,0.19508780975560946,6,target
055550,2017-08-11,2017-08-28,53800.0,53400.0,45,-27868.677299999632,-0.011498001224449217,10,time
009830,2017-08-16,2017-08-30,43171.0,42326.0,56,-57088.208237200044,-0.02358669331040264,10,time
131290,2017-08-18,2017-09-01,15550.0,16550.0,156,145598.69064000016,0.05995194273608462,10,time
051910,2017-08-23,2017-09-06,365000.0,372000.0,6,32901.123900000006,0.015006084997915003,10,time
006400,2017-08-25,2017-09-08,187974.0,188463.0,16,-4524.746292000171,-0.0015027171755516155,10,time
007660,2017-09-06,2017-09-08,4714.0,4384.0199999999995,472,-164409.9273471923,-0.07380694743940275,2,stop
010170,2017-08-28,2017-09-11,3626.0,3659.0,698,12593.763522699941,0.004970191187666728,10,time
010950,2017-08-30,2017-09-13,123000.0,122000.0,19,-28521.48045000015,-0.0121902927494284,10,time
178320,2017-09-04,2017-09-18,9541.0,10530.0,272,257579.49903920013,0.09914008286400522,10,time
086520,2017-09-12,2017-09-20,4729.0,4397.969999999999,538,-187995.75820697332,-0.07380694743940275,6,stop
031980,2017-09-13,2017-09-20,22163.0,20611.59,105,-171954.80109669734,-0.07380694743940253,5,stop
066970,2017-09-12,2017-09-21,38800.0,36084.0,65,-186355.21165299974,-0.07380694743940253,7,stop
005290,2017-09-08,2017-09-22,19200.0,18700.0,131,-75614.69536500052,-0.030028557186202454,10,time
068270,2017-09-18,2017-10-10,102709.0,113478.0,27,278540.9214952504,0.10032693074160237,10,time
078600,2017-09-22,2017-10-16,8650.0,8370.0,270,-84948.47352,-0.03633092797163273,10,time
240810,2017-10-12,2017-10-16,36900.0,34317.0,79,-215402.09258115012,-0.07380694743940264,2,stop
098460,2017-09-27,2017-10-19,13340.0,14260.0,175,150958.1160500003,0.06458971558689375,10,time
034730,2017-10-11,2017-10-25,298000.0,298500.0,8,-5781.901000000071,-0.0024225077962822805,10,time
096770,2017-10-11,2017-10-25,203185.0,201710.0,12,-27640.132719000336,-0.011323169747586403,10,time
066570,2017-10-20,2017-11-03,96500.0,92000.0,25,-122055.25187500007,-0.05053472800072467,10,time
018260,2017-10-23,2017-11-06,197500.0,212000.0,12,163774.3053000006,0.06902369480248649,10,time
042700,2017-10-23,2017-11-06,4820.0,4825.0,523,-7723.697602749802,-0.0030603938328463975,10,time
005290,2017-10-30,2017-11-13,20950.0,21850.0,117,94944.26740500052,0.038690081271283816,10,time
006400,2017-11-02,2017-11-13,221261.0,205772.72999999998,11,-179843.19799409155,-0.07380694743940264,7,stop
064760,2017-11-03,2017-11-16,56700.0,68040.0,41,454042.24809300015,0.1950878097556097,9,target
028300,2017-11-16,2017-11-17,16912.0,16404.64,165,-94903.55089908047,-0.0339706871142158,1,stop
010120,2017-11-06,2017-11-20,12200.0,12300.0,207,10289.381085000467,0.0040696762290983735,10,time
066970,2017-11-09,2017-11-20,38058.0,39265.0,66,69133.17893130053,0.027491435222862126,7,time
078600,2017-11-17,2017-11-20,9850.0,11327.5,274,392580.89419825,0.1452924843491259,1,target
028300,2017-11-20,2017-11-21,15618.0,17960.699999999997,175,397562.8852413744,0.14529248434912567,1,target
003670,2017-11-20,2017-11-21,34709.0,33667.729999999996,78,-92074.68720656727,-0.03397068711421569,1,stop
058470,2017-11-13,2017-11-22,11773.0,11893.0,205,14636.615706999786,0.006057597994242769,7,time
141080,2017-11-13,2017-11-22,16790.0,17966.0,143,157832.57707360014,0.06566148451803078,7,time
218410,2017-11-21,2017-11-22,10215.0,11747.25,283,420501.13568066247,0.1452924843491259,1,target
082740,2017-11-21,2017-11-22,2859.0,2773.23,1011,-98303.47244656645,-0.03397068711421558,1,stop
068270,2017-11-20,2017-11-23,170609.0,165490.72999999998,16,-92837.93420682382,-0.03397068711421547,3,stop
078600,2017-11-22,2017-11-24,13850.0,13434.5,200,-94207.0310449996,-0.03397068711421547,2,stop
086520,2017-11-23,2017-11-24,4842.0,4696.74,565,-93041.51662120502,-0.03397068711421558,1,stop
064760,2017-11-23,2017-11-24,74500.0,72265.0,36,-91214.17229699995,-0.03397068711421558,1,stop
042700,2017-11-23,2017-11-27,6450.0,6256.5,424,-93009.88754579984,-0.03397068711421558,2,stop
214150,2017-11-23,2017-11-27,3830.0,3715.1,715,-93134.0231643254,-0.03397068711421569,2,stop
218410,2017-11-24,2017-11-27,12831.0,12446.07,207,-90330.49674189417,-0.03397068711421547,1,stop
067310,2017-11-24,2017-11-27,4504.0,4368.88,590,-90376.17184755998,-0.03397068711421558,1,stop
078600,2017-11-27,2017-11-28,14000.0,13580.0,186,-88561.41113399947,-0.03397068711421536,1,stop
263750,2017-11-27,2017-11-28,39180.0,38004.6,66,-87945.1543099801,-0.03397068711421558,1,stop
095340,2017-11-27,2017-11-28,21571.0,20923.87,120,-88034.94007242005,-0.03397068711421558,1,stop
003230,2017-11-27,2017-11-29,71500.0,69355.0,36,-87541.11837899964,-0.03397068711421547,2,stop
131970,2017-11-28,2017-11-29,8151.0,7906.469999999999,310,-85936.19787538517,-0.03397068711421569,1,stop
214450,2017-11-30,2017-12-01,60500.0,58685.0,41,-84361.20595924975,-0.03397068711421547,1,stop
145020,2017-11-30,2017-12-01,166926.0,161918.22,14,-79479.58126319433,-0.03397068711421569,1,stop
010170,2017-11-24,2017-12-04,3506.0,4031.8999999999996,758,386565.8491291902,0.1452924843491259,6,target
267270,2017-12-01,2017-12-04,94844.0,91998.68,25,-80640.53837935021,-0.03397068711421569,1,stop
003230,2017-12-01,2017-12-05,71800.0,82570.0,34,355095.9572109999,0.1452924843491259,2,target
028300,2017-12-04,2017-12-05,16314.0,15824.58,160,-88773.63202704024,-0.03397068711421569,1,stop
196170,2017-12-05,2017-12-06,6682.0,6481.54,395,-89765.01648731483,-0.03397068711421547,1,stop
028050,2017-12-05,2017-12-06,14050.0,13628.5,188,-89833.37610190036,-0.03397068711421569,1,stop
087010,2017-11-30,2017-12-07,28152.0,27307.44,88,-84254.95947369607,-0.03397068711421558,5,stop
034020,2017-12-06,2017-12-07,13425.0,13022.25,193,-88120.13451746246,-0.03397068711421558,1,stop
003230,2017-12-07,2017-12-08,79100.0,76727.0,31,-83395.32881784998,-0.03397068711421558,1,stop
010170,2017-12-06,2017-12-11,4309.0,4179.73,603,-88368.47377402941,-0.03397068711421558,3,stop
000250,2017-12-08,2017-12-11,14600.0,14162.0,171,-84908.76307109976,-0.03397068711421547,1,stop
032820,2017-12-08,2017-12-11,640.0,620.8,3914,-85193.08465215983,-0.03397068711421547,1,stop
000250,2017-12-13,2017-12-14,15400.0,14938.0,160,-83800.04494399996,-0.03397068711421558,1,stop
214150,2017-12-11,2017-12-15,4500.0,4365.0,549,-84021.10837424966,-0.03397068711421547,4,stop
078600,2017-12-14,2017-12-15,14400.0,13968.0,170,-83255.8888079999,-0.03397068711421558,1,stop
080220,2017-12-14,2017-12-19,4460.0,4326.2,549,-83274.25407759007,-0.03397068711421558,3,stop
214450,2017-12-18,2017-12-19,57800.0,56066.0,41,-80596.32569329953,-0.03397068711421536,1,stop
064760,2017-12-18,2017-12-19,72400.0,70228.0,33,-81256.11500820005,-0.03397068711421558,1,stop
066570,2017-12-18,2017-12-19,106500.0,103305.0,22,-79684.8641654998,-0.03397068711421547,1,stop
058610,2017-12-15,2017-12-27,6230.0,6550.0,387,113594.11230599973,0.04706061448625487,7,time
010120,2017-12-19,2018-01-05,12940.0,13420.0,181,77025.31526800012,0.0328489442890445,10,time
039030,2017-12-28,2018-01-09,105000.0,97650.0,22,-170690.14231499983,-0.07380694743940253,6,stop
024110,2017-12-22,2018-01-10,16800.0,16900.0,139,4288.905464999843,0.0018345230590179895,10,time
141080,2017-12-28,2018-01-15,20268.0,22170.0,118,213972.99797340017,0.08936487493758083,10,time
086520,2017-12-28,2018-01-15,4957.0,5085.0,485,52044.31801699987,0.02162287549715458,10,time
028050,2018-01-11,2018-01-17,15450.0,14368.499999999998,151,-172385.95996267488,-0.07380694743940253,4,stop
005940,2018-01-09,2018-01-23,15200.0,16850.0,153,242174.99085750012,0.10401478039375123,10,time
010120,2018-01-11,2018-01-25,14200.0,14040.0,165,-35924.25407999987,-0.015314973652068131,10,time
000250,2018-01-15,2018-01-25,28400.0,34080.0,89,493671.09144399967,0.19508780975560946,8,target
214150,2018-01-24,2018-01-25,7320.0,6807.599999999999,350,-189310.88511299994,-0.07380694743940253,1,stop
003670,2018-01-15,2018-01-29,43214.0,46035.0,58,152863.86829670006,0.06091905636482564,10,time
086520,2018-01-17,2018-01-31,5477.0,5093.61,402,-162691.64658122114,-0.07380694743940264,10,stop
051910,2018-01-25,2018-02-02,436000.0,405480.0,5,-161084.20356999943,-0.0738069474394023,6,stop
034730,2018-01-29,2018-02-05,327000.0,304110.0,8,-193301.0442839996,-0.07380694743940241,5,stop
016360,2018-01-25,2018-02-06,42500.0,39525.0,60,-188424.18307500007,-0.07380694743940264,8,stop
028050,2018-01-26,2018-02-06,16850.0,15670.499999999998,176,-219133.6303244005,-0.07380694743940275,7,stop
068270,2018-02-08,2018-02-09,201412.0,221553.2,11,211820.35684634,0.0954971589426421,1,target
218410,2018-02-08,2018-02-09,16683.0,18351.300000000003,139,221706.5981643158,0.09549715894264255,1,target
263750,2018-02-08,2018-02-12,44760.0,49236.00000000001,52,222527.19300240092,0.09549715894264255,2,target
028300,2018-02-09,2018-02-13,15718.0,15246.46,155,-82857.63453596504,-0.03397068711421558,2,stop
214150,2018-02-13,2018-02-20,5510.0,5690.0,443,69501.50316700013,0.028440659030462667,3,time
214150,2018-02-23,2018-02-26,5560.0,5393.2,441,-83390.56745166099,-0.033970687114216025,1,stop
141080,2018-03-06,2018-03-09,27925.0,30717.500000000004,87,232274.80417762557,0.09549715894264232,3,target
028050,2018-03-13,2018-03-14,18150.0,16879.5,137,-183735.74604907492,-0.07380694743940253,1,stop
098460,2018-03-14,2018-03-19,19640.0,18265.199999999997,124,-179953.22293864097,-0.07380694743940297,3,stop
000660,2018-03-14,2018-03-23,89300.0,83049.0,27,-178160.6069851499,-0.07380694743940253,7,stop
066570,2018-03-14,2018-03-28,112500.0,109000.0,21,-82965.31582499947,-0.03507724990102612,10,time
064760,2018-03-14,2018-03-28,78600.0,82100.0,31,98194.4624549998,0.04025349004384582,10,time
082740,2018-03-15,2018-03-29,2995.0,3173.0,869,143559.78900890006,0.0550956094475652,10,time
207940,2018-03-23,2018-04-06,680714.0,754894.0,3,213514.8346086,0.10443423750362513,10,time
028300,2018-04-02,2018-04-06,28415.0,34098.0,89,493931.8332176497,0.19508780975560946,4,target
098460,2018-03-28,2018-04-11,19860.0,19280.0,121,-79821.32634299947,-0.033178374786498877,10,time
207940,2018-04-11,2018-04-13,853803.0,794036.7899999999,2,-126178.14335841918,-0.07380694743940264,2,stop
009150,2018-04-16,2018-04-30,119500.0,118500.0,21,-31222.523849999532,-0.01242743754505049,10,time
010120,2018-05-03,2018-05-08,15380.0,14303.4,163,-185242.4005953106,-0.07380694743940275,2,stop
196170,2018-05-09,2018-05-11,9011.0,9912.1,271,233470.46525709564,0.09549715894264232,2,target
047050,2018-05-15,2018-05-16,26200.0,24366.0,96,-185852.7471648003,-0.07380694743940264,1,stop
082740,2018-05-02,2018-05-17,3499.0,3845.0,715,236407.86662350036,0.09438711739314076,10,time
000500,2018-05-02,2018-05-17,23110.0,23524.0,108,34351.57137239957,0.01374749879889503,10,time
196170,2018-05-18,2018-05-24,8621.0,9081.0,294,124454.11455120007,0.0490461663757773,3,time
028050,2018-05-15,2018-05-30,19300.0,17949.0,130,-185394.6177784996,-0.07380694743940241,10,stop
078600,2018-05-29,2018-05-30,23000.0,21390.0,112,-190345.3708239994,-0.0738069474394023,1,stop
005940,2018-05-29,2018-05-30,17050.0,15856.499999999998,152,-191498.08347339975,-0.07380694743940253,1,stop
032820,2018-06-01,2018-06-04,2505.0,2429.85,951,-81019.91723541776,-0.03397068711421569,1,stop
083650,2018-05-31,2018-06-05,5470.0,5305.9,435,-80924.51986282505,-0.03397068711421558,3,stop
003230,2018-05-23,2018-06-07,104500.0,111500.0,24,157226.44200000027,0.06261794886563377,10,time
000660,2018-05-24,2018-06-08,95300.0,88629.0,27,-190131.0844981498,-0.07380694743940253,10,stop
083650,2018-06-07,2018-06-11,5390.0,5228.3,449,-82307.35664343461,-0.03397068711421547,2,stop
032820,2018-06-07,2018-06-12,2290.0,2519.0,1057,231419.5996073503,0.09549715894264232,3,target
001440,2018-06-11,2018-06-14,13817.0,13402.49,172,-80825.00730945403,-0.03397068711421558,2,stop
131970,2018-05-30,2018-06-15,11547.0,13208.0,205,329800.18157774955,0.13916455870587519,10,time
028300,2018-06-12,2018-06-15,40199.0,38993.03,61,-83396.65519843111,-0.03397068711421547,2,stop
032820,2018-06-15,2018-06-18,2115.0,2051.5499999999997,1166,-83871.12533926545,-0.0339706871142158,1,stop
064350,2018-06-15,2018-06-19,32500.0,31525.0,75,-82898.78634374961,-0.03397068711421547,2,stop
028300,2018-06-18,2018-06-19,40837.0,39611.89,60,-83331.39047186961,-0.03397068711421547,1,stop
000720,2018-06-19,2018-06-20,61005.0,59174.85,39,-80915.84737440757,-0.03397068711421558,1,stop
032820,2018-06-20,2018-06-22,2005.0,1944.85,1197,-81622.91025362303,-0.0339706871142158,2,stop
064350,2018-06-21,2018-06-22,31900.0,30943.0,75,-81368.3472112501,-0.03397068711421558,1,stop
064350,2018-06-25,2018-06-26,29300.0,32230.000000000004,81,226904.08123350004,0.0954971589426421,1,target
000720,2018-06-22,2018-06-27,59254.0,57476.38,39,-78593.35497620096,-0.03397068711421558,3,stop
064350,2018-06-28,2018-06-29,28850.0,27984.5,83,-81438.06721617514,-0.03397068711421569,1,stop
028300,2018-10-10,2018-10-11,38369.0,37217.93,62,-80905.06628096243,-0.03397068711421536,1,stop
196170,2018-10-11,2018-10-16,8259.0,9084.900000000001,286,225830.79710763087,0.09549715894264255,3,target
087010,2018-10-15,2018-10-16,25019.0,24268.43,94,-79983.67390368134,-0.03397068711421569,1,stop
042660,2018-10-22,2018-10-24,27185.0,26369.45,88,-81360.86506437976,-0.03397068711421547,2,stop
226950,2018-10-24,2018-10-25,30428.0,29515.16,78,-80718.21666776389,-0.03397068711421558,1,stop
007660,2018-10-29,2018-10-30,4548.0,4411.5599999999995,519,-80277.04208050203,-0.03397068711421558,1,stop
083650,2018-12-20,2018-12-21,3590.0,3482.2999999999997,653,-79728.05655879481,-0.03397068711421547,1,stop
083650,2018-12-24,2018-12-26,3400.0,3298.0,685,-79208.72754650004,-0.03397068711421558,1,stop
083650,2018-12-28,2019-01-04,3240.0,3315.0,714,43911.519970499445,0.01895989952156496,3,time
083650,2019-01-07,2019-01-09,3325.0,3657.5000000000005,698,221889.49434575066,0.09549715894264232,2,target
032820,2019-03-05,2019-03-08,1285.0,1246.45,1842,-80500.07807674492,-0.03397068711421558,3,stop
131970,2019-04-24,2019-04-26,20931.0,19465.829999999998,112,-173222.56333552813,-0.07380694743940264,2,stop
108490,2019-04-29,2019-05-02,17236.0,16718.92,134,-78549.75446580397,-0.03397068711421558,2,stop
178320,2019-05-02,2019-05-15,12215.0,14658.0,188,448518.8193598003,0.1950878097556097,8,target
218410,2019-05-02,2019-05-17,31221.0,30246.0,73,-80305.51540184999,-0.035194636786453404,10,time
078600,2019-08-06,2019-08-08,17600.0,19360.0,134,225479.5370079996,0.09549715894264188,2,target
028300,2019-11-14,2019-11-18,55087.0,60595.700000000004,43,226468.2089432953,0.09549715894264232,2,target
028300,2019-11-20,2019-11-22,52540.0,50963.799999999996,46,-82196.14473313978,-0.03397068711421547,2,stop
028300,2019-11-25,2019-11-26,50826.0,55908.600000000006,48,233247.41413776018,0.0954971589426421,1,target
028300,2019-11-29,2019-12-02,48359.0,46908.229999999996,51,-83878.57347637694,-0.0339706871142158,1,stop
131290,2019-12-13,2019-12-16,13550.0,12601.5,182,-182224.6579926503,-0.07380694743940275,1,stop
011070,2019-12-13,2019-12-30,135500.0,140000.0,18,70765.69815000007,0.028980894008519886,10,time
098460,2019-12-13,2019-12-30,20800.0,21100.0,119,25450.889975000173,0.010270544304622042,10,time
028050,2019-12-13,2019-12-30,19650.0,19200.0,126,-66679.57894500066,-0.026900511140470873,10,time
000660,2019-12-16,2020-01-02,87200.0,94700.0,27,192254.21779499995,0.08156360458578193,10,time
222800,2019-12-16,2020-01-02,11321.0,11226.0,212,-29916.519379400183,-0.012450626246468754,10,time
090430,2020-01-08,2020-01-09,219500.0,212915.0,12,-89581.70388899976,-0.03397068711421547,1,stop
080220,2020-01-08,2020-01-10,4510.0,4374.7,598,-91723.63847932965,-0.03397068711421547,2,stop
039030,2019-12-30,2020-01-15,101400.0,109300.0,24,179067.67020000005,0.0734968573823811,10,time
207940,2019-12-30,2020-01-15,625442.0,631987.0,3,11887.555825049989,0.006328270812239412,10,time
131290,2020-01-07,2020-01-15,15750.0,14647.499999999998,171,-199009.18865362508,-0.07380694743940264,6,stop
064350,2020-01-15,2020-01-16,17150.0,16635.5,137,-79907.62808367517,-0.03397068711421569,1,stop
095340,2020-01-16,2020-01-17,11100.0,12764.999999999998,229,369743.7381757498,0.14529248434912567,1,target
083650,2020-01-09,2020-01-20,2370.0,2725.5,1100,379213.15764750075,0.14529248434912612,7,target
214450,2020-01-17,2020-01-20,40100.0,38897.0,72,-98192.97474119999,-0.03397068711421558,1,stop
003230,2020-01-10,2020-01-21,100500.0,101000.0,25,2166.4218750004657,0.0008612668765886067,7,time
095340,2020-01-20,2020-01-21,13650.0,13240.5,212,-98417.43914730009,-0.03397068711421558,1,stop
006400,2020-01-15,2020-01-28,262870.0,279024.0,8,120232.66693039984,0.05710738206860544,7,time
067310,2020-01-15,2020-01-28,4339.0,4486.0,544,70058.79348640004,0.029646599555132713,7,time
005290,2020-01-20,2020-01-28,18900.0,18333.0,153,-98346.01865445031,-0.03397068711421569,4,stop
095340,2020-01-23,2020-01-28,13050.0,12658.5,204,-90540.77907870011,-0.03397068711421558,1,stop
058470,2020-01-22,2020-01-29,14436.0,16601.399999999998,184,386373.26062871935,0.14529248434912567,3,target
086280,2020-01-28,2020-01-29,77280.0,74961.59999999999,32,-84104.77238016017,-0.03397068711421569,1,stop
042700,2020-01-28,2020-01-30,4800.0,4656.0,522,-85214.85089759994,-0.03397068711421558,2,stop
131970,2020-01-29,2020-01-30,35020.0,33969.4,84,-100045.82638427988,-0.03397068711421558,1,stop
005380,2020-01-29,2020-01-30,132000.0,128040.0,22,-98764.33868399961,-0.03397068711421547,1,stop
003670,2020-01-28,2020-02-03,52767.0,51183.99,47,-84345.86755816638,-0.03397068711421558,4,stop
207940,2020-01-28,2020-02-06,693805.0,754894.0,3,174196.66476764996,0.08359531503526574,7,time
237690,2020-02-05,2020-02-06,31800.0,29573.999999999996,82,-192680.3528574002,-0.07380694743940264,1,stop
196170,2020-02-06,2020-02-07,22945.0,27534.0,109,488476.7637509499,0.19508780975560946,1,target
222800,2020-02-07,2020-02-21,13509.0,13082.0,193,-92853.02692484995,-0.035572659756280656,10,time
098460,2020-02-14,2020-02-24,21419.0,19919.67,128,-202584.22348716808,-0.07380694743940264,6,stop
051910,2020-02-12,2020-02-26,408500.0,395000.0,6,-90805.89614999993,-0.03700594685135494,10,time
009150,2020-02-12,2020-02-26,141000.0,136500.0,18,-91162.43954999978,-0.03587774212978301,10,time
035720,2020-02-14,2020-02-28,36329.0,34523.0,75,-146216.94971249998,-0.0536023457799345,10,time
086520,2020-03-02,2020-03-05,2932.0,3225.2000000000003,850,238271.75293900073,0.09549715894264232,3,target
003670,2020-03-02,2020-03-05,50494.0,54315.0,49,176537.24851734983,0.0712691010627653,3,time
196170,2020-03-12,2020-03-13,22583.0,21905.51,114,-87556.83088742709,-0.03397068711421558,1,stop
247540,2020-03-17,2020-03-18,16678.0,16177.66,153,-86783.85709623853,-0.03397068711421536,1,stop
180640,2020-03-18,2020-03-19,52100.0,50537.0,48,-85051.60405679932,-0.03397068711421536,1,stop
180640,2020-03-23,2020-03-24,53300.0,51701.0,47,-85197.84601834975,-0.03397068711421547,1,stop
180640,2020-05-18,2020-05-21,77000.0,79000.0,32,53713.35999999987,0.021774209639536357,3,time
066970,2020-06-16,2020-06-18,20396.0,19784.12,123,-85320.5532270181,-0.03397068711421558,2,stop
222800,2020-06-16,2020-06-19,10500.0,11450.0,239,216096.21234750003,0.08601233505569295,3,time
108490,2020-06-16,2020-06-19,11685.0,12026.0,215,62803.058309250046,0.024969761811507674,3,time
095340,2020-06-16,2020-06-19,15200.0,16350.0,165,178912.32191250054,0.07125469788948569,3,time
001440,2020-06-16,2020-06-19,5949.0,6077.0,423,43671.55964940041,0.01733465286670599,3,time
011200,2020-06-24,2020-06-25,4505.0,4369.849999999999,577,-88404.45609852253,-0.03397068711421558,1,stop
082740,2020-06-29,2020-06-30,3349.0,3683.9,771,246864.814042605,0.0954971589426421,1,target
087010,2020-07-01,2020-07-02,17875.0,17338.75,147,-89364.89167856192,-0.03397068711421536,1,stop
079550,2020-06-30,2020-07-03,30150.0,30000.0,87,-23761.311457500327,-0.00904825061723924,3,time
108490,2020-06-30,2020-07-03,11637.0,11734.0,226,11079.262579499744,0.004207868556638461,3,time
214370,2020-07-02,2020-07-07,13460.0,13056.199999999999,193,-88349.87043613009,-0.03397068711421558,3,stop
066970,2020-07-08,2020-07-09,37942.0,36803.74,68,-87747.08147647651,-0.0339706871142158,1,stop
036930,2020-07-08,2020-07-09,7330.0,7110.099999999999,353,-87999.91002116539,-0.03397068711421569,1,stop
237690,2020-07-08,2020-07-10,50900.0,49373.0,50,-86554.83538249973,-0.03397068711421547,2,stop
035720,2020-07-08,2020-07-10,62623.0,72016.45,41,373473.75850622775,0.1452924843491259,2,target
222800,2020-07-10,2020-07-15,12600.0,14489.999999999998,214,392217.2452169992,0.14529248434912545,3,target
043260,2020-07-08,2020-07-17,697.0,744.0,3722,163786.59604250034,0.06306232718576466,7,time
042700,2020-07-09,2020-07-17,4250.0,4887.5,598,369685.55433874996,0.1452924843491259,6,target
178320,2020-07-09,2020-07-20,19099.0,20651.0,133,195397.36291179992,0.07683466670432537,7,time
009830,2020-07-10,2020-07-21,27390.0,31498.499999999996,98,390445.5473803496,0.14529248434912567,7,target
336260,2020-07-15,2020-07-21,35715.0,41072.25,87,451972.7731139632,0.14529248434912612,4,target
039490,2020-07-20,2020-07-21,103000.0,99910.0,26,-91078.13326300029,-0.03397068711421569,1,stop
001440,2020-07-21,2020-07-22,7102.0,6888.94,436,-105310.26492201211,-0.03397068711421558,1,stop
034020,2020-07-21,2020-07-22,5018.0,5770.7,617,450358.31709680473,0.14529248434912567,1,target
005380,2020-07-21,2020-07-23,122000.0,118340.0,25,-103729.76342500001,-0.03397068711421558,2,stop
000150,2020-07-22,2020-07-23,49150.0,47675.5,67,-111995.83522842545,-0.03397068711421569,1,stop
298040,2020-07-22,2020-07-24,37700.0,43355.0,87,477092.9174407497,0.14529248434912567,2,target
042700,2020-07-23,2020-07-24,6050.0,5868.5,507,-104319.83273497503,-0.03397068711421558,1,stop
196170,2020-07-24,2020-07-27,101317.0,98277.48999999999,33,-113710.3011641684,-0.03397068711421558,1,stop
353200,2020-07-17,2020-07-28,11750.0,13512.499999999998,241,411905.2010618746,0.14529248434912567,7,target
222800,2020-07-17,2020-07-28,14950.0,15500.0,189,92063.88119249977,0.0325452090976559,7,time
141080,2020-07-23,2020-07-28,54000.0,62099.99999999999,56,439869.80771999946,0.14529248434912567,3,target
034020,2020-07-24,2020-07-28,7394.0,8503.099999999999,458,492591.92794080963,0.14529248434912567,2,target
001440,2020-07-27,2020-07-28,9410.0,9127.699999999999,348,-111371.07596478052,-0.03397068711421569,1,stop
298040,2020-07-28,2020-07-29,47950.0,46511.5,69,-112522.98648517532,-0.03397068711421569,1,stop
226950,2020-07-28,2020-07-29,29026.0,28155.219999999998,114,-112537.06652519433,-0.03397068711421569,1,stop
267260,2020-07-28,2020-07-29,10450.0,10136.5,318,-113017.82847135048,-0.03397068711421569,1,stop
058470,2020-07-28,2020-07-29,28612.0,27753.64,116,-112878.11638343194,-0.03397068711421558,1,stop
131970,2020-07-28,2020-07-29,42819.0,41534.43,77,-112132.3163892855,-0.03397068711421558,1,stop
064350,2020-07-29,2020-07-30,18450.0,17896.5,174,-109181.52771255001,-0.03397068711421558,1,stop
010130,2020-07-29,2020-07-31,433500.0,420495.0,7,-103202.61216824967,-0.03397068711421547,2,stop
100790,2020-07-29,2020-08-03,3636.0,3526.92,885,-109438.64148681005,-0.03397068711421558,3,stop
034020,2020-07-30,2020-08-03,9176.0,8900.72,362,-112970.62292655231,-0.03397068711421569,2,stop
267260,2020-07-31,2020-08-03,12400.0,12028.0,236,-99526.15727440035,-0.03397068711421569,1,stop
131290,2020-08-03,2020-08-04,41150.0,39915.5,74,-103563.11560835037,-0.03397068711421569,1,stop
319660,2020-07-29,2020-08-07,15475.0,15600.0,208,12732.064539999701,0.003950987193726885,7,time
240810,2020-07-29,2020-08-07,37650.0,36520.5,85,-108839.72963962471,-0.03397068711421547,7,stop
222800,2020-08-03,2020-08-07,19650.0,19060.5,155,-103585.22195137478,-0.03397068711421547,4,stop
066970,2020-08-03,2020-08-07,39769.0,45734.35,76,439643.47259407025,0.1452924843491259,4,target
051910,2020-08-04,2020-08-07,652000.0,749800.0,4,379358.61724000005,0.1452924843491259,3,target
067310,2020-08-07,2020-08-10,5072.0,4919.84,634,-109363.41190100787,-0.03397068711421558,1,stop
096770,2020-08-07,2020-08-10,164811.0,189532.65,19,455493.4770908323,0.1452924843491259,1,target
298380,2020-08-07,2020-08-10,35850.0,34774.5,89,-108513.23595802486,-0.03397068711421558,1,stop
051910,2020-08-10,2020-08-11,747000.0,724590.0,4,-101621.15839799959,-0.03397068711421547,1,stop
178320,2020-08-10,2020-08-11,23029.0,22338.13,144,-112782.34490349516,-0.03397068711421536,1,stop
039490,2020-08-11,2020-08-12,119500.0,115915.0,27,-109732.4858002495,-0.03397068711421547,1,stop
003670,2020-08-07,2020-08-13,80789.0,92907.34999999999,39,458309.8657208169,0.14529248434912567,4,target
006400,2020-08-07,2020-08-14,456718.0,443016.45999999996,7,-108730.08217822108,-0.03397068711421558,5,stop
005380,2020-08-11,2020-08-14,171500.0,166355.0,18,-104988.12448949972,-0.03397068711421547,3,stop
096770,2020-08-12,2020-08-14,182030.0,176569.1,18,-111434.3341155895,-0.03397068711421547,2,stop
032830,2020-08-13,2020-08-14,61100.0,70265.0,59,524367.2850032505,0.1452924843491259,1,target
071050,2020-08-10,2020-08-18,61700.0,59849.0,53,-111215.31127084978,-0.03397068711421547,5,stop
028300,2020-08-14,2020-08-18,45801.0,44426.97,73,-113710.70928127039,-0.03397068711421558,1,stop
007660,2020-08-14,2020-08-18,4294.0,4165.18,779,-113763.52643622039,-0.03397068711421536,1,stop
028260,2020-08-14,2020-08-18,127500.0,123675.0,26,-112742.34942750027,-0.03397068711421569,1,stop
105560,2020-08-14,2020-08-18,40850.0,39624.5,81,-112533.18941272516,-0.03397068711421558,1,stop
032830,2020-08-18,2020-08-19,64500.0,62565.0,49,-107487.84173924988,-0.03397068711421558,1,stop
090430,2020-08-18,2020-08-19,192500.0,186725.0,16,-104750.05617999984,-0.03397068711421558,1,stop
066570,2020-08-18,2020-08-19,88300.0,85651.0,36,-108110.22031980008,-0.03397068711421558,1,stop
000810,2020-08-18,2020-08-19,186500.0,180905.0,17,-107827.93932424951,-0.03397068711421547,1,stop
005380,2020-08-18,2020-08-19,163500.0,158595.0,19,-105651.31478024973,-0.03397068711421547,1,stop
064760,2020-08-20,2020-08-21,109000.0,105730.0,28,-103797.78294199985,-0.03397068711421558,1,stop
007660,2020-08-20,2020-08-21,4146.0,4021.62,752,-106035.35297323205,-0.03397068711421558,1,stop
000990,2020-08-20,2020-08-21,37900.0,36763.0,82,-105695.52746630041,-0.03397068711421569,1,stop
000500,2020-08-20,2020-08-21,15970.0,15490.9,195,-105911.48943277495,-0.03397068711421558,1,stop
237690,2020-08-26,2020-08-27,65800.0,63826.0,45,-100702.89491849951,-0.03397068711421547,1,stop
078600,2020-08-26,2020-08-27,52500.0,50925.0,57,-101774.20231124992,-0.03397068711421558,1,stop
214450,2020-08-19,2020-08-28,68400.0,68200.0,45,-21587.727150000166,-0.007005499204037924,7,time
298380,2020-08-27,2020-08-28,34300.0,33271.0,85,-99155.45090675028,-0.03397068711421569,1,stop
034220,2020-08-25,2020-08-31,14049.0,13627.529999999999,214,-102249.86279363092,-0.03397068711421558,4,stop
051910,2020-08-28,2020-08-31,767000.0,743990.0,3,-78256.45430849958,-0.03397068711421536,1,stop
034020,2020-08-31,2020-09-01,11969.0,13764.349999999999,243,423064.4246196975,0.1452924843491259,1,target
086280,2020-08-31,2020-09-02,72778.0,70594.66,40,-99006.48816451989,-0.03397068711421558,2,stop
009830,2020-08-28,2020-09-03,44138.0,50758.7,66,423739.50258849,0.1452924843491259,4,target
298040,2020-09-02,2020-09-03,49400.0,56809.99999999999,57,409585.1205614996,0.14529248434912567,1,target
000250,2020-08-26,2020-09-04,58100.0,56357.0,51,-100774.31541135069,-0.0339706871142158,7,stop
178320,2020-08-27,2020-09-04,24430.0,28094.499999999996,120,426429.3413729998,0.1452924843491259,6,target
006260,2020-09-01,2020-09-04,45350.0,52152.49999999999,73,481551.2539508748,0.1452924843491259,3,target
034020,2020-09-03,2020-09-04,14894.0,14447.18,221,-111945.63682487886,-0.03397068711421558,1,stop
272210,2020-09-03,2020-09-04,11444.0,11100.68,287,-111702.60309063783,-0.03397068711421558,1,stop
000500,2020-09-04,2020-09-07,17415.0,20027.25,188,476237.6150368508,0.14529248434912612,1,target
267260,2020-09-04,2020-09-07,12850.0,14777.499999999998,254,474765.56396074966,0.14529248434912567,1,target
067310,2020-09-04,2020-09-08,4778.0,5494.7,685,476079.0640810253,0.1452924843491259,2,target
298040,2020-09-07,2020-09-08,68600.0,66542.0,54,-125985.74938739976,-0.03397068711421547,1,stop
006260,2020-09-07,2020-09-08,61900.0,60043.0,60,-126312.24306900008,-0.03397068711421558,1,stop
087010,2020-09-04,2020-09-09,20089.0,19486.329999999998,163,-111365.19227655977,-0.03397068711421569,3,stop
336260,2020-09-08,2020-09-09,58675.0,56914.75,62,-123722.39995922521,-0.03397068711421569,1,stop
032820,2020-09-08,2020-09-09,938.0,1078.6999999999998,3909,533348.2511633844,0.14529248434912567,1,target
071050,2020-09-08,2020-09-09,84100.0,81577.0,43,-122989.48966355063,-0.0339706871142158,1,stop
267260,2020-09-09,2020-09-10,17150.0,19722.5,210,523872.72238874994,0.1452924843491259,1,target
010170,2020-09-09,2020-09-14,3777.0,3663.69,956,-122802.84410890145,-0.03397068711421547,3,stop
222800,2020-09-04,2020-09-15,19250.0,20000.0,170,113712.76412500022,0.034708060394467166,7,time
067310,2020-09-14,2020-09-15,6379.0,6187.63,546,-118453.74421143904,-0.03397068711421558,1,stop
001440,2020-09-09,2020-09-17,7566.0,7339.0199999999995,477,-122740.60625084676,-0.03397068711421547,6,stop
000500,2020-09-09,2020-09-18,20386.0,19774.42,177,-122718.15981023759,-0.0339706871142158,7,stop
080220,2020-09-17,2020-09-18,4140.0,4015.7999999999997,845,-118976.33816055022,-0.03397068711421569,1,stop
006260,2020-09-10,2020-09-21,59200.0,57424.0,70,-140936.43922399962,-0.03397068711421547,7,stop
141080,2020-09-18,2020-09-21,64000.0,62080.0,53,-115361.10083199991,-0.03397068711421558,1,stop
307950,2020-09-15,2020-09-22,58100.0,56357.0,58,-114606.08419330046,-0.03397068711421569,5,stop
011200,2020-09-15,2020-09-22,7270.0,7051.9,464,-114724.43815288087,-0.0339706871142158,5,stop
237690,2020-09-18,2020-09-22,72600.0,70422.0,47,-116048.09795370046,-0.03397068711421569,2,stop
066970,2020-09-21,2020-09-22,44145.0,42820.65,83,-124612.94548554765,-0.03397068711421558,1,stop
000270,2020-09-21,2020-09-22,47500.0,46075.0,77,-124390.6917137499,-0.03397068711421558,1,stop
028300,2020-09-22,2020-09-23,53435.0,51831.95,63,-114490.62106319284,-0.03397068711421569,1,stop
043260,2020-09-24,2020-09-25,1115.0,1081.55,3011,-114179.7718705032,-0.0339706871142158,1,stop
032820,2020-09-25,2020-09-28,1260.0,1449.0,2647,485139.74209784996,0.1452924843491259,1,target
032820,2020-10-05,2020-10-06,1475.0,1430.75,2326,-116682.37994972523,-0.03397068711421569,1,stop
267270,2020-10-06,2020-10-07,30200.0,29294.0,112,-115034.60715040006,-0.03397068711421558,1,stop
226950,2020-10-05,2020-10-14,34031.0,33010.07,100,-115738.6091513494,-0.03397068711421536,6,stop
241560,2020-10-07,2020-10-15,28550.0,27693.5,118,-114575.47541065002,-0.03397068711421558,5,stop
357780,2020-10-14,2020-10-15,250900.0,243373.0,13,-110929.62929944973,-0.03397068711421547,1,stop
307950,2020-10-06,2020-10-16,66600.0,68000.0,51,57269.56310999999,0.016841479772040202,7,time
000270,2020-10-07,2020-10-16,49850.0,48354.5,67,-113590.89290207531,-0.03397068711421569,6,stop
086280,2020-10-15,2020-10-16,84783.0,97500.45,38,468635.0239752447,0.14529248434912567,1,target
003490,2020-10-07,2020-10-19,15158.0,15934.0,222,157973.37906720024,0.04689103447276932,7,time
336260,2020-10-15,2020-10-19,46165.0,44780.049999999996,70,-109904.23508067522,-0.03397068711421569,2,stop
043260,2020-10-16,2020-10-19,1080.0,1047.6,3210,-117905.03076780075,-0.0339706871142158,1,stop
086280,2020-10-19,2020-10-20,92786.0,90002.42,36,-113602.66027851636,-0.03397068711421569,1,stop
086280,2020-10-22,2020-10-23,98287.0,95338.39,33,-110309.66541175311,-0.03397068711421547,1,stop
010170,2020-10-22,2020-10-23,3794.0,3680.18,880,-113549.06089912029,-0.03397068711421569,1,stop
145020,2020-10-23,2020-10-26,219900.0,213303.0,14,-104702.44251809968,-0.03397068711421547,1,stop
047050,2020-10-23,2020-10-26,15150.0,14695.5,213,-109747.79019157495,-0.03397068711421558,1,stop
214150,2020-10-16,2020-10-27,14400.0,14900.0,240,105482.85480000032,0.030486595217510626,7,time
034020,2020-10-21,2020-10-27,12885.0,12498.449999999999,259,-113497.8762125778,-0.03397068711421569,4,stop
241560,2020-10-22,2020-10-27,31150.0,30215.5,107,-113356.22556842538,-0.03397068711421569,3,stop
011200,2020-10-26,2020-11-04,8190.0,9828.0,381,609450.2045541,0.1950878097556097,7,target
011200,2020-11-06,2020-11-10,10300.0,12360.0,330,663866.13381,0.1950878097556097,2,target
000270,2020-10-28,2020-11-11,52600.0,58100.0,62,326629.6651100004,0.10004121905578134,10,time
003490,2020-11-12,2020-11-18,19539.0,18171.27,189,-272873.02014759136,-0.07380694743940253,4,stop
034020,2020-11-10,2020-11-19,15201.0,14136.929999999998,246,-276314.53243257944,-0.07380694743940264,7,stop
131290,2020-11-18,2020-11-19,50000.0,60000.0,70,683592.665,0.1950878097556097,1,target
006400,2020-11-09,2020-11-23,501264.0,514971.0,6,69673.86572309956,0.023139444280950938,10,time
226950,2020-11-23,2020-11-24,39286.0,47143.2,78,598496.70631452,0.1950878097556097,1,target
319660,2020-11-20,2020-11-25,19500.0,18135.0,197,-283855.48991474975,-0.07380694743940253,3,stop
307950,2020-11-13,2020-11-27,75800.0,81000.0,48,233953.27584000025,0.06422727122036487,10,time
000270,2020-11-13,2020-11-27,59000.0,58700.0,62,-33536.38186999969,-0.009157423267594833,10,time
043260,2020-11-27,2020-11-30,1830.0,1775.1,2125,-132255.4483668753,-0.03397068711421569,1,stop
226950,2020-11-27,2020-11-30,55201.0,53544.97,70,-131416.08752709534,-0.03397068711421569,1,stop
319400,2020-11-30,2020-12-01,3600.0,3492.0,1043,-127699.84121580096,-0.0339706871142158,1,stop
336260,2020-11-30,2020-12-01,49200.0,47724.0,76,-127169.28898320021,-0.03397068711421569,1,stop
042700,2020-11-20,2020-12-04,6400.0,6200.0,600,-135383.3219999997,-0.035215570249377603,10,time
082740,2020-11-24,2020-12-04,5208.0,6249.599999999999,706,718133.2351771193,0.19508780975560946,8,target
003670,2020-12-01,2020-12-04,82063.0,94372.45,44,525221.4237304106,0.14529248434912612,3,target
319400,2020-12-04,2020-12-07,3315.0,3215.5499999999997,1235,-139236.8015429629,-0.03397068711421569,1,stop
307950,2020-12-04,2020-12-07,95000.0,92150.0,43,-138929.86347249942,-0.03397068711421547,1,stop
051910,2020-11-25,2020-12-09,820000.0,836000.0,4,50369.22880000016,0.015338830239522094,10,time
237690,2020-12-07,2020-12-09,111000.0,107670.0,35,-132127.9117724998,-0.03397068711421558,2,stop
066970,2020-12-01,2020-12-10,48569.0,52321.0,74,262100.1146044,0.07284120348067091,7,time
036930,2020-12-09,2020-12-10,8830.0,8565.1,406,-121924.30402732966,-0.03397068711421547,1,stop
082740,2020-12-07,2020-12-11,6369.0,7324.349999999999,624,578093.6582506797,0.14529248434912567,4,target
000660,2020-12-04,2020-12-15,116000.0,117500.0,35,35706.53537500044,0.008784609527903386,7,time
141080,2020-12-10,2020-12-15,68700.0,66639.0,53,-123832.93167434959,-0.03397068711421547,3,stop
307950,2020-12-15,2020-12-16,112000.0,128799.99999999999,34,553910.12824,0.1452924843491259,1,target
095340,2020-12-11,2020-12-17,23400.0,26909.999999999996,196,667135.8750419999,0.1452924843491259,4,target
263750,2020-12-09,2020-12-18,47900.0,53740.0,74,416359.49099199986,0.11732809492460783,7,time
066970,2020-12-17,2020-12-18,70017.0,67916.49,75,-178594.59456708748,-0.03397068711421558,1,stop
047040,2020-12-10,2020-12-21,4260.0,4610.0,864,286424.5108320005,0.07772981278821622,7,time
272210,2020-12-16,2020-12-21,13501.0,13095.97,327,-150147.20008927863,-0.03397068711421536,3,stop
042700,2020-12-18,2020-12-21,8400.0,8148.0,537,-153411.21864179987,-0.03397068711421558,1,stop
319660,2020-12-18,2020-12-21,21100.0,20467.0,214,-153567.66353090014,-0.03397068711421558,1,stop
066970,2020-12-21,2020-12-22,66651.0,64651.47,63,-142807.4180683596,-0.03397068711421536,1,stop
015760,2020-12-21,2020-12-22,28600.0,27742.0,148,-143956.5057787993,-0.03397068711421547,1,stop
357780,2020-12-21,2020-12-22,275700.0,267429.0,15,-140647.35627674963,-0.03397068711421547,1,stop
000250,2020-12-22,2020-12-23,91100.0,88367.0,45,-139423.00497074984,-0.03397068711421558,1,stop
000100,2020-12-22,2020-12-23,66821.0,64816.369999999995,61,-138626.53043643897,-0.03397068711421569,1,stop
336260,2020-12-15,2020-12-24,53700.0,52089.0,70,-127842.68220149959,-0.03397068711421547,7,stop
042700,2020-12-23,2020-12-24,8650.0,8390.5,468,-137678.3043596996,-0.03397068711421547,1,stop
000990,2020-12-23,2020-12-24,39450.0,45367.5,102,585314.8542607496,0.14529248434912567,1,target
066570,2020-12-24,2020-12-28,125000.0,121250.0,32,-136039.03399999999,-0.03397068711421558,1,stop
319400,2020-12-24,2020-12-28,4455.0,5123.25,910,589700.4609746253,0.1452924843491259,1,target
011070,2020-12-24,2020-12-28,184500.0,178965.0,21,-131770.80930824997,-0.03397068711421558,1,stop
000990,2020-12-28,2020-12-29,43300.0,49794.99999999999,95,598348.0337487501,0.1452924843491259,1,target
003550,2020-12-29,2021-01-04,82185.0,94512.74999999999,52,621639.0236998498,0.1452924843491259,2,target
218410,2020-12-22,2021-01-05,41466.0,44637.0,99,296179.86145274946,0.07206575998129261,7,time
000250,2020-12-29,2021-01-05,79800.0,77406.0,53,-143840.87259990023,-0.03397068711421569,3,stop
064760,2020-12-29,2021-01-06,122300.0,118631.0,35,-145578.77125924965,-0.03397068711421547,4,stop
066570,2020-12-30,2021-01-06,128000.0,147200.0,34,633040.1465600003,0.1452924843491259,3,target
096770,2021-01-05,2021-01-06,224832.0,258556.8,18,588671.4798172801,0.1452924843491259,1,target
319400,2021-01-04,2021-01-07,5920.0,6807.999999999999,828,713008.0121327983,0.14529248434912545,3,target
067310,2021-01-05,2021-01-07,7770.0,7536.9,546,-144283.67965557054,-0.03397068711421569,2,stop
011200,2021-01-06,2021-01-07,16500.0,16005.0,281,-157686.24528524932,-0.03397068711421547,1,stop
047040,2021-01-06,2021-01-08,5900.0,5723.0,788,-158118.16921820026,-0.03397068711421569,2,stop
064350,2021-01-06,2021-01-11,21850.0,21194.5,212,-157540.00332370028,-0.03397068711421569,3,stop
003670,2021-01-07,2021-01-11,126494.0,122699.18,37,-159175.1244928632,-0.03397068711421558,2,stop
058610,2021-01-07,2021-01-11,9580.0,9292.6,495,-161277.67578285094,-0.0339706871142158,2,stop
096770,2021-01-08,2021-01-11,265666.0,305515.89999999997,17,656942.3577187853,0.1452924843491259,1,target
012330,2021-01-11,2021-01-12,368500.0,357445.0,12,-150391.1520870002,-0.03397068711421558,1,stop
018260,2021-01-11,2021-01-12,223000.0,216310.0,21,-159267.6990554994,-0.03397068711421547,1,stop
267260,2021-01-11,2021-01-12,20400.0,19788.0,230,-159573.7868819991,-0.03397068711421536,1,stop
039490,2021-01-12,2021-01-13,162500.0,157625.0,28,-154744.40117499884,-0.03397068711421536,1,stop
086520,2021-01-12,2021-01-13,8060.0,7818.2,567,-155425.27654017042,-0.03397068711421569,1,stop
005380,2021-01-11,2021-01-14,256500.0,248805.0,18,-157023.05499450024,-0.03397068711421569,3,stop
353200,2021-01-13,2021-01-14,16000.0,15520.0,276,-150187.09353599977,-0.03397068711421558,1,stop
000990,2021-01-13,2021-01-14,61300.0,59461.0,72,-150105.47011560015,-0.03397068711421558,1,stop
086790,2021-01-14,2021-01-15,39900.0,38703.0,108,-146554.8513282002,-0.03397068711421558,1,stop
006400,2021-01-07,2021-01-18,673574.0,691197.0,7,103674.23883634899,0.02196282917646264,7,time
012330,2021-01-14,2021-01-18,328500.0,318645.0,13,-145238.67367424956,-0.03397068711421547,2,stop
000270,2021-01-14,2021-01-18,71200.0,69064.0,60,-145289.68831199873,-0.03397068711421525,2,stop
100790,2021-01-15,2021-01-18,5948.0,5769.5599999999995,726,-146862.57162310882,-0.0339706871142158,1,stop
003490,2021-01-18,2021-01-19,24502.0,23766.94,175,-145828.74298422504,-0.03397068711421558,1,stop
064760,2021-01-18,2021-01-19,133100.0,129107.0,32,-144854.3634031997,-0.03397068711421547,1,stop
083650,2021-01-19,2021-01-20,3245.0,3147.65,1298,-143249.44289958477,-0.03397068711421558,1,stop
012450,2021-01-19,2021-01-20,40490.0,39275.299999999996,104,-143213.73265316105,-0.0339706871142158,1,stop
080220,2021-01-12,2021-01-21,4275.0,4916.25,1070,665368.5409931252,0.1452924843491259,7,target
000270,2021-01-20,2021-01-21,96000.0,93120.0,42,-137127.3462720001,-0.03397068711421558,1,stop
036930,2021-01-18,2021-01-27,9350.0,10450.0,461,487940.3674749993,0.11307197967434202,7,time
042700,2021-01-19,2021-01-28,10050.0,9748.5,419,-143213.39255557442,-0.03397068711421547,7,stop
066570,2021-01-21,2021-01-28,168500.0,163445.0,27,-154727.3962957505,-0.03397068711421569,5,stop
079550,2021-01-21,2021-01-28,39750.0,38557.5,115,-155467.10854312498,-0.03397068711421558,5,stop
080220,2021-01-27,2021-01-28,6450.0,6256.5,752,-164960.9326283997,-0.03397068711421547,1,stop
100790,2021-01-20,2021-01-29,5671.0,5500.87,718,-138480.18644561293,-0.03397068711421558,7,stop
352820,2021-01-28,2021-01-29,210870.0,204543.9,20,-143432.75549789937,-0.03397068711421547,1,stop
214150,2021-01-28,2021-01-29,16500.0,16005.0,266,-149268.8300564997,-0.03397068711421547,1,stop
035420,2021-01-29,2021-02-01,362000.0,351140.0,11,-135426.8583470001,-0.03397068711421558,1,stop
226950,2021-01-28,2021-02-03,47000.0,54049.99999999999,93,635803.8788174987,0.14529248434912567,4,target
068270,2021-02-02,2021-02-03,321809.0,312154.73,12,-131335.756477518,-0.03397068711421558,1,stop
047050,2021-02-02,2021-02-04,18600.0,21390.0,221,597926.2009305004,0.1452924843491259,2,target
096770,2021-02-02,2021-02-04,318799.0,309235.02999999997,12,-130107.32400049781,-0.03397068711421558,2,stop
263750,2021-01-28,2021-02-05,61960.0,71254.0,70,630887.3445910001,0.1452924843491259,6,target
298040,2021-02-05,2021-02-08,86300.0,83711.0,52,-152622.19224459957,-0.03397068711421547,1,stop
272210,2021-02-05,2021-02-08,17479.0,16954.63,258,-153369.79475594684,-0.03397068711421558,1,stop
079550,2021-02-05,2021-02-09,43600.0,42292.0,103,-152731.0234718006,-0.03397068711421569,2,stop
263750,2021-02-08,2021-02-09,78600.0,76242.0,55,-147024.1859954996,-0.03397068711421547,1,stop
047810,2021-02-05,2021-02-10,38800.0,37636.0,116,-153071.1210568007,-0.03397068711421569,3,stop
032820,2021-02-09,2021-02-10,1325.0,1285.25,3246,-146274.27082057437,-0.03397068711421547,1,stop
298040,2021-02-10,2021-02-15,88300.0,85651.0,48,-144146.96042639995,-0.03397068711421558,1,stop
352820,2021-02-03,2021-02-16,229185.0,245520.0,20,306951.9527250007,0.06688904542617435,7,time
047050,2021-02-08,2021-02-16,21800.0,21146.0,201,-149023.95979530085,-0.0339706871142158,4,stop
047810,2021-02-15,2021-02-16,40150.0,38945.5,102,-139280.16398505028,-0.03397068711421569,1,stop
353200,2021-02-10,2021-02-17,16300.0,15811.0,261,-144687.71558655007,-0.03397068711421558,3,stop
080220,2021-02-16,2021-02-17,6970.0,6760.9,626,-148392.05848237127,-0.033970687114215914,1,stop
064760,2021-02-16,2021-02-17,185600.0,180032.0,23,-145180.8570848005,-0.03397068711421569,1,stop
319400,2021-02-16,2021-02-17,6150.0,5965.5,709,-148294.45047547575,-0.0339706871142158,1,stop
357780,2021-02-17,2021-02-18,312600.0,303222.0,13,-138208.85659229942,-0.03397068711421547,1,stop
240810,2021-02-17,2021-02-18,53400.0,51798.0,78,-141657.44610420056,-0.03397068711421569,1,stop
035720,2021-02-17,2021-02-19,103367.0,100265.98999999999,40,-140619.46827478008,-0.03397068711421558,2,stop
222800,2021-02-18,2021-02-19,25400.0,24638.0,160,-138215.65854399977,-0.03397068711421558,1,stop
010950,2021-02-09,2021-02-22,81000.0,86600.0,53,278331.4461599998,0.06475930375345462,7,time
003670,2021-02-18,2021-02-22,154605.0,177795.75,26,584708.2877600258,0.14529248434912612,2,target
272210,2021-02-19,2021-02-22,19581.0,18993.57,204,-135852.79656245373,-0.03397068711421547,1,stop
178320,2021-02-19,2021-02-22,23404.0,22701.88,170,-135313.94594878005,-0.03397068711421558,1,stop
042700,2021-02-22,2021-02-23,12175.0,11809.75,347,-143681.8769789124,-0.03397068711421558,1,stop
043260,2021-02-22,2021-02-23,1980.0,1920.6,2134,-143702.11278522015,-0.03397068711421558,1,stop
087010,2021-02-22,2021-02-23,15020.0,14569.4,281,-143542.26692026993,-0.03397068711421558,1,stop
267270,2021-02-23,2021-02-24,38750.0,37587.5,105,-138377.2048968752,-0.03397068711421558,1,stop
003670,2021-02-24,2021-02-25,167205.0,162188.85,24,-136478.44007981988,-0.03397068711421558,1,stop
138040,2021-02-17,2021-02-26,11050.0,12250.0,379,436296.1701699998,0.10405925109398306,7,time
011200,2021-02-22,2021-03-02,16600.0,19090.0,254,613315.8258170001,0.1452924843491259,5,target
000660,2021-02-26,2021-03-05,143500.0,139195.0,28,-136651.20965299988,-0.03397068711421558,4,stop
141080,2021-03-04,2021-03-05,57400.0,55678.0,75,-146412.01034249924,-0.03397068711421547,1,stop
086520,2021-03-05,2021-03-08,8968.0,8698.96,462,-140909.77557333652,-0.03397068711421569,1,stop
100790,2021-03-05,2021-03-08,6339.0,6148.83,654,-140994.45987200132,-0.03397068711421569,1,stop
011200,2021-03-04,2021-03-09,20150.0,23172.5,216,633098.3303970005,0.1452924843491259,3,target
098460,2021-03-04,2021-03-10,22439.0,21765.829999999998,194,-148050.12437041104,-0.03397068711421558,4,stop
083650,2021-03-09,2021-03-10,3590.0,3482.2999999999997,1230,-150176.8906084504,-0.03397068711421569,1,stop
105560,2021-03-09,2021-03-10,51900.0,50343.0,85,-150034.0496227499,-0.03397068711421558,1,stop
083650,2021-03-12,2021-03-15,3800.0,3686.0,1129,-145908.66591669945,-0.03397068711421547,1,stop
319400,2021-03-12,2021-03-15,6200.0,6014.0,692,-145915.4678683998,-0.03397068711421558,1,stop
005490,2021-03-05,2021-03-16,299500.0,306000.0,13,68294.54807499982,0.01752050580193809,7,time
100790,2021-03-15,2021-03-16,8064.0,7822.08,517,-141789.67604524828,-0.03397068711421569,1,stop
047040,2021-03-16,2021-03-17,6400.0,6208.0,624,-135821.37154559977,-0.03397068711421558,1,stop
010120,2021-03-16,2021-03-17,12360.0,11989.199999999999,323,-135776.47866438003,-0.03397068711421558,1,stop
105560,2021-03-12,2021-03-18,51100.0,49567.0,83,-144245.5887260507,-0.03397068711421569,4,stop
005290,2021-03-17,2021-03-19,33250.0,32252.5,116,-131175.63853450026,-0.03397068711421569,2,stop
237690,2021-03-17,2021-03-22,85000.0,82450.0,45,-130087.32626250014,-0.03397068711421558,3,stop
267270,2021-03-12,2021-03-23,46100.0,48350.0,93,191062.90767749958,0.04451365874337876,7,time
087010,2021-03-22,2021-03-23,16571.0,16073.869999999999,227,-127931.68573949486,-0.03397068711421569,1,stop
196170,2021-03-15,2021-03-24,83412.0,83162.0,50,-29555.102295000106,-0.007078393647436787,7,time
042700,2021-03-23,2021-03-24,13225.0,12828.25,307,-138082.17024188768,-0.03397068711421558,1,stop
100790,2021-03-18,2021-03-26,7911.0,9097.65,522,600681.4965316355,0.1452924843491259,6,target
011200,2021-03-23,2021-03-26,27350.0,31452.499999999996,148,588791.3385214997,0.14529248434912567,3,target
214450,2021-03-26,2021-03-29,69000.0,66930.0,68,-159573.78688199818,-0.03397068711421525,1,stop
039030,2021-03-19,2021-03-30,114100.0,120100.0,32,176470.62655999977,0.048276701370498776,7,time
011200,2021-03-29,2021-03-30,32600.0,31622.0,139,-154111.81966689974,-0.03397068711421558,1,stop
001440,2021-03-26,2021-03-31,9411.0,9128.67,501,-160352.9844589932,-0.03397068711421547,3,stop
000500,2021-03-24,2021-04-02,22863.0,25008.0,176,359916.3543623998,0.08934216661448202,7,time
090430,2021-03-24,2021-04-02,249500.0,258500.0,16,127215.4663999998,0.03183099138886125,7,time
009540,2021-03-30,2021-04-02,136500.0,126944.99999999999,30,-302587.0704675005,-0.07380694743940264,3,stop
100790,2021-04-05,2021-04-07,8960.0,10752.0,461,806748.7195263999,0.19508780975560946,2,target
272210,2021-04-01,2021-04-08,19760.0,18376.8,231,-337283.72121444065,-0.07380694743940275,5,stop
035720,2021-04-07,2021-04-12,109188.0,101544.84,45,-363064.5829692902,-0.07380694743940264,3,stop
043260,2021-04-08,2021-04-12,2065.0,1920.4499999999998,2061,-314481.0699297236,-0.07380694743940286,2,stop
010140,2021-03-30,2021-04-13,7211.0,7183.0,570,-32757.65763600031,-0.007960553613167054,10,time
240810,2021-04-02,2021-04-16,55100.0,55900.0,74,42315.47476000013,0.010366130752247127,10,time
039030,2021-04-02,2021-04-16,128000.0,123200.0,32,-169933.40671999985,-0.04143998592518816,10,time
000720,2021-04-12,2021-04-26,44951.0,50011.0,94,456921.27980720066,0.1080127333779708,10,time
066970,2021-04-13,2021-04-27,92330.0,90696.0,45,-90340.63615350006,-0.021718437546529024,10,time
319660,2021-04-13,2021-04-27,22625.0,22775.0,184,10457.827220000327,0.0025092032111975193,10,time
237690,2021-04-19,2021-04-27,131800.0,122573.99999999999,30,-292168.321521,-0.07380694743940253,6,stop
067310,2021-04-26,2021-04-29,10647.0,9901.71,448,-352453.4196805442,-0.07380694743940264,3,stop
036930,2021-04-16,2021-04-30,13200.0,13350.0,305,29115.773512499873,0.007223627540239086,10,time
009540,2021-04-27,2021-05-12,150500.0,153500.0,26,61733.79550000001,0.01575846510235923,10,time
028050,2021-04-27,2021-05-12,16650.0,19150.0,238,577005.9731100001,0.14544201986085703,10,time
357780,2021-04-27,2021-05-12,358500.0,333405.0,11,-291392.4572377503,-0.07380694743940264,10,stop
000150,2021-04-29,2021-05-14,61100.0,68500.0,73,520328.26193000004,0.11652366296043715,10,time
042660,2021-04-30,2021-05-17,31183.0,32649.0,131,174738.8024410992,0.042726857067175716,10,time
207940,2021-05-17,2021-05-21,1352702.0,1258012.8599999999,3,-299860.9050516696,-0.07380694743940275,3,stop
083650,2021-05-24,2021-05-25,6200.0,5766.0,639,-292744.6778456997,-0.07380694743940253,1,stop
030200,2021-05-12,2021-05-27,30650.0,33650.0,132,378252.0746400007,0.09338512230223683,10,time
032640,2021-05-12,2021-05-27,14700.0,14700.0,276,-16627.217040000018,-0.004093491870325372,10,time
090430,2021-05-12,2021-05-27,291500.0,289000.0,13,-47934.317274999805,-0.012634714066977693,10,time
024110,2021-05-14,2021-05-31,10650.0,10800.0,494,52320.5094750002,0.009933360356853216,10,time
000150,2021-05-28,2021-06-07,86000.0,103200.0,47,789451.8719800003,0.1950878097556097,6,target
214450,2021-05-25,2021-06-08,81600.0,84600.0,45,119553.42284999974,0.03252071798738321,10,time
032820,2021-06-07,2021-06-08,1940.0,2328.0,2548,965451.5926328003,0.1950878097556097,1,target
001440,2021-06-08,2021-06-09,36781.0,35677.57,131,-163869.59348789416,-0.03397068711421569,1,stop
034020,2021-06-08,2021-06-09,30789.0,29865.329999999998,157,-164398.85334967077,-0.03397068711421569,1,stop
012450,2021-05-27,2021-06-10,49964.0,49709.0,81,-37179.86767604994,-0.009176274665399164,10,time
083650,2021-06-09,2021-06-10,6530.0,6334.099999999999,717,-159234.02939458564,-0.03397068711421569,1,stop
000500,2021-06-09,2021-06-10,31156.0,30221.32,150,-158941.2053739,-0.03397068711421558,1,stop
000720,2021-05-28,2021-06-11,54291.0,54097.0,75,-31194.259087500162,-0.0076522007277263215,10,time
032820,2021-06-10,2021-06-11,2395.0,2323.15,1818,-148082.22958243452,-0.03397068711421547,1,stop
145020,2021-06-10,2021-06-11,242500.0,235225.0,17,-140205.22941625025,-0.03397068711421569,1,stop
001440,2021-06-11,2021-06-14,26578.0,25780.66,157,-141914.0837418409,-0.03397068711421558,1,stop
180640,2021-06-11,2021-06-14,78700.0,76339.0,53,-141858.1036793501,-0.03397068711421558,1,stop
007660,2021-06-14,2021-06-15,3597.0,3489.0899999999997,1127,-137869.40519271186,-0.03397068711421569,1,stop
035720,2021-06-02,2021-06-16,128000.0,143000.0,41,591679.5956500005,0.112614302051121,10,time
064350,2021-06-11,2021-06-16,24650.0,23910.5,169,-141679.55244722543,-0.03397068711421569,3,stop
145020,2021-06-16,2021-06-17,249000.0,241530.0,19,-160900.16746349912,-0.03397068711421536,1,stop
263750,2021-06-16,2021-06-17,64800.0,62856.0,76,-167491.25866079982,-0.03397068711421558,1,stop
214150,2021-06-15,2021-06-18,16950.0,19492.5,235,579401.921825625,0.1452924843491259,3,target
307950,2021-06-10,2021-06-21,121500.0,132500.0,35,366437.40525000077,0.08607088335129154,7,time
007660,2021-06-17,2021-06-21,3713.0,3601.61,1285,-162267.52980399225,-0.03397068711421558,2,stop
064760,2021-06-18,2021-06-21,202100.0,196037.0,23,-158087.56043554936,-0.03397068711421547,1,stop
214450,2021-06-14,2021-06-23,92700.0,92000.0,43,-46347.098714999855,-0.011613821489427467,7,time
352820,2021-06-17,2021-06-23,292000.0,335800.0,16,679587.2161600003,0.1452924843491259,4,target
214150,2021-06-21,2021-06-23,19300.0,18721.0,237,-155564.03635485098,-0.0339706871142158,2,stop
028050,2021-06-21,2021-06-24,23750.0,27312.499999999996,192,663295.7418,0.1452924843491259,3,target
001440,2021-06-23,2021-06-24,32547.0,31570.59,141,-156075.10099582933,-0.03397068711421558,1,stop
035720,2021-06-21,2021-06-25,155500.0,150835.0,29,-153367.0059557492,-0.03397068711421536,4,stop
095340,2021-06-23,2021-06-25,24500.0,23765.0,187,-155815.7085677497,-0.03397068711421547,2,stop
078600,2021-06-24,2021-06-25,50900.0,49373.0,95,-164454.18722674903,-0.03397068711421536,1,stop
036930,2021-06-24,2021-06-25,15950.0,15471.5,303,-164364.06136672478,-0.03397068711421558,1,stop
307950,2021-06-25,2021-06-28,143000.0,138710.0,31,-150765.25943049882,-0.03397068711421536,1,stop
298380,2021-06-25,2021-06-29,22300.0,21631.0,203,-153958.7757536508,-0.0339706871142158,2,stop
039490,2021-06-29,2021-06-30,135000.0,130950.0,32,-146922.15671999892,-0.03397068711421536,1,stop
005830,2021-06-29,2021-07-01,55600.0,53932.0,79,-149384.4632353997,-0.03397068711421547,2,stop
263750,2021-06-30,2021-07-01,74500.0,85675.0,58,628530.8991924999,0.1452924843491259,1,target
043260,2021-06-23,2021-07-02,1800.0,1870.0,2555,159475.119457501,0.034636205668051145,7,time
010170,2021-06-25,2021-07-06,3112.0,3138.0,1457,19188.329101100564,0.004227063788855956,7,time
277810,2021-06-29,2021-07-07,23450.0,22746.5,189,-150732.95015992597,-0.0339706871142158,6,stop
032820,2021-07-06,2021-07-07,3070.0,2855.1,1507,-341859.8426488852,-0.07380694743940264,1,stop
010950,2021-07-07,2021-07-16,106500.0,99045.0,40,-314779.2234899993,-0.07380694743940241,7,stop
000720,2021-07-05,2021-07-19,58572.0,56043.0,79,-218165.14800404944,-0.04709437213837053,10,time
012450,2021-07-06,2021-07-20,54496.0,52562.0,84,-180737.2541939998,-0.03943706179697659,10,time
058470,2021-07-06,2021-07-20,37863.0,36862.0,122,-140692.736123099,-0.030422689626387944,10,time
047050,2021-07-07,2021-07-21,23950.0,23450.0,180,-107402.01570000034,-0.02488485947219754,10,time
145020,2021-07-19,2021-07-21,260500.0,242264.99999999997,17,-327229.9979402502,-0.07380694743940264,2,stop
357780,2021-07-23,2021-07-29,364600.0,339078.0,12,-323291.5630547991,-0.07380694743940241,4,stop
042700,2021-07-23,2021-07-29,19825.0,18437.25,221,-323744.15055336244,-0.07380694743940253,4,stop
247540,2021-07-16,2021-07-30,66736.0,71531.0,59,265934.6308779507,0.06746266532342027,10,time
086520,2021-07-22,2021-08-05,12389.0,13193.0,347,260547.43729600124,0.060537134696488915,10,time
010130,2021-07-22,2021-08-05,517000.0,525000.0,8,46861.16960000014,0.011317053710017788,10,time
012450,2021-08-05,2021-08-10,56228.0,52292.03999999999,76,-315764.0538868727,-0.07380694743940275,3,stop
353200,2021-08-10,2021-08-11,17450.0,16228.499999999998,229,-295275.47324582515,-0.07380694743940264,1,stop
138040,2021-07-29,2021-08-12,24000.0,24650.0,169,92903.85750750033,0.022878976058186673,10,time
095340,2021-08-06,2021-08-12,29000.0,26970.0,148,-317143.76225799974,-0.07380694743940253,4,stop
066970,2021-08-13,2021-08-17,129700.0,120620.99999999999,34,-325848.2205977007,-0.07380694743940275,1,stop
214150,2021-08-03,2021-08-18,23750.0,25300.0,174,251969.0994149996,0.06090251181813744,10,time
222800,2021-08-06,2021-08-23,29800.0,30800.0,144,125989.28495999984,0.029326189610536124,10,time
207940,2021-08-12,2021-08-27,1405065.0,1377429.0,2,-66625.53014639998,-0.02368181857312679,10,time
000810,2021-08-18,2021-09-01,230500.0,227000.0,18,-79817.70464999974,-0.019215716505699976,10,time
138040,2021-08-26,2021-09-02,25950.0,31140.0,172,871756.4288460007,0.1950878097556097,5,target
086520,2021-09-01,2021-09-02,20555.0,19116.149999999998,200,-303769.33985150093,-0.07380694743940275,1,stop
214450,2021-08-24,2021-09-07,98100.0,94000.0,45,-202047.58867499977,-0.04571649577788561,10,time
353200,2021-08-25,2021-09-08,18250.0,18200.0,244,-30413.31838999968,-0.006822002851502473,10,time
078600,2021-09-06,2021-09-08,70000.0,84000.0,65,888670.4645000007,0.1950878097556097,2,target
016360,2021-08-30,2021-09-13,49300.0,48850.0,55,-35789.30506249983,-0.013183916386721894,10,time
067310,2021-09-13,2021-09-15,14278.0,13278.539999999999,299,-315453.2648225534,-0.07380694743940264,2,stop
066970,2021-09-14,2021-09-24,150400.0,180480.0,28,822498.6945280004,0.1950878097556097,5,target
028050,2021-09-24,2021-09-27,27850.0,25900.5,158,-325146.24815095076,-0.07380694743940275,1,stop
000810,2021-09-15,2021-10-05,232500.0,240000.0,18,117451.04624999966,0.028032524520954505,10,time
028300,2021-10-05,2021-10-06,49509.0,48023.729999999996,87,-146489.6546211564,-0.0339706871142158,1,stop
005830,2021-09-24,2021-10-12,62800.0,65500.0,70,170427.1313500004,0.038724144625695844,10,time
028300,2021-10-08,2021-10-12,45834.0,44458.979999999996,93,-144968.7042112779,-0.0339706871142158,1,stop
028300,2021-10-15,2021-10-18,46550.0,45153.5,92,-145650.1917520999,-0.03397068711421558,1,stop
000150,2021-11-30,2021-12-01,110500.0,107185.0,38,-142806.97594150063,-0.03397068711421569,1,stop
086520,2021-12-03,2021-12-07,22405.0,21732.85,189,-144015.85280738352,-0.0339706871142158,2,stop
352820,2021-12-03,2021-12-08,333500.0,341000.0,12,73333.6791000003,0.018303206213550416,3,time
000150,2021-12-03,2021-12-08,110500.0,114500.0,38,134343.55459999945,0.03195742245111077,3,time
066970,2021-12-07,2021-12-10,203000.0,205900.0,21,43249.83715500031,0.010133743960098585,3,time
277810,2022-01-18,2022-01-21,22000.0,23100.0,194,195279.76853000093,0.04570183353615853,3,time
108490,2022-01-25,2022-01-26,23079.0,22386.63,186,-145993.48625439825,-0.03397068711421547,1,stop
277810,2022-01-26,2022-01-27,21800.0,21146.0,196,-145316.8961187997,-0.03397068711421547,1,stop
319400,2022-01-27,2022-01-28,3365.0,3264.0499999999997,1261,-144312.4179015034,-0.0339706871142158,1,stop
058610,2022-01-26,2022-02-03,11300.0,12430.000000000002,378,408375.7184430007,0.09549715894264232,3,target
108490,2022-01-28,2022-02-03,21716.0,23887.600000000002,193,400706.8901600605,0.09549715894264232,1,target
138040,2022-02-03,2022-02-04,44450.0,48895.00000000001,99,420723.36184725165,0.09549715894264255,1,target
319400,2022-02-03,2022-02-04,3350.0,3685.0000000000005,1321,423094.41532325,0.0954971589426421,1,target
031980,2022-01-28,2022-02-07,14450.0,14016.5,291,-143009.33400457446,-0.03397068711421547,3,stop
138040,2022-02-11,2022-02-15,41550.0,40303.5,108,-152615.39029289968,-0.03397068711421547,2,stop
298380,2022-02-14,2022-02-15,23800.0,26180.000000000004,190,432334.8313900009,0.09549715894264232,1,target
298380,2022-02-18,2022-02-23,24500.0,26050.0,186,268774.57978500146,0.05891283823583815,3,time
032820,2022-04-11,2022-04-12,2215.0,2148.5499999999997,2091,-157518.4071270516,-0.03397068711421536,1,stop
214370,2022-05-09,2022-05-10,20820.0,20195.399999999998,220,-155778.29783340078,-0.0339706871142158,1,stop
329180,2022-05-12,2022-05-13,124500.0,120765.0,36,-152431.73759699985,-0.03397068711421558,1,stop
214370,2022-05-13,2022-05-17,18400.0,20240.0,246,432755.5021680007,0.09549715894264232,2,target
028300,2022-06-09,2022-06-10,34486.0,33451.42,134,-157163.3112385543,-0.03397068711421569,1,stop
028300,2022-06-13,2022-06-15,32334.0,31363.98,142,-156153.35745013691,-0.03397068711421536,2,stop
257720,2022-07-27,2022-07-28,4050.0,3928.5,1126,-155094.7016875511,-0.0339706871142158,1,stop
214370,2022-08-30,2022-09-02,23940.0,26334.000000000004,189,432589.145996701,0.09549715894264232,3,target
277810,2022-09-08,2022-09-13,27600.0,30360.000000000004,167,440671.76135400124,0.09549715894264232,1,target
000150,2022-09-08,2022-09-14,73000.0,70810.0,63,-156410.87934149988,-0.03397068711421558,2,stop
083650,2022-09-15,2022-09-19,8570.0,8312.9,545,-158847.67853802536,-0.03397068711421569,2,stop
298040,2022-09-19,2022-09-20,63700.0,61789.0,72,-155982.35638440028,-0.03397068711421569,1,stop
083650,2022-09-21,2022-09-23,8510.0,8254.699999999999,541,-156577.86725573428,-0.03397068711421547,2,stop
012450,2022-09-27,2022-09-28,67535.0,65508.95,67,-153888.8856999334,-0.0339706871142158,1,stop
078600,2022-09-27,2022-09-28,81600.0,79152.0,56,-155410.9924416002,-0.03397068711421558,1,stop
009830,2022-09-27,2022-09-30,57888.0,58887.0,79,59946.64541955013,0.013093327533032051,3,time
064350,2022-09-29,2022-09-30,25900.0,25123.0,173,-152387.5249109501,-0.03397068711421558,1,stop
003670,2022-09-30,2022-10-06,145881.0,153636.0,30,214028.65074149985,0.048848666262300666,3,time
377300,2023-01-02,2023-01-03,54700.0,53059.0,83,-154407.7045658501,-0.03397068711421558,1,stop
257720,2023-01-02,2023-01-03,2480.0,2405.6,1832,-154518.5763785597,-0.03397068711421547,1,stop
298040,2023-01-05,2023-01-06,72100.0,69937.0,62,-152030.4224466998,-0.03397068711421558,1,stop
257720,2023-01-06,2023-01-11,2425.0,2600.0,1835,301941.8297187509,0.06777604995346587,3,time
042660,2023-03-09,2023-03-10,20033.0,19432.01,225,-153296.43570686318,-0.03397068711421569,1,stop
042660,2023-03-13,2023-03-15,19589.0,21547.9,228,427008.75691254064,0.09549715894264232,2,target
080220,2023-03-15,2023-03-16,4550.0,5005.0,1003,436316.86273175105,0.09549715894264232,1,target
108490,2023-03-20,2023-03-21,40608.0,37765.439999999995,114,-342068.36541148927,-0.07380694743940286,1,stop
007660,2023-03-29,2023-04-03,10210.0,9495.3,458,-345531.52800457086,-0.07380694743940275,3,stop
042700,2023-03-27,2023-04-04,20400.0,18972.0,224,-337656.1360704005,-0.07380694743940264,6,stop
078600,2023-04-04,2023-04-07,106300.0,127560.0,41,851229.1176769994,0.19508780975560946,3,target
000250,2023-03-28,2023-04-11,78500.0,86300.0,58,432407.1975800004,0.0948628235871456,10,time
066970,2023-03-28,2023-04-11,295500.0,317500.0,15,310861.87200000044,0.07005183191597886,10,time
039490,2023-04-13,2023-04-24,107600.0,100068.0,44,-349833.5107255997,-0.07380694743940253,7,stop
051910,2023-04-11,2023-04-25,768000.0,742000.0,6,-174424.60979999974,-0.037809076780965345,10,time
267260,2023-04-14,2023-04-25,45550.0,54660.0,108,960818.787485999,0.19508780975560946,7,target
012330,2023-04-13,2023-04-27,230500.0,221500.0,20,-198362.05299999937,-0.042979212361288655,10,time
042660,2023-04-18,2023-04-28,25275.0,23505.75,196,-366052.7688373504,-0.07380694743940264,8,stop
064350,2023-04-24,2023-05-10,33550.0,33600.0,131,-11481.103637500666,-0.002609279488612115,10,time
267270,2023-04-28,2023-05-10,67600.0,62867.99999999999,70,-349656.170318,-0.07380694743940264,6,stop
000810,2023-04-26,2023-05-12,226500.0,225500.0,22,-42356.47350000031,-0.00849043009606354,10,time
319400,2023-05-12,2023-05-15,4825.0,4487.25,1068,-380772.0226681512,-0.07380694743940275,1,stop
241560,2023-04-28,2023-05-16,51300.0,51300.0,93,-19552.102380000055,-0.004093491870325372,10,time
214150,2023-05-02,2023-05-17,23900.0,26400.0,201,481331.2618949991,0.10008082906374094,10,time
000270,2023-05-11,2023-05-25,90500.0,87100.0,48,-180521.45903999964,-0.04150876399895398,10,time
005380,2023-05-11,2023-05-25,211500.0,203500.0,20,-176863.69799999986,-0.041763714400053,10,time
095340,2023-05-19,2023-05-25,42750.0,51300.0,115,960203.5540875001,0.1950878097556097,4,target
042660,2023-05-25,2023-05-26,27007.0,25116.51,174,-347233.8481338583,-0.07380694743940286,1,stop
007660,2023-05-26,2023-05-31,12895.0,15474.0,356,896604.0456578005,0.1950878097556097,2,target
042700,2023-05-22,2023-06-07,25950.0,25000.0,190,-200174.05207499955,-0.040552496984899045,10,time
005930,2023-05-22,2023-06-07,68400.0,71000.0,72,166465.30967999995,0.033762603467937025,10,time
047050,2023-06-07,2023-06-08,33550.0,38582.5,146,712504.7219427498,0.1452924843491259,1,target
043260,2023-06-07,2023-06-08,1900.0,1843.0,2583,-166909.69179045036,-0.03397068711421569,1,stop
003670,2023-06-07,2023-06-14,372701.0,361519.97,13,-164781.12303521205,-0.033970687114215914,5,stop
086520,2023-06-08,2023-06-14,128513.0,147789.94999999998,40,747737.9444380989,0.14529248434912567,4,target
066570,2023-05-31,2023-06-15,125200.0,123600.0,39,-82226.73264000006,-0.016820731590832416,10,time
003230,2023-06-08,2023-06-15,118300.0,114751.0,44,-177027.59494419955,-0.03397068711421547,5,stop
067310,2023-06-14,2023-06-15,17608.0,17079.76,302,-180850.83595573716,-0.0339706871142158,1,stop
031980,2023-06-14,2023-06-15,12130.0,13949.499999999998,438,772818.0873769484,0.14529248434912545,1,target
403870,2023-06-01,2023-06-16,26750.0,31450.0,183,837502.6686450001,0.17088821236180451,10,time
007660,2023-06-15,2023-06-16,18720.0,21528.0,281,765164.0036196001,0.1452924843491259,1,target
214150,2023-06-15,2023-06-16,32300.0,31331.0,163,-179057.97752664983,-0.03397068711421558,1,stop
010170,2023-06-16,2023-06-19,2217.0,2150.49,2549,-192193.6685813805,-0.03397068711421558,1,stop
131290,2023-06-16,2023-06-20,48500.0,55774.99999999999,116,818355.667404999,0.14529248434912567,2,target
031980,2023-06-19,2023-06-20,15750.0,18112.5,349,799555.0150743751,0.1452924843491259,1,target
214370,2023-06-20,2023-06-21,46100.0,44717.0,138,-216363.2816252997,-0.03397068711421558,1,stop
042660,2023-06-21,2023-06-22,34159.0,33134.229999999996,182,-211436.55998947378,-0.03397068711421569,1,stop
086280,2023-06-15,2023-06-26,94186.0,96388.0,55,99523.34307849873,0.019190076079279805,7,time
047050,2023-06-15,2023-06-26,36950.0,37950.0,142,120078.53132000007,0.022859322964036588,7,time
012450,2023-06-20,2023-06-26,139860.0,135664.19999999998,45,-214047.21707145032,-0.03397068711421558,4,stop
131290,2023-06-22,2023-06-26,54000.0,52380.0,111,-203854.49244899955,-0.03397068711421547,2,stop
353200,2023-06-16,2023-06-27,29200.0,31200.0,193,361766.2367799999,0.06411928265910438,7,time
031980,2023-06-26,2023-06-27,17780.0,17246.6,317,-191687.8414432099,-0.03397068711421558,1,stop
178320,2023-06-26,2023-06-27,20350.0,19739.5,277,-191711.3081765743,-0.03397068711421547,1,stop
087010,2023-06-27,2023-06-28,11173.0,10837.81,504,-191515.4799871333,-0.0339706871142158,1,stop
145020,2023-06-27,2023-06-28,114100.0,110677.0,49,-190145.15879764874,-0.03397068711421536,1,stop
310210,2023-06-26,2023-06-30,40378.0,39166.659999999996,139,-190881.19799110852,-0.0339706871142158,4,stop
131970,2023-06-27,2023-06-30,42900.0,41613.0,131,-191131.44179414958,-0.03397068711421547,3,stop
098460,2023-06-29,2023-06-30,16930.0,16422.1,325,-187130.19370662514,-0.03397068711421558,1,stop
084370,2023-06-30,2023-07-06,34250.0,31852.499999999996,158,-399865.6732197497,-0.07380694743940253,4,stop
036930,2023-06-30,2023-07-07,19150.0,17809.5,284,-401868.1419889005,-0.07380694743940264,5,stop
267270,2023-06-29,2023-07-10,82600.0,85100.0,66,142171.8246299997,0.02604895692294562,7,time
298040,2023-07-03,2023-07-12,117500.0,141000.0,46,1055662.3869500011,0.1950878097556099,7,target
010140,2023-07-06,2023-07-12,7080.0,8496.0,718,992857.7991336007,0.1950878097556097,4,target
307950,2023-06-30,2023-07-14,139200.0,159000.0,39,747675.2076300001,0.13756562351018875,10,time
000500,2023-07-12,2023-07-17,21035.0,19562.55,283,-439871.0829600319,-0.07380694743940253,3,stop
087010,2023-07-12,2023-07-18,15922.0,19106.399999999998,373,1159940.737064139,0.19508780975560946,4,target
007660,2023-07-17,2023-07-19,36226.0,33690.18,153,-409551.2673644973,-0.07380694743940264,2,stop
082740,2023-07-10,2023-07-24,11820.0,11860.0,449,-3842.832054001279,-0.000723249880039023,10,time
003670,2023-07-20,2023-07-25,447823.0,537387.6,11,962118.1994860694,0.19508780975560946,3,target
000100,2023-07-24,2023-07-25,64793.0,60257.49,85,-406952.2697992828,-0.07380694743940264,1,stop
131970,2023-07-13,2023-07-27,46300.0,47800.0,128,167146.40191999916,0.028171297809901574,10,time
086520,2023-07-26,2023-07-27,255653.0,237757.28999999998,21,-396704.0632114252,-0.07380694743940275,1,stop
000500,2023-07-26,2023-07-27,22613.0,21030.09,243,-406032.6120022042,-0.07380694743940264,1,stop
042700,2023-07-14,2023-07-28,43250.0,47150.0,143,530709.530065,0.085710794411888,10,time
010140,2023-07-18,2023-08-01,8650.0,9100.0,821,339256.86089749914,0.047716673292490075,10,time
095340,2023-07-28,2023-08-01,106500.0,99045.0,53,-417082.4711242495,-0.07380694743940253,2,stop
036930,2023-07-31,2023-08-02,28250.0,26272.5,210,-438363.32003624924,-0.07380694743940241,2,stop
096770,2023-08-01,2023-08-02,222864.0,207263.52,28,-461099.2469926076,-0.07380694743940253,1,stop
000660,2023-07-28,2023-08-03,126200.0,117365.99999999999,45,-419631.73948350083,-0.07380694743940275,4,stop
298040,2023-08-01,2023-08-03,174500.0,162285.0,36,-464188.5168929994,-0.07380694743940253,2,stop
310210,2023-08-02,2023-08-03,55908.0,51994.439999999995,102,-421376.7690942846,-0.07380694743940264,1,stop
028050,2023-07-28,2023-08-11,32700.0,37200.0,175,761726.4611250013,0.13295786245944652,10,time
257720,2023-08-07,2023-08-11,9010.0,8379.3,607,-404119.6262470558,-0.07380694743940275,4,stop
307950,2023-08-08,2023-08-14,164000.0,152520.0,33,-399902.61913799867,-0.0738069474394023,4,stop
326030,2023-08-02,2023-08-17,90000.0,88800.0,63,-98613.9214200005,-0.01737224531205439,10,time
005940,2023-08-08,2023-08-23,10450.0,10450.0,524,-22440.923560000956,-0.004093491870325483,10,time
042700,2023-08-22,2023-08-23,62200.0,57845.99999999999,89,-409050.42849670164,-0.07380694743940286,1,stop
087010,2023-08-31,2023-09-01,43997.0,40917.21,124,-403126.3721808223,-0.07380694743940264,1,stop
138040,2023-08-24,2023-09-07,51000.0,54200.0,106,316045.1522400016,0.05839475962016438,10,time
307950,2023-08-31,2023-09-07,176000.0,211200.0,31,1065623.3086400004,0.1950878097556097,5,target
277810,2023-09-04,2023-09-07,160300.0,192360.0,32,1001873.4098240007,0.1950878097556097,3,target
277810,2023-09-11,2023-09-12,220000.0,204600.0,28,-455173.71283999924,-0.07380694743940241,1,stop
058610,2023-09-08,2023-09-13,39800.0,37014.0,155,-455838.7393685011,-0.07380694743940275,3,stop
016360,2023-08-31,2023-09-14,37550.0,38100.0,145,57201.21856249962,0.010493687343291702,10,time
131970,2023-09-04,2023-09-18,53500.0,52000.0,98,-168053.4992499994,-0.032016104247792776,10,time
036930,2023-09-15,2023-09-18,31450.0,29248.499999999996,175,-406682.1951368749,-0.07380694743940253,1,stop
196170,2023-09-13,2023-09-19,61200.0,73440.0,95,1135545.07266,0.1950878097556097,4,target
267250,2023-09-11,2023-09-22,68700.0,63890.99999999999,90,-456873.22507950105,-0.07380694743940275,9,stop
000810,2023-09-12,2023-09-26,267000.0,267000.0,21,-22978.607400000095,-0.004093491870325372,10,time
196170,2023-09-26,2023-09-27,80300.0,74679.0,70,-415346.01296649966,-0.07380694743940253,1,stop
016360,2023-09-18,2023-10-04,38600.0,35898.0,132,-376493.6853347998,-0.07380694743940253,8,stop
000250,2023-09-27,2023-10-04,76500.0,74205.0,71,-184724.00329274964,-0.03397068711421547,1,stop
087010,2023-09-27,2023-10-05,29364.0,28483.079999999998,185,-184752.57148989104,-0.0339706871142158,2,stop
005830,2023-09-18,2023-10-06,93000.0,89200.0,54,-225176.2205399992,-0.044786445965946275,10,time
277810,2023-10-05,2023-10-06,157800.0,153066.0,32,-171735.6765215993,-0.03397068711421547,1,stop
067310,2023-10-05,2023-10-06,21369.0,20727.93,237,-172240.82346460037,-0.03397068711421558,1,stop
058610,2023-10-06,2023-10-10,32850.0,31864.5,149,-166465.8644420253,-0.03397068711421569,1,stop
257720,2023-09-20,2023-10-11,8950.0,9960.0,785,761719.7099075001,0.10829372301358209,10,time
277810,2023-10-10,2023-10-11,139900.0,135703.0,35,-166528.78249525,-0.03397068711421558,1,stop
226950,2023-10-10,2023-10-11,16930.0,16422.1,291,-167553.4965188559,-0.0339706871142158,1,stop
000250,2023-10-06,2023-10-12,74100.0,78700.0,66,282662.31510000024,0.057730663830032336,3,time
307950,2023-10-06,2023-10-12,170500.0,180100.0,28,248442.7573600011,0.05198100946718154,3,time
087010,2023-10-11,2023-10-12,32367.0,35603.700000000004,178,550823.0660753706,0.09549715894264232,1,target
277810,2023-10-13,2023-10-16,140900.0,136673.0,39,-186887.0239333501,-0.03397068711421558,1,stop
196170,2023-10-18,2023-10-19,61100.0,59267.0,91,-189097.6582358498,-0.03397068711421558,1,stop
277810,2023-10-18,2023-10-19,143000.0,138710.0,38,-184809.02768899966,-0.03397068711421547,1,stop
196170,2023-10-23,2023-10-24,54900.0,53253.0,100,-186713.57416499965,-0.03397068711421547,1,stop
196170,2023-10-26,2023-10-27,53700.0,59070.00000000001,101,518543.65878150146,0.09549715894264232,1,target
247540,2024-01-04,2024-01-05,265500.0,292050.0,20,507673.1434500003,0.0954971589426421,1,target
454910,2024-01-17,2024-01-18,92700.0,89919.0,61,-192314.9813899491,-0.03397068711421547,1,stop
310210,2024-01-18,2024-01-19,43700.0,42389.0,128,-190236.98514560144,-0.0339706871142158,1,stop
028300,2024-01-18,2024-01-19,43450.0,47795.00000000001,129,535881.987324751,0.09549715894264232,1,target
068270,2024-01-18,2024-01-23,163750.0,167063.0,34,89493.19725190103,0.0160557494208724,3,time
454910,2024-01-22,2024-01-23,86300.0,83711.0,66,-193712.78246430028,-0.03397068711421558,1,stop
141080,2024-01-22,2024-01-23,50000.0,55000.00000000001,114,544959.8715000013,0.09549715894264232,1,target
454910,2024-01-25,2024-01-26,81700.0,79249.0,70,-194501.80886149965,-0.03397068711421547,1,stop
078930,2024-02-02,2024-02-15,50500.0,46965.0,113,-421663.76498724986,-0.07380694743940253,7,stop
028260,2024-02-02,2024-02-20,152900.0,162300.0,37,323589.9213500004,0.057132938322081106,10,time
000810,2024-02-02,2024-02-20,292000.0,303000.0,19,185647.04395000078,0.033423534120861076,10,time
006800,2024-02-02,2024-02-20,8313.0,8662.0,691,216906.83061944973,0.037717090511156126,10,time
024110,2024-02-02,2024-02-20,13210.0,13660.0,435,171623.22764250077,0.02983216510608311,10,time
259960,2024-02-15,2024-02-21,242000.0,225059.99999999997,23,-411281.9619590007,-0.07380694743940275,4,stop
030200,2024-02-20,2024-02-21,42200.0,39246.0,140,-436552.9700419996,-0.07380694743940253,1,stop
003550,2024-02-20,2024-02-26,102900.0,95697.0,57,-433397.78862345126,-0.07380694743940275,4,stop
402340,2024-02-20,2024-02-27,69400.0,64541.99999999999,85,-435887.9435134996,-0.07380694743940253,5,stop
012450,2024-02-27,2024-02-29,170216.0,204259.19999999998,32,1063848.3114572791,0.19508780975560946,2,target
145020,2024-02-21,2024-03-04,179500.0,215400.0,29,1016697.605045001,0.1950878097556099,7,target
015760,2024-02-20,2024-03-06,23300.0,24650.0,253,316384.6143424995,0.05360924572517067,10,time
017670,2024-02-21,2024-03-07,53600.0,52100.0,99,-169808.9030549992,-0.03196400982171532,10,time
042700,2024-02-29,2024-03-07,87700.0,105240.0,74,1267537.0506619997,0.19508780975560946,4,target
032830,2024-02-26,2024-03-12,93600.0,97500.0,60,210294.66509999987,0.037402612635077714,10,time
298380,2024-03-11,2024-03-13,28700.0,26691.0,226,-479277.2299063001,-0.07380694743940264,2,stop
145020,2024-03-06,2024-03-14,205000.0,190650.0,30,-454434.7944749994,-0.07380694743940253,6,stop
319660,2024-03-04,2024-03-18,25850.0,27850.0,242,456936.0340600014,0.07295923603139043,10,time
033780,2024-03-11,2024-03-25,93300.0,92100.0,69,-108938.88360000029,-0.016902578791607392,10,time
024110,2024-03-13,2024-03-27,14790.0,14790.0,401,-24305.563578000292,-0.004093491870325372,10,time
005940,2024-03-14,2024-03-28,12850.0,11950.5,453,-430128.07485832646,-0.07380694743940286,10,stop
000500,2024-03-14,2024-03-28,28800.0,28900.0,202,-3701.2389300009236,-0.0006354831615419387,10,time
058470,2024-03-18,2024-04-01,50357.0,53662.0,133,410821.5237675505,0.06126923842275356,10,time
000250,2024-03-27,2024-04-02,141200.0,131316.0,41,-427774.6198657993,-0.07380694743940241,4,stop
007660,2024-03-28,2024-04-02,41964.0,39026.52,134,-415506.801602724,-0.07380694743940253,3,stop
042700,2024-04-02,2024-04-03,145000.0,140650.0,36,-177530.93936999887,-0.03397068711421536,1,stop
080220,2024-04-02,2024-04-03,28750.0,27887.5,185,-180889.40302187484,-0.03397068711421558,1,stop
064350,2024-04-03,2024-04-05,38800.0,37636.0,132,-174184.3791335998,-0.03397068711421558,2,stop
257720,2024-03-25,2024-04-08,11400.0,11840.0,557,218334.74154600035,0.034345004934679624,10,time
353200,2024-04-03,2024-04-08,26150.0,25365.5,197,-175202.97140067536,-0.03397068711421569,3,stop
039030,2024-04-05,2024-04-08,252000.0,244440.0,19,-162838.7236979995,-0.03397068711421547,1,stop
440110,2024-04-08,2024-04-09,20600.0,19982.0,264,-184958.6706263991,-0.03397068711421547,1,stop
259960,2024-03-28,2024-04-11,255500.0,237614.99999999997,22,-415346.01296649966,-0.07380694743940253,9,stop
010120,2024-04-08,2024-04-12,23160.0,26633.999999999996,235,791678.378140498,0.14529248434912545,3,target
000500,2024-04-09,2024-04-12,35750.0,41112.5,147,764426.5234856252,0.1452924843491259,2,target
039030,2024-04-11,2024-04-12,244000.0,280600.0,21,745334.9519700008,0.14529248434912612,1,target
267260,2024-04-12,2024-04-15,238500.0,231345.0,25,-202783.1850562496,-0.03397068711421547,1,stop
214450,2024-04-12,2024-04-15,127500.0,123675.0,47,-203803.47781125084,-0.03397068711421569,1,stop
064760,2024-04-01,2024-04-16,131500.0,133000.0,54,51659.88975000009,0.00726665841252272,10,time
001440,2024-04-08,2024-04-16,12790.0,12406.3,426,-185303.52957759053,-0.03397068711421569,5,stop
000500,2024-04-15,2024-04-16,45100.0,43747.0,130,-199399.2140855007,-0.03397068711421569,1,stop
010120,2024-04-15,2024-04-16,27860.0,27024.2,211,-199925.00495191012,-0.03397068711421558,1,stop
298040,2024-04-16,2024-04-17,331000.0,321070.0,17,-191372.91107949987,-0.03397068711421558,1,stop
161390,2024-04-12,2024-04-19,60000.0,58200.0,101,-206099.13650999963,-0.03397068711421547,5,stop
440110,2024-04-18,2024-04-19,20500.0,19885.0,288,-200793.6141839996,-0.03397068711421547,1,stop
010120,2024-04-18,2024-04-19,29180.0,33557.0,202,857391.2036482999,0.1452924843491259,1,target
003230,2024-04-16,2024-04-22,242500.0,278875.0,24,846574.8283500001,0.1452924843491259,4,target
042660,2024-04-19,2024-04-22,33250.0,32252.5,183,-206940.87803287432,-0.03397068711421547,1,stop
031980,2024-04-19,2024-04-22,51100.0,49567.0,119,-206809.9404626498,-0.03397068711421558,1,stop
090430,2024-04-19,2024-04-22,145000.0,140650.0,42,-207119.42926499993,-0.03397068711421558,1,stop
010120,2024-04-22,2024-04-23,33420.0,32417.399999999998,182,-206862.31549073942,-0.03397068711421547,1,stop
082740,2024-04-16,2024-04-24,10840.0,12465.999999999998,548,864076.5265195984,0.14529248434912567,6,target
042660,2024-04-24,2024-04-25,35050.0,33998.5,177,-210991.44027022552,-0.03397068711421569,1,stop
226950,2024-04-24,2024-04-25,16400.0,15908.0,379,-211391.05493260082,-0.03397068711421569,1,stop
003670,2024-04-25,2024-04-26,281100.0,272667.0,21,-200763.00540135056,-0.03397068711421569,1,stop
082740,2024-04-26,2024-04-30,13010.0,12619.699999999999,451,-199552.5980963353,-0.03397068711421558,2,stop
440110,2024-04-22,2024-05-02,18800.0,18236.0,324,-207160.24097520113,-0.0339706871142158,7,stop
267260,2024-04-24,2024-05-02,245000.0,237650.0,25,-208309.77081249934,-0.03397068711421547,5,stop
087010,2024-04-25,2024-05-03,26844.0,30870.6,226,882466.1100418204,0.1452924843491259,5,target
003230,2024-04-24,2024-05-07,282000.0,305500.0,22,490050.62535000034,0.07889871714048091,7,time
237690,2024-05-07,2024-05-08,101100.0,94023.0,64,-478109.73888960015,-0.07380694743940264,1,stop
131290,2024-04-30,2024-05-10,78300.0,75951.0,72,-191733.41451960057,-0.03397068711421569,6,stop
257720,2024-05-10,2024-05-13,22000.0,26400.0,272,1168748.1449600002,0.1950878097556097,1,target
058470,2024-05-08,2024-05-14,59268.0,55119.24,107,-468598.0861279741,-0.07380694743940264,4,stop
090430,2024-05-02,2024-05-20,172400.0,179700.0,34,223446.2848699987,0.03807656328829756,10,time
006260,2024-05-14,2024-05-20,153100.0,183720.0,43,1285798.7404270004,0.1950878097556097,3,target
357780,2024-05-08,2024-05-23,312000.0,317500.0,20,84102.94650000054,0.013462552343499246,10,time
031980,2024-05-21,2024-05-24,55000.0,51150.0,132,-536454.7329899995,-0.07380694743940253,3,stop
259960,2024-05-10,2024-05-27,265000.0,260000.0,22,-133568.22049999982,-0.02288418070296072,10,time
298040,2024-05-20,2024-05-27,373000.0,447600.0,18,1311326.043660001,0.1950878097556097,5,target
178320,2024-05-24,2024-05-27,30050.0,36060.0,225,1320554.5446375012,0.1950878097556097,1,target
001440,2024-05-14,2024-05-29,18430.0,18070.0,358,-155539.7330240002,-0.023546901687291344,10,time
034020,2024-05-28,2024-05-30,21900.0,20367.0,335,-542107.4584822496,-0.07380694743940253,2,stop
357780,2024-05-29,2024-05-30,343000.0,318990.0,19,-481553.09847049974,-0.07380694743940253,1,stop
005380,2024-05-23,2024-05-31,273500.0,254354.99999999997,23,-464816.59750325046,-0.07380694743940264,6,stop
042700,2024-05-28,2024-06-03,157100.0,146103.0,46,-533986.7456508996,-0.07380694743940253,4,stop
090430,2024-06-03,2024-06-04,194200.0,180606.0,32,-459193.4287456004,-0.07380694743940264,1,stop
267260,2024-05-27,2024-06-07,285000.0,265050.0,25,-526479.3350625001,-0.07380694743940264,8,stop
078600,2024-05-31,2024-06-11,117600.0,141120.0,53,1217341.8178320006,0.1950878097556097,6,target
196170,2024-06-05,2024-06-11,230500.0,276600.0,27,1215525.4144650018,0.1950878097556099,3,target
000100,2024-06-10,2024-06-11,82700.0,76911.0,76,-464424.97076980025,-0.07380694743940264,1,stop
237690,2024-06-10,2024-06-12,106400.0,98952.0,59,-463863.39281240106,-0.07380694743940275,2,stop
078600,2024-06-13,2024-06-14,157200.0,146196.0,42,-487863.46130760014,-0.07380694743940264,1,stop
042700,2024-06-14,2024-06-19,190200.0,176886.0,34,-477843.7282781992,-0.07380694743940241,3,stop
278470,2024-06-14,2024-06-20,77800.0,72354.0,84,-482897.92989480123,-0.07380694743940275,4,stop
000660,2024-06-10,2024-06-24,206000.0,223000.0,30,483169.6185000008,0.07809296753843431,10,time
319660,2024-06-19,2024-06-24,36750.0,34177.5,166,-450777.1485682493,-0.07380694743940241,3,stop
402340,2024-06-14,2024-06-25,93800.0,87234.0,70,-485173.79845899995,-0.07380694743940253,7,stop
257720,2024-06-24,2024-06-25,52500.0,48825.0,117,-453880.6057012491,-0.07380694743940241,1,stop
259960,2024-06-13,2024-06-27,266500.0,281500.0,25,346590.2237499999,0.05196128344654194,10,time
087010,2024-07-01,2024-07-02,47873.0,57447.6,132,1234223.8222868396,0.19508780975560946,1,target
000100,2024-07-02,2024-07-03,83200.0,77376.0,84,-516415.2669312004,-0.07380694743940264,1,stop
009540,2024-06-20,2024-07-04,147200.0,159700.0,41,486255.66773500014,0.08047737329014293,10,time
329180,2024-06-25,2024-07-09,152000.0,152400.0,39,-8740.119179999456,-0.0014726852699840087,10,time
087010,2024-07-04,2024-07-10,59891.0,71869.2,111,1298416.10321319,0.1950878097556097,4,target
298380,2024-07-05,2024-07-10,29400.0,27341.999999999996,227,-493139.3384336997,-0.07380694743940253,3,stop
032820,2024-07-10,2024-07-11,2925.0,2720.25,2424,-523907.8991523003,-0.07380694743940264,1,stop
007660,2024-07-01,2024-07-12,56794.0,52818.42,111,-465824.03880209196,-0.07380694743940275,9,stop
034020,2024-07-10,2024-07-12,22350.0,20785.5,317,-523519.967010675,-0.07380694743940253,2,stop
105560,2024-07-03,2024-07-17,84300.0,84100.0,79,-43046.20335000008,-0.0064562593866472895,10,time
000660,2024-07-12,2024-07-18,232000.0,215760.0,26,-445715.55776799936,-0.07380694743940253,4,stop
950160,2024-07-17,2024-07-18,18050.0,17508.5,380,-233272.93355149962,-0.03397068711421558,1,stop
141080,2024-07-09,2024-07-19,81800.0,76074.0,72,-435193.36025039945,-0.07380694743940253,8,stop
267270,2024-07-18,2024-07-19,63700.0,61789.0,95,-205810.05356274918,-0.03397068711421547,1,stop
443060,2024-07-18,2024-07-19,133500.0,129495.0,45,-204313.62418874912,-0.03397068711421547,1,stop
079550,2024-07-19,2024-07-22,230500.0,223585.0,24,-188141.98402199894,-0.03397068711421536,1,stop
010140,2024-07-19,2024-07-22,11000.0,10670.0,523,-195658.1406504996,-0.03397068711421547,1,stop
226950,2024-07-19,2024-07-22,11680.0,13431.999999999998,492,835892.2758767977,0.14529248434912545,1,target
267270,2024-07-22,2024-07-23,59400.0,68310.0,99,855389.6796555007,0.1452924843491259,1,target
012450,2024-07-22,2024-07-23,288789.0,280125.33,20,-196432.8829491306,-0.03397068711421569,1,stop
087010,2024-07-22,2024-07-23,79467.0,77082.98999999999,74,-199996.35742524266,-0.03397068711421558,1,stop
009540,2024-07-11,2024-07-25,165500.0,183800.0,39,685144.1448150016,0.10602789241229149,10,time
226950,2024-07-24,2024-07-25,15660.0,15190.199999999999,387,-206113.42060856987,-0.03397068711421558,1,stop
082740,2024-07-24,2024-07-25,16900.0,16393.0,359,-206340.60579534993,-0.03397068711421558,1,stop
016360,2024-07-12,2024-07-26,44500.0,44450.0,140,-32511.149649999104,-0.005212487946875344,10,time
090430,2024-07-23,2024-07-26,177700.0,172369.0,34,-205480.15890529938,-0.03397068711421547,3,stop
010120,2024-07-25,2024-07-26,49900.0,48403.0,126,-213832.95559290051,-0.03397068711421569,1,stop
272210,2024-07-25,2024-07-26,22000.0,21340.0,285,-213241.18579499982,-0.03397068711421558,1,stop
347850,2024-07-25,2024-07-29,9522.0,9236.34,660,-213735.0074884193,-0.03397068711421547,2,stop
010140,2024-07-29,2024-08-02,11990.0,11150.699999999999,504,-446525.41229604,-0.07380694743940253,4,stop
329180,2024-07-29,2024-08-05,207000.0,192510.0,29,-443572.6945094997,-0.07380694743940253,5,stop
055550,2024-07-29,2024-08-05,58400.0,54312.0,103,-444474.17491479963,-0.07380694743940253,5,stop
009540,2024-07-29,2024-08-05,200000.0,186000.0,30,-443351.0189999994,-0.07380694743940253,5,stop
207940,2024-07-29,2024-08-05,1352533.0,1257855.69,4,-399764.5891874181,-0.07380694743940264,5,stop
005940,2024-08-02,2024-08-05,13880.0,12908.4,460,-471784.59768520016,-0.07380694743940264,1,stop
087010,2024-08-06,2024-08-07,56208.0,61828.8,98,526640.0415460803,0.0954971589426421,1,target
310210,2024-08-06,2024-08-07,64600.0,71060.0,85,524978.0095450012,0.09549715894264232,1,target
141080,2024-08-06,2024-08-07,77300.0,85030.0,71,524719.8706585001,0.0954971589426421,1,target
000250,2024-08-06,2024-08-09,158400.0,163800.0,34,160987.47210000083,0.029857866361368224,3,time
000100,2024-08-06,2024-08-09,86400.0,88800.0,63,128446.93259999901,0.023570577799943315,3,time
087010,2024-08-09,2024-08-12,63961.0,62042.17,92,-200127.43103450257,-0.03397068711421569,1,stop
259960,2024-08-16,2024-08-30,334500.0,327000.0,17,-150428.53792499937,-0.02642323420507131,10,time
138040,2024-08-19,2024-09-02,89200.0,92500.0,66,193030.99167000037,0.03275058298200584,10,time
326030,2024-08-19,2024-09-02,108200.0,112400.0,54,202186.41930000018,0.0345646165783311,10,time
016360,2024-08-21,2024-09-04,47700.0,47450.0,124,-55148.64381000027,-0.009313127657168518,10,time
021240,2024-08-30,2024-09-06,69500.0,64634.99999999999,79,-405703.1283032503,-0.07380694743940264,5,stop
017670,2024-08-26,2024-09-09,56000.0,56500.0,106,28516.8381500002,0.004798530523689726,10,time
180640,2024-09-27,2024-09-30,91900.0,85467.0,63,-427811.5657840492,-0.07380694743940241,1,stop
138040,2024-09-27,2024-10-16,99400.0,102800.0,58,172991.70189999975,0.029971720681393865,10,time
226950,2024-11-04,2024-11-05,21900.0,21243.0,263,-195886.00603245012,-0.03397068711421558,1,stop
000100,2024-11-04,2024-11-07,133900.0,129883.0,43,-195817.9865154503,-0.03397068711421569,3,stop
226950,2024-11-07,2024-11-08,19800.0,19206.0,287,-193263.85365209915,-0.03397068711421547,1,stop
226950,2024-11-11,2024-11-12,22350.0,21679.5,252,-191549.7618236998,-0.03397068711421558,1,stop
180640,2024-11-12,2024-11-13,77200.0,74884.0,72,-189039.84164640028,-0.03397068711421558,1,stop
347850,2024-11-13,2024-11-14,9809.0,9514.73,568,-189485.77759985253,-0.03397068711421569,1,stop
440110,2024-11-13,2024-11-15,17720.0,17188.399999999998,314,-189233.01707467996,-0.03397068711421558,2,stop
226950,2024-11-14,2024-11-15,20200.0,22220.0,273,527234.3346269988,0.09549715894264188,1,target
226950,2024-11-18,2024-11-19,20150.0,19545.5,278,-190512.46418945026,-0.03397068711421558,1,stop
141080,2024-11-19,2024-11-20,113900.0,110483.0,48,-185938.15167120006,-0.03397068711421558,1,stop
310210,2024-11-19,2024-11-20,99000.0,96030.0,56,-188550.1011239998,-0.03397068711421558,1,stop
440110,2024-11-19,2024-11-21,17570.0,17042.899999999998,316,-188826.26036302,-0.03397068711421558,2,stop
010130,2024-11-20,2024-11-21,990000.0,960300.0,5,-168348.30457499996,-0.03397068711421558,1,stop
087010,2024-11-25,2024-11-26,81500.0,79055.0,66,-182938.49097150005,-0.03397068711421558,1,stop
010130,2024-11-25,2024-11-26,940000.0,911800.0,5,-159845.86494999938,-0.03397068711421547,1,stop
298040,2024-11-26,2024-11-29,391000.0,403500.0,13,141189.7912750002,0.02774495148420386,3,time
087010,2024-11-28,2024-12-03,81100.0,89210.0,66,511746.00143699907,0.09549715894264188,3,target
000150,2024-11-29,2024-12-03,192800.0,212080.00000000003,27,497691.7731720004,0.0954971589426421,2,target
298040,2024-12-03,2024-12-04,386000.0,424600.00000000006,14,516660.20098000206,0.09549715894264255,1,target
272210,2024-12-05,2024-12-06,22650.0,21970.5,250,-192580.25750624947,-0.03397068711421547,1,stop
443060,2024-12-06,2024-12-09,126800.0,122996.0,44,-189747.2446231991,-0.03397068711421547,1,stop
042660,2024-12-06,2024-12-09,32600.0,31622.0,173,-191808.2359883003,-0.03397068711421558,1,stop
272210,2024-12-09,2024-12-10,20600.0,19982.0,270,-189162.27677700017,-0.03397068711421558,1,stop
083650,2024-12-09,2024-12-10,13250.0,12852.5,420,-189264.30605250038,-0.03397068711421569,1,stop
087010,2024-12-09,2024-12-10,82400.0,79928.0,67,-187761.07472680043,-0.03397068711421569,1,stop
083650,2024-12-12,2024-12-13,14150.0,13725.5,385,-185276.66186837386,-0.03397068711421536,1,stop
272210,2024-12-13,2024-12-17,21200.0,20564.0,255,-183856.7544509992,-0.03397068711421547,2,stop
083650,2024-12-16,2024-12-17,13250.0,14575.000000000002,409,518118.20765375067,0.09549715894264232,1,target
010130,2024-12-18,2024-12-19,1123000.0,1089310.0,4,-152771.83518199995,-0.03397068711421558,1,stop
010130,2024-12-24,2024-12-26,1128000.0,1240800.0,4,431378.7614400005,0.09549715894264232,1,target
