code,entry_date,exit_date,entry_price,exit_price,shares,pnl_krw,pnl_pct,hold_days,reason
086280,2014-06-05,2014-06-16,139804.0,130017.71999999999,14,-144625.24034064426,-0.07380694743940275,6,stop
066570,2014-05-30,2014-06-17,74200.0,77800.0,26,85417.81508000009,0.044225422270737,10,time
011070,2014-05-30,2014-06-17,132000.0,143500.0,15,163877.02537499997,0.08267109027733577,10,time
000660,2014-06-02,2014-06-18,44200.0,49000.0,45,207211.90139999986,0.10405925109398306,10,time
005830,2014-06-02,2014-06-18,57100.0,53103.0,35,-147672.8352452498,-0.07380694743940253,10,stop
064760,2014-06-20,2014-06-27,11100.0,10323.0,186,-152557.08563790005,-0.07380694743940264,5,stop
067310,2014-06-16,2014-06-30,4915.0,5485.0,396,217078.07556599984,0.11140329544074579,10,time
051910,2014-06-17,2014-07-01,288500.0,294000.0,7,30110.18517499999,0.01489259407322141,10,time
034220,2014-06-18,2014-07-02,28051.0,29947.0,73,129607.98789700028,0.0632209974317981,10,time
000660,2014-06-20,2014-07-04,50900.0,50400.0,40,-28284.974199999822,-0.01387646346295468,10,time
000250,2014-07-01,2014-07-08,8060.0,9672.0,262,412444.65786679974,0.19508780975560946,5,target
095340,2014-06-27,2014-07-10,15037.0,18044.399999999998,129,378861.3127328695,0.19508780975560924,9,target
010130,2014-07-01,2014-07-15,400000.0,428000.0,5,131390.8729999999,0.06561996369875178,10,time
000720,2014-07-02,2014-07-16,57405.0,58378.0,39,28660.100677649956,0.012786867548020941,10,time
000250,2014-07-15,2014-07-16,10550.0,9811.5,207,-161368.6871405251,-0.07380694743940264,1,stop
047040,2014-07-04,2014-07-18,9330.0,9200.0,220,-36927.65109000029,-0.017970002701714338,10,time
034220,2014-07-09,2014-07-23,30686.0,30224.0,82,-48084.42002019985,-0.01908758711753611,10,time
021240,2014-07-10,2014-07-24,91000.0,92100.0,25,18095.52362500038,0.007944938447725924,10,time
006400,2014-07-16,2014-07-25,170840.0,158881.19999999998,12,-151484.1761719205,-0.07380694743940286,7,stop
098460,2014-07-18,2014-08-01,5050.0,5290.0,421,92029.15091800038,0.0432367184170257,10,time
016360,2014-07-18,2014-08-01,45297.0,47820.0,47,109506.51750914985,0.05137755742678407,10,time
047040,2014-07-23,2014-08-05,10050.0,9346.5,246,-182682.7873789505,-0.07380694743940275,9,stop
000720,2014-07-24,2014-08-07,61394.0,60227.0,37,-52361.08710864931,-0.023024053407076694,10,time
003550,2014-07-25,2014-08-08,62347.0,64521.0,30,57362.41391700017,0.03063313088095243,10,time
095340,2014-08-01,2014-08-18,19983.0,20052.0,112,-1466.947557600215,-0.0006546914369096601,10,time
005830,2014-08-01,2014-08-18,57900.0,60300.0,38,81914.27820000006,0.03718760691225187,10,time
000270,2014-08-05,2014-08-20,61500.0,60500.0,38,-47465.467499999795,-0.020287093628531316,10,time
034730,2014-08-07,2014-08-22,190000.0,218000.0,11,298526.76260000025,0.14267167774878464,10,time
030200,2014-08-11,2014-08-26,34700.0,34650.0,59,-11331.548112500226,-0.0055285156572558725,10,time
131290,2014-08-18,2014-09-01,8470.0,9230.0,268,193776.79110400006,0.085267658800106,10,time
095340,2014-08-26,2014-09-01,22589.0,21007.769999999997,99,-165245.12677515158,-0.07380694743940264,4,stop
086280,2014-08-20,2014-09-03,157061.0,151810.0,14,-82308.62051510019,-0.037389504720039324,10,time
032830,2014-08-20,2014-09-03,108500.0,109000.0,21,1131.2967750006355,0.0004959390427148325,10,time
042700,2014-09-02,2014-09-04,3480.0,3236.3999999999996,655,-168429.05211810023,-0.07380694743940264,2,stop
058610,2014-09-01,2014-09-12,7420.0,6900.599999999999,307,-168321.17003680998,-0.07380694743940253,6,stop
105560,2014-09-04,2014-09-15,43250.0,40222.5,50,-159791.09643125,-0.07380694743940253,4,stop
071050,2014-08-28,2014-09-16,50100.0,53500.0,45,143309.55645000003,0.06349297774326534,10,time
032640,2014-09-04,2014-09-23,11850.0,12850.0,183,173573.35523999948,0.07994925143175657,10,time
047810,2014-09-04,2014-09-23,38000.0,40850.0,57,153094.38807750028,0.07059949623940032,10,time
005490,2014-09-12,2014-09-23,359000.0,333870.0,5,-132635.8465175,-0.07380694743940253,7,stop
000720,2014-09-19,2014-09-29,63340.0,58906.2,37,-173171.4301846698,-0.07380694743940253,6,stop
131290,2014-09-16,2014-09-30,10750.0,11000.0,219,44940.40691250004,0.019067124597806684,10,time
030200,2014-09-24,2014-09-30,36700.0,34131.0,57,-154574.33277434995,-0.07380694743940253,4,stop
028300,2014-09-23,2014-10-08,2383.0,2601.0,888,184341.08727600006,0.08701335612475192,10,time
000250,2014-11-11,2014-11-14,10300.0,10400.0,212,12188.671820000745,0.005575503354234845,3,time
028300,2015-03-11,2015-03-12,5012.0,5513.200000000001,437,209402.64715678012,0.0954971589426421,1,target
000990,2015-03-30,2015-04-02,6000.0,5820.0,372,-75909.78097199975,-0.03397068711421547,3,stop
021240,2015-04-08,2015-04-09,101500.0,98455.0,22,-75943.79073050013,-0.03397068711421569,1,stop
064760,2015-04-10,2015-04-13,14500.0,16675.0,160,337466.2546000001,0.1452924843491259,1,target
083650,2015-04-13,2015-04-14,7150.0,6935.5,372,-90459.15565830003,-0.03397068711421558,1,stop
196170,2015-04-14,2015-04-15,6376.0,6184.72,403,-87389.02673898824,-0.03397068711421569,1,stop
028050,2015-04-07,2015-04-16,26805.0,28987.0,82,169388.63851980027,0.07697601011583233,7,time
096770,2015-04-07,2015-04-16,102822.0,118245.29999999999,21,314085.370620735,0.1452924843491259,7,target
068270,2015-04-15,2015-04-16,66773.0,64769.81,37,-84024.54335985892,-0.0339706871142158,1,stop
010170,2015-04-16,2015-04-17,1007.0,976.79,2398,-82126.28868918167,-0.033970687114215914,1,stop
051910,2015-04-16,2015-04-17,277000.0,268690.0,8,-75365.62483599968,-0.03397068711421547,1,stop
034020,2015-04-16,2015-04-17,24710.0,23968.7,97,-81516.9698558948,-0.03397068711421547,1,stop
009540,2015-04-09,2015-04-20,124452.0,129904.0,17,83740.26676499983,0.03953523472565523,7,time
005290,2015-04-09,2015-04-20,5300.0,5370.0,419,20142.660953500308,0.009059990312519473,7,time
024110,2015-04-17,2015-04-20,15150.0,14695.5,154,-79348.16755634965,-0.03397068711421547,1,stop
028260,2015-04-17,2015-04-20,159000.0,154230.0,14,-75705.72242100025,-0.03397068711421569,1,stop
196170,2015-04-17,2015-04-20,6404.0,6211.88,364,-79278.65160997631,-0.03397068711421569,1,stop
005830,2015-04-20,2015-04-21,52700.0,51119.0,42,-75277.19946390018,-0.03397068711421569,1,stop
068270,2015-04-20,2015-04-22,63206.0,61309.82,35,-75236.72785128513,-0.03397068711421569,2,stop
000100,2015-04-20,2015-04-22,31718.0,30766.46,70,-75510.50640721014,-0.03397068711421569,2,stop
003230,2015-04-21,2015-04-22,26850.0,26044.5,83,-75792.44730517548,-0.0339706871142158,1,stop
131290,2015-04-21,2015-04-22,19050.0,18478.5,117,-75802.65023272485,-0.03397068711421547,1,stop
141080,2015-04-22,2015-04-23,13262.0,12864.14,162,-73068.06159077398,-0.03397068711421558,1,stop
028260,2015-04-22,2015-04-23,164000.0,159080.0,13,-72508.80512199923,-0.03397068711421525,1,stop
009830,2015-04-21,2015-04-30,21161.0,20800.0,105,-46899.06523574982,-0.021083343457434234,7,time
078930,2015-04-27,2015-04-30,50100.0,48597.0,42,-71563.33383569983,-0.03397068711421547,3,stop
095340,2015-04-30,2015-05-04,39459.0,38275.229999999996,53,-71125.52621452976,-0.03397068711421569,1,stop
000990,2015-04-29,2015-05-06,8280.0,8031.599999999999,256,-72089.80489727994,-0.03397068711421558,3,stop
047810,2015-04-30,2015-05-07,64800.0,62856.0,32,-70522.63522559986,-0.03397068711421547,3,stop
000100,2015-05-06,2015-05-07,35457.0,34393.29,58,-69941.27241380094,-0.03397068711421558,1,stop
000990,2015-05-12,2015-05-13,10050.0,9748.5,204,-69726.80687669967,-0.03397068711421547,1,stop
000250,2015-05-13,2015-05-15,12600.0,12222.0,162,-69420.71905019996,-0.03397068711421558,2,stop
028300,2015-05-12,2015-05-18,8991.0,10339.65,228,298184.6007261898,0.14529248434912567,4,target
036930,2015-05-13,2015-05-18,6740.0,6537.8,302,-69226.18323157984,-0.03397068711421547,3,stop
000990,2015-05-15,2015-05-18,11800.0,11446.0,170,-68223.57555100019,-0.03397068711421569,1,stop
095340,2015-05-15,2015-05-18,37883.0,36746.51,53,-68284.75910654129,-0.03397068711421547,1,stop
084370,2015-05-18,2015-05-19,18216.0,17669.52,112,-69386.43721363181,-0.03397068711421547,1,stop
058470,2015-05-18,2015-05-19,10451.0,10137.47,196,-69665.45327236596,-0.03397068711421558,1,stop
098460,2015-05-18,2015-05-19,9440.0,9156.8,217,-69668.31009208015,-0.03397068711421569,1,stop
090430,2015-05-19,2015-05-20,443000.0,429710.0,4,-60265.29206200014,-0.03397068711421569,1,stop
005290,2015-05-13,2015-05-22,5850.0,6160.0,349,99503.96044049994,0.04868104103911031,7,time
035720,2015-05-21,2015-05-22,23624.0,22915.28,83,-66686.06238873233,-0.0339706871142158,1,stop
058470,2015-05-21,2015-05-22,10572.0,10254.84,187,-67236.06820319383,-0.03397068711421547,1,stop
009830,2015-05-22,2015-05-27,23702.0,22990.94,83,-66906.24156526127,-0.03397068711421569,2,stop
028260,2015-05-27,2015-05-28,198000.0,192060.0,9,-60605.389647,-0.03397068711421558,1,stop
064760,2015-05-29,2015-06-01,21700.0,21049.0,91,-67159.07010994968,-0.03397068711421547,1,stop
086280,2015-06-01,2015-06-02,126049.0,122267.53,15,-64303.44073749753,-0.03397068711421558,1,stop
018260,2015-05-28,2015-06-03,320000.0,310400.0,6,-65298.73632000014,-0.03397068711421569,4,stop
028260,2015-06-01,2015-06-03,188000.0,182360.0,10,-63938.34597999975,-0.03397068711421547,2,stop
028300,2015-06-02,2015-06-03,12812.0,12427.64,156,-67974.35204071226,-0.03397068711421569,1,stop
000660,2015-06-01,2015-06-04,50600.0,49082.0,38,-65393.963643800234,-0.03397068711421569,3,stop
196170,2015-06-03,2015-06-04,6042.0,5860.74,309,-63495.47090481315,-0.03397068711421569,1,stop
003670,2015-06-03,2015-06-04,11280.0,10941.6,165,-63298.96252020006,-0.03397068711421558,1,stop
064760,2015-06-03,2015-06-04,19800.0,22770.0,94,270729.393561,0.1452924843491259,1,target
080220,2015-05-28,2015-06-05,4740.0,5451.0,413,284754.60746985,0.1452924843491259,6,target
141080,2015-06-05,2015-06-10,12936.0,12547.92,152,-66872.43586531212,-0.03397068711421569,3,stop
012450,2015-06-05,2015-06-11,30558.0,35141.7,64,284477.0705673597,0.14529248434912567,4,target
064760,2015-06-10,2015-06-11,24900.0,23157.0,78,-143512.7248503,-0.07380694743940253,1,stop
095340,2015-06-16,2015-06-22,41261.0,38372.729999999996,48,-146344.85115967225,-0.07380694743940275,4,stop
196170,2015-06-25,2015-06-26,6758.0,8109.599999999999,271,357698.2603854197,0.19508780975560946,1,target
064760,2015-06-15,2015-06-29,24650.0,26950.0,80,175375.90839999984,0.08883084763061788,10,time
005290,2015-06-18,2015-06-29,7230.0,6723.9,277,-147983.91987691517,-0.07380694743940264,7,stop
000100,2015-06-26,2015-06-30,40745.0,37892.85,53,-159568.3125442022,-0.07380694743940241,2,stop
141080,2015-06-17,2015-07-01,17516.0,18867.0,113,144101.3417972501,0.0727202608405213,10,time
000990,2015-06-17,2015-07-01,15600.0,15850.0,127,23537.04557250021,0.011866548324060533,10,time
028300,2015-06-29,2015-07-07,15799.0,14693.07,127,-148261.97485766443,-0.07380694743940253,6,stop
090430,2015-07-03,2015-07-07,445500.0,414315.0,4,-131675.2526430001,-0.07380694743940264,2,stop
141080,2015-07-06,2015-07-07,20568.0,19128.239999999998,113,-171738.22412391612,-0.07380694743940264,1,stop
000880,2015-07-02,2015-07-09,49806.0,46319.579999999994,41,-150890.5291574793,-0.07380694743940275,5,stop
047810,2015-06-29,2015-07-13,76800.0,80300.0,26,82548.44169,0.04129287243245927,10,time
000990,2015-07-09,2015-07-23,16700.0,17000.0,113,26066.34788499982,0.013797044203860409,10,time
009830,2015-07-16,2015-07-24,26301.0,24459.929999999997,73,-141870.3310004149,-0.07380694743940275,6,stop
095340,2015-07-30,2015-08-05,41032.0,38159.759999999995,46,-139468.77242232836,-0.07380694743940275,4,stop
015760,2015-08-03,2015-08-18,50500.0,50800.0,37,3409.7899449998513,0.0018227844155933592,10,time
047810,2015-08-06,2015-08-19,102000.0,94860.0,18,-135665.41181399976,-0.07380694743940241,8,stop
066970,2015-11-06,2015-11-09,8390.0,8138.3,220,-62775.212239300134,-0.03397068711421569,1,stop
066970,2015-11-11,2015-11-16,8204.0,8511.0,224,61034.02275040001,0.03317409686636541,3,time
001440,2016-04-11,2016-04-12,29822.0,28927.34,62,-62882.81911519379,-0.03397068711421547,1,stop
001440,2016-04-14,2016-04-18,28687.0,27826.39,64,-62440.82829372818,-0.03397068711421569,2,stop
086520,2016-04-29,2016-05-02,1916.0,1858.52,953,-62100.05051355809,-0.03397068711421558,1,stop
058610,2016-05-02,2016-05-03,6160.0,5975.2,294,-61593.033033840125,-0.03397068711421569,1,stop
032820,2016-05-02,2016-05-03,770.0,746.9,2355,-61671.595575975254,-0.03397068711421569,1,stop
082740,2016-05-16,2016-05-17,2050.0,1988.5,877,-61144.44431922515,-0.03397068711421569,1,stop
012450,2016-05-03,2016-05-19,44819.0,45431.0,39,16634.224136400037,0.009505534948107908,10,time
006260,2016-05-18,2016-06-01,53800.0,57500.0,33,114464.09881499992,0.06439821965532144,10,time
043260,2016-05-30,2016-06-03,1175.0,1092.75,1516,-131623.52835744992,-0.07380694743940253,4,stop
145020,2016-06-01,2016-06-14,115944.0,107827.92,15,-128509.72636734019,-0.07380694743940264,8,stop
035420,2016-06-01,2016-06-16,140198.0,140399.0,12,-4489.824019800406,-0.0026656740117679822,10,time
021240,2016-06-02,2016-06-17,108500.0,103000.0,17,-100783.48722499982,-0.054577231913764956,10,time
005930,2016-06-08,2016-06-22,28380.0,28900.0,63,25336.086174000055,0.014154266559111894,10,time
012450,2016-06-09,2016-06-23,48741.0,48436.0,37,-18642.4948051502,-0.010325442076097868,10,time
005290,2016-06-16,2016-06-30,8200.0,9310.0,202,216770.72974900017,0.13071824276674038,10,time
035420,2016-06-23,2016-07-07,146808.0,150813.0,11,37306.98965564999,0.023075365174654028,10,time
033780,2016-07-01,2016-07-12,137500.0,127874.99999999999,13,-132081.65774375014,-0.07380694743940264,7,stop
145020,2016-07-12,2016-07-18,125424.0,116644.31999999999,13,-120481.52611528826,-0.07380694743940275,4,stop
214370,2016-07-05,2016-07-19,21744.0,21248.0,83,-48442.86932400009,-0.026811006036638774,10,time
012450,2016-07-05,2016-07-19,50116.0,53784.0,36,124264.84181040013,0.06879710338507516,10,time
005290,2016-07-06,2016-07-20,9960.0,10750.0,187,139661.5051094999,0.07489909260983962,10,time
066970,2016-07-18,2016-07-21,13164.0,12242.519999999999,117,-113807.31987526221,-0.07380694743940275,3,stop
084370,2016-07-08,2016-07-22,17450.0,18550.0,94,96372.89417000022,0.05868571494587216,10,time
005290,2016-07-27,2016-07-28,12100.0,11253.0,142,-126960.95347429998,-0.07380694743940253,1,stop
036930,2016-07-19,2016-08-02,10100.0,11250.0,182,201149.66189500014,0.10930180360978614,10,time
034220,2016-07-20,2016-08-03,27451.0,28330.0,70,53473.62830949994,0.027796123103482007,10,time
064350,2016-07-22,2016-08-05,20250.0,21500.0,83,96556.09016250004,0.0573822185080497,10,time
098460,2016-07-22,2016-08-05,9190.0,9230.0,184,408.4100800002925,0.00024124809977132955,10,time
240810,2016-08-03,2016-08-09,25750.0,23947.5,77,-146509.03882037476,-0.07380694743940241,4,stop
009540,2016-07-29,2016-08-12,114459.0,126724.0,13,152876.96180834994,0.10262413909107093,10,time
012450,2016-08-02,2016-08-17,59284.0,61322.0,36,64405.2306707995,0.030142684223869676,10,time
145020,2016-08-18,2016-08-22,127880.0,153456.0,15,374647.8428580004,0.1950878097556099,2,target
084370,2016-08-08,2016-08-23,20800.0,22200.0,83,108782.30410999968,0.0629386769460949,10,time
034020,2016-08-08,2016-08-23,20961.0,21613.0,82,46262.39109839988,0.026884564677575273,10,time
064350,2016-08-10,2016-08-25,22050.0,23800.0,84,138975.95061000017,0.07494670718758534,10,time
034220,2016-08-22,2016-08-31,29808.0,27721.44,77,-169597.72540418385,-0.07380694743940253,7,stop
006260,2016-08-19,2016-09-02,60100.0,61800.0,32,46357.967840000056,0.024076908526021512,10,time
003490,2016-09-02,2016-09-06,21274.0,19784.82,97,-152481.56818099716,-0.07380694743940264,2,stop
066970,2016-08-26,2016-09-09,14509.0,15390.0,128,104824.57397120027,0.056378879324260556,10,time
105560,2016-08-26,2016-09-09,37750.0,39750.0,49,90130.44564999989,0.048669766838531636,10,time
009540,2016-09-06,2016-09-13,128994.0,119964.42,15,-142974.05336221517,-0.07380694743940264,5,stop
035420,2016-09-01,2016-09-20,169238.0,167437.0,11,-27381.879069050075,-0.01469174770613968,10,time
034020,2016-09-06,2016-09-21,22605.0,21022.649999999998,87,-145318.2718751775,-0.07380694743940253,8,stop
003230,2016-09-19,2016-09-21,29650.0,35580.0,64,370624.4117439999,0.19508780975560946,2,target
003230,2016-09-23,2016-09-26,35050.0,42060.0,58,397050.1510510002,0.1950878097556097,1,target
000660,2016-09-09,2016-09-28,38550.0,41200.0,51,126694.30493250024,0.06436700739150725,10,time
010170,2016-09-20,2016-10-05,1496.0,1558.0,1249,69552.20581130008,0.03718070833290987,10,time
066970,2016-09-20,2016-10-05,16271.0,16921.0,114,66279.8229042003,0.035691354192257885,10,time
161390,2016-09-22,2016-10-07,62000.0,59300.0,33,-97222.24594500009,-0.047463613998553145,10,time
003230,2016-09-30,2016-10-07,46700.0,43431.0,49,-169086.68946295,-0.07380694743940253,4,stop
237690,2016-09-29,2016-10-10,57300.0,53289.0,39,-165126.0870265502,-0.07380694743940264,6,stop
031980,2016-10-05,2016-10-11,12840.0,11941.199999999999,151,-143264.44827965996,-0.07380694743940253,4,stop
028260,2016-10-07,2016-10-12,166500.0,154845.0,12,-147635.88932700013,-0.07380694743940264,3,stop
005930,2016-10-10,2016-10-12,33000.0,30689.999999999996,65,-158497.98929249984,-0.07380694743940253,2,stop
012450,2016-10-05,2016-10-19,66721.0,68657.0,29,48048.84061699966,0.024804081603379213,10,time
009540,2016-10-07,2016-10-21,132628.0,138533.0,15,80160.83542725025,0.040247280293212784,10,time
086790,2016-10-12,2016-10-26,30700.0,32150.0,61,80514.5458374999,0.04294443766674383,10,time
000720,2016-10-12,2016-10-26,41691.0,41108.0,45,-33846.27043725015,-0.01802008260308785,10,time
009830,2016-10-21,2016-10-28,34887.0,32444.909999999996,60,-154671.86999853002,-0.07380694743940264,5,stop
131970,2016-10-17,2016-10-31,5887.0,5711.0,322,-64273.53340520011,-0.033867493132568094,10,time
105560,2016-10-19,2016-11-02,40850.0,41000.0,48,-856.9765200000256,-0.000436552427988679,10,time
000660,2016-10-27,2016-11-09,42900.0,39897.0,44,-139478.23057739972,-0.07380694743940241,9,stop
086790,2016-11-11,2016-11-17,35000.0,32549.999999999996,53,-137069.35670750006,-0.07380694743940264,4,stop
222800,2016-11-08,2016-11-22,9894.0,10465.0,193,102052.43102144962,0.05338201006438692,10,time
005490,2016-12-09,2016-12-19,278000.0,258539.99999999997,6,-123251.58328200015,-0.07380694743940264,6,stop
055550,2016-12-09,2016-12-23,47250.0,46800.0,39,-25050.21977250022,-0.01357831575727475,10,time
047050,2016-12-09,2016-12-23,27650.0,28100.0,67,22468.995882499963,0.012114751480790442,10,time
000660,2016-12-09,2016-12-23,46450.0,46300.0,40,-13596.767299999949,-0.007309551638235989,10,time
024110,2016-12-09,2016-12-23,13750.0,13450.0,136,-48343.35356000019,-0.02582236113860925,10,time
222800,2017-01-13,2017-01-17,12843.0,11943.99,146,-138552.95700074686,-0.07380694743940253,2,stop
083650,2017-01-12,2017-01-20,4030.0,4836.0,454,357347.08906779974,0.19508780975560946,6,target
083650,2017-01-23,2017-01-25,4850.0,5820.0,454,430057.9111609999,0.19508780975560946,2,target
000660,2017-01-12,2017-01-26,51600.0,53300.0,35,51923.24182499992,0.02871738145952829,10,time
005930,2017-01-12,2017-01-26,38000.0,39900.0,48,83456.02103999979,0.04570183353615831,10,time
078600,2017-01-12,2017-01-26,4540.0,4850.0,403,117063.5514295001,0.0639089348962385,10,time
105560,2017-01-17,2017-02-02,45300.0,47350.0,38,70615.70542500005,0.04097512494348998,10,time
131970,2017-01-31,2017-02-07,7773.0,7228.889999999999,272,-156226.2586711438,-0.07380694743940253,5,stop
036930,2017-02-02,2017-02-07,11700.0,10881.0,157,-135731.91446685,-0.07380694743940253,3,stop
011070,2017-01-26,2017-02-13,99500.0,105000.0,20,101520.29649999994,0.05095661661925455,10,time
000660,2017-01-31,2017-02-13,53300.0,49569.0,39,-153598.96053255,-0.07380694743940253,9,stop
005940,2017-01-31,2017-02-14,11400.0,11600.0,185,28247.81834999984,0.013378552131949606,10,time
003230,2017-02-10,2017-02-15,58300.0,54219.0,31,-133544.71610644995,-0.07380694743940253,3,stop
034020,2017-02-14,2017-02-17,23371.0,21735.03,94,-162331.05441910122,-0.07380694743940264,3,stop
032640,2017-02-09,2017-02-23,12550.0,13300.0,146,101668.05666500027,0.055422833316707054,10,time
006260,2017-02-13,2017-02-27,70400.0,66600.0,28,-114164.69932000013,-0.05784980907050674,10,time
071050,2017-02-13,2017-02-27,48600.0,46950.0,41,-75616.63773750002,-0.037905132578431644,10,time
003670,2017-02-15,2017-03-02,11870.0,12054.0,142,19143.29332159995,0.011344317522754777,10,time
098460,2017-02-20,2017-03-07,9560.0,10180.0,213,123325.59782100003,0.06049458710879585,10,time
011070,2017-02-23,2017-03-10,120500.0,126500.0,16,87815.65760000004,0.045495213928662626,10,time
028050,2017-03-07,2017-03-10,13200.0,12276.0,163,-158985.67541339993,-0.07380694743940253,3,stop
009540,2017-03-02,2017-03-16,151705.0,161244.0,12,106669.93344060006,0.05852772813592999,10,time
006400,2017-03-02,2017-03-16,125805.0,133148.0,14,95280.89784990042,0.05403568812408044,10,time
010140,2017-03-03,2017-03-17,9412.0,10204.0,203,152471.855858,0.0797099457028474,10,time
017670,2017-03-10,2017-03-24,42961.0,44859.0,46,78951.72422139999,0.039905264034568066,10,time
105560,2017-03-10,2017-03-24,48700.0,50200.0,41,53135.81898500025,0.02658124657309391,10,time
006800,2017-03-17,2017-03-27,9489.0,8824.769999999999,206,-144438.88512899098,-0.07380694743940253,6,stop
066570,2017-03-24,2017-03-30,73000.0,67890.0,28,-151034.9138059998,-0.07380694743940253,4,stop
005940,2017-03-17,2017-03-31,12850.0,12550.0,152,-53470.17315999977,-0.02734422746868337,10,time
000250,2017-03-17,2017-03-31,15000.0,13949.999999999998,130,-144089.08117500017,-0.07380694743940264,10,stop
047040,2017-03-24,2017-04-07,7290.0,7200.0,283,-33849.78664049995,-0.01638863394600032,10,time
042700,2017-04-10,2017-04-12,3600.0,3348.0,566,-150562.0060524,-0.07380694743940253,2,stop
006400,2017-03-30,2017-04-13,137554.0,134127.0,13,-51748.070860849926,-0.02890535923412707,10,time
003670,2017-03-30,2017-04-13,13781.0,13738.0,135,-13412.321286749793,-0.0072009572102552655,10,time
009150,2017-03-31,2017-04-14,69200.0,67500.0,27,-53421.76138500008,-0.02855940319721051,10,time
098460,2017-04-04,2017-04-18,10519.0,10800.0,182,43145.39905130002,0.022510722293039853,10,time
010170,2017-04-19,2017-04-20,1689.0,2026.8,1090,359571.69491189974,0.19508780975560946,1,target
000990,2017-04-12,2017-04-26,20850.0,21450.0,90,46150.533000000054,0.02456568821973737,10,time
010170,2017-04-24,2017-04-26,2071.0,1926.03,949,-145225.46372853336,-0.07380694743940253,2,stop
011070,2017-04-24,2017-04-27,143000.0,132990.0,13,-137364.92405349994,-0.07380694743940253,3,stop
240810,2017-04-19,2017-05-08,26500.0,27250.0,69,44103.879712500144,0.024092541378627708,10,time
009150,2017-04-26,2017-05-16,70900.0,76800.0,27,150985.19137499994,0.07878166183863211,10,time
096770,2017-04-26,2017-05-16,168747.0,168747.0,11,-7607.148509399733,-0.00409349187032515,10,time
078930,2017-04-26,2017-05-16,60000.0,64800.0,32,145278.63552,0.07557902878004863,10,time
005940,2017-04-27,2017-05-17,13500.0,14000.0,136,60275.23740000022,0.0327919343566998,10,time
031980,2017-05-16,2017-05-22,13349.0,15351.349999999999,150,291261.01504237484,0.14529248434912567,4,target
066570,2017-05-10,2017-05-24,77100.0,82300.0,24,116848.77407999965,0.06307529985826466,10,time
131970,2017-05-16,2017-05-25,8805.0,9233.0,227,88678.3634771998,0.044316273658294714,7,time
006400,2017-05-16,2017-05-25,150771.0,153218.0,13,23684.65332285012,0.012069982706306215,7,time
009830,2017-05-17,2017-05-26,34888.0,35372.0,55,18677.73282099981,0.00972268417687605,7,time
010140,2017-05-26,2017-05-29,10495.0,10180.15,187,-66746.36169055267,-0.03397068711421569,1,stop
005290,2017-05-22,2017-05-31,11850.0,13600.0,196,332470.33953,0.1429813089083185,7,time
078600,2017-05-31,2017-06-01,5910.0,5732.7,459,-92257.93178536464,-0.03397068711421547,1,stop
012330,2017-05-24,2017-06-02,274500.0,270500.0,7,-35792.14589999989,-0.018605790713744907,7,time
214450,2017-05-25,2017-06-05,39150.0,40450.0,52,59057.59626000002,0.028976200609076352,7,time
141080,2017-05-25,2017-06-05,16189.0,17416.0,127,146943.6968219499,0.07138845793973769,7,time
222800,2017-06-01,2017-06-05,10370.0,10058.9,252,-88875.66130253999,-0.03397068711421558,2,stop
207940,2017-05-29,2017-06-07,306175.0,352101.25,6,267216.54440212506,0.1452924843491259,6,target
240810,2017-06-05,2017-06-07,31550.0,30603.5,72,-77256.56740859989,-0.03397068711421558,1,stop
145020,2017-06-05,2017-06-07,173917.0,168699.49,13,-76893.37719757855,-0.03397068711421558,1,stop
087010,2017-06-07,2017-06-08,21425.0,20782.25,102,-74323.22573797451,-0.03397068711421536,1,stop
035720,2017-06-08,2017-06-12,21837.0,21181.89,99,-73524.43854008568,-0.03397068711421569,2,stop
000990,2017-06-12,2017-06-13,22500.0,21825.0,93,-71165.4196612502,-0.03397068711421569,1,stop
036930,2017-06-02,2017-06-14,12000.0,12450.0,157,62720.711467499845,0.03325300218453742,7,time
010170,2017-06-13,2017-06-15,2520.0,2444.4,808,-69249.30986735993,-0.03397068711421558,2,stop
005290,2017-06-14,2017-06-15,15150.0,14695.5,128,-65951.72368319985,-0.03397068711421547,1,stop
000250,2017-06-07,2017-06-16,15500.0,15750.0,141,26189.465137500316,0.011969516325314622,7,time
034220,2017-06-07,2017-06-16,31749.0,34569.0,69,185028.51955679944,0.08436461241408288,7,time
141080,2017-06-08,2017-06-19,17616.0,18267.0,122,70380.2052465002,0.03271027384223246,7,time
010140,2017-06-15,2017-06-20,11242.0,10904.74,171,-65379.747564747,-0.03397068711421558,3,stop
039030,2017-06-15,2017-06-21,97400.0,94478.0,19,-62938.45908010006,-0.03397068711421558,4,stop
078600,2017-06-20,2017-06-21,6300.0,6111.0,339,-72634.64122845023,-0.03397068711421569,1,stop
009150,2017-06-20,2017-06-21,95400.0,92538.0,22,-71379.68113980023,-0.03397068711421569,1,stop
066970,2017-06-20,2017-06-21,19978.0,19378.66,106,-72021.37726317765,-0.03397068711421547,1,stop
086520,2017-06-16,2017-06-27,2373.0,2640.0,982,251871.06089309976,0.1079617283869958,7,time
131290,2017-06-27,2017-06-28,14150.0,13725.5,164,-78923.0455751,-0.03397068711421558,1,stop
006400,2017-06-27,2017-06-29,169861.0,164765.16999999998,13,-75100.11065139109,-0.0339706871142158,2,stop
068270,2017-06-21,2017-06-30,89901.0,90453.0,22,4002.688760400284,0.0020214611612048294,7,time
009150,2017-06-23,2017-07-03,101500.0,98455.0,19,-65587.81926725013,-0.03397068711421569,6,stop
064760,2017-06-29,2017-07-03,43300.0,42001.0,49,-72158.50460944977,-0.03397068711421547,2,stop
078600,2017-06-23,2017-07-04,6380.0,6480.0,313,23023.86652700021,0.011516328006315524,7,time
145020,2017-07-04,2017-07-05,198265.0,192317.05,9,-60686.502921022475,-0.03397068711421558,1,stop
218410,2017-07-05,2017-07-06,11242.0,10904.74,173,-66144.42297486076,-0.03397068711421547,1,stop
018260,2017-06-28,2017-07-07,181500.0,188500.0,13,81062.0245500002,0.0343161255231057,7,time
083650,2017-06-30,2017-07-10,7370.0,8475.5,272,291594.1175092,0.1452924843491259,6,target
064760,2017-07-10,2017-07-11,49700.0,48209.0,43,-72682.25489034993,-0.03397068711421558,1,stop
047040,2017-07-04,2017-07-13,7810.0,7575.7,253,-67200.90211290517,-0.03397068711421569,7,stop
064760,2017-07-13,2017-07-17,52200.0,50634.0,39,-69237.06635430013,-0.03397068711421569,2,stop
003670,2017-07-12,2017-07-21,14964.0,17208.6,141,306908.6852459698,0.14529248434912567,7,target
066970,2017-07-14,2017-07-24,22158.0,25481.699999999997,94,302970.80315780966,0.14529248434912567,6,target
036930,2017-07-24,2017-07-25,17600.0,17072.0,135,-80807.18619599985,-0.03397068711421547,1,stop
031980,2017-07-17,2017-07-26,17968.0,18265.0,113,25141.140785149997,0.012368230798558866,7,time
051910,2017-07-17,2017-07-26,322000.0,326500.0,6,19002.680249999976,0.009824456224654554,7,time
086520,2017-07-25,2017-07-26,4081.0,3958.5699999999997,565,-78418.51080775214,-0.03397068711421547,1,stop
005290,2017-07-18,2017-07-27,16700.0,17000.0,130,29987.833850000054,0.013797044203860409,7,time
078600,2017-07-26,2017-07-27,8570.0,8312.9,242,-70534.19854349038,-0.0339706871142158,1,stop
010170,2017-07-21,2017-07-31,3153.0,3058.41,769,-82461.99901533453,-0.03397068711421558,6,stop
003670,2017-07-26,2017-07-31,18786.0,18222.42,110,-70279.80554990983,-0.03397068711421547,3,stop
095340,2017-07-28,2017-07-31,26097.0,25314.09,81,-71891.7660735345,-0.03397068711421558,1,stop
035720,2017-08-01,2017-08-02,24385.0,23653.45,87,-72151.53260895773,-0.03397068711421569,1,stop
003230,2017-08-02,2017-08-03,52700.0,51119.0,39,-69900.25664505013,-0.03397068711421569,1,stop
000150,2017-08-02,2017-08-03,101617.0,98568.48999999999,20,-69119.39258989017,-0.03397068711421569,1,stop
010950,2017-07-27,2017-08-04,115000.0,111550.0,18,-70400.20009499998,-0.03397068711421558,6,stop
087010,2017-08-08,2017-08-09,21770.0,21116.899999999998,95,-70337.28204177506,-0.03397068711421558,1,stop
267270,2017-08-02,2017-08-10,94230.0,91403.09999999999,22,-70504.26995601016,-0.03397068711421569,6,stop
267250,2017-08-04,2017-08-10,94300.0,91471.0,21,-67349.5247575501,-0.03397068711421558,4,stop
066970,2017-08-16,2017-08-24,27443.0,32931.6,73,391276.5274024098,0.19508780975560946,6,target
055550,2017-08-11,2017-08-28,53800.0,53400.0,37,-22914.245779999997,-0.011498001224449328,10,time
009830,2017-08-16,2017-08-30,43171.0,42326.0,46,-46893.8853376999,-0.02358669331040253,10,time
131290,2017-08-18,2017-09-01,15550.0,16550.0,131,122265.56713999994,0.05995194273608462,10,time
003670,2017-09-01,2017-09-05,30932.0,28766.76,72,-164564.8046364959,-0.07380694743940253,2,stop
051910,2017-08-23,2017-09-06,365000.0,372000.0,5,27417.60325000016,0.015006084997915003,10,time
031980,2017-08-24,2017-09-07,19917.0,21062.0,131,138860.08296884922,0.053159756701671945,10,time
007660,2017-09-06,2017-09-08,4714.0,4384.0199999999995,418,-145600.3170150984,-0.07380694743940275,2,stop
010170,2017-08-28,2017-09-11,3626.0,3659.0,547,9869.324709050125,0.004970191187666728,10,time
010950,2017-08-30,2017-09-13,123000.0,122000.0,15,-22516.95824999991,-0.012190292749428289,10,time
035720,2017-09-06,2017-09-20,25289.0,28602.0,77,246368.7172523504,0.12637581341788762,10,time
086520,2017-09-12,2017-09-20,4729.0,4397.969999999999,455,-158992.69513786794,-0.07380694743940275,6,stop
031980,2017-09-13,2017-09-20,22163.0,20611.59,83,-135926.1761050087,-0.07380694743940264,5,stop
066970,2017-09-12,2017-09-21,38800.0,36084.0,55,-157685.17909099977,-0.07380694743940241,7,stop
005290,2017-09-08,2017-09-22,19200.0,18700.0,119,-68688.15838500019,-0.030028557186202343,10,time
068270,2017-09-20,2017-10-12,110176.0,121966.0,17,192163.22652409994,0.10247906232340886,10,time
078600,2017-09-22,2017-10-16,8650.0,8370.0,237,-74565.88231200003,-0.03633092797163273,10,time
240810,2017-10-12,2017-10-16,36900.0,34317.0,63,-171776.35231155064,-0.07380694743940286,2,stop
005930,2017-09-25,2017-10-17,52999.0,54800.0,38,59982.622285699705,0.029749177258177717,10,time
068270,2017-10-16,2017-10-18,136503.0,163803.6,15,399910.4980735502,0.1950878097556097,2,target
098460,2017-09-27,2017-10-19,13340.0,14260.0,155,133705.7599300004,0.06458971558689375,10,time
034730,2017-10-11,2017-10-25,298000.0,298500.0,6,-4336.425749999937,-0.0024225077962822805,10,time
010130,2017-10-17,2017-10-26,541000.0,503129.99999999994,3,-119926.45063950005,-0.07380694743940264,7,stop
028300,2017-10-25,2017-10-26,10942.0,10176.06,170,-137449.16074711015,-0.07380694743940264,1,stop
066570,2017-10-20,2017-11-03,96500.0,92000.0,24,-117173.04179999977,-0.05053472800072456,10,time
018260,2017-10-23,2017-11-06,197500.0,212000.0,12,163774.3053000006,0.06902369480248649,10,time
042700,2017-10-23,2017-11-06,4820.0,4825.0,508,-7502.176638999954,-0.0030603938328463975,10,time
005290,2017-10-30,2017-11-13,20950.0,21850.0,77,62484.688804999925,0.038690081271283594,10,time
098460,2017-11-01,2017-11-15,15380.0,16300.0,105,89697.03518999997,0.055479589240162275,10,time
064760,2017-11-03,2017-11-16,56700.0,68040.0,38,420819.6445740005,0.1950878097556099,9,target
028300,2017-11-15,2017-11-16,14585.0,16772.75,117,248218.79432366253,0.1452924843491259,1,target
078600,2017-11-16,2017-11-17,9390.0,10798.5,241,329173.6032315749,0.1452924843491259,1,target
058470,2017-11-06,2017-11-20,10731.0,11973.0,234,279480.4126218003,0.11117217611001728,10,time
010120,2017-11-06,2017-11-20,12200.0,12300.0,205,10189.966775000561,0.0040696762290983735,10,time
003670,2017-11-17,2017-11-21,34571.0,33533.87,77,-90532.85480496893,-0.03397068711421536,2,stop
028300,2017-11-20,2017-11-21,15618.0,17960.699999999997,170,386203.94566304935,0.14529248434912567,1,target
078600,2017-11-20,2017-11-21,11550.0,13282.499999999998,230,386413.4074762501,0.1452924843491259,1,target
141080,2017-11-13,2017-11-22,16790.0,17966.0,100,110372.43151999987,0.06566148451803056,7,time
082740,2017-11-21,2017-11-22,2859.0,2773.23,1011,-98303.47244656645,-0.03397068711421558,1,stop
131290,2017-11-21,2017-11-22,18650.0,18090.5,155,-98313.70938387467,-0.03397068711421547,1,stop
196170,2017-11-21,2017-11-23,5520.0,6347.999999999999,523,419936.0251637995,0.14529248434912567,2,target
078600,2017-11-23,2017-11-24,14100.0,13677.0,189,-90632.60542665003,-0.03397068711421558,1,stop
064760,2017-11-23,2017-11-24,74500.0,72265.0,35,-88680.44528874941,-0.03397068711421536,1,stop
066970,2017-11-23,2017-11-24,44270.0,42941.9,60,-90336.72052770015,-0.03397068711421569,1,stop
068270,2017-11-16,2017-11-27,167152.0,167468.0,13,-4809.40083259996,-0.002210735716830392,7,time
042700,2017-11-23,2017-11-27,6450.0,6256.5,414,-90816.25812254986,-0.03397068711421558,2,stop
214150,2017-11-24,2017-11-27,4000.0,3880.0,645,-87745.17692999961,-0.03397068711421547,1,stop
067310,2017-11-24,2017-11-27,4504.0,4368.88,573,-87772.1126587321,-0.03397068711421558,1,stop
078600,2017-11-27,2017-11-28,14000.0,13580.0,173,-82371.63508699974,-0.03397068711421547,1,stop
263750,2017-11-27,2017-11-28,39180.0,38004.6,62,-82615.14495786,-0.03397068711421558,1,stop
095340,2017-11-27,2017-11-28,21571.0,20923.87,112,-82165.9440675918,-0.03397068711421547,1,stop
003230,2017-11-27,2017-11-29,71500.0,69355.0,34,-82677.72291349946,-0.03397068711421536,2,stop
131970,2017-11-28,2017-11-29,8151.0,7906.469999999999,288,-79837.49996164814,-0.03397068711421569,1,stop
145020,2017-11-30,2017-12-01,166926.0,161918.22,13,-73802.46831582254,-0.03397068711421536,1,stop
010170,2017-11-24,2017-12-04,3506.0,4031.8999999999996,736,375346.25984048005,0.1452924843491259,6,target
003230,2017-12-01,2017-12-05,71800.0,82570.0,32,334207.95972799975,0.14529248434912567,2,target
028300,2017-12-04,2017-12-05,16314.0,15824.58,155,-85999.45602619508,-0.03397068711421558,1,stop
196170,2017-12-05,2017-12-06,6682.0,6481.54,379,-86128.96518656285,-0.03397068711421558,1,stop
028050,2017-12-05,2017-12-06,14050.0,13628.5,180,-86010.67924650013,-0.03397068711421569,1,stop
087010,2017-11-30,2017-12-07,28152.0,27307.44,82,-78510.30314594414,-0.03397068711421569,5,stop
034020,2017-12-06,2017-12-07,13425.0,13022.25,185,-84467.48645456228,-0.03397068711421547,1,stop
010170,2017-12-07,2017-12-08,4407.0,4274.79,550,-82434.55314022489,-0.03397068711421558,1,stop
000250,2017-12-08,2017-12-11,14600.0,14162.0,164,-81432.96575239999,-0.03397068711421558,1,stop
078600,2017-12-14,2017-12-15,14400.0,13968.0,166,-81296.92671840033,-0.03397068711421569,1,stop
080220,2017-12-15,2017-12-18,4725.0,4583.25,502,-80669.44667407451,-0.03397068711421536,1,stop
064760,2017-12-18,2017-12-19,72400.0,70228.0,32,-78793.80849280022,-0.03397068711421569,1,stop
066570,2017-12-18,2017-12-19,106500.0,103305.0,22,-79684.8641654998,-0.03397068711421547,1,stop
010170,2017-12-18,2017-12-19,4761.0,4618.17,494,-79988.70734793926,-0.03397068711421569,1,stop
058610,2017-12-15,2017-12-27,6230.0,6550.0,381,111832.96327799931,0.04706061448625465,7,time
010120,2017-12-19,2018-01-05,12940.0,13420.0,177,75323.09835600015,0.0328489442890445,10,time
010170,2017-12-28,2018-01-08,5352.0,6422.4,441,460982.08082807995,0.19508780975560946,5,target
039030,2017-12-28,2018-01-09,105000.0,97650.0,22,-170690.14231499983,-0.07380694743940253,6,stop
024110,2017-12-22,2018-01-10,16800.0,16900.0,136,4196.339159999508,0.0018345230590177675,10,time
000250,2018-01-08,2018-01-11,20700.0,24840.0,136,549842.8772879997,0.19508780975560946,3,target
068270,2018-01-09,2018-01-12,243650.0,292380.0,8,380702.5207479999,0.19508780975560946,3,target
141080,2017-12-28,2018-01-15,20268.0,22170.0,116,210346.3369908007,0.08936487493758105,10,time
028050,2018-01-11,2018-01-17,15450.0,14368.499999999998,220,-251158.35226349998,-0.07380694743940253,4,stop
068270,2018-01-15,2018-01-17,275311.0,256039.22999999998,9,-183089.11858786317,-0.07380694743940241,2,stop
028300,2018-01-05,2018-01-19,18666.0,22399.2,130,473940.6540102004,0.1950878097556097,10,target
141080,2018-01-19,2018-01-22,30227.0,28111.109999999997,96,-214418.74002100853,-0.07380694743940275,1,stop
214150,2018-01-18,2018-01-23,5970.0,7164.0,466,543362.4188238,0.1950878097556097,3,target
003550,2018-01-10,2018-01-24,87948.0,88137.0,28,-4815.598901399877,-0.0019532916379548793,10,time
003670,2018-01-12,2018-01-26,39574.0,44944.0,58,301135.2346725995,0.1310461945059911,10,time
000250,2018-01-24,2018-01-29,32300.0,38760.0,76,479452.3640119997,0.19508780975560946,3,target
086520,2018-01-17,2018-01-31,5477.0,5093.61,507,-205185.73337482382,-0.07380694743940264,10,stop
058610,2018-01-22,2018-02-05,8800.0,8183.999999999999,305,-198325.6891660001,-0.07380694743940264,10,stop
214370,2018-01-23,2018-02-05,14880.0,13838.4,223,-245190.8475477607,-0.07380694743940275,9,stop
034730,2018-01-29,2018-02-05,327000.0,304110.0,9,-217463.67481949972,-0.07380694743940253,5,stop
028050,2018-01-26,2018-02-06,16850.0,15670.499999999998,154,-191741.92653385038,-0.07380694743940275,7,stop
042660,2018-01-31,2018-02-06,20655.0,19209.149999999998,124,-189253.24948053015,-0.07380694743940264,4,stop
218410,2018-02-08,2018-02-09,16683.0,18351.300000000003,156,248821.7936232607,0.09549715894264232,1,target
263750,2018-02-08,2018-02-12,44760.0,49236.00000000001,58,248203.40757960035,0.09549715894264232,2,target
028300,2018-02-09,2018-02-13,15718.0,15246.46,170,-90876.11529750982,-0.03397068711421547,2,stop
214150,2018-02-13,2018-02-20,5510.0,5690.0,489,76718.36354100006,0.028440659030462667,3,time
214150,2018-02-23,2018-02-26,5560.0,5393.2,487,-92088.90328562027,-0.03397068711421569,1,stop
028050,2018-03-13,2018-03-14,18150.0,16879.5,148,-198488.2512062993,-0.0738069474394023,1,stop
098460,2018-03-14,2018-03-19,19640.0,18265.199999999997,135,-195916.81529610045,-0.07380694743940275,3,stop
031980,2018-03-14,2018-03-20,24833.0,23094.69,106,-194505.33343527745,-0.07380694743940275,4,stop
000660,2018-03-14,2018-03-23,89300.0,83049.0,29,-191357.68898404995,-0.07380694743940253,7,stop
066570,2018-03-14,2018-03-28,112500.0,109000.0,23,-90866.7744749994,-0.03507724990102612,10,time
064760,2018-03-14,2018-03-28,78600.0,82100.0,33,104529.58906499948,0.04025349004384582,10,time
082740,2018-03-19,2018-04-02,3132.0,3063.0,852,-69550.58920140006,-0.026033960919159216,10,time
207940,2018-03-23,2018-04-06,680714.0,754894.0,3,213514.8346086,0.10443423750362513,10,time
028300,2018-04-02,2018-04-06,28415.0,34098.0,93,516131.0167330499,0.19508780975560946,4,target
098460,2018-03-28,2018-04-11,19860.0,19280.0,134,-88397.17132200021,-0.03317837478649921,10,time
207940,2018-04-11,2018-04-13,853803.0,794036.7899999999,3,-189267.21503762854,-0.07380694743940264,2,stop
009150,2018-04-16,2018-04-30,119500.0,118500.0,21,-31222.523849999532,-0.01242743754505049,10,time
010120,2018-05-03,2018-05-08,15380.0,14303.4,170,-193197.59571290016,-0.07380694743940264,2,stop
196170,2018-05-09,2018-05-11,9011.0,9912.1,283,243808.64084043447,0.09549715894264188,2,target
218410,2018-05-15,2018-05-16,24977.0,23228.609999999997,106,-195633.21842761338,-0.07380694743940275,1,stop
082740,2018-05-02,2018-05-17,3499.0,3845.0,746,246657.7181834001,0.09438711739314076,10,time
000500,2018-05-02,2018-05-17,23110.0,23524.0,112,35623.85179359978,0.01374749879889503,10,time
001440,2018-05-16,2018-05-23,15379.0,14302.47,160,-181821.20856535994,-0.07380694743940253,4,stop
196170,2018-05-18,2018-05-24,8621.0,9081.0,318,134613.63410639996,0.0490461663757773,3,time
071050,2018-05-14,2018-05-29,96000.0,98100.0,27,45910.31116500031,0.017691962995011412,10,time
028050,2018-05-15,2018-05-30,19300.0,17949.0,137,-195377.40488965018,-0.07380694743940264,10,stop
000720,2018-05-29,2018-05-30,76572.0,71211.95999999999,35,-198031.59965672996,-0.07380694743940253,1,stop
078600,2018-05-29,2018-05-30,23000.0,21390.0,116,-197143.41978199966,-0.07380694743940241,1,stop
032820,2018-06-01,2018-06-04,2505.0,2429.85,989,-84257.30614703242,-0.03397068711421558,1,stop
083650,2018-05-31,2018-06-05,5470.0,5305.9,452,-84087.08730574045,-0.0339706871142158,3,stop
003230,2018-05-23,2018-06-07,104500.0,111500.0,24,157226.44200000027,0.06261794886563377,10,time
000660,2018-05-24,2018-06-08,95300.0,88629.0,28,-197172.97651660023,-0.07380694743940264,10,stop
083650,2018-06-07,2018-06-11,5390.0,5228.3,460,-84323.79522489989,-0.03397068711421558,2,stop
032820,2018-06-07,2018-06-12,2290.0,2519.0,1084,237330.9801082001,0.0954971589426421,3,target
001440,2018-06-11,2018-06-14,13817.0,13402.49,177,-83174.57147542667,-0.03397068711421569,2,stop
131970,2018-05-30,2018-06-15,11547.0,13208.0,214,344279.2139396998,0.13916455870587519,10,time
028300,2018-06-12,2018-06-15,40199.0,38993.03,63,-86130.97176231397,-0.03397068711421536,2,stop
028300,2018-06-18,2018-06-19,40837.0,39611.89,62,-86109.10348759918,-0.03397068711421569,1,stop
032820,2018-06-19,2018-06-20,2110.0,2046.7,1197,-85897.42675069533,-0.03397068711421569,1,stop
000720,2018-06-19,2018-06-20,61005.0,59174.85,41,-85065.37800899288,-0.03397068711421569,1,stop
064350,2018-06-20,2018-06-22,31100.0,30167.0,80,-84616.27914800029,-0.03397068711421569,2,stop
032820,2018-06-22,2018-06-25,2075.0,2012.75,1192,-84119.73667390039,-0.03397068711421569,1,stop
000720,2018-06-22,2018-06-27,59254.0,57476.38,41,-82623.78343651956,-0.0339706871142158,3,stop
028300,2018-10-10,2018-10-11,38369.0,37217.93,63,-82209.98670484917,-0.03397068711421547,1,stop
087010,2018-10-15,2018-10-16,25019.0,24268.43,96,-81685.45419950364,-0.03397068711421547,1,stop
196170,2018-10-16,2018-10-19,8649.0,9136.0,278,125133.07306229975,0.05198310304922038,3,time
007660,2018-10-29,2018-10-30,4548.0,4411.5599999999995,535,-82751.86418703012,-0.03397068711421558,1,stop
083650,2018-12-20,2018-12-21,3590.0,3482.2999999999997,673,-82169.95721909543,-0.0339706871142158,1,stop
083650,2018-12-24,2018-12-26,3400.0,3298.0,706,-81637.02430340042,-0.0339706871142158,1,stop
083650,2018-12-28,2019-01-04,3240.0,3315.0,736,45264.53599200025,0.018959899521565404,3,time
083650,2019-01-07,2019-01-09,3325.0,3657.5000000000005,720,228883.14603000088,0.09549715894264255,2,target
032820,2019-03-05,2019-03-08,1285.0,1246.45,1898,-82947.42029840546,-0.0339706871142158,3,stop
178320,2019-04-16,2019-04-22,11739.0,10917.269999999999,206,-178687.75134674134,-0.07380694743940275,4,stop
003490,2019-04-16,2019-04-23,23699.0,22040.07,102,-178618.58858777722,-0.07380694743940264,5,stop
131970,2019-04-24,2019-04-26,20931.0,19465.829999999998,111,-171675.9333057464,-0.07380694743940253,2,stop
000270,2019-04-17,2019-05-02,42050.0,44900.0,57,152148.31860749982,0.0634055223548724,10,time
218410,2019-04-26,2019-05-14,30197.0,33417.0,76,234593.29895359976,0.10210311561311824,10,time
178320,2019-05-02,2019-05-15,12215.0,14658.0,193,460447.5113640502,0.1950878097556097,8,target
028300,2019-12-02,2019-12-03,46050.0,44668.5,54,-84572.06646195007,-0.03397068711421558,1,stop
131290,2019-12-13,2019-12-16,13550.0,12601.5,182,-182224.6579926503,-0.07380694743940275,1,stop
058470,2019-12-13,2019-12-30,12574.0,12874.0,196,48526.624367200304,0.019667598668795305,10,time
011070,2019-12-13,2019-12-30,135500.0,140000.0,18,70765.69815000007,0.028980894008519886,10,time
098460,2019-12-13,2019-12-30,20800.0,21100.0,118,25237.016950000077,0.01027054430462182,10,time
028050,2019-12-13,2019-12-30,19650.0,19200.0,125,-66150.37593749957,-0.02690051114047043,10,time
000660,2019-12-16,2020-01-02,87200.0,94700.0,26,185133.6912100003,0.08156360458578216,10,time
000990,2019-12-30,2020-01-15,28200.0,28800.0,88,42474.24984000018,0.01709600830264657,10,time
039030,2019-12-30,2020-01-15,101400.0,109300.0,24,179067.67020000005,0.0734968573823811,10,time
207940,2019-12-30,2020-01-15,625442.0,631987.0,3,11887.555825049989,0.006328270812239412,10,time
131290,2020-01-07,2020-01-15,15750.0,14647.499999999998,179,-208319.5600526249,-0.07380694743940253,6,stop
064350,2020-01-15,2020-01-16,17150.0,16635.5,140,-81657.4301585001,-0.03397068711421558,1,stop
263750,2020-01-15,2020-01-16,39480.0,38295.6,61,-81905.02120037982,-0.03397068711421547,1,stop
095340,2020-01-16,2020-01-17,11100.0,12764.999999999998,212,342295.51307099964,0.14529248434912567,1,target
214450,2020-01-17,2020-01-20,40100.0,38897.0,63,-85918.85289855022,-0.03397068711421569,1,stop
100790,2020-01-17,2020-01-20,3236.0,3138.92,781,-85953.40681318566,-0.03397068711421547,1,stop
131970,2020-01-07,2020-01-21,28428.0,31196.0,99,261690.28063200042,0.09287672110642098,10,time
095340,2020-01-20,2020-01-21,13650.0,13240.5,179,-83097.7434309749,-0.03397068711421558,1,stop
006400,2020-01-15,2020-01-28,262870.0,279024.0,9,135261.75029670028,0.05710738206860566,7,time
078600,2020-01-15,2020-01-28,19300.0,18721.0,124,-81392.15404219972,-0.03397068711421547,7,stop
095340,2020-01-23,2020-01-28,13050.0,12658.5,201,-89209.29703342542,-0.03397068711421569,1,stop
005290,2020-01-23,2020-01-28,19550.0,18963.5,134,-89095.36434245016,-0.03397068711421569,1,stop
086280,2020-01-28,2020-01-29,77280.0,74961.59999999999,32,-84104.77238016017,-0.03397068711421569,1,stop
131970,2020-01-29,2020-01-30,35020.0,33969.4,77,-91708.67418558989,-0.03397068711421558,1,stop
003670,2020-01-28,2020-02-03,52767.0,51183.99,47,-84345.86755816638,-0.03397068711421558,4,stop
005380,2020-01-28,2020-02-03,127000.0,123190.0,19,-82065.54726049956,-0.03397068711421536,4,stop
207940,2020-01-28,2020-02-06,693805.0,754894.0,3,174196.66476764996,0.08359531503526574,7,time
237690,2020-02-05,2020-02-06,31800.0,29573.999999999996,77,-180931.55085390015,-0.07380694743940264,1,stop
196170,2020-02-06,2020-02-07,22945.0,27534.0,105,470551.0109527502,0.1950878097556097,1,target
247540,2020-02-10,2020-02-11,18333.0,21999.6,141,504872.8314770693,0.19508780975560924,1,target
058470,2020-01-30,2020-02-13,16519.0,16619.0,162,5185.138730400242,0.0019353628311074011,10,time
006400,2020-02-05,2020-02-19,314269.0,326997.0,7,79817.78002660023,0.036241056034413965,10,time
222800,2020-02-07,2020-02-21,13509.0,13082.0,191,-91890.81939195003,-0.03557265975628077,10,time
196170,2020-02-10,2020-02-24,25448.0,25783.0,101,23201.86237464985,0.009016720335877082,10,time
003550,2020-02-13,2020-02-24,75289.0,70018.76999999999,39,-216966.4566516918,-0.07380694743940264,7,stop
247540,2020-02-21,2020-02-24,22212.0,20657.16,113,-185465.25837419415,-0.07380694743940264,1,stop
051910,2020-02-12,2020-02-26,408500.0,395000.0,7,-105940.212175,-0.03700594685135494,10,time
180640,2020-02-19,2020-02-26,48900.0,58680.0,46,439335.2401859998,0.19508780975560946,5,target
086520,2020-03-02,2020-03-05,2932.0,3225.2000000000003,892,250045.1807312807,0.09549715894264232,3,target
003670,2020-03-02,2020-03-05,50494.0,54315.0,51,183742.85049765045,0.07126910106276574,3,time
196170,2020-03-13,2020-03-16,20275.0,19666.75,133,-91709.86452713748,-0.03397068711421558,1,stop
247540,2020-03-17,2020-03-18,16678.0,16177.66,161,-91321.57511434332,-0.03397068711421569,1,stop
222800,2020-06-16,2020-06-19,10500.0,11450.0,254,229658.7361349999,0.08601233505569272,3,time
108490,2020-06-16,2020-06-19,11685.0,12026.0,228,66600.45253260015,0.024969761811507674,3,time
095340,2020-06-16,2020-06-19,15200.0,16350.0,175,189755.49293750012,0.07125469788948569,3,time
319660,2020-06-16,2020-06-19,11100.0,12210.000000000002,240,254697.03468000097,0.09549715894264255,3,target
240810,2020-06-16,2020-06-19,31850.0,33100.0,83,92610.34320250014,0.03499232085061954,3,time
087010,2020-07-01,2020-07-02,17875.0,17338.75,158,-96052.06044362485,-0.03397068711421558,1,stop
237690,2020-07-08,2020-07-10,50900.0,49373.0,55,-95210.31892075017,-0.03397068711421569,2,stop
035720,2020-07-08,2020-07-10,62623.0,72016.45,44,400801.10668961005,0.1452924843491259,2,target
353200,2020-07-08,2020-07-13,8720.0,8458.4,322,-95493.96030664025,-0.03397068711421569,3,stop
007660,2020-07-10,2020-07-13,3489.0,3384.33,853,-101217.02043774445,-0.03397068711421558,1,stop
036930,2020-07-13,2020-07-14,7890.0,7653.3,355,-95259.63307057461,-0.03397068711421547,1,stop
247540,2020-07-08,2020-07-15,33380.0,32378.6,84,-95360.6420533196,-0.03397068711421547,5,stop
005290,2020-07-13,2020-07-15,30650.0,29730.5,91,-94858.3179202755,-0.0339706871142158,2,stop
336260,2020-07-14,2020-07-15,40867.0,39640.99,66,-91731.86884088675,-0.03397068711421547,1,stop
042700,2020-07-15,2020-07-16,4650.0,4510.5,576,-91091.73716640053,-0.0339706871142158,1,stop
043260,2020-07-08,2020-07-17,697.0,744.0,4039,177736.17985374946,0.06306232718576443,7,time
095340,2020-07-16,2020-07-17,20800.0,20176.0,126,-89132.77507680003,-0.03397068711421558,1,stop
180640,2020-07-15,2020-07-20,97700.0,94769.0,27,-89714.34194714995,-0.03397068711421558,3,stop
009830,2020-07-10,2020-07-21,27390.0,31498.499999999996,108,430286.9297660999,0.1452924843491259,7,target
007660,2020-07-15,2020-07-21,3502.0,4027.2999999999997,764,389181.2126023397,0.14529248434912567,4,target
021240,2020-07-21,2020-07-22,81400.0,78958.0,39,-107967.37933409959,-0.03397068711421547,1,stop
000250,2020-07-21,2020-07-23,41600.0,47839.99999999999,77,465936.1666959999,0.1452924843491259,2,target
005380,2020-07-17,2020-07-24,109500.0,125924.99999999999,25,398195.63446874963,0.14529248434912567,5,target
222800,2020-07-20,2020-07-24,15750.0,15277.5,167,-89454.16729462473,-0.03397068711421547,4,stop
298040,2020-07-22,2020-07-24,37700.0,43355.0,83,455157.6108917496,0.14529248434912567,2,target
001440,2020-07-23,2020-07-24,7230.0,8314.5,510,536353.1554252496,0.14529248434912567,1,target
196170,2020-07-24,2020-07-27,101317.0,98277.48999999999,33,-113710.3011641684,-0.03397068711421558,1,stop
078600,2020-07-24,2020-07-27,41900.0,40643.0,80,-114000.71049199998,-0.03397068711421558,1,stop
010120,2020-07-24,2020-07-27,12320.0,11950.4,273,-114387.06134856027,-0.03397068711421569,1,stop
066570,2020-07-17,2020-07-28,75100.0,72847.0,36,-91948.78308059927,-0.03397068711421536,7,stop
298040,2020-07-27,2020-07-28,42800.0,49219.99999999999,76,473150.9624839993,0.14529248434912567,1,target
000100,2020-07-27,2020-07-28,48376.0,46924.72,67,-110232.15717213228,-0.03397068711421569,1,stop
267260,2020-07-27,2020-07-29,9580.0,11017.0,340,473790.9846910001,0.1452924843491259,2,target
058470,2020-07-28,2020-07-29,28612.0,27753.64,110,-107039.59312221967,-0.03397068711421547,1,stop
131970,2020-07-28,2020-07-29,42819.0,41534.43,74,-107763.52484165132,-0.03397068711421569,1,stop
001440,2020-07-29,2020-07-30,8030.0,7789.099999999999,409,-111697.22954879515,-0.03397068711421558,1,stop
010130,2020-07-29,2020-07-31,433500.0,420495.0,7,-103202.61216824967,-0.03397068711421547,2,stop
100790,2020-07-29,2020-08-03,3636.0,3526.92,905,-111911.83112492925,-0.03397068711421536,3,stop
034020,2020-07-30,2020-08-03,9176.0,8900.72,374,-116715.50545450393,-0.03397068711421558,2,stop
064350,2020-07-31,2020-08-03,18300.0,17751.0,160,-99580.57288799994,-0.03397068711421558,1,stop
226950,2020-07-24,2020-08-04,26774.0,28977.0,125,260847.5298812501,0.07785100792087785,7,time
131290,2020-08-03,2020-08-04,41150.0,39915.5,75,-104962.6171706249,-0.03397068711421558,1,stop
319660,2020-07-28,2020-08-06,15550.0,16300.0,203,138864.57635750016,0.043940584084482204,7,time
066970,2020-08-03,2020-08-07,39769.0,45734.35,78,451213.03766233474,0.14529248434912567,4,target
051910,2020-08-04,2020-08-07,652000.0,749800.0,5,474198.2715499997,0.14529248434912567,3,target
011200,2020-08-03,2020-08-10,5920.0,6807.999999999999,525,452088.41348999925,0.14529248434912567,5,target
298380,2020-08-07,2020-08-10,35850.0,34774.5,103,-125582.73374917544,-0.03397068711421569,1,stop
096770,2020-08-10,2020-08-11,188426.0,182773.22,18,-115349.80959217809,-0.03397068711421558,1,stop
051910,2020-08-10,2020-08-11,747000.0,724590.0,4,-101621.15839799959,-0.03397068711421547,1,stop
267260,2020-08-04,2020-08-12,12200.0,11834.0,271,-112443.06355270045,-0.03397068711421569,6,stop
067310,2020-08-11,2020-08-12,5052.0,4900.44,687,-118038.485060154,-0.03397068711421558,1,stop
071050,2020-08-11,2020-08-12,67100.0,65087.0,51,-116384.79456285015,-0.03397068711421558,1,stop
003670,2020-08-07,2020-08-13,80789.0,92907.34999999999,46,540570.6108501945,0.14529248434912567,4,target
000100,2020-08-12,2020-08-13,57849.0,56113.53,57,-112143.53960959055,-0.03397068711421558,1,stop
032830,2020-08-12,2020-08-13,57000.0,65550.0,57,472598.2160325004,0.1452924843491259,1,target
009830,2020-08-12,2020-08-13,39605.0,38416.85,83,-111797.38828757824,-0.0339706871142158,1,stop
006400,2020-08-06,2020-08-14,457208.0,443491.76,7,-108846.7356498763,-0.03397068711421569,6,stop
086520,2020-08-13,2020-08-14,5718.0,5546.46,629,-122320.24563578656,-0.03397068711421547,1,stop
131290,2020-08-13,2020-08-14,43750.0,42437.5,82,-122010.00861875014,-0.03397068711421558,1,stop
003490,2020-08-13,2020-08-14,15391.0,14929.27,234,-122485.94117919868,-0.03397068711421547,1,stop
105560,2020-08-13,2020-08-18,40050.0,38848.5,89,-121226.083685325,-0.03397068711421558,2,stop
028300,2020-08-14,2020-08-18,45801.0,44426.97,74,-115268.39023032878,-0.03397068711421547,1,stop
007660,2020-08-14,2020-08-18,4294.0,4165.18,789,-115223.90546621056,-0.03397068711421547,1,stop
066570,2020-08-14,2020-08-18,87400.0,84778.0,38,-112953.20993020013,-0.03397068711421558,1,stop
090430,2020-08-14,2020-08-18,194000.0,188180.0,17,-112164.18353299983,-0.03397068711421558,1,stop
267250,2020-08-18,2020-08-19,52300.0,50731.0,63,-112058.75328164967,-0.03397068711421547,1,stop
009540,2020-08-18,2020-08-19,99300.0,96321.0,33,-111446.5776286493,-0.03397068711421536,1,stop
064760,2020-08-20,2020-08-21,109000.0,105730.0,30,-111211.91029499983,-0.03397068711421558,1,stop
007660,2020-08-20,2020-08-21,4146.0,4021.62,790,-111393.52240539016,-0.03397068711421558,1,stop
000990,2020-08-20,2020-08-21,37900.0,36763.0,86,-110851.4068548996,-0.03397068711421547,1,stop
000500,2020-08-20,2020-08-21,15970.0,15490.9,205,-111342.84786522528,-0.03397068711421569,1,stop
237690,2020-08-26,2020-08-27,65800.0,63826.0,48,-107416.42124639964,-0.03397068711421547,1,stop
078600,2020-08-26,2020-08-27,52500.0,50925.0,60,-107130.73927499959,-0.03397068711421547,1,stop
009830,2020-08-26,2020-08-27,42808.0,41523.76,74,-107735.8408982316,-0.03397068711421547,1,stop
214450,2020-08-19,2020-08-28,68400.0,68200.0,47,-22547.181689999998,-0.007005499204037813,7,time
034220,2020-08-25,2020-08-31,14049.0,13627.529999999999,225,-107505.69686246244,-0.03397068711421558,4,stop
051910,2020-08-27,2020-08-31,774000.0,750780.0,3,-78970.65923699923,-0.03397068711421525,2,stop
035720,2020-08-28,2020-08-31,82994.0,80504.18,42,-118549.4476718586,-0.0339706871142158,1,stop
035420,2020-08-28,2020-08-31,337000.0,326890.0,10,-114612.88614500035,-0.03397068711421569,1,stop
034020,2020-08-31,2020-09-01,11969.0,13764.349999999999,252,438733.4773833896,0.14529248434912567,1,target
086280,2020-08-31,2020-09-02,72778.0,70594.66,41,-101481.65036863275,-0.03397068711421547,2,stop
298040,2020-09-02,2020-09-03,49400.0,56809.99999999999,61,438327.93603949994,0.1452924843491259,1,target
178320,2020-08-27,2020-09-04,24430.0,28094.499999999996,125,444197.23059687484,0.1452924843491259,6,target
218410,2020-08-31,2020-09-04,38490.0,37335.299999999996,78,-102104.77716387017,-0.03397068711421569,4,stop
006260,2020-09-01,2020-09-04,45350.0,52152.49999999999,71,468358.06891112495,0.1452924843491259,3,target
034020,2020-09-03,2020-09-04,14894.0,14447.18,232,-117517.59159896802,-0.03397068711421558,1,stop
000500,2020-09-04,2020-09-07,17415.0,20027.25,192,486370.3302504001,0.1452924843491259,1,target
267260,2020-09-04,2020-09-07,12850.0,14777.499999999998,261,487849.65430612443,0.14529248434912567,1,target
006260,2020-09-07,2020-09-08,61900.0,60043.0,62,-130522.65117129963,-0.03397068711421547,1,stop
010120,2020-09-07,2020-09-08,14020.0,13599.4,274,-130647.80708257947,-0.03397068711421547,1,stop
087010,2020-09-04,2020-09-09,20089.0,19486.329999999998,167,-114098.08043058543,-0.03397068711421558,3,stop
336260,2020-09-08,2020-09-09,58675.0,56914.75,63,-125717.92253921274,-0.03397068711421569,1,stop
071050,2020-09-08,2020-09-09,84100.0,81577.0,44,-125849.71035340009,-0.03397068711421558,1,stop
196170,2020-09-01,2020-09-10,112995.0,112884.0,28,-16064.968512600288,-0.005071815003228619,7,time
267260,2020-09-09,2020-09-10,17150.0,19722.5,202,503915.6662977501,0.1452924843491259,1,target
000880,2020-09-09,2020-09-10,31700.0,30749.0,109,-117513.91854505008,-0.03397068711421558,1,stop
009150,2020-09-10,2020-09-11,146500.0,142105.0,23,-114595.88126575015,-0.03397068711421558,1,stop
218410,2020-09-10,2020-09-11,43612.0,42303.64,80,-118658.68701615976,-0.03397068711421547,1,stop
082740,2020-09-11,2020-09-14,4565.0,4428.05,741,-115043.6197364023,-0.03397068711421558,1,stop
272210,2020-09-04,2020-09-15,10952.0,10623.44,306,-113977.31177815143,-0.03397068711421547,7,stop
011200,2020-09-14,2020-09-15,7400.0,7178.0,441,-110987.4458889002,-0.03397068711421569,1,stop
067310,2020-09-11,2020-09-16,6148.0,5963.5599999999995,550,-115000.5973919006,-0.0339706871142158,3,stop
131970,2020-09-15,2020-09-16,49450.0,47966.5,64,-107634.08370080031,-0.03397068711421569,1,stop
087010,2020-09-15,2020-09-16,24052.0,23330.44,132,-107976.35791034438,-0.03397068711421569,1,stop
319660,2020-09-09,2020-09-18,14500.0,15675.0,239,265794.80175875034,0.07660927689190711,7,time
237690,2020-09-17,2020-09-18,75300.0,73041.0,41,-104998.32741705002,-0.03397068711421558,1,stop
226950,2020-09-17,2020-09-18,31529.0,30583.129999999997,99,-106157.07389890403,-0.0339706871142158,1,stop
006260,2020-09-10,2020-09-21,59200.0,57424.0,59,-118789.28448879998,-0.03397068711421558,7,stop
237690,2020-09-21,2020-09-22,76700.0,74399.0,43,-112167.58450885024,-0.03397068711421569,1,stop
066970,2020-09-21,2020-09-22,44145.0,42820.65,74,-111100.69838470453,-0.03397068711421547,1,stop
098460,2020-09-21,2020-09-22,19360.0,18779.2,170,-111932.9171752003,-0.03397068711421569,1,stop
078600,2020-09-21,2020-09-22,50500.0,48985.0,65,-111637.03227624996,-0.03397068711421558,1,stop
000270,2020-09-17,2020-09-23,47200.0,45784.0,66,-105947.19967920007,-0.03397068711421558,4,stop
267270,2020-10-06,2020-10-07,30200.0,29294.0,104,-106817.84949680045,-0.03397068711421569,1,stop
214150,2020-10-08,2020-10-12,13700.0,15754.999999999998,229,456350.3795502498,0.14529248434912567,1,target
226950,2020-10-05,2020-10-14,34031.0,33010.07,92,-106479.5204192414,-0.03397068711421536,6,stop
058610,2020-10-12,2020-10-14,7370.0,7148.9,492,-123320.74471133994,-0.03397068711421558,2,stop
095340,2020-10-08,2020-10-15,20400.0,19788.0,153,-106151.2582302005,-0.03397068711421569,4,stop
357780,2020-10-08,2020-10-15,240100.0,232897.0,13,-106154.65920604998,-0.03397068711421558,4,stop
214150,2020-10-14,2020-10-15,15400.0,14938.0,211,-110511.30926989997,-0.03397068711421558,1,stop
086280,2020-10-14,2020-10-16,84533.0,97212.95,38,467253.1578464946,0.14529248434912567,2,target
003490,2020-10-07,2020-10-19,15158.0,15934.0,207,147299.50210320018,0.04689103447276932,7,time
336260,2020-10-15,2020-10-19,46165.0,44780.049999999996,66,-103623.99307606509,-0.03397068711421558,2,stop
086280,2020-10-20,2020-10-21,85533.0,98362.95,37,460339.0270361928,0.1452924843491259,1,target
145020,2020-10-23,2020-10-26,219900.0,213303.0,15,-112181.18841225049,-0.03397068711421569,1,stop
047050,2020-10-23,2020-10-26,15150.0,14695.5,218,-112324.02939795004,-0.03397068711421558,1,stop
011200,2020-10-26,2020-11-04,8190.0,9828.0,398,636643.5207678,0.1950878097556097,7,target
011200,2020-11-06,2020-11-10,10300.0,12360.0,332,667889.5649240003,0.1950878097556097,2,target
000270,2020-10-28,2020-11-11,52600.0,58100.0,62,326629.6651100004,0.10004121905578134,10,time
003490,2020-11-12,2020-11-18,19539.0,18171.27,190,-274316.7927409648,-0.07380694743940253,4,stop
307950,2020-11-12,2020-11-18,71400.0,85680.0,52,725155.0990320006,0.1950878097556097,4,target
034020,2020-11-10,2020-11-19,15201.0,14136.929999999998,249,-279684.2218524893,-0.07380694743940275,7,stop
131290,2020-11-18,2020-11-19,50000.0,60000.0,79,771483.1505,0.1950878097556097,1,target
006400,2020-11-09,2020-11-23,501264.0,514971.0,6,69673.86572309956,0.023139444280950938,10,time
319660,2020-11-20,2020-11-25,19500.0,18135.0,211,-304027.96127924975,-0.07380694743940253,3,stop
001440,2020-11-23,2020-11-25,11091.0,10314.63,277,-227011.01733815623,-0.07380694743940286,2,stop
000270,2020-11-13,2020-11-27,59000.0,58700.0,63,-34077.29125499958,-0.009157423267594722,10,time
058610,2020-11-19,2020-11-30,7900.0,7346.999999999999,520,-303547.66434200015,-0.07380694743940264,7,stop
226950,2020-11-25,2020-11-30,47644.0,57172.799999999996,69,642076.3246448394,0.19508780975560946,3,target
319400,2020-11-30,2020-12-01,3600.0,3492.0,1076,-131740.2005256,-0.03397068711421558,1,stop
336260,2020-11-30,2020-12-01,49200.0,47724.0,78,-130515.8492196002,-0.03397068711421569,1,stop
042700,2020-11-18,2020-12-02,6300.0,6375.0,627,30698.068128750194,0.00776253798836124,10,time
003670,2020-12-01,2020-12-04,82063.0,94372.45,45,537158.2742697373,0.1452924843491259,3,target
319400,2020-12-03,2020-12-04,3580.0,3472.6,1126,-137096.05729418015,-0.03397068711421558,1,stop
307950,2020-12-04,2020-12-07,95000.0,92150.0,42,-135698.9364149999,-0.03397068711421558,1,stop
267270,2020-11-27,2020-12-08,33050.0,32058.5,114,-128138.56710044993,-0.03397068711421558,7,stop
051910,2020-11-25,2020-12-09,820000.0,836000.0,4,50369.22880000016,0.015338830239522094,10,time
237690,2020-12-07,2020-12-09,111000.0,107670.0,35,-132127.9117724998,-0.03397068711421558,2,stop
068270,2020-12-08,2020-12-09,338225.0,328078.25,10,-115029.5056866249,-0.03397068711421558,1,stop
066970,2020-12-01,2020-12-10,48569.0,52321.0,77,272725.79492620006,0.07284120348067091,7,time
036930,2020-12-09,2020-12-10,8830.0,8565.1,402,-120723.07935710996,-0.03397068711421558,1,stop
000660,2020-12-04,2020-12-15,116000.0,117500.0,35,35706.53537500044,0.008784609527903386,7,time
003670,2020-12-10,2020-12-15,99354.0,96373.37999999999,37,-125023.20520233363,-0.0339706871142158,3,stop
000250,2020-12-10,2020-12-17,67600.0,65572.0,55,-126448.28210299974,-0.03397068711421547,5,stop
141080,2020-12-09,2020-12-18,64800.0,65700.0,54,34116.303330000024,0.009738542964809138,7,time
083650,2020-12-09,2020-12-18,2550.0,2595.0,1392,47908.36342800036,0.013481328861374875,7,time
001440,2020-12-17,2020-12-18,13398.0,12996.06,268,-122117.6154946438,-0.03397068711421558,1,stop
095340,2020-12-15,2020-12-21,24050.0,27657.499999999996,161,563226.8151396243,0.14529248434912567,4,target
042700,2020-12-18,2020-12-21,8400.0,8148.0,421,-120272.10995940026,-0.03397068711421569,1,stop
272210,2020-12-18,2020-12-21,13992.0,13572.24,252,-119917.86431486392,-0.03397068711421558,1,stop
319660,2020-12-18,2020-12-21,21100.0,20467.0,167,-119840.18602645025,-0.03397068711421569,1,stop
015760,2020-12-21,2020-12-22,28600.0,27742.0,128,-124502.92391679995,-0.03397068711421558,1,stop
000250,2020-12-22,2020-12-23,91100.0,88367.0,39,-120833.27097465005,-0.03397068711421558,1,stop
000100,2020-12-22,2020-12-23,66821.0,64816.369999999995,54,-122718.56792733911,-0.03397068711421558,1,stop
336260,2020-12-15,2020-12-24,53700.0,52089.0,72,-131495.3302643993,-0.03397068711421536,7,stop
042700,2020-12-23,2020-12-24,8650.0,8390.5,412,-121203.97734230012,-0.03397068711421558,1,stop
000990,2020-12-23,2020-12-24,39450.0,45367.5,90,516454.28317125,0.1452924843491259,1,target
066570,2020-12-24,2020-12-28,125000.0,121250.0,29,-123285.37456249958,-0.03397068711421547,1,stop
319400,2020-12-24,2020-12-28,4455.0,5123.25,832,539154.7071768004,0.1452924843491259,1,target
011070,2020-12-24,2020-12-28,184500.0,178965.0,20,-125496.00886499975,-0.03397068711421547,1,stop
000990,2020-12-28,2020-12-29,43300.0,49794.99999999999,87,547960.8309067502,0.1452924843491259,1,target
218410,2020-12-22,2021-01-05,41466.0,44637.0,87,260279.27218574984,0.07206575998129283,7,time
000250,2020-12-29,2021-01-05,79800.0,77406.0,49,-132984.9576867004,-0.03397068711421569,3,stop
067310,2021-01-04,2021-01-05,7841.0,7605.7699999999995,500,-133335.25819925033,-0.03397068711421569,1,stop
064760,2020-12-29,2021-01-06,122300.0,118631.0,32,-133100.59086559946,-0.03397068711421547,4,stop
096770,2021-01-05,2021-01-06,224832.0,258556.8,16,523263.5376153602,0.1452924843491259,1,target
011200,2021-01-05,2021-01-06,16300.0,15811.0,234,-129720.02087070001,-0.03397068711421558,1,stop
131970,2021-01-04,2021-01-07,56800.0,55096.0,69,-133291.0455132001,-0.03397068711421558,3,stop
047040,2021-01-06,2021-01-08,5900.0,5723.0,666,-133637.94504989963,-0.03397068711421547,2,stop
058610,2021-01-05,2021-01-11,9330.0,9050.1,409,-129780.2181432452,-0.03397068711421569,4,stop
064350,2021-01-06,2021-01-11,21850.0,21194.5,180,-133760.38018050045,-0.03397068711421569,3,stop
003670,2021-01-07,2021-01-11,126494.0,122699.18,34,-146269.03331776522,-0.03397068711421536,2,stop
034730,2021-01-08,2021-01-11,304000.0,294880.0,12,-124067.59900799999,-0.03397068711421558,1,stop
018260,2021-01-11,2021-01-12,223000.0,216310.0,17,-128930.99447349971,-0.03397068711421547,1,stop
267260,2021-01-11,2021-01-12,20400.0,19788.0,188,-130434.22579920013,-0.03397068711421558,1,stop
051910,2021-01-11,2021-01-12,1012000.0,981640.0,3,-103253.62680599978,-0.03397068711421547,1,stop
009830,2021-01-12,2021-01-13,67720.0,65688.4,56,-128975.88735471992,-0.03397068711421558,1,stop
005380,2021-01-11,2021-01-14,256500.0,248805.0,14,-122129.04277350008,-0.03397068711421558,3,stop
267270,2021-01-12,2021-01-14,37500.0,36375.0,101,-128811.96031874977,-0.03397068711421558,2,stop
353200,2021-01-13,2021-01-14,16000.0,15520.0,231,-125700.06741599971,-0.03397068711421547,1,stop
006400,2021-01-06,2021-01-15,678469.0,721547.0,5,200852.51123149972,0.05913955275987903,7,time
000720,2021-01-12,2021-01-15,43394.0,42092.18,87,-128396.2930503632,-0.03397068711421569,3,stop
086790,2021-01-14,2021-01-15,39900.0,38703.0,89,-120772.0534093501,-0.03397068711421558,1,stop
051910,2021-01-14,2021-01-15,1008000.0,977760.0,3,-102845.50970399985,-0.03397068711421558,1,stop
009150,2021-01-14,2021-01-18,205000.0,198850.0,17,-118524.00837250007,-0.03397068711421558,2,stop
100790,2021-01-15,2021-01-18,5948.0,5769.5599999999995,598,-120969.44604768418,-0.03397068711421558,1,stop
003490,2021-01-15,2021-01-18,26053.0,25271.41,136,-120503.64839526825,-0.03397068711421569,1,stop
036930,2021-01-15,2021-01-19,9210.0,10591.5,386,517117.5789130498,0.1452924843491259,2,target
064760,2021-01-18,2021-01-19,133100.0,129107.0,25,-113167.47140874993,-0.03397068711421558,1,stop
083650,2021-01-19,2021-01-20,3245.0,3147.65,1095,-120846.02463408699,-0.03397068711421547,1,stop
012450,2021-01-19,2021-01-20,40490.0,39275.299999999996,87,-119803.79558485514,-0.03397068711421558,1,stop
145020,2021-01-19,2021-01-20,226100.0,219317.0,15,-115344.09595275018,-0.03397068711421569,1,stop
131290,2021-01-19,2021-01-20,66200.0,64214.0,53,-119326.63867310015,-0.03397068711421558,1,stop
047040,2021-01-20,2021-01-22,6610.0,6411.7,519,-116673.53741251538,-0.03397068711421569,2,stop
098460,2021-01-20,2021-01-22,27000.0,26190.0,127,-116619.46189649962,-0.03397068711421547,2,stop
352820,2021-01-20,2021-01-25,172260.0,198098.99999999997,19,476080.51867694966,0.14529248434912567,3,target
066570,2021-01-22,2021-01-25,183000.0,177510.0,18,-112028.14449900016,-0.03397068711421558,1,stop
086280,2021-01-22,2021-01-25,108292.0,105043.23999999999,31,-114172.52779194247,-0.03397068711421569,1,stop
108490,2021-01-25,2021-01-26,16165.0,18589.75,213,500838.46861841297,0.1452924843491259,1,target
336260,2021-01-25,2021-01-26,62400.0,60528.0,55,-116721.49117199983,-0.03397068711421558,1,stop
043260,2021-01-25,2021-01-27,1710.0,1658.7,2013,-117069.41100145457,-0.03397068711421547,2,stop
058610,2021-01-26,2021-01-27,10500.0,10185.0,346,-123557.45263049938,-0.03397068711421547,1,stop
090430,2021-01-26,2021-01-27,246000.0,238620.0,14,-117129.60827399977,-0.03397068711421547,1,stop
042700,2021-01-19,2021-01-28,10050.0,9748.5,353,-120654.71974252444,-0.03397068711421547,7,stop
011070,2021-01-27,2021-01-28,225500.0,218735.0,15,-115038.00812625,-0.03397068711421558,1,stop
214150,2021-01-27,2021-01-28,17400.0,16878.0,198,-117170.41998420004,-0.03397068711421558,1,stop
100790,2021-01-20,2021-01-29,5671.0,5500.87,605,-116685.9509743671,-0.03397068711421547,7,stop
352820,2021-01-27,2021-01-29,205920.0,199742.4,16,-112052.63152511977,-0.03397068711421547,2,stop
035420,2021-01-29,2021-02-01,362000.0,351140.0,9,-110803.7931929999,-0.03397068711421558,1,stop
068270,2021-02-02,2021-02-03,321809.0,312154.73,10,-109446.46373126516,-0.03397068711421558,1,stop
047050,2021-02-02,2021-02-04,18600.0,21390.0,177,478882.0704285004,0.1452924843491259,2,target
263750,2021-01-28,2021-02-05,61960.0,71254.0,55,495697.19932149956,0.14529248434912567,6,target
298040,2021-02-05,2021-02-08,86300.0,83711.0,40,-117401.68634200003,-0.03397068711421558,1,stop
263750,2021-02-08,2021-02-09,78600.0,76242.0,44,-117619.34879639978,-0.03397068711421547,1,stop
047810,2021-02-05,2021-02-10,38800.0,37636.0,90,-118762.07668199949,-0.03397068711421547,3,stop
161390,2021-02-09,2021-02-15,49250.0,47772.5,69,-115573.6618226245,-0.03397068711421547,2,stop
298040,2021-02-10,2021-02-15,88300.0,85651.0,38,-114116.34367089951,-0.03397068711421547,1,stop
047810,2021-02-15,2021-02-16,40150.0,38945.5,82,-111970.32790955016,-0.03397068711421558,1,stop
353200,2021-02-10,2021-02-17,16300.0,15811.0,211,-116969.76240905002,-0.03397068711421558,3,stop
064760,2021-02-16,2021-02-17,185600.0,180032.0,17,-107307.59001920046,-0.03397068711421569,1,stop
357780,2021-02-17,2021-02-18,312600.0,303222.0,10,-106314.50507099973,-0.03397068711421547,1,stop
105560,2021-02-08,2021-02-19,44500.0,43165.0,78,-118047.87175349984,-0.03397068711421558,7,stop
035720,2021-02-17,2021-02-19,103367.0,100265.98999999999,31,-108980.08791295486,-0.03397068711421569,2,stop
010950,2021-02-09,2021-02-22,81000.0,86600.0,42,220564.54223999986,0.06475930375345462,7,time
003670,2021-02-18,2021-02-22,154605.0,177795.75,20,449775.6059692502,0.1452924843491259,2,target
178320,2021-02-19,2021-02-22,23404.0,22701.88,138,-109843.08553489204,-0.03397068711421558,1,stop
042700,2021-02-19,2021-02-22,10775.0,12391.249999999998,299,468630.80564706214,0.14529248434912567,1,target
087010,2021-02-22,2021-02-23,15020.0,14569.4,232,-118511.76485944074,-0.0339706871142158,1,stop
067310,2021-02-22,2021-02-23,8388.0,8136.36,416,-118673.92338796891,-0.0339706871142158,1,stop
138040,2021-02-15,2021-02-24,11000.0,11950.0,300,270635.74575000023,0.08191661564996489,7,time
267270,2021-02-23,2021-02-24,38750.0,37587.5,88,-115973.27648500027,-0.03397068711421569,1,stop
042700,2021-02-24,2021-02-25,11225.0,10888.25,305,-116436.65944456216,-0.03397068711421547,1,stop
011200,2021-02-22,2021-03-02,16600.0,19090.0,210,507072.1394550004,0.1452924843491259,5,target
000660,2021-02-26,2021-03-05,143500.0,139195.0,23,-112249.20792924985,-0.03397068711421558,4,stop
141080,2021-03-04,2021-03-05,57400.0,55678.0,62,-121033.92854980007,-0.03397068711421558,1,stop
100790,2021-03-05,2021-03-08,6339.0,6148.83,537,-115770.68035361543,-0.03397068711421558,1,stop
011200,2021-03-04,2021-03-09,20150.0,23172.5,177,518788.90963087464,0.14529248434912567,3,target
098460,2021-03-04,2021-03-10,22439.0,21765.829999999998,159,-121340.05038605863,-0.03397068711421558,4,stop
105560,2021-03-09,2021-03-10,51900.0,50343.0,69,-121792.34616434947,-0.03397068711421547,1,stop
005490,2021-03-05,2021-03-16,299500.0,306000.0,11,57787.69452500017,0.01752050580193809,7,time
100790,2021-03-15,2021-03-16,8064.0,7822.08,443,-121494.82879699161,-0.03397068711421547,1,stop
010120,2021-03-16,2021-03-17,12360.0,11989.199999999999,277,-116439.89037162066,-0.0339706871142158,1,stop
105560,2021-03-12,2021-03-18,51100.0,49567.0,69,-119915.00749514997,-0.03397068711421558,4,stop
005290,2021-03-17,2021-03-19,33250.0,32252.5,101,-114213.27148262458,-0.03397068711421547,2,stop
087010,2021-03-18,2021-03-19,15602.0,15133.939999999999,221,-117267.07571785711,-0.03397068711421558,1,stop
267270,2021-03-12,2021-03-23,46100.0,48350.0,77,158191.86979750032,0.04451365874337898,7,time
087010,2021-03-22,2021-03-23,16571.0,16073.869999999999,198,-111587.99020449305,-0.03397068711421558,1,stop
226950,2021-03-22,2021-03-23,44950.0,43601.5,73,-111597.92105397489,-0.03397068711421558,1,stop
131290,2021-03-15,2021-03-24,54300.0,57600.0,65,199403.04637500038,0.056431213043632855,7,time
042700,2021-03-23,2021-03-24,13225.0,12828.25,253,-113794.10120911337,-0.0339706871142158,1,stop
039030,2021-03-17,2021-03-26,114700.0,116400.0,29,35522.818475000095,0.010667110255397905,7,time
011200,2021-03-23,2021-03-26,27350.0,31452.499999999996,122,485355.0222947495,0.14529248434912567,3,target
214450,2021-03-25,2021-03-26,70300.0,68191.0,50,-119544.3011274999,-0.03397068711421558,1,stop
011200,2021-03-29,2021-03-30,32600.0,31622.0,108,-119741.55772680044,-0.03397068711421569,1,stop
082740,2021-03-29,2021-03-30,7060.0,6848.2,501,-120294.55640001036,-0.03397068711421569,1,stop
083650,2021-03-30,2021-03-31,4565.0,4245.45,758,-255685.70508585498,-0.07380694743940253,1,stop
009540,2021-03-29,2021-04-01,133500.0,129495.0,26,-118047.87175349984,-0.03397068711421558,3,stop
267270,2021-03-30,2021-04-01,56300.0,52359.0,61,-253766.73409195011,-0.07380694743940264,2,stop
090430,2021-03-24,2021-04-02,249500.0,258500.0,13,103362.56644999981,0.03183099138886125,7,time
241560,2021-03-29,2021-04-07,40550.0,40900.0,87,15902.397007499821,0.0045024952528653905,7,time
272210,2021-04-01,2021-04-08,19760.0,18376.8,164,-239456.84103536,-0.07380694743940253,5,stop
064760,2021-04-02,2021-04-08,201200.0,187116.0,16,-237872.6000608001,-0.07380694743940264,4,stop
100790,2021-04-08,2021-04-09,11152.0,10371.359999999999,269,-221667.23361431202,-0.07380694743940253,1,stop
035720,2021-04-07,2021-04-12,109188.0,101544.84,34,-274315.4626879082,-0.07380694743940264,3,stop
043260,2021-04-08,2021-04-12,2065.0,1920.4499999999998,1453,-221708.39136724314,-0.07380694743940275,2,stop
010140,2021-04-01,2021-04-15,7333.0,7060.0,444,-134197.79362979997,-0.04117006035790216,10,time
017670,2021-04-01,2021-04-15,47965.0,51847.0,67,246157.0289622997,0.07650921978524416,10,time
071050,2021-04-09,2021-04-23,99700.0,108000.0,27,212407.397415,0.07881547520566556,10,time
080220,2021-04-15,2021-04-23,7620.0,7086.599999999999,433,-243803.15885828994,-0.07380694743940253,6,stop
000720,2021-04-12,2021-04-26,44951.0,50011.0,70,340260.527516,0.10801273337797057,10,time
066970,2021-04-13,2021-04-27,92330.0,90696.0,34,-68257.36953819962,-0.021718437546528913,10,time
036930,2021-04-15,2021-04-29,12800.0,14000.0,257,294009.3826600001,0.08927274326683166,10,time
064760,2021-04-23,2021-04-29,229000.0,212970.0,13,-219975.99726049975,-0.07380694743940253,4,stop
067310,2021-04-26,2021-04-29,10647.0,9901.71,332,-261193.1592275463,-0.07380694743940264,3,stop
042660,2021-04-29,2021-05-03,28784.0,34540.799999999996,112,629649.000619519,0.19508780975560924,2,target
267270,2021-04-23,2021-05-10,56500.0,66200.0,52,490872.4919800004,0.16688514757848627,10,time
009540,2021-04-27,2021-05-12,150500.0,153500.0,20,47487.53500000015,0.01575846510235923,10,time
000150,2021-04-29,2021-05-14,61100.0,68500.0,52,370644.78932,0.11652366296043715,10,time
267250,2021-04-29,2021-05-14,68000.0,73400.0,47,239953.9377100002,0.07499320142232535,10,time
138040,2021-05-03,2021-05-17,17950.0,16693.5,219,-290472.5038733254,-0.07380694743940264,9,stop
207940,2021-05-17,2021-05-21,1352702.0,1258012.8599999999,2,-199907.27003444592,-0.07380694743940253,3,stop
011200,2021-05-10,2021-05-25,42900.0,49350.0,80,500413.7838000003,0.14564070340791258,10,time
028050,2021-05-12,2021-05-27,19300.0,19100.0,158,-44003.892699999735,-0.014413766565969599,10,time
024110,2021-05-14,2021-05-31,10650.0,10800.0,328,34739.12369999988,0.009933360356853216,10,time
000810,2021-05-14,2021-05-31,217500.0,211500.0,16,-109978.72319999989,-0.03156677485321291,10,time
001440,2021-05-31,2021-06-01,15025.0,18030.0,230,674950.1005925001,0.1950878097556097,1,target
034020,2021-05-31,2021-06-02,17856.0,21427.2,193,673086.4316755207,0.1950878097556097,2,target
214450,2021-05-21,2021-06-04,79300.0,81400.0,43,76059.33890500013,0.022279820450889387,10,time
001440,2021-06-04,2021-06-07,22473.0,26967.6,156,684723.1319557196,0.19508780975560946,1,target
030200,2021-05-25,2021-06-08,32800.0,33550.0,121,74217.52830250002,0.0186787606021519,10,time
032820,2021-06-07,2021-06-08,1940.0,2328.0,2165,820330.7292189999,0.19508780975560946,1,target
241560,2021-06-03,2021-06-09,54500.0,50685.0,76,-306059.9867829997,-0.07380694743940253,4,stop
083650,2021-06-08,2021-06-09,7670.0,7439.9,590,-153904.36014005076,-0.0339706871142158,1,stop
000150,2021-06-08,2021-06-09,102500.0,99425.0,44,-153384.01083499938,-0.03397068711421547,1,stop
012450,2021-05-27,2021-06-10,49964.0,49709.0,60,-27540.64272300061,-0.009176274665399387,10,time
161390,2021-06-09,2021-06-10,54600.0,52962.0,76,-141126.8938715998,-0.03397068711421558,1,stop
032820,2021-06-10,2021-06-11,2395.0,2323.15,1469,-119655.0028914176,-0.03397068711421558,1,stop
145020,2021-06-10,2021-06-11,242500.0,235225.0,14,-115463.13010749966,-0.03397068711421547,1,stop
307950,2021-06-11,2021-06-14,123500.0,119795.0,27,-113405.53971824981,-0.03397068711421558,1,stop
035720,2021-06-02,2021-06-16,128000.0,143000.0,32,461798.70880000014,0.112614302051121,10,time
064350,2021-06-11,2021-06-16,24650.0,23910.5,138,-115690.99548945017,-0.03397068711421558,3,stop
145020,2021-06-16,2021-06-17,249000.0,241530.0,15,-127026.44799750019,-0.03397068711421558,1,stop
010140,2021-06-09,2021-06-18,6663.0,6463.11,630,-142762.42315786518,-0.03397068711421558,7,stop
028050,2021-06-09,2021-06-18,21350.0,24100.0,196,520261.67333000014,0.12418486397775919,7,time
007660,2021-06-17,2021-06-21,3713.0,3601.61,1032,-130319.13677643659,-0.03397068711421569,2,stop
064760,2021-06-18,2021-06-21,202100.0,196037.0,21,-144340.81604985008,-0.03397068711421558,1,stop
067310,2021-06-18,2021-06-21,11299.0,10960.029999999999,387,-148714.91311981156,-0.0339706871142158,1,stop
214450,2021-06-14,2021-06-23,92700.0,92000.0,35,-37724.382674999535,-0.011613821489427356,7,time
028050,2021-06-21,2021-06-24,23750.0,27312.499999999996,170,587293.1047187494,0.14529248434912567,3,target
214150,2021-06-16,2021-06-25,17950.0,17900.0,219,-27027.947962500155,-0.006867604706341179,7,time
095340,2021-06-23,2021-06-25,24500.0,23765.0,144,-119986.42798800021,-0.03397068711421569,2,stop
307950,2021-06-25,2021-06-28,143000.0,138710.0,25,-121584.88663750002,-0.03397068711421558,1,stop
352820,2021-06-21,2021-06-29,313000.0,303610.0,12,-127740.65292599984,-0.03397068711421558,6,stop
078600,2021-06-21,2021-06-30,48000.0,48200.0,84,226.53036000020802,5.611858021503657e-05,7,time
039490,2021-06-29,2021-06-30,135000.0,130950.0,26,-119374.25233499939,-0.03397068711421536,1,stop
005830,2021-06-29,2021-07-01,55600.0,53932.0,64,-121020.32464639982,-0.03397068711421558,2,stop
031980,2021-06-30,2021-07-01,13300.0,12901.0,282,-127557.0002301,-0.03397068711421558,1,stop
043260,2021-06-24,2021-07-05,1800.0,1810.0,2581,6694.493269500323,0.001439322063728543,7,time
010170,2021-06-25,2021-07-06,3112.0,3138.0,1174,15461.289200200234,0.004227063788855734,7,time
032820,2021-07-06,2021-07-07,3070.0,2855.1,1261,-286055.24988735514,-0.07380694743940264,1,stop
058470,2021-07-02,2021-07-16,36081.0,37303.0,100,107053.03287000023,0.029636109663292443,10,time
010950,2021-07-07,2021-07-16,106500.0,99045.0,35,-275431.82055374933,-0.07380694743940241,7,stop
000720,2021-07-05,2021-07-19,58572.0,56043.0,67,-185026.1381806503,-0.047094372138370644,10,time
012450,2021-07-06,2021-07-20,54496.0,52562.0,71,-152766.0124734994,-0.03943706179697648,10,time
047050,2021-07-07,2021-07-21,23950.0,23450.0,155,-92485.069075,-0.02488485947219743,10,time
078600,2021-07-20,2021-07-21,61700.0,57380.99999999999,60,-273547.57872300036,-0.07380694743940264,1,stop
032820,2021-07-16,2021-07-22,3065.0,2850.45,1173,-265659.2557174424,-0.07380694743940253,4,stop
086520,2021-07-19,2021-07-26,11249.0,13498.8,337,740411.5201294702,0.1950878097556097,5,target
357780,2021-07-23,2021-07-29,364600.0,339078.0,10,-269409.6358789997,-0.07380694743940253,4,stop
042700,2021-07-23,2021-07-29,19825.0,18437.25,184,-269542.6411847002,-0.07380694743940264,4,stop
247540,2021-07-16,2021-07-30,66736.0,71531.0,53,238890.4311276502,0.06746266532342005,10,time
047050,2021-07-26,2021-08-02,27200.0,25296.0,166,-333636.4201647998,-0.07380694743940253,5,stop
010130,2021-07-22,2021-08-05,517000.0,525000.0,6,35145.877200000454,0.01131705371001801,10,time
086520,2021-07-30,2021-08-09,13734.0,16480.8,260,697428.5805396,0.1950878097556097,6,target
012450,2021-08-05,2021-08-10,56228.0,52292.03999999999,62,-257596.9913287647,-0.07380694743940275,3,stop
064350,2021-08-09,2021-08-11,27000.0,25110.0,158,-315222.574508999,-0.0738069474394023,2,stop
138040,2021-07-29,2021-08-12,24000.0,24650.0,141,77511.50241749967,0.022878976058186673,10,time
086520,2021-08-11,2021-08-12,17940.0,21528.0,224,784873.7542463997,0.19508780975560946,1,target
066970,2021-08-13,2021-08-17,129700.0,120620.99999999999,42,-402518.3901501,-0.07380694743940253,1,stop
214150,2021-08-03,2021-08-18,23750.0,25300.0,163,236040.01841749996,0.06090251181813766,10,time
222800,2021-08-06,2021-08-23,29800.0,30800.0,119,104116.14521000022,0.029326189610536346,10,time
214150,2021-08-20,2021-08-23,26100.0,24273.0,183,-352929.5786749497,-0.07380694743940253,1,stop
247540,2021-08-10,2021-08-25,77410.0,78424.0,41,28444.529627299868,0.00895196994653924,10,time
207940,2021-08-12,2021-08-27,1405065.0,1377429.0,2,-66625.53014639998,-0.02368181857312679,10,time
000810,2021-08-18,2021-09-01,230500.0,227000.0,19,-84252.0215749992,-0.019215716505699865,10,time
138040,2021-08-26,2021-09-02,25950.0,31140.0,140,709569.1862700009,0.1950878097556099,5,target
086520,2021-09-01,2021-09-02,20555.0,19116.149999999998,211,-320476.6535433326,-0.07380694743940264,1,stop
214450,2021-08-24,2021-09-07,98100.0,94000.0,41,-184087.8030150002,-0.045716495777885724,10,time
353200,2021-08-25,2021-09-08,18250.0,18200.0,198,-24679.660004999954,-0.006822002851502473,10,time
016360,2021-08-30,2021-09-13,49300.0,48850.0,55,-35789.30506249983,-0.013183916386721894,10,time
247540,2021-09-10,2021-09-14,90778.0,108933.59999999999,40,709201.9993527997,0.19508780975560946,2,target
067310,2021-09-03,2021-09-15,12599.0,11717.07,335,-311872.68810127256,-0.07380694743940264,8,stop
028300,2021-09-02,2021-09-16,55880.0,60097.0,74,294191.48862909945,0.0710628743569981,10,time
078600,2021-09-07,2021-09-24,74000.0,88800.0,51,737108.2050600005,0.1950878097556097,10,target
066970,2021-09-14,2021-09-24,150400.0,180480.0,29,851873.6479040002,0.1950878097556097,5,target
028050,2021-09-24,2021-09-27,27850.0,25900.5,174,-358072.45049534924,-0.07380694743940241,1,stop
066970,2021-09-27,2021-09-28,191900.0,178467.0,23,-326136.3987600496,-0.07380694743940253,1,stop
058470,2021-09-13,2021-09-29,38244.0,35566.92,70,-197814.35765741952,-0.07380694743940241,9,stop
000810,2021-09-15,2021-10-05,232500.0,240000.0,16,104400.93000000017,0.028032524520954505,10,time
247540,2021-09-16,2021-10-06,110001.0,102300.93,42,-341383.3880871339,-0.07380694743940275,10,stop
028300,2021-10-05,2021-10-06,49509.0,48023.729999999996,64,-107762.5045488961,-0.03397068711421558,1,stop
078600,2021-09-28,2021-10-07,101400.0,94302.0,41,-307197.92106509954,-0.07380694743940241,6,stop
005830,2021-09-24,2021-10-12,62800.0,65500.0,77,187469.84448499978,0.03872414462569562,10,time
028300,2021-10-08,2021-10-12,45834.0,44458.979999999996,78,-121586.65514494246,-0.03397068711421569,1,stop
000150,2021-11-30,2021-12-01,110500.0,107185.0,34,-127774.66268449975,-0.03397068711421547,1,stop
086520,2021-12-03,2021-12-07,22405.0,21732.85,170,-129538.06866272539,-0.03397068711421569,2,stop
352820,2021-12-03,2021-12-08,333500.0,341000.0,11,67222.53917500004,0.018303206213550416,3,time
000150,2021-12-03,2021-12-08,110500.0,114500.0,34,120202.1277999999,0.03195742245111077,3,time
066970,2021-12-07,2021-12-10,203000.0,205900.0,19,39130.80504499981,0.010133743960098585,3,time
058610,2022-01-26,2022-02-03,11300.0,12430.000000000002,340,367322.07479000045,0.09549715894264232,3,target
138040,2022-02-03,2022-02-04,44450.0,48895.00000000001,88,373976.32164200116,0.09549715894264232,1,target
319400,2022-02-03,2022-02-04,3350.0,3685.0000000000005,1170,374731.6169025004,0.09549715894264232,1,target
138040,2022-02-11,2022-02-15,41550.0,40303.5,98,-138484.3356361501,-0.03397068711421558,2,stop
032820,2022-04-11,2022-04-12,2215.0,2148.5499999999997,1825,-137480.19751643762,-0.03397068711421558,1,stop
214370,2022-05-09,2022-05-10,20820.0,20195.399999999998,192,-135951.96901824046,-0.03397068711421569,1,stop
329180,2022-05-12,2022-05-13,124500.0,120765.0,32,-135494.87786399992,-0.03397068711421558,1,stop
214370,2022-05-13,2022-05-17,18400.0,20240.0,215,378221.2722199997,0.0954971589426421,2,target
028300,2022-06-09,2022-06-10,34486.0,33451.42,117,-137224.68220082717,-0.03397068711421558,1,stop
257720,2022-07-27,2022-07-28,4050.0,3928.5,990,-136362.1267057499,-0.03397068711421558,1,stop
000150,2022-09-08,2022-09-14,73000.0,70810.0,54,-134066.4680069997,-0.03397068711421547,2,stop
083650,2022-09-20,2022-09-21,8190.0,9009.0,483,378199.2826111498,0.0954971589426421,1,target
012450,2022-09-27,2022-09-28,67535.0,65508.95,59,-135514.09337755293,-0.03397068711421569,1,stop
078600,2022-09-27,2022-09-28,81600.0,79152.0,49,-135984.61838639947,-0.03397068711421547,1,stop
009830,2022-09-27,2022-09-30,57888.0,58887.0,69,52358.46245505009,0.013093327533031829,3,time
064350,2022-09-29,2022-09-30,25900.0,25123.0,153,-134770.47000795044,-0.03397068711421569,1,stop
003670,2022-09-30,2022-10-06,145881.0,153636.0,27,192625.78566735052,0.04884866626230089,3,time
377300,2023-01-02,2023-01-03,54700.0,53059.0,73,-135804.36666635005,-0.03397068711421558,1,stop
257720,2023-01-02,2023-01-03,2480.0,2405.6,1612,-135962.85214096028,-0.03397068711421569,1,stop
298040,2023-01-05,2023-01-06,72100.0,69937.0,54,-132413.5937439003,-0.03397068711421569,1,stop
042660,2023-03-09,2023-03-10,20033.0,19432.01,195,-132856.9109459482,-0.0339706871142158,1,stop
058610,2023-03-10,2023-03-13,23850.0,22180.5,163,-287258.20898557454,-0.07380694743940241,1,stop
042660,2023-03-13,2023-03-15,19589.0,21547.9,195,365204.85788572533,0.0954971589426421,2,target
403870,2023-03-20,2023-03-21,18600.0,22320.0,210,762889.41414,0.1950878097556097,1,target
108490,2023-03-20,2023-03-21,40608.0,37765.439999999995,96,-288057.57087283256,-0.07380694743940275,1,stop
277810,2023-03-20,2023-03-23,124000.0,148800.0,31,750780.0583600001,0.1950878097556097,3,target
028050,2023-03-10,2023-03-24,28650.0,29250.0,135,64910.39489999972,0.016763188928201833,10,time
247540,2023-03-24,2023-03-27,245000.0,227849.99999999997,17,-307759.4990225006,-0.07380694743940275,1,stop
403870,2023-03-24,2023-04-04,26150.0,24319.5,159,-307231.17239152547,-0.07380694743940264,7,stop
058610,2023-03-24,2023-04-04,34650.0,32224.499999999996,120,-307242.2561670006,-0.07380694743940275,7,stop
042700,2023-03-27,2023-04-04,20400.0,18972.0,199,-299971.29945540056,-0.07380694743940275,6,stop
078600,2023-04-04,2023-04-07,106300.0,127560.0,36,747420.6886920007,0.1950878097556097,3,target
000250,2023-03-28,2023-04-11,78500.0,86300.0,51,380220.1220100005,0.0948628235871456,10,time
066970,2023-03-28,2023-04-11,295500.0,317500.0,13,269413.62239999976,0.07005183191597864,10,time
078600,2023-04-10,2023-04-11,132300.0,123038.99999999999,35,-342156.1489132503,-0.07380694743940264,1,stop
086520,2023-04-11,2023-04-12,148134.0,137764.62,28,-306485.01262654783,-0.07380694743940253,1,stop
247540,2023-04-11,2023-04-12,302000.0,280860.0,14,-312414.68472200027,-0.07380694743940264,1,stop
003670,2023-04-11,2023-04-13,296609.0,275846.37,14,-306837.772253999,-0.07380694743940253,2,stop
214370,2023-04-04,2023-04-18,42700.0,44200.0,91,120173.2154350006,0.030891514270061426,10,time
012450,2023-04-05,2023-04-19,110727.0,110320.0,36,-30944.93526180042,-0.0077541523127538925,10,time
003670,2023-04-18,2023-04-24,390148.0,362837.63999999996,10,-288287.5222680201,-0.07380694743940264,4,stop
051910,2023-04-12,2023-04-25,799000.0,743070.0,5,-295197.88681749953,-0.07380694743940241,9,stop
006260,2023-04-12,2023-04-26,84200.0,90700.0,47,288381.1540450007,0.07278765186890146,10,time
241560,2023-04-13,2023-04-27,45650.0,51200.0,85,454457.21686250065,0.11698605073908763,10,time
005830,2023-04-19,2023-05-04,80800.0,80100.0,50,-51453.546250000596,-0.012721394787290508,10,time
267260,2023-04-26,2023-05-09,52500.0,48825.0,75,-290949.10621874966,-0.07380694743940253,7,stop
042700,2023-05-04,2023-05-09,22650.0,21064.5,177,-296236.0671203253,-0.07380694743940264,2,stop
064350,2023-04-24,2023-05-10,33550.0,33600.0,109,-9552.9793624999,-0.002609279488611893,10,time
267270,2023-04-28,2023-05-10,67600.0,62867.99999999999,66,-329675.81772840116,-0.07380694743940286,6,stop
000810,2023-04-26,2023-05-12,226500.0,225500.0,17,-32730.002249999903,-0.008490430096063428,10,time
319400,2023-05-12,2023-05-15,4825.0,4487.25,806,-287361.6575566754,-0.07380694743940264,1,stop
214150,2023-05-18,2023-05-23,26500.0,24645.0,143,-280013.1144167497,-0.07380694743940253,3,stop
000270,2023-05-11,2023-05-25,90500.0,87100.0,41,-154195.4129300001,-0.04150876399895409,10,time
005380,2023-05-11,2023-05-25,211500.0,203500.0,17,-150334.1433000001,-0.041763714400053,10,time
095340,2023-05-19,2023-05-25,42750.0,51300.0,89,743114.0549025005,0.1950878097556097,4,target
007660,2023-05-23,2023-05-26,10755.0,12906.0,329,691091.6765350499,0.19508780975560946,3,target
042660,2023-05-25,2023-05-26,27007.0,25116.51,142,-283374.749626481,-0.07380694743940253,1,stop
042700,2023-05-26,2023-05-31,28150.0,26179.5,137,-284967.56205407437,-0.07380694743940241,2,stop
214450,2023-05-17,2023-06-01,114000.0,120000.0,33,181998.85770000005,0.04832264013649956,10,time
007660,2023-05-30,2023-06-09,13887.0,16664.399999999998,279,756731.8067258694,0.19508780975560946,7,target
047050,2023-06-09,2023-06-12,38400.0,37248.0,120,-156716.9671679996,-0.03397068711421547,1,stop
005930,2023-05-30,2023-06-14,71300.0,71900.0,54,16525.593540000264,0.004287208057834668,10,time
214150,2023-06-02,2023-06-14,27300.0,32760.0,143,762479.2585410005,0.1950878097556097,7,target
086520,2023-06-12,2023-06-14,132829.0,128844.12999999999,33,-149076.91298928484,-0.03397068711421569,2,stop
066570,2023-05-31,2023-06-15,125200.0,123600.0,29,-61142.955040000845,-0.016820731590832638,10,time
067310,2023-06-14,2023-06-15,17608.0,17079.76,243,-145519.05012332508,-0.0339706871142158,1,stop
078600,2023-06-14,2023-06-15,111000.0,107670.0,38,-143453.16135299997,-0.03397068711421558,1,stop
403870,2023-06-01,2023-06-16,26750.0,31450.0,145,663595.010675,0.17088821236180451,10,time
222800,2023-06-16,2023-06-19,35050.0,33998.5,117,-139468.91814472526,-0.03397068711421569,1,stop
131290,2023-06-16,2023-06-20,48500.0,55774.99999999999,84,592602.3798449999,0.1452924843491259,2,target
007660,2023-06-19,2023-06-20,22076.0,21413.72,182,-136645.49601357197,-0.03397068711421558,1,stop
214370,2023-06-20,2023-06-21,46100.0,44717.0,92,-144242.18775019888,-0.03397068711421536,1,stop
034020,2023-06-14,2023-06-22,18980.0,18410.6,226,-145884.1788905803,-0.03397068711421569,6,stop
042660,2023-06-21,2023-06-22,34159.0,33134.229999999996,123,-142893.938893985,-0.03397068711421569,1,stop
012450,2023-06-20,2023-06-26,139860.0,135664.19999999998,30,-142698.14471430052,-0.03397068711421569,4,stop
087010,2023-06-22,2023-06-26,9303.0,10698.449999999999,441,596765.8697611266,0.14529248434912567,2,target
178320,2023-06-22,2023-06-26,20500.0,19885.0,200,-139440.0098499991,-0.03397068711421536,2,stop
353200,2023-06-16,2023-06-27,29200.0,31200.0,140,262421.10440000053,0.0641192826591046,7,time
042700,2023-06-16,2023-06-27,28700.0,30100.0,142,181512.1233799993,0.04448731340429268,7,time
031980,2023-06-26,2023-06-27,17780.0,17246.6,238,-143917.0544589404,-0.03397068711421569,1,stop
131970,2023-06-27,2023-06-30,42900.0,41613.0,98,-142983.82668569917,-0.03397068711421536,3,stop
084370,2023-06-30,2023-07-06,34250.0,31852.499999999996,122,-308757.0388152506,-0.07380694743940275,4,stop
036930,2023-06-30,2023-07-07,19150.0,17809.5,219,-309891.2785055251,-0.07380694743940264,5,stop
031980,2023-06-30,2023-07-10,20800.0,19344.0,202,-310463.9402383999,-0.07380694743940253,6,stop
047050,2023-07-06,2023-07-10,46400.0,43152.0,84,-288000.8219424002,-0.07380694743940264,2,stop
298040,2023-07-03,2023-07-12,117500.0,141000.0,36,826170.5636999998,0.19508780975560946,7,target
307950,2023-06-30,2023-07-14,139200.0,159000.0,30,575134.7751000002,0.13756562351018875,10,time
272210,2023-07-12,2023-07-17,17070.0,15875.099999999999,247,-311549.41131658526,-0.07380694743940264,3,stop
087010,2023-07-12,2023-07-18,15922.0,19106.399999999998,265,824086.5826327,0.1950878097556097,4,target
007660,2023-07-17,2023-07-19,36226.0,33690.18,108,-289095.01225729147,-0.07380694743940241,2,stop
082740,2023-07-10,2023-07-24,11820.0,11860.0,322,-2755.8840120001696,-0.000723249880038801,10,time
000100,2023-07-24,2023-07-25,64793.0,60257.49,61,-292048.09950301517,-0.07380694743940275,1,stop
010140,2023-07-12,2023-07-26,7550.0,8370.0,559,439732.4246509997,0.10407118848283137,10,time
086520,2023-07-19,2023-07-26,216413.0,259695.59999999998,16,676289.5515915193,0.19508780975560946,5,target
047050,2023-07-25,2023-07-26,70500.0,84600.0,52,716014.4885399998,0.19508780975560946,1,target
036930,2023-07-18,2023-07-27,21450.0,25740.0,235,984519.9217424998,0.19508780975560946,7,target
247540,2023-07-26,2023-07-27,483000.0,449189.99999999994,9,-321207.8132655001,-0.07380694743940264,1,stop
000500,2023-07-26,2023-07-27,22613.0,21030.09,194,-324157.7231622529,-0.07380694743940253,1,stop
267270,2023-07-26,2023-07-27,90700.0,84351.0,48,-321695.4993863995,-0.07380694743940241,1,stop
042700,2023-07-14,2023-07-28,43250.0,47150.0,110,408238.1000500005,0.08571079441188822,10,time
095340,2023-07-28,2023-08-01,106500.0,99045.0,43,-338387.66525174864,-0.0738069474394023,2,stop
036930,2023-07-31,2023-08-02,28250.0,26272.5,171,-356952.98917237483,-0.07380694743940253,2,stop
000660,2023-07-28,2023-08-03,126200.0,117365.99999999999,37,-345030.5413531,-0.07380694743940253,4,stop
084370,2023-07-28,2023-08-03,35050.0,32596.499999999996,133,-344457.8796202261,-0.07380694743940286,4,stop
298040,2023-08-01,2023-08-03,174500.0,162285.0,24,-309459.0112619996,-0.07380694743940253,2,stop
310210,2023-08-02,2023-08-03,55908.0,51994.439999999995,80,-330491.58360336116,-0.07380694743940286,1,stop
039030,2023-08-04,2023-08-07,168900.0,157077.0,24,-299527.9484363999,-0.07380694743940253,1,stop
028050,2023-07-28,2023-08-11,32700.0,37200.0,143,622439.336805,0.1329578624594463,10,time
257720,2023-08-07,2023-08-11,9010.0,8379.3,453,-301591.7474298454,-0.07380694743940264,4,stop
307950,2023-08-08,2023-08-14,164000.0,152520.0,25,-302956.52964999946,-0.07380694743940241,4,stop
310210,2023-08-14,2023-08-16,72924.0,67819.31999999999,59,-317920.8088106336,-0.07380694743940253,1,stop
326030,2023-08-03,2023-08-18,92600.0,86118.0,45,-307907.2826954997,-0.07380694743940253,10,stop
000810,2023-08-07,2023-08-22,245500.0,252500.0,16,95572.08880000003,0.024303027709746905,10,time
042700,2023-08-21,2023-08-25,58800.0,54683.99999999999,70,-304138.79903400084,-0.07380694743940275,4,stop
003230,2023-08-16,2023-08-30,179200.0,189900.0,23,228483.34377499996,0.05537190788964974,10,time
087010,2023-08-31,2023-09-01,43997.0,40917.21,93,-302344.7791356165,-0.07380694743940253,1,stop
214150,2023-08-22,2023-09-05,37150.0,38650.0,110,147766.27744999994,0.036118076425623924,10,time
000150,2023-09-01,2023-09-06,117400.0,109181.99999999999,33,-286271.7529683006,-0.07380694743940275,3,stop
138040,2023-08-24,2023-09-07,51000.0,54200.0,80,238524.64319999982,0.05839475962016394,10,time
307950,2023-08-31,2023-09-07,176000.0,211200.0,23,790623.7451200001,0.1950878097556097,5,target
277810,2023-09-06,2023-09-08,172100.0,206520.0,20,672264.55798,0.1950878097556097,2,target
277810,2023-09-11,2023-09-12,220000.0,204600.0,19,-308867.87656999985,-0.07380694743940253,1,stop
067310,2023-09-05,2023-09-13,25045.0,23291.85,170,-314605.57767422544,-0.07380694743940264,6,stop
058610,2023-09-08,2023-09-13,39800.0,37014.0,110,-323498.46019699983,-0.07380694743940253,3,stop
000150,2023-09-12,2023-09-13,153500.0,142755.0,26,-294902.3194714999,-0.07380694743940253,1,stop
016360,2023-08-31,2023-09-14,37550.0,38100.0,109,42999.5367124998,0.010493687343291702,10,time
214150,2023-09-07,2023-09-18,40000.0,37200.0,116,-342858.12135999836,-0.07380694743940219,7,stop
036930,2023-09-15,2023-09-18,31450.0,29248.499999999996,131,-304430.67178817606,-0.07380694743940286,1,stop
196170,2023-09-13,2023-09-19,61200.0,73440.0,64,764998.7857919997,0.19508780975560946,4,target
267250,2023-09-14,2023-09-21,71600.0,66588.0,55,-290986.052137,-0.07380694743940253,5,stop
005830,2023-09-14,2023-10-04,89200.0,89600.0,44,1463.4989599995315,0.0003724565966236604,10,time
016360,2023-09-18,2023-10-04,38600.0,35898.0,105,-299483.61333449977,-0.07380694743940253,8,stop
138040,2023-09-25,2023-10-04,57500.0,53475.0,63,-267673.1777212499,-0.07380694743940253,3,stop
087010,2023-10-04,2023-10-05,31737.0,30784.89,116,-125206.65383968223,-0.03397068711421569,1,stop
024110,2023-09-18,2023-10-06,11340.0,11380.0,359,-2366.352090000175,-0.0005805941344182441,10,time
005940,2023-09-19,2023-10-10,10530.0,10550.0,446,-10353.001121999696,-0.002201931550990688,10,time
000250,2023-10-04,2023-10-10,73700.0,75700.0,50,84603.32800000021,0.022932464931022745,3,time
087010,2023-10-11,2023-10-12,32367.0,35603.700000000004,122,377530.4160741307,0.09549715894264232,1,target
277810,2023-10-13,2023-10-16,140900.0,136673.0,28,-134175.29923420027,-0.03397068711421569,1,stop
196170,2023-10-18,2023-10-19,61100.0,59267.0,65,-135069.7558827498,-0.03397068711421558,1,stop
196170,2023-10-23,2023-10-24,54900.0,53253.0,72,-134433.77339879982,-0.03397068711421558,1,stop
247540,2024-01-04,2024-01-05,265500.0,292050.0,14,355371.2004150003,0.0954971589426421,1,target
454910,2024-01-18,2024-01-19,89400.0,86718.0,44,-133780.78603559965,-0.03397068711421547,1,stop
310210,2024-01-18,2024-01-19,43700.0,42389.0,92,-136732.83307339996,-0.03397068711421558,1,stop
028300,2024-01-18,2024-01-19,43450.0,47795.00000000001,92,382179.4018130014,0.09549715894264255,1,target
454910,2024-01-22,2024-01-23,86300.0,83711.0,46,-135011.93929329934,-0.03397068711421547,1,stop
068270,2024-01-22,2024-01-25,163750.0,167431.0,24,71977.63147079991,0.018293878245249084,3,time
078930,2024-02-02,2024-02-15,50500.0,46965.0,79,-294791.4817167497,-0.07380694743940253,7,stop
028260,2024-02-02,2024-02-20,152900.0,162300.0,26,227387.51230000053,0.057132938322081106,10,time
000810,2024-02-02,2024-02-20,292000.0,303000.0,13,127021.66165000014,0.033423534120861076,10,time
006800,2024-02-02,2024-02-20,8313.0,8662.0,484,151928.95227180002,0.03771709051115635,10,time
024110,2024-02-02,2024-02-20,13210.0,13660.0,305,120333.52742750011,0.029832165106082886,10,time
030200,2024-02-20,2024-02-21,42200.0,39246.0,97,-302468.8435290996,-0.07380694743940253,1,stop
178320,2024-02-15,2024-02-23,22750.0,21157.5,177,-297543.952626375,-0.07380694743940253,6,stop
003550,2024-02-20,2024-02-26,102900.0,95697.0,39,-296535.3290581503,-0.07380694743940264,4,stop
031980,2024-02-23,2024-02-26,41900.0,38967.0,89,-275550.04749214975,-0.07380694743940253,1,stop
402340,2024-02-20,2024-02-27,69400.0,64541.99999999999,59,-302557.51373290084,-0.07380694743940275,5,stop
267260,2024-02-21,2024-02-28,130500.0,121364.99999999999,30,-289286.53989750054,-0.07380694743940275,5,stop
196170,2024-02-26,2024-02-29,143000.0,171600.0,25,698241.0792500004,0.1950878097556097,3,target
012450,2024-02-27,2024-02-29,170216.0,204259.19999999998,22,731395.7141268793,0.19508780975560946,2,target
036930,2024-02-29,2024-03-05,39450.0,36688.5,105,-306078.4597421242,-0.07380694743940241,2,stop
015760,2024-02-20,2024-03-06,23300.0,24650.0,176,220093.64476000005,0.053609245725170895,10,time
042700,2024-02-29,2024-03-07,87700.0,105240.0,47,805057.3159609996,0.19508780975560946,4,target
196170,2024-03-06,2024-03-08,193900.0,180327.0,22,-315207.7961416999,-0.07380694743940253,2,stop
039030,2024-02-29,2024-03-11,199900.0,185907.0,20,-295419.56232699985,-0.07380694743940253,6,stop
032830,2024-02-26,2024-03-12,93600.0,97500.0,38,133186.6212299997,0.037402612635077714,10,time
028300,2024-03-11,2024-03-13,98700.0,91791.0,39,-284431.8462394499,-0.07380694743940253,2,stop
298380,2024-03-11,2024-03-13,28700.0,26691.0,134,-284173.2248117002,-0.07380694743940264,2,stop
141080,2024-03-07,2024-03-15,75000.0,69750.0,66,-365764.5906750001,-0.07380694743940264,6,stop
145020,2024-03-05,2024-03-19,202500.0,188325.0,20,-299261.9378249999,-0.07380694743940253,10,stop
000150,2024-03-19,2024-03-20,160900.0,149637.0,23,-273451.5193355498,-0.07380694743940253,1,stop
267260,2024-03-14,2024-03-26,146000.0,175200.0,24,684373.9137599994,0.19508780975560946,8,target
024110,2024-03-13,2024-03-27,14790.0,14790.0,244,-14789.42023200076,-0.004093491870325594,10,time
000250,2024-03-26,2024-03-27,118100.0,141720.0,35,807322.9373650001,0.1950878097556097,1,target
005940,2024-03-14,2024-03-28,12850.0,11950.5,280,-265862.82772699976,-0.07380694743940253,10,stop
042700,2024-03-27,2024-03-28,110300.0,132360.0,39,840174.4477230012,0.1950878097556099,1,target
055550,2024-03-15,2024-03-29,50200.0,46686.0,93,-344971.42788389977,-0.07380694743940253,10,stop
043260,2024-03-29,2024-04-01,2185.0,2032.05,2055,-331787.2769563887,-0.07380694743940286,1,stop
031980,2024-03-21,2024-04-02,46250.0,43012.5,75,-256312.30785937468,-0.07380694743940253,8,stop
007660,2024-03-28,2024-04-02,41964.0,39026.52,101,-313180.4997154861,-0.07380694743940264,3,stop
042700,2024-04-02,2024-04-03,145000.0,140650.0,24,-118353.95957999956,-0.03397068711421547,1,stop
000250,2024-04-02,2024-04-03,136900.0,132793.0,26,-121054.3344049002,-0.03397068711421569,1,stop
064350,2024-04-03,2024-04-05,38800.0,37636.0,89,-117442.49805219984,-0.03397068711421558,2,stop
080220,2024-04-03,2024-04-08,26950.0,26141.5,129,-118236.62591317529,-0.03397068711421569,3,stop
039030,2024-04-05,2024-04-08,252000.0,244440.0,13,-111415.9688459998,-0.03397068711421558,1,stop
440110,2024-04-08,2024-04-09,20600.0,19982.0,161,-112796.76504109986,-0.03397068711421558,1,stop
257720,2024-03-27,2024-04-11,11740.0,12610.0,367,300691.2945595002,0.06970877917505947,10,time
259960,2024-03-28,2024-04-11,255500.0,237614.99999999997,16,-302069.82761200005,-0.07380694743940264,9,stop
010120,2024-04-08,2024-04-12,23160.0,26633.999999999996,143,481744.71520889923,0.14529248434912567,3,target
000500,2024-04-09,2024-04-12,35750.0,41112.5,89,462816.05843687477,0.14529248434912567,2,target
267260,2024-04-11,2024-04-12,210500.0,242074.99999999997,20,612384.8844249994,0.14529248434912567,1,target
005380,2024-04-12,2024-04-15,241000.0,233770.0,17,-139337.98057449982,-0.03397068711421558,1,stop
064350,2024-04-12,2024-04-15,41850.0,40594.5,98,-139484.22253604978,-0.03397068711421558,1,stop
064760,2024-04-01,2024-04-16,131500.0,133000.0,31,29656.603375000414,0.00726665841252272,10,time
000500,2024-04-15,2024-04-16,45100.0,43747.0,89,-136511.76964315027,-0.03397068711421569,1,stop
010120,2024-04-15,2024-04-16,27860.0,27024.2,144,-136441.70954063954,-0.03397068711421547,1,stop
267260,2024-04-15,2024-04-16,229500.0,222615.0,17,-132689.07278774958,-0.03397068711421547,1,stop
161390,2024-04-12,2024-04-19,60000.0,58200.0,68,-138759.81467999937,-0.03397068711421547,5,stop
440110,2024-04-18,2024-04-19,20500.0,19885.0,193,-134559.60950524965,-0.03397068711421547,1,stop
010120,2024-04-18,2024-04-19,29180.0,33557.0,135,573008.9727352499,0.1452924843491259,1,target
278470,2024-04-18,2024-04-19,50700.0,49179.0,78,-134494.99096409976,-0.03397068711421558,1,stop
042660,2024-04-19,2024-04-22,33250.0,32252.5,121,-136829.76088512456,-0.03397068711421547,1,stop
031980,2024-04-19,2024-04-22,51100.0,49567.0,78,-135556.09542929986,-0.03397068711421558,1,stop
402340,2024-04-19,2024-04-22,82000.0,79540.0,49,-136651.20965299942,-0.03397068711421547,1,stop
010120,2024-04-22,2024-04-23,33420.0,32417.399999999998,119,-135256.12935933005,-0.03397068711421558,1,stop
082740,2024-04-16,2024-04-24,10840.0,12465.999999999998,364,573948.6417027987,0.14529248434912545,6,target
226950,2024-04-24,2024-04-25,16400.0,15908.0,251,-139997.7698893994,-0.03397068711421547,1,stop
003230,2024-04-19,2024-04-30,269500.0,295500.0,14,347464.4012000002,0.09198654230916103,7,time
440110,2024-04-22,2024-05-02,18800.0,18236.0,211,-134909.91001780005,-0.03397068711421558,7,stop
267260,2024-04-24,2024-05-02,245000.0,237650.0,16,-133318.25332000013,-0.03397068711421558,5,stop
087010,2024-04-25,2024-05-03,26844.0,30870.6,155,605231.1816658508,0.14529248434912612,5,target
329180,2024-04-24,2024-05-07,128400.0,140000.0,32,353266.9996799999,0.08587937023484771,7,time
237690,2024-05-07,2024-05-08,101100.0,94023.0,43,-321229.98081644997,-0.07380694743940253,1,stop
178320,2024-05-07,2024-05-09,27250.0,25342.5,160,-322168.40713999886,-0.0738069474394023,2,stop
131290,2024-04-30,2024-05-10,78300.0,75951.0,52,-138474.13270860026,-0.03397068711421569,6,stop
000500,2024-05-08,2024-05-10,51400.0,61680.0,82,823201.8184119994,0.19508780975560946,2,target
257720,2024-05-10,2024-05-13,22000.0,26400.0,197,846483.0314599993,0.19508780975560946,1,target
058470,2024-05-08,2024-05-14,59268.0,55119.24,71,-310938.9169634227,-0.07380694743940275,4,stop
000500,2024-05-13,2024-05-14,66800.0,62123.99999999999,79,-389941.99957780074,-0.07380694743940275,1,stop
090430,2024-05-02,2024-05-20,172400.0,179700.0,22,144582.8902099994,0.03807656328829756,10,time
006260,2024-05-14,2024-05-20,153100.0,183720.0,28,837264.2960919989,0.19508780975560924,3,target
000810,2024-05-20,2024-05-23,365500.0,339915.0,12,-324089.5948889991,-0.07380694743940241,3,stop
214150,2024-05-10,2024-05-27,48500.0,49000.0,89,26678.931475000456,0.006173585533073567,10,time
259960,2024-05-10,2024-05-27,265000.0,260000.0,16,-97140.52399999881,-0.02288418070296039,10,time
298040,2024-05-20,2024-05-27,373000.0,447600.0,12,874217.3624400012,0.1950878097556099,5,target
001440,2024-05-14,2024-05-29,18430.0,18070.0,239,-103837.97819199972,-0.023546901687291233,10,time
034020,2024-05-28,2024-05-30,21900.0,20367.0,212,-343065.0185022,-0.07380694743940253,2,stop
000150,2024-05-28,2024-05-30,213000.0,198090.0,21,-330518.1846644995,-0.07380694743940241,2,stop
005380,2024-05-23,2024-05-31,273500.0,254354.99999999997,16,-323350.6765239998,-0.07380694743940253,6,stop
042700,2024-05-29,2024-06-03,166400.0,154752.0,26,-319685.64143360034,-0.07380694743940264,3,stop
090430,2024-06-03,2024-06-04,194200.0,180606.0,21,-301345.6876142998,-0.07380694743940253,1,stop
267260,2024-05-27,2024-06-07,285000.0,265050.0,16,-336946.7744399989,-0.0738069474394023,8,stop
031980,2024-06-07,2024-06-10,65000.0,78000.0,65,825194.00275,0.1950878097556097,1,target
078600,2024-05-31,2024-06-11,117600.0,141120.0,35,803904.9740400002,0.1950878097556097,6,target
196170,2024-06-05,2024-06-11,230500.0,276600.0,17,765330.8165150005,0.1950878097556097,3,target
000100,2024-06-07,2024-06-12,80200.0,74586.0,52,-308158.51493959967,-0.07380694743940253,3,stop
237690,2024-06-10,2024-06-12,106400.0,98952.0,48,-377380.38737280015,-0.07380694743940264,2,stop
078600,2024-06-13,2024-06-14,157200.0,146196.0,28,-325242.30753839994,-0.07380694743940253,1,stop
003230,2024-06-04,2024-06-17,579000.0,694800.0,7,791600.3060699995,0.19508780975560946,8,target
000150,2024-06-14,2024-06-21,225500.0,209715.0,19,-316589.57348424895,-0.0738069474394023,5,stop
402340,2024-06-11,2024-06-25,89400.0,95600.0,53,308213.1795299994,0.06497384985678845,10,time
214150,2024-06-13,2024-06-27,53800.0,51400.0,83,-216912.85072000045,-0.04852054799506933,10,time
042700,2024-06-13,2024-06-27,175900.0,173700.0,25,-72859.6917499993,-0.016549400442725903,10,time
082740,2024-06-17,2024-07-01,15300.0,15700.0,317,106549.50743999984,0.021943279584045294,10,time
087010,2024-06-28,2024-07-01,44967.0,53960.4,96,843129.9117820803,0.1950878097556097,1,target
000100,2024-07-02,2024-07-03,83200.0,77376.0,58,-356572.44621440116,-0.07380694743940286,1,stop
009540,2024-06-21,2024-07-05,151500.0,155700.0,26,92735.26313999994,0.023515797463962596,10,time
087010,2024-07-03,2024-07-08,57468.0,68961.59999999999,78,875487.6729237596,0.19508780975560946,3,target
329180,2024-06-25,2024-07-09,152000.0,152400.0,33,-7395.485459999181,-0.0014726852699838977,10,time
005830,2024-07-01,2024-07-09,114000.0,106020.0,42,-353794.1131619988,-0.0738069474394023,6,stop
298380,2024-07-05,2024-07-10,29400.0,27341.999999999996,138,-299793.9590478004,-0.07380694743940264,3,stop
032820,2024-07-10,2024-07-11,2925.0,2720.25,1457,-314906.68690796243,-0.07380694743940253,1,stop
007660,2024-07-01,2024-07-12,56794.0,52818.42,84,-352515.48882320523,-0.07380694743940286,9,stop
034020,2024-07-10,2024-07-12,22350.0,20785.5,190,-313781.6836972493,-0.07380694743940241,2,stop
000250,2024-07-08,2024-07-18,196700.0,182931.0,27,-392432.15446785,-0.07380694743940253,8,stop
141080,2024-07-09,2024-07-19,81800.0,76074.0,58,-350572.42909059953,-0.07380694743940253,8,stop
267270,2024-07-18,2024-07-19,63700.0,61789.0,77,-166814.4644666491,-0.03397068711421536,1,stop
010140,2024-07-19,2024-07-22,11000.0,10670.0,417,-156002.76223949995,-0.03397068711421558,1,stop
443060,2024-07-19,2024-07-22,130100.0,126197.0,35,-154863.43532974832,-0.03397068711421525,1,stop
267270,2024-07-22,2024-07-23,59400.0,68310.0,74,639382.1847930001,0.1452924843491259,1,target
012450,2024-07-22,2024-07-23,288789.0,280125.33,15,-147324.66221184796,-0.03397068711421569,1,stop
009540,2024-07-11,2024-07-25,165500.0,183800.0,23,404059.367455001,0.10602789241229149,10,time
082740,2024-07-24,2024-07-25,16900.0,16393.0,281,-161508.94214065,-0.03397068711421558,1,stop
267250,2024-07-12,2024-07-26,77000.0,80900.0,55,196511.76627500076,0.04634852607390516,10,time
016360,2024-07-12,2024-07-26,44500.0,44450.0,95,-22061.137262500823,-0.005212487946875788,10,time
090430,2024-07-23,2024-07-26,177700.0,172369.0,26,-157131.88622169942,-0.03397068711421547,3,stop
010120,2024-07-25,2024-07-26,49900.0,48403.0,88,-149343.6515251994,-0.03397068711421547,1,stop
272210,2024-07-25,2024-07-26,22000.0,21340.0,200,-149642.93739999924,-0.03397068711421547,1,stop
010140,2024-07-29,2024-08-02,11990.0,11150.699999999999,361,-319832.6861882354,-0.07380694743940264,4,stop
316140,2024-07-29,2024-08-05,16110.0,14982.3,269,-320216.9237380349,-0.07380694743940253,5,stop
055550,2024-07-29,2024-08-05,58400.0,54312.0,74,-319330.9606184,-0.07380694743940253,5,stop
009540,2024-07-29,2024-08-05,200000.0,186000.0,21,-310345.7133000009,-0.07380694743940275,5,stop
005940,2024-08-02,2024-08-05,13880.0,12908.4,301,-308711.22587662004,-0.07380694743940264,1,stop
087010,2024-08-06,2024-08-07,56208.0,61828.8,70,376171.4582472001,0.0954971589426421,1,target
310210,2024-08-06,2024-08-07,64600.0,71060.0,61,376748.9244969995,0.09549715894264188,1,target
329180,2024-07-26,2024-08-09,184500.0,221400.0,23,828807.2782650003,0.1950878097556097,10,target
000250,2024-08-06,2024-08-09,158400.0,163800.0,24,113638.21560000023,0.029857866361368224,3,time
000100,2024-08-06,2024-08-09,86400.0,88800.0,45,91747.80899999989,0.023570577799943315,3,time
214450,2024-08-16,2024-08-26,184600.0,171678.0,23,-313729.9594117012,-0.07380694743940286,6,stop
145020,2024-08-20,2024-08-27,289000.0,268770.0,15,-320321.1112274993,-0.07380694743940241,5,stop
259960,2024-08-16,2024-08-30,334500.0,327000.0,13,-115033.58782499935,-0.02642323420507131,10,time
138040,2024-08-19,2024-09-02,89200.0,92500.0,49,143310.88775500003,0.032750582982005616,10,time
326030,2024-08-19,2024-09-02,108200.0,112400.0,40,149767.71800000127,0.03456461657833154,10,time
298380,2024-08-27,2024-09-03,32900.0,30596.999999999996,122,-296587.05334370025,-0.07380694743940264,5,stop
000100,2024-09-04,2024-09-05,142200.0,132246.0,29,-304715.1553587001,-0.07380694743940264,1,stop
021240,2024-08-30,2024-09-06,69500.0,64634.99999999999,61,-313264.4408417498,-0.07380694743940253,5,stop
017670,2024-08-26,2024-09-09,56000.0,56500.0,73,19638.95457500033,0.004798530523689726,10,time
180640,2024-09-27,2024-09-30,91900.0,85467.0,44,-298789.0300714006,-0.07380694743940275,1,stop
347850,2024-09-27,2024-09-30,10635.0,9890.55,384,-301762.4375721598,-0.07380694743940253,1,stop
138040,2024-09-27,2024-10-16,99400.0,102800.0,41,122287.2375500002,0.029971720681393865,10,time
226950,2024-11-04,2024-11-05,21900.0,21243.0,182,-135556.0954292994,-0.03397068711421547,1,stop
226950,2024-11-07,2024-11-08,19800.0,19206.0,200,-134678.6436599996,-0.03397068711421547,1,stop
226950,2024-11-11,2024-11-12,22350.0,21679.5,176,-133780.78603559965,-0.03397068711421547,1,stop
180640,2024-11-12,2024-11-13,77200.0,74884.0,50,-131277.66781,-0.03397068711421558,1,stop
440110,2024-11-13,2024-11-15,17720.0,17188.399999999998,219,-131980.9896157803,-0.03397068711421569,2,stop
440110,2024-11-19,2024-11-21,17570.0,17042.899999999998,219,-130863.76904905541,-0.03397068711421569,2,stop
010130,2024-11-20,2024-11-21,990000.0,960300.0,3,-101008.98274500016,-0.03397068711421569,1,stop
087010,2024-11-26,2024-11-27,85000.0,82450.0,44,-127196.49678999977,-0.03397068711421558,1,stop
010130,2024-11-26,2024-11-27,894000.0,983400.0000000001,4,341890.6141200005,0.09549715894264232,1,target
298040,2024-11-26,2024-11-29,391000.0,403500.0,9,97746.77857500035,0.027744951484204083,3,time
298040,2024-12-03,2024-12-04,386000.0,424600.00000000006,10,369043.0007000007,0.09549715894264232,1,target
272210,2024-12-06,2024-12-09,21650.0,21000.5,182,-134008.65141754923,-0.03397068711421536,1,stop
443060,2024-12-06,2024-12-09,126800.0,122996.0,31,-133685.5587117998,-0.03397068711421558,1,stop
042660,2024-12-06,2024-12-09,32600.0,31622.0,121,-134154.89337910013,-0.03397068711421558,1,stop
083650,2024-12-09,2024-12-10,13250.0,12852.5,292,-131583.7556365002,-0.03397068711421558,1,stop
087010,2024-12-09,2024-12-10,82400.0,79928.0,47,-131712.99271879997,-0.03397068711421558,1,stop
083650,2024-12-12,2024-12-13,14150.0,13725.5,270,-129934.28234925028,-0.03397068711421569,1,stop
272210,2024-12-13,2024-12-17,21200.0,20564.0,178,-128339.22467559949,-0.03397068711421547,2,stop
010130,2024-12-18,2024-12-19,1123000.0,1089310.0,3,-114578.87638649996,-0.03397068711421558,1,stop
