code,entry_date,exit_date,entry_price,exit_price,shares,pnl_krw,pnl_pct,hold_days,reason
086280,2014-06-05,2014-06-16,139804.0,130017.71999999999,14,-144625.24034064426,-0.07380694743940275,6,stop
066570,2014-05-30,2014-06-17,74200.0,77800.0,26,85417.81508000009,0.044225422270737,10,time
011070,2014-05-30,2014-06-17,132000.0,143500.0,15,163877.02537499997,0.08267109027733577,10,time
000660,2014-06-02,2014-06-18,44200.0,49000.0,45,207211.90139999986,0.10405925109398306,10,time
005830,2014-06-02,2014-06-18,57100.0,53103.0,35,-147672.8352452498,-0.07380694743940253,10,stop
064760,2014-06-20,2014-06-27,11100.0,10323.0,186,-152557.08563790005,-0.07380694743940264,5,stop
067310,2014-06-16,2014-06-30,4915.0,5485.0,396,217078.07556599984,0.11140329544074579,10,time
051910,2014-06-17,2014-07-01,288500.0,294000.0,7,30110.18517499999,0.01489259407322141,10,time
034220,2014-06-18,2014-07-02,28051.0,29947.0,73,129607.98789700028,0.0632209974317981,10,time
000660,2014-06-20,2014-07-04,50900.0,50400.0,40,-28284.974199999822,-0.01387646346295468,10,time
000250,2014-07-01,2014-07-08,8060.0,9672.0,262,412444.65786679974,0.19508780975560946,5,target
095340,2014-06-27,2014-07-10,15037.0,18044.399999999998,129,378861.3127328695,0.19508780975560924,9,target
010130,2014-07-01,2014-07-15,400000.0,428000.0,5,131390.8729999999,0.06561996369875178,10,time
000720,2014-07-02,2014-07-16,57405.0,58378.0,39,28660.100677649956,0.012786867548020941,10,time
000250,2014-07-15,2014-07-16,10550.0,9811.5,207,-161368.6871405251,-0.07380694743940264,1,stop
047040,2014-07-04,2014-07-18,9330.0,9200.0,220,-36927.65109000029,-0.017970002701714338,10,time
034220,2014-07-09,2014-07-23,30686.0,30224.0,82,-48084.42002019985,-0.01908758711753611,10,time
021240,2014-07-10,2014-07-24,91000.0,92100.0,25,18095.52362500038,0.007944938447725924,10,time
006400,2014-07-16,2014-07-25,170840.0,158881.19999999998,12,-151484.1761719205,-0.07380694743940286,7,stop
098460,2014-07-18,2014-08-01,5050.0,5290.0,421,92029.15091800038,0.0432367184170257,10,time
016360,2014-07-18,2014-08-01,45297.0,47820.0,47,109506.51750914985,0.05137755742678407,10,time
047040,2014-07-23,2014-08-05,10050.0,9346.5,246,-182682.7873789505,-0.07380694743940275,9,stop
000720,2014-07-24,2014-08-07,61394.0,60227.0,37,-52361.08710864931,-0.023024053407076694,10,time
003550,2014-07-25,2014-08-08,62347.0,64521.0,30,57362.41391700017,0.03063313088095243,10,time
095340,2014-08-01,2014-08-18,19983.0,20052.0,112,-1466.947557600215,-0.0006546914369096601,10,time
005830,2014-08-01,2014-08-18,57900.0,60300.0,38,81914.27820000006,0.03718760691225187,10,time
000270,2014-08-05,2014-08-20,61500.0,60500.0,38,-47465.467499999795,-0.020287093628531316,10,time
034730,2014-08-07,2014-08-22,190000.0,218000.0,11,298526.76260000025,0.14267167774878464,10,time
030200,2014-08-11,2014-08-26,34700.0,34650.0,59,-11331.548112500226,-0.0055285156572558725,10,time
131290,2014-08-18,2014-09-01,8470.0,9230.0,268,193776.79110400006,0.085267658800106,10,time
095340,2014-08-26,2014-09-01,22589.0,21007.769999999997,99,-165245.12677515158,-0.07380694743940264,4,stop
086280,2014-08-20,2014-09-03,157061.0,151810.0,14,-82308.62051510019,-0.037389504720039324,10,time
032830,2014-08-20,2014-09-03,108500.0,109000.0,21,1131.2967750006355,0.0004959390427148325,10,time
042700,2014-09-02,2014-09-04,3480.0,3236.3999999999996,655,-168429.05211810023,-0.07380694743940264,2,stop
058610,2014-09-01,2014-09-12,7420.0,6900.599999999999,307,-168321.17003680998,-0.07380694743940253,6,stop
105560,2014-09-04,2014-09-15,43250.0,40222.5,50,-159791.09643125,-0.07380694743940253,4,stop
071050,2014-08-28,2014-09-16,50100.0,53500.0,45,143309.55645000003,0.06349297774326534,10,time
032640,2014-09-04,2014-09-23,11850.0,12850.0,183,173573.35523999948,0.07994925143175657,10,time
047810,2014-09-04,2014-09-23,38000.0,40850.0,57,153094.38807750028,0.07059949623940032,10,time
005490,2014-09-12,2014-09-23,359000.0,333870.0,5,-132635.8465175,-0.07380694743940253,7,stop
000720,2014-09-19,2014-09-29,63340.0,58906.2,37,-173171.4301846698,-0.07380694743940253,6,stop
131290,2014-09-16,2014-09-30,10750.0,11000.0,219,44940.40691250004,0.019067124597806684,10,time
030200,2014-09-24,2014-09-30,36700.0,34131.0,57,-154574.33277434995,-0.07380694743940253,4,stop
028300,2014-09-23,2014-10-08,2383.0,2601.0,888,184341.08727600006,0.08701335612475192,10,time
000250,2014-11-11,2014-11-14,10300.0,10400.0,212,12188.671820000745,0.005575503354234845,3,time
028300,2014-11-18,2014-11-20,2817.0,3098.7000000000003,778,209534.77602386987,0.0954971589426421,2,target
028300,2014-11-24,2014-11-25,2875.0,2788.75,777,-75973.54926918726,-0.03397068711421547,1,stop
028300,2014-11-27,2014-11-28,2819.0,3100.9,787,212109.18557823496,0.0954971589426421,1,target
028300,2015-03-11,2015-03-12,5012.0,5513.200000000001,451,216111.19878194062,0.09549715894264232,1,target
000990,2015-03-30,2015-04-02,6000.0,5820.0,384,-78358.4835839998,-0.03397068711421547,3,stop
039490,2015-04-07,2015-04-08,81200.0,78764.0,28,-77324.58692560019,-0.03397068711421569,1,stop
021240,2015-04-08,2015-04-09,101500.0,98455.0,22,-75943.79073050013,-0.03397068711421569,1,stop
028300,2015-04-07,2015-04-10,6562.0,7546.299999999999,348,332168.03440277977,0.14529248434912567,3,target
064760,2015-04-10,2015-04-13,14500.0,16675.0,185,390195.35688125016,0.1452924843491259,1,target
028300,2015-04-13,2015-04-14,7858.0,7622.26,391,-104494.23477656301,-0.03397068711421558,1,stop
196170,2015-04-14,2015-04-15,6376.0,6184.72,466,-101050.33861133596,-0.03397068711421558,1,stop
058470,2015-04-07,2015-04-16,8619.0,8870.0,265,56958.478217249736,0.024909006510060783,7,time
028050,2015-04-07,2015-04-16,26805.0,28987.0,85,175585.78383149998,0.0769760101158321,7,time
096770,2015-04-07,2015-04-16,102822.0,118245.29999999999,22,329041.8168407697,0.14529248434912567,7,target
064760,2015-04-15,2015-04-16,16650.0,16150.5,172,-97397.14639230026,-0.03397068711421569,1,stop
010170,2015-04-16,2015-04-17,1007.0,976.79,2522,-86373.01921355957,-0.0339706871142158,1,stop
051910,2015-04-16,2015-04-17,277000.0,268690.0,9,-84786.32794049941,-0.03397068711421536,1,stop
034020,2015-04-16,2015-04-17,24710.0,23968.7,102,-85718.87551857019,-0.03397068711421569,1,stop
009540,2015-04-09,2015-04-20,124452.0,129904.0,17,83740.26676499983,0.03953523472565523,7,time
016360,2015-04-16,2015-04-20,64697.0,62756.09,39,-85812.84448130568,-0.03397068711421569,2,stop
068270,2015-04-17,2015-04-20,65680.0,63709.6,37,-82649.15471635992,-0.03397068711421558,1,stop
024110,2015-04-17,2015-04-20,15150.0,14695.5,162,-83470.15028655017,-0.03397068711421569,1,stop
005830,2015-04-20,2015-04-21,52700.0,51119.0,44,-78861.82800980005,-0.03397068711421558,1,stop
000100,2015-04-20,2015-04-22,31718.0,30766.46,74,-79825.39248762233,-0.03397068711421569,2,stop
028260,2015-04-21,2015-04-22,165000.0,160050.0,13,-72950.93198249955,-0.03397068711421536,1,stop
141080,2015-04-22,2015-04-23,13262.0,12864.14,169,-76225.323511363,-0.03397068711421558,1,stop
009830,2015-04-22,2015-04-23,22130.0,21466.1,101,-76016.23151610559,-0.0339706871142158,1,stop
064760,2015-04-20,2015-04-24,17400.0,16878.0,134,-79297.15291860001,-0.03397068711421558,4,stop
032820,2015-04-23,2015-04-24,705.0,683.85,3071,-73632.99768921733,-0.03397068711421547,1,stop
078600,2015-04-17,2015-04-27,6330.0,6140.099999999999,388,-83529.32726633968,-0.03397068711421547,6,stop
000990,2015-04-24,2015-04-27,7710.0,7478.7,281,-73682.48188783485,-0.03397068711421547,1,stop
039030,2015-04-24,2015-04-27,116900.0,113393.0,18,-71563.33383569983,-0.03397068711421547,1,stop
028260,2015-04-24,2015-04-27,175500.0,170235.0,12,-71624.551401,-0.03397068711421558,1,stop
196170,2015-04-20,2015-04-28,6195.0,6009.15,379,-79851.68203094229,-0.03397068711421547,6,stop
009830,2015-04-27,2015-04-28,22613.0,21934.61,95,-73060.95355124772,-0.03397068711421569,1,stop
078930,2015-04-27,2015-04-30,50100.0,48597.0,43,-73267.22273655026,-0.03397068711421569,3,stop
066970,2015-04-28,2015-05-04,7981.0,7741.57,272,-73829.47206407227,-0.03397068711421569,3,stop
067310,2015-04-29,2015-05-04,7223.0,7006.3099999999995,301,-73941.39817929547,-0.03397068711421558,2,stop
095340,2015-04-30,2015-05-04,39459.0,38275.229999999996,54,-72467.51727518113,-0.03397068711421569,1,stop
000990,2015-04-29,2015-05-06,8280.0,8031.599999999999,263,-74061.01049994025,-0.03397068711421569,3,stop
047810,2015-04-30,2015-05-07,64800.0,62856.0,32,-70522.63522559986,-0.03397068711421547,3,stop
000100,2015-05-06,2015-05-07,35457.0,34393.29,59,-71147.15642093541,-0.03397068711421558,1,stop
000990,2015-05-12,2015-05-13,10050.0,9748.5,206,-70410.40302254981,-0.03397068711421547,1,stop
080220,2015-05-12,2015-05-13,4555.0,4418.349999999999,454,-70331.16028524516,-0.03397068711421569,1,stop
000250,2015-05-13,2015-05-15,12600.0,12222.0,161,-68992.19609309989,-0.03397068711421558,2,stop
028300,2015-05-12,2015-05-18,8991.0,10339.65,230,300800.25511852535,0.14529248434912612,4,target
036930,2015-05-13,2015-05-18,6740.0,6537.8,302,-69226.18323157984,-0.03397068711421547,3,stop
000990,2015-05-15,2015-05-18,11800.0,11446.0,166,-66618.31494980003,-0.03397068711421558,1,stop
084370,2015-05-18,2015-05-19,18216.0,17669.52,114,-70625.48073530407,-0.03397068711421558,1,stop
039030,2015-05-18,2015-05-19,112300.0,108931.0,18,-68747.32583189989,-0.03397068711421558,1,stop
058470,2015-05-18,2015-05-19,10451.0,10137.47,198,-70376.3252445329,-0.03397068711421558,1,stop
090430,2015-05-19,2015-05-20,443000.0,429710.0,4,-60265.29206200014,-0.03397068711421569,1,stop
005290,2015-05-13,2015-05-22,5850.0,6160.0,348,99218.84880599985,0.04868104103911031,7,time
009830,2015-05-20,2015-05-22,22552.0,25934.8,88,288675.6162452798,0.14529248434912567,2,target
028300,2015-05-21,2015-05-22,11676.0,11325.72,171,-67903.747782066,-0.03397068711421558,1,stop
007660,2015-05-14,2015-05-26,5672.0,6522.799999999999,360,297016.8511176002,0.1452924843491259,7,target
035720,2015-05-20,2015-05-27,22981.0,22291.57,86,-67215.73036761093,-0.03397068711421558,4,stop
009830,2015-05-26,2015-05-27,24185.0,23459.45,89,-73204.81482970226,-0.03397068711421547,1,stop
028260,2015-05-27,2015-05-28,198000.0,192060.0,10,-67339.32183000003,-0.03397068711421558,1,stop
010170,2015-05-27,2015-05-28,1113.0,1079.61,1889,-71504.0548266347,-0.03397068711421569,1,stop
064760,2015-05-29,2015-06-01,21700.0,21049.0,98,-72325.15242609987,-0.03397068711421558,1,stop
058610,2015-05-29,2015-06-02,6680.0,6479.599999999999,318,-72244.88939604,-0.03397068711421558,2,stop
086280,2015-06-01,2015-06-02,126049.0,122267.53,16,-68590.33678666409,-0.03397068711421558,1,stop
018260,2015-05-28,2015-06-03,320000.0,310400.0,6,-65298.73632000014,-0.03397068711421569,4,stop
028260,2015-06-01,2015-06-03,188000.0,182360.0,11,-70332.18057799991,-0.03397068711421558,2,stop
028300,2015-06-02,2015-06-03,12812.0,12427.64,160,-69717.28414432006,-0.03397068711421558,1,stop
034730,2015-06-02,2015-06-03,287000.0,278390.0,7,-68325.60482649994,-0.03397068711421558,1,stop
196170,2015-06-03,2015-06-04,6042.0,5860.74,323,-66372.28835681127,-0.03397068711421569,1,stop
003670,2015-06-03,2015-06-04,11280.0,10941.6,173,-66368.00312723988,-0.03397068711421547,1,stop
064760,2015-06-03,2015-06-04,19800.0,22770.0,98,282249.7932869999,0.1452924843491259,1,target
080220,2015-05-28,2015-06-05,4740.0,5451.0,437,301302.09071265,0.1452924843491259,6,target
141080,2015-06-05,2015-06-10,12936.0,12547.92,162,-71271.93822487188,-0.03397068711421558,3,stop
005290,2015-06-05,2015-06-10,6590.0,7578.499999999999,319,305786.6099494244,0.14529248434912545,3,target
034730,2015-06-05,2015-06-10,272000.0,263840.0,7,-64754.58018400008,-0.03397068711421558,3,stop
012450,2015-06-03,2015-06-11,30558.0,35141.7,63,280032.11633974477,0.14529248434912567,6,target
064760,2015-06-10,2015-06-11,24900.0,23157.0,86,-158231.97868109983,-0.07380694743940253,1,stop
095340,2015-06-16,2015-06-22,41261.0,38372.729999999996,51,-155491.40435715206,-0.07380694743940286,4,stop
196170,2015-06-25,2015-06-26,6758.0,8109.599999999999,288,380136.89664575993,0.19508780975560946,1,target
064760,2015-06-15,2015-06-29,24650.0,26950.0,86,188529.10152999964,0.08883084763061766,10,time
005290,2015-06-18,2015-06-29,7230.0,6723.9,299,-159737.1553906051,-0.07380694743940264,7,stop
000100,2015-06-26,2015-06-30,40745.0,37892.85,57,-171611.20405697264,-0.07380694743940264,2,stop
141080,2015-06-17,2015-07-01,17516.0,18867.0,121,154303.2067032503,0.07272026084052152,10,time
000990,2015-06-17,2015-07-01,15600.0,15850.0,136,25205.02517999988,0.011866548324060311,10,time
028300,2015-06-29,2015-07-07,15799.0,14693.07,136,-158768.728981436,-0.07380694743940253,6,stop
090430,2015-07-03,2015-07-07,445500.0,414315.0,4,-131675.2526430001,-0.07380694743940264,2,stop
141080,2015-07-06,2015-07-07,20568.0,19128.239999999998,127,-193015.52622776432,-0.07380694743940264,1,stop
000880,2015-07-02,2015-07-09,49806.0,46319.579999999994,44,-161931.29958363622,-0.07380694743940264,5,stop
047810,2015-06-29,2015-07-13,76800.0,80300.0,28,88898.32181999972,0.04129287243245927,10,time
000990,2015-07-09,2015-07-23,16700.0,17000.0,121,27911.753045000136,0.013797044203860409,10,time
009830,2015-07-16,2015-07-24,26301.0,24459.929999999997,79,-153530.90615113382,-0.07380694743940275,6,stop
095340,2015-07-30,2015-08-05,41032.0,38159.759999999995,49,-148564.56192813232,-0.07380694743940275,4,stop
015760,2015-08-03,2015-08-18,50500.0,50800.0,40,3686.2593999998644,0.0018227844155933592,10,time
047810,2015-08-06,2015-08-19,102000.0,94860.0,19,-143202.37913700007,-0.07380694743940264,8,stop
047810,2015-08-21,2015-08-25,82100.0,90310.00000000001,24,188384.02294800058,0.09549715894264232,2,target
066970,2015-11-06,2015-11-09,8390.0,8138.3,241,-68767.3915894148,-0.03397068711421547,1,stop
032820,2015-11-10,2015-11-13,666.0,646.02,3015,-68291.25497041503,-0.03397068711421558,3,stop
066970,2015-11-11,2015-11-16,8204.0,8511.0,244,66483.48906739964,0.03317409686636519,3,time
087010,2015-12-14,2015-12-17,25849.0,26080.0,77,9577.616406050045,0.004806442493787699,3,time
028050,2016-01-25,2016-01-26,10850.0,10524.5,185,-68266.08774912497,-0.03397068711421558,1,stop
028050,2016-01-28,2016-01-29,11000.0,12100.000000000002,181,190353.52704500058,0.09549715894264232,1,target
196170,2016-02-04,2016-02-05,5561.0,5394.17,365,-69031.81746175233,-0.03397068711421547,1,stop
068270,2016-02-15,2016-02-18,75858.0,78634.0,26,63880.30889760004,0.03235139814217147,3,time
042660,2016-04-05,2016-04-06,21766.0,21113.02,93,-68843.84552652272,-0.03397068711421547,1,stop
001440,2016-04-11,2016-04-12,29822.0,28927.34,67,-67954.01420512889,-0.03397068711421558,1,stop
001440,2016-04-14,2016-04-18,28687.0,27826.39,69,-67319.01800417528,-0.03397068711421547,2,stop
086520,2016-04-29,2016-05-02,1916.0,1858.52,1039,-67704.04248015396,-0.03397068711421558,1,stop
058610,2016-05-02,2016-05-03,6160.0,5975.2,321,-67249.53606756008,-0.03397068711421558,1,stop
032820,2016-05-02,2016-05-03,770.0,746.9,2570,-67301.91109564994,-0.03397068711421558,1,stop
028300,2016-05-11,2016-05-13,7956.0,7717.32,246,-66563.08310199599,-0.03397068711421558,2,stop
082740,2016-05-16,2016-05-17,2050.0,1988.5,947,-66024.84466397506,-0.03397068711421558,1,stop
012450,2016-05-03,2016-05-19,44819.0,45431.0,43,18340.298406800255,0.00950553494810813,10,time
006260,2016-05-18,2016-06-01,53800.0,57500.0,35,121401.31692499993,0.06439821965532144,10,time
043260,2016-05-30,2016-06-03,1175.0,1092.75,1651,-143344.62092226231,-0.07380694743940253,4,stop
145020,2016-06-01,2016-06-14,115944.0,107827.92,16,-137077.0414584959,-0.07380694743940253,8,stop
035420,2016-06-01,2016-06-16,140198.0,140399.0,13,-4863.976021450013,-0.00266567401176776,10,time
021240,2016-06-02,2016-06-17,108500.0,103000.0,19,-112640.36807500012,-0.05457723191376518,10,time
005930,2016-06-08,2016-06-22,28380.0,28900.0,68,27346.88666399964,0.014154266559111672,10,time
012450,2016-06-09,2016-06-23,48741.0,48436.0,40,-20154.048438000027,-0.010325442076097757,10,time
005290,2016-06-16,2016-06-30,8200.0,9310.0,215,230721.3212675003,0.1307182427667406,10,time
035420,2016-06-23,2016-07-07,146808.0,150813.0,12,40698.53416979988,0.023075365174654028,10,time
033780,2016-07-01,2016-07-12,137500.0,127874.99999999999,14,-142241.7852625004,-0.07380694743940275,7,stop
145020,2016-07-12,2016-07-18,125424.0,116644.31999999999,14,-129749.33581646415,-0.07380694743940264,4,stop
214370,2016-07-05,2016-07-19,21744.0,21248.0,90,-52528.41252000001,-0.026811006036638774,10,time
012450,2016-07-05,2016-07-19,50116.0,53784.0,39,134620.24529460003,0.06879710338507516,10,time
005290,2016-07-06,2016-07-20,9960.0,10750.0,201,150117.44666850008,0.07489909260983962,10,time
066970,2016-07-18,2016-07-21,13164.0,12242.519999999999,126,-122561.72909643641,-0.07380694743940286,3,stop
084370,2016-07-08,2016-07-22,17450.0,18550.0,103,105600.08616499999,0.058685714945871936,10,time
005290,2016-07-27,2016-07-28,12100.0,11253.0,153,-136795.95691245003,-0.07380694743940264,1,stop
036930,2016-07-19,2016-08-02,10100.0,11250.0,198,218833.14865500014,0.10930180360978614,10,time
034220,2016-07-20,2016-08-03,27451.0,28330.0,75,57293.17318874993,0.027796123103482007,10,time
064350,2016-07-22,2016-08-05,20250.0,21500.0,91,105862.70126250014,0.0573822185080497,10,time
098460,2016-07-22,2016-08-05,9190.0,9230.0,200,443.9240000001155,0.00024124809977132955,10,time
240810,2016-08-03,2016-08-09,25750.0,23947.5,82,-156022.61276975018,-0.07380694743940264,4,stop
009540,2016-07-29,2016-08-12,114459.0,126724.0,14,164636.7281013003,0.10262413909107115,10,time
012450,2016-08-02,2016-08-17,59284.0,61322.0,39,69772.33322669985,0.030142684223869898,10,time
145020,2016-08-18,2016-08-22,127880.0,153456.0,16,399624.36571519985,0.19508780975560946,2,target
084370,2016-08-08,2016-08-23,20800.0,22200.0,91,119267.34547000006,0.06293867694609512,10,time
034020,2016-08-08,2016-08-23,20961.0,21613.0,90,50775.79510799982,0.026884564677575273,10,time
064350,2016-08-10,2016-08-25,22050.0,23800.0,90,148902.8042250001,0.07494670718758534,10,time
034220,2016-08-22,2016-08-31,29808.0,27721.44,82,-180610.564716144,-0.07380694743940253,7,stop
006260,2016-08-19,2016-09-02,60100.0,61800.0,35,50704.02732499968,0.02407690852602129,10,time
003490,2016-09-02,2016-09-06,21274.0,19784.82,104,-163485.39268890396,-0.07380694743940253,2,stop
066970,2016-08-26,2016-09-09,14509.0,15390.0,139,113832.93579685013,0.056378879324260334,10,time
105560,2016-08-26,2016-09-09,37750.0,39750.0,53,97488.03304999997,0.048669766838531636,10,time
009540,2016-09-06,2016-09-13,128994.0,119964.42,16,-152505.65691969614,-0.07380694743940264,5,stop
035420,2016-09-01,2016-09-20,169238.0,167437.0,12,-29871.140802599723,-0.014691747706139568,10,time
034020,2016-09-06,2016-09-21,22605.0,21022.649999999998,94,-157010.546623755,-0.07380694743940264,8,stop
003230,2016-09-19,2016-09-21,29650.0,35580.0,68,393788.43747800007,0.1950878097556097,2,target
003230,2016-09-23,2016-09-26,35050.0,42060.0,63,431278.6123485002,0.1950878097556097,1,target
000660,2016-09-09,2016-09-28,38550.0,41200.0,56,139115.31522000022,0.06436700739150703,10,time
010170,2016-09-20,2016-10-05,1496.0,1558.0,1360,75733.3866320001,0.03718070833290987,10,time
066970,2016-09-20,2016-10-05,16271.0,16921.0,125,72675.24441249995,0.03569135419225766,10,time
161390,2016-09-22,2016-10-07,62000.0,59300.0,35,-103114.50327499979,-0.047463613998553034,10,time
003230,2016-09-30,2016-10-07,46700.0,43431.0,52,-179438.93575660046,-0.07380694743940275,4,stop
237690,2016-09-29,2016-10-10,57300.0,53289.0,43,-182062.09595235018,-0.07380694743940264,6,stop
031980,2016-10-05,2016-10-11,12840.0,11941.199999999999,165,-156547.24480889994,-0.07380694743940253,4,stop
028260,2016-10-07,2016-10-12,166500.0,154845.0,13,-159938.8801042498,-0.07380694743940253,3,stop
005930,2016-10-10,2016-10-12,33000.0,30689.999999999996,72,-175567.00352399983,-0.07380694743940253,2,stop
012450,2016-10-05,2016-10-19,66721.0,68657.0,31,51362.55376300006,0.024804081603379435,10,time
009540,2016-10-07,2016-10-21,132628.0,138533.0,16,85504.89112239983,0.04024728029321256,10,time
086790,2016-10-12,2016-10-26,30700.0,32150.0,67,88434.0093624997,0.04294443766674383,10,time
000720,2016-10-12,2016-10-26,41691.0,41108.0,49,-36854.82780944975,-0.01802008260308774,10,time
009830,2016-10-21,2016-10-28,34887.0,32444.909999999996,63,-162405.4634984564,-0.07380694743940253,5,stop
131970,2016-10-17,2016-10-31,5887.0,5711.0,352,-70261.75080320006,-0.033867493132568094,10,time
105560,2016-10-19,2016-11-02,40850.0,41000.0,52,-928.3912299997173,-0.00043655242798856797,10,time
000660,2016-10-27,2016-11-09,42900.0,39897.0,48,-152158.0697207998,-0.07380694743940253,9,stop
086790,2016-11-11,2016-11-17,35000.0,32549.999999999996,57,-147414.21381750004,-0.07380694743940264,4,stop
222800,2016-11-08,2016-11-22,9894.0,10465.0,208,109983.96711119986,0.05338201006438692,10,time
005490,2016-12-09,2016-12-19,278000.0,258539.99999999997,7,-143793.5138290003,-0.07380694743940275,6,stop
055550,2016-12-09,2016-12-23,47250.0,46800.0,42,-26977.159754999913,-0.01357831575727464,10,time
047050,2016-12-09,2016-12-23,27650.0,28100.0,73,24481.144767500227,0.012114751480790664,10,time
000660,2016-12-09,2016-12-23,46450.0,46300.0,43,-14616.524847500259,-0.007309551638236211,10,time
024110,2016-12-09,2016-12-23,13750.0,13450.0,147,-52253.47774500004,-0.02582236113860914,10,time
222800,2017-01-13,2017-01-17,12843.0,11943.99,157,-148991.8784186116,-0.07380694743940264,2,stop
083650,2017-01-12,2017-01-20,4030.0,4836.0,492,387257.19784439984,0.19508780975560946,6,target
083650,2017-01-23,2017-01-25,4850.0,5820.0,490,464159.41953500034,0.1950878097556097,2,target
000660,2017-01-12,2017-01-26,51600.0,53300.0,38,56373.80541000003,0.02871738145952829,10,time
005930,2017-01-12,2017-01-26,38000.0,39900.0,52,90410.68946000002,0.04570183353615831,10,time
078600,2017-01-12,2017-01-26,4540.0,4850.0,437,126939.88083049981,0.06390893489623828,10,time
105560,2017-01-17,2017-02-02,45300.0,47350.0,41,76190.62953749998,0.04097512494348998,10,time
131970,2017-01-31,2017-02-07,7773.0,7228.889999999999,293,-168287.8448185483,-0.07380694743940253,5,stop
036930,2017-02-02,2017-02-07,11700.0,10881.0,169,-146106.32831144985,-0.07380694743940253,3,stop
011070,2017-01-26,2017-02-13,99500.0,105000.0,22,111672.3261500001,0.05095661661925477,10,time
000660,2017-01-31,2017-02-13,53300.0,49569.0,42,-165414.26518890006,-0.07380694743940264,9,stop
005940,2017-01-31,2017-02-14,11400.0,11600.0,200,30538.182000000495,0.013378552131949828,10,time
003230,2017-02-10,2017-02-15,58300.0,54219.0,33,-142160.50424234988,-0.07380694743940253,3,stop
034020,2017-02-14,2017-02-17,23371.0,21735.03,101,-174419.53719499195,-0.07380694743940275,3,stop
032640,2017-02-09,2017-02-23,12550.0,13300.0,157,109327.97874250007,0.055422833316707054,10,time
006260,2017-02-13,2017-02-27,70400.0,66600.0,31,-126396.63139000046,-0.05784980907050685,10,time
071050,2017-02-13,2017-02-27,48600.0,46950.0,45,-82993.87068750011,-0.037905132578431644,10,time
003670,2017-02-15,2017-03-02,11870.0,12054.0,151,20356.60064479988,0.011344317522754555,10,time
098460,2017-02-20,2017-03-07,9560.0,10180.0,228,132010.49907599995,0.06049458710879585,10,time
011070,2017-02-23,2017-03-10,120500.0,126500.0,17,93304.13620000007,0.045495213928662626,10,time
028050,2017-03-07,2017-03-10,13200.0,12276.0,175,-170690.14231499983,-0.07380694743940253,3,stop
009540,2017-03-02,2017-03-16,151705.0,161244.0,13,115559.09456064994,0.05852772813592999,10,time
006400,2017-03-02,2017-03-16,125805.0,133148.0,15,102086.67626775033,0.05403568812408044,10,time
010140,2017-03-03,2017-03-17,9412.0,10204.0,228,171249.1780079999,0.0797099457028474,10,time
017670,2017-03-10,2017-03-24,42961.0,44859.0,49,84100.7497140998,0.039905264034567844,10,time
105560,2017-03-10,2017-03-24,48700.0,50200.0,44,57023.805740000214,0.02658124657309391,10,time
006800,2017-03-17,2017-03-27,9489.0,8824.769999999999,226,-158462.07785996143,-0.07380694743940275,6,stop
066570,2017-03-24,2017-03-30,73000.0,67890.0,30,-161823.1219349997,-0.07380694743940241,4,stop
005940,2017-03-17,2017-03-31,12850.0,12550.0,166,-58395.05752999964,-0.02734422746868337,10,time
000250,2017-03-17,2017-03-31,15000.0,13949.999999999998,142,-157389.61174500012,-0.07380694743940264,10,stop
047040,2017-03-24,2017-04-07,7290.0,7200.0,302,-36122.38715699967,-0.01638863394600021,10,time
042700,2017-04-10,2017-04-12,3600.0,3348.0,603,-160404.3986742003,-0.07380694743940275,2,stop
006400,2017-03-30,2017-04-13,137554.0,134127.0,14,-55728.69169630017,-0.028905359234127292,10,time
003670,2017-03-30,2017-04-13,13781.0,13738.0,146,-14505.17709529982,-0.0072009572102552655,10,time
009150,2017-03-31,2017-04-14,69200.0,67500.0,29,-57378.9288949999,-0.028559403197210398,10,time
098460,2017-04-04,2017-04-18,10519.0,10800.0,203,48123.714326450136,0.022510722293039853,10,time
010170,2017-04-19,2017-04-20,1689.0,2026.8,1185,390910.51235834975,0.19508780975560946,1,target
000990,2017-04-12,2017-04-26,20850.0,21450.0,96,49227.23519999976,0.024565688219737147,10,time
010170,2017-04-24,2017-04-26,2071.0,1926.03,1032,-157926.95318002813,-0.07380694743940264,2,stop
011070,2017-04-24,2017-04-27,143000.0,132990.0,14,-147931.456673,-0.07380694743940253,3,stop
240810,2017-04-19,2017-05-08,26500.0,27250.0,75,47938.999687500065,0.024092541378627708,10,time
009150,2017-04-26,2017-05-16,70900.0,76800.0,29,162169.27962499997,0.07878166183863211,10,time
096770,2017-04-26,2017-05-16,168747.0,168747.0,12,-8298.707464800216,-0.004093491870325483,10,time
078930,2017-04-26,2017-05-16,60000.0,64800.0,35,158898.50759999966,0.07557902878004841,10,time
005940,2017-04-27,2017-05-17,13500.0,14000.0,146,64707.2401500002,0.0327919343566998,10,time
031980,2017-05-16,2017-05-22,13349.0,15351.349999999999,163,316503.6363460468,0.14529248434912545,4,target
066570,2017-05-10,2017-05-24,77100.0,82300.0,26,126586.17191999964,0.06307529985826466,10,time
131970,2017-05-16,2017-05-25,8805.0,9233.0,247,96491.4351491998,0.044316273658294714,7,time
006400,2017-05-16,2017-05-25,150771.0,153218.0,14,25506.549732299987,0.012069982706306215,7,time
009830,2017-05-17,2017-05-26,34888.0,35372.0,60,20375.708531999495,0.009722684176875829,7,time
131290,2017-05-24,2017-05-29,12700.0,12319.0,168,-72563.22073559975,-0.03397068711421547,3,stop
010140,2017-05-26,2017-05-29,10495.0,10180.15,202,-72100.347922415,-0.03397068711421558,1,stop
005290,2017-05-22,2017-05-31,11850.0,13600.0,211,357914.4981674999,0.1429813089083185,7,time
078600,2017-05-31,2017-06-01,5910.0,5732.7,522,-104920.78516766988,-0.03397068711421558,1,stop
214450,2017-05-25,2017-06-05,39150.0,40450.0,56,63600.488280000165,0.028976200609076352,7,time
141080,2017-05-25,2017-06-05,16189.0,17416.0,136,157357.02966759913,0.07138845793973725,7,time
222800,2017-06-01,2017-06-05,10370.0,10058.9,287,-101219.50315011526,-0.03397068711421569,2,stop
207940,2017-05-29,2017-06-07,306175.0,352101.25,6,267216.54440212506,0.1452924843491259,6,target
240810,2017-06-05,2017-06-07,31550.0,30603.5,79,-84767.62257332494,-0.03397068711421558,1,stop
084370,2017-05-29,2017-06-08,18950.0,19500.0,108,50837.50971000013,0.024811446360351264,7,time
087010,2017-06-07,2017-06-08,21425.0,20782.25,106,-77237.86204142543,-0.0339706871142158,1,stop
145020,2017-06-08,2017-06-12,175110.0,169856.69999999998,12,-71465.38573122048,-0.0339706871142158,2,stop
011070,2017-06-12,2017-06-13,151000.0,146470.0,13,-66761.15593550005,-0.03397068711421558,1,stop
036930,2017-06-05,2017-06-15,12100.0,12400.0,206,51402.637190000154,0.020598405025451738,7,time
034220,2017-06-05,2017-06-15,31010.0,35262.0,80,328990.3767520003,0.13246227957654289,7,time
010170,2017-06-13,2017-06-15,2520.0,2444.4,799,-68477.96854457981,-0.03397068711421547,2,stop
000250,2017-06-07,2017-06-16,15500.0,15750.0,146,27118.16957500018,0.011969516325314622,7,time
141080,2017-06-08,2017-06-19,17616.0,18267.0,122,70380.2052465002,0.03271027384223246,7,time
010140,2017-06-15,2017-06-20,11242.0,10904.74,216,-82584.94429231202,-0.03397068711421558,3,stop
039030,2017-06-15,2017-06-21,97400.0,94478.0,24,-79501.21146959998,-0.03397068711421558,4,stop
028300,2017-06-20,2017-06-21,6383.0,6191.51,364,-79018.68101600138,-0.03397068711421536,1,stop
078600,2017-06-20,2017-06-21,6300.0,6111.0,369,-79062.48558495007,-0.03397068711421558,1,stop
009150,2017-06-20,2017-06-21,95400.0,92538.0,24,-77868.74306160025,-0.03397068711421569,1,stop
087010,2017-06-23,2017-06-26,24604.0,23865.88,91,-76146.62493019365,-0.03397068711421547,1,stop
086520,2017-06-16,2017-06-27,2373.0,2640.0,1016,260591.64752280014,0.1079617283869958,7,time
031980,2017-06-26,2017-06-29,16824.0,16319.279999999999,130,-74383.4230105197,-0.03397068711421547,3,stop
068270,2017-06-21,2017-06-30,89901.0,90453.0,25,4548.509955000132,0.0020214611612048294,7,time
018260,2017-06-29,2017-06-30,189000.0,183330.0,12,-77134.13227799954,-0.03397068711421536,1,stop
009150,2017-06-23,2017-07-03,101500.0,98455.0,22,-75943.79073050013,-0.03397068711421569,6,stop
078600,2017-06-23,2017-07-04,6380.0,6480.0,352,25892.655007999856,0.011516328006315302,7,time
145020,2017-07-04,2017-07-05,198265.0,192317.05,11,-74172.39245902747,-0.03397068711421558,1,stop
207940,2017-06-27,2017-07-06,399992.0,421082.0,6,116331.4704665998,0.04841672897522864,7,time
218410,2017-07-05,2017-07-06,11242.0,10904.74,191,-73026.50166588672,-0.03397068711421547,1,stop
064760,2017-06-30,2017-07-07,42900.0,49334.99999999999,53,330731.47546724975,0.14529248434912567,5,target
083650,2017-06-30,2017-07-10,7370.0,8475.5,310,332331.53098474955,0.14529248434912567,6,target
064760,2017-07-10,2017-07-11,49700.0,48209.0,49,-82823.96487504989,-0.03397068711421558,1,stop
267270,2017-07-10,2017-07-11,87771.0,85137.87,27,-80596.90385919483,-0.03397068711421569,1,stop
047040,2017-07-04,2017-07-13,7810.0,7575.7,284,-75435.00474334043,-0.0339706871142158,7,stop
086520,2017-07-11,2017-07-17,2823.0,3246.45,854,350680.0949018849,0.1452924843491259,4,target
064760,2017-07-13,2017-07-17,52200.0,50634.0,44,-78113.61332280003,-0.03397068711421558,2,stop
003670,2017-07-12,2017-07-21,14964.0,17208.6,161,350441.8320893692,0.14529248434912545,7,target
066970,2017-07-14,2017-07-24,22158.0,25481.699999999997,105,338424.8333145743,0.14529248434912545,6,target
036930,2017-07-24,2017-07-25,17600.0,17072.0,151,-90384.33418959985,-0.03397068711421558,1,stop
031980,2017-07-17,2017-07-26,17968.0,18265.0,135,30035.87615925027,0.012368230798559088,7,time
051910,2017-07-17,2017-07-26,322000.0,326500.0,7,22169.793624999933,0.009824456224654554,7,time
086520,2017-07-25,2017-07-26,4081.0,3958.5699999999997,631,-87578.90322069312,-0.03397068711421547,1,stop
005290,2017-07-18,2017-07-27,16700.0,17000.0,158,36446.75191000011,0.013797044203860409,7,time
078600,2017-07-26,2017-07-27,8570.0,8312.9,280,-81609.81649659993,-0.03397068711421558,1,stop
207940,2017-07-26,2017-07-27,425446.0,412682.62,5,-72346.57857395522,-0.03397068711421569,1,stop
066970,2017-07-27,2017-07-28,25032.0,24281.04,97,-82579.23065288411,-0.03397068711421558,1,stop
010170,2017-07-21,2017-07-31,3153.0,3058.41,878,-94150.37078733975,-0.0339706871142158,6,stop
003670,2017-07-26,2017-07-31,18786.0,18222.42,128,-81780.13736716798,-0.03397068711421558,3,stop
095340,2017-07-28,2017-07-31,26097.0,25314.09,93,-82542.39808442816,-0.03397068711421547,1,stop
035720,2017-08-01,2017-08-02,24385.0,23653.45,100,-82932.79610225,-0.03397068711421558,1,stop
003230,2017-08-02,2017-08-03,52700.0,51119.0,45,-80654.14228274999,-0.03397068711421558,1,stop
010950,2017-07-27,2017-08-04,115000.0,111550.0,21,-82133.56677749986,-0.03397068711421558,6,stop
079550,2017-07-27,2017-08-07,80100.0,80400.0,30,-874.5070499996655,-0.0003635049484912445,7,time
087010,2017-08-08,2017-08-09,21770.0,21116.899999999998,109,-80702.77623740537,-0.03397068711421569,1,stop
267270,2017-08-02,2017-08-10,94230.0,91403.09999999999,25,-80118.48858637456,-0.03397068711421536,6,stop
180640,2017-08-09,2017-08-10,25950.0,25171.5,91,-80312.34420982515,-0.03397068711421569,1,stop
267250,2017-08-02,2017-08-11,92000.0,95500.0,26,80928.83305000002,0.03379425572156447,7,time
001440,2017-08-10,2017-08-11,11754.0,11401.38,197,-78750.88817757322,-0.03397068711421569,1,stop
066970,2017-08-16,2017-08-24,27443.0,32931.6,85,455595.9565644497,0.19508780975560946,6,target
055550,2017-08-11,2017-08-28,53800.0,53400.0,43,-26630.06942000054,-0.01149800122444955,10,time
009830,2017-08-16,2017-08-30,43171.0,42326.0,54,-55049.34365730034,-0.02358669331040275,10,time
131290,2017-08-18,2017-09-01,15550.0,16550.0,151,140932.06594000012,0.05995194273608462,10,time
003670,2017-09-01,2017-09-05,30932.0,28766.76,82,-187421.027502676,-0.07380694743940264,2,stop
051910,2017-08-23,2017-09-06,365000.0,372000.0,6,32901.123900000006,0.015006084997915003,10,time
031980,2017-08-24,2017-09-07,19917.0,21062.0,148,156880.09373579966,0.05315975670167217,10,time
007660,2017-09-06,2017-09-08,4714.0,4384.0199999999995,486,-169286.49298884673,-0.07380694743940286,2,stop
010170,2017-08-28,2017-09-11,3626.0,3659.0,633,11420.991847950034,0.004970191187666728,10,time
010950,2017-08-30,2017-09-13,123000.0,122000.0,18,-27020.349899999797,-0.012190292749428289,10,time
035720,2017-09-06,2017-09-20,25289.0,28602.0,90,287963.43574950006,0.1263758134178874,10,time
086520,2017-09-12,2017-09-20,4729.0,4397.969999999999,522,-182404.806290037,-0.07380694743940253,6,stop
031980,2017-09-13,2017-09-20,22163.0,20611.59,100,-163766.47723495006,-0.07380694743940264,5,stop
066970,2017-09-12,2017-09-21,38800.0,36084.0,63,-180621.2051406009,-0.07380694743940297,7,stop
005290,2017-09-08,2017-09-22,19200.0,18700.0,136,-78500.75243999995,-0.03002855718620223,10,time
068270,2017-09-20,2017-10-12,110176.0,121966.0,20,226074.38414600026,0.10247906232340909,10,time
078600,2017-09-22,2017-10-16,8650.0,8370.0,274,-86206.96942400001,-0.03633092797163273,10,time
240810,2017-10-12,2017-10-16,36900.0,34317.0,66,-179956.17861210043,-0.07380694743940275,2,stop
005930,2017-09-25,2017-10-17,52999.0,54800.0,44,69453.56264659995,0.02974917725817794,10,time
068270,2017-10-16,2017-10-18,136503.0,163803.6,16,426571.1979451198,0.19508780975560946,2,target
098460,2017-09-27,2017-10-19,13340.0,14260.0,179,154408.58727400005,0.06458971558689353,10,time
034730,2017-10-11,2017-10-25,298000.0,298500.0,8,-5781.901000000071,-0.0024225077962822805,10,time
010130,2017-10-17,2017-10-26,541000.0,503129.99999999994,4,-159901.9341859999,-0.07380694743940253,7,stop
028300,2017-10-25,2017-10-26,10942.0,10176.06,223,-180300.95792120928,-0.07380694743940264,1,stop
066570,2017-10-20,2017-11-03,96500.0,92000.0,26,-126937.46194999991,-0.05053472800072467,10,time
018260,2017-10-23,2017-11-06,197500.0,212000.0,13,177422.1640750002,0.06902369480248627,10,time
042700,2017-10-23,2017-11-06,4820.0,4825.0,544,-8033.826951999683,-0.0030603938328462865,10,time
005290,2017-10-30,2017-11-13,20950.0,21850.0,101,81960.43596500065,0.038690081271283816,10,time
066970,2017-11-13,2017-11-14,40979.0,39749.63,53,-73865.3523592893,-0.03397068711421547,1,stop
098460,2017-11-01,2017-11-15,15380.0,16300.0,139,118741.78944200044,0.0554795892401625,10,time
064760,2017-11-03,2017-11-16,56700.0,68040.0,42,465116.4492660002,0.1950878097556097,9,target
028300,2017-11-15,2017-11-16,14585.0,16772.75,158,335201.4487447748,0.14529248434912567,1,target
078600,2017-11-16,2017-11-17,9390.0,10798.5,292,398832.7474838998,0.14529248434912567,1,target
058470,2017-11-06,2017-11-20,10731.0,11973.0,250,298590.1844250001,0.11117217611001728,10,time
010120,2017-11-06,2017-11-20,12200.0,12300.0,220,10935.574100000318,0.0040696762290983735,10,time
031980,2017-11-17,2017-11-21,23604.0,22895.88,135,-108373.45585058955,-0.03397068711421547,2,stop
028300,2017-11-20,2017-11-21,15618.0,17960.699999999997,182,413465.4006510293,0.14529248434912567,1,target
078600,2017-11-20,2017-11-21,11550.0,13282.499999999998,246,413294.3401702498,0.1452924843491259,1,target
218410,2017-11-21,2017-11-22,10215.0,11747.25,313,465077.2278022878,0.1452924843491259,1,target
082740,2017-11-21,2017-11-22,2859.0,2773.23,1119,-108804.73359812796,-0.03397068711421547,1,stop
039490,2017-11-14,2017-11-23,80000.0,89800.0,26,245524.58085999964,0.11790505537555962,7,time
196170,2017-11-21,2017-11-23,5520.0,6347.999999999999,579,464900.4943973995,0.14529248434912567,2,target
078600,2017-11-23,2017-11-24,14100.0,13677.0,226,-108375.49643609999,-0.03397068711421558,1,stop
086520,2017-11-23,2017-11-24,4842.0,4696.74,658,-108356.3149323063,-0.03397068711421569,1,stop
068270,2017-11-16,2017-11-27,167152.0,167468.0,16,-5919.262563199736,-0.002210735716830392,7,time
042700,2017-11-23,2017-11-27,6450.0,6256.5,494,-108365.29350855015,-0.03397068711421558,2,stop
214150,2017-11-23,2017-11-27,3830.0,3715.1,832,-108374.13604575954,-0.03397068711421547,2,stop
218410,2017-11-24,2017-11-27,12831.0,12446.07,240,-104731.01071523968,-0.03397068711421547,1,stop
078600,2017-11-27,2017-11-28,14000.0,13580.0,210,-99988.6899899994,-0.03397068711421536,1,stop
263750,2017-11-27,2017-11-28,39180.0,38004.6,75,-99937.67535225023,-0.03397068711421569,1,stop
095340,2017-11-27,2017-11-28,21571.0,20923.87,136,-99772.93208207563,-0.03397068711421547,1,stop
003230,2017-11-27,2017-11-29,71500.0,69355.0,41,-99699.60704274988,-0.03397068711421558,2,stop
131970,2017-11-28,2017-11-29,8151.0,7906.469999999999,350,-97024.73953672498,-0.03397068711421558,1,stop
214450,2017-11-30,2017-12-01,60500.0,58685.0,46,-94649.15790549945,-0.03397068711421536,1,stop
145020,2017-11-30,2017-12-01,166926.0,161918.22,16,-90833.80715793557,-0.03397068711421547,1,stop
010170,2017-11-24,2017-12-04,3506.0,4031.8999999999996,878,447763.60888578976,0.14529248434912567,6,target
267270,2017-12-01,2017-12-04,94844.0,91998.68,29,-93543.02452004608,-0.03397068711421558,1,stop
003230,2017-12-01,2017-12-05,71800.0,82570.0,38,396871.95217699977,0.14529248434912567,2,target
028300,2017-12-04,2017-12-05,16314.0,15824.58,184,-102089.67683109641,-0.03397068711421569,1,stop
196170,2017-12-05,2017-12-06,6682.0,6481.54,450,-102263.94283364946,-0.03397068711421536,1,stop
028050,2017-12-05,2017-12-06,14050.0,13628.5,214,-102257.1408819505,-0.0339706871142158,1,stop
087010,2017-11-30,2017-12-07,28152.0,27307.44,100,-95744.27212919993,-0.03397068711421558,5,stop
034020,2017-12-06,2017-12-07,13425.0,13022.25,220,-100447.8217297499,-0.03397068711421558,1,stop
003230,2017-12-07,2017-12-08,79100.0,76727.0,36,-96846.18830459984,-0.03397068711421558,1,stop
010170,2017-12-06,2017-12-11,4309.0,4179.73,686,-100531.96187227918,-0.03397068711421569,3,stop
000250,2017-12-08,2017-12-11,14600.0,14162.0,195,-96825.7824494997,-0.03397068711421547,1,stop
032820,2017-12-08,2017-12-11,640.0,620.8,4450,-96859.79220800055,-0.0339706871142158,1,stop
000250,2017-12-13,2017-12-14,15400.0,14938.0,182,-95322.55112380022,-0.03397068711421569,1,stop
214150,2017-12-11,2017-12-15,4500.0,4365.0,624,-95499.4018679997,-0.03397068711421547,4,stop
078600,2017-12-14,2017-12-15,14400.0,13968.0,193,-94519.92082320014,-0.03397068711421558,1,stop
080220,2017-12-14,2017-12-19,4460.0,4326.2,625,-94802.20181875024,-0.03397068711421569,3,stop
214450,2017-12-18,2017-12-19,57800.0,56066.0,47,-92390.90994110005,-0.03397068711421558,1,stop
064760,2017-12-18,2017-12-19,72400.0,70228.0,37,-91105.34106980031,-0.03397068711421569,1,stop
066570,2017-12-18,2017-12-19,106500.0,103305.0,25,-90550.98200624948,-0.03397068711421536,1,stop
058610,2017-12-15,2017-12-27,6230.0,6550.0,440,129150.92871999973,0.04706061448625487,7,time
010120,2017-12-19,2018-01-05,12940.0,13420.0,205,87238.61673999997,0.03284894428904428,10,time
010170,2017-12-28,2018-01-08,5352.0,6422.4,512,535199.1505305595,0.19508780975560946,5,target
039030,2017-12-28,2018-01-09,105000.0,97650.0,26,-201724.71364499955,-0.07380694743940241,6,stop
024110,2017-12-22,2018-01-10,16800.0,16900.0,158,4875.158729999326,0.0018345230590177675,10,time
000250,2018-01-08,2018-01-11,20700.0,24840.0,158,638788.048614,0.1950878097556097,3,target
068270,2018-01-09,2018-01-12,243650.0,292380.0,10,475878.1509350003,0.1950878097556097,3,target
141080,2017-12-28,2018-01-15,20268.0,22170.0,135,244799.61632550042,0.08936487493758083,10,time
028050,2018-01-11,2018-01-17,15450.0,14368.499999999998,255,-291115.3628508756,-0.07380694743940275,4,stop
068270,2018-01-15,2018-01-17,275311.0,256039.22999999998,10,-203432.3539865152,-0.07380694743940264,2,stop
028300,2018-01-05,2018-01-19,18666.0,22399.2,147,535917.5087653804,0.1950878097556097,10,target
141080,2018-01-19,2018-01-22,30227.0,28111.109999999997,108,-241221.08252363466,-0.07380694743940275,1,stop
214150,2018-01-18,2018-01-23,5970.0,7164.0,541,630813.4518963001,0.1950878097556097,3,target
003550,2018-01-10,2018-01-24,87948.0,88137.0,31,-5331.555926549714,-0.0019532916379548793,10,time
003670,2018-01-12,2018-01-26,39574.0,44944.0,73,379015.0367430998,0.1310461945059911,10,time
000250,2018-01-24,2018-01-29,32300.0,38760.0,84,529921.0339079998,0.19508780975560946,3,target
086520,2018-01-17,2018-01-31,5477.0,5093.61,589,-238371.59163268516,-0.07380694743940275,10,stop
058610,2018-01-22,2018-02-05,8800.0,8183.999999999999,345,-224335.61561400024,-0.07380694743940264,10,stop
214370,2018-01-23,2018-02-05,14880.0,13838.4,259,-284773.22652408015,-0.07380694743940264,9,stop
034730,2018-01-29,2018-02-05,327000.0,304110.0,9,-217463.67481949972,-0.07380694743940253,5,stop
028050,2018-01-26,2018-02-06,16850.0,15670.499999999998,195,-242790.1017798758,-0.07380694743940286,7,stop
042660,2018-01-31,2018-02-06,20655.0,19209.149999999998,159,-242671.50538229244,-0.07380694743940253,4,stop
068270,2018-02-08,2018-02-09,201412.0,221553.2,15,288845.94115410047,0.09549715894264232,1,target
218410,2018-02-08,2018-02-09,16683.0,18351.300000000003,182,290292.09256047057,0.09549715894264232,1,target
263750,2018-02-08,2018-02-12,44760.0,49236.00000000001,67,286717.72944540065,0.09549715894264232,2,target
028300,2018-02-09,2018-02-13,15718.0,15246.46,203,-108516.77297290927,-0.03397068711421569,2,stop
214150,2018-02-13,2018-02-20,5510.0,5690.0,579,90838.3077510004,0.028440659030462667,3,time
214150,2018-02-23,2018-02-26,5560.0,5393.2,577,-109107.38643902028,-0.03397068711421569,1,stop
141080,2018-03-06,2018-03-09,27925.0,30717.500000000004,114,304360.08823275054,0.09549715894264232,3,target
028050,2018-03-13,2018-03-14,18150.0,16879.5,178,-238722.35618055006,-0.07380694743940264,1,stop
098460,2018-03-14,2018-03-19,19640.0,18265.199999999997,162,-235100.17835532082,-0.07380694743940286,3,stop
031980,2018-03-14,2018-03-20,24833.0,23094.69,128,-234874.36490297643,-0.07380694743940275,4,stop
000660,2018-03-14,2018-03-23,89300.0,83049.0,35,-230948.93498075008,-0.07380694743940264,7,stop
066570,2018-03-14,2018-03-28,112500.0,109000.0,28,-110620.42109999992,-0.03507724990102634,10,time
064760,2018-03-14,2018-03-28,78600.0,82100.0,40,126702.53220000025,0.04025349004384604,10,time
082740,2018-03-19,2018-04-02,3132.0,3063.0,1011,-82530.10056645004,-0.026033960919159216,10,time
207940,2018-03-23,2018-04-06,680714.0,754894.0,4,284686.44614480017,0.10443423750362513,10,time
028300,2018-04-02,2018-04-06,28415.0,34098.0,109,604927.75079465,0.1950878097556097,4,target
098460,2018-03-28,2018-04-11,19860.0,19280.0,158,-104229.50051399972,-0.03317837478649899,10,time
207940,2018-04-11,2018-04-13,853803.0,794036.7899999999,3,-189267.21503762854,-0.07380694743940264,2,stop
009150,2018-04-16,2018-04-30,119500.0,118500.0,26,-38656.45809999993,-0.012427437545050601,10,time
010120,2018-05-03,2018-05-08,15380.0,14303.4,205,-232973.57130085025,-0.07380694743940264,2,stop
196170,2018-05-09,2018-05-11,9011.0,9912.1,342,294638.00412519043,0.09549715894264232,2,target
218410,2018-05-15,2018-05-16,24977.0,23228.609999999997,127,-234390.74283308396,-0.07380694743940275,1,stop
082740,2018-05-02,2018-05-17,3499.0,3845.0,902,298237.61635580007,0.09438711739314054,10,time
000500,2018-05-02,2018-05-17,23110.0,23524.0,136,43257.534320800565,0.013747498798895252,10,time
001440,2018-05-16,2018-05-23,15379.0,14302.47,193,-219321.83283196576,-0.07380694743940264,4,stop
196170,2018-05-18,2018-05-24,8621.0,9081.0,385,162975.6261979998,0.04904616637577708,3,time
071050,2018-05-14,2018-05-29,96000.0,98100.0,33,56112.602534999605,0.01769196299501119,10,time
028050,2018-05-15,2018-05-30,19300.0,17949.0,165,-235308.55333425011,-0.07380694743940264,10,stop
000720,2018-05-29,2018-05-30,76572.0,71211.95999999999,42,-237637.91958807688,-0.07380694743940286,1,stop
078600,2018-05-29,2018-05-30,23000.0,21390.0,141,-239631.22576949978,-0.07380694743940253,1,stop
032820,2018-06-01,2018-06-04,2505.0,2429.85,1195,-101807.36182578746,-0.03397068711421558,1,stop
083650,2018-05-31,2018-06-05,5470.0,5305.9,547,-101760.25831026537,-0.03397068711421569,3,stop
003230,2018-05-23,2018-06-07,104500.0,111500.0,29,189981.95074999984,0.06261794886563377,10,time
000660,2018-05-24,2018-06-08,95300.0,88629.0,34,-239424.32862729998,-0.07380694743940253,10,stop
083650,2018-06-07,2018-06-11,5390.0,5228.3,556,-101921.80466313986,-0.03397068711421558,2,stop
032820,2018-06-07,2018-06-12,2290.0,2519.0,1310,286811.42430050066,0.09549715894264232,3,target
001440,2018-06-11,2018-06-14,13817.0,13402.49,214,-100561.3463036227,-0.03397068711421547,2,stop
131970,2018-05-30,2018-06-15,11547.0,13208.0,259,416674.37574945064,0.13916455870587563,10,time
028300,2018-06-12,2018-06-15,40199.0,38993.03,76,-103904.02942755353,-0.03397068711421547,2,stop
032820,2018-06-15,2018-06-18,2115.0,2051.5499999999997,1455,-104659.08007601276,-0.03397068711421569,1,stop
064350,2018-06-15,2018-06-19,32500.0,31525.0,94,-103899.8122174996,-0.03397068711421547,2,stop
028300,2018-06-18,2018-06-19,40837.0,39611.89,74,-102775.38158197328,-0.03397068711421569,1,stop
000720,2018-06-19,2018-06-20,61005.0,59174.85,49,-101663.50054733269,-0.03397068711421569,1,stop
032820,2018-06-20,2018-06-22,2005.0,1944.85,1494,-101875.21129399538,-0.03397068711421569,2,stop
064350,2018-06-21,2018-06-22,31900.0,30943.0,93,-100896.75054195011,-0.03397068711421558,1,stop
064350,2018-06-25,2018-06-26,29300.0,32230.000000000004,101,282929.7803035006,0.09549715894264232,1,target
000720,2018-06-22,2018-06-27,59254.0,57476.38,49,-98745.49727779068,-0.03397068711421547,3,stop
064350,2018-06-28,2018-06-29,28850.0,27984.5,103,-101061.69787067501,-0.03397068711421558,1,stop
028300,2018-10-10,2018-10-11,38369.0,37217.93,77,-100478.87263926025,-0.03397068711421547,1,stop
196170,2018-10-11,2018-10-16,8259.0,9084.900000000001,357,281893.6872986858,0.09549715894264232,3,target
087010,2018-10-15,2018-10-16,25019.0,24268.43,118,-100405.0374535569,-0.03397068711421558,1,stop
042660,2018-10-22,2018-10-24,27185.0,26369.45,109,-100776.5260456521,-0.03397068711421547,2,stop
226950,2018-10-24,2018-10-25,30428.0,29515.16,97,-100380.34636888606,-0.03397068711421558,1,stop
007660,2018-10-29,2018-10-30,4548.0,4411.5599999999995,648,-100230.29531438416,-0.03397068711421569,1,stop
083650,2018-12-20,2018-12-21,3590.0,3482.2999999999997,815,-99507.45190722495,-0.03397068711421558,1,stop
083650,2018-12-24,2018-12-26,3400.0,3298.0,855,-98866.36795949982,-0.03397068711421558,1,stop
083650,2018-12-28,2019-01-04,3240.0,3315.0,891,54797.1488707494,0.01895989952156496,3,time
083650,2019-01-07,2019-01-09,3325.0,3657.5000000000005,872,277202.9213030003,0.0954971589426421,2,target
032820,2019-03-05,2019-03-08,1285.0,1246.45,2299,-100472.13870707806,-0.0339706871142158,3,stop
178320,2019-04-16,2019-04-22,11739.0,10917.269999999999,250,-216854.067168375,-0.07380694743940264,4,stop
003490,2019-04-16,2019-04-23,23699.0,22040.07,123,-215393.00388526032,-0.07380694743940253,5,stop
131970,2019-04-24,2019-04-26,20931.0,19465.829999999998,135,-208795.0540205026,-0.07380694743940264,2,stop
000270,2019-04-17,2019-05-02,42050.0,44900.0,69,184179.5435774997,0.0634055223548724,10,time
108490,2019-04-29,2019-05-02,17236.0,16718.92,161,-94376.94379846612,-0.03397068711421558,2,stop
218410,2019-04-26,2019-05-14,30197.0,33417.0,92,283981.36189119983,0.10210311561311847,10,time
178320,2019-05-02,2019-05-15,12215.0,14658.0,232,553491.3089971999,0.19508780975560946,8,target
078600,2019-08-06,2019-08-08,17600.0,19360.0,169,284373.4459279999,0.0954971589426421,2,target
028300,2019-11-14,2019-11-18,55087.0,60595.700000000004,55,289668.63934607524,0.0954971589426421,2,target
028300,2019-11-20,2019-11-22,52540.0,50963.799999999996,59,-105425.48998381011,-0.03397068711421558,2,stop
028300,2019-11-25,2019-11-26,50826.0,55908.600000000006,60,291559.2676722002,0.0954971589426421,1,target
028300,2019-11-29,2019-12-02,48359.0,46908.229999999996,65,-106904.06423459761,-0.03397068711421558,1,stop
131290,2019-12-13,2019-12-16,13550.0,12601.5,230,-230283.90845225006,-0.07380694743940264,1,stop
058470,2019-12-13,2019-12-30,12574.0,12874.0,248,61401.03491360042,0.019667598668795305,10,time
011070,2019-12-13,2019-12-30,135500.0,140000.0,23,90422.83652500017,0.028980894008519886,10,time
098460,2019-12-13,2019-12-30,20800.0,21100.0,150,32080.95374999987,0.01027054430462182,10,time
028050,2019-12-13,2019-12-30,19650.0,19200.0,158,-83614.07518500043,-0.02690051114047065,10,time
000660,2019-12-16,2020-01-02,87200.0,94700.0,33,234977.3773050001,0.08156360458578193,10,time
000990,2019-12-30,2020-01-15,28200.0,28800.0,111,53575.47423000028,0.01709600830264657,10,time
039030,2019-12-30,2020-01-15,101400.0,109300.0,31,231295.740675,0.0734968573823811,10,time
207940,2019-12-30,2020-01-15,625442.0,631987.0,5,19812.593041750602,0.006328270812239634,10,time
131290,2020-01-07,2020-01-15,15750.0,14647.499999999998,200,-232759.28497499973,-0.07380694743940253,6,stop
064350,2020-01-15,2020-01-16,17150.0,16635.5,184,-107321.19392260024,-0.03397068711421569,1,stop
095340,2020-01-16,2020-01-17,11100.0,12764.999999999998,276,445630.00758299977,0.1452924843491259,1,target
214450,2020-01-17,2020-01-20,40100.0,38897.0,87,-118649.8444789499,-0.03397068711421558,1,stop
131970,2020-01-07,2020-01-21,28428.0,31196.0,111,293410.3146480005,0.09287672110642098,10,time
095340,2020-01-20,2020-01-21,13650.0,13240.5,248,-115129.83447419992,-0.03397068711421558,1,stop
006400,2020-01-15,2020-01-28,262870.0,279024.0,12,180349.00039560068,0.05710738206860566,7,time
067310,2020-01-15,2020-01-28,4339.0,4486.0,727,93626.36555995,0.029646599555132713,7,time
078600,2020-01-15,2020-01-28,19300.0,18721.0,163,-106991.29926514952,-0.03397068711421547,7,stop
095340,2020-01-23,2020-01-28,13050.0,12658.5,258,-114507.45589364972,-0.03397068711421547,1,stop
058470,2020-01-22,2020-01-29,14436.0,16601.399999999998,233,489266.1398178898,0.1452924843491259,3,target
086280,2020-01-28,2020-01-29,77280.0,74961.59999999999,41,-107759.23961207969,-0.03397068711421547,1,stop
042700,2020-01-28,2020-01-30,4800.0,4656.0,670,-109375.38333600014,-0.03397068711421558,2,stop
131970,2020-01-29,2020-01-30,35020.0,33969.4,105,-125057.28298034985,-0.03397068711421558,1,stop
005380,2020-01-29,2020-01-30,132000.0,128040.0,28,-125700.06741599925,-0.03397068711421536,1,stop
003670,2020-01-28,2020-02-03,52767.0,51183.99,61,-109470.16853293916,-0.03397068711421547,4,stop
207940,2020-01-28,2020-02-06,693805.0,754894.0,4,232262.2196902004,0.08359531503526596,7,time
237690,2020-02-05,2020-02-06,31800.0,29573.999999999996,105,-246724.84207350062,-0.07380694743940275,1,stop
196170,2020-02-06,2020-02-07,22945.0,27534.0,141,631882.7861365504,0.1950878097556097,1,target
247540,2020-02-10,2020-02-11,18333.0,21999.6,185,662421.8001649501,0.1950878097556097,1,target
006400,2020-02-05,2020-02-19,314269.0,326997.0,10,114025.40003800066,0.03624105603441419,10,time
222800,2020-02-07,2020-02-21,13509.0,13082.0,252,-121238.14914540015,-0.03557265975628077,10,time
196170,2020-02-10,2020-02-24,25448.0,25783.0,133,30552.947483450174,0.009016720335877304,10,time
247540,2020-02-21,2020-02-24,22212.0,20657.16,149,-244551.5353783616,-0.07380694743940241,1,stop
051910,2020-02-12,2020-02-26,408500.0,395000.0,9,-136208.84422499966,-0.03700594685135494,10,time
009150,2020-02-12,2020-02-26,141000.0,136500.0,26,-131679.07934999978,-0.03587774212978301,10,time
180640,2020-02-19,2020-02-26,48900.0,58680.0,69,659002.8602789999,0.19508780975560946,5,target
086520,2020-03-02,2020-03-05,2932.0,3225.2000000000003,1200,336383.6512080012,0.09549715894264255,3,target
003670,2020-03-02,2020-03-05,50494.0,54315.0,69,248593.2683203495,0.0712691010627653,3,time
196170,2020-03-12,2020-03-13,22583.0,21905.51,161,-123654.82256908575,-0.03397068711421569,1,stop
247540,2020-03-17,2020-03-18,16678.0,16177.66,216,-122518.38648880739,-0.03397068711421547,1,stop
180640,2020-03-18,2020-03-19,52100.0,50537.0,68,-120489.7724138,-0.03397068711421558,1,stop
180640,2020-03-23,2020-03-24,53300.0,51701.0,66,-119639.52845129976,-0.03397068711421547,1,stop
180640,2020-05-18,2020-05-21,77000.0,79000.0,45,75534.4125000001,0.021774209639536357,3,time
066970,2020-06-16,2020-06-18,20396.0,19784.12,174,-120697.36797968391,-0.03397068711421558,2,stop
222800,2020-06-16,2020-06-19,10500.0,11450.0,338,305608.869345,0.08601233505569295,3,time
108490,2020-06-16,2020-06-19,11685.0,12026.0,304,88800.60337679973,0.024969761811507674,3,time
095340,2020-06-16,2020-06-19,15200.0,16350.0,233,252645.88488249993,0.07125469788948546,3,time
001440,2020-06-16,2020-06-19,5949.0,6077.0,597,61635.74730659975,0.01733465286670577,3,time
011200,2020-06-24,2020-06-25,4505.0,4369.849999999999,815,-124869.37906463817,-0.0339706871142158,1,stop
082740,2020-06-29,2020-06-30,3349.0,3683.9,1089,348684.54279169487,0.0954971589426421,1,target
087010,2020-07-01,2020-07-02,17875.0,17338.75,208,-126448.28210299974,-0.03397068711421547,1,stop
079550,2020-06-30,2020-07-03,30150.0,30000.0,123,-33593.57826750027,-0.00904825061723924,3,time
108490,2020-06-30,2020-07-03,11637.0,11734.0,319,15638.428154249676,0.004207868556638461,3,time
214370,2020-07-02,2020-07-07,13460.0,13056.199999999999,273,-124971.5783889303,-0.03397068711421569,3,stop
066970,2020-07-08,2020-07-09,37942.0,36803.74,96,-123878.23267267179,-0.03397068711421558,1,stop
036930,2020-07-08,2020-07-09,7330.0,7110.099999999999,499,-124396.47337269504,-0.03397068711421558,1,stop
237690,2020-07-08,2020-07-10,50900.0,49373.0,71,-122907.86624314962,-0.03397068711421547,2,stop
035720,2020-07-08,2020-07-10,62623.0,72016.45,58,528328.7315453952,0.1452924843491259,2,target
222800,2020-07-10,2020-07-15,12600.0,14489.999999999998,303,555335.6322464994,0.14529248434912567,3,target
043260,2020-07-08,2020-07-17,697.0,744.0,5255,231246.2552937502,0.06306232718576466,7,time
042700,2020-07-09,2020-07-17,4250.0,4887.5,842,520527.1517612501,0.1452924843491259,6,target
178320,2020-07-09,2020-07-20,19099.0,20651.0,187,274731.63056019926,0.07683466670432515,7,time
009830,2020-07-10,2020-07-21,27390.0,31498.499999999996,139,553795.2151619252,0.1452924843491259,7,target
336260,2020-07-15,2020-07-21,35715.0,41072.25,123,638995.9895749129,0.1452924843491259,4,target
039490,2020-07-20,2020-07-21,103000.0,99910.0,37,-129611.1896434999,-0.03397068711421558,1,stop
001440,2020-07-21,2020-07-22,7102.0,6888.94,616,-148786.97979807202,-0.03397068711421558,1,stop
034020,2020-07-21,2020-07-22,5018.0,5770.7,872,636486.9570638789,0.14529248434912567,1,target
005380,2020-07-21,2020-07-23,122000.0,118340.0,35,-145221.66879499983,-0.03397068711421558,2,stop
000150,2020-07-22,2020-07-23,49150.0,47675.5,95,-158800.06487612426,-0.03397068711421547,1,stop
298040,2020-07-22,2020-07-24,37700.0,43355.0,123,674510.67638175,0.1452924843491259,2,target
042700,2020-07-23,2020-07-24,6050.0,5868.5,716,-147323.47187030036,-0.03397068711421569,1,stop
196170,2020-07-24,2020-07-27,101317.0,98277.48999999999,46,-158505.26828944683,-0.03397068711421558,1,stop
353200,2020-07-17,2020-07-28,11750.0,13512.499999999998,340,581111.0720374994,0.14529248434912567,7,target
222800,2020-07-17,2020-07-28,14950.0,15500.0,267,130058.49882750027,0.032545209097656125,7,time
141080,2020-07-23,2020-07-28,54000.0,62099.99999999999,80,628385.4396000011,0.14529248434912612,3,target
034020,2020-07-24,2020-07-28,7394.0,8503.099999999999,643,691564.6499256343,0.14529248434912567,2,target
001440,2020-07-27,2020-07-28,9410.0,9127.699999999999,489,-156495.56364016607,-0.0339706871142158,1,stop
298040,2020-07-28,2020-07-29,47950.0,46511.5,98,-159815.25616735034,-0.03397068711421569,1,stop
226950,2020-07-28,2020-07-29,29026.0,28155.219999999998,162,-159921.09453580156,-0.03397068711421547,1,stop
267260,2020-07-28,2020-07-29,10450.0,10136.5,450,-159930.8893462494,-0.03397068711421547,1,stop
058470,2020-07-28,2020-07-29,28612.0,27753.64,164,-159586.30247312877,-0.03397068711421569,1,stop
131970,2020-07-28,2020-07-29,42819.0,41534.43,109,-158732.75956405327,-0.03397068711421558,1,stop
064350,2020-07-29,2020-07-30,18450.0,17896.5,246,-154360.090903949,-0.03397068711421536,1,stop
010130,2020-07-29,2020-07-31,433500.0,420495.0,10,-147432.30309749907,-0.03397068711421536,2,stop
100790,2020-07-29,2020-08-03,3636.0,3526.92,1250,-154574.3523824988,-0.03397068711421536,3,stop
034020,2020-07-30,2020-08-03,9176.0,8900.72,507,-158221.28680597246,-0.03397068711421569,2,stop
267260,2020-07-31,2020-08-03,12400.0,12028.0,337,-142119.9788197996,-0.03397068711421547,1,stop
131290,2020-08-03,2020-08-04,41150.0,39915.5,104,-145548.16247659968,-0.03397068711421547,1,stop
319660,2020-07-29,2020-08-07,15475.0,15600.0,293,17935.071683749557,0.003950987193726885,7,time
240810,2020-07-29,2020-08-07,37650.0,36520.5,120,-153656.08890299872,-0.03397068711421536,7,stop
222800,2020-08-03,2020-08-07,19650.0,19060.5,219,-146355.89424097538,-0.03397068711421569,4,stop
066970,2020-08-03,2020-08-07,39769.0,45734.35,108,624756.5136863105,0.1452924843491259,4,target
051910,2020-08-04,2020-08-07,652000.0,749800.0,6,569037.9258599994,0.14529248434912567,3,target
067310,2020-08-07,2020-08-10,5072.0,4919.84,897,-154730.253115464,-0.03397068711421558,1,stop
096770,2020-08-07,2020-08-10,164811.0,189532.65,27,647280.2042869721,0.14529248434912567,1,target
298380,2020-08-07,2020-08-10,35850.0,34774.5,126,-153625.4801203506,-0.03397068711421569,1,stop
051910,2020-08-10,2020-08-11,747000.0,724590.0,6,-152431.73759699985,-0.03397068711421558,1,stop
178320,2020-08-10,2020-08-11,23029.0,22338.13,209,-163691.04225576855,-0.03397068711421558,1,stop
039490,2020-08-11,2020-08-12,119500.0,115915.0,39,-158502.47948924918,-0.03397068711421536,1,stop
003670,2020-08-07,2020-08-13,80789.0,92907.34999999999,56,658085.9610350206,0.14529248434912612,4,target
006400,2020-08-07,2020-08-14,456718.0,443016.45999999996,9,-139795.8199434271,-0.03397068711421558,5,stop
005380,2020-08-11,2020-08-14,171500.0,166355.0,27,-157482.18673424982,-0.03397068711421558,3,stop
096770,2020-08-12,2020-08-14,182030.0,176569.1,24,-148579.11215411965,-0.03397068711421547,2,stop
032830,2020-08-13,2020-08-14,61100.0,70265.0,87,773219.5558522502,0.1452924843491259,1,target
071050,2020-08-10,2020-08-18,61700.0,59849.0,78,-163675.36375709996,-0.03397068711421558,5,stop
028300,2020-08-14,2020-08-18,45801.0,44426.97,102,-158883.45680396724,-0.03397068711421569,1,stop
007660,2020-08-14,2020-08-18,4294.0,4165.18,1093,-159619.42797790654,-0.03397068711421547,1,stop
028260,2020-08-14,2020-08-18,127500.0,123675.0,36,-156104.79151499923,-0.03397068711421547,1,stop
105560,2020-08-14,2020-08-18,40850.0,39624.5,114,-158380.0443586493,-0.03397068711421547,1,stop
032830,2020-08-18,2020-08-19,64500.0,62565.0,70,-153554.05962749943,-0.03397068711421547,1,stop
090430,2020-08-18,2020-08-19,192500.0,186725.0,23,-150578.20575874858,-0.03397068711421525,1,stop
066570,2020-08-18,2020-08-19,88300.0,85651.0,51,-153156.14545305073,-0.03397068711421569,1,stop
000810,2020-08-18,2020-08-19,186500.0,180905.0,24,-152227.67904599942,-0.03397068711421547,1,stop
005380,2020-08-18,2020-08-19,163500.0,158595.0,27,-150136.07889825013,-0.03397068711421558,1,stop
064760,2020-08-20,2020-08-21,109000.0,105730.0,40,-148282.54705999978,-0.03397068711421558,1,stop
007660,2020-08-20,2020-08-21,4146.0,4021.62,1065,-150169.74855916388,-0.03397068711421536,1,stop
000990,2020-08-20,2020-08-21,37900.0,36763.0,116,-149520.50226939935,-0.03397068711421547,1,stop
000500,2020-08-20,2020-08-21,15970.0,15490.9,276,-149905.49273562152,-0.033970687114215914,1,stop
237690,2020-08-26,2020-08-27,65800.0,63826.0,64,-143221.89499519952,-0.03397068711421547,1,stop
078600,2020-08-26,2020-08-27,52500.0,50925.0,81,-144626.4980212492,-0.03397068711421536,1,stop
214450,2020-08-19,2020-08-28,68400.0,68200.0,64,-30702.545280000195,-0.007005499204037924,7,time
298380,2020-08-27,2020-08-28,34300.0,33271.0,120,-139984.16598599963,-0.03397068711421547,1,stop
034220,2020-08-25,2020-08-31,14049.0,13627.529999999999,303,-144774.33844144922,-0.03397068711421547,4,stop
051910,2020-08-28,2020-08-31,767000.0,743990.0,5,-130427.42384749977,-0.03397068711421558,1,stop
034020,2020-08-31,2020-09-01,11969.0,13764.349999999999,342,595424.0050203148,0.1452924843491259,1,target
086280,2020-08-31,2020-09-02,72778.0,70594.66,56,-138609.08343032748,-0.03397068711421547,2,stop
009830,2020-08-28,2020-09-03,44138.0,50758.7,94,603507.7764139092,0.14529248434912567,4,target
298040,2020-09-02,2020-09-03,49400.0,56809.99999999999,80,574856.3095599995,0.14529248434912567,1,target
000250,2020-08-26,2020-09-04,58100.0,56357.0,73,-144245.5887260507,-0.03397068711421569,7,stop
178320,2020-08-27,2020-09-04,24430.0,28094.499999999996,169,600554.6557669747,0.14529248434912567,6,target
006260,2020-09-01,2020-09-04,45350.0,52152.49999999999,103,679449.0295471242,0.14529248434912567,3,target
034020,2020-09-03,2020-09-04,14894.0,14447.18,312,-158040.89904688764,-0.03397068711421547,1,stop
272210,2020-09-03,2020-09-04,11444.0,11100.68,406,-158018.316567244,-0.03397068711421558,1,stop
000500,2020-09-04,2020-09-07,17415.0,20027.25,266,673825.5617010752,0.1452924843491259,1,target
267260,2020-09-04,2020-09-07,12850.0,14777.499999999998,360,672896.0749049997,0.1452924843491259,1,target
067310,2020-09-04,2020-09-08,4778.0,5494.7,969,673460.7490430847,0.1452924843491259,2,target
298040,2020-09-07,2020-09-08,68600.0,66542.0,77,-179646.3463487001,-0.03397068711421558,1,stop
006260,2020-09-07,2020-09-08,61900.0,60043.0,85,-178942.34434774984,-0.03397068711421558,1,stop
087010,2020-09-04,2020-09-09,20089.0,19486.329999999998,230,-157141.06885649543,-0.03397068711421569,3,stop
336260,2020-09-08,2020-09-09,58675.0,56914.75,88,-175605.98703890108,-0.0339706871142158,1,stop
032820,2020-09-08,2020-09-09,938.0,1078.6999999999998,5538,755610.7994225686,0.14529248434912567,1,target
071050,2020-09-08,2020-09-09,84100.0,81577.0,61,-174473.4620808512,-0.0339706871142158,1,stop
267260,2020-09-09,2020-09-10,17150.0,19722.5,298,743400.3393897507,0.1452924843491259,1,target
010170,2020-09-09,2020-09-14,3777.0,3663.69,1353,-173799.42267713882,-0.03397068711421569,3,stop
222800,2020-09-04,2020-09-15,19250.0,20000.0,240,160535.66700000037,0.034708060394467166,7,time
067310,2020-09-14,2020-09-15,6379.0,6187.63,777,-168568.7898393562,-0.03397068711421569,1,stop
001440,2020-09-09,2020-09-17,7566.0,7339.0199999999995,675,-173689.53714742605,-0.0339706871142158,6,stop
000500,2020-09-09,2020-09-18,20386.0,19774.42,250,-173330.7341952501,-0.03397068711421558,7,stop
080220,2020-09-17,2020-09-18,4140.0,4015.7999999999997,1197,-168538.07902743015,-0.03397068711421558,1,stop
006260,2020-09-10,2020-09-21,59200.0,57424.0,99,-199324.39261680003,-0.03397068711421558,7,stop
141080,2020-09-18,2020-09-21,64000.0,62080.0,75,-163246.84079999942,-0.03397068711421547,1,stop
307950,2020-09-15,2020-09-22,58100.0,56357.0,82,-162029.29144569952,-0.03397068711421547,5,stop
011200,2020-09-15,2020-09-22,7270.0,7051.9,658,-162691.12134611048,-0.03397068711421569,5,stop
237690,2020-09-18,2020-09-22,72600.0,70422.0,66,-162961.1588286003,-0.03397068711421569,2,stop
066970,2020-09-21,2020-09-22,44145.0,42820.65,118,-177160.5730999345,-0.03397068711421547,1,stop
000270,2020-09-21,2020-09-22,47500.0,46075.0,109,-176085.5246337494,-0.03397068711421547,1,stop
028300,2020-09-22,2020-09-23,53435.0,51831.95,89,-161740.7186448276,-0.03397068711421558,1,stop
043260,2020-09-24,2020-09-25,1115.0,1081.55,4261,-161580.87277987786,-0.03397068711421569,1,stop
032820,2020-09-25,2020-09-28,1260.0,1449.0,3745,686380.1791297495,0.14529248434912567,1,target
032820,2020-10-05,2020-10-06,1475.0,1430.75,3292,-165141.18434845004,-0.03397068711421558,1,stop
267270,2020-10-06,2020-10-07,30200.0,29294.0,159,-163308.05836530123,-0.0339706871142158,1,stop
226950,2020-10-05,2020-10-14,34031.0,33010.07,142,-164348.82499491703,-0.03397068711421558,6,stop
241560,2020-10-07,2020-10-15,28550.0,27693.5,167,-162153.427064226,-0.0339706871142158,5,stop
357780,2020-10-14,2020-10-15,250900.0,243373.0,18,-153594.8713376997,-0.03397068711421547,1,stop
307950,2020-10-06,2020-10-16,66600.0,68000.0,72,80851.14792000037,0.016841479772040202,7,time
000270,2020-10-07,2020-10-16,49850.0,48354.5,95,-161061.71381637454,-0.03397068711421547,6,stop
086280,2020-10-15,2020-10-16,84783.0,97500.45,54,665955.0340700839,0.14529248434912567,1,target
003490,2020-10-07,2020-10-19,15158.0,15934.0,315,224151.4162440002,0.04689103447276932,7,time
336260,2020-10-15,2020-10-19,46165.0,44780.049999999996,99,-155435.9896140974,-0.03397068711421558,2,stop
043260,2020-10-16,2020-10-19,1080.0,1047.6,4541,-166793.3784163799,-0.03397068711421558,1,stop
086280,2020-10-19,2020-10-20,92786.0,90002.42,51,-160937.1020612307,-0.03397068711421547,1,stop
086280,2020-10-22,2020-10-23,98287.0,95338.39,48,-160450.42241709586,-0.03397068711421558,1,stop
010170,2020-10-22,2020-10-23,3794.0,3680.18,1246,-160775.1475912528,-0.03397068711421536,1,stop
145020,2020-10-23,2020-10-26,219900.0,213303.0,20,-149574.91788300034,-0.03397068711421569,1,stop
047050,2020-10-23,2020-10-26,15150.0,14695.5,302,-155604.84806505125,-0.0339706871142158,1,stop
214150,2020-10-16,2020-10-27,14400.0,14900.0,340,149434.04430000018,0.030486595217510626,7,time
034020,2020-10-21,2020-10-27,12885.0,12498.449999999999,366,-160386.9602077352,-0.03397068711421558,4,stop
241560,2020-10-22,2020-10-27,31150.0,30215.5,151,-159970.00056852493,-0.03397068711421558,3,stop
011200,2020-10-26,2020-11-04,8190.0,9828.0,540,863787.6914940001,0.1950878097556097,7,target
011200,2020-11-06,2020-11-10,10300.0,12360.0,466,937459.4495619992,0.19508780975560946,2,target
000270,2020-10-28,2020-11-11,52600.0,58100.0,88,463603.3956400007,0.10004121905578156,10,time
003490,2020-11-12,2020-11-18,19539.0,18171.27,265,-382599.73724397644,-0.07380694743940241,4,stop
307950,2020-11-12,2020-11-18,71400.0,85680.0,72,1004060.9063520003,0.1950878097556097,4,target
034020,2020-11-10,2020-11-19,15201.0,14136.929999999998,343,-385267.82367631886,-0.07380694743940241,7,stop
131290,2020-11-18,2020-11-19,50000.0,60000.0,109,1064451.4354999997,0.19508780975560946,1,target
006400,2020-11-09,2020-11-23,501264.0,514971.0,9,104510.79858465027,0.02313944428095116,10,time
319660,2020-11-20,2020-11-25,19500.0,18135.0,291,-419299.22621924896,-0.07380694743940241,3,stop
001440,2020-11-23,2020-11-25,11091.0,10314.63,417,-341745.827545166,-0.07380694743940264,2,stop
000270,2020-11-13,2020-11-27,59000.0,58700.0,88,-47600.02587999869,-0.009157423267594611,10,time
058610,2020-11-19,2020-11-30,7900.0,7346.999999999999,720,-420296.76601200085,-0.07380694743940275,7,stop
226950,2020-11-25,2020-11-30,47644.0,57172.799999999996,100,930545.3980360003,0.1950878097556097,3,target
043260,2020-11-27,2020-11-30,1830.0,1775.1,3184,-198165.34004712012,-0.03397068711421558,1,stop
319400,2020-11-30,2020-12-01,3600.0,3492.0,1536,-188060.3606016012,-0.0339706871142158,1,stop
336260,2020-11-30,2020-12-01,49200.0,47724.0,112,-187407.37323840056,-0.03397068711421569,1,stop
096770,2020-11-30,2020-12-01,179078.0,173705.66,30,-182711.98597989045,-0.03397068711421569,1,stop
042700,2020-11-18,2020-12-02,6300.0,6375.0,870,42595.405537500046,0.00776253798836124,10,time
003670,2020-12-01,2020-12-04,82063.0,94372.45,65,775895.2850562874,0.1452924843491259,3,target
319400,2020-12-03,2020-12-04,3580.0,3472.6,1553,-189085.41472279094,-0.0339706871142158,1,stop
068270,2020-12-01,2020-12-07,295520.0,339848.0,18,773751.9379607998,0.1452924843491259,4,target
307950,2020-12-04,2020-12-07,95000.0,92150.0,60,-193855.62344999984,-0.03397068711421558,1,stop
051910,2020-11-25,2020-12-09,820000.0,836000.0,5,62961.53600000031,0.015338830239522094,10,time
237690,2020-12-07,2020-12-09,111000.0,107670.0,52,-196304.32606199943,-0.03397068711421547,2,stop
066970,2020-12-01,2020-12-10,48569.0,52321.0,110,389608.2784659993,0.07284120348067091,7,time
036930,2020-12-09,2020-12-10,8830.0,8565.1,555,-166669.9229930248,-0.03397068711421558,1,stop
082740,2020-12-07,2020-12-11,6369.0,7324.349999999999,918,850464.7087726351,0.1452924843491259,4,target
000660,2020-12-04,2020-12-15,116000.0,117500.0,49,49989.149525000714,0.008784609527903386,7,time
141080,2020-12-10,2020-12-15,68700.0,66639.0,76,-177571.75108019914,-0.03397068711421547,3,stop
307950,2020-12-15,2020-12-16,112000.0,128799.99999999999,48,781990.7692799997,0.1452924843491259,1,target
095340,2020-12-11,2020-12-17,23400.0,26909.999999999996,287,976877.531311499,0.14529248434912567,4,target
263750,2020-12-09,2020-12-18,47900.0,53740.0,102,573900.920016,0.11732809492460783,7,time
066970,2020-12-17,2020-12-18,70017.0,67916.49,109,-259557.4774374999,-0.03397068711421547,1,stop
047040,2020-12-10,2020-12-21,4260.0,4610.0,1231,408088.62596550025,0.077729812788216,7,time
272210,2020-12-16,2020-12-21,13501.0,13095.97,459,-210757.07902440242,-0.03397068711421569,3,stop
042700,2020-12-18,2020-12-21,8400.0,8148.0,767,-219118.07206379902,-0.03397068711421547,1,stop
319660,2020-12-18,2020-12-21,21100.0,20467.0,305,-218869.8008267507,-0.03397068711421569,1,stop
066970,2020-12-21,2020-12-22,66651.0,64651.47,90,-204010.59724051412,-0.03397068711421547,1,stop
015760,2020-12-21,2020-12-22,28600.0,27742.0,210,-204262.60955099855,-0.03397068711421536,1,stop
357780,2020-12-21,2020-12-22,275700.0,267429.0,21,-196906.2987874495,-0.03397068711421547,1,stop
000250,2020-12-22,2020-12-23,91100.0,88367.0,64,-198290.49595839996,-0.03397068711421558,1,stop
000100,2020-12-22,2020-12-23,66821.0,64816.369999999995,87,-197713.24832738005,-0.03397068711421569,1,stop
336260,2020-12-15,2020-12-24,53700.0,52089.0,100,-182632.40314500034,-0.03397068711421569,7,stop
042700,2020-12-23,2020-12-24,8650.0,8390.5,664,-195338.44892060012,-0.03397068711421558,1,stop
000990,2020-12-23,2020-12-24,39450.0,45367.5,145,832065.2339981264,0.14529248434912612,1,target
066570,2020-12-24,2020-12-28,125000.0,121250.0,46,-195556.1113749994,-0.03397068711421547,1,stop
319400,2020-12-24,2020-12-28,4455.0,5123.25,1294,838541.0950562255,0.1452924843491259,1,target
011070,2020-12-24,2020-12-28,184500.0,178965.0,31,-194518.81374074984,-0.03397068711421558,1,stop
000990,2020-12-28,2020-12-29,43300.0,49794.99999999999,135,850284.0479587493,0.14529248434912567,1,target
003550,2020-12-29,2021-01-04,82185.0,94512.74999999999,74,884640.149111324,0.14529248434912567,2,target
218410,2020-12-22,2021-01-05,41466.0,44637.0,141,421831.9238872491,0.07206575998129261,7,time
000250,2020-12-29,2021-01-05,79800.0,77406.0,76,-206262.3833507998,-0.03397068711421558,3,stop
064760,2020-12-29,2021-01-06,122300.0,118631.0,49,-203810.2797629498,-0.03397068711421558,4,stop
066570,2020-12-30,2021-01-06,128000.0,147200.0,48,893703.7363200001,0.1452924843491259,3,target
096770,2021-01-05,2021-01-06,224832.0,258556.8,26,850303.24862496,0.1452924843491259,1,target
319400,2021-01-04,2021-01-07,5920.0,6807.999999999999,1191,1025594.8580315998,0.1452924843491259,3,target
067310,2021-01-05,2021-01-07,7770.0,7536.9,780,-206119.54236510117,-0.0339706871142158,2,stop
011200,2021-01-06,2021-01-07,16500.0,16005.0,398,-223342.08406949975,-0.03397068711421558,1,stop
047040,2021-01-06,2021-01-08,5900.0,5723.0,1115,-223733.1962922495,-0.03397068711421547,2,stop
064350,2021-01-06,2021-01-11,21850.0,21194.5,301,-223677.08019072562,-0.03397068711421569,3,stop
003670,2021-01-07,2021-01-11,126494.0,122699.18,53,-228007.6107600471,-0.03397068711421558,2,stop
058610,2021-01-07,2021-01-11,9580.0,9292.6,706,-230024.32141958084,-0.03397068711421569,2,stop
096770,2021-01-08,2021-01-11,265666.0,305515.89999999997,24,927448.0344265196,0.1452924843491259,1,target
012330,2021-01-11,2021-01-12,368500.0,357445.0,18,-225586.7281304989,-0.03397068711421547,1,stop
018260,2021-01-11,2021-01-12,223000.0,216310.0,29,-219941.1082194997,-0.03397068711421558,1,stop
267260,2021-01-11,2021-01-12,20400.0,19788.0,327,-226872.29700179864,-0.03397068711421536,1,stop
039490,2021-01-12,2021-01-13,162500.0,157625.0,39,-215536.84449374955,-0.03397068711421547,1,stop
086520,2021-01-12,2021-01-13,8060.0,7818.2,802,-219843.16011502035,-0.03397068711421569,1,stop
005380,2021-01-11,2021-01-14,256500.0,248805.0,26,-226811.07943649963,-0.03397068711421558,3,stop
353200,2021-01-13,2021-01-14,16000.0,15520.0,390,-212220.89303999953,-0.03397068711421547,1,stop
000990,2021-01-13,2021-01-14,61300.0,59461.0,101,-210564.61780105066,-0.03397068711421569,1,stop
086790,2021-01-14,2021-01-15,39900.0,38703.0,154,-208976.36207910068,-0.03397068711421569,1,stop
006400,2021-01-07,2021-01-18,673574.0,691197.0,10,148106.05548049975,0.02196282917646264,7,time
012330,2021-01-14,2021-01-18,328500.0,318645.0,18,-201099.70201050024,-0.03397068711421558,2,stop
000270,2021-01-14,2021-01-18,71200.0,69064.0,86,-208248.55324720033,-0.03397068711421569,2,stop
100790,2021-01-15,2021-01-18,5948.0,5769.5599999999995,1054,-213213.70591013227,-0.03397068711421558,1,stop
003490,2021-01-18,2021-01-19,24502.0,23766.94,250,-208326.77569175046,-0.03397068711421569,1,stop
064760,2021-01-18,2021-01-19,133100.0,129107.0,46,-208228.14739210065,-0.03397068711421569,1,stop
083650,2021-01-19,2021-01-20,3245.0,3147.65,1850,-204169.08271512482,-0.03397068711421558,1,stop
012450,2021-01-19,2021-01-20,40490.0,39275.299999999996,148,-203804.15800642036,-0.03397068711421569,1,stop
080220,2021-01-12,2021-01-21,4275.0,4916.25,1512,940221.7140015,0.1452924843491259,7,target
000270,2021-01-20,2021-01-21,96000.0,93120.0,60,-195896.2089599995,-0.03397068711421547,1,stop
036930,2021-01-18,2021-01-27,9350.0,10450.0,656,694335.9676000001,0.11307197967434224,7,time
042700,2021-01-19,2021-01-28,10050.0,9748.5,597,-204053.44953622483,-0.03397068711421558,7,stop
066570,2021-01-21,2021-01-28,168500.0,163445.0,38,-217764.48367549945,-0.03397068711421547,5,stop
079550,2021-01-21,2021-01-28,39750.0,38557.5,163,-220357.7277611252,-0.03397068711421558,5,stop
080220,2021-01-27,2021-01-28,6450.0,6256.5,1079,-236692.6147686746,-0.03397068711421558,1,stop
100790,2021-01-20,2021-01-29,5671.0,5500.87,1023,-197305.33528392948,-0.03397068711421536,7,stop
352820,2021-01-28,2021-01-29,210870.0,204543.9,29,-207977.49547195528,-0.03397068711421558,1,stop
214150,2021-01-28,2021-01-29,16500.0,16005.0,378,-212118.8637644993,-0.03397068711421547,1,stop
035420,2021-01-29,2021-02-01,362000.0,351140.0,16,-196984.52123199962,-0.03397068711421547,1,stop
226950,2021-01-28,2021-02-03,47000.0,54049.99999999999,132,902431.3118699994,0.14529248434912567,4,target
068270,2021-02-02,2021-02-03,321809.0,312154.73,18,-197003.63471627794,-0.0339706871142158,1,stop
047050,2021-02-02,2021-02-04,18600.0,21390.0,314,849542.2040370004,0.1452924843491259,2,target
096770,2021-02-02,2021-02-04,318799.0,309235.02999999997,18,-195160.9860007465,-0.03397068711421547,2,stop
263750,2021-01-28,2021-02-05,61960.0,71254.0,100,901267.6351300003,0.1452924843491259,6,target
298040,2021-02-05,2021-02-08,86300.0,83711.0,74,-217193.11973269936,-0.03397068711421547,1,stop
272210,2021-02-05,2021-02-08,17479.0,16954.63,368,-218760.0173263112,-0.03397068711421547,1,stop
079550,2021-02-05,2021-02-09,43600.0,42292.0,147,-217975.3441782007,-0.03397068711421569,2,stop
263750,2021-02-08,2021-02-09,78600.0,76242.0,79,-211180.1944299005,-0.03397068711421569,1,stop
047810,2021-02-05,2021-02-10,38800.0,37636.0,166,-219050.05254679918,-0.03397068711421547,3,stop
032820,2021-02-09,2021-02-10,1325.0,1285.25,4625,-208416.05130781233,-0.03397068711421558,1,stop
298040,2021-02-10,2021-02-15,88300.0,85651.0,69,-207211.25561294984,-0.03397068711421558,1,stop
352820,2021-02-03,2021-02-16,229185.0,245520.0,28,429732.73381499946,0.06688904542617413,7,time
047050,2021-02-08,2021-02-16,21800.0,21146.0,286,-212044.0422957996,-0.03397068711421547,4,stop
047810,2021-02-15,2021-02-16,40150.0,38945.5,146,-199361.80335115083,-0.03397068711421569,1,stop
353200,2021-02-10,2021-02-17,16300.0,15811.0,374,-207330.28976770025,-0.03397068711421558,3,stop
080220,2021-02-16,2021-02-17,6970.0,6760.9,887,-210261.59085281566,-0.03397068711421569,1,stop
064760,2021-02-16,2021-02-17,185600.0,180032.0,33,-208302.96886079852,-0.03397068711421536,1,stop
319400,2021-02-16,2021-02-17,6150.0,5965.5,1006,-210414.97486365028,-0.03397068711421558,1,stop
357780,2021-02-17,2021-02-18,312600.0,303222.0,19,-201997.55963490065,-0.03397068711421569,1,stop
240810,2021-02-17,2021-02-18,53400.0,51798.0,111,-201589.44253290072,-0.03397068711421569,1,stop
035720,2021-02-17,2021-02-19,103367.0,100265.98999999999,57,-200382.7422915632,-0.033970687114215914,2,stop
222800,2021-02-18,2021-02-19,25400.0,24638.0,228,-196957.31342520006,-0.03397068711421558,1,stop
010950,2021-02-09,2021-02-22,81000.0,86600.0,75,393865.2539999997,0.06475930375345462,7,time
003670,2021-02-18,2021-02-22,154605.0,177795.75,37,832084.8710431131,0.1452924843491259,2,target
272210,2021-02-19,2021-02-22,19581.0,18993.57,290,-193124.0735446643,-0.03397068711421547,1,stop
178320,2021-02-19,2021-02-22,23404.0,22701.88,242,-192623.38188002817,-0.03397068711421558,1,stop
042700,2021-02-22,2021-02-23,12175.0,11809.75,492,-203721.8543908503,-0.03397068711421558,1,stop
043260,2021-02-22,2021-02-23,1980.0,1920.6,3029,-203970.80582307,-0.03397068711421558,1,stop
087010,2021-02-22,2021-02-23,15020.0,14569.4,399,-203819.80249533057,-0.03397068711421569,1,stop
267270,2021-02-23,2021-02-24,38750.0,37587.5,149,-196363.84313937556,-0.03397068711421569,1,stop
003670,2021-02-24,2021-02-25,167205.0,162188.85,34,-193344.4567797454,-0.03397068711421569,1,stop
138040,2021-02-17,2021-02-26,11050.0,12250.0,538,619333.3497399995,0.10405925109398306,7,time
011200,2021-02-22,2021-03-02,16600.0,19090.0,361,871681.1540155001,0.1452924843491259,5,target
000660,2021-02-26,2021-03-05,143500.0,139195.0,41,-200096.4141347492,-0.03397068711421547,4,stop
141080,2021-03-04,2021-03-05,57400.0,55678.0,106,-206928.9746174002,-0.03397068711421558,1,stop
086520,2021-03-05,2021-03-08,8968.0,8698.96,660,-201299.6793904798,-0.03397068711421558,1,stop
100790,2021-03-05,2021-03-08,6339.0,6148.83,934,-201359.06042882148,-0.03397068711421569,1,stop
011200,2021-03-04,2021-03-09,20150.0,23172.5,304,891027.2798179993,0.14529248434912567,3,target
098460,2021-03-04,2021-03-10,22439.0,21765.829999999998,273,-208338.57707795035,-0.03397068711421569,4,stop
083650,2021-03-09,2021-03-10,3590.0,3482.2999999999997,1735,-211834.88228102587,-0.03397068711421569,1,stop
105560,2021-03-09,2021-03-10,51900.0,50343.0,120,-211812.7759379996,-0.03397068711421547,1,stop
083650,2021-03-12,2021-03-15,3800.0,3686.0,1591,-205616.19793929905,-0.03397068711421547,1,stop
319400,2021-03-12,2021-03-15,6200.0,6014.0,975,-205588.99013250042,-0.03397068711421569,1,stop
005490,2021-03-05,2021-03-16,299500.0,306000.0,19,99815.10872500017,0.01752050580193809,7,time
100790,2021-03-15,2021-03-16,8064.0,7822.08,725,-198834.6520944005,-0.03397068711421569,1,stop
047040,2021-03-16,2021-03-17,6400.0,6208.0,895,-194807.89668799937,-0.03397068711421547,1,stop
010120,2021-03-16,2021-03-17,12360.0,11989.199999999999,463,-194626.96477278043,-0.03397068711421569,1,stop
105560,2021-03-12,2021-03-18,51100.0,49567.0,118,-205072.04180329945,-0.03397068711421547,4,stop
005290,2021-03-17,2021-03-19,33250.0,32252.5,166,-187716.86204074975,-0.03397068711421558,2,stop
237690,2021-03-17,2021-03-22,85000.0,82450.0,65,-187903.91571249906,-0.03397068711421547,3,stop
267270,2021-03-12,2021-03-23,46100.0,48350.0,131,269131.6226425003,0.04451365874337898,7,time
087010,2021-03-22,2021-03-23,16571.0,16073.869999999999,327,-184289.25654984452,-0.03397068711421558,1,stop
196170,2021-03-15,2021-03-24,83412.0,83162.0,70,-41377.14321299922,-0.007078393647436676,7,time
042700,2021-03-23,2021-03-24,13225.0,12828.25,436,-196103.66848685034,-0.03397068711421569,1,stop
100790,2021-03-18,2021-03-26,7911.0,9097.65,739,850390.0880016824,0.1452924843491259,6,target
011200,2021-03-23,2021-03-26,27350.0,31452.499999999996,211,839425.4893786237,0.14529248434912567,3,target
214450,2021-03-26,2021-03-29,69000.0,66930.0,98,-229973.9869769998,-0.03397068711421558,1,stop
039030,2021-03-19,2021-03-30,114100.0,120100.0,46,253676.52567999903,0.048276701370498776,7,time
011200,2021-03-29,2021-03-30,32600.0,31622.0,200,-221743.62541999947,-0.03397068711421547,1,stop
001440,2021-03-26,2021-03-31,9411.0,9128.67,718,-229807.27114083245,-0.03397068711421547,3,stop
083650,2021-03-30,2021-03-31,4565.0,4245.45,1294,-436487.2063075155,-0.07380694743940264,1,stop
241560,2021-03-30,2021-03-31,43650.0,40594.5,135,-435426.1195353754,-0.07380694743940264,1,stop
000500,2021-03-24,2021-04-02,22863.0,25008.0,248,507154.8629652001,0.08934216661448202,7,time
090430,2021-03-24,2021-04-02,249500.0,258500.0,22,174921.26630000025,0.03183099138886125,7,time
272210,2021-04-01,2021-04-08,19760.0,18376.8,294,-429270.19063656125,-0.07380694743940275,5,stop
064760,2021-04-02,2021-04-08,201200.0,187116.0,29,-431144.08761020005,-0.07380694743940253,4,stop
100790,2021-04-08,2021-04-09,11152.0,10371.359999999999,490,-403780.4627175201,-0.07380694743940253,1,stop
043260,2021-04-08,2021-04-12,2065.0,1920.4499999999998,2647,-403896.8423600085,-0.07380694743940275,2,stop
010140,2021-04-01,2021-04-15,7333.0,7060.0,794,-239984.3426623009,-0.04117006035790238,10,time
017670,2021-04-01,2021-04-15,47965.0,51847.0,121,444552.24633490015,0.07650921978524439,10,time
240810,2021-04-02,2021-04-16,55100.0,55900.0,107,61185.88917999994,0.010366130752247127,10,time
071050,2021-04-09,2021-04-23,99700.0,108000.0,50,393347.0322500011,0.07881547520566579,10,time
080220,2021-04-15,2021-04-23,7620.0,7086.599999999999,780,-439183.5194214005,-0.07380694743940264,6,stop
066970,2021-04-13,2021-04-27,92330.0,90696.0,55,-110416.3330764994,-0.021718437546528913,10,time
036930,2021-04-15,2021-04-29,12800.0,14000.0,464,530818.4963199999,0.08927274326683166,10,time
064760,2021-04-23,2021-04-29,229000.0,212970.0,23,-389188.3028454995,-0.07380694743940253,4,stop
035720,2021-04-16,2021-04-30,115500.0,113500.0,51,-125839.74600000028,-0.02133862621023319,10,time
267270,2021-04-23,2021-05-10,56500.0,66200.0,97,915665.994655001,0.16688514757848627,10,time
009540,2021-04-27,2021-05-12,150500.0,153500.0,34,80728.80950000044,0.01575846510235923,10,time
000150,2021-04-29,2021-05-14,61100.0,68500.0,93,662883.9501299998,0.11652366296043715,10,time
267250,2021-04-29,2021-05-14,68000.0,73400.0,83,423748.44319000095,0.07499320142232557,10,time
042660,2021-04-30,2021-05-17,31183.0,32649.0,187,249436.3057746999,0.04272685706717594,10,time
207940,2021-05-17,2021-05-21,1352702.0,1258012.8599999999,4,-399814.54006889183,-0.07380694743940253,3,stop
011200,2021-05-10,2021-05-25,42900.0,49350.0,149,932020.6723275008,0.14564070340791258,10,time
028050,2021-05-12,2021-05-27,19300.0,19100.0,270,-75196.52549999952,-0.014413766565969599,10,time
024110,2021-05-14,2021-05-31,10650.0,10800.0,583,61746.674137501046,0.009933360356853438,10,time
000810,2021-05-14,2021-05-31,217500.0,211500.0,28,-192462.76559999958,-0.03156677485321291,10,time
001440,2021-05-31,2021-06-01,15025.0,18030.0,405,1188499.090173751,0.1950878097556097,1,target
034020,2021-05-31,2021-06-02,17856.0,21427.2,341,1189235.6124422401,0.1950878097556097,2,target
214450,2021-05-21,2021-06-04,79300.0,81400.0,73,129123.99395500124,0.022279820450889387,10,time
001440,2021-06-04,2021-06-07,22473.0,26967.6,264,1158762.223309679,0.19508780975560946,1,target
030200,2021-05-25,2021-06-08,32800.0,33550.0,223,136781.06455749925,0.0186787606021519,10,time
032820,2021-06-07,2021-06-08,1940.0,2328.0,3663,1387931.3908218015,0.1950878097556099,1,target
241560,2021-06-03,2021-06-09,54500.0,50685.0,135,-543659.1870487491,-0.07380694743940241,4,stop
034020,2021-06-08,2021-06-09,30789.0,29865.329999999998,258,-270158.625249777,-0.03397068711421558,1,stop
000500,2021-06-08,2021-06-09,34251.0,33223.47,232,-270249.43130497076,-0.03397068711421547,1,stop
012450,2021-05-27,2021-06-10,49964.0,49709.0,103,-47278.10334115103,-0.009176274665399387,10,time
001440,2021-06-09,2021-06-10,28351.0,27500.469999999998,261,-251658.983103944,-0.03397068711421569,1,stop
083650,2021-06-09,2021-06-10,6530.0,6334.099999999999,1134,-251842.9418876702,-0.03397068711421558,1,stop
000150,2021-06-09,2021-06-10,99000.0,96030.0,74,-249155.49077099934,-0.03397068711421547,1,stop
032820,2021-06-10,2021-06-11,2395.0,2323.15,2773,-225870.19946759753,-0.03397068711421558,1,stop
145020,2021-06-10,2021-06-11,242500.0,235225.0,27,-222678.89377875067,-0.03397068711421569,1,stop
180640,2021-06-11,2021-06-14,78700.0,76339.0,82,-219478.57550390065,-0.03397068711421569,1,stop
007660,2021-06-14,2021-06-15,3597.0,3489.0899999999997,1783,-218119.9196615843,-0.03397068711421569,1,stop
035720,2021-06-02,2021-06-16,128000.0,143000.0,56,808147.7403999995,0.11261430205112077,10,time
064350,2021-06-11,2021-06-16,24650.0,23910.5,264,-221321.9044146007,-0.03397068711421569,3,stop
145020,2021-06-16,2021-06-17,249000.0,241530.0,28,-237116.03626199905,-0.03397068711421547,1,stop
263750,2021-06-16,2021-06-17,64800.0,62856.0,110,-242421.558588,-0.03397068711421558,1,stop
214150,2021-06-15,2021-06-18,16950.0,19492.5,366,902387.6739922501,0.1452924843491259,3,target
307950,2021-06-10,2021-06-21,121500.0,132500.0,54,565360.5681000007,0.08607088335129132,7,time
007660,2021-06-17,2021-06-21,3713.0,3601.61,1857,-234498.6792575987,-0.03397068711421558,2,stop
064760,2021-06-18,2021-06-21,202100.0,196037.0,36,-247441.39894260094,-0.03397068711421569,1,stop
214450,2021-06-14,2021-06-23,92700.0,92000.0,69,-74370.92584499996,-0.011613821489427467,7,time
352820,2021-06-17,2021-06-23,292000.0,335800.0,23,976906.623230001,0.1452924843491259,4,target
214150,2021-06-21,2021-06-23,19300.0,18721.0,359,-235643.41371895,-0.03397068711421558,2,stop
028050,2021-06-21,2021-06-24,23750.0,27312.499999999996,292,1008762.2739874991,0.14529248434912567,3,target
001440,2021-06-23,2021-06-24,32547.0,31570.59,213,-235773.02490859386,-0.03397068711421558,1,stop
035720,2021-06-21,2021-06-25,155500.0,150835.0,44,-232694.76765699964,-0.03397068711421558,4,stop
095340,2021-06-23,2021-06-25,24500.0,23765.0,283,-235806.66055975016,-0.03397068711421558,2,stop
078600,2021-06-24,2021-06-25,50900.0,49373.0,144,-249277.92590160016,-0.03397068711421558,1,stop
036930,2021-06-24,2021-06-25,15950.0,15471.5,459,-248987.14246642403,-0.03397068711421547,1,stop
307950,2021-06-25,2021-06-28,143000.0,138710.0,48,-233442.98234399967,-0.03397068711421558,1,stop
298380,2021-06-25,2021-06-29,22300.0,21631.0,307,-232834.20766685065,-0.03397068711421569,2,stop
039490,2021-06-29,2021-06-30,135000.0,130950.0,49,-224974.5524775004,-0.03397068711421569,1,stop
005830,2021-06-29,2021-07-01,55600.0,53932.0,120,-226913.1087119989,-0.03397068711421547,2,stop
263750,2021-06-30,2021-07-01,74500.0,85675.0,87,942796.3487887494,0.14529248434912567,1,target
043260,2021-06-23,2021-07-02,1800.0,1870.0,3857,240741.89266049955,0.03463620566805092,7,time
010170,2021-06-25,2021-07-06,3112.0,3138.0,2206,29052.473573800176,0.004227063788855734,7,time
277810,2021-06-29,2021-07-07,23450.0,22746.5,286,-228093.24733194988,-0.03397068711421558,6,stop
032820,2021-07-06,2021-07-07,3070.0,2855.1,2275,-516079.0590751264,-0.07380694743940275,1,stop
058470,2021-07-02,2021-07-16,36081.0,37303.0,194,207682.8837678004,0.029636109663292443,10,time
010950,2021-07-07,2021-07-16,106500.0,99045.0,60,-472168.83523499966,-0.07380694743940253,7,stop
000720,2021-07-05,2021-07-19,58572.0,56043.0,120,-331390.0982340006,-0.047094372138370644,10,time
012450,2021-07-06,2021-07-20,54496.0,52562.0,128,-275409.1492479993,-0.03943706179697659,10,time
047050,2021-07-07,2021-07-21,23950.0,23450.0,270,-161103.02355000004,-0.02488485947219743,10,time
078600,2021-07-20,2021-07-21,61700.0,57380.99999999999,108,-492385.6417014012,-0.07380694743940275,1,stop
032820,2021-07-16,2021-07-22,3065.0,2850.45,2158,-488740.5574068548,-0.07380694743940253,4,stop
086520,2021-07-19,2021-07-26,11249.0,13498.8,596,1309451.8278847598,0.19508780975560946,5,target
357780,2021-07-23,2021-07-29,364600.0,339078.0,17,-457996.3809942994,-0.07380694743940253,4,stop
042700,2021-07-23,2021-07-29,19825.0,18437.25,313,-458515.47114571277,-0.07380694743940264,4,stop
247540,2021-07-16,2021-07-30,66736.0,71531.0,99,446229.2958799498,0.06746266532342005,10,time
047050,2021-07-26,2021-08-02,27200.0,25296.0,295,-592908.0960759996,-0.07380694743940253,5,stop
010130,2021-07-22,2021-08-05,517000.0,525000.0,12,70291.75440000091,0.01131705371001801,10,time
086520,2021-07-30,2021-08-09,13734.0,16480.8,466,1250006.6097363597,0.19508780975560946,6,target
012450,2021-08-05,2021-08-10,56228.0,52292.03999999999,117,-486110.45137847494,-0.07380694743940275,3,stop
064350,2021-08-09,2021-08-11,27000.0,25110.0,284,-566602.6022820007,-0.07380694743940264,2,stop
138040,2021-07-29,2021-08-12,24000.0,24650.0,239,131384.7452324992,0.02287897605818645,10,time
086520,2021-08-11,2021-08-12,17940.0,21528.0,399,1398056.3747513993,0.19508780975560946,1,target
066970,2021-08-13,2021-08-17,129700.0,120620.99999999999,57,-546274.9580608513,-0.07380694743940275,1,stop
214150,2021-08-03,2021-08-18,23750.0,25300.0,291,421396.5972974999,0.06090251181813766,10,time
222800,2021-08-06,2021-08-23,29800.0,30800.0,222,194233.48098000046,0.029326189610536346,10,time
214150,2021-08-20,2021-08-23,26100.0,24273.0,278,-536144.3872767007,-0.07380694743940264,1,stop
247540,2021-08-10,2021-08-25,77410.0,78424.0,78,54113.983193400316,0.00895196994653924,10,time
207940,2021-08-12,2021-08-27,1405065.0,1377429.0,5,-166563.8253659997,-0.02368181857312668,10,time
000810,2021-08-18,2021-09-01,230500.0,227000.0,30,-133029.50774999987,-0.019215716505699976,10,time
138040,2021-08-26,2021-09-02,25950.0,31140.0,248,1256951.1299640005,0.1950878097556097,5,target
086520,2021-09-01,2021-09-02,20555.0,19116.149999999998,330,-501219.4107549768,-0.07380694743940286,1,stop
214450,2021-08-24,2021-09-07,98100.0,94000.0,69,-309806.3026350001,-0.04571649577788561,10,time
353200,2021-08-25,2021-09-08,18250.0,18200.0,352,-43874.95112000033,-0.006822002851502584,10,time
016360,2021-08-30,2021-09-13,49300.0,48850.0,139,-90449.33461249899,-0.013183916386721783,10,time
247540,2021-09-10,2021-09-14,90778.0,108933.59999999999,70,1241103.498867399,0.19508780975560946,2,target
067310,2021-09-03,2021-09-15,12599.0,11717.07,556,-517615.5659233052,-0.07380694743940241,8,stop
028300,2021-09-02,2021-09-16,55880.0,60097.0,125,496945.08214375004,0.0710628743569981,10,time
078600,2021-09-07,2021-09-24,74000.0,88800.0,87,1257419.8792199995,0.19508780975560946,10,target
066970,2021-09-14,2021-09-24,150400.0,180480.0,50,1468747.668800001,0.1950878097556097,5,target
028050,2021-09-24,2021-09-27,27850.0,25900.5,300,-617366.2939575007,-0.07380694743940264,1,stop
066970,2021-09-27,2021-09-28,191900.0,178467.0,40,-567193.736974,-0.07380694743940253,1,stop
058470,2021-09-13,2021-09-29,38244.0,35566.92,178,-503013.65232886747,-0.07380694743940253,9,stop
000810,2021-09-15,2021-10-05,232500.0,240000.0,28,182701.6275000004,0.028032524520954505,10,time
247540,2021-09-16,2021-10-06,110001.0,102300.93,68,-552715.9616648816,-0.07380694743940253,10,stop
028300,2021-10-05,2021-10-06,49509.0,48023.729999999996,131,-220576.37649852224,-0.03397068711421569,1,stop
078600,2021-09-28,2021-10-07,101400.0,94302.0,71,-531976.8876981,-0.07380694743940253,6,stop
005830,2021-09-24,2021-10-12,62800.0,65500.0,133,323811.54956500046,0.038724144625695844,10,time
028300,2021-10-08,2021-10-12,45834.0,44458.979999999996,143,-222908.86776572745,-0.03397068711421569,1,stop
028300,2021-10-15,2021-10-18,46550.0,45153.5,149,-235889.98446807545,-0.03397068711421569,1,stop
000150,2021-11-30,2021-12-01,110500.0,107185.0,62,-233000.85548349936,-0.03397068711421547,1,stop
086520,2021-12-03,2021-12-07,22405.0,21732.85,306,-233168.52359290607,-0.03397068711421569,2,stop
352820,2021-12-03,2021-12-08,333500.0,341000.0,20,122222.79849999957,0.018303206213550416,3,time
000150,2021-12-03,2021-12-08,110500.0,114500.0,62,219192.11539999954,0.03195742245111077,3,time
066970,2021-12-07,2021-12-10,203000.0,205900.0,33,67964.02981499955,0.010133743960098585,3,time
277810,2022-01-18,2022-01-21,22000.0,23100.0,313,315064.78118500113,0.04570183353615853,3,time
108490,2022-01-25,2022-01-26,23079.0,22386.63,302,-237043.18735929206,-0.03397068711421547,1,stop
277810,2022-01-26,2022-01-27,21800.0,21146.0,317,-235027.8370901011,-0.03397068711421569,1,stop
319400,2022-01-27,2022-01-28,3365.0,3264.0499999999997,2040,-233463.38819910213,-0.033970687114215914,1,stop
058610,2022-01-26,2022-02-03,11300.0,12430.000000000002,612,661179.7346219998,0.0954971589426421,3,target
108490,2022-01-28,2022-02-03,21716.0,23887.600000000002,313,649851.0705704605,0.0954971589426421,1,target
138040,2022-02-03,2022-02-04,44450.0,48895.00000000001,161,684206.6793677518,0.09549715894264232,1,target
319400,2022-02-03,2022-02-04,3350.0,3685.0000000000005,2138,684765.9802885009,0.09549715894264232,1,target
031980,2022-01-28,2022-02-07,14450.0,14016.5,471,-231468.7158630751,-0.03397068711421558,3,stop
138040,2022-02-11,2022-02-15,41550.0,40303.5,176,-248706.56195879914,-0.03397068711421547,2,stop
298380,2022-02-14,2022-02-15,23800.0,26180.000000000004,307,698562.0696670013,0.09549715894264232,1,target
298380,2022-02-18,2022-02-23,24500.0,26050.0,302,436397.4359950004,0.058912838235837706,3,time
032820,2022-04-11,2022-04-12,2215.0,2148.5499999999997,3384,-254922.18542226125,-0.0339706871142158,1,stop
214370,2022-05-09,2022-05-10,20820.0,20195.399999999998,357,-252785.6923932908,-0.03397068711421569,1,stop
329180,2022-05-12,2022-05-13,124500.0,120765.0,59,-249818.68106174935,-0.03397068711421547,1,stop
214370,2022-05-13,2022-05-17,18400.0,20240.0,399,701908.3144919984,0.09549715894264188,2,target
028300,2022-06-09,2022-06-10,34486.0,33451.42,217,-254510.73536392767,-0.03397068711421569,1,stop
028300,2022-06-13,2022-06-15,32334.0,31363.98,229,-251824.78067663126,-0.03397068711421558,2,stop
257720,2022-07-27,2022-07-28,4050.0,3928.5,1823,-251099.1484692758,-0.03397068711421569,1,stop
214370,2022-08-30,2022-09-02,23940.0,26334.000000000004,306,700382.4268518016,0.09549715894264232,3,target
277810,2022-09-08,2022-09-13,27600.0,30360.000000000004,270,712463.3267400004,0.0954971589426421,1,target
000150,2022-09-08,2022-09-14,73000.0,70810.0,102,-253236.66179100052,-0.03397068711421569,2,stop
083650,2022-09-15,2022-09-19,8570.0,8312.9,882,-257070.92196429055,-0.03397068711421569,2,stop
298040,2022-09-19,2022-09-20,63700.0,61789.0,117,-253471.32912465,-0.03397068711421558,1,stop
083650,2022-09-21,2022-09-23,8510.0,8254.699999999999,876,-253534.58727546036,-0.03397068711421558,2,stop
012450,2022-09-27,2022-09-28,67535.0,65508.95,109,-250356.54539242852,-0.03397068711421569,1,stop
078600,2022-09-27,2022-09-28,81600.0,79152.0,90,-249767.66642399877,-0.03397068711421547,1,stop
009830,2022-09-27,2022-09-30,57888.0,58887.0,128,97128.7419455992,0.013093327533031829,3,time
064350,2022-09-29,2022-09-30,25900.0,25123.0,281,-247519.62138715014,-0.03397068711421558,1,stop
003670,2022-09-30,2022-10-06,145881.0,153636.0,49,349580.12954444997,0.048848666262300666,3,time
377300,2023-01-02,2023-01-03,54700.0,53059.0,134,-249284.72785330005,-0.03397068711421558,1,stop
257720,2023-01-02,2023-01-03,2480.0,2405.6,2964,-249996.21200112067,-0.03397068711421569,1,stop
298040,2023-01-05,2023-01-06,72100.0,69937.0,100,-245210.3587849997,-0.03397068711421558,1,stop
257720,2023-01-06,2023-01-11,2425.0,2600.0,2970,488701.49006250035,0.06777604995346564,3,time
042660,2023-03-09,2023-03-10,20033.0,19432.01,364,-247999.56709910277,-0.03397068711421569,1,stop
058610,2023-03-10,2023-03-13,23850.0,22180.5,304,-535745.3713595998,-0.07380694743940253,1,stop
042660,2023-03-13,2023-03-15,19589.0,21547.9,363,679842.8892949661,0.09549715894264232,2,target
080220,2023-03-15,2023-03-16,4550.0,5005.0,1601,696453.9354272503,0.0954971589426421,1,target
403870,2023-03-20,2023-03-21,18600.0,22320.0,401,1456755.5003339993,0.19508780975560946,1,target
108490,2023-03-20,2023-03-21,40608.0,37765.439999999995,183,-549109.7444763379,-0.07380694743940286,1,stop
277810,2023-03-20,2023-03-23,124000.0,148800.0,60,1453122.6935999999,0.1950878097556097,3,target
028050,2023-03-10,2023-03-24,28650.0,29250.0,253,121646.88822000008,0.016763188928201833,10,time
247540,2023-03-24,2023-03-27,245000.0,227849.99999999997,32,-579311.9981600009,-0.07380694743940264,1,stop
403870,2023-03-24,2023-04-04,26150.0,24319.5,302,-583546.0003914498,-0.07380694743940253,7,stop
058610,2023-03-24,2023-04-04,34650.0,32224.499999999996,228,-583760.2867173003,-0.07380694743940264,7,stop
042700,2023-03-27,2023-04-04,20400.0,18972.0,379,-571302.1230834005,-0.07380694743940264,6,stop
078600,2023-04-04,2023-04-07,106300.0,127560.0,68,1411794.6341960002,0.1950878097556097,3,target
000250,2023-03-28,2023-04-11,78500.0,86300.0,98,730619.057980001,0.0948628235871456,10,time
066970,2023-03-28,2023-04-11,295500.0,317500.0,26,538827.2447999995,0.07005183191597864,10,time
078600,2023-04-10,2023-04-11,132300.0,123038.99999999999,65,-635432.84798175,-0.07380694743940264,1,stop
086520,2023-04-11,2023-04-12,148134.0,137764.62,55,-602024.1319450056,-0.07380694743940264,1,stop
247540,2023-04-11,2023-04-12,302000.0,280860.0,27,-602514.034820999,-0.07380694743940241,1,stop
003670,2023-04-11,2023-04-13,296609.0,275846.37,27,-591758.5607755696,-0.07380694743940264,2,stop
214370,2023-04-04,2023-04-18,42700.0,44200.0,170,224499.41345000174,0.03089151427006165,10,time
012450,2023-04-05,2023-04-19,110727.0,110320.0,66,-56732.38131329976,-0.0077541523127537815,10,time
003670,2023-04-18,2023-04-24,390148.0,362837.63999999996,19,-547746.2923092376,-0.07380694743940253,4,stop
051910,2023-04-12,2023-04-25,799000.0,743070.0,9,-531356.1962714996,-0.07380694743940253,9,stop
006260,2023-04-12,2023-04-26,84200.0,90700.0,92,564490.7696200004,0.07278765186890146,10,time
241560,2023-04-13,2023-04-27,45650.0,51200.0,175,935647.2111874996,0.11698605073908741,10,time
005830,2023-04-19,2023-05-04,80800.0,80100.0,90,-92616.38325000089,-0.012721394787290508,10,time
267260,2023-04-26,2023-05-09,52500.0,48825.0,142,-550863.6411074987,-0.07380694743940241,7,stop
042700,2023-05-04,2023-05-09,22650.0,21064.5,319,-533894.3808552762,-0.07380694743940275,2,stop
064350,2023-04-24,2023-05-10,33550.0,33600.0,206,-18054.254574999213,-0.002609279488611893,10,time
267270,2023-04-28,2023-05-10,67600.0,62867.99999999999,132,-659351.6354568023,-0.07380694743940286,6,stop
000810,2023-04-26,2023-05-12,226500.0,225500.0,33,-63534.71024999954,-0.008490430096063317,10,time
319400,2023-05-12,2023-05-15,4825.0,4487.25,1508,-537644.3915576506,-0.07380694743940264,1,stop
214150,2023-05-18,2023-05-23,26500.0,24645.0,268,-524779.8228230001,-0.07380694743940264,3,stop
000270,2023-05-11,2023-05-25,90500.0,87100.0,79,-297108.23467000015,-0.04150876399895398,10,time
005380,2023-05-11,2023-05-25,211500.0,203500.0,34,-300668.2866000002,-0.041763714400053,10,time
095340,2023-05-19,2023-05-25,42750.0,51300.0,166,1386032.9563349988,0.19508780975560946,4,target
007660,2023-05-23,2023-05-26,10755.0,12906.0,615,1291858.30112175,0.1950878097556097,3,target
042660,2023-05-25,2023-05-26,27007.0,25116.51,274,-546793.5309694074,-0.07380694743940264,1,stop
042700,2023-05-26,2023-05-31,28150.0,26179.5,262,-544974.4617384486,-0.07380694743940241,2,stop
214450,2023-05-17,2023-06-01,114000.0,120000.0,62,341937.24780000094,0.048322640136499784,10,time
007660,2023-05-30,2023-06-09,13887.0,16664.399999999998,533,1445656.1038884884,0.19508780975560946,7,target
047050,2023-06-09,2023-06-12,38400.0,37248.0,230,-300374.1870719977,-0.03397068711421536,1,stop
005930,2023-05-30,2023-06-14,71300.0,71900.0,103,31521.03953000065,0.004287208057834668,10,time
214150,2023-06-02,2023-06-14,27300.0,32760.0,267,1423650.084129,0.1950878097556097,7,target
066570,2023-05-31,2023-06-15,125200.0,123600.0,57,-120177.53232000023,-0.016820731590832416,10,time
086520,2023-06-14,2023-06-15,147545.0,143118.65,54,-270970.37016565446,-0.03397068711421547,1,stop
067310,2023-06-14,2023-06-15,17608.0,17079.76,456,-273072.7854166087,-0.03397068711421569,1,stop
403870,2023-06-01,2023-06-16,26750.0,31450.0,272,1244812.7096800003,0.17088821236180451,10,time
007660,2023-06-12,2023-06-16,17504.0,20129.6,488,1242508.8570745587,0.14529248434912567,4,target
031980,2023-06-15,2023-06-16,12810.0,14731.499999999998,587,1093779.0420159744,0.14529248434912567,1,target
010170,2023-06-16,2023-06-19,2217.0,2150.49,4062,-306273.3157228604,-0.03397068711421569,1,stop
214150,2023-06-16,2023-06-19,32650.0,31670.5,275,-305365.1191318743,-0.03397068711421547,1,stop
031980,2023-06-19,2023-06-20,15750.0,18112.5,552,1264625.697195001,0.1452924843491259,1,target
007660,2023-06-19,2023-06-20,22076.0,21413.72,394,-295814.9748865217,-0.03397068711421536,1,stop
086280,2023-06-15,2023-06-26,94186.0,96388.0,79,142951.71096729953,0.019190076079280027,7,time
047050,2023-06-15,2023-06-26,36950.0,37950.0,203,171661.56238000002,0.022859322964036588,7,time
012450,2023-06-20,2023-06-26,139860.0,135664.19999999998,65,-309179.31354765035,-0.03397068711421558,4,stop
353200,2023-06-16,2023-06-27,29200.0,31200.0,308,577326.4296799991,0.06411928265910438,7,time
031980,2023-06-26,2023-06-27,17780.0,17246.6,453,-273926.1582768895,-0.03397068711421547,1,stop
178320,2023-06-26,2023-06-27,20350.0,19739.5,396,-274071.03984809946,-0.03397068711421547,1,stop
087010,2023-06-27,2023-06-28,11173.0,10837.81,750,-284993.27379037533,-0.03397068711421558,1,stop
145020,2023-06-27,2023-06-28,114100.0,110677.0,73,-283277.4814740503,-0.03397068711421558,1,stop
131290,2023-06-20,2023-06-29,51700.0,55100.0,177,562523.645130001,0.061401326846133086,7,time
310210,2023-06-26,2023-06-30,40378.0,39166.659999999996,199,-273275.95971388835,-0.0339706871142158,4,stop
131970,2023-06-27,2023-06-30,42900.0,41613.0,195,-284508.6347317491,-0.03397068711421547,3,stop
098460,2023-06-29,2023-06-30,16930.0,16422.1,510,-293650.4578165505,-0.03397068711421569,1,stop
084370,2023-06-30,2023-07-06,34250.0,31852.499999999996,240,-607390.8960300013,-0.07380694743940275,4,stop
036930,2023-06-30,2023-07-07,19150.0,17809.5,429,-607047.2989902748,-0.07380694743940253,5,stop
267270,2023-06-29,2023-07-10,82600.0,85100.0,104,224028.3297199998,0.02604895692294562,7,time
031980,2023-06-30,2023-07-10,20800.0,19344.0,395,-607095.3286840003,-0.07380694743940264,6,stop
047050,2023-07-06,2023-07-10,46400.0,43152.0,164,-562287.3190304004,-0.07380694743940264,2,stop
298040,2023-07-12,2023-07-13,138100.0,128432.99999999999,56,-571449.9067564011,-0.07380694743940275,1,stop
307950,2023-06-30,2023-07-14,139200.0,159000.0,59,1131098.3910299996,0.13756562351018875,10,time
272210,2023-07-12,2023-07-17,17070.0,15875.099999999999,455,-573906.8103200244,-0.07380694743940253,3,stop
087010,2023-07-12,2023-07-18,15922.0,19106.399999999998,488,1517563.2163198395,0.19508780975560946,4,target
007660,2023-07-17,2023-07-19,36226.0,33690.18,198,-530007.5224717027,-0.07380694743940264,2,stop
082740,2023-07-10,2023-07-24,11820.0,11860.0,658,-5631.589068001136,-0.000723249880038912,10,time
000100,2023-07-24,2023-07-25,64793.0,60257.49,122,-584096.1990060303,-0.07380694743940275,1,stop
086520,2023-07-19,2023-07-26,216413.0,259695.59999999998,30,1268042.909234099,0.19508780975560946,5,target
047050,2023-07-25,2023-07-26,70500.0,84600.0,104,1432028.9770799996,0.19508780975560946,1,target
010140,2023-07-13,2023-07-27,8250.0,8200.0,877,-73372.22955749929,-0.010129288889292987,10,time
036930,2023-07-18,2023-07-27,21450.0,25740.0,434,1818219.7703670003,0.1950878097556097,7,target
247540,2023-07-26,2023-07-27,483000.0,449189.99999999994,17,-606725.8695015013,-0.07380694743940275,1,stop
000500,2023-07-26,2023-07-27,22613.0,21030.09,365,-609884.3760526925,-0.07380694743940253,1,stop
042700,2023-07-14,2023-07-28,43250.0,47150.0,216,801631.1782800015,0.08571079441188822,10,time
095340,2023-07-28,2023-08-01,106500.0,99045.0,82,-645297.4081544988,-0.07380694743940241,2,stop
036930,2023-07-31,2023-08-02,28250.0,26272.5,313,-653370.0912921224,-0.0738069474394023,2,stop
000660,2023-07-28,2023-08-03,126200.0,117365.99999999999,69,-643435.3338747015,-0.07380694743940275,4,stop
084370,2023-07-28,2023-08-03,35050.0,32596.499999999996,249,-644887.3084619269,-0.07380694743940275,4,stop
298040,2023-08-01,2023-08-03,174500.0,162285.0,46,-593129.7715854999,-0.07380694743940253,2,stop
310210,2023-08-02,2023-08-03,55908.0,51994.439999999995,147,-607278.284871174,-0.07380694743940253,1,stop
039030,2023-08-04,2023-08-07,168900.0,157077.0,46,-574095.2345030997,-0.07380694743940253,1,stop
028050,2023-07-28,2023-08-11,32700.0,37200.0,267,1162176.9435450025,0.13295786245944674,10,time
257720,2023-08-07,2023-08-11,9010.0,8379.3,846,-563237.5680477899,-0.07380694743940253,4,stop
307950,2023-08-08,2023-08-14,164000.0,152520.0,46,-557440.014556,-0.07380694743940253,4,stop
310210,2023-08-14,2023-08-16,72924.0,67819.31999999999,109,-587345.2230569338,-0.07380694743940253,1,stop
326030,2023-08-03,2023-08-18,92600.0,86118.0,84,-574760.2610316006,-0.07380694743940264,10,stop
000810,2023-08-07,2023-08-22,245500.0,252500.0,31,185170.92205000017,0.024303027709746905,10,time
042700,2023-08-21,2023-08-25,58800.0,54683.99999999999,130,-564829.198206001,-0.07380694743940275,4,stop
003230,2023-08-16,2023-08-30,179200.0,189900.0,43,427164.5122750001,0.05537190788964974,10,time
087010,2023-08-31,2023-09-01,43997.0,40917.21,173,-562426.3095748564,-0.07380694743940253,1,stop
214150,2023-08-22,2023-09-05,37150.0,38650.0,207,278069.26756499894,0.0361180764256237,10,time
000150,2023-09-01,2023-09-06,117400.0,109181.99999999999,61,-529168.9979111012,-0.07380694743940275,3,stop
138040,2023-08-24,2023-09-07,51000.0,54200.0,151,450215.26404000167,0.05839475962016416,10,time
307950,2023-08-31,2023-09-07,176000.0,211200.0,43,1478122.6539200014,0.1950878097556097,5,target
277810,2023-09-06,2023-09-08,172100.0,206520.0,38,1277302.660162001,0.1950878097556097,2,target
277810,2023-09-11,2023-09-12,220000.0,204600.0,37,-601479.54911,-0.07380694743940253,1,stop
067310,2023-09-05,2023-09-13,25045.0,23291.85,318,-588497.492355315,-0.07380694743940253,6,stop
058610,2023-09-08,2023-09-13,39800.0,37014.0,207,-608765.2841889001,-0.07380694743940264,3,stop
000150,2023-09-12,2023-09-13,153500.0,142755.0,49,-555777.44823475,-0.07380694743940253,1,stop
016360,2023-08-31,2023-09-14,37550.0,38100.0,203,80081.70598750003,0.010493687343291702,10,time
214150,2023-09-07,2023-09-18,40000.0,37200.0,216,-638425.4673599973,-0.0738069474394023,7,stop
036930,2023-09-15,2023-09-18,31450.0,29248.499999999996,241,-560059.4801599262,-0.07380694743940275,1,stop
196170,2023-09-13,2023-09-19,61200.0,73440.0,120,1434372.7233599992,0.19508780975560946,4,target
267250,2023-09-14,2023-09-21,71600.0,66588.0,104,-550228.1713136015,-0.07380694743940275,5,stop
005830,2023-09-14,2023-10-04,89200.0,89600.0,83,2760.6912199985236,0.0003724565966236604,10,time
016360,2023-09-18,2023-10-04,38600.0,35898.0,194,-553331.6284466004,-0.07380694743940264,8,stop
138040,2023-09-25,2023-10-04,57500.0,53475.0,119,-505604.89125124924,-0.07380694743940241,3,stop
087010,2023-10-04,2023-10-05,31737.0,30784.89,217,-234222.7920966465,-0.03397068711421558,1,stop
024110,2023-09-18,2023-10-06,11340.0,11380.0,663,-4370.171129998751,-0.0005805941344180221,10,time
277810,2023-10-05,2023-10-06,157800.0,153066.0,43,-230769.81532589998,-0.03397068711421558,1,stop
067310,2023-10-05,2023-10-06,21369.0,20727.93,319,-231834.69487429317,-0.03397068711421558,1,stop
005940,2023-09-19,2023-10-10,10530.0,10550.0,837,-19429.2868590001,-0.002201931550990688,10,time
000250,2023-10-04,2023-10-10,73700.0,75700.0,93,157362.1900800001,0.022932464931022745,3,time
058610,2023-10-06,2023-10-10,32850.0,31864.5,210,-234616.31901224982,-0.03397068711421558,1,stop
277810,2023-10-10,2023-10-11,139900.0,135703.0,52,-247414.19113580044,-0.03397068711421569,1,stop
226950,2023-10-10,2023-10-11,16930.0,16422.1,434,-249890.78174977098,-0.03397068711421569,1,stop
307950,2023-10-06,2023-10-12,170500.0,180100.0,40,354918.22479999997,0.051981009467181316,3,time
087010,2023-10-11,2023-10-12,32367.0,35603.700000000004,223,690076.0883977963,0.09549715894264232,1,target
277810,2023-10-13,2023-10-16,140900.0,136673.0,52,-249182.69857779983,-0.03397068711421558,1,stop
196170,2023-10-18,2023-10-19,61100.0,59267.0,119,-247281.55307765026,-0.03397068711421558,1,stop
277810,2023-10-18,2023-10-19,143000.0,138710.0,51,-248033.16874049976,-0.03397068711421558,1,stop
196170,2023-10-23,2023-10-24,54900.0,53253.0,131,-244594.78215614893,-0.03397068711421547,1,stop
196170,2023-10-26,2023-10-27,53700.0,59070.00000000001,133,682834.7189895017,0.09549715894264232,1,target
247540,2024-01-04,2024-01-05,265500.0,292050.0,27,685358.7436575005,0.0954971589426421,1,target
454910,2024-01-17,2024-01-18,92700.0,89919.0,80,-252216.3690359993,-0.03397068711421547,1,stop
310210,2024-01-18,2024-01-19,43700.0,42389.0,169,-251172.26945004985,-0.03397068711421558,1,stop
028300,2024-01-18,2024-01-19,43450.0,47795.00000000001,170,706201.0685675014,0.09549715894264232,1,target
068270,2024-01-18,2024-01-23,163750.0,167063.0,45,118446.87871574983,0.01605574942087218,3,time
454910,2024-01-22,2024-01-23,86300.0,83711.0,86,-252413.62563529983,-0.03397068711421558,1,stop
141080,2024-01-22,2024-01-23,50000.0,55000.00000000001,150,717052.4625000013,0.09549715894264232,1,target
454910,2024-01-25,2024-01-26,81700.0,79249.0,92,-255630.94878940005,-0.03397068711421558,1,stop
078930,2024-02-02,2024-02-15,50500.0,46965.0,149,-555999.1237442493,-0.07380694743940253,7,stop
028260,2024-02-02,2024-02-20,152900.0,162300.0,49,428538.00395000074,0.057132938322081106,10,time
000810,2024-02-02,2024-02-20,292000.0,303000.0,25,244272.42625000048,0.033423534120861076,10,time
006800,2024-02-02,2024-02-20,8313.0,8662.0,907,284709.8341126498,0.037717090511156126,10,time
024110,2024-02-02,2024-02-20,13210.0,13660.0,571,225280.14479049947,0.029832165106082886,10,time
030200,2024-02-20,2024-02-21,42200.0,39246.0,184,-573755.332055199,-0.07380694743940241,1,stop
178320,2024-02-15,2024-02-23,22750.0,21157.5,320,-537932.569720001,-0.07380694743940275,6,stop
003550,2024-02-20,2024-02-26,102900.0,95697.0,75,-570260.2481887508,-0.07380694743940264,4,stop
031980,2024-02-23,2024-02-26,41900.0,38967.0,161,-498466.9398453506,-0.07380694743940264,1,stop
402340,2024-02-20,2024-02-27,69400.0,64541.99999999999,111,-569218.3732941011,-0.07380694743940275,5,stop
267260,2024-02-21,2024-02-28,130500.0,121364.99999999999,56,-540001.5411420008,-0.07380694743940264,5,stop
196170,2024-02-26,2024-02-29,143000.0,171600.0,46,1284763.5858199997,0.19508780975560946,3,target
012450,2024-02-27,2024-02-29,170216.0,204259.19999999998,42,1396300.9087876808,0.1950878097556097,2,target
036930,2024-02-29,2024-03-05,39450.0,36688.5,197,-574261.4911352247,-0.07380694743940253,2,stop
015760,2024-02-20,2024-03-06,23300.0,24650.0,333,416427.1801424995,0.05360924572517067,10,time
042700,2024-02-29,2024-03-07,87700.0,105240.0,88,1507341.3575439993,0.19508780975560946,4,target
196170,2024-03-06,2024-03-08,193900.0,180327.0,42,-601760.3380886987,-0.07380694743940241,2,stop
039030,2024-02-29,2024-03-11,199900.0,185907.0,38,-561297.1684213001,-0.07380694743940264,6,stop
032830,2024-02-26,2024-03-12,93600.0,97500.0,71,248848.68703499902,0.037402612635077714,10,time
028300,2024-03-11,2024-03-13,98700.0,91791.0,74,-539691.1954287002,-0.07380694743940264,2,stop
298380,2024-03-11,2024-03-13,28700.0,26691.0,254,-538656.7097176984,-0.0738069474394023,2,stop
141080,2024-03-07,2024-03-15,75000.0,69750.0,125,-692735.9671874978,-0.0738069474394023,6,stop
145020,2024-03-05,2024-03-19,202500.0,188325.0,36,-538671.4880849998,-0.07380694743940253,10,stop
000150,2024-03-19,2024-03-20,160900.0,149637.0,41,-487457.0562068494,-0.07380694743940253,1,stop
267260,2024-03-14,2024-03-26,146000.0,175200.0,46,1311716.66804,0.19508780975560946,8,target
024110,2024-03-13,2024-03-27,14790.0,14790.0,460,-27881.693880001083,-0.004093491870325483,10,time
000250,2024-03-26,2024-03-27,118100.0,141720.0,68,1568513.1354519986,0.19508780975560946,1,target
005940,2024-03-14,2024-03-28,12850.0,11950.5,530,-503240.3524832502,-0.07380694743940264,10,stop
042700,2024-03-27,2024-03-28,110300.0,132360.0,74,1594177.1572180018,0.1950878097556099,1,target
055550,2024-03-15,2024-03-29,50200.0,46686.0,175,-649139.7836524993,-0.07380694743940253,10,stop
043260,2024-03-29,2024-04-01,2185.0,2032.05,3799,-613362.464796748,-0.07380694743940264,1,stop
031980,2024-03-21,2024-04-02,46250.0,43012.5,135,-461362.15414687525,-0.07380694743940264,8,stop
007660,2024-03-28,2024-04-02,41964.0,39026.52,191,-592252.232135226,-0.07380694743940253,3,stop
042700,2024-04-02,2024-04-03,145000.0,140650.0,45,-221913.67421249952,-0.03397068711421547,1,stop
000250,2024-04-02,2024-04-03,136900.0,132793.0,48,-223484.92505520023,-0.03397068711421558,1,stop
064350,2024-04-03,2024-04-05,38800.0,37636.0,165,-217730.47391699906,-0.03397068711421547,2,stop
080220,2024-04-03,2024-04-08,26950.0,26141.5,237,-217225.42900327593,-0.03397068711421569,3,stop
039030,2024-04-05,2024-04-08,252000.0,244440.0,24,-205691.0194079997,-0.03397068711421558,1,stop
440110,2024-04-08,2024-04-09,20600.0,19982.0,295,-206677.3024044996,-0.03397068711421558,1,stop
257720,2024-03-27,2024-04-11,11740.0,12610.0,698,571886.9852929981,0.06970877917505924,10,time
259960,2024-03-28,2024-04-11,255500.0,237614.99999999997,31,-585260.2909982502,-0.07380694743940264,9,stop
010120,2024-04-09,2024-04-12,24560.0,28243.999999999996,239,853824.5344401998,0.1452924843491259,2,target
000500,2024-04-11,2024-04-12,36950.0,42492.5,218,1171691.5635467507,0.1452924843491259,1,target
039030,2024-04-11,2024-04-12,244000.0,280600.0,33,1171240.6388100013,0.14529248434912612,1,target
267260,2024-04-12,2024-04-15,238500.0,231345.0,35,-283896.45907874964,-0.03397068711421558,1,stop
214450,2024-04-12,2024-04-15,127500.0,123675.0,65,-281855.87356875,-0.03397068711421558,1,stop
064760,2024-04-01,2024-04-16,131500.0,133000.0,58,55486.54824999999,0.00726665841252272,10,time
001440,2024-04-08,2024-04-16,12790.0,12406.3,476,-207052.77013834007,-0.03397068711421558,5,stop
000500,2024-04-15,2024-04-16,45100.0,43747.0,180,-276091.2195030013,-0.03397068711421569,1,stop
010120,2024-04-15,2024-04-16,27860.0,27024.2,292,-276673.46656851936,-0.03397068711421547,1,stop
298040,2024-04-16,2024-04-17,331000.0,321070.0,22,-247659.06139699928,-0.03397068711421547,1,stop
161390,2024-04-12,2024-04-19,60000.0,58200.0,139,-283641.3858900005,-0.03397068711421569,5,stop
440110,2024-04-18,2024-04-19,20500.0,19885.0,352,-245414.41733600013,-0.03397068711421558,1,stop
010120,2024-04-18,2024-04-19,29180.0,33557.0,247,1048394.19456005,0.1452924843491259,1,target
003230,2024-04-16,2024-04-22,242500.0,278875.0,30,1058218.5354375,0.1452924843491259,4,target
042660,2024-04-19,2024-04-22,33250.0,32252.5,233,-263482.1015391238,-0.03397068711421547,1,stop
031980,2024-04-19,2024-04-22,51100.0,49567.0,152,-264160.5962212002,-0.03397068711421558,1,stop
090430,2024-04-19,2024-04-22,145000.0,140650.0,53,-261364.99407249875,-0.03397068711421547,1,stop
010120,2024-04-22,2024-04-23,33420.0,32417.399999999998,230,-261419.40968609974,-0.03397068711421558,1,stop
082740,2024-04-16,2024-04-24,10840.0,12465.999999999998,675,1064327.8383224998,0.1452924843491259,6,target
042660,2024-04-24,2024-04-25,35050.0,33998.5,222,-264633.3318643505,-0.03397068711421569,1,stop
226950,2024-04-24,2024-04-25,16400.0,15908.0,476,-265493.7787544001,-0.03397068711421558,1,stop
003670,2024-04-25,2024-04-26,281100.0,272667.0,27,-258123.86408745032,-0.03397068711421558,1,stop
082740,2024-04-26,2024-04-30,13010.0,12619.699999999999,577,-255303.43481504638,-0.0339706871142158,2,stop
440110,2024-04-22,2024-05-02,18800.0,18236.0,410,-262147.2185180001,-0.03397068711421558,7,stop
267260,2024-04-24,2024-05-02,245000.0,237650.0,31,-258304.11580749974,-0.03397068711421558,5,stop
087010,2024-04-25,2024-05-03,26844.0,30870.6,289,1128463.3000092302,0.1452924843491259,5,target
003230,2024-04-24,2024-05-07,282000.0,305500.0,27,601425.7674750006,0.07889871714048091,7,time
237690,2024-05-07,2024-05-08,101100.0,94023.0,80,-597637.1736119995,-0.07380694743940253,1,stop
178320,2024-05-07,2024-05-09,27250.0,25342.5,299,-602052.2108428748,-0.07380694743940253,2,stop
131290,2024-04-30,2024-05-10,78300.0,75951.0,92,-244992.69633060042,-0.03397068711421569,6,stop
000500,2024-05-08,2024-05-10,51400.0,61680.0,153,1535974.1245979983,0.19508780975560946,2,target
257720,2024-05-10,2024-05-13,22000.0,26400.0,362,1555466.2811599998,0.19508780975560946,1,target
058470,2024-05-08,2024-05-14,59268.0,55119.24,133,-582463.041635707,-0.07380694743940275,4,stop
000500,2024-05-13,2024-05-14,66800.0,62123.99999999999,143,-705844.3789825998,-0.07380694743940253,1,stop
090430,2024-05-02,2024-05-20,172400.0,179700.0,43,282593.83086499944,0.03807656328829778,10,time
006260,2024-05-14,2024-05-20,153100.0,183720.0,52,1554919.4070279999,0.19508780975560946,3,target
000810,2024-05-20,2024-05-23,365500.0,339915.0,23,-621171.7235372514,-0.07380694743940275,3,stop
214150,2024-05-10,2024-05-27,48500.0,49000.0,164,49161.1771000009,0.006173585533073567,10,time
259960,2024-05-10,2024-05-27,265000.0,260000.0,30,-182138.48249999993,-0.02288418070296072,10,time
298040,2024-05-20,2024-05-27,373000.0,447600.0,23,1675583.2780100014,0.1950878097556097,5,target
001440,2024-05-14,2024-05-29,18430.0,18070.0,438,-190297.215264,-0.023546901687291344,10,time
034020,2024-05-28,2024-05-30,21900.0,20367.0,404,-653765.4126173994,-0.07380694743940253,2,stop
000150,2024-05-28,2024-05-30,213000.0,198090.0,41,-645297.4081544988,-0.07380694743940241,2,stop
005380,2024-05-23,2024-05-31,273500.0,254354.99999999997,29,-586073.1011997508,-0.07380694743940264,6,stop
042700,2024-05-29,2024-06-03,166400.0,154752.0,48,-590188.8764928011,-0.07380694743940275,3,stop
090430,2024-06-03,2024-06-04,194200.0,180606.0,39,-559641.9912836989,-0.07380694743940241,1,stop
267260,2024-05-27,2024-06-07,285000.0,265050.0,30,-631775.202074999,-0.07380694743940241,8,stop
031980,2024-06-07,2024-06-10,65000.0,78000.0,120,1523435.0820000004,0.1950878097556097,1,target
078600,2024-05-31,2024-06-11,117600.0,141120.0,67,1538903.8074480006,0.1950878097556097,6,target
196170,2024-06-05,2024-06-11,230500.0,276600.0,32,1440622.713440002,0.1950878097556099,3,target
000100,2024-06-07,2024-06-12,80200.0,74586.0,97,-574834.1528680986,-0.07380694743940241,3,stop
237690,2024-06-10,2024-06-12,106400.0,98952.0,87,-684001.9521132,-0.07380694743940253,2,stop
078600,2024-06-13,2024-06-14,157200.0,146196.0,52,-604021.4282856006,-0.07380694743940264,1,stop
003230,2024-06-04,2024-06-17,579000.0,694800.0,13,1470114.8541300008,0.1950878097556097,8,target
000150,2024-06-14,2024-06-21,225500.0,209715.0,34,-566528.7104455,-0.07380694743940253,5,stop
402340,2024-06-11,2024-06-25,89400.0,95600.0,102,593164.987019999,0.06497384985678845,10,time
214150,2024-06-13,2024-06-27,53800.0,51400.0,154,-402464.8073600009,-0.04852054799506933,10,time
042700,2024-06-13,2024-06-27,175900.0,173700.0,47,-136976.2204900002,-0.016549400442726125,10,time
082740,2024-06-17,2024-07-01,15300.0,15700.0,599,201334.8736799974,0.02194327958404485,10,time
087010,2024-06-28,2024-07-01,44967.0,53960.4,179,1572085.981343669,0.19508780975560946,1,target
000100,2024-07-02,2024-07-03,83200.0,77376.0,109,-670110.2868512012,-0.07380694743940275,1,stop
009540,2024-06-21,2024-07-05,151500.0,155700.0,46,164070.08093999978,0.023515797463962596,10,time
087010,2024-07-03,2024-07-08,57468.0,68961.59999999999,146,1638733.3364983182,0.19508780975560946,3,target
329180,2024-06-25,2024-07-09,152000.0,152400.0,64,-14342.759679999202,-0.0014726852699840087,10,time
005830,2024-07-01,2024-07-09,114000.0,106020.0,79,-665469.8795189988,-0.07380694743940241,6,stop
298380,2024-07-05,2024-07-10,29400.0,27341.999999999996,243,-527898.0583233004,-0.07380694743940264,3,stop
032820,2024-07-10,2024-07-11,2925.0,2720.25,2681,-579454.2399452617,-0.07380694743940253,1,stop
007660,2024-07-01,2024-07-12,56794.0,52818.42,158,-663064.8480246002,-0.07380694743940286,9,stop
034020,2024-07-10,2024-07-12,22350.0,20785.5,350,-578018.8910212507,-0.07380694743940264,2,stop
000250,2024-07-08,2024-07-18,196700.0,182931.0,51,-741260.7362170499,-0.07380694743940253,8,stop
141080,2024-07-09,2024-07-19,81800.0,76074.0,110,-664878.7448269995,-0.07380694743940253,8,stop
950160,2024-07-18,2024-07-22,17820.0,17285.399999999998,523,-316966.1878538113,-0.03397068711421569,2,stop
267270,2024-07-19,2024-07-23,60900.0,70035.0,137,1213613.0181052499,0.1452924843491259,2,target
226950,2024-07-22,2024-07-23,13860.0,15938.999999999998,649,1308429.3988804482,0.14529248434912567,1,target
009540,2024-07-11,2024-07-25,165500.0,183800.0,44,772983.1377400011,0.10602789241229149,10,time
082740,2024-07-24,2024-07-25,16900.0,16393.0,597,-343134.65643404983,-0.03397068711421558,1,stop
267250,2024-07-12,2024-07-26,77000.0,80900.0,101,360867.0617050007,0.04634852607390494,10,time
016360,2024-07-12,2024-07-26,44500.0,44450.0,174,-40406.714564999565,-0.005212487946875455,10,time
090430,2024-07-23,2024-07-26,177700.0,172369.0,55,-332394.37469974905,-0.03397068711421547,3,stop
010120,2024-07-25,2024-07-26,49900.0,48403.0,178,-302081.47694870085,-0.03397068711421569,1,stop
010140,2024-07-29,2024-08-02,11990.0,11150.699999999999,711,-629919.7780604865,-0.07380694743940275,4,stop
226950,2024-07-25,2024-08-05,14660.0,14220.199999999999,607,-302639.9171832707,-0.03397068711421569,7,stop
316140,2024-07-29,2024-08-05,16110.0,14982.3,529,-629720.2701019365,-0.07380694743940275,5,stop
055550,2024-07-29,2024-08-05,58400.0,54312.0,146,-630031.3547336003,-0.07380694743940264,5,stop
005940,2024-08-02,2024-08-05,13880.0,12908.4,569,-583577.0349627798,-0.07380694743940253,1,stop
087010,2024-08-06,2024-08-07,56208.0,61828.8,141,757716.7944693612,0.09549715894264232,1,target
310210,2024-08-06,2024-08-07,64600.0,71060.0,122,753497.848993999,0.09549715894264188,1,target
329180,2024-07-26,2024-08-09,184500.0,221400.0,45,1621579.4574749991,0.19508780975560946,10,target
000250,2024-08-06,2024-08-09,158400.0,163800.0,50,236746.28250000067,0.029857866361368224,3,time
000100,2024-08-06,2024-08-09,86400.0,88800.0,91,185534.45820000023,0.023570577799943315,3,time
087010,2024-08-09,2024-08-12,63961.0,62042.17,136,-295840.550224917,-0.03397068711421569,1,stop
214450,2024-08-16,2024-08-26,184600.0,171678.0,46,-627459.9188234024,-0.07380694743940286,6,stop
145020,2024-08-20,2024-08-27,289000.0,268770.0,30,-640642.2224549986,-0.07380694743940241,5,stop
259960,2024-08-16,2024-08-30,334500.0,327000.0,25,-221218.4381249994,-0.02642323420507131,10,time
138040,2024-08-19,2024-09-02,89200.0,92500.0,98,286621.77551000006,0.032750582982005616,10,time
326030,2024-08-19,2024-09-02,108200.0,112400.0,81,303279.6289499998,0.0345646165783311,10,time
298380,2024-08-27,2024-09-03,32900.0,30596.999999999996,245,-595605.1481082514,-0.07380694743940275,5,stop
000100,2024-09-04,2024-09-05,142200.0,132246.0,59,-619937.7298677005,-0.07380694743940264,1,stop
021240,2024-08-30,2024-09-06,69500.0,64634.99999999999,117,-600851.4684997508,-0.07380694743940264,5,stop
017670,2024-08-26,2024-09-09,56000.0,56500.0,144,38739.85559999943,0.004798530523689504,10,time
180640,2024-09-27,2024-09-30,91900.0,85467.0,88,-597578.0601428011,-0.07380694743940275,1,stop
347850,2024-09-27,2024-09-30,10635.0,9890.55,763,-599595.6767384326,-0.07380694743940264,1,stop
138040,2024-09-27,2024-10-16,99400.0,102800.0,81,241591.85955000017,0.029971720681393865,10,time
226950,2024-11-04,2024-11-05,21900.0,21243.0,361,-268877.74972514994,-0.03397068711421558,1,stop
000100,2024-11-04,2024-11-07,133900.0,129883.0,59,-268680.4931258494,-0.03397068711421547,3,stop
226950,2024-11-07,2024-11-08,19800.0,19206.0,394,-265316.9280101992,-0.03397068711421547,1,stop
226950,2024-11-11,2024-11-12,22350.0,21679.5,347,-263760.98155882396,-0.03397068711421547,1,stop
180640,2024-11-12,2024-11-13,77200.0,74884.0,99,-259929.7822638005,-0.03397068711421569,1,stop
347850,2024-11-13,2024-11-14,9809.0,9514.73,781,-260542.9441997977,-0.03397068711421569,1,stop
440110,2024-11-13,2024-11-15,17720.0,17188.399999999998,432,-260346.06170784123,-0.03397068711421569,2,stop
226950,2024-11-14,2024-11-15,20200.0,22220.0,376,726154.2484239992,0.0954971589426421,1,target
226950,2024-11-18,2024-11-19,20150.0,19545.5,382,-261783.314102049,-0.03397068711421547,1,stop
141080,2024-11-19,2024-11-20,113900.0,110483.0,67,-259538.67004104983,-0.03397068711421558,1,stop
310210,2024-11-19,2024-11-20,99000.0,96030.0,77,-259256.38904549927,-0.03397068711421547,1,stop
440110,2024-11-19,2024-11-21,17570.0,17042.899999999998,435,-259934.88372757658,-0.0339706871142158,2,stop
010130,2024-11-20,2024-11-21,990000.0,960300.0,7,-235687.6264050007,-0.03397068711421569,1,stop
087010,2024-11-25,2024-11-26,81500.0,79055.0,91,-252233.37391524855,-0.03397068711421536,1,stop
010130,2024-11-25,2024-11-26,940000.0,911800.0,7,-223784.21093000006,-0.03397068711421558,1,stop
298040,2024-11-26,2024-11-29,391000.0,403500.0,18,195493.5571500007,0.027744951484204083,3,time
087010,2024-11-28,2024-12-03,81100.0,89210.0,91,705589.1837994996,0.0954971589426421,3,target
000150,2024-11-29,2024-12-03,192800.0,212080.00000000003,38,700455.0881680017,0.09549715894264232,2,target
298040,2024-12-03,2024-12-04,386000.0,424600.00000000006,19,701181.7013300015,0.09549715894264232,1,target
272210,2024-12-05,2024-12-06,22650.0,21970.5,344,-264990.43432859983,-0.03397068711421558,1,stop
443060,2024-12-06,2024-12-09,126800.0,122996.0,61,-263058.68004579935,-0.03397068711421547,1,stop
042660,2024-12-06,2024-12-09,32600.0,31622.0,238,-263874.91424980015,-0.03397068711421558,1,stop
272210,2024-12-09,2024-12-10,20600.0,19982.0,371,-259922.98031209968,-0.03397068711421558,1,stop
083650,2024-12-09,2024-12-10,13250.0,12852.5,577,-260013.10617212486,-0.03397068711421558,1,stop
087010,2024-12-09,2024-12-10,82400.0,79928.0,92,-257821.17723680008,-0.03397068711421558,1,stop
083650,2024-12-12,2024-12-13,14150.0,13725.5,530,-255056.18387075048,-0.03397068711421569,1,stop
272210,2024-12-13,2024-12-17,21200.0,20564.0,351,-253073.41495019943,-0.03397068711421547,2,stop
083650,2024-12-16,2024-12-17,13250.0,14575.000000000002,562,711937.4882675009,0.09549715894264232,1,target
010130,2024-12-18,2024-12-19,1123000.0,1089310.0,6,-229157.75277299993,-0.03397068711421558,1,stop
010130,2024-12-24,2024-12-26,1128000.0,1240800.0,6,647068.1421599993,0.0954971589426421,1,target
