code,entry_date,exit_date,entry_price,exit_price,shares,pnl_krw,pnl_pct,hold_days,reason
180640,2014-06-09,2014-06-16,26997.0,25107.21,73,-145624.6274293065,-0.07380694743940253,5,stop
000660,2014-06-09,2014-06-23,47000.0,48900.0,42,71474.89880999993,0.03616655845832106,10,time
161390,2014-06-09,2014-06-23,63000.0,61700.0,31,-48184.9781849999,-0.024643943625382025,10,time
006400,2014-06-09,2014-06-23,166924.0,164967.0,11,-28988.504632450175,-0.01576939848896486,10,time
003550,2014-06-10,2014-06-24,59513.0,60742.0,37,36314.78478815034,0.01647292384542376,10,time
064760,2014-06-25,2014-06-27,10900.0,10137.0,183,-147392.0462665502,-0.07380694743940264,2,stop
067310,2014-06-16,2014-06-30,4915.0,5485.0,382,209403.5981470002,0.11140329544074579,10,time
000250,2014-07-01,2014-07-08,8060.0,9672.0,260,409296.2253639996,0.19508780975560946,5,target
095610,2014-06-25,2014-07-09,8970.0,10050.0,222,230892.26594400033,0.11581498402488655,10,time
010130,2014-06-25,2014-07-09,391000.0,411000.0,5,91693.21400000015,0.04684801749692147,10,time
095340,2014-06-27,2014-07-10,15037.0,18044.399999999998,129,378861.3127328695,0.19508780975560924,9,target
058470,2014-06-27,2014-07-11,6247.0,7098.0,312,256741.60326360003,0.13157425879693152,10,time
000720,2014-07-08,2014-07-22,59837.0,60227.0,41,5888.676951099653,0.0023975343871835975,10,time
064760,2014-07-11,2014-07-22,11600.0,10788.0,195,-167143.33416299988,-0.07380694743940253,7,stop
034220,2014-07-09,2014-07-23,30686.0,30224.0,70,-41047.6756269997,-0.019087587117535998,10,time
021240,2014-07-10,2014-07-24,91000.0,92100.0,24,17371.702680000104,0.007944938447725702,10,time
082920,2014-07-10,2014-07-24,3188.0,3241.0,704,28004.19899199996,0.01246329763120313,10,time
035720,2014-07-23,2014-07-29,26413.0,24564.09,80,-156136.4061979598,-0.07380694743940253,4,stop
047040,2014-07-29,2014-08-04,10250.0,9532.5,195,-147691.30820437474,-0.07380694743940241,4,stop
006800,2014-07-22,2014-08-05,9392.0,10317.0,242,213875.42776269978,0.09399142295292306,10,time
005940,2014-07-22,2014-08-05,10350.0,11150.0,220,166149.54180000024,0.07288478895129202,10,time
000720,2014-07-24,2014-08-07,61394.0,60227.0,36,-50945.92259219987,-0.023024053407076916,10,time
071050,2014-07-24,2014-08-07,44500.0,46700.0,50,100557.21950000012,0.04514233549788327,10,time
005830,2014-08-04,2014-08-19,59400.0,60900.0,31,38816.49019499961,0.021055662375373263,10,time
034730,2014-08-05,2014-08-20,185500.0,222600.0,13,470995.3461849997,0.19508780975560946,10,target
000270,2014-08-05,2014-08-20,61500.0,60500.0,40,-49963.64999999991,-0.020287093628531427,10,time
015760,2014-08-07,2014-08-21,44150.0,41059.5,51,-166378.55365522532,-0.07380694743940275,9,stop
066570,2014-08-07,2014-08-22,79400.0,74500.0,28,-145906.64577999967,-0.06555371718311365,10,time
095340,2014-08-26,2014-09-01,22589.0,21007.769999999997,104,-173590.8402486439,-0.07380694743940253,4,stop
086280,2014-08-20,2014-09-03,157061.0,151810.0,15,-88187.8076947499,-0.03738950472003921,10,time
032830,2014-08-20,2014-09-03,108500.0,109000.0,22,1185.168050000444,0.0004959390427148325,10,time
005490,2014-08-21,2014-09-04,347500.0,339500.0,6,-56403.240600000136,-0.027020835942375476,10,time
039030,2014-08-21,2014-09-04,74400.0,80500.0,30,173313.3244500002,0.07756013312417775,10,time
058610,2014-09-01,2014-09-12,7420.0,6900.599999999999,294,-161193.56348802056,-0.07380694743940286,6,stop
105560,2014-09-04,2014-09-15,43250.0,40222.5,52,-166182.7402885002,-0.07380694743940264,4,stop
032820,2014-09-16,2014-09-18,570.0,530.0999999999999,4090,-172264.03843245003,-0.07380694743940264,2,stop
017670,2014-09-03,2014-09-22,48482.0,51243.0,48,122600.23207439994,0.05262235873290955,10,time
032640,2014-09-04,2014-09-23,11850.0,12850.0,190,180212.77320000017,0.07994925143175702,10,time
047810,2014-09-04,2014-09-23,38000.0,40850.0,59,158466.12099250033,0.07059949623940032,10,time
005490,2014-09-12,2014-09-23,359000.0,333870.0,5,-132635.8465175,-0.07380694743940253,7,stop
180640,2014-09-22,2014-09-24,28513.0,26517.089999999997,86,-181191.50233470742,-0.07380694743940275,2,stop
000720,2014-09-19,2014-09-29,63340.0,58906.2,34,-159130.50341293984,-0.07380694743940253,6,stop
030200,2014-09-24,2014-09-30,36700.0,34131.0,60,-162709.82397300005,-0.07380694743940264,4,stop
034220,2014-09-29,2014-10-01,32859.0,30558.87,64,-155392.7587554243,-0.07380694743940275,2,stop
028300,2014-09-23,2014-10-08,2383.0,2601.0,908,188492.91356599983,0.08701335612475192,10,time
003550,2014-09-23,2014-10-08,69621.0,69905.0,31,-66.89888040022925,-3.096119267320674e-05,10,time
034730,2014-09-24,2014-10-10,234500.0,240000.0,9,40704.820424999576,0.01926465650798237,10,time
000250,2014-11-11,2014-11-14,10300.0,10400.0,207,11901.203145000618,0.005575503354234845,3,time
028300,2014-11-18,2014-11-20,2817.0,3098.7000000000003,758,204148.2779255705,0.09549715894264232,2,target
028300,2014-11-24,2014-11-25,2875.0,2788.75,757,-74017.98815543763,-0.03397068711421569,1,stop
028300,2014-11-27,2014-11-28,2819.0,3100.9,767,206718.86320013506,0.0954971589426421,1,target
028300,2015-03-11,2015-03-12,5012.0,5513.200000000001,439,210361.0116746598,0.0954971589426421,1,target
000990,2015-03-30,2015-04-02,6000.0,5820.0,374,-76317.89807399921,-0.03397068711421525,3,stop
010060,2015-04-02,2015-04-07,78353.0,83042.0,28,121913.96921060001,0.055506084618386575,3,time
039490,2015-04-07,2015-04-08,81200.0,78764.0,27,-74562.99453540007,-0.03397068711421558,1,stop
021240,2015-04-08,2015-04-09,101500.0,98455.0,22,-75943.79073050013,-0.03397068711421569,1,stop
028300,2015-04-07,2015-04-10,6562.0,7546.299999999999,343,327395.5051728543,0.14529248434912545,3,target
064760,2015-04-10,2015-04-13,14500.0,16675.0,184,388086.1927900007,0.14529248434912612,1,target
028300,2015-04-13,2015-04-14,7858.0,7622.26,390,-104226.98609426944,-0.03397068711421536,1,stop
196170,2015-04-14,2015-04-15,6376.0,6184.72,464,-100616.64617094444,-0.03397068711421569,1,stop
058470,2015-04-07,2015-04-16,8619.0,8870.0,261,56098.727602649946,0.024909006510060783,7,time
028050,2015-04-07,2015-04-16,26805.0,28987.0,84,173520.06872759946,0.07697601011583188,7,time
096770,2015-04-07,2015-04-16,102822.0,118245.29999999999,21,314085.370620735,0.1452924843491259,7,target
064760,2015-04-15,2015-04-16,16650.0,16150.5,171,-96830.88391327485,-0.03397068711421558,1,stop
010170,2015-04-16,2015-04-17,1007.0,976.79,2474,-84729.1235267031,-0.03397068711421558,1,stop
051910,2015-04-16,2015-04-17,277000.0,268690.0,8,-75365.62483599968,-0.03397068711421547,1,stop
034020,2015-04-16,2015-04-17,24710.0,23968.7,100,-84038.11325349985,-0.03397068711421547,1,stop
009540,2015-04-09,2015-04-20,124452.0,129904.0,17,83740.26676499983,0.03953523472565523,7,time
016360,2015-04-16,2015-04-20,64697.0,62756.09,38,-83612.51513563097,-0.03397068711421558,2,stop
068270,2015-04-17,2015-04-20,65680.0,63709.6,36,-80415.39377807966,-0.03397068711421547,1,stop
024110,2015-04-17,2015-04-20,15150.0,14695.5,159,-81924.40676272474,-0.03397068711421547,1,stop
005830,2015-04-20,2015-04-21,52700.0,51119.0,43,-77069.51373685012,-0.03397068711421558,1,stop
000100,2015-04-20,2015-04-22,31718.0,30766.46,72,-77667.9494474153,-0.03397068711421525,2,stop
128940,2015-04-21,2015-04-22,293880.0,285063.6,7,-69963.51479586004,-0.03397068711421558,1,stop
141080,2015-04-22,2015-04-23,13262.0,12864.14,166,-74872.21125968173,-0.03397068711421547,1,stop
009830,2015-04-22,2015-04-23,22130.0,21466.1,99,-74510.95960489474,-0.03397068711421547,1,stop
064760,2015-04-20,2015-04-24,17400.0,16878.0,133,-78705.38312069979,-0.03397068711421547,4,stop
032820,2015-04-23,2015-04-24,705.0,683.85,3022,-72458.13058183528,-0.03397068711421569,1,stop
078600,2015-04-17,2015-04-27,6330.0,6140.099999999999,382,-82237.63663850958,-0.03397068711421547,6,stop
000990,2015-04-24,2015-04-27,7710.0,7478.7,277,-72633.62093569478,-0.03397068711421547,1,stop
039030,2015-04-24,2015-04-27,116900.0,113393.0,18,-71563.33383569983,-0.03397068711421547,1,stop
196170,2015-04-20,2015-04-28,6195.0,6009.15,373,-78587.53930749791,-0.0339706871142158,6,stop
009830,2015-04-27,2015-04-28,22613.0,21934.61,98,-75368.14155812887,-0.03397068711421558,1,stop
128940,2015-04-24,2015-04-30,274556.0,315739.39999999997,7,279557.62714900984,0.14529248434912567,4,target
078930,2015-04-27,2015-04-30,50100.0,48597.0,44,-74971.1116374,-0.03397068711421558,3,stop
036570,2015-04-28,2015-04-30,212000.0,205640.0,10,-72100.68801999977,-0.03397068711421547,2,stop
066970,2015-04-28,2015-05-04,7981.0,7741.57,276,-74915.19959442597,-0.03397068711421558,3,stop
000990,2015-04-30,2015-05-04,8400.0,8148.0,256,-73134.58467840031,-0.03397068711421569,1,stop
095340,2015-04-30,2015-05-04,39459.0,38275.229999999996,54,-72467.51727518113,-0.03397068711421569,1,stop
067310,2015-04-30,2015-05-04,7325.0,7105.25,294,-73241.71541767498,-0.03397068711421558,1,stop
047810,2015-05-04,2015-05-06,65900.0,63923.0,31,-69478.53563964996,-0.03397068711421558,1,stop
095610,2015-04-27,2015-05-07,10144.0,11665.599999999999,220,324619.2633903995,0.14529248434912567,6,target
000100,2015-05-06,2015-05-07,35457.0,34393.29,58,-69941.27241380094,-0.03397068711421558,1,stop
000990,2015-05-12,2015-05-13,10050.0,9748.5,215,-73486.58567887498,-0.03397068711421558,1,stop
080220,2015-05-12,2015-05-13,4555.0,4418.349999999999,474,-73429.44928459544,-0.0339706871142158,1,stop
095610,2015-05-11,2015-05-15,12426.0,14289.9,173,312694.19507806515,0.1452924843491259,4,target
000250,2015-05-13,2015-05-15,12600.0,12222.0,167,-71563.33383569983,-0.03397068711421547,2,stop
028300,2015-05-12,2015-05-18,8991.0,10339.65,240,313878.52708020015,0.1452924843491259,4,target
036930,2015-05-13,2015-05-18,6740.0,6537.8,313,-71747.66672676988,-0.03397068711421558,3,stop
000990,2015-05-15,2015-05-18,11800.0,11446.0,191,-76651.19370729988,-0.03397068711421558,1,stop
007660,2015-05-15,2015-05-19,5811.0,5636.67,388,-76680.71417767787,-0.03397068711421558,2,stop
084370,2015-05-18,2015-05-19,18216.0,17669.52,122,-75581.65482199192,-0.03397068711421558,1,stop
095610,2015-05-18,2015-05-19,14487.0,14052.39,153,-75383.00382259348,-0.03397068711421558,1,stop
039030,2015-05-18,2015-05-19,112300.0,108931.0,19,-72566.62171144993,-0.03397068711421558,1,stop
090430,2015-05-19,2015-05-20,443000.0,429710.0,4,-60265.29206200014,-0.03397068711421569,1,stop
058470,2015-05-20,2015-05-21,10672.0,10351.84,201,-72953.38068511151,-0.03397068711421536,1,stop
005290,2015-05-13,2015-05-22,5850.0,6160.0,361,102925.30005450035,0.04868104103911053,7,time
009830,2015-05-20,2015-05-22,22552.0,25934.8,95,311638.4493556996,0.14529248434912567,2,target
028300,2015-05-21,2015-05-22,11676.0,11325.72,181,-71874.72718452639,-0.0339706871142158,1,stop
141080,2015-05-21,2015-05-22,12561.0,12184.17,168,-71769.02485510777,-0.03397068711421547,1,stop
035720,2015-05-20,2015-05-27,22981.0,22291.57,93,-72686.77818823047,-0.03397068711421558,4,stop
009830,2015-05-26,2015-05-27,24185.0,23459.45,90,-74027.3408390251,-0.03397068711421558,1,stop
028260,2015-05-27,2015-05-28,198000.0,192060.0,10,-67339.32183000003,-0.03397068711421558,1,stop
010170,2015-05-27,2015-05-28,1113.0,1079.61,1931,-73093.87499747565,-0.03397068711421569,1,stop
064760,2015-05-29,2015-06-01,21700.0,21049.0,100,-73801.17594499979,-0.03397068711421547,1,stop
058610,2015-05-29,2015-06-02,6680.0,6479.599999999999,327,-74289.55607705982,-0.03397068711421547,2,stop
086280,2015-06-01,2015-06-02,126049.0,122267.53,17,-72877.23283583042,-0.03397068711421558,1,stop
018260,2015-05-28,2015-06-03,320000.0,310400.0,6,-65298.73632000014,-0.03397068711421569,4,stop
028260,2015-06-01,2015-06-03,188000.0,182360.0,11,-70332.18057799991,-0.03397068711421558,2,stop
028300,2015-06-02,2015-06-03,12812.0,12427.64,167,-72767.41532563395,-0.03397068711421558,1,stop
034730,2015-06-02,2015-06-03,287000.0,278390.0,7,-68325.60482649994,-0.03397068711421558,1,stop
196170,2015-06-03,2015-06-04,6042.0,5860.74,330,-67810.6970828101,-0.03397068711421569,1,stop
003670,2015-06-03,2015-06-04,11280.0,10941.6,177,-67902.52343076002,-0.03397068711421558,1,stop
064760,2015-06-03,2015-06-04,19800.0,22770.0,100,288009.99314999976,0.14529248434912567,1,target
080220,2015-05-28,2015-06-05,4740.0,5451.0,447,308196.87539714994,0.1452924843491259,6,target
141080,2015-06-05,2015-06-10,12936.0,12547.92,168,-73911.63964060787,-0.03397068711421558,3,stop
034730,2015-06-05,2015-06-10,272000.0,263840.0,8,-74005.23449599976,-0.03397068711421547,3,stop
012450,2015-06-03,2015-06-11,30558.0,35141.7,65,288922.02479497506,0.1452924843491259,6,target
064760,2015-06-10,2015-06-11,24900.0,23157.0,84,-154552.16522339988,-0.07380694743940253,1,stop
080220,2015-06-11,2015-06-15,6250.0,7500.0,338,412597.001375,0.1950878097556097,2,target
005290,2015-06-04,2015-06-16,6680.0,6212.4,307,-151534.42262074002,-0.07380694743940264,8,stop
096770,2015-06-11,2015-06-16,125453.0,116671.29,16,-148319.24103095196,-0.07380694743940253,3,stop
082920,2015-06-08,2015-06-18,4630.0,5556.0,471,425923.1520987004,0.1950878097556097,8,target
095340,2015-06-16,2015-06-22,41261.0,38372.729999999996,45,-137198.29796219268,-0.07380694743940264,4,stop
009830,2015-06-10,2015-06-24,25273.0,23642.0,83,-143570.53974115034,-0.06836459204677858,10,time
196170,2015-06-25,2015-06-26,6758.0,8109.599999999999,292,385416.57576584024,0.1950878097556097,1,target
064760,2015-06-15,2015-06-29,24650.0,26950.0,106,232373.07862999942,0.08883084763061766,10,time
005290,2015-06-18,2015-06-29,7230.0,6723.9,365,-194996.8619316751,-0.07380694743940264,7,stop
138040,2015-06-16,2015-06-30,14850.0,15850.0,127,118896.59736000025,0.06297091945153843,10,time
000100,2015-06-26,2015-06-30,40745.0,37892.85,57,-171611.20405697264,-0.07380694743940264,2,stop
000880,2015-06-22,2015-07-06,44796.0,47374.0,38,90699.0444761999,0.05322070979853577,10,time
028300,2015-06-29,2015-07-07,15799.0,14693.07,168,-196126.0769770681,-0.07380694743940264,6,stop
128940,2015-07-02,2015-07-07,429151.0,399110.43,4,-126843.02210324607,-0.07380694743940264,3,stop
090430,2015-07-03,2015-07-07,445500.0,414315.0,5,-164594.0658037495,-0.0738069474394023,2,stop
141080,2015-07-06,2015-07-07,20568.0,19128.239999999998,100,-151980.72931320057,-0.07380694743940286,1,stop
047810,2015-06-29,2015-07-13,76800.0,80300.0,34,107947.96221000003,0.04129287243245927,10,time
082920,2015-07-13,2015-07-15,5865.0,5454.45,394,-170749.99470256502,-0.07380694743940264,2,stop
128940,2015-07-10,2015-07-21,449278.0,417828.54,4,-132791.90607618797,-0.07380694743940253,7,stop
000990,2015-07-09,2015-07-23,16700.0,17000.0,120,27681.077399999835,0.013797044203860409,10,time
000880,2015-07-15,2015-07-23,50389.0,46861.77,44,-163826.77297353442,-0.07380694743940275,6,stop
009830,2015-07-16,2015-07-24,26301.0,24459.929999999997,94,-182682.34402793134,-0.07380694743940275,6,stop
034730,2015-07-15,2015-07-29,295000.0,287500.0,7,-60808.01037500007,-0.02941314885667301,10,time
047810,2015-07-21,2015-08-04,87800.0,96300.0,19,154187.2726850002,0.0923211472994041,10,time
095340,2015-07-30,2015-08-05,41032.0,38159.759999999995,51,-154628.42159866844,-0.07380694743940275,4,stop
021240,2015-08-07,2015-08-10,104500.0,97185.0,18,-138990.5444565001,-0.07380694743940264,1,stop
033780,2015-07-29,2015-08-12,104500.0,114000.0,20,180874.63250000007,0.08644346341419062,10,time
015760,2015-08-03,2015-08-18,50500.0,50800.0,41,3778.415885000024,0.0018227844155935813,10,time
047810,2015-08-06,2015-08-19,102000.0,94860.0,19,-143202.37913700007,-0.07380694743940264,8,stop
047810,2015-08-21,2015-08-25,82100.0,90310.00000000001,24,188384.02294800058,0.09549715894264232,2,target
066970,2015-11-06,2015-11-09,8390.0,8138.3,242,-69052.73346322984,-0.03397068711421547,1,stop
032820,2015-11-10,2015-11-13,666.0,646.02,3028,-68585.71145950817,-0.03397068711421569,3,stop
066970,2015-11-11,2015-11-16,8204.0,8511.0,245,66755.96238325001,0.03317409686636541,3,time
128940,2015-12-14,2015-12-17,523354.0,525776.0,3,810.1513803000562,0.0005154068152490865,3,time
087010,2015-12-14,2015-12-17,25849.0,26080.0,78,9702.001034699613,0.004806442493787477,3,time
028050,2016-01-25,2016-01-26,10850.0,10524.5,186,-68635.09362885007,-0.03397068711421558,1,stop
028050,2016-01-28,2016-01-29,11000.0,12100.000000000002,182,191405.2039900003,0.09549715894264232,1,target
196170,2016-02-04,2016-02-05,5561.0,5394.17,367,-69410.07399578951,-0.03397068711421558,1,stop
068270,2016-02-15,2016-02-18,75858.0,78634.0,26,63880.30889760004,0.03235139814217147,3,time
042660,2016-04-05,2016-04-06,21766.0,21113.02,93,-68843.84552652272,-0.03397068711421547,1,stop
001440,2016-04-11,2016-04-12,29822.0,28927.34,68,-68968.25322311558,-0.03397068711421536,1,stop
001440,2016-04-14,2016-04-18,28687.0,27826.39,70,-68294.65594626497,-0.03397068711421558,2,stop
086520,2016-04-29,2016-05-02,1916.0,1858.52,1044,-68029.85596658406,-0.03397068711421558,1,stop
058610,2016-05-02,2016-05-03,6160.0,5975.2,322,-67459.0361799202,-0.03397068711421569,1,stop
032820,2016-05-02,2016-05-03,770.0,746.9,2580,-67563.78623610013,-0.03397068711421569,1,stop
010060,2016-05-04,2016-05-09,94564.0,91727.08,20,-64321.97605588008,-0.03397068711421558,1,stop
028300,2016-05-11,2016-05-13,7956.0,7717.32,245,-66292.50146336993,-0.03397068711421558,2,stop
012450,2016-05-03,2016-05-19,44819.0,45431.0,43,18340.298406800255,0.00950553494810813,10,time
006260,2016-05-18,2016-06-01,53800.0,57500.0,35,121401.31692499993,0.06439821965532144,10,time
043260,2016-05-30,2016-06-03,1175.0,1092.75,1660,-144126.02709325007,-0.07380694743940264,4,stop
145020,2016-06-01,2016-06-14,115944.0,107827.92,16,-137077.0414584959,-0.07380694743940253,8,stop
035420,2016-06-01,2016-06-16,140198.0,140399.0,14,-5238.128023100318,-0.0026656740117678712,10,time
021240,2016-06-02,2016-06-17,108500.0,103000.0,18,-106711.92764999997,-0.05457723191376507,10,time
095610,2016-06-03,2016-06-20,16500.0,16150.0,118,-49157.440934999846,-0.0252187814367123,10,time
005930,2016-06-08,2016-06-22,28380.0,28900.0,68,27346.88666399964,0.014154266559111672,10,time
012450,2016-06-14,2016-06-27,49048.0,45614.64,35,-126848.63788281986,-0.07380694743940253,9,stop
005290,2016-06-16,2016-06-30,8200.0,9310.0,241,258622.50430449983,0.13071824276674038,10,time
035420,2016-06-23,2016-07-07,146808.0,150813.0,12,40698.53416979988,0.023075365174654028,10,time
033780,2016-07-01,2016-07-12,137500.0,127874.99999999999,14,-142241.7852625004,-0.07380694743940275,7,stop
066970,2016-07-12,2016-07-14,10754.0,12904.8,166,348664.29034915986,0.19508780975560946,2,target
010170,2016-07-14,2016-07-15,1450.0,1348.5,1478,-158357.59480315004,-0.07380694743940264,1,stop
214370,2016-07-05,2016-07-19,21744.0,21248.0,89,-51944.76349200006,-0.026811006036638774,10,time
012450,2016-07-05,2016-07-19,50116.0,53784.0,38,131168.44413319998,0.06879710338507494,10,time
005290,2016-07-06,2016-07-20,9960.0,10750.0,200,149370.59369999985,0.07489909260983962,10,time
043260,2016-07-19,2016-07-20,1335.0,1241.55,1468,-144811.74333596998,-0.07380694743940253,1,stop
066970,2016-07-20,2016-07-21,13906.0,12932.58,141,-144883.12285002903,-0.07380694743940264,1,stop
034220,2016-07-08,2016-07-22,25695.0,27821.0,70,141010.0437690001,0.07830764594962747,10,time
036930,2016-07-15,2016-07-29,9670.0,11050.0,205,273941.92988499976,0.13803173886586384,10,time
084370,2016-07-21,2016-08-04,18700.0,20050.0,102,129477.14683500025,0.0678035020320844,10,time
064350,2016-07-22,2016-08-05,20250.0,21500.0,95,110516.00681250007,0.0573822185080497,10,time
098460,2016-07-22,2016-08-05,9190.0,9230.0,210,466.1202000002377,0.00024124809977132955,10,time
031980,2016-07-22,2016-08-05,11230.0,12247.0,172,166492.39610980032,0.08609679475192578,10,time
009540,2016-07-29,2016-08-12,114459.0,126724.0,19,223435.55956604984,0.10262413909107093,10,time
012450,2016-08-04,2016-08-19,59997.0,59591.0,35,-22773.89789849962,-0.010832796207219442,10,time
145020,2016-08-18,2016-08-22,127880.0,153456.0,18,449577.41142959986,0.19508780975560946,2,target
084370,2016-08-08,2016-08-23,20800.0,22200.0,97,127131.12649000017,0.06293867694609512,10,time
034020,2016-08-08,2016-08-23,20961.0,21613.0,97,54725.02361639985,0.026884564677575273,10,time
064350,2016-08-10,2016-08-25,22050.0,23800.0,92,152211.7554299999,0.07494670718758534,10,time
006260,2016-08-19,2016-09-02,60100.0,61800.0,36,52152.71382000018,0.024076908526021512,10,time
035420,2016-08-22,2016-09-05,160226.0,170241.0,17,158590.23046285007,0.05815610356935785,10,time
003490,2016-09-02,2016-09-06,21274.0,19784.82,104,-163485.39268890396,-0.07380694743940253,2,stop
036570,2016-08-25,2016-09-08,273000.0,279500.0,7,37534.20352500002,0.019618567847047963,10,time
066970,2016-08-26,2016-09-09,14509.0,15390.0,157,128573.89151155017,0.056378879324260334,10,time
105560,2016-08-26,2016-09-09,37750.0,39750.0,60,110363.81100000022,0.048669766838531636,10,time
034020,2016-09-06,2016-09-21,22605.0,21022.649999999998,109,-182065.42108499305,-0.07380694743940275,8,stop
003230,2016-09-19,2016-09-21,29650.0,35580.0,80,463280.51467999956,0.19508780975560946,2,target
012330,2016-09-06,2016-09-23,273000.0,288000.0,9,124532.73585000029,0.05062664593899746,10,time
003230,2016-09-23,2016-09-26,35050.0,42060.0,73,499735.53494350007,0.1950878097556097,1,target
161390,2016-09-08,2016-09-27,59700.0,62300.0,33,77473.19348999974,0.039279320879040514,10,time
000660,2016-09-09,2016-09-28,38550.0,41200.0,62,154020.5275650001,0.06436700739150703,10,time
010170,2016-09-27,2016-10-07,1639.0,1524.27,1281,-155140.2703501035,-0.07380694743940253,7,stop
095610,2016-09-23,2016-10-10,21650.0,21500.0,118,-28117.491055000108,-0.010993536961293127,10,time
035420,2016-09-23,2016-10-10,176650.0,174647.0,14,-38094.58920189971,-0.01538588210968972,10,time
237690,2016-09-29,2016-10-10,57300.0,53289.0,44,-186296.0981838,-0.07380694743940253,6,stop
036570,2016-09-26,2016-10-11,286000.0,288500.0,11,14525.991425000131,0.004611984599339758,10,time
028260,2016-10-07,2016-10-12,166500.0,154845.0,11,-135332.89854974998,-0.07380694743940253,3,stop
005930,2016-10-10,2016-10-12,33000.0,30689.999999999996,75,-182882.29533750005,-0.07380694743940264,2,stop
009540,2016-10-10,2016-10-24,136262.0,141259.0,18,79629.11398350028,0.03242839112804541,10,time
000720,2016-10-12,2016-10-26,41691.0,41108.0,57,-42871.94255384989,-0.01802008260308774,10,time
086790,2016-10-12,2016-10-26,30700.0,32150.0,78,102953.0258249999,0.04294443766674405,10,time
105560,2016-10-12,2016-10-26,40050.0,42950.0,60,163639.06470000045,0.06801958861846535,10,time
131970,2016-10-17,2016-10-31,5887.0,5711.0,421,-84034.65081860032,-0.033867493132568205,10,time
028260,2016-10-25,2016-11-01,168000.0,156240.0,15,-186207.42797999922,-0.0738069474394023,5,stop
000660,2016-10-27,2016-11-09,42900.0,39897.0,57,-180687.70779344952,-0.07380694743940241,9,stop
032640,2016-11-02,2016-11-09,12400.0,11532.0,195,-178670.4606569996,-0.07380694743940241,5,stop
030200,2016-11-02,2016-11-16,32850.0,31000.0,73,-144479.55435750028,-0.06017955092785665,10,time
086790,2016-11-11,2016-11-17,35000.0,32549.999999999996,66,-170690.1423150003,-0.07380694743940275,4,stop
003230,2016-11-09,2016-11-21,50800.0,47244.0,45,-168916.7382390001,-0.07380694743940264,8,stop
222800,2016-11-08,2016-11-22,9894.0,10465.0,246,130077.19187190011,0.05338201006438714,10,time
005490,2016-12-09,2016-12-19,278000.0,258539.99999999997,8,-164335.44437599997,-0.07380694743940253,6,stop
047050,2016-12-09,2016-12-23,27650.0,28100.0,82,27499.368095000274,0.012114751480790664,10,time
000660,2016-12-09,2016-12-23,46450.0,46300.0,49,-16656.039942500647,-0.007309551638236322,10,time
024110,2016-12-09,2016-12-23,13750.0,13450.0,166,-59007.328609999735,-0.02582236113860903,10,time
055550,2016-12-09,2016-12-23,47250.0,46800.0,48,-30831.039720000234,-0.01357831575727475,10,time
095610,2016-12-22,2017-01-06,25750.0,25400.0,84,-38177.733930000104,-0.01763008518470932,10,time
222800,2017-01-13,2017-01-17,12843.0,11943.99,174,-165124.75697349268,-0.07380694743940241,2,stop
161390,2017-01-13,2017-01-20,63900.0,59426.99999999999,35,-165259.09233224997,-0.07380694743940253,5,stop
078600,2017-01-12,2017-01-26,4540.0,4850.0,491,142625.81576150004,0.06390893489623828,10,time
005930,2017-01-12,2017-01-26,38000.0,39900.0,58,100842.69209000003,0.04570183353615831,10,time
000660,2017-01-12,2017-01-26,51600.0,53300.0,43,63791.41138499975,0.02871738145952807,10,time
005940,2017-01-17,2017-02-02,10900.0,11150.0,192,39281.780640000245,0.01874840051797011,10,time
082920,2017-01-20,2017-02-03,7228.0,6722.04,286,-152749.79554749187,-0.07380694743940253,8,stop
011070,2017-01-26,2017-02-13,99500.0,105000.0,23,116748.34097500006,0.05095661661925477,10,time
105560,2017-01-26,2017-02-13,46000.0,47950.0,50,87786.70512500033,0.038124284017780674,10,time
000660,2017-01-31,2017-02-13,53300.0,49569.0,44,-173291.13495980063,-0.07380694743940286,9,stop
028050,2017-02-02,2017-02-16,12750.0,12400.0,169,-67806.21929249959,-0.0314321018974143,10,time
000720,2017-02-03,2017-02-17,43686.0,45195.0,43,56997.249376049964,0.03030706942545991,10,time
006260,2017-02-13,2017-02-27,70400.0,66600.0,33,-134551.25277000014,-0.05784980907050674,10,time
071050,2017-02-13,2017-02-27,48600.0,46950.0,48,-88526.79539999971,-0.03790513257843142,10,time
003670,2017-02-14,2017-02-28,11598.0,11917.0,202,54646.78698690003,0.023298659888026707,10,time
098460,2017-02-20,2017-03-07,9560.0,10180.0,210,121588.61756999954,0.06049458710879563,10,time
011070,2017-02-21,2017-03-08,115000.0,126000.0,17,178436.73365000007,0.09116713064642612,10,time
028050,2017-03-07,2017-03-10,13200.0,12276.0,166,-161911.79213880002,-0.07380694743940253,3,stop
009540,2017-03-02,2017-03-16,151705.0,161244.0,15,133337.41680074995,0.05852772813592999,10,time
006400,2017-03-02,2017-03-16,125805.0,133148.0,18,122504.0115213003,0.05403568812408044,10,time
000720,2017-03-02,2017-03-16,46751.0,48503.0,49,76206.76334180031,0.03322823819412668,10,time
010140,2017-03-08,2017-03-22,10327.0,9705.0,207,-137135.10383010027,-0.06407740278895213,10,time
105560,2017-03-10,2017-03-24,48700.0,50200.0,41,53135.81898500025,0.02658124657309391,10,time
005380,2017-03-22,2017-03-29,167500.0,155775.0,12,-148522.591365,-0.07380694743940253,5,stop
017670,2017-03-16,2017-03-30,44428.0,44083.0,54,-28407.118626900017,-0.011827077566389455,10,time
032640,2017-03-16,2017-03-30,14750.0,14800.0,162,-1716.5281049995683,-0.0007175376054787685,10,time
066570,2017-03-24,2017-03-30,73000.0,67890.0,28,-151034.9138059998,-0.07380694743940253,4,stop
009150,2017-03-17,2017-03-31,63900.0,69500.0,37,196899.78977999976,0.08318469976545195,10,time
047040,2017-03-29,2017-04-12,7320.0,7110.0,259,-61999.35097649996,-0.03266458021830776,10,time
042700,2017-04-04,2017-04-12,3540.0,3292.2,677,-177087.69751916965,-0.07380694743940241,6,stop
003670,2017-03-30,2017-04-13,13781.0,13738.0,161,-15995.435016050003,-0.0072009572102553765,10,time
006400,2017-03-30,2017-04-13,137554.0,134127.0,16,-63689.933367200196,-0.028905359234127292,10,time
098460,2017-04-04,2017-04-18,10519.0,10800.0,228,54050.28013019962,0.02251072229303963,10,time
010170,2017-04-19,2017-04-20,1689.0,2026.8,1337,441052.6202726695,0.19508780975560924,1,target
000990,2017-04-12,2017-04-26,20850.0,21450.0,97,49740.018900000025,0.024565688219737147,10,time
010170,2017-04-24,2017-04-26,2071.0,1926.03,1199,-183482.96207640832,-0.07380694743940253,2,stop
036570,2017-04-13,2017-04-27,341500.0,355500.0,6,75355.15199999977,0.03673430055665983,10,time
011070,2017-04-24,2017-04-27,143000.0,132990.0,17,-179631.05453149974,-0.07380694743940253,3,stop
240810,2017-04-19,2017-05-08,26500.0,27250.0,85,54330.86631250009,0.024092541378627708,10,time
078930,2017-04-26,2017-05-16,60000.0,64800.0,36,163438.46496,0.07557902878004863,10,time
009150,2017-04-26,2017-05-16,70900.0,76800.0,31,173353.36787499953,0.07878166183863189,10,time
000880,2017-04-27,2017-05-17,40150.0,44350.0,55,221269.15030000033,0.10008601832007669,10,time
005940,2017-04-27,2017-05-17,13500.0,14000.0,164,72684.84510000004,0.03279193435669958,10,time
128940,2017-05-16,2017-05-17,331097.0,321164.08999999997,7,-78823.70307052089,-0.03397068711421536,1,stop
066570,2017-05-16,2017-05-18,81400.0,78958.0,28,-77515.04157319991,-0.03397068711421558,2,stop
031980,2017-05-17,2017-05-22,13476.0,15497.4,174,341077.1435242202,0.1452924843491259,3,target
180640,2017-05-08,2017-05-23,21600.0,22000.0,107,33202.063620000146,0.014349221243187271,10,time
009830,2017-05-17,2017-05-26,34888.0,35372.0,67,22752.874527399894,0.00972268417687605,7,time
131970,2017-05-18,2017-05-29,8780.0,10097.0,261,333332.2929811501,0.1452924843491259,7,target
010140,2017-05-26,2017-05-29,10495.0,10180.15,225,-80309.79347793711,-0.03397068711421547,1,stop
005290,2017-05-19,2017-05-30,11650.0,13350.0,197,324507.1241449998,0.14123192133314633,7,time
012330,2017-05-22,2017-05-31,277000.0,274500.0,9,-32650.481474999804,-0.01308181775597217,7,time
032640,2017-05-23,2017-06-01,14700.0,16200.0,172,246877.51422000024,0.09752962120413144,7,time
078600,2017-05-31,2017-06-01,5910.0,5732.7,418,-84017.02720323019,-0.03397068711421569,1,stop
222800,2017-06-01,2017-06-05,10370.0,10058.9,248,-87464.9365199604,-0.03397068711421569,2,stop
084370,2017-05-29,2017-06-08,18950.0,19500.0,129,60722.58104249975,0.02481144636035104,7,time
214450,2017-05-29,2017-06-08,41000.0,40950.0,59,-12854.849052499514,-0.005308012002190554,7,time
141080,2017-05-30,2017-06-09,16415.0,17966.0,162,239623.2106749001,0.0900064773108582,7,time
207940,2017-06-08,2017-06-09,361447.0,350603.58999999997,6,-73756.35108329682,-0.03397068711421547,1,stop
131970,2017-06-01,2017-06-12,10491.0,10176.27,246,-87771.90860018088,-0.03397068711421558,6,stop
145020,2017-06-08,2017-06-12,175110.0,169856.69999999998,14,-83376.28335309029,-0.03397068711421569,2,stop
042700,2017-06-09,2017-06-12,4480.0,4345.599999999999,590,-89894.59366719984,-0.03397068711421547,1,stop
011070,2017-06-09,2017-06-12,152500.0,147925.0,17,-88170.29891124927,-0.03397068711421536,1,stop
000990,2017-06-12,2017-06-13,22500.0,21825.0,110,-84174.15228749998,-0.03397068711421558,1,stop
035420,2017-06-12,2017-06-13,185463.0,179899.11,13,-81998.17392891226,-0.033970687114215914,1,stop
039030,2017-06-12,2017-06-13,99500.0,96515.0,25,-84599.2742687501,-0.03397068711421558,1,stop
036930,2017-06-05,2017-06-15,12100.0,12400.0,206,51402.637190000154,0.020598405025451738,7,time
010170,2017-06-13,2017-06-15,2520.0,2444.4,959,-82190.70317177987,-0.03397068711421558,2,stop
005290,2017-06-14,2017-06-15,15150.0,14695.5,159,-81924.40676272474,-0.03397068711421547,1,stop
128940,2017-06-15,2017-06-16,374956.0,363707.32,6,-76512.97804875579,-0.03397068711421547,1,stop
010140,2017-06-15,2017-06-20,11242.0,10904.74,214,-81820.2688821978,-0.03397068711421547,3,stop
034220,2017-06-12,2017-06-21,33274.0,33875.0,74,34251.988921100274,0.0138947214910361,7,time
039030,2017-06-15,2017-06-21,97400.0,94478.0,24,-79501.21146959998,-0.03397068711421558,4,stop
028300,2017-06-20,2017-06-21,6383.0,6191.51,364,-79018.68101600138,-0.03397068711421536,1,stop
267270,2017-06-14,2017-06-22,79697.0,77306.09,30,-81314.27169523528,-0.03397068711421569,6,stop
078600,2017-06-21,2017-06-26,6060.0,6968.999999999999,385,339371.7752617495,0.14529248434912567,3,target
009150,2017-06-21,2017-06-26,93200.0,107179.99999999999,25,338920.8505250006,0.14529248434912612,3,target
087010,2017-06-23,2017-06-26,24604.0,23865.88,97,-81167.28151899762,-0.03397068711421547,1,stop
086520,2017-06-16,2017-06-27,2373.0,2640.0,1022,262130.5745751001,0.1079617283869958,7,time
031980,2017-06-26,2017-06-29,16824.0,16319.279999999999,151,-86399.20672760392,-0.03397068711421558,3,stop
006400,2017-06-27,2017-06-29,169861.0,164765.16999999998,15,-86653.97382852715,-0.03397068711421547,2,stop
068270,2017-06-21,2017-06-30,89901.0,90453.0,25,4548.509955000132,0.0020214611612048294,7,time
064760,2017-06-29,2017-07-03,43300.0,42001.0,60,-88357.3525829995,-0.03397068711421536,2,stop
145020,2017-07-04,2017-07-05,198265.0,192317.05,12,-80915.33722803043,-0.0339706871142158,1,stop
207940,2017-06-27,2017-07-06,399992.0,421082.0,6,116331.4704665998,0.04841672897522864,7,time
018260,2017-06-27,2017-07-06,183500.0,186500.0,14,31347.906100000255,0.012188358398824706,7,time
218410,2017-07-05,2017-07-06,11242.0,10904.74,213,-81437.93117714114,-0.03397068711421569,1,stop
006800,2017-06-30,2017-07-10,10706.0,10384.82,226,-82288.51523722569,-0.03397068711421547,6,stop
064760,2017-07-10,2017-07-11,49700.0,48209.0,49,-82823.96487504989,-0.03397068711421558,1,stop
267270,2017-07-10,2017-07-11,87771.0,85137.87,27,-80596.90385919483,-0.03397068711421569,1,stop
095610,2017-07-11,2017-07-12,30950.0,30021.5,77,-81050.35596927535,-0.03397068711421569,1,stop
047040,2017-07-04,2017-07-13,7810.0,7575.7,316,-83934.72358765965,-0.03397068711421547,7,stop
086520,2017-07-11,2017-07-17,2823.0,3246.45,851,349448.19761300227,0.14529248434912567,4,target
064760,2017-07-13,2017-07-17,52200.0,50634.0,45,-79888.92271649977,-0.03397068711421547,2,stop
003670,2017-07-12,2017-07-21,14964.0,17208.6,158,343911.8600628595,0.14529248434912567,7,target
066970,2017-07-14,2017-07-24,22158.0,25481.699999999997,108,348094.1142664198,0.14529248434912567,6,target
036930,2017-07-24,2017-07-25,17600.0,17072.0,155,-92778.62118799984,-0.03397068711421558,1,stop
031980,2017-07-17,2017-07-26,17968.0,18265.0,137,30480.852102349978,0.012368230798558866,7,time
051910,2017-07-17,2017-07-26,322000.0,326500.0,7,22169.793624999933,0.009824456224654554,7,time
086520,2017-07-25,2017-07-26,4081.0,3958.5699999999997,648,-89938.39823614806,-0.03397068711421558,1,stop
005290,2017-07-18,2017-07-27,16700.0,17000.0,162,37369.45448999945,0.013797044203860187,7,time
078600,2017-07-26,2017-07-27,8570.0,8312.9,284,-82775.6710179802,-0.03397068711421569,1,stop
207940,2017-07-26,2017-07-27,425446.0,412682.62,5,-72346.57857395522,-0.03397068711421569,1,stop
066970,2017-07-27,2017-07-28,25032.0,24281.04,99,-84281.8952024281,-0.03397068711421558,1,stop
010170,2017-07-21,2017-07-31,3153.0,3058.41,860,-92220.18095343001,-0.03397068711421558,6,stop
003670,2017-07-26,2017-07-31,18786.0,18222.42,129,-82419.04469034914,-0.03397068711421569,3,stop
095340,2017-07-28,2017-07-31,26097.0,25314.09,96,-85205.0560871521,-0.03397068711421558,1,stop
035720,2017-08-01,2017-08-02,24385.0,23653.45,100,-82932.79610225,-0.03397068711421558,1,stop
003230,2017-08-02,2017-08-03,52700.0,51119.0,46,-82446.45655569993,-0.03397068711421558,1,stop
010950,2017-07-27,2017-08-04,115000.0,111550.0,21,-82133.56677749986,-0.03397068711421558,6,stop
079550,2017-07-27,2017-08-07,80100.0,80400.0,31,-903.6572849997319,-0.0003635049484912445,7,time
087010,2017-08-08,2017-08-09,21770.0,21116.899999999998,111,-82183.56112249568,-0.033970687114215914,1,stop
267270,2017-08-02,2017-08-10,94230.0,91403.09999999999,25,-80118.48858637456,-0.03397068711421536,6,stop
180640,2017-08-09,2017-08-10,25950.0,25171.5,92,-81194.89744290011,-0.03397068711421558,1,stop
267250,2017-08-02,2017-08-11,92000.0,95500.0,26,80928.83305000002,0.03379425572156447,7,time
001440,2017-08-10,2017-08-11,11754.0,11401.38,199,-79550.38958039135,-0.03397068711421569,1,stop
066970,2017-08-16,2017-08-24,27443.0,32931.6,86,460955.90899461927,0.19508780975560924,6,target
055550,2017-08-11,2017-08-28,53800.0,53400.0,43,-26630.06942000054,-0.01149800122444955,10,time
000880,2017-08-14,2017-08-29,52000.0,49350.0,45,-128488.23303749971,-0.05484641968847215,10,time
009830,2017-08-16,2017-08-30,43171.0,42326.0,55,-56068.775947250426,-0.02358669331040275,10,time
003670,2017-08-21,2017-08-30,22971.0,27565.2,104,466597.69691496016,0.1950878097556097,7,target
031980,2017-08-24,2017-09-07,19917.0,21062.0,142,150520.08993569948,0.05315975670167217,10,time
010170,2017-08-28,2017-09-11,3626.0,3659.0,632,11402.949206799734,0.004970191187666506,10,time
010950,2017-08-30,2017-09-13,123000.0,122000.0,20,-30022.611000000034,-0.0121902927494284,10,time
005290,2017-08-31,2017-09-14,18800.0,20150.0,131,166235.5903974995,0.0674210712134542,10,time
007660,2017-08-31,2017-09-14,4488.0,4386.0,549,-65930.51925450051,-0.02672773069145451,10,time
086520,2017-09-12,2017-09-20,4729.0,4397.969999999999,539,-188345.1927017821,-0.07380694743940275,6,stop
036570,2017-09-07,2017-09-21,455000.0,448500.0,6,-50073.11204999965,-0.018320727700749107,10,time
178320,2017-09-13,2017-09-22,10173.0,9460.89,239,-179656.69499876536,-0.07380694743940253,7,stop
000660,2017-09-14,2017-09-28,76300.0,83200.0,32,210142.90544000035,0.08596882668923911,10,time
006400,2017-09-14,2017-09-28,204616.0,195806.0,12,-115471.01964839967,-0.0469735028988979,10,time
068270,2017-09-20,2017-10-12,110176.0,121966.0,22,248681.82256060047,0.10247906232340909,10,time
035720,2017-09-21,2017-10-13,28901.0,30609.0,95,150529.65197800007,0.054762890811432596,10,time
078600,2017-09-22,2017-10-16,8650.0,8370.0,260,-81802.2337600002,-0.03633092797163284,10,time
068270,2017-10-16,2017-10-18,136503.0,163803.6,16,426571.1979451198,0.19508780975560946,2,target
098460,2017-09-28,2017-10-20,13700.0,14240.0,182,87771.81376599986,0.03516121720923837,10,time
034730,2017-10-11,2017-10-25,298000.0,298500.0,8,-5781.901000000071,-0.0024225077962822805,10,time
010130,2017-10-12,2017-10-26,529000.0,491969.99999999994,5,-195443.90754250018,-0.07380694743940264,10,stop
128940,2017-10-20,2017-10-26,448195.0,416821.35,5,-165589.7583005873,-0.07380694743940253,4,stop
096770,2017-10-13,2017-10-27,208103.0,202694.0,14,-87442.62397010019,-0.029979030774009652,10,time
066570,2017-10-20,2017-11-03,96500.0,92000.0,27,-131819.67202499975,-0.05053472800072456,10,time
010060,2017-10-25,2017-11-08,90193.0,98140.0,31,234172.22971555032,0.08365687700648916,10,time
095610,2017-10-26,2017-11-09,34850.0,37350.0,65,152737.49432500033,0.0673488688276429,10,time
032830,2017-10-26,2017-11-09,132500.0,132500.0,17,-9231.195499999914,-0.004093491870325261,10,time
018260,2017-10-27,2017-11-10,196000.0,204000.0,14,100424.35760000022,0.03655575335945738,10,time
042660,2017-11-10,2017-11-13,18612.0,18053.64,153,-96847.41265590582,-0.03397068711421547,1,stop
005290,2017-11-03,2017-11-17,21500.0,23800.0,121,266818.0903850002,0.10244534388308191,10,time
066970,2017-11-09,2017-11-20,38058.0,39265.0,61,63895.816891049966,0.027491435222861904,7,time
080220,2017-11-09,2017-11-20,3705.0,3900.0,629,112742.77722825017,0.048322640136499784,7,time
028300,2017-11-17,2017-11-21,15659.0,18007.85,183,416828.57188922213,0.14529248434912567,2,target
078600,2017-11-20,2017-11-21,11550.0,13282.499999999998,209,351132.1833153744,0.14529248434912567,1,target
058470,2017-11-08,2017-11-22,11012.0,11893.0,275,229150.18212624965,0.07558264631186162,10,time
141080,2017-11-13,2017-11-22,16790.0,17966.0,164,181010.7876927997,0.06566148451803056,7,time
218410,2017-11-21,2017-11-22,10215.0,11747.25,297,441303.312004087,0.14529248434912567,1,target
068270,2017-11-20,2017-11-23,170609.0,165490.72999999998,14,-81233.19243097119,-0.03397068711421569,3,stop
196170,2017-11-21,2017-11-23,5520.0,6347.999999999999,550,441615.32282999996,0.1452924843491259,2,target
036570,2017-11-22,2017-11-23,472500.0,458325.0,6,-96417.66534750024,-0.03397068711421569,1,stop
078600,2017-11-23,2017-11-24,14100.0,13677.0,217,-104059.65808244981,-0.03397068711421547,1,stop
086520,2017-11-23,2017-11-24,4842.0,4696.74,634,-104404.10891653784,-0.03397068711421558,1,stop
064760,2017-11-23,2017-11-24,74500.0,72265.0,41,-103882.8073382494,-0.03397068711421536,1,stop
042700,2017-11-23,2017-11-27,6450.0,6256.5,476,-104416.76054669963,-0.03397068711421547,2,stop
214150,2017-11-23,2017-11-27,3830.0,3715.1,802,-104466.41479411023,-0.03397068711421569,2,stop
218410,2017-11-24,2017-11-27,12831.0,12446.07,231,-100803.59781341814,-0.03397068711421547,1,stop
067310,2017-11-24,2017-11-27,4504.0,4368.88,659,-100945.58855515579,-0.03397068711421547,1,stop
078600,2017-11-27,2017-11-28,14000.0,13580.0,208,-99036.41675199987,-0.03397068711421558,1,stop
263750,2017-11-27,2017-11-28,39180.0,38004.6,74,-98605.17301422032,-0.03397068711421569,1,stop
095340,2017-11-27,2017-11-28,21571.0,20923.87,135,-99039.30758147221,-0.03397068711421547,1,stop
003230,2017-11-27,2017-11-29,71500.0,69355.0,40,-97267.90930999955,-0.03397068711421547,2,stop
131970,2017-11-28,2017-11-29,8151.0,7906.469999999999,348,-96470.31245365832,-0.03397068711421569,1,stop
214450,2017-11-30,2017-12-01,60500.0,58685.0,46,-94649.15790549945,-0.03397068711421536,1,stop
145020,2017-11-30,2017-12-01,166926.0,161918.22,16,-90833.80715793557,-0.03397068711421547,1,stop
010170,2017-11-24,2017-12-04,3506.0,4031.8999999999996,847,431954.1876153345,0.14529248434912567,6,target
267270,2017-12-01,2017-12-04,94844.0,91998.68,28,-90317.40298487246,-0.0339706871142158,1,stop
003230,2017-12-01,2017-12-05,71800.0,82570.0,38,396871.95217699977,0.14529248434912567,2,target
028300,2017-12-04,2017-12-05,16314.0,15824.58,179,-99315.50083025126,-0.03397068711421569,1,stop
196170,2017-12-05,2017-12-06,6682.0,6481.54,442,-100445.91718327347,-0.03397068711421536,1,stop
028050,2017-12-05,2017-12-06,14050.0,13628.5,210,-100345.79245425016,-0.03397068711421569,1,stop
087010,2017-11-30,2017-12-07,28152.0,27307.44,99,-94786.82940790802,-0.03397068711421558,5,stop
034020,2017-12-06,2017-12-07,13425.0,13022.25,216,-98621.49769830005,-0.03397068711421558,1,stop
003230,2017-12-07,2017-12-08,79100.0,76727.0,35,-94156.01640724996,-0.03397068711421558,1,stop
010170,2017-12-06,2017-12-11,4309.0,4179.73,674,-98773.38527976163,-0.0339706871142158,3,stop
000250,2017-12-08,2017-12-11,14600.0,14162.0,192,-95336.15502720047,-0.0339706871142158,1,stop
032820,2017-12-08,2017-12-11,640.0,620.8,4381,-95357.92127264058,-0.0339706871142158,1,stop
000250,2017-12-13,2017-12-14,15400.0,14938.0,179,-93751.30028110044,-0.03397068711421569,1,stop
214150,2017-12-11,2017-12-15,4500.0,4365.0,614,-93968.96273549972,-0.03397068711421547,4,stop
078600,2017-12-14,2017-12-15,14400.0,13968.0,190,-93050.69925599964,-0.03397068711421547,1,stop
080220,2017-12-14,2017-12-19,4460.0,4326.2,615,-93285.36658965051,-0.0339706871142158,3,stop
214450,2017-12-18,2017-12-19,57800.0,56066.0,46,-90425.14589979965,-0.03397068711421547,1,stop
064760,2017-12-18,2017-12-19,72400.0,70228.0,37,-91105.34106980031,-0.03397068711421569,1,stop
066570,2017-12-18,2017-12-19,106500.0,103305.0,25,-90550.98200624948,-0.03397068711421536,1,stop
058610,2017-12-15,2017-12-27,6230.0,6550.0,433,127096.25485399971,0.04706061448625487,7,time
010120,2017-12-19,2018-01-05,12940.0,13420.0,202,85961.95405600034,0.0328489442890445,10,time
010170,2017-12-28,2018-01-08,5352.0,6422.4,510,533108.5288487994,0.19508780975560946,5,target
218410,2017-12-21,2018-01-09,15269.0,18322.8,171,509959.93277780944,0.19508780975560946,10,target
024110,2017-12-22,2018-01-10,16800.0,16900.0,156,4813.447859999724,0.0018345230590177675,10,time
068270,2018-01-09,2018-01-12,243650.0,292380.0,12,571053.781122,0.1950878097556097,3,target
141080,2017-12-28,2018-01-15,20268.0,22170.0,134,242986.28583420021,0.08936487493758083,10,time
028300,2018-01-05,2018-01-19,18666.0,22399.2,145,528626.1140882997,0.19508780975560946,10,target
010060,2018-01-08,2018-01-22,130323.0,134694.0,25,95600.60887125041,0.02930895702230929,10,time
003550,2018-01-10,2018-01-24,87948.0,88137.0,32,-5503.541601600125,-0.0019532916379549903,10,time
086790,2018-01-12,2018-01-25,56000.0,52080.0,62,-256552.45632799994,-0.07380694743940253,9,stop
000250,2018-01-15,2018-01-25,28400.0,34080.0,105,582420.9505799995,0.19508780975560946,8,target
058610,2018-01-19,2018-02-02,8370.0,8600.0,389,75862.78564049955,0.023273114685209206,10,time
051910,2018-01-25,2018-02-02,436000.0,405480.0,7,-225517.88499799976,-0.07380694743940253,6,stop
141080,2018-01-22,2018-02-05,29026.0,27675.0,115,-168586.72682975,-0.05044743979574362,10,time
028050,2018-01-26,2018-02-06,16850.0,15670.499999999998,221,-275162.11535052536,-0.07380694743940264,7,stop
016360,2018-01-24,2018-02-07,42200.0,40700.0,67,-111790.971655,-0.03949301230147495,10,time
068270,2018-02-08,2018-02-09,201412.0,221553.2,15,288845.94115410047,0.09549715894264232,1,target
218410,2018-02-08,2018-02-09,16683.0,18351.300000000003,184,293482.1155556408,0.09549715894264232,1,target
263750,2018-02-08,2018-02-12,44760.0,49236.00000000001,68,290997.09854160016,0.0954971589426421,2,target
028300,2018-02-09,2018-02-13,15718.0,15246.46,208,-111189.5998934242,-0.03397068711421569,2,stop
214150,2018-02-13,2018-02-20,5510.0,5690.0,593,93034.74351699976,0.028440659030462445,3,time
000250,2018-02-20,2018-02-21,46950.0,43663.5,70,-242845.5206572502,-0.07380694743940264,1,stop
138040,2018-02-06,2018-02-22,17100.0,16050.0,186,-207758.9807549999,-0.06524564587828774,10,time
058610,2018-02-20,2018-02-22,10500.0,12600.0,314,643944.2904300005,0.1950878097556097,2,target
214150,2018-02-23,2018-02-26,5560.0,5393.2,597,-112889.2715842207,-0.0339706871142158,1,stop
080220,2018-02-19,2018-03-06,6060.0,5635.799999999999,539,-241355.8612334109,-0.07380694743940286,10,stop
141080,2018-03-06,2018-03-09,27925.0,30717.500000000004,115,307029.91356812604,0.09549715894264255,3,target
042660,2018-02-26,2018-03-13,22210.0,24120.0,148,268375.5339700002,0.08155177740151975,10,time
028050,2018-03-13,2018-03-14,18150.0,16879.5,184,-246769.17717539938,-0.07380694743940241,1,stop
098460,2018-03-14,2018-03-19,19640.0,18265.199999999997,168,-243807.59236848028,-0.07380694743940264,3,stop
039490,2018-03-13,2018-03-23,113000.0,105090.0,29,-242143.5482104998,-0.07380694743940253,8,stop
000660,2018-03-14,2018-03-23,89300.0,83049.0,37,-244146.01697964966,-0.07380694743940253,7,stop
066570,2018-03-14,2018-03-28,112500.0,109000.0,29,-114571.15042500012,-0.03507724990102634,10,time
064760,2018-03-14,2018-03-28,78600.0,82100.0,42,133037.65880999994,0.04025349004384582,10,time
028300,2018-03-28,2018-03-30,22884.0,27460.8,142,634672.4301463203,0.1950878097556097,2,target
058610,2018-03-28,2018-04-02,13150.0,12229.5,248,-240976.05719379988,-0.07380694743940253,3,stop
207940,2018-03-23,2018-04-06,680714.0,754894.0,4,284686.44614480017,0.10443423750362513,10,time
028300,2018-04-02,2018-04-06,28415.0,34098.0,119,660425.7095831502,0.1950878097556097,4,target
098460,2018-03-28,2018-04-11,19860.0,19280.0,164,-108187.5828119996,-0.03317837478649899,10,time
207940,2018-04-11,2018-04-13,853803.0,794036.7899999999,3,-189267.21503762854,-0.07380694743940264,2,stop
196170,2018-04-11,2018-04-13,8983.0,10779.6,379,664951.4836498303,0.1950878097556097,2,target
214150,2018-04-16,2018-04-17,7300.0,6789.0,483,-260535.22631534934,-0.07380694743940241,1,stop
000100,2018-04-11,2018-04-18,39400.0,36642.0,86,-250375.09879659954,-0.07380694743940241,5,stop
009150,2018-04-16,2018-04-30,119500.0,118500.0,29,-43116.81865000026,-0.012427437545050712,10,time
039490,2018-04-16,2018-04-30,114500.0,118500.0,30,105568.91700000037,0.03069800186346261,10,time
064350,2018-05-02,2018-05-03,28750.0,26737.5,118,-250678.05532624992,-0.07380694743940253,1,stop
010120,2018-05-03,2018-05-08,15380.0,14303.4,218,-247747.50509066042,-0.07380694743940264,2,stop
039490,2018-05-08,2018-05-09,123999.0,115319.06999999999,26,-238225.3596882508,-0.07380694743940253,1,stop
196170,2018-05-09,2018-05-11,9011.0,9912.1,354,304976.1797085302,0.0954971589426421,2,target
218410,2018-05-04,2018-05-14,20928.0,25113.6,160,653998.9619711996,0.19508780975560946,5,target
000720,2018-05-02,2018-05-15,61783.0,74139.59999999999,55,663683.51691235,0.1950878097556097,8,target
047050,2018-05-15,2018-05-16,26200.0,24366.0,141,-272971.2223983002,-0.07380694743940264,1,stop
010120,2018-05-15,2018-05-23,16060.0,14935.8,231,-274128.36855788995,-0.07380694743940253,5,stop
001440,2018-05-16,2018-05-23,15379.0,14302.47,223,-253413.30943797063,-0.07380694743940264,4,stop
071050,2018-05-14,2018-05-29,96000.0,98100.0,36,61213.74821999995,0.01769196299501119,10,time
039490,2018-05-14,2018-05-29,124500.0,127000.0,27,53524.90732500004,0.015904630782880957,10,time
028050,2018-05-15,2018-05-30,19300.0,17949.0,192,-273813.5893343999,-0.07380694743940253,10,stop
006260,2018-05-29,2018-06-04,90100.0,83793.0,38,-252990.86980869994,-0.07380694743940253,4,stop
032820,2018-06-01,2018-06-04,2505.0,2429.85,1398,-119101.83416941576,-0.0339706871142158,1,stop
003230,2018-05-23,2018-06-07,104500.0,111500.0,31,203084.15425000014,0.06261794886563377,10,time
000660,2018-05-24,2018-06-08,95300.0,88629.0,35,-246466.22064574994,-0.07380694743940253,10,stop
032820,2018-06-07,2018-06-12,2290.0,2519.0,1455,318557.7269902504,0.09549715894264232,3,target
131970,2018-05-29,2018-06-14,11220.0,13133.0,311,578888.7372448505,0.16570768014857573,10,time
001440,2018-06-11,2018-06-14,13817.0,13402.49,235,-110429.51580070751,-0.03397068711421558,2,stop
028300,2018-06-12,2018-06-15,40199.0,38993.03,84,-114841.29568308592,-0.03397068711421558,2,stop
032820,2018-06-15,2018-06-18,2115.0,2051.5499999999997,1630,-117246.9419408259,-0.0339706871142158,1,stop
064350,2018-06-15,2018-06-19,32500.0,31525.0,106,-117163.61803250015,-0.03397068711421558,2,stop
028300,2018-06-18,2018-06-19,40837.0,39611.89,83,-115275.09015275305,-0.03397068711421547,1,stop
000720,2018-06-19,2018-06-20,61005.0,59174.85,55,-114112.09245108766,-0.03397068711421558,1,stop
032820,2018-06-20,2018-06-22,2005.0,1944.85,1674,-114149.33313664515,-0.03397068711421558,2,stop
064350,2018-06-21,2018-06-22,31900.0,30943.0,105,-113915.68609574996,-0.03397068711421558,1,stop
064350,2018-06-25,2018-06-26,29300.0,32230.000000000004,113,316545.19974550046,0.09549715894264232,1,target
000720,2018-06-22,2018-06-27,59254.0,57476.38,55,-110836.78265874553,-0.03397068711421569,3,stop
064350,2018-06-28,2018-06-29,28850.0,27984.5,116,-113817.05779610015,-0.03397068711421558,1,stop
028300,2018-10-10,2018-10-11,38369.0,37217.93,86,-112223.15645423904,-0.03397068711421558,1,stop
196170,2018-10-11,2018-10-16,8259.0,9084.900000000001,400,315847.2686820002,0.0954971589426421,3,target
087010,2018-10-15,2018-10-16,25019.0,24268.43,132,-112317.49952431768,-0.03397068711421547,1,stop
042660,2018-10-22,2018-10-24,27185.0,26369.45,123,-113720.30003316654,-0.03397068711421525,2,stop
226950,2018-10-24,2018-10-25,30428.0,29515.16,109,-112798.53354854183,-0.03397068711421558,1,stop
007660,2018-10-29,2018-10-30,4548.0,4411.5599999999995,726,-112295.05308370804,-0.03397068711421558,1,stop
032820,2019-03-05,2019-03-08,1285.0,1246.45,2552,-111528.8812442203,-0.03397068711421569,3,stop
178320,2019-04-16,2019-04-22,11739.0,10917.269999999999,277,-240274.30642256,-0.07380694743940275,4,stop
003490,2019-04-16,2019-04-23,23699.0,22040.07,137,-239909.2807502495,-0.07380694743940253,5,stop
000270,2019-04-17,2019-05-02,42050.0,44900.0,77,205533.69355749944,0.0634055223548724,10,time
108490,2019-04-29,2019-05-02,17236.0,16718.92,180,-105514.59555108007,-0.03397068711421558,2,stop
131970,2019-04-18,2019-05-03,19522.0,19322.0,167,-46662.38021680014,-0.014296406613995893,10,time
218410,2019-04-26,2019-05-14,30197.0,33417.0,102,314848.90122719994,0.10210311561311847,10,time
178320,2019-04-30,2019-05-15,11915.0,14298.0,262,609711.9228886995,0.19508780975560946,9,target
078600,2019-08-06,2019-08-08,17600.0,19360.0,190,319709.79128000047,0.09549715894264232,2,target
028300,2019-11-14,2019-11-18,55087.0,60595.700000000004,62,326535.5570810302,0.0954971589426421,2,target
028300,2019-11-20,2019-11-22,52540.0,50963.799999999996,66,-117933.59896494029,-0.03397068711421569,2,stop
028300,2019-11-25,2019-11-26,50826.0,55908.600000000006,68,330433.83669516025,0.0954971589426421,1,target
028300,2019-11-29,2019-12-02,48359.0,46908.229999999996,72,-118416.80961370887,-0.0339706871142158,1,stop
011070,2019-12-13,2019-12-30,135500.0,140000.0,25,98285.69187500048,0.02898089400852011,10,time
058470,2019-12-13,2019-12-30,12574.0,12874.0,278,68828.57945960015,0.019667598668795305,10,time
028050,2019-12-13,2019-12-30,19650.0,19200.0,178,-94198.13533499977,-0.02690051114047054,10,time
098460,2019-12-13,2019-12-30,20800.0,21100.0,168,35930.668200000655,0.010270544304622042,10,time
000660,2019-12-16,2020-01-02,87200.0,94700.0,41,291941.58998499997,0.08156360458578193,10,time
222800,2019-12-30,2020-01-06,11654.0,10838.22,301,-259201.77423387114,-0.07380694743940264,3,stop
039030,2019-12-30,2020-01-15,101400.0,109300.0,34,253679.19944999972,0.07349685738238088,10,time
207940,2019-12-30,2020-01-15,625442.0,631987.0,5,19812.593041750602,0.006328270812239634,10,time
000990,2019-12-30,2020-01-15,28200.0,28800.0,124,59850.07932000002,0.01709600830264657,10,time
035420,2020-01-02,2020-01-16,187500.0,191500.0,23,74055.29190000053,0.017152513636441213,10,time
064350,2020-01-15,2020-01-16,17150.0,16635.5,211,-123069.41259602457,-0.03397068711421547,1,stop
095340,2020-01-16,2020-01-17,11100.0,12764.999999999998,364,587714.9375369991,0.14529248434912567,1,target
036570,2020-01-06,2020-01-20,562000.0,630000.0,5,327481.72100000037,0.11640765146209087,10,time
214450,2020-01-17,2020-01-20,40100.0,38897.0,115,-156836.00132274907,-0.03397068711421536,1,stop
095340,2020-01-20,2020-01-21,13650.0,13240.5,279,-129521.0637834752,-0.03397068711421558,1,stop
006400,2020-01-15,2020-01-28,262870.0,279024.0,13,195378.0837619002,0.05710738206860566,7,time
067310,2020-01-15,2020-01-28,4339.0,4486.0,835,107535.09661975037,0.029646599555132713,7,time
005290,2020-01-16,2020-01-29,17950.0,18500.0,225,106833.57356250007,0.02642174932584851,7,time
058470,2020-01-22,2020-01-29,14436.0,16601.399999999998,255,535462.9427191489,0.14529248434912545,3,target
042700,2020-01-28,2020-01-30,4800.0,4656.0,765,-124883.83321199939,-0.03397068711421547,2,stop
131970,2020-01-29,2020-01-30,35020.0,33969.4,122,-145304.65260574035,-0.03397068711421569,1,stop
003670,2020-01-29,2020-01-30,55858.0,54182.26,76,-144378.4988622684,-0.03397068711421569,1,stop
082920,2020-01-20,2020-01-31,8024.0,8554.0,475,235387.94893250056,0.061687969907930906,7,time
011070,2020-01-30,2020-02-03,160000.0,148800.0,24,-283744.6521599996,-0.07380694743940241,2,stop
207940,2020-01-28,2020-02-06,693805.0,754894.0,5,290327.77461275086,0.08359531503526618,7,time
237690,2020-02-05,2020-02-06,31800.0,29573.999999999996,122,-286670.7688854006,-0.07380694743940275,1,stop
196170,2020-02-06,2020-02-07,22945.0,27534.0,166,743918.7411252996,0.19508780975560946,1,target
247540,2020-02-10,2020-02-11,18333.0,21999.6,222,794906.1601979402,0.1950878097556097,1,target
006400,2020-02-05,2020-02-19,314269.0,326997.0,12,136830.48004560033,0.036241056034413965,10,time
084370,2020-02-06,2020-02-20,19400.0,20800.0,197,259324.42705000052,0.06777604995346564,10,time
222800,2020-02-07,2020-02-21,13509.0,13082.0,301,-144812.23370144982,-0.035572659756280656,10,time
196170,2020-02-10,2020-02-24,25448.0,25783.0,160,36755.42554400023,0.009016720335877304,10,time
247540,2020-02-21,2020-02-24,22212.0,20657.16,177,-290507.5286038257,-0.07380694743940253,1,stop
051910,2020-02-12,2020-02-26,408500.0,395000.0,11,-166477.4762749998,-0.03700594685135494,10,time
180640,2020-02-19,2020-02-26,48900.0,58680.0,87,830916.649917,0.1950878097556097,5,target
035720,2020-02-20,2020-02-27,38235.0,35558.549999999996,107,-302302.2174377935,-0.07380694743940286,5,stop
086520,2020-03-02,2020-03-05,2932.0,3225.2000000000003,1429,400576.8646468604,0.09549715894264232,3,target
003670,2020-03-02,2020-03-05,50494.0,54315.0,83,299032.48218244966,0.0712691010627653,3,time
196170,2020-03-12,2020-03-13,22583.0,21905.51,191,-146696.0938552497,-0.03397068711421536,1,stop
247540,2020-03-17,2020-03-18,16678.0,16177.66,257,-145774.19133159053,-0.03397068711421547,1,stop
180640,2020-03-18,2020-03-19,52100.0,50537.0,82,-145296.49026369862,-0.03397068711421525,1,stop
180640,2020-03-23,2020-03-24,53300.0,51701.0,79,-143204.89011595026,-0.03397068711421569,1,stop
180640,2020-05-18,2020-05-21,77000.0,79000.0,54,90641.29499999946,0.021774209639536135,3,time
066970,2020-06-16,2020-06-18,20396.0,19784.12,207,-143588.24811376166,-0.03397068711421547,2,stop
222800,2020-06-16,2020-06-19,10500.0,11450.0,403,364379.80575750023,0.08601233505569295,3,time
108490,2020-06-16,2020-06-19,11685.0,12026.0,362,105742.82375789993,0.024969761811507674,3,time
095340,2020-06-16,2020-06-19,15200.0,16350.0,278,301440.15449500084,0.07125469788948569,3,time
001440,2020-06-16,2020-06-19,5949.0,6077.0,711,73405.38749579992,0.01733465286670577,3,time
011200,2020-06-24,2020-06-25,4505.0,4369.849999999999,970,-148617.54318122566,-0.03397068711421569,1,stop
087010,2020-07-01,2020-07-02,17875.0,17338.75,243,-147725.63726456277,-0.03397068711421569,1,stop
079550,2020-06-30,2020-07-03,30150.0,30000.0,144,-39329.0672400007,-0.00904825061723935,3,time
108490,2020-06-30,2020-07-03,11637.0,11734.0,373,18285.685584749095,0.004207868556638239,3,time
214370,2020-07-02,2020-07-07,13460.0,13056.199999999999,319,-146029.06046179077,-0.0339706871142158,3,stop
066970,2020-07-08,2020-07-09,37942.0,36803.74,112,-144524.60478478437,-0.03397068711421569,1,stop
036930,2020-07-08,2020-07-09,7330.0,7110.099999999999,584,-145586.25340612093,-0.0339706871142158,1,stop
237690,2020-07-08,2020-07-10,50900.0,49373.0,84,-145412.12344260002,-0.03397068711421558,2,stop
035720,2020-07-08,2020-07-10,62623.0,72016.45,68,619419.8921566708,0.14529248434912612,2,target
043260,2020-07-08,2020-07-17,697.0,744.0,6143,270322.69196375087,0.06306232718576488,7,time
042700,2020-07-10,2020-07-17,4250.0,4887.5,1062,656531.8707487518,0.14529248434912634,5,target
178320,2020-07-09,2020-07-20,19099.0,20651.0,217,318806.2236981997,0.07683466670432537,7,time
010060,2020-07-09,2020-07-20,34766.0,36077.0,119,138594.19314475032,0.03346140176592871,7,time
009830,2020-07-10,2020-07-21,27390.0,31498.499999999996,164,653398.6711262995,0.14529248434912567,7,target
039490,2020-07-20,2020-07-21,103000.0,99910.0,42,-147126.21527100028,-0.03397068711421569,1,stop
001440,2020-07-21,2020-07-22,7102.0,6888.94,665,-160622.3077365551,-0.03397068711421558,1,stop
034020,2020-07-21,2020-07-22,5018.0,5770.7,942,687581.0935254302,0.1452924843491259,1,target
000150,2020-07-22,2020-07-23,49150.0,47675.5,101,-168829.54265777394,-0.03397068711421536,1,stop
010060,2020-07-22,2020-07-24,46090.0,44707.299999999996,108,-169291.0550806215,-0.033970687114215914,2,stop
042700,2020-07-23,2020-07-24,6050.0,5868.5,799,-164401.47210107464,-0.03397068711421547,1,stop
141080,2020-07-24,2020-07-27,59500.0,57715.0,79,-159862.86982924957,-0.03397068711421547,1,stop
353200,2020-07-17,2020-07-28,11750.0,13512.499999999998,414,707588.1877162494,0.14529248434912567,7,target
222800,2020-07-17,2020-07-28,14950.0,15500.0,325,158310.9068125002,0.032545209097656125,7,time
034020,2020-07-24,2020-07-28,7394.0,8503.099999999999,641,689413.5934717441,0.14529248434912567,2,target
001440,2020-07-27,2020-07-28,9410.0,9127.699999999999,486,-155535.46815771237,-0.033970687114216136,1,stop
005380,2020-07-20,2020-07-29,119500.0,125000.0,36,179785.82970000058,0.041743209340664,7,time
298040,2020-07-28,2020-07-29,47950.0,46511.5,106,-172861.39952795114,-0.0339706871142158,1,stop
226950,2020-07-28,2020-07-29,29026.0,28155.219999999998,176,-173741.43603889644,-0.03397068711421569,1,stop
267260,2020-07-28,2020-07-29,10450.0,10136.5,489,-173791.56642292533,-0.03397068711421569,1,stop
058470,2020-07-28,2020-07-29,28612.0,27753.64,178,-173209.52341595571,-0.03397068711421558,1,stop
141080,2020-07-29,2020-07-30,63200.0,61304.0,76,-163355.6720271986,-0.03397068711421525,1,stop
095610,2020-07-29,2020-07-30,27350.0,26529.5,177,-164639.54041057453,-0.03397068711421547,1,stop
131970,2020-07-29,2020-07-30,41461.0,47680.149999999994,116,699584.419098529,0.14529248434912567,1,target
128940,2020-07-29,2020-07-30,253340.0,245739.8,19,-163704.61214940995,-0.03397068711421558,1,stop
010130,2020-07-29,2020-07-31,433500.0,420495.0,11,-162175.5334072495,-0.03397068711421547,2,stop
034020,2020-07-30,2020-08-03,9176.0,8900.72,535,-166959.34603786003,-0.03397068711421558,2,stop
240810,2020-07-30,2020-08-03,38800.0,37636.0,126,-166266.90735480096,-0.0339706871142158,2,stop
000270,2020-07-30,2020-08-03,40300.0,39091.0,122,-167212.37864109967,-0.03397068711421547,2,stop
267260,2020-07-31,2020-08-03,12400.0,12028.0,374,-157723.6560196001,-0.03397068711421558,1,stop
222800,2020-08-03,2020-08-07,19650.0,19060.5,237,-158385.14582242537,-0.03397068711421569,4,stop
066970,2020-08-03,2020-08-07,39769.0,45734.35,117,676819.556493503,0.1452924843491259,4,target
064350,2020-07-30,2020-08-10,17550.0,17023.5,280,-167123.95326899923,-0.03397068711421547,7,stop
011200,2020-08-03,2020-08-10,5920.0,6807.999999999999,789,679424.301416398,0.14529248434912545,5,target
128940,2020-08-07,2020-08-10,337787.0,327653.39,14,-160832.76012215298,-0.03397068711421558,1,stop
067310,2020-08-07,2020-08-10,5072.0,4919.84,974,-168012.5602390878,-0.03397068711421558,1,stop
096770,2020-08-10,2020-08-11,188426.0,182773.22,26,-166616.39163314644,-0.03397068711421569,1,stop
051910,2020-08-10,2020-08-11,747000.0,724590.0,6,-152431.73759699985,-0.03397068711421558,1,stop
003670,2020-08-10,2020-08-11,89431.0,86748.06999999999,54,-164242.4424703298,-0.0339706871142158,1,stop
000880,2020-08-03,2020-08-12,25200.0,26150.0,185,156126.07181250025,0.03345060268218236,7,time
039490,2020-08-11,2020-08-12,119500.0,115915.0,39,-158502.47948924918,-0.03397068711421536,1,stop
003550,2020-08-11,2020-08-12,85019.0,82468.43,56,-161922.6368430443,-0.03397068711421569,1,stop
178320,2020-08-12,2020-08-13,22929.0,22241.13,205,-159860.99929253105,-0.03397068711421525,1,stop
000100,2020-08-12,2020-08-13,57849.0,56113.53,81,-159361.87207678705,-0.03397068711421569,1,stop
032830,2020-08-12,2020-08-13,57000.0,65550.0,82,679878.1353449998,0.1452924843491259,1,target
005380,2020-08-11,2020-08-14,171500.0,166355.0,27,-157482.18673424982,-0.03397068711421558,3,stop
086520,2020-08-13,2020-08-14,5718.0,5546.46,846,-164519.7580411369,-0.03397068711421536,1,stop
003490,2020-08-13,2020-08-14,15391.0,14929.27,314,-164361.4766250793,-0.03397068711421569,1,stop
071050,2020-08-10,2020-08-18,61700.0,59849.0,79,-165773.765856551,-0.0339706871142158,5,stop
105560,2020-08-13,2020-08-18,40050.0,38848.5,120,-163450.89935099985,-0.03397068711421558,2,stop
028300,2020-08-14,2020-08-18,45801.0,44426.97,100,-155768.09490584955,-0.03397068711421547,1,stop
007660,2020-08-14,2020-08-18,4294.0,4165.18,1076,-157136.78362692427,-0.03397068711421569,1,stop
028260,2020-08-14,2020-08-18,127500.0,123675.0,36,-156104.79151499923,-0.03397068711421547,1,stop
032830,2020-08-18,2020-08-19,64500.0,62565.0,70,-153554.05962749943,-0.03397068711421547,1,stop
090430,2020-08-18,2020-08-19,192500.0,186725.0,23,-150578.20575874858,-0.03397068711421525,1,stop
066570,2020-08-18,2020-08-19,88300.0,85651.0,51,-153156.14545305073,-0.03397068711421569,1,stop
000810,2020-08-18,2020-08-19,186500.0,180905.0,24,-152227.67904599942,-0.03397068711421547,1,stop
005380,2020-08-18,2020-08-19,163500.0,158595.0,27,-150136.07889825013,-0.03397068711421558,1,stop
064760,2020-08-20,2020-08-21,109000.0,105730.0,40,-148282.54705999978,-0.03397068711421558,1,stop
007660,2020-08-20,2020-08-21,4146.0,4021.62,1062,-149746.7351829419,-0.03397068711421558,1,stop
000990,2020-08-20,2020-08-21,37900.0,36763.0,116,-149520.50226939935,-0.03397068711421547,1,stop
028300,2020-08-20,2020-08-21,40860.0,39634.2,107,-148691.34435717016,-0.03397068711421558,1,stop
010060,2020-08-25,2020-08-26,54036.0,52414.92,78,-143344.60220386786,-0.03397068711421558,1,stop
237690,2020-08-26,2020-08-27,65800.0,63826.0,63,-140984.05288590025,-0.03397068711421569,1,stop
078600,2020-08-26,2020-08-27,52500.0,50925.0,80,-142840.985700001,-0.0339706871142158,1,stop
214450,2020-08-19,2020-08-28,68400.0,68200.0,64,-30702.545280000195,-0.007005499204037924,7,time
298380,2020-08-27,2020-08-28,34300.0,33271.0,119,-138817.6312694503,-0.03397068711421569,1,stop
034220,2020-08-25,2020-08-31,14049.0,13627.529999999999,302,-144296.53534428263,-0.03397068711421547,4,stop
051910,2020-08-28,2020-08-31,767000.0,743990.0,5,-130427.42384749977,-0.03397068711421558,1,stop
034020,2020-08-31,2020-09-01,11969.0,13764.349999999999,340,591941.9932950498,0.1452924843491259,1,target
086280,2020-08-31,2020-09-02,72778.0,70594.66,56,-138609.08343032748,-0.03397068711421547,2,stop
009830,2020-08-28,2020-09-03,44138.0,50758.7,93,597087.4809201448,0.1452924843491259,4,target
298040,2020-09-02,2020-09-03,49400.0,56809.99999999999,79,567670.6056904998,0.1452924843491259,1,target
000250,2020-08-26,2020-09-04,58100.0,56357.0,72,-142269.62175720045,-0.03397068711421569,7,stop
178320,2020-08-27,2020-09-04,24430.0,28094.499999999996,167,593447.5000774246,0.14529248434912567,6,target
006260,2020-09-01,2020-09-04,45350.0,52152.49999999999,103,679449.0295471242,0.14529248434912567,3,target
034020,2020-09-03,2020-09-04,14894.0,14447.18,309,-156521.27501759026,-0.03397068711421547,1,stop
272210,2020-09-03,2020-09-04,11444.0,11100.68,402,-156461.485862148,-0.03397068711421558,1,stop
267260,2020-09-04,2020-09-07,12850.0,14777.499999999998,357,667288.6076141251,0.1452924843491259,1,target
067310,2020-09-04,2020-09-08,4778.0,5494.7,960,667205.6956463996,0.14529248434912567,2,target
298040,2020-09-07,2020-09-08,68600.0,66542.0,77,-179646.3463487001,-0.03397068711421558,1,stop
087010,2020-09-04,2020-09-09,20089.0,19486.329999999998,228,-155774.62477948144,-0.03397068711421547,3,stop
006260,2020-09-08,2020-09-09,64800.0,62856.0,79,-174102.75571319927,-0.03397068711421547,1,stop
032820,2020-09-08,2020-09-09,938.0,1078.6999999999998,5524,753700.6240538592,0.14529248434912567,1,target
267260,2020-09-09,2020-09-10,17150.0,19722.5,298,743400.3393897507,0.1452924843491259,1,target
012450,2020-09-04,2020-09-11,29030.0,28159.1,158,-155993.91970229056,-0.03397068711421569,5,stop
009830,2020-09-10,2020-09-11,58106.0,56362.82,100,-197617.10274010058,-0.03397068711421569,1,stop
010170,2020-09-09,2020-09-14,3777.0,3663.69,1356,-174184.78725070227,-0.03397068711421569,3,stop
222800,2020-09-04,2020-09-15,19250.0,20000.0,238,159197.86977500003,0.034708060394467166,7,time
307950,2020-09-14,2020-09-15,53200.0,61179.99999999999,94,727414.3301739991,0.14529248434912567,1,target
067310,2020-09-11,2020-09-16,6148.0,5963.5599999999995,821,-171664.5281068189,-0.0339706871142158,3,stop
001440,2020-09-09,2020-09-17,7566.0,7339.0199999999995,677,-174204.17281304672,-0.03397068711421558,6,stop
080220,2020-09-16,2020-09-17,4545.0,4408.65,1079,-166785.72622071858,-0.0339706871142158,1,stop
237690,2020-09-17,2020-09-18,75300.0,73041.0,64,-163899.82816319913,-0.03397068711421536,1,stop
267270,2020-09-17,2020-09-18,28600.0,27742.0,169,-164382.76673390064,-0.03397068711421569,1,stop
071050,2020-09-11,2020-09-21,79000.0,76630.0,63,-169266.56805450004,-0.03397068711421558,6,stop
141080,2020-09-18,2020-09-21,64000.0,62080.0,73,-158893.59171199985,-0.03397068711421558,1,stop
011200,2020-09-15,2020-09-22,7270.0,7051.9,721,-178267.93083669432,-0.03397068711421547,5,stop
226950,2020-09-15,2020-09-22,30878.0,29951.66,169,-177475.91158074606,-0.03397068711421536,5,stop
307950,2020-09-18,2020-09-22,59900.0,58103.0,78,-158900.39366369974,-0.03397068711421558,2,stop
237690,2020-09-21,2020-09-22,76700.0,74399.0,60,-156512.9086170001,-0.03397068711421558,1,stop
066970,2020-09-21,2020-09-22,44145.0,42820.65,105,-157642.88284316286,-0.03397068711421569,1,stop
028300,2020-09-22,2020-09-23,53435.0,51831.95,88,-159923.40719938,-0.03397068711421558,1,stop
043260,2020-09-24,2020-09-25,1115.0,1081.55,4211,-159684.82874350343,-0.0339706871142158,1,stop
032820,2020-09-25,2020-09-28,1260.0,1449.0,3701,678315.8993215496,0.14529248434912567,1,target
032820,2020-10-05,2020-10-06,1475.0,1430.75,3254,-163234.9373845253,-0.03397068711421569,1,stop
267270,2020-10-06,2020-10-07,30200.0,29294.0,157,-161253.86895189993,-0.03397068711421558,1,stop
226950,2020-10-05,2020-10-14,34031.0,33010.07,141,-163191.43890340254,-0.03397068711421536,6,stop
241560,2020-10-07,2020-10-15,28550.0,27693.5,165,-160211.4698538743,-0.03397068711421547,5,stop
357780,2020-10-14,2020-10-15,250900.0,243373.0,18,-153594.8713376997,-0.03397068711421547,1,stop
307950,2020-10-06,2020-10-16,66600.0,68000.0,71,79728.21530999988,0.016841479772040202,7,time
000270,2020-10-07,2020-10-16,49850.0,48354.5,94,-159366.32735515013,-0.03397068711421558,6,stop
086280,2020-10-15,2020-10-16,84783.0,97500.45,53,653622.5334391557,0.14529248434912545,1,target
095340,2020-10-15,2020-10-16,20900.0,20273.0,216,-153533.6537724007,-0.03397068711421569,1,stop
003490,2020-10-07,2020-10-19,15158.0,15934.0,311,221305.049053601,0.046891034472769544,7,time
043260,2020-10-16,2020-10-19,1080.0,1047.6,4375,-160696.10891250055,-0.03397068711421569,1,stop
086280,2020-10-19,2020-10-20,92786.0,90002.42,51,-160937.1020612307,-0.03397068711421547,1,stop
086280,2020-10-22,2020-10-23,98287.0,95338.39,47,-157107.7052834062,-0.03397068711421547,1,stop
010170,2020-10-22,2020-10-23,3794.0,3680.18,1239,-159871.91642501205,-0.0339706871142158,1,stop
145020,2020-10-23,2020-10-26,219900.0,213303.0,20,-149574.91788300034,-0.03397068711421569,1,stop
047050,2020-10-23,2020-10-26,15150.0,14695.5,300,-154574.35238249972,-0.03397068711421558,1,stop
214150,2020-10-16,2020-10-27,14400.0,14900.0,328,144159.90156000014,0.030486595217510626,7,time
034020,2020-10-21,2020-10-27,12885.0,12498.449999999999,364,-159510.5287311906,-0.03397068711421569,4,stop
241560,2020-10-22,2020-10-27,31150.0,30215.5,150,-158910.5965912491,-0.03397068711421536,3,stop
011200,2020-10-26,2020-11-04,8190.0,9828.0,537,858988.8709856998,0.19508780975560946,7,target
011200,2020-11-06,2020-11-10,10300.0,12360.0,461,927400.8717769999,0.19508780975560946,2,target
043260,2020-11-06,2020-11-10,1275.0,1185.75,3726,-351034.2530687256,-0.07380694743940264,2,stop
000270,2020-10-28,2020-11-11,52600.0,58100.0,87,458335.17523500044,0.10004121905578134,10,time
009830,2020-11-10,2020-11-13,62642.0,58257.06,80,-370298.59376264084,-0.07380694743940275,3,stop
003490,2020-11-12,2020-11-18,19539.0,18171.27,257,-371049.556496989,-0.07380694743940253,4,stop
307950,2020-11-12,2020-11-18,71400.0,85680.0,70,976170.3256200003,0.1950878097556097,4,target
034020,2020-11-10,2020-11-19,15201.0,14136.929999999998,330,-370665.8361900449,-0.07380694743940253,7,stop
006400,2020-11-09,2020-11-23,501264.0,514971.0,9,104510.79858465027,0.02313944428095116,10,time
226950,2020-11-23,2020-11-24,39286.0,47143.2,117,897745.0594717795,0.19508780975560946,1,target
319660,2020-11-20,2020-11-25,19500.0,18135.0,256,-368868.0478079999,-0.07380694743940253,3,stop
000270,2020-11-13,2020-11-27,59000.0,58700.0,79,-42731.84141499922,-0.009157423267594722,10,time
058610,2020-11-19,2020-11-30,7900.0,7346.999999999999,631,-368343.4157688506,-0.07380694743940264,7,stop
043260,2020-11-27,2020-11-30,1830.0,1775.1,2834,-176382.08972787112,-0.0339706871142158,1,stop
319400,2020-11-30,2020-12-01,3600.0,3492.0,1337,-163695.76961220056,-0.03397068711421569,1,stop
042700,2020-11-18,2020-12-02,6300.0,6375.0,846,41420.35986749921,0.007762537988361018,10,time
226950,2020-11-30,2020-12-02,54200.0,52574.0,88,-162212.94414160028,-0.03397068711421569,2,stop
128940,2020-12-02,2020-12-03,341039.0,330807.83,14,-162381.1564071402,-0.03397068711421547,1,stop
096770,2020-12-02,2020-12-03,180554.0,175137.38,27,-165796.1442776434,-0.03397068711421569,1,stop
237690,2020-11-24,2020-12-04,77000.0,92400.0,71,1067771.74273,0.1950878097556097,8,target
319400,2020-12-03,2020-12-04,3580.0,3472.6,1352,-164612.67270135973,-0.03397068711421558,1,stop
036930,2020-12-03,2020-12-04,8660.0,8400.199999999999,559,-164639.2003129907,-0.03397068711421569,1,stop
307950,2020-12-04,2020-12-07,95000.0,92150.0,55,-177700.98816249985,-0.03397068711421558,1,stop
003670,2020-12-04,2020-12-07,93253.0,90455.41,56,-177604.67252642754,-0.03397068711421547,1,stop
047040,2020-12-07,2020-12-08,4100.0,3977.0,1257,-175276.09238144942,-0.03397068711421547,1,stop
051910,2020-11-25,2020-12-09,820000.0,836000.0,5,62961.53600000031,0.015338830239522094,10,time
237690,2020-12-07,2020-12-09,111000.0,107670.0,46,-173653.826901,-0.03397068711421558,2,stop
068270,2020-12-08,2020-12-09,338225.0,328078.25,14,-161041.30796127487,-0.03397068711421558,1,stop
066970,2020-12-01,2020-12-10,48569.0,52321.0,96,340021.770297599,0.07284120348067069,7,time
036930,2020-12-09,2020-12-10,8830.0,8565.1,527,-158261.35030148458,-0.03397068711421547,1,stop
000660,2020-12-04,2020-12-15,116000.0,117500.0,45,45908.402625000104,0.008784609527903164,7,time
003670,2020-12-10,2020-12-15,99354.0,96373.37999999999,48,-162192.26620843261,-0.03397068711421569,3,stop
307950,2020-12-15,2020-12-16,112000.0,128799.99999999999,44,716824.8718399992,0.14529248434912567,1,target
263750,2020-12-09,2020-12-18,47900.0,53740.0,97,545768.5219759988,0.1173280949246076,7,time
141080,2020-12-09,2020-12-18,64800.0,65700.0,71,44856.62104499992,0.009738542964808916,7,time
047040,2020-12-10,2020-12-21,4260.0,4610.0,1122,371954.05226099957,0.077729812788216,7,time
095340,2020-12-15,2020-12-21,24050.0,27657.499999999996,205,717152.1559231253,0.1452924843491259,4,target
272210,2020-12-16,2020-12-21,13501.0,13095.97,420,-192849.6147935707,-0.03397068711421569,3,stop
066970,2020-12-18,2020-12-21,69055.0,66983.34999999999,71,-166746.61499844305,-0.03397068711421569,1,stop
042700,2020-12-18,2020-12-21,8400.0,8148.0,585,-167123.95326899923,-0.03397068711421547,1,stop
015760,2020-12-21,2020-12-22,28600.0,27742.0,180,-175082.2367579993,-0.03397068711421547,1,stop
357780,2020-12-21,2020-12-22,275700.0,267429.0,18,-168776.82753209956,-0.03397068711421547,1,stop
000250,2020-12-22,2020-12-23,91100.0,88367.0,55,-170405.8949642498,-0.03397068711421558,1,stop
000100,2020-12-22,2020-12-23,66821.0,64816.369999999995,75,-170442.45545463823,-0.03397068711421569,1,stop
042700,2020-12-23,2020-12-24,8650.0,8390.5,573,-168567.6675173249,-0.03397068711421558,1,stop
000990,2020-12-23,2020-12-24,39450.0,45367.5,125,717297.6155156251,0.1452924843491259,1,target
066570,2020-12-24,2020-12-28,125000.0,121250.0,41,-174300.0123124998,-0.03397068711421558,1,stop
319400,2020-12-24,2020-12-28,4455.0,5123.25,1155,748465.9696985632,0.1452924843491259,1,target
011070,2020-12-24,2020-12-28,184500.0,178965.0,27,-169419.61196774896,-0.03397068711421536,1,stop
010060,2020-12-21,2020-12-29,61983.0,71280.45,83,748329.8195199817,0.14529248434912567,5,target
000990,2020-12-28,2020-12-29,43300.0,49794.99999999999,121,762106.4429852488,0.14529248434912567,1,target
003550,2020-12-29,2021-01-04,82185.0,94512.74999999999,68,812912.5694536502,0.1452924843491259,2,target
218410,2020-12-22,2021-01-05,41466.0,44637.0,122,364989.3242145004,0.07206575998129283,7,time
000250,2020-12-29,2021-01-05,79800.0,77406.0,70,-189978.5109809991,-0.03397068711421547,3,stop
064760,2020-12-29,2021-01-06,122300.0,118631.0,45,-187172.70590474922,-0.03397068711421547,4,stop
066570,2020-12-30,2021-01-06,128000.0,147200.0,45,837847.252799999,0.14529248434912567,3,target
096770,2021-01-05,2021-01-06,224832.0,258556.8,24,784895.3064230392,0.14529248434912567,1,target
319400,2021-01-04,2021-01-07,5920.0,6807.999999999999,1091,939482.7792715989,0.14529248434912567,3,target
067310,2021-01-05,2021-01-07,7770.0,7536.9,696,-183922.05318731908,-0.03397068711421547,2,stop
011200,2021-01-06,2021-01-07,16500.0,16005.0,365,-204823.77056624927,-0.03397068711421547,1,stop
047040,2021-01-06,2021-01-08,5900.0,5723.0,1023,-205272.69937844947,-0.03397068711421547,2,stop
064350,2021-01-06,2021-01-11,21850.0,21194.5,276,-205099.24961009994,-0.03397068711421558,3,stop
003670,2021-01-07,2021-01-11,126494.0,122699.18,48,-206497.45880155265,-0.03397068711421569,2,stop
058610,2021-01-07,2021-01-11,9580.0,9292.6,642,-209172.25828806031,-0.03397068711421558,2,stop
096770,2021-01-08,2021-01-11,265666.0,305515.89999999997,22,850160.6982243089,0.14529248434912567,1,target
012330,2021-01-11,2021-01-12,368500.0,357445.0,16,-200521.53611599933,-0.03397068711421547,1,stop
018260,2021-01-11,2021-01-12,223000.0,216310.0,27,-204772.75592850056,-0.03397068711421569,1,stop
267260,2021-01-11,2021-01-12,20400.0,19788.0,300,-208139.72202000022,-0.03397068711421558,1,stop
039490,2021-01-12,2021-01-13,162500.0,157625.0,36,-198957.08722499944,-0.03397068711421547,1,stop
086520,2021-01-12,2021-01-13,8060.0,7818.2,743,-203670.15955792926,-0.03397068711421547,1,stop
005380,2021-01-11,2021-01-14,256500.0,248805.0,23,-200640.5702707488,-0.03397068711421536,3,stop
353200,2021-01-13,2021-01-14,16000.0,15520.0,362,-196984.52123199962,-0.03397068711421547,1,stop
000990,2021-01-13,2021-01-14,61300.0,59461.0,94,-195971.03042870015,-0.03397068711421558,1,stop
086790,2021-01-14,2021-01-15,39900.0,38703.0,141,-191335.50034515094,-0.0339706871142158,1,stop
006400,2021-01-07,2021-01-18,673574.0,691197.0,9,133295.44993245043,0.02196282917646286,7,time
012330,2021-01-14,2021-01-18,328500.0,318645.0,17,-189927.49634324946,-0.03397068711421547,2,stop
000270,2021-01-14,2021-01-18,71200.0,69064.0,79,-191298.08961080108,-0.0339706871142158,2,stop
100790,2021-01-15,2021-01-18,5948.0,5769.5599999999995,923,-186713.71020403504,-0.0339706871142158,1,stop
003490,2021-01-18,2021-01-19,24502.0,23766.94,227,-189160.71232810896,-0.03397068711421558,1,stop
064760,2021-01-18,2021-01-19,133100.0,129107.0,41,-185594.65311035048,-0.03397068711421569,1,stop
012450,2021-01-19,2021-01-20,40490.0,39275.299999999996,134,-184525.38630311098,-0.0339706871142158,1,stop
145020,2021-01-19,2021-01-20,226100.0,219317.0,24,-184550.5535244001,-0.03397068711421558,1,stop
080220,2021-01-12,2021-01-21,4275.0,4916.25,1401,871197.5008704364,0.14529248434912567,7,target
000270,2021-01-20,2021-01-21,96000.0,93120.0,54,-176306.58806399908,-0.03397068711421536,1,stop
036930,2021-01-18,2021-01-27,9350.0,10450.0,597,631888.0680750003,0.11307197967434224,7,time
042700,2021-01-19,2021-01-28,10050.0,9748.5,543,-185596.3535982743,-0.03397068711421547,7,stop
066570,2021-01-21,2021-01-28,168500.0,163445.0,35,-200572.5507537499,-0.03397068711421558,5,stop
079550,2021-01-21,2021-01-28,39750.0,38557.5,150,-202783.1850562496,-0.03397068711421547,5,stop
080220,2021-01-27,2021-01-28,6450.0,6256.5,978,-214536.9575938508,-0.03397068711421569,1,stop
100790,2021-01-20,2021-01-29,5671.0,5500.87,930,-179368.48662175424,-0.03397068711421547,7,stop
352820,2021-01-28,2021-01-29,210870.0,204543.9,27,-193634.2199221654,-0.03397068711421569,1,stop
128940,2021-01-28,2021-01-29,380434.0,369020.98,15,-194077.02697783522,-0.03397068711421558,1,stop
035420,2021-01-29,2021-02-01,362000.0,351140.0,14,-172361.45607799944,-0.03397068711421547,1,stop
226950,2021-01-28,2021-02-03,47000.0,54049.99999999999,121,827228.702547498,0.14529248434912545,4,target
068270,2021-02-02,2021-02-03,321809.0,312154.73,16,-175114.34197002463,-0.03397068711421569,1,stop
047050,2021-02-02,2021-02-04,18600.0,21390.0,286,773786.8482630001,0.1452924843491259,2,target
096770,2021-02-02,2021-02-04,318799.0,309235.02999999997,16,-173476.43200066313,-0.03397068711421547,2,stop
263750,2021-01-28,2021-02-05,61960.0,71254.0,92,829166.2243196005,0.1452924843491259,6,target
298040,2021-02-05,2021-02-08,86300.0,83711.0,68,-199582.86678139959,-0.03397068711421547,1,stop
272210,2021-02-05,2021-02-08,17479.0,16954.63,339,-201520.77683048788,-0.03397068711421547,1,stop
079550,2021-02-05,2021-02-09,43600.0,42292.0,135,-200181.43853100017,-0.03397068711421558,2,stop
263750,2021-02-08,2021-02-09,78600.0,76242.0,73,-195141.1923213005,-0.03397068711421569,1,stop
047810,2021-02-05,2021-02-10,38800.0,37636.0,152,-200575.95172960032,-0.03397068711421569,3,stop
032820,2021-02-09,2021-02-10,1325.0,1285.25,4250,-191517.4525531251,-0.03397068711421558,1,stop
298040,2021-02-10,2021-02-15,88300.0,85651.0,63,-189192.88555965014,-0.03397068711421558,1,stop
352820,2021-02-03,2021-02-16,229185.0,245520.0,25,383689.9409062499,0.06688904542617413,7,time
047050,2021-02-08,2021-02-16,21800.0,21146.0,264,-195732.96211919934,-0.03397068711421547,4,stop
047810,2021-02-15,2021-02-16,40150.0,38945.5,134,-182975.90170585085,-0.03397068711421569,1,stop
353200,2021-02-10,2021-02-17,16300.0,15811.0,342,-189590.79973409977,-0.03397068711421558,3,stop
080220,2021-02-16,2021-02-17,6970.0,6760.9,808,-191534.79752996005,-0.03397068711421558,1,stop
064760,2021-02-16,2021-02-17,185600.0,180032.0,30,-189366.33532799967,-0.03397068711421558,1,stop
319400,2021-02-16,2021-02-17,6150.0,5965.5,916,-191590.57353390008,-0.03397068711421558,1,stop
095610,2021-02-17,2021-02-18,33050.0,32058.5,164,-184339.69302169885,-0.03397068711421536,1,stop
357780,2021-02-17,2021-02-18,312600.0,303222.0,17,-180734.65862070024,-0.03397068711421558,1,stop
035720,2021-02-17,2021-02-19,103367.0,100265.98999999999,52,-182805.3087572148,-0.03397068711421569,2,stop
222800,2021-02-18,2021-02-19,25400.0,24638.0,207,-178816.50824130047,-0.03397068711421569,1,stop
010950,2021-02-09,2021-02-22,81000.0,86600.0,69,362356.03368000034,0.06475930375345462,7,time
003670,2021-02-18,2021-02-22,154605.0,177795.75,34,764618.5301477257,0.1452924843491259,2,target
272210,2021-02-19,2021-02-22,19581.0,18993.57,263,-175143.5563525753,-0.03397068711421558,1,stop
010060,2021-02-19,2021-02-22,100126.0,97122.22,51,-173668.31505812053,-0.03397068711421547,1,stop
042700,2021-02-22,2021-02-23,12175.0,11809.75,450,-186330.96438187454,-0.03397068711421547,1,stop
043260,2021-02-22,2021-02-23,1980.0,1920.6,2769,-186462.5821472695,-0.03397068711421547,1,stop
087010,2021-02-22,2021-02-23,15020.0,14569.4,365,-186451.69902455062,-0.03397068711421569,1,stop
178320,2021-02-22,2021-02-23,23104.0,22410.88,237,-186225.46611100808,-0.03397068711421558,1,stop
267270,2021-02-23,2021-02-24,38750.0,37587.5,136,-179231.42729499936,-0.03397068711421547,1,stop
003670,2021-02-24,2021-02-25,167205.0,162188.85,31,-176284.65176976752,-0.03397068711421558,1,stop
138040,2021-02-17,2021-02-26,11050.0,12250.0,491,565228.0199299995,0.10405925109398306,7,time
011200,2021-02-23,2021-03-02,17100.0,19665.0,309,768593.9408107502,0.1452924843491259,4,target
000660,2021-02-26,2021-03-05,143500.0,139195.0,37,-180574.81275574956,-0.03397068711421547,4,stop
141080,2021-03-04,2021-03-05,57400.0,55678.0,97,-189359.5333763007,-0.03397068711421569,1,stop
086520,2021-03-05,2021-03-08,8968.0,8698.96,598,-182389.70950834453,-0.03397068711421569,1,stop
011200,2021-03-04,2021-03-09,20150.0,23172.5,276,808958.9777294993,0.14529248434912567,3,target
010060,2021-03-05,2021-03-09,100126.0,97122.22,53,-180478.83721726295,-0.03397068711421558,2,stop
098460,2021-03-04,2021-03-10,22439.0,21765.829999999998,248,-189259.95280341245,-0.03397068711421569,4,stop
105560,2021-03-09,2021-03-10,51900.0,50343.0,109,-192396.60481035057,-0.03397068711421569,1,stop
319400,2021-03-12,2021-03-15,6200.0,6014.0,895,-188720.14991649985,-0.03397068711421558,1,stop
005490,2021-03-05,2021-03-16,299500.0,306000.0,17,89308.25517500099,0.017520505801938313,7,time
100790,2021-03-15,2021-03-16,8064.0,7822.08,679,-186218.93623737618,-0.03397068711421558,1,stop
047040,2021-03-16,2021-03-17,6400.0,6208.0,822,-178918.5375168007,-0.03397068711421569,1,stop
010120,2021-03-16,2021-03-17,12360.0,11989.199999999999,425,-178653.2614005003,-0.03397068711421569,1,stop
105560,2021-03-12,2021-03-18,51100.0,49567.0,108,-187693.0552098006,-0.03397068711421569,4,stop
005290,2021-03-17,2021-03-19,33250.0,32252.5,152,-171885.31945899967,-0.03397068711421547,2,stop
237690,2021-03-17,2021-03-22,85000.0,82450.0,59,-170558.93887749966,-0.03397068711421547,3,stop
267270,2021-03-12,2021-03-23,46100.0,48350.0,120,246532.78410000075,0.04451365874337898,7,time
087010,2021-03-22,2021-03-23,16571.0,16073.869999999999,297,-167381.9853067398,-0.03397068711421569,1,stop
196170,2021-03-15,2021-03-24,83412.0,83162.0,65,-38421.63298349921,-0.007078393647436676,7,time
042700,2021-03-23,2021-03-24,13225.0,12828.25,398,-179012.06435267534,-0.03397068711421569,1,stop
100790,2021-03-18,2021-03-26,7911.0,9097.65,687,790552.0845157718,0.14529248434912567,6,target
011200,2021-03-23,2021-03-26,27350.0,31452.499999999996,192,763837.4121359987,0.14529248434912567,3,target
214450,2021-03-25,2021-03-26,70300.0,68191.0,74,-176925.56566870026,-0.03397068711421569,1,stop
039030,2021-03-19,2021-03-30,114100.0,120100.0,42,231617.69735999964,0.048276701370498776,7,time
011200,2021-03-29,2021-03-30,32600.0,31622.0,177,-196243.10849669948,-0.03397068711421547,1,stop
001440,2021-03-26,2021-03-31,9411.0,9128.67,613,-196200.35823026486,-0.03397068711421547,3,stop
090430,2021-03-24,2021-04-02,249500.0,258500.0,21,166970.2996500004,0.031830991388861474,7,time
009540,2021-03-30,2021-04-02,136500.0,126944.99999999999,38,-383276.95592550095,-0.07380694743940275,3,stop
241560,2021-03-29,2021-04-07,40550.0,40900.0,142,25955.63649499975,0.0045024952528653905,7,time
064760,2021-04-02,2021-04-08,201200.0,187116.0,25,-371675.9375950005,-0.07380694743940264,4,stop
031980,2021-04-07,2021-04-09,11000.0,10230.0,534,-434040.6476009991,-0.07380694743940241,2,stop
043260,2021-04-08,2021-04-12,2065.0,1920.4499999999998,2259,-344693.22511947807,-0.07380694743940275,2,stop
010140,2021-03-30,2021-04-13,7211.0,7183.0,736,-42297.607052800246,-0.007960553613167054,10,time
017670,2021-04-01,2021-04-15,47965.0,51847.0,118,433530.2898141993,0.07650921978524416,10,time
240810,2021-04-02,2021-04-16,55100.0,55900.0,93,53180.258820000105,0.010366130752247127,10,time
047040,2021-04-09,2021-04-23,7000.0,7090.0,777,47433.733063500375,0.008711020377056178,10,time
000720,2021-04-12,2021-04-26,44951.0,50011.0,96,466643.00916480087,0.1080127333779708,10,time
066970,2021-04-13,2021-04-27,92330.0,90696.0,57,-114431.47246110067,-0.021718437546529135,10,time
010060,2021-04-23,2021-04-28,112841.0,104942.12999999999,48,-400225.37867983244,-0.07380694743940264,3,stop
036930,2021-04-15,2021-04-29,12800.0,14000.0,476,544546.5608800007,0.08927274326683188,10,time
067310,2021-04-26,2021-04-29,10647.0,9901.71,456,-358747.2307462692,-0.07380694743940286,3,stop
028050,2021-04-16,2021-04-30,14800.0,17760.0,350,1011717.1442000009,0.1950878097556097,10,target
042660,2021-04-27,2021-04-30,27674.0,33208.799999999996,186,1005342.9355671592,0.19508780975560946,3,target
047040,2021-04-30,2021-05-04,7610.0,7077.299999999999,813,-457163.6199969454,-0.07380694743940264,2,stop
267260,2021-04-30,2021-05-04,22200.0,20646.0,278,-456030.85814340133,-0.07380694743940275,2,stop
267250,2021-04-28,2021-05-07,65100.0,78120.0,77,979041.4148130016,0.1950878097556099,6,target
000150,2021-04-29,2021-05-14,61100.0,68500.0,91,648628.3813100001,0.11652366296043715,10,time
000720,2021-04-29,2021-05-14,51372.0,50497.0,108,-116958.94415819924,-0.021056393735416457,10,time
028050,2021-05-04,2021-05-20,17850.0,19750.0,321,584619.9130349997,0.10191336333675483,10,time
032830,2021-05-04,2021-05-20,86100.0,84900.0,66,-102254.94575999957,-0.017973721948787658,10,time
267260,2021-05-07,2021-05-21,23400.0,21762.0,258,-446099.7953177998,-0.07380694743940253,9,stop
030200,2021-05-14,2021-05-31,31700.0,34200.0,183,432377.1991050001,0.07444803085283502,10,time
000810,2021-05-14,2021-05-31,217500.0,211500.0,26,-178715.42519999947,-0.0315667748532128,10,time
001440,2021-05-31,2021-06-01,15025.0,18030.0,389,1141546.0396977495,0.19508780975560946,1,target
047040,2021-05-20,2021-06-02,7660.0,9192.0,788,1178920.0038151992,0.19508780975560946,9,target
034020,2021-05-31,2021-06-02,17856.0,21427.2,328,1143898.18440192,0.1950878097556097,2,target
214450,2021-05-20,2021-06-03,78500.0,85000.0,76,468093.8021,0.07837010434423375,10,time
001440,2021-06-03,2021-06-04,18712.0,22454.399999999998,367,1341268.1836357592,0.19508780975560946,1,target
000150,2021-06-03,2021-06-07,90000.0,108000.0,76,1335935.3796000006,0.1950878097556097,2,target
034020,2021-06-04,2021-06-07,22054.0,26464.8,373,1606665.809270979,0.19508780975560946,1,target
032820,2021-06-07,2021-06-08,1940.0,2328.0,4644,1759637.8320983984,0.19508780975560946,1,target
012450,2021-05-26,2021-06-09,50116.0,51034.0,113,80219.63777570054,0.014149028970584565,10,time
241560,2021-06-03,2021-06-09,54500.0,50685.0,126,-507415.2412454998,-0.07380694743940253,4,stop
001440,2021-06-08,2021-06-09,36781.0,35677.57,293,-366517.48772482947,-0.03397068711421547,1,stop
034020,2021-06-09,2021-06-10,23936.0,23217.92,313,-254800.02236972842,-0.03397068711421569,1,stop
000150,2021-06-09,2021-06-10,99000.0,96030.0,75,-252522.45686249994,-0.03397068711421558,1,stop
032820,2021-06-10,2021-06-11,2395.0,2323.15,3029,-246722.26259911712,-0.03397068711421558,1,stop
145020,2021-06-10,2021-06-11,242500.0,235225.0,29,-239173.62665124983,-0.03397068711421558,1,stop
001440,2021-06-11,2021-06-14,26578.0,25780.66,263,-237728.68805161957,-0.03397068711421569,1,stop
180640,2021-06-11,2021-06-14,78700.0,76339.0,89,-238214.5514615504,-0.03397068711421569,1,stop
035720,2021-06-02,2021-06-16,128000.0,143000.0,55,793716.5307499999,0.112614302051121,10,time
010140,2021-06-09,2021-06-18,6663.0,6463.11,1126,-255159.50551707298,-0.03397068711421558,7,stop
064350,2021-06-07,2021-06-21,23000.0,24250.0,391,450454.02796250023,0.05003186183237429,10,time
064760,2021-06-18,2021-06-21,202100.0,196037.0,35,-240568.02674974967,-0.03397068711421558,1,stop
307950,2021-06-14,2021-06-23,124000.0,134000.0,54,510966.5058000004,0.07622154910787438,7,time
214450,2021-06-14,2021-06-23,92700.0,92000.0,73,-78682.28386500012,-0.011613821489427578,7,time
028050,2021-06-21,2021-06-24,23750.0,27312.499999999996,346,1195314.2013687473,0.14529248434912545,3,target
214150,2021-06-16,2021-06-25,17950.0,17900.0,441,-54426.14178750012,-0.006867604706341179,7,time
035720,2021-06-21,2021-06-25,155500.0,150835.0,52,-275002.90723100025,-0.03397068711421558,4,stop
095340,2021-06-23,2021-06-25,24500.0,23765.0,286,-238306.3778094994,-0.03397068711421547,2,stop
078600,2021-06-24,2021-06-25,50900.0,49373.0,185,-320252.8909152504,-0.03397068711421558,1,stop
307950,2021-06-25,2021-06-28,143000.0,138710.0,55,-267486.7506024996,-0.03397068711421558,1,stop
298380,2021-06-25,2021-06-29,22300.0,21631.0,353,-267721.4179361509,-0.03397068711421569,2,stop
039490,2021-06-29,2021-06-30,135000.0,130950.0,57,-261705.09165749885,-0.03397068711421547,1,stop
005830,2021-06-29,2021-07-01,55600.0,53932.0,138,-260950.07501879986,-0.03397068711421558,2,stop
263750,2021-06-30,2021-07-01,74500.0,85675.0,100,1083673.964125,0.1452924843491259,1,target
043260,2021-06-23,2021-07-02,1800.0,1870.0,3902,243550.65210300032,0.03463620566805092,7,time
010170,2021-06-25,2021-07-06,3112.0,3138.0,2534,33372.15232819971,0.004227063788855734,7,time
263750,2021-07-05,2021-07-06,83800.0,77934.0,92,-569676.5026803985,-0.07380694743940241,1,stop
277810,2021-06-29,2021-07-07,23450.0,22746.5,328,-261589.4584785998,-0.03397068711421558,6,stop
032820,2021-07-06,2021-07-07,3070.0,2855.1,2469,-560087.5590577954,-0.07380694743940264,1,stop
058470,2021-07-02,2021-07-16,36081.0,37303.0,214,229093.49034180027,0.029636109663292443,10,time
010950,2021-07-07,2021-07-16,106500.0,99045.0,67,-527255.1993457489,-0.07380694743940241,7,stop
000720,2021-07-05,2021-07-19,58572.0,56043.0,132,-364529.1080573993,-0.04709437213837053,10,time
012450,2021-07-06,2021-07-20,54496.0,52562.0,139,-299077.1230115006,-0.0394370617969767,10,time
047050,2021-07-07,2021-07-21,23950.0,23450.0,301,-179600.0373650007,-0.02488485947219754,10,time
078600,2021-07-20,2021-07-21,61700.0,57380.99999999999,118,-537976.9048219007,-0.07380694743940264,1,stop
032820,2021-07-16,2021-07-22,3065.0,2850.45,2393,-541962.999941892,-0.07380694743940253,4,stop
086520,2021-07-19,2021-07-26,11249.0,13498.8,655,1439078.77057805,0.1950878097556097,5,target
067310,2021-07-16,2021-07-28,11881.0,11049.33,617,-541669.7971346602,-0.07380694743940253,8,stop
042700,2021-07-23,2021-07-29,19825.0,18437.25,349,-511252.0748557616,-0.07380694743940241,4,stop
357780,2021-07-23,2021-07-29,364600.0,339078.0,18,-484937.3445821982,-0.0738069474394023,4,stop
047050,2021-07-26,2021-08-02,27200.0,25296.0,337,-677322.1300935987,-0.07380694743940241,5,stop
010130,2021-07-22,2021-08-05,517000.0,525000.0,13,76149.40060000028,0.011317053710017788,10,time
086520,2021-07-30,2021-08-09,13734.0,16480.8,454,1217817.5983268386,0.19508780975560924,6,target
012450,2021-08-05,2021-08-10,56228.0,52292.03999999999,120,-498574.82192664035,-0.07380694743940264,3,stop
138040,2021-07-28,2021-08-11,23250.0,24450.0,292,321544.3234799998,0.04730813435572245,10,time
353200,2021-08-10,2021-08-11,17450.0,16228.499999999998,359,-462899.1043460751,-0.07380694743940264,1,stop
086520,2021-08-11,2021-08-12,17940.0,21528.0,360,1261404.2478960007,0.1950878097556097,1,target
005830,2021-07-30,2021-08-13,56000.0,59400.0,111,350812.99472999945,0.05637226040897625,10,time
214150,2021-08-03,2021-08-18,23750.0,25300.0,359,519867.2798275035,0.060902511818138105,10,time
066970,2021-08-12,2021-08-18,122600.0,114017.99999999999,57,-516370.9318292998,-0.07380694743940253,3,stop
006400,2021-08-13,2021-08-20,808681.0,752073.33,8,-478039.3938612519,-0.07380694743940253,4,stop
214150,2021-08-20,2021-08-23,26100.0,24273.0,231,-445501.2714421507,-0.07380694743940264,1,stop
222800,2021-08-09,2021-08-24,30800.0,31400.0,243,114697.6062299991,0.01530728426207073,10,time
207940,2021-08-12,2021-08-27,1405065.0,1377429.0,5,-166563.8253659997,-0.02368181857312668,10,time
000810,2021-08-18,2021-09-01,230500.0,227000.0,34,-150766.7754499996,-0.019215716505699976,10,time
079550,2021-08-18,2021-09-01,47800.0,52400.0,165,724439.9266500007,0.09174688338901582,10,time
138040,2021-08-27,2021-09-02,26650.0,31980.0,257,1337702.9549195003,0.1950878097556097,4,target
086520,2021-09-01,2021-09-02,20555.0,19116.149999999998,396,-601463.2929059714,-0.07380694743940275,1,stop
214450,2021-08-24,2021-09-07,98100.0,94000.0,67,-300826.4098049998,-0.04571649577788561,10,time
353200,2021-08-25,2021-09-08,18250.0,18200.0,363,-45246.043342500925,-0.006822002851502695,10,time
078600,2021-09-06,2021-09-08,70000.0,84000.0,114,1558591.2762000011,0.1950878097556097,2,target
138040,2021-09-09,2021-09-14,37300.0,34689.0,200,-551233.1002899995,-0.07380694743940253,3,stop
247540,2021-09-10,2021-09-14,90778.0,108933.59999999999,82,1453864.0986732403,0.1950878097556097,2,target
067310,2021-09-03,2021-09-15,12599.0,11717.07,633,-589299.7360241972,-0.07380694743940275,8,stop
028300,2021-09-02,2021-09-16,55880.0,60097.0,142,564529.6133153001,0.0710628743569981,10,time
058470,2021-09-14,2021-09-23,41147.0,38266.71,192,-583762.060121377,-0.07380694743940275,4,stop
066970,2021-09-14,2021-09-24,150400.0,180480.0,52,1527497.5755519997,0.19508780975560946,5,target
267260,2021-09-08,2021-09-27,26500.0,26200.0,281,-114568.72568500042,-0.015367905169906604,10,time
028050,2021-09-24,2021-09-27,27850.0,25900.5,301,-619424.181604025,-0.07380694743940253,1,stop
066970,2021-09-27,2021-09-28,191900.0,178467.0,39,-553013.8935496509,-0.07380694743940264,1,stop
000810,2021-09-15,2021-10-05,232500.0,240000.0,32,208801.86000000034,0.028032524520954505,10,time
247540,2021-09-16,2021-10-06,110001.0,102300.93,77,-625869.5448264107,-0.07380694743940264,10,stop
028300,2021-10-05,2021-10-06,49509.0,48023.729999999996,148,-249200.79176932294,-0.03397068711421569,1,stop
078600,2021-09-27,2021-10-07,97800.0,90954.0,77,-556449.8639468998,-0.07380694743940253,7,stop
005830,2021-09-24,2021-10-12,62800.0,65500.0,133,323811.54956500046,0.038724144625695844,10,time
028300,2021-10-08,2021-10-12,45834.0,44458.979999999996,159,-247849.7201031521,-0.03397068711421569,1,stop
028300,2021-10-15,2021-10-18,46550.0,45153.5,161,-254887.83556617424,-0.03397068711421547,1,stop
000150,2021-11-30,2021-12-01,110500.0,107185.0,67,-251791.24705474917,-0.03397068711421547,1,stop
086520,2021-12-03,2021-12-07,22405.0,21732.85,331,-252218.2395727178,-0.03397068711421558,2,stop
352820,2021-12-03,2021-12-08,333500.0,341000.0,22,134445.07835000008,0.018303206213550416,3,time
000150,2021-12-03,2021-12-08,110500.0,114500.0,67,236868.89890000038,0.031957422451110995,3,time
066970,2021-12-07,2021-12-10,203000.0,205900.0,36,74142.57798000053,0.010133743960098585,3,time
277810,2022-01-18,2022-01-21,22000.0,23100.0,339,341236.29655500036,0.04570183353615853,3,time
108490,2022-01-25,2022-01-26,23079.0,22386.63,326,-255881.0565534085,-0.03397068711421547,1,stop
277810,2022-01-26,2022-01-27,21800.0,21146.0,343,-254304.56820790097,-0.03397068711421569,1,stop
319400,2022-01-27,2022-01-28,3365.0,3264.0499999999997,2208,-252689.78487432096,-0.03397068711421569,1,stop
058610,2022-01-26,2022-02-03,11300.0,12430.000000000002,663,716278.0458405009,0.09549715894264232,3,target
108490,2022-01-28,2022-02-03,21716.0,23887.600000000002,339,703832.3096593795,0.0954971589426421,1,target
138040,2022-02-03,2022-02-04,44450.0,48895.00000000001,174,739453.1814285014,0.09549715894264232,1,target
319400,2022-02-03,2022-02-04,3350.0,3685.0000000000005,2315,741456.1479737516,0.09549715894264232,1,target
031980,2022-01-28,2022-02-07,14450.0,14016.5,509,-250143.47425542492,-0.03397068711421558,3,stop
138040,2022-02-11,2022-02-15,41550.0,40303.5,190,-268490.0384782497,-0.03397068711421558,2,stop
298380,2022-02-14,2022-02-15,23800.0,26180.000000000004,333,757723.6781730009,0.09549715894264232,1,target
298380,2022-02-18,2022-02-23,24500.0,26050.0,327,472523.0515574999,0.058912838235837706,3,time
032820,2022-04-11,2022-04-12,2215.0,2148.5499999999997,3663,-275939.70602888335,-0.03397068711421569,1,stop
214370,2022-05-09,2022-05-10,20820.0,20195.399999999998,387,-274028.1875523897,-0.03397068711421558,1,stop
329180,2022-05-12,2022-05-13,124500.0,120765.0,64,-270989.75572799984,-0.03397068711421558,1,stop
214370,2022-05-13,2022-05-17,18400.0,20240.0,432,759960.8818559982,0.09549715894264188,2,target
028300,2022-06-09,2022-06-10,34486.0,33451.42,234,-274449.36440165434,-0.03397068711421558,1,stop
028300,2022-06-13,2022-06-15,32334.0,31363.98,248,-272718.5397720719,-0.03397068711421558,2,stop
257720,2022-07-27,2022-07-28,4050.0,3928.5,1973,-271760.0767580252,-0.03397068711421558,1,stop
214370,2022-08-30,2022-09-02,23940.0,26334.000000000004,331,757603.2133593038,0.09549715894264255,3,target
277810,2022-09-08,2022-09-13,27600.0,30360.000000000004,293,773154.6471660016,0.09549715894264232,1,target
000150,2022-09-08,2022-09-14,73000.0,70810.0,110,-273098.36075499933,-0.03397068711421547,2,stop
298040,2022-09-19,2022-09-20,63700.0,61789.0,128,-277301.9669055985,-0.03397068711421536,1,stop
012450,2022-09-27,2022-09-28,67535.0,65508.95,120,-275621.8848357005,-0.03397068711421569,1,stop
078600,2022-09-27,2022-09-28,81600.0,79152.0,99,-274744.4330664007,-0.03397068711421569,1,stop
009830,2022-09-27,2022-09-30,57888.0,58887.0,140,106234.5615029987,0.013093327533031829,3,time
064350,2022-09-29,2022-09-30,25900.0,25123.0,309,-272183.49825134967,-0.03397068711421558,1,stop
003670,2022-09-30,2022-10-06,145881.0,153636.0,54,385251.57133470103,0.04884866626230089,3,time
377300,2023-01-02,2023-01-03,54700.0,53059.0,147,-273469.06712265033,-0.03397068711421558,1,stop
257720,2023-01-02,2023-01-03,2480.0,2405.6,3253,-274371.6861132411,-0.03397068711421569,1,stop
298040,2023-01-05,2023-01-06,72100.0,69937.0,110,-269731.39466349967,-0.03397068711421558,1,stop
257720,2023-01-06,2023-01-11,2425.0,2600.0,3259,536255.2714187503,0.06777604995346564,3,time
042660,2023-03-09,2023-03-10,20033.0,19432.01,399,-271845.6793201696,-0.03397068711421558,1,stop
058610,2023-03-10,2023-03-13,23850.0,22180.5,333,-586852.6600748245,-0.07380694743940253,1,stop
042660,2023-03-13,2023-03-15,19589.0,21547.9,398,745392.4791718908,0.09549715894264232,2,target
086520,2023-03-14,2023-03-15,72791.0,87349.2,107,1521215.7495850297,0.19508780975560946,1,target
080220,2023-03-15,2023-03-16,4550.0,5005.0,1887,820867.318020748,0.09549715894264188,1,target
108490,2023-03-20,2023-03-21,40608.0,37765.439999999995,218,-654130.733857058,-0.07380694743940275,1,stop
403870,2023-03-20,2023-03-21,18600.0,22320.0,476,1729216.0053839982,0.19508780975560946,1,target
277810,2023-03-20,2023-03-23,124000.0,148800.0,71,1719528.5207600016,0.1950878097556097,3,target
028050,2023-03-10,2023-03-24,28650.0,29250.0,277,133186.51398000028,0.016763188928201833,10,time
082920,2023-03-23,2023-03-24,8645.0,10374.0,1132,1911352.435046602,0.1950878097556099,1,target
058610,2023-03-23,2023-03-27,33500.0,40200.0,292,1910543.8425800037,0.1950878097556099,2,target
247540,2023-03-24,2023-03-27,245000.0,227849.99999999997,40,-724139.9977000002,-0.07380694743940264,1,stop
086520,2023-03-24,2023-03-27,94374.0,87767.81999999999,104,-725240.6904965043,-0.07380694743940264,1,stop
003550,2023-03-14,2023-03-28,86200.0,83200.0,90,-300997.86209999956,-0.03875381117878263,10,time
000250,2023-03-27,2023-03-28,67400.0,80880.0,148,1948278.1576879993,0.19508780975560946,1,target
082920,2023-03-27,2023-03-28,10598.0,9856.14,942,-737685.5535998363,-0.07380694743940275,1,stop
007660,2023-03-29,2023-04-03,10210.0,9495.3,947,-714450.5611797553,-0.07380694743940264,3,stop
403870,2023-03-24,2023-04-04,26150.0,24319.5,377,-728466.3647270761,-0.07380694743940264,7,stop
042700,2023-03-27,2023-04-04,20400.0,18972.0,489,-737115.4041894004,-0.07380694743940264,6,stop
028050,2023-04-03,2023-04-07,31900.0,29666.999999999996,280,-660001.8836180009,-0.07380694743940264,4,stop
078600,2023-04-04,2023-04-07,106300.0,127560.0,86,1785504.978542,0.1950878097556097,3,target
066970,2023-03-28,2023-04-11,295500.0,317500.0,32,663171.9936000016,0.07005183191597886,10,time
006260,2023-03-28,2023-04-11,77400.0,83800.0,123,745863.6114000008,0.07825536668303279,10,time
078600,2023-04-10,2023-04-11,132300.0,123038.99999999999,72,-703864.0777644012,-0.07380694743940275,1,stop
086520,2023-04-11,2023-04-12,148134.0,137764.62,65,-711483.0650259145,-0.07380694743940253,1,stop
003670,2023-04-11,2023-04-13,296609.0,275846.37,32,-701343.4794377107,-0.07380694743940241,2,stop
247540,2023-04-12,2023-04-13,290000.0,269700.0,34,-728573.5078899991,-0.07380694743940253,1,stop
214370,2023-04-04,2023-04-18,42700.0,44200.0,215,283925.7287750002,0.030891514270061426,10,time
310210,2023-04-13,2023-04-20,40705.0,37855.649999999994,220,-661708.7850411516,-0.07380694743940275,5,stop
267260,2023-04-18,2023-04-21,49950.0,46453.5,194,-716034.0632359497,-0.07380694743940253,3,stop
319400,2023-04-20,2023-04-21,4995.0,4645.349999999999,1661,-613058.0304303681,-0.07380694743940264,1,stop
128940,2023-04-11,2023-04-25,321811.0,299284.23,30,-713376.1738770455,-0.07380694743940264,10,stop
051910,2023-04-11,2023-04-25,768000.0,742000.0,12,-348849.2195999995,-0.037809076780965345,10,time
042660,2023-04-21,2023-04-25,26474.0,24620.82,314,-614250.7185633145,-0.07380694743940264,2,stop
012330,2023-04-13,2023-04-27,230500.0,221500.0,38,-376887.9006999992,-0.042979212361288655,10,time
005830,2023-04-26,2023-05-04,85300.0,79329.0,99,-623994.3916915497,-0.07380694743940253,5,stop
267260,2023-04-26,2023-05-09,52500.0,48825.0,162,-628450.069432498,-0.0738069474394023,7,stop
042700,2023-05-04,2023-05-09,22650.0,21064.5,345,-577409.2833701251,-0.07380694743940264,2,stop
064350,2023-04-24,2023-05-10,33550.0,33600.0,248,-21735.219100000337,-0.002609279488612004,10,time
267270,2023-04-28,2023-05-10,67600.0,62867.99999999999,127,-634376.1947198017,-0.07380694743940275,6,stop
000810,2023-04-26,2023-05-12,226500.0,225500.0,37,-71235.88725000154,-0.00849043009606365,10,time
319400,2023-05-12,2023-05-15,4825.0,4487.25,1682,-599680.282891226,-0.07380694743940264,1,stop
214150,2023-05-18,2023-05-23,26500.0,24645.0,297,-581565.6991732502,-0.07380694743940264,3,stop
005380,2023-05-11,2023-05-25,211500.0,203500.0,37,-327197.8412999995,-0.04176371440005289,10,time
000270,2023-05-11,2023-05-25,90500.0,87100.0,86,-323434.2807800006,-0.04150876399895409,10,time
043260,2023-05-11,2023-05-25,1623.0,1662.0,4833,155785.21812584903,0.019837718121699988,10,time
007660,2023-05-23,2023-05-26,10755.0,12906.0,679,1426295.5877425484,0.19508780975560946,3,target
042660,2023-05-25,2023-05-26,27007.0,25116.51,283,-564753.9024246056,-0.07380694743940241,1,stop
042700,2023-05-26,2023-05-31,28150.0,26179.5,276,-574095.2345030997,-0.07380694743940253,2,stop
214450,2023-05-17,2023-06-01,114000.0,120000.0,68,375027.9491999997,0.04832264013649956,10,time
007660,2023-05-30,2023-06-09,13887.0,16664.399999999998,561,1521600.514599328,0.19508780975560924,7,target
047050,2023-06-09,2023-06-12,38400.0,37248.0,242,-316045.88378879987,-0.03397068711421558,1,stop
095340,2023-05-26,2023-06-13,51300.0,56000.0,151,675861.882255001,0.08714940458599973,10,time
005930,2023-05-30,2023-06-14,71300.0,71900.0,109,33357.21659000032,0.004287208057834668,10,time
067310,2023-06-13,2023-06-14,17822.0,17287.34,473,-286695.66626185086,-0.03397068711421558,1,stop
066570,2023-05-31,2023-06-15,125200.0,123600.0,57,-120177.53232000023,-0.016820731590832416,10,time
086520,2023-06-14,2023-06-15,147545.0,143118.65,54,-270970.37016565446,-0.03397068711421547,1,stop
031980,2023-06-14,2023-06-15,12130.0,13949.499999999998,657,1159227.1310654236,0.14529248434912567,1,target
403870,2023-06-01,2023-06-16,26750.0,31450.0,307,1404990.8157049995,0.1708882123618043,10,time
007660,2023-06-12,2023-06-16,17504.0,20129.6,514,1308708.099459678,0.14529248434912567,4,target
214150,2023-06-15,2023-06-16,32300.0,31331.0,246,-270234.739089299,-0.03397068711421547,1,stop
010170,2023-06-16,2023-06-19,2217.0,2150.49,4157,-313436.2810093388,-0.0339706871142158,1,stop
031980,2023-06-19,2023-06-20,15750.0,18112.5,566,1296699.537341252,0.14529248434912612,1,target
086280,2023-06-15,2023-06-26,94186.0,96388.0,84,151999.2876108,0.01919007607928025,7,time
047050,2023-06-15,2023-06-26,36950.0,37950.0,215,181809.0439000018,0.02285932296403681,7,time
012450,2023-06-20,2023-06-26,139860.0,135664.19999999998,73,-347232.15213813074,-0.03397068711421569,4,stop
353200,2023-06-16,2023-06-27,29200.0,31200.0,315,590447.4849000014,0.0641192826591046,7,time
042700,2023-06-16,2023-06-27,28700.0,30100.0,321,410319.65919000097,0.04448731340429313,7,time
082920,2023-06-26,2023-06-27,11683.0,11332.51,743,-295220.6543567348,-0.03397068711421536,1,stop
031980,2023-06-26,2023-06-27,17780.0,17246.6,488,-295090.43099143915,-0.03397068711421547,1,stop
087010,2023-06-27,2023-06-28,11173.0,10837.81,810,-307792.7356936056,-0.03397068711421569,1,stop
145020,2023-06-27,2023-06-28,114100.0,110677.0,79,-306560.56214314885,-0.03397068711421547,1,stop
310210,2023-06-26,2023-06-30,40378.0,39166.659999999996,215,-295247.89617329836,-0.033970687114215914,4,stop
131970,2023-06-27,2023-06-30,42900.0,41613.0,210,-306393.9143264983,-0.03397068711421536,3,stop
098460,2023-06-29,2023-06-30,16930.0,16422.1,523,-301135.6655648146,-0.03397068711421558,1,stop
084370,2023-06-30,2023-07-06,34250.0,31852.499999999996,252,-637760.4408314992,-0.07380694743940253,4,stop
036930,2023-06-30,2023-07-07,19150.0,17809.5,450,-636762.9010387482,-0.07380694743940241,5,stop
267270,2023-06-29,2023-07-10,82600.0,85100.0,107,230490.68538499996,0.02604895692294562,7,time
031980,2023-06-30,2023-07-10,20800.0,19344.0,415,-637834.3326679999,-0.07380694743940253,6,stop
042660,2023-07-10,2023-07-12,36824.0,44188.799999999996,227,1632623.9711951185,0.19508780975560946,2,target
307950,2023-06-30,2023-07-14,139200.0,159000.0,62,1188611.8685400002,0.13756562351018875,10,time
010140,2023-07-11,2023-07-17,7240.0,8688.0,1154,1631825.5349624008,0.1950878097556097,4,target
086520,2023-07-06,2023-07-18,185609.0,222730.8,43,1558823.111769531,0.1950878097556097,8,target
087010,2023-07-12,2023-07-18,15922.0,19106.399999999998,628,1952929.7128050365,0.19508780975560924,4,target
095610,2023-07-18,2023-07-21,23300.0,21669.0,461,-793694.3833974488,-0.07380694743940241,3,stop
010120,2023-07-11,2023-07-25,16880.0,20256.0,495,1631950.5347639993,0.19508780975560946,10,target
247540,2023-07-21,2023-07-25,348500.0,418200.0,28,1905856.3500200007,0.1950878097556097,2,target
047050,2023-07-25,2023-07-26,70500.0,84600.0,154,2120504.4468300007,0.1950878097556097,1,target
095340,2023-07-25,2023-07-26,90200.0,108240.0,121,2131676.304097999,0.19508780975560946,1,target
036930,2023-07-18,2023-07-27,21450.0,25740.0,501,2098912.6842254996,0.19508780975560946,7,target
086520,2023-07-26,2023-07-27,255653.0,237757.28999999998,51,-963424.1535134614,-0.07380694743940275,1,stop
042700,2023-07-14,2023-07-28,43250.0,47150.0,227,842454.9882849995,0.085710794411888,10,time
031980,2023-07-27,2023-07-28,27550.0,33060.0,452,2432144.5771940015,0.1950878097556097,1,target
028050,2023-07-17,2023-07-31,32700.0,37000.0,305,1266760.2347250022,0.12686669115590132,10,time
095340,2023-07-28,2023-08-01,106500.0,99045.0,119,-936468.1898827497,-0.07380694743940253,2,stop
036930,2023-07-31,2023-08-02,28250.0,26272.5,400,-834977.7524499986,-0.07380694743940241,2,stop
096770,2023-08-01,2023-08-02,222864.0,207263.52,52,-856327.1729862746,-0.07380694743940275,1,stop
084370,2023-07-28,2023-08-03,35050.0,32596.499999999996,361,-934957.1018263269,-0.07380694743940275,4,stop
310210,2023-08-02,2023-08-03,55908.0,51994.439999999995,190,-784917.5110579804,-0.07380694743940264,1,stop
138040,2023-07-26,2023-08-09,48450.0,49500.0,269,228205.2777674999,0.017489621308955483,10,time
039030,2023-07-28,2023-08-09,156100.0,145173.0,81,-934295.769889649,-0.07380694743940253,8,stop
326030,2023-08-02,2023-08-17,90000.0,88800.0,118,-184705.44011999853,-0.01737224531205417,10,time
257720,2023-08-03,2023-08-17,8130.0,7560.9,1332,-800186.5201523397,-0.07380694743940253,9,stop
307950,2023-08-03,2023-08-17,160000.0,148800.0,67,-792120.4872799981,-0.07380694743940241,9,stop
005940,2023-08-09,2023-08-24,10400.0,10370.0,1206,-87474.60323099978,-0.006966299105314766,10,time
298040,2023-08-09,2023-08-24,189200.0,190300.0,66,21210.928530002013,0.0016966622467078363,10,time
042700,2023-08-21,2023-08-25,58800.0,54683.99999999999,172,-747312.4776264019,-0.07380694743940275,4,stop
214150,2023-08-17,2023-08-31,35800.0,38850.0,283,819084.887162501,0.08075329164351586,10,time
087010,2023-08-31,2023-09-01,43997.0,40917.21,249,-809503.7634921335,-0.07380694743940253,1,stop
003230,2023-08-21,2023-09-04,180000.0,192600.0,56,662209.9999200013,0.065619963698752,10,time
138040,2023-08-24,2023-09-07,51000.0,54200.0,246,733463.2778400015,0.05839475962016416,10,time
307950,2023-08-31,2023-09-07,176000.0,211200.0,62,2131246.617280001,0.1950878097556097,5,target
018260,2023-08-25,2023-09-08,139400.0,147200.0,78,562045.8581399992,0.051631549474089766,10,time
042700,2023-09-01,2023-09-08,58500.0,54405.0,175,-756467.6761687491,-0.07380694743940253,5,stop
277810,2023-09-07,2023-09-08,176000.0,211200.0,74,2543745.962559998,0.19508780975560946,1,target
277810,2023-09-11,2023-09-12,220000.0,204600.0,55,-894091.2216499988,-0.07380694743940253,1,stop
067310,2023-09-04,2023-09-13,25430.0,23649.899999999998,423,-794846.357128486,-0.07380694743940264,7,stop
058610,2023-09-08,2023-09-13,39800.0,37014.0,306,-899913.8983661998,-0.07380694743940253,3,stop
214150,2023-09-07,2023-09-18,40000.0,37200.0,329,-972416.5683399979,-0.07380694743940241,7,stop
196170,2023-09-13,2023-09-19,61200.0,73440.0,173,2067887.3428439982,0.19508780975560946,4,target
131970,2023-09-08,2023-09-20,54400.0,50592.0,224,-900416.3628543969,-0.0738069474394023,8,stop
267250,2023-09-12,2023-09-21,70900.0,65937.0,160,-838228.9932560027,-0.07380694743940286,7,stop
016360,2023-09-14,2023-10-04,38300.0,35619.0,279,-789585.9972880501,-0.07380694743940253,10,stop
138040,2023-09-25,2023-10-04,57500.0,53475.0,182,-773278.0689725,-0.07380694743940253,3,stop
087010,2023-10-04,2023-10-05,31737.0,30784.89,309,-333524.6210039798,-0.03397068711421547,1,stop
024110,2023-09-18,2023-10-06,11340.0,11380.0,1075,-7085.873250000179,-0.0005805941344182441,10,time
277810,2023-10-05,2023-10-06,157800.0,153066.0,60,-322004.3934779987,-0.03397068711421547,1,stop
005940,2023-09-19,2023-10-10,10530.0,10550.0,1201,-27878.821406999603,-0.002201931550990688,10,time
000250,2023-10-04,2023-10-10,73700.0,75700.0,133,225044.85247999988,0.022932464931022745,3,time
058610,2023-10-06,2023-10-10,32850.0,31864.5,325,-363096.684185626,-0.03397068711421569,1,stop
257720,2023-09-20,2023-10-11,8950.0,9960.0,1261,1223603.253749501,0.10829372301358209,10,time
277810,2023-10-10,2023-10-11,139900.0,135703.0,78,-371121.2867037002,-0.03397068711421558,1,stop
226950,2023-10-10,2023-10-11,16930.0,16422.1,649,-373684.6022018455,-0.03397068711421558,1,stop
067310,2023-10-06,2023-10-12,21284.0,22525.0,501,576207.8059561495,0.05397453935448793,3,time
087010,2023-10-11,2023-10-12,32367.0,35603.700000000004,345,1067606.5044719279,0.09549715894264232,1,target
277810,2023-10-13,2023-10-16,140900.0,136673.0,80,-383357.9978119992,-0.03397068711421547,1,stop
196170,2023-10-18,2023-10-19,61100.0,59267.0,185,-384429.30520474724,-0.03397068711421536,1,stop
277810,2023-10-18,2023-10-19,143000.0,138710.0,79,-384208.2417744994,-0.03397068711421558,1,stop
196170,2023-10-23,2023-10-24,54900.0,53253.0,203,-379028.55555494875,-0.03397068711421547,1,stop
196170,2023-10-26,2023-10-27,53700.0,59070.00000000001,206,1057623.700089002,0.09549715894264232,1,target
247540,2024-01-04,2024-01-05,265500.0,292050.0,42,1066113.601245001,0.09549715894264232,1,target
454910,2024-01-17,2024-01-18,92700.0,89919.0,124,-390935.3720057998,-0.03397068711421558,1,stop
310210,2024-01-18,2024-01-19,43700.0,42389.0,262,-389391.32896989956,-0.03397068711421558,1,stop
028300,2024-01-18,2024-01-19,43450.0,47795.00000000001,263,1092534.5943132527,0.09549715894264232,1,target
068270,2024-01-18,2024-01-23,163750.0,167063.0,69,181618.5473641511,0.0160557494208724,3,time
454910,2024-01-22,2024-01-23,86300.0,83711.0,135,-396230.6914042495,-0.03397068711421558,1,stop
141080,2024-01-22,2024-01-23,50000.0,55000.00000000001,233,1113821.4917500038,0.09549715894264255,1,target
454910,2024-01-25,2024-01-26,81700.0,79249.0,144,-400118.0068007987,-0.03397068711421547,1,stop
078930,2024-02-02,2024-02-15,50500.0,46965.0,231,-861985.2186907493,-0.07380694743940253,7,stop
028260,2024-02-02,2024-02-20,152900.0,162300.0,76,664671.1898000017,0.05713293832208133,10,time
000810,2024-02-02,2024-02-20,292000.0,303000.0,40,390835.88200000115,0.033423534120861076,10,time
006800,2024-02-02,2024-02-20,8313.0,8662.0,1406,441347.32829370163,0.03771709051115635,10,time
024110,2024-02-02,2024-02-20,13210.0,13660.0,885,349164.4976174999,0.029832165106082886,10,time
030200,2024-02-20,2024-02-21,42200.0,39246.0,287,-894933.5885860994,-0.07380694743940253,1,stop
178320,2024-02-15,2024-02-23,22750.0,21157.5,479,-805217.8152996246,-0.07380694743940253,6,stop
003550,2024-02-20,2024-02-26,102900.0,95697.0,117,-889605.9871744495,-0.07380694743940253,4,stop
031980,2024-02-23,2024-02-26,41900.0,38967.0,241,-746152.375793349,-0.07380694743940241,1,stop
012450,2024-02-20,2024-02-27,155242.0,186290.4,78,2365011.089998439,0.19508780975560946,5,target
267260,2024-02-21,2024-02-28,130500.0,121364.99999999999,87,-838930.9657027498,-0.07380694743940253,5,stop
098460,2024-02-26,2024-02-28,21000.0,19530.0,488,-757243.5404519979,-0.07380694743940241,2,stop
196170,2024-02-26,2024-02-29,143000.0,171600.0,71,1983004.665070001,0.1950878097556097,3,target
042700,2024-02-28,2024-03-04,82100.0,98520.0,122,1956285.957477998,0.19508780975560946,2,target
015760,2024-02-20,2024-03-06,23300.0,24650.0,520,650276.6776999999,0.053609245725170895,10,time
138040,2024-02-27,2024-03-06,85900.0,79887.0,169,-1072695.1796541512,-0.07380694743940264,5,stop
079550,2024-03-06,2024-03-08,154100.0,184920.0,85,2558296.7207149994,0.19508780975560946,2,target
196170,2024-03-06,2024-03-08,193900.0,180327.0,67,-959951.0155224502,-0.07380694743940264,2,stop
012450,2024-02-29,2024-03-13,199656.0,185680.08,61,-899929.8590028826,-0.07380694743940241,8,stop
028300,2024-03-11,2024-03-13,98700.0,91791.0,140,-1021037.3967569992,-0.07380694743940253,2,stop
298380,2024-03-11,2024-03-13,28700.0,26691.0,484,-1026416.7224542014,-0.07380694743940264,2,stop
145020,2024-02-28,2024-03-14,183800.0,192200.0,54,411587.3098799996,0.04142127781568794,10,time
319660,2024-03-04,2024-03-18,25850.0,27850.0,467,881773.25581,0.0729592360313902,10,time
267260,2024-03-14,2024-03-26,146000.0,175200.0,77,2195699.6399800014,0.1950878097556097,8,target
024110,2024-03-13,2024-03-27,14790.0,14790.0,834,-50550.72325200215,-0.004093491870325483,10,time
005940,2024-03-13,2024-03-27,12130.0,12350.0,1017,172524.1474709995,0.013969115861622639,10,time
000250,2024-03-26,2024-03-27,118100.0,141720.0,114,2629566.1388460007,0.1950878097556097,1,target
012330,2024-03-15,2024-03-29,265000.0,255000.0,43,-475431.32749999873,-0.04167486953559596,10,time
058470,2024-03-18,2024-04-01,50357.0,53662.0,258,796931.9784363024,0.06126923842275378,10,time
005930,2024-03-27,2024-04-11,79200.0,84100.0,172,784488.0637799986,0.0575219360316368,10,time
257720,2024-03-27,2024-04-11,11740.0,12610.0,1160,950413.9010599982,0.06970877917505924,10,time
000660,2024-03-27,2024-04-11,176700.0,188400.0,77,842484.4023750015,0.06184938388019656,10,time
240810,2024-04-01,2024-04-11,41650.0,38734.5,332,-1021761.5367546994,-0.07380694743940253,7,stop
039030,2024-04-11,2024-04-12,244000.0,280600.0,57,2023052.0124900006,0.1452924843491259,1,target
010120,2024-04-11,2024-04-12,24100.0,27714.999999999996,583,2043750.912502747,0.14529248434912567,1,target
267260,2024-04-11,2024-04-12,210500.0,242074.99999999997,66,2020870.1186024975,0.14529248434912567,1,target
042700,2024-03-29,2024-04-15,134400.0,146300.0,81,916443.7301250007,0.0840857302036564,10,time
214450,2024-04-12,2024-04-15,127500.0,123675.0,126,-546366.7703025006,-0.03397068711421558,1,stop
001440,2024-04-11,2024-04-16,12840.0,12454.8,1095,-478170.4025583025,-0.0339706871142158,3,stop
006260,2024-04-12,2024-04-16,116200.0,112714.0,138,-545366.8834026009,-0.03397068711421569,2,stop
010120,2024-04-15,2024-04-16,27860.0,27024.2,492,-466175.8409305215,-0.03397068711421569,1,stop
267260,2024-04-15,2024-04-16,229500.0,222615.0,59,-460509.13496924937,-0.03397068711421558,1,stop
298040,2024-04-16,2024-04-17,331000.0,321070.0,41,-461546.4326035008,-0.03397068711421569,1,stop
095610,2024-04-17,2024-04-18,30000.0,29100.0,458,-467294.08178999834,-0.03397068711421547,1,stop
161390,2024-04-12,2024-04-19,60000.0,58200.0,268,-546876.9166800007,-0.03397068711421558,5,stop
440110,2024-04-18,2024-04-19,20500.0,19885.0,663,-462243.6326527484,-0.03397068711421547,1,stop
010120,2024-04-18,2024-04-19,29180.0,33557.0,466,1977942.0836638995,0.1452924843491259,1,target
003230,2024-04-16,2024-04-22,242500.0,278875.0,57,2010615.2173312493,0.1452924843491259,4,target
031980,2024-04-18,2024-04-22,47300.0,45881.0,287,-461685.87261334993,-0.03397068711421558,2,stop
042660,2024-04-19,2024-04-22,33250.0,32252.5,444,-502086.0647354983,-0.03397068711421547,1,stop
090430,2024-04-19,2024-04-22,145000.0,140650.0,101,-498072.9132324979,-0.03397068711421547,1,stop
402340,2024-04-19,2024-04-22,82000.0,79540.0,180,-501984.035459999,-0.03397068711421547,1,stop
010120,2024-04-22,2024-04-23,33420.0,32417.399999999998,429,-487604.02937102877,-0.03397068711421547,1,stop
095610,2024-04-22,2024-04-23,26600.0,25802.0,539,-487611.5115178991,-0.03397068711421547,1,stop
042660,2024-04-24,2024-04-25,35050.0,33998.5,402,-479200.8982408494,-0.03397068711421558,1,stop
226950,2024-04-24,2024-04-25,16400.0,15908.0,860,-479673.6338839978,-0.03397068711421547,1,stop
003670,2024-04-25,2024-04-26,281100.0,272667.0,48,-458886.8694888018,-0.03397068711421569,1,stop
440110,2024-04-22,2024-05-02,18800.0,18236.0,763,-487849.5798273999,-0.03397068711421558,7,stop
267260,2024-04-24,2024-05-02,245000.0,237650.0,57,-474946.2774524987,-0.03397068711421547,5,stop
087010,2024-04-25,2024-05-03,26844.0,30870.6,510,1991405.8235457018,0.1452924843491259,5,target
003230,2024-04-24,2024-05-07,282000.0,305500.0,50,1113751.4212500006,0.07889871714048091,7,time
237690,2024-05-07,2024-05-08,101100.0,94023.0,147,-1098158.3065120522,-0.07380694743940275,1,stop
011070,2024-04-26,2024-05-09,213000.0,232500.0,62,1151314.9783500005,0.08708104760633506,7,time
178320,2024-05-07,2024-05-09,27250.0,25342.5,546,-1099399.6893652491,-0.07380694743940253,2,stop
257720,2024-05-10,2024-05-13,22000.0,26400.0,646,2775776.844279997,0.19508780975560946,1,target
058470,2024-05-08,2024-05-14,59268.0,55119.24,242,-1059819.9704950452,-0.07380694743940264,4,stop
090430,2024-05-02,2024-05-20,172400.0,179700.0,79,519184.0148450006,0.03807656328829778,10,time
009540,2024-05-14,2024-05-22,137200.0,127595.99999999999,110,-1115175.596458003,-0.07380694743940275,5,stop
357780,2024-05-08,2024-05-23,312000.0,317500.0,45,189231.62962500192,0.013462552343499246,10,time
000810,2024-05-20,2024-05-23,365500.0,339915.0,38,-1026283.7171484977,-0.07380694743940241,3,stop
214150,2024-05-10,2024-05-27,48500.0,49000.0,293,87830.63957500085,0.006173585533073345,10,time
007660,2024-05-22,2024-05-28,51543.0,47934.99,277,-1054984.1192553025,-0.07380694743940264,4,stop
001440,2024-05-14,2024-05-29,18430.0,18070.0,821,-356698.6614880003,-0.023546901687291344,10,time
034020,2024-05-28,2024-05-30,21900.0,20367.0,614,-993593.9686808977,-0.07380694743940241,2,stop
005380,2024-05-23,2024-05-31,273500.0,254354.99999999997,49,-990261.4468547516,-0.07380694743940264,6,stop
042700,2024-05-23,2024-06-03,152000.0,141360.0,89,-999608.764171999,-0.07380694743940253,7,stop
090430,2024-06-03,2024-06-04,194200.0,180606.0,64,-918386.8574912008,-0.07380694743940264,1,stop
257720,2024-06-04,2024-06-05,43000.0,39990.0,281,-892835.0604294986,-0.07380694743940241,1,stop
267260,2024-05-27,2024-06-07,285000.0,265050.0,50,-1052958.6701250002,-0.07380694743940264,8,stop
031980,2024-06-07,2024-06-10,65000.0,78000.0,192,2437496.1312000006,0.1950878097556097,1,target
078600,2024-05-31,2024-06-11,117600.0,141120.0,107,2457652.349208001,0.1950878097556097,6,target
196170,2024-06-05,2024-06-11,230500.0,276600.0,50,2250972.9897500016,0.1950878097556097,3,target
000100,2024-06-07,2024-06-12,80200.0,74586.0,155,-918549.4195314981,-0.07380694743940241,3,stop
003230,2024-05-29,2024-06-13,535000.0,612000.0,27,2013672.5050500017,0.13924258500067466,10,time
145020,2024-06-12,2024-06-14,240000.0,223199.99999999997,56,-993106.2825600021,-0.07380694743940275,2,stop
078600,2024-06-13,2024-06-14,157200.0,146196.0,91,-1057037.4994997997,-0.07380694743940253,1,stop
402340,2024-06-10,2024-06-24,88100.0,91200.0,170,464067.63625000045,0.030949756429356823,10,time
214150,2024-06-13,2024-06-27,53800.0,51400.0,268,-700393.30112,-0.04852054799506922,10,time
042700,2024-06-13,2024-06-27,175900.0,173700.0,82,-238979.78894000128,-0.016549400442726125,10,time
000660,2024-06-14,2024-06-28,225000.0,236500.0,57,601008.1382250004,0.04680839632296907,10,time
259960,2024-06-14,2024-06-28,263000.0,281500.0,49,851014.0892750006,0.0659607682072374,10,time
087010,2024-06-28,2024-07-01,44967.0,53960.4,302,2652346.18081446,0.1950878097556097,1,target
021240,2024-06-27,2024-07-04,65600.0,61007.99999999999,213,-1032475.8530472033,-0.07380694743940275,5,stop
009540,2024-06-24,2024-07-08,152000.0,160000.0,102,750055.8983999994,0.04832264013649956,10,time
087010,2024-07-04,2024-07-10,59891.0,71869.2,216,2526647.552198639,0.19508780975560946,4,target
086280,2024-06-27,2024-07-11,114044.0,126300.0,123,1445556.7101431992,0.10293388496350442,10,time
032820,2024-07-10,2024-07-11,2925.0,2720.25,5289,-1143130.7255018596,-0.07380694743940241,1,stop
329180,2024-06-28,2024-07-12,156600.0,157600.0,86,30553.54938000068,0.002266064375713528,10,time
007660,2024-07-01,2024-07-12,56794.0,52818.42,288,-1208624.53310813,-0.07380694743940275,9,stop
000250,2024-07-11,2024-07-12,212000.0,197160.0,70,-1096554.8536600005,-0.07380694743940264,1,stop
000100,2024-07-08,2024-07-22,90000.0,96500.0,181,1106271.9411750007,0.06783308927237353,10,time
226950,2024-07-22,2024-07-23,13860.0,15938.999999999998,1258,2536215.9996788986,0.14529248434912567,1,target
267270,2024-07-23,2024-07-24,65100.0,63147.0,306,-677494.7951750979,-0.03397068711421547,1,stop
012450,2024-07-11,2024-07-25,263321.0,315985.2,56,2880068.8662474398,0.19508780975560946,10,target
010120,2024-07-24,2024-07-25,51600.0,50052.0,373,-654579.0198977999,-0.03397068711421558,1,stop
016360,2024-07-12,2024-07-26,44500.0,44450.0,319,-74078.97670249827,-0.005212487946875455,10,time
267250,2024-07-12,2024-07-26,77000.0,80900.0,184,657421.1817200016,0.04634852607390494,10,time
005940,2024-07-12,2024-07-26,13150.0,13510.0,1080,329451.1617600005,0.023170868808509937,10,time
347850,2024-07-25,2024-07-29,9522.0,9236.34,1904,-616593.1125120446,-0.03397068711421536,2,stop
010140,2024-07-29,2024-08-02,11990.0,11150.699999999999,1295,-1147322.2399273273,-0.07380694743940275,4,stop
226950,2024-07-25,2024-08-05,14660.0,14220.199999999999,1236,-616248.6616779603,-0.03397068711421558,7,stop
316140,2024-07-29,2024-08-05,16110.0,14982.3,964,-1147543.1765184626,-0.07380694743940275,5,stop
207940,2024-07-29,2024-08-05,1352533.0,1257855.69,11,-1099352.6202654,-0.07380694743940264,5,stop
005940,2024-08-02,2024-08-05,13880.0,12908.4,1084,-1111770.6606320795,-0.07380694743940253,1,stop
087010,2024-08-06,2024-08-07,56208.0,61828.8,265,1424077.6633643992,0.0954971589426421,1,target
310210,2024-08-06,2024-08-07,64600.0,71060.0,230,1420528.7317100018,0.09549715894264232,1,target
329180,2024-07-26,2024-08-09,184500.0,221400.0,78,2810737.7262900006,0.1950878097556097,10,target
000250,2024-08-06,2024-08-09,158400.0,163800.0,94,445083.01110000163,0.029857866361368224,3,time
000100,2024-08-06,2024-08-09,86400.0,88800.0,172,350680.51439999975,0.023570577799943315,3,time
087010,2024-08-09,2024-08-12,63961.0,62042.17,251,-545999.8390180431,-0.03397068711421558,1,stop
214450,2024-08-16,2024-08-26,184600.0,171678.0,86,-1173077.2395393997,-0.07380694743940253,6,stop
145020,2024-08-20,2024-08-27,289000.0,268770.0,56,-1195865.481916001,-0.07380694743940264,5,stop
055550,2024-08-27,2024-08-28,61800.0,57473.99999999999,243,-1109663.2654551025,-0.07380694743940275,1,stop
000100,2024-08-28,2024-08-29,112700.0,135240.0,123,2707437.1089990027,0.1950878097556099,1,target
259960,2024-08-16,2024-08-30,334500.0,327000.0,47,-415890.663674999,-0.02642323420507131,10,time
138040,2024-08-19,2024-09-02,89200.0,92500.0,180,526448.1590999998,0.032750582982005616,10,time
326030,2024-08-19,2024-09-02,108200.0,112400.0,148,554140.5566000007,0.0345646165783311,10,time
298380,2024-09-02,2024-09-03,33300.0,30968.999999999996,498,-1225377.8814141024,-0.07380694743940275,1,stop
000100,2024-09-04,2024-09-05,142200.0,132246.0,112,-1176830.944833601,-0.07380694743940264,1,stop
021240,2024-08-30,2024-09-06,69500.0,64634.99999999999,228,-1170890.0411789995,-0.07380694743940253,5,stop
017670,2024-08-26,2024-09-09,56000.0,56500.0,263,70754.0418250002,0.004798530523689726,10,time
207940,2024-08-29,2024-09-12,1458498.0,1429063.0,11,-388579.8471703492,-0.024192599354049604,10,time
180640,2024-09-27,2024-09-30,91900.0,85467.0,165,-1120458.8627677523,-0.07380694743940275,1,stop
347850,2024-09-27,2024-09-30,10635.0,9890.55,1427,-1121393.2250402924,-0.07380694743940253,1,stop
138040,2024-09-27,2024-10-16,99400.0,102800.0,152,453357.5636,0.029971720681393865,10,time
226950,2024-11-04,2024-11-05,21900.0,21243.0,676,-503494.06873739883,-0.03397068711421547,1,stop
000100,2024-11-04,2024-11-07,133900.0,129883.0,110,-500929.7329465002,-0.03397068711421558,3,stop
226950,2024-11-07,2024-11-08,19800.0,19206.0,738,-496964.1951053981,-0.03397068711421547,1,stop
226950,2024-11-11,2024-11-12,22350.0,21679.5,649,-493316.64850627445,-0.03397068711421558,1,stop
180640,2024-11-12,2024-11-13,77200.0,74884.0,186,-488352.9242532011,-0.03397068711421569,1,stop
347850,2024-11-13,2024-11-14,9809.0,9514.73,1460,-487058.5128446929,-0.0339706871142158,1,stop
440110,2024-11-13,2024-11-15,17720.0,17188.399999999998,808,-486943.55986095965,-0.03397068711421558,2,stop
226950,2024-11-14,2024-11-15,20200.0,22220.0,703,1357676.6931970008,0.0954971589426421,1,target
226950,2024-11-18,2024-11-19,20150.0,19545.5,714,-489301.7965153493,-0.03397068711421558,1,stop
141080,2024-11-19,2024-11-20,113900.0,110483.0,125,-484213.9366437495,-0.03397068711421558,1,stop
310210,2024-11-19,2024-11-20,99000.0,96030.0,144,-484843.117176,-0.03397068711421558,1,stop
440110,2024-11-19,2024-11-21,17570.0,17042.899999999998,814,-486406.8858718313,-0.03397068711421569,2,stop
010130,2024-11-20,2024-11-21,990000.0,960300.0,14,-471375.2528100014,-0.03397068711421569,1,stop
087010,2024-11-25,2024-11-26,81500.0,79055.0,170,-471205.20401749946,-0.03397068711421558,1,stop
010130,2024-11-25,2024-11-26,940000.0,911800.0,14,-447568.4218600001,-0.03397068711421558,1,stop
298040,2024-11-26,2024-11-29,391000.0,403500.0,35,380126.3611250017,0.027744951484204083,3,time
087010,2024-11-28,2024-12-03,81100.0,89210.0,169,1310379.9127704985,0.0954971589426421,3,target
000150,2024-11-29,2024-12-03,192800.0,212080.00000000003,71,1308745.033156002,0.09549715894264232,2,target
298040,2024-12-03,2024-12-04,386000.0,424600.00000000006,37,1365459.102590004,0.09549715894264232,1,target
272210,2024-12-05,2024-12-06,22650.0,21970.5,645,-496857.06436612457,-0.03397068711421558,1,stop
443060,2024-12-06,2024-12-09,126800.0,122996.0,114,-491617.86106920056,-0.03397068711421558,1,stop
042660,2024-12-06,2024-12-09,32600.0,31622.0,445,-493379.56655949727,-0.03397068711421536,1,stop
272210,2024-12-09,2024-12-10,20600.0,19982.0,694,-486217.11141939834,-0.03397068711421547,1,stop
087010,2024-12-09,2024-12-10,82400.0,79928.0,173,-484815.90936920047,-0.03397068711421558,1,stop
272210,2024-12-13,2024-12-17,21200.0,20564.0,666,-480190.5822132006,-0.03397068711421558,2,stop
010130,2024-12-18,2024-12-19,1123000.0,1089310.0,12,-458315.50554599985,-0.03397068711421558,1,stop
010130,2024-12-24,2024-12-26,1128000.0,1240800.0,12,1294136.2843199987,0.0954971589426421,1,target
