code,entry_date,exit_date,entry_price,exit_price,shares,pnl_krw,pnl_pct,hold_days,reason
180640,2014-06-09,2014-06-16,26997.0,25107.21,73,-145624.6274293065,-0.07380694743940253,5,stop
086280,2014-06-09,2014-06-17,138053.0,128389.29,14,-142813.85586068314,-0.07380694743940264,6,stop
000660,2014-06-09,2014-06-23,47000.0,48900.0,42,71474.89880999993,0.03616655845832106,10,time
161390,2014-06-09,2014-06-23,63000.0,61700.0,31,-48184.9781849999,-0.024643943625382025,10,time
021240,2014-06-09,2014-06-23,84500.0,83700.0,23,-26310.607579999836,-0.013522192539008548,10,time
067310,2014-06-16,2014-06-30,4915.0,5485.0,415,227493.43777750013,0.11140329544074579,10,time
051910,2014-06-17,2014-07-01,288500.0,294000.0,6,25808.73014999996,0.014892594073221188,10,time
000250,2014-07-01,2014-07-08,8060.0,9672.0,218,343179.1428051994,0.19508780975560924,5,target
095610,2014-06-25,2014-07-09,8970.0,10050.0,220,228812.15544000035,0.11581498402488655,10,time
010130,2014-06-25,2014-07-09,391000.0,411000.0,5,91693.21400000015,0.04684801749692147,10,time
024110,2014-06-25,2014-07-09,13500.0,13050.0,146,-73583.86531499983,-0.03729037547464775,10,time
058470,2014-06-30,2014-07-14,6166.0,7399.2,372,447997.72643687995,0.19508780975560946,10,target
000720,2014-07-08,2014-07-22,59837.0,60227.0,35,5026.919348500203,0.0023975343871838195,10,time
082920,2014-07-09,2014-07-23,3087.0,3201.0,664,67072.48518959992,0.0326843966709065,10,time
005490,2014-07-09,2014-07-23,303000.0,318000.0,6,82284.14789999998,0.04520881051233183,10,time
034220,2014-07-09,2014-07-23,30686.0,30224.0,66,-38702.094162600115,-0.01908758711753622,10,time
000250,2014-07-14,2014-07-28,9850.0,9650.0,304,-72892.40864000004,-0.024314943812044687,10,time
035720,2014-07-23,2014-07-29,26413.0,24564.09,75,-146377.88081058767,-0.07380694743940264,4,stop
180640,2014-07-23,2014-07-30,26752.0,24879.359999999997,74,-146279.8263435522,-0.07380694743940264,5,stop
098460,2014-07-22,2014-08-05,5060.0,5470.0,415,161042.5791124995,0.07660249001369945,10,time
047810,2014-07-23,2014-08-06,34200.0,35950.0,58,93071.58340500016,0.04686663646964351,10,time
138040,2014-08-05,2014-08-07,7677.0,7139.61,300,-170180.28864315012,-0.07380694743940264,2,stop
001440,2014-08-06,2014-08-07,53813.0,50046.09,38,-151100.97310783132,-0.07380694743940275,1,stop
047040,2014-07-28,2014-08-08,9580.0,8909.4,311,-220151.8598313704,-0.07380694743940275,9,stop
000720,2014-07-29,2014-08-12,63048.0,59643.0,29,-105947.01089715026,-0.05787888807927011,10,time
055550,2014-07-30,2014-08-13,51400.0,51200.0,35,-14352.025449999841,-0.007968614470051594,10,time
015760,2014-08-07,2014-08-21,44150.0,41059.5,46,-150066.9307478501,-0.07380694743940264,9,stop
066570,2014-08-07,2014-08-22,79400.0,74500.0,25,-130273.79087499995,-0.06555371718311376,10,time
017670,2014-08-08,2014-08-25,46239.0,47534.0,60,66101.13632699987,0.02379852413408501,10,time
090430,2014-08-12,2014-08-25,194049.0,232858.8,9,341101.2164157899,0.19508780975560946,8,target
043260,2014-08-13,2014-08-28,1270.0,1280.0,1412,6729.317366000032,0.003748291658254743,10,time
005490,2014-08-21,2014-09-04,347500.0,339500.0,5,-47002.7004999998,-0.027020835942375254,10,time
098460,2014-08-22,2014-09-05,5570.0,5480.0,358,-40297.07052099984,-0.020185338500786743,10,time
058610,2014-08-25,2014-09-11,7070.0,7160.0,348,21144.619721999392,0.008584243028072036,10,time
034220,2014-08-25,2014-09-11,31518.0,32535.0,78,69017.11171289999,0.028041698140712112,10,time
105560,2014-09-04,2014-09-15,43250.0,40222.5,39,-124637.05521637527,-0.07380694743940275,4,stop
006800,2014-08-28,2014-09-16,11485.0,11193.0,157,-53098.498434799956,-0.029413883718289235,10,time
032640,2014-09-05,2014-09-24,11950.0,12550.0,164,90078.25952000008,0.04591018217802656,10,time
005490,2014-09-11,2014-09-24,353000.0,328290.0,7,-182586.72799149947,-0.07380694743940241,9,stop
042700,2014-09-11,2014-09-25,3350.0,3240.0,748,-92306.70400599996,-0.03679489959995641,10,time
034220,2014-09-15,2014-09-29,32627.0,32628.0,49,-6503.0310530499555,-0.004062967871547363,10,time
005290,2014-09-16,2014-09-30,4040.0,3870.0,434,-80748.11282299994,-0.046000448895583856,10,time
005830,2014-09-25,2014-09-30,62300.0,57938.99999999999,39,-179534.9951440501,-0.07380694743940264,3,stop
180640,2014-09-24,2014-10-07,25334.0,23560.62,85,-159117.94180073473,-0.07380694743940241,8,stop
017670,2014-09-30,2014-10-07,51070.0,47495.1,38,-143398.93142208993,-0.07380694743940253,4,stop
028300,2014-09-24,2014-10-10,2484.0,2589.0,873,82507.68915434973,0.038004005453996514,10,time
003550,2014-09-29,2014-10-14,72266.0,67207.37999999999,22,-117477.08404319827,-0.07380694743940275,9,stop
047810,2014-09-30,2014-10-16,40650.0,39100.0,48,-82177.07291999971,-0.04206778676825873,10,time
000250,2014-11-11,2014-11-14,10300.0,10400.0,182,10463.859769999981,0.005575503354234623,3,time
028300,2014-11-18,2014-11-20,2817.0,3098.7000000000003,669,180178.361388135,0.0954971589426421,2,target
028300,2014-11-24,2014-11-25,2875.0,2788.75,668,-65315.7411992501,-0.03397068711421569,1,stop
028300,2014-11-27,2014-11-28,2819.0,3100.9,677,182462.41249868507,0.0954971589426421,1,target
028300,2015-03-11,2015-03-12,5012.0,5513.200000000001,388,185922.71646872023,0.09549715894264232,1,target
000990,2015-03-30,2015-04-02,6000.0,5820.0,330,-67339.3218299998,-0.03397068711421547,3,stop
010060,2015-04-02,2015-04-07,78353.0,83042.0,25,108851.75822374993,0.055506084618386575,3,time
039490,2015-04-07,2015-04-08,81200.0,78764.0,24,-66278.2173647997,-0.03397068711421547,1,stop
021240,2015-04-08,2015-04-09,101500.0,98455.0,19,-65587.81926725013,-0.03397068711421569,1,stop
028300,2015-04-07,2015-04-10,6562.0,7546.299999999999,303,289215.2713334544,0.14529248434912545,3,target
064760,2015-04-10,2015-04-13,14500.0,16675.0,160,337466.2546000001,0.1452924843491259,1,target
028300,2015-04-13,2015-04-14,7858.0,7622.26,338,-90330.05461503426,-0.03397068711421569,1,stop
196170,2015-04-14,2015-04-15,6376.0,6184.72,403,-87389.02673898824,-0.03397068711421569,1,stop
058470,2015-04-07,2015-04-16,8619.0,8870.0,230,49435.660339499824,0.024909006510060783,7,time
028050,2015-04-07,2015-04-16,26805.0,28987.0,74,152862.9176885998,0.07697601011583188,7,time
096770,2015-04-07,2015-04-16,102822.0,118245.29999999999,19,284172.4781806648,0.14529248434912567,7,target
064760,2015-04-15,2015-04-16,16650.0,16150.5,149,-84373.1093747248,-0.03397068711421547,1,stop
010170,2015-04-16,2015-04-17,1007.0,976.79,2186,-74865.74940556707,-0.03397068711421558,1,stop
051910,2015-04-16,2015-04-17,277000.0,268690.0,7,-65944.92173149996,-0.03397068711421558,1,stop
034020,2015-04-16,2015-04-17,24710.0,23968.7,89,-74793.9207956153,-0.03397068711421569,1,stop
009540,2015-04-09,2015-04-20,124452.0,129904.0,15,73888.47067500022,0.039535234725655455,7,time
016360,2015-04-16,2015-04-20,64697.0,62756.09,34,-74811.19775293348,-0.0339706871142158,2,stop
068270,2015-04-17,2015-04-20,65680.0,63709.6,32,-71480.35002496,-0.03397068711421558,1,stop
024110,2015-04-17,2015-04-20,15150.0,14695.5,140,-72134.69777849945,-0.03397068711421536,1,stop
005830,2015-04-20,2015-04-21,52700.0,51119.0,38,-68107.94237209996,-0.03397068711421558,1,stop
000100,2015-04-20,2015-04-22,31718.0,30766.46,64,-69038.17728659208,-0.03397068711421558,2,stop
128940,2015-04-21,2015-04-22,293880.0,285063.6,6,-59968.72696788004,-0.03397068711421558,1,stop
141080,2015-04-22,2015-04-23,13262.0,12864.14,147,-66302.500332369,-0.03397068711421558,1,stop
009830,2015-04-22,2015-04-23,22130.0,21466.1,88,-66231.96409324021,-0.03397068711421569,1,stop
064760,2015-04-20,2015-04-24,17400.0,16878.0,117,-69237.06635430013,-0.03397068711421569,4,stop
032820,2015-04-23,2015-04-24,705.0,683.85,2678,-64210.08395041502,-0.03397068711421558,1,stop
078600,2015-04-17,2015-04-27,6330.0,6140.099999999999,336,-72334.67515848018,-0.03397068711421569,6,stop
000990,2015-04-24,2015-04-27,7710.0,7478.7,245,-64242.73331857496,-0.03397068711421558,1,stop
039030,2015-04-24,2015-04-27,116900.0,113393.0,16,-63611.85229840013,-0.03397068711421569,1,stop
196170,2015-04-20,2015-04-28,6195.0,6009.15,330,-69527.84978947509,-0.03397068711421558,6,stop
009830,2015-04-27,2015-04-28,22613.0,21934.61,87,-66908.45219956362,-0.03397068711421569,1,stop
128940,2015-04-24,2015-04-30,274556.0,315739.39999999997,6,239620.82327057957,0.14529248434912567,4,target
078930,2015-04-27,2015-04-30,50100.0,48597.0,39,-66451.66713314992,-0.03397068711421558,3,stop
036570,2015-04-28,2015-04-30,212000.0,205640.0,9,-64890.61921800021,-0.03397068711421569,2,stop
066970,2015-04-28,2015-05-04,7981.0,7741.57,246,-66772.2431167711,-0.03397068711421569,3,stop
000990,2015-04-30,2015-05-04,8400.0,8148.0,225,-64278.44356499985,-0.03397068711421547,1,stop
095340,2015-04-30,2015-05-04,39459.0,38275.229999999996,47,-63073.57985062059,-0.03397068711421558,1,stop
067310,2015-04-30,2015-05-04,7325.0,7105.25,258,-64273.34210122493,-0.03397068711421558,1,stop
047810,2015-05-04,2015-05-06,65900.0,63923.0,28,-62754.8063842,-0.03397068711421558,1,stop
095610,2015-04-27,2015-05-07,10144.0,11665.599999999999,195,287730.7107323997,0.14529248434912567,6,target
000100,2015-05-06,2015-05-07,35457.0,34393.29,51,-61500.08436385938,-0.03397068711421547,1,stop
000990,2015-05-12,2015-05-13,10050.0,9748.5,189,-64599.83578282478,-0.03397068711421547,1,stop
080220,2015-05-12,2015-05-13,4555.0,4418.349999999999,418,-64754.24008641532,-0.0339706871142158,1,stop
095610,2015-05-11,2015-05-15,12426.0,14289.9,153,276544.57714996533,0.14529248434912612,4,target
000250,2015-05-13,2015-05-15,12600.0,12222.0,147,-62992.87469369988,-0.03397068711421547,2,stop
028300,2015-05-12,2015-05-18,8991.0,10339.65,212,277259.36558751017,0.1452924843491259,4,target
036930,2015-05-13,2015-05-18,6740.0,6537.8,276,-63266.31315204012,-0.03397068711421569,3,stop
000990,2015-05-15,2015-05-18,11800.0,11446.0,168,-67420.94525040011,-0.03397068711421569,1,stop
007660,2015-05-15,2015-05-19,5811.0,5636.67,342,-67589.70167207695,-0.03397068711421558,2,stop
084370,2015-05-18,2015-05-19,18216.0,17669.52,108,-66908.350170288,-0.03397068711421558,1,stop
095610,2015-05-18,2015-05-19,14487.0,14052.39,135,-66514.41513758269,-0.03397068711421569,1,stop
039030,2015-05-18,2015-05-19,112300.0,108931.0,17,-64928.029952350305,-0.03397068711421569,1,stop
090430,2015-05-19,2015-05-20,443000.0,429710.0,4,-60265.29206200014,-0.03397068711421569,1,stop
058470,2015-05-20,2015-05-21,10672.0,10351.84,177,-64242.52926002396,-0.03397068711421558,1,stop
005290,2015-05-13,2015-05-22,5850.0,6160.0,318,90665.49977100012,0.04868104103911053,7,time
009830,2015-05-20,2015-05-22,22552.0,25934.8,83,272273.59259498003,0.1452924843491259,2,target
028300,2015-05-21,2015-05-22,11676.0,11325.72,160,-63535.6704393602,-0.03397068711421569,1,stop
141080,2015-05-21,2015-05-22,12561.0,12184.17,149,-63652.28990125633,-0.03397068711421547,1,stop
035720,2015-05-20,2015-05-27,22981.0,22291.57,82,-64089.417327257106,-0.03397068711421569,4,stop
009830,2015-05-26,2015-05-27,24185.0,23459.45,79,-64979.55473647732,-0.03397068711421547,1,stop
028260,2015-05-27,2015-05-28,198000.0,192060.0,9,-60605.389647,-0.03397068711421558,1,stop
010170,2015-05-27,2015-05-28,1113.0,1079.61,1702,-64425.56978027127,-0.03397068711421569,1,stop
064760,2015-05-29,2015-06-01,21700.0,21049.0,90,-66421.05835049972,-0.03397068711421547,1,stop
058610,2015-05-29,2015-06-02,6680.0,6479.599999999999,293,-66565.25972654019,-0.03397068711421569,2,stop
086280,2015-06-01,2015-06-02,126049.0,122267.53,15,-64303.44073749753,-0.03397068711421558,1,stop
018260,2015-05-28,2015-06-03,320000.0,310400.0,5,-54415.61360000004,-0.03397068711421558,4,stop
028260,2015-06-01,2015-06-03,188000.0,182360.0,10,-63938.34597999975,-0.03397068711421547,2,stop
028300,2015-06-02,2015-06-03,12812.0,12427.64,148,-64488.48783349595,-0.03397068711421558,1,stop
034730,2015-06-02,2015-06-03,287000.0,278390.0,6,-58564.804137000116,-0.03397068711421569,1,stop
196170,2015-06-03,2015-06-04,6042.0,5860.74,291,-59796.70560938702,-0.03397068711421558,1,stop
003670,2015-06-03,2015-06-04,11280.0,10941.6,156,-59846.29183727992,-0.03397068711421558,1,stop
064760,2015-06-03,2015-06-04,19800.0,22770.0,88,253448.79397199978,0.14529248434912567,1,target
080220,2015-05-28,2015-06-05,4740.0,5451.0,394,271654.5165692996,0.14529248434912567,6,target
141080,2015-06-05,2015-06-10,12936.0,12547.92,148,-65112.63492148789,-0.03397068711421558,3,stop
034730,2015-06-05,2015-06-10,272000.0,263840.0,7,-64754.58018400008,-0.03397068711421558,3,stop
012450,2015-06-03,2015-06-11,30558.0,35141.7,57,253362.3909740548,0.14529248434912567,6,target
064760,2015-06-10,2015-06-11,24900.0,23157.0,74,-136153.09793490008,-0.07380694743940264,1,stop
005290,2015-06-04,2015-06-16,6680.0,6212.4,271,-133764.9137792203,-0.07380694743940275,8,stop
096770,2015-06-11,2015-06-16,125453.0,116671.29,14,-129779.33590208297,-0.07380694743940253,3,stop
080220,2015-06-16,2015-06-17,9000.0,8370.0,189,-125690.01388650015,-0.07380694743940264,1,stop
082920,2015-06-08,2015-06-18,4630.0,5556.0,420,379804.08467400004,0.1950878097556097,8,target
095340,2015-06-16,2015-06-22,41261.0,38372.729999999996,41,-125002.89369888697,-0.07380694743940286,4,stop
009830,2015-06-10,2015-06-24,25273.0,23642.0,72,-124543.11881159991,-0.06836459204677836,10,time
138040,2015-06-11,2015-06-25,14300.0,15500.0,130,147921.55040000007,0.07947908223845856,10,time
080220,2015-06-24,2015-06-25,9840.0,9151.199999999999,172,-125060.45543952007,-0.07380694743940264,1,stop
196170,2015-06-25,2015-06-26,6758.0,8109.599999999999,264,348458.8219252799,0.19508780975560946,1,target
005290,2015-06-18,2015-06-29,7230.0,6723.9,322,-172024.62888218975,-0.07380694743940253,7,stop
000100,2015-06-26,2015-06-30,40745.0,37892.85,56,-168600.4811787801,-0.07380694743940264,2,stop
141080,2015-06-17,2015-07-01,17516.0,18867.0,91,116046.21330575016,0.07272026084052152,10,time
000880,2015-06-22,2015-07-06,44796.0,47374.0,35,83538.59359649988,0.05322070979853577,10,time
090430,2015-06-29,2015-07-07,412000.0,383160.0,5,-152217.18318999978,-0.07380694743940241,6,stop
141080,2015-07-06,2015-07-07,20568.0,19128.239999999998,80,-121584.58345055999,-0.07380694743940253,1,stop
000250,2015-07-07,2015-07-08,13500.0,12555.0,127,-126687.55367925018,-0.07380694743940264,1,stop
034730,2015-06-25,2015-07-09,269000.0,287000.0,6,101067.11580000003,0.06254709231679034,10,time
047810,2015-06-30,2015-07-09,79700.0,74121.0,28,-164897.02233339986,-0.07380694743940253,7,stop
138040,2015-07-01,2015-07-15,15600.0,16650.0,110,108126.98902499978,0.0629386769460949,10,time
078930,2015-07-07,2015-07-21,49600.0,48800.0,34,-34031.01752000023,-0.020156500065965366,10,time
000990,2015-07-08,2015-07-22,16250.0,17000.0,100,68119.32125000004,0.04187142388950571,10,time
036570,2015-07-09,2015-07-23,212000.0,230000.0,8,136624.9336000001,0.08046460787653387,10,time
015760,2015-07-10,2015-07-24,48100.0,48150.0,43,-6332.645367499907,-0.0030582460198786965,10,time
009830,2015-07-15,2015-07-29,25394.0,23944.0,72,-111585.24131759978,-0.06095985545180227,10,time
000100,2015-07-30,2015-07-31,39757.0,36974.009999999995,47,-138072.7339553337,-0.07380694743940264,1,stop
047810,2015-07-21,2015-08-04,87800.0,96300.0,18,146072.15306999977,0.09232114729940388,10,time
021240,2015-07-22,2015-08-05,99000.0,99500.0,17,1577.670974999899,0.0009363389788143994,10,time
095340,2015-07-30,2015-08-05,41032.0,38159.759999999995,45,-136436.8425870603,-0.07380694743940275,4,stop
033780,2015-07-24,2015-08-07,103000.0,111500.0,19,153003.71252500033,0.07809296753843431,10,time
032640,2015-08-06,2015-08-07,12350.0,11485.5,144,-131409.2420316001,-0.07380694743940264,1,stop
021240,2015-08-07,2015-08-10,104500.0,97185.0,18,-138990.5444565001,-0.07380694743940264,1,stop
034730,2015-08-03,2015-08-18,308500.0,286905.0,5,-113978.15780125023,-0.07380694743940275,10,stop
047810,2015-08-06,2015-08-19,102000.0,94860.0,17,-128128.44449100015,-0.07380694743940264,8,stop
214150,2015-08-05,2015-08-20,4500.0,4460.0,395,-23037.971309999935,-0.012945994164811347,10,time
015760,2015-08-07,2015-08-24,51100.0,47523.0,37,-139707.29527055006,-0.07380694743940264,10,stop
047810,2015-08-21,2015-08-25,82100.0,90310.00000000001,20,156986.68579000048,0.09549715894264232,2,target
066970,2015-11-06,2015-11-09,8390.0,8138.3,202,-57639.05851062969,-0.03397068711421536,1,stop
032820,2015-11-10,2015-11-13,666.0,646.02,2529,-57283.112378169084,-0.03397068711421558,3,stop
066970,2015-11-11,2015-11-16,8204.0,8511.0,205,55857.02974924981,0.03317409686636519,3,time
128940,2015-12-14,2015-12-17,523354.0,525776.0,3,810.1513803000562,0.0005154068152490865,3,time
087010,2015-12-14,2015-12-17,25849.0,26080.0,65,8085.000862249872,0.004806442493787477,3,time
028050,2016-01-25,2016-01-26,10850.0,10524.5,155,-57195.91135737463,-0.03397068711421536,1,stop
028050,2016-01-28,2016-01-29,11000.0,12100.000000000002,152,159854.89564000047,0.09549715894264232,1,target
196170,2016-02-04,2016-02-05,5561.0,5394.17,306,-57873.24970766087,-0.03397068711421547,1,stop
068270,2016-02-15,2016-02-18,75858.0,78634.0,22,54052.569067199714,0.03235139814217125,3,time
042660,2016-04-05,2016-04-06,21766.0,21113.02,78,-57739.99947385816,-0.03397068711421569,1,stop
001440,2016-04-11,2016-04-12,29822.0,28927.34,56,-56797.38500727201,-0.03397068711421558,1,stop
001440,2016-04-14,2016-04-18,28687.0,27826.39,58,-56587.00064119091,-0.03397068711421558,2,stop
086520,2016-04-29,2016-05-02,1916.0,1858.52,872,-56821.87203339231,-0.0339706871142158,1,stop
058610,2016-05-02,2016-05-03,6160.0,5975.2,269,-56355.530224839924,-0.03397068711421558,1,stop
032820,2016-05-02,2016-05-03,770.0,746.9,2156,-56460.280281020096,-0.03397068711421569,1,stop
010060,2016-05-04,2016-05-09,94564.0,91727.08,17,-54673.67964749783,-0.03397068711421547,1,stop
028300,2016-05-11,2016-05-13,7956.0,7717.32,204,-55198.65427970397,-0.03397068711421558,2,stop
010170,2016-05-17,2016-05-18,1331.0,1237.83,1214,-119396.94173914101,-0.07380694743940264,1,stop
012450,2016-05-03,2016-05-19,44819.0,45431.0,36,15354.668433600105,0.009505534948107908,10,time
095610,2016-05-17,2016-05-19,13900.0,12927.0,116,-119143.19717259984,-0.07380694743940253,2,stop
006260,2016-05-18,2016-06-01,53800.0,57500.0,29,100589.66259500012,0.06439821965532144,10,time
145020,2016-05-18,2016-06-01,112261.0,115365.0,14,36886.93711639987,0.023443175371499425,10,time
043260,2016-05-30,2016-06-03,1175.0,1092.75,1340,-116342.69656924997,-0.07380694743940253,4,stop
064760,2016-05-30,2016-06-03,42650.0,39664.5,36,-113453.5257621,-0.07380694743940253,4,stop
033780,2016-05-30,2016-06-14,125500.0,127000.0,12,11775.045900000026,0.007809773167081202,10,time
015760,2016-06-01,2016-06-15,62300.0,57938.99999999999,27,-124293.4581766501,-0.07380694743940264,9,stop
047050,2016-06-14,2016-06-15,26750.0,24877.5,58,-114643.18432974978,-0.07380694743940241,1,stop
035420,2016-06-01,2016-06-16,140198.0,140399.0,12,-4489.824019800406,-0.0026656740117679822,10,time
141080,2016-06-15,2016-06-17,20168.0,18756.239999999998,74,-110278.54133136803,-0.07380694743940264,2,stop
030200,2016-06-03,2016-06-20,31100.0,29900.0,46,-60900.152560000075,-0.04252075263417132,10,time
005930,2016-06-03,2016-06-20,27400.0,28620.0,52,57413.86034800019,0.04024979060844136,10,time
039490,2016-06-21,2016-06-24,74500.0,69285.0,19,-104593.89456574991,-0.07380694743940253,3,stop
005290,2016-06-15,2016-06-29,7930.0,9516.0,189,292728.0510062999,0.19508780975560946,10,target
012330,2016-06-16,2016-06-30,264000.0,252000.0,6,-78279.2892,-0.049361969512583315,10,time
010170,2016-07-01,2016-07-06,1438.0,1337.34,1079,-114650.72129707318,-0.07380694743940264,3,stop
035420,2016-06-23,2016-07-07,146808.0,150813.0,9,30523.90062734997,0.023075365174654028,10,time
033780,2016-07-01,2016-07-12,137500.0,127874.99999999999,11,-111761.40270625008,-0.07380694743940264,7,stop
066970,2016-07-08,2016-07-14,9965.0,11958.0,140,272480.03626900003,0.1950878097556097,4,target
034220,2016-07-01,2016-07-15,24493.0,26712.0,63,133061.10706035,0.08613296228146283,10,time
214370,2016-07-04,2016-07-18,20304.0,21952.0,78,121674.67734239995,0.07674052730804859,10,time
145020,2016-07-12,2016-07-18,125424.0,116644.31999999999,11,-101945.906712936,-0.07380694743940253,4,stop
012450,2016-07-06,2016-07-20,51951.0,55312.0,27,84731.02242524992,0.06033725583085148,10,time
066970,2016-07-18,2016-07-21,13164.0,12242.519999999999,113,-109916.47133251792,-0.07380694743940253,3,stop
036570,2016-07-14,2016-07-28,255500.0,269000.0,6,74478.66735,0.04852779133809193,10,time
036930,2016-07-15,2016-07-29,9670.0,11050.0,190,253897.39843000006,0.13803173886586406,10,time
010130,2016-07-18,2016-08-01,543000.0,526000.0,2,-38350.4114999997,-0.035272885310848934,10,time
034220,2016-07-20,2016-08-03,27451.0,28330.0,69,52709.71933365008,0.027796123103482007,10,time
084370,2016-07-21,2016-08-04,18700.0,20050.0,73,92665.01685250015,0.0678035020320844,10,time
240810,2016-08-03,2016-08-09,25750.0,23947.5,76,-144606.32403049967,-0.07380694743940241,4,stop
064350,2016-07-28,2016-08-11,21350.0,22750.0,76,99436.58816000004,0.06121185292506315,10,time
009540,2016-07-29,2016-08-12,114459.0,126724.0,18,211675.79327309993,0.10262413909107093,10,time
030200,2016-08-01,2016-08-16,32200.0,32550.0,33,7161.202702500159,0.006731578870214694,10,time
012450,2016-08-04,2016-08-19,59997.0,59591.0,24,-15616.387130399933,-0.010832796207219664,10,time
034220,2016-08-09,2016-08-24,27960.0,29023.0,65,61443.23580524977,0.0337694773049908,10,time
141080,2016-08-24,2016-08-25,24497.0,22782.21,78,-141190.00886175898,-0.07380694743940253,1,stop
031980,2016-08-11,2016-08-26,12035.0,12247.0,144,23335.657401600154,0.013449688829590967,10,time
015760,2016-08-12,2016-08-29,60600.0,58100.0,37,-101416.289415,-0.04517874385587295,10,time
010170,2016-08-17,2016-08-30,1364.0,1268.52,812,-81840.23356863216,-0.07380694743940275,9,stop
145020,2016-08-19,2016-09-02,138110.0,152092.0,10,133747.77962900023,0.09673023412105208,10,time
003490,2016-09-02,2016-09-06,21274.0,19784.82,72,-113182.19493847224,-0.07380694743940275,2,stop
006260,2016-08-25,2016-09-08,61700.0,61800.0,28,-4288.304860000033,-0.00247938083607957,10,time
066970,2016-08-26,2016-09-09,14509.0,15390.0,124,101548.80603460013,0.056378879324260334,10,time
012330,2016-08-29,2016-09-12,255000.0,279500.0,8,187061.85419999994,0.09159164322448654,10,time
105560,2016-08-30,2016-09-13,38550.0,38350.0,29,-10364.483999999939,-0.009260322003293742,10,time
009540,2016-09-09,2016-09-13,127631.0,118696.82999999999,15,-141463.3347649728,-0.07380694743940275,2,stop
005490,2016-09-08,2016-09-19,237000.0,220409.99999999997,7,-122586.55675350013,-0.07380694743940264,4,stop
034020,2016-09-06,2016-09-21,22605.0,21022.649999999998,62,-103560.14777311473,-0.07380694743940241,8,stop
003230,2016-09-19,2016-09-21,29650.0,35580.0,56,324296.3602759999,0.19508780975560946,2,target
010170,2016-09-13,2016-09-26,1429.0,1714.8,1207,336875.05124856974,0.19508780975560946,6,target
084370,2016-09-21,2016-09-28,21300.0,19809.0,77,-121190.00104365009,-0.07380694743940264,5,stop
030200,2016-09-19,2016-10-04,31100.0,32150.0,53,48730.87795749982,0.029530361298039765,10,time
105560,2016-09-19,2016-10-04,37550.0,38400.0,44,30518.69689000002,0.01845033055071932,10,time
161390,2016-09-21,2016-10-06,59300.0,59100.0,27,-11945.708549999865,-0.007452367108536695,10,time
010170,2016-09-28,2016-10-07,1619.0,1505.6699999999998,942,-112692.29206247721,-0.07380694743940275,6,stop
098460,2016-09-26,2016-10-11,8960.0,9030.0,237,7838.482186499983,0.0036870277244376304,10,time
036570,2016-10-06,2016-10-12,303000.0,281790.0,5,-111946.13229750004,-0.07380694743940264,4,stop
028260,2016-10-07,2016-10-12,166500.0,154845.0,9,-110726.91699524992,-0.07380694743940253,3,stop
066970,2016-10-04,2016-10-13,17522.0,16295.46,96,-124294.34487868776,-0.07380694743940241,7,stop
237690,2016-10-04,2016-10-17,56200.0,52266.0,30,-124581.63633899996,-0.07380694743940253,9,stop
030200,2016-10-11,2016-10-25,31600.0,32300.0,67,38085.0274149999,0.017967728246471193,10,time
000720,2016-10-12,2016-10-26,41691.0,41108.0,33,-24820.598320649937,-0.01802008260308774,10,time
009540,2016-10-12,2016-10-26,138078.0,134445.0,10,-41881.609939500224,-0.0302970025239786,10,time
086790,2016-10-13,2016-10-27,30700.0,32150.0,52,68635.35054999986,0.04294443766674383,10,time
131970,2016-10-17,2016-10-31,5887.0,5711.0,267,-53295.134842200205,-0.033867493132568205,10,time
012450,2016-10-26,2016-11-01,66212.0,61577.159999999996,21,-102743.05184509815,-0.07380694743940264,4,stop
095610,2016-10-31,2016-11-04,22050.0,20506.5,69,-112422.73464292474,-0.07380694743940241,4,stop
005490,2016-10-25,2016-11-08,247000.0,242500.0,8,-43991.91339999996,-0.02223753756499547,10,time
032640,2016-10-26,2016-11-09,12050.0,11700.0,119,-47403.827607500134,-0.0330202369197351,10,time
030200,2016-10-27,2016-11-10,32000.0,32250.0,53,6260.391137500061,0.0036870277244378524,10,time
003230,2016-11-08,2016-11-11,47050.0,56460.0,35,321630.3488825003,0.1950878097556097,3,target
095610,2016-11-09,2016-11-11,22450.0,20878.5,63,-104508.91895377473,-0.07380694743940241,2,stop
055550,2016-11-01,2016-11-15,44500.0,45150.0,29,13505.702157499967,0.010453457124827148,10,time
086790,2016-11-11,2016-11-17,35000.0,32549.999999999996,47,-121552.07104249997,-0.07380694743940253,4,stop
222800,2016-11-08,2016-11-22,9894.0,10465.0,169,89361.97327784984,0.05338201006438692,10,time
005490,2016-11-11,2016-11-25,244500.0,263500.0,6,107651.86290000007,0.07329801591889273,10,time
005940,2016-11-11,2016-11-25,10400.0,9910.0,159,-84457.10094449995,-0.05101601004181955,10,time
005490,2016-12-09,2016-12-19,278000.0,258539.99999999997,5,-102709.65273500024,-0.07380694743940275,6,stop
047050,2016-12-09,2016-12-23,27650.0,28100.0,57,19115.414407500066,0.012114751480790664,10,time
017670,2016-12-09,2016-12-23,39942.0,39770.0,39,-13072.146352199838,-0.008382108349177186,10,time
082920,2016-12-09,2016-12-23,6285.0,6237.0,253,-18624.767191800056,-0.01169946042883363,10,time
000660,2016-12-09,2016-12-23,46450.0,46300.0,34,-11557.252205000026,-0.007309551638235989,10,time
036930,2016-12-23,2016-12-26,10900.0,10137.0,144,-115980.62657040008,-0.07380694743940264,1,stop
034220,2016-12-19,2017-01-03,28838.0,29346.0,53,20580.8804469998,0.013450044648499526,10,time
240810,2016-12-23,2017-01-09,25600.0,25600.0,61,-6399.7491199998185,-0.004093491870325261,10,time
098460,2016-12-23,2017-01-09,9070.0,8870.0,173,-40928.52407200029,-0.026053944089281966,10,time
000660,2016-12-26,2017-01-10,46200.0,49750.0,33,110556.52022249997,0.07243179176301551,10,time
214150,2016-12-26,2017-01-10,3960.0,3930.0,385,-17764.065742500126,-0.011638238144035085,10,time
036930,2017-02-02,2017-02-07,11700.0,10881.0,132,-114118.55229060003,-0.07380694743940264,3,stop
028050,2017-02-02,2017-02-16,12750.0,12400.0,121,-48547.648132500006,-0.03143210189741441,10,time
000720,2017-02-02,2017-02-16,43200.0,44951.0,35,54907.85035574995,0.036272996456875095,10,time
000250,2017-02-02,2017-02-16,12750.0,13950.0,121,138449.44508999982,0.08963888536540865,10,time
086790,2017-02-02,2017-02-16,35350.0,35750.0,43,10919.824630000163,0.0071756058171392745,10,time
006260,2017-02-07,2017-02-21,62900.0,69400.0,24,149353.4614800003,0.09882212502701804,10,time
009830,2017-02-16,2017-02-23,33799.0,31433.07,46,-114883.62836572086,-0.07380694743940253,5,stop
131970,2017-02-21,2017-03-02,7799.0,7253.07,224,-129087.26496142405,-0.07380694743940264,6,stop
003670,2017-02-16,2017-03-03,11826.0,12099.0,133,29756.07259694999,0.018896739545149144,10,time
241560,2017-02-16,2017-03-03,35850.0,35950.0,43,-2030.2568249998149,-0.0013155099787500735,10,time
161390,2017-02-16,2017-03-03,61800.0,57473.99999999999,25,-114162.88739250018,-0.07380694743940275,10,stop
011070,2017-02-23,2017-03-10,120500.0,126500.0,11,60373.26460000011,0.045495213928662626,10,time
009540,2017-03-02,2017-03-16,151705.0,161244.0,11,97780.7723205497,0.05852772813592977,10,time
010140,2017-03-03,2017-03-17,9412.0,10204.0,164,123179.23330400023,0.07970994570284762,10,time
098460,2017-03-03,2017-03-17,9990.0,10140.0,154,16726.983273000224,0.01086005930279299,10,time
028050,2017-03-03,2017-03-17,12550.0,12900.0,123,36596.900017499924,0.023680793216956264,10,time
105560,2017-03-10,2017-03-24,48700.0,50200.0,28,36287.87638000026,0.02658124657309391,10,time
017670,2017-03-16,2017-03-30,44428.0,44083.0,40,-21042.31009399984,-0.011827077566389343,10,time
066570,2017-03-24,2017-03-30,73000.0,67890.0,19,-102487.9772254997,-0.0738069474394023,4,stop
009150,2017-03-17,2017-03-31,63900.0,69500.0,25,133040.39850000013,0.08318469976545217,10,time
003670,2017-03-17,2017-03-31,12690.0,13964.0,126,153497.99131380022,0.0958895570939935,10,time
241560,2017-03-17,2017-03-31,38250.0,36700.0,42,-71491.84024499985,-0.04445048762459969,10,time
011070,2017-03-31,2017-04-11,139500.0,129734.99999999999,12,-123694.93430100009,-0.07380694743940264,7,stop
042700,2017-03-31,2017-04-12,3400.0,3162.0,502,-126118.5865381998,-0.07380694743940241,8,stop
034730,2017-03-30,2017-04-13,242000.0,234500.0,6,-50817.92414999986,-0.03495836299004662,10,time
240810,2017-03-30,2017-04-13,25400.0,25600.0,60,5718.96660000016,0.0037482916582549652,10,time
078930,2017-04-03,2017-04-17,58700.0,57300.0,29,-47456.675030000275,-0.027845946919414888,10,time
000990,2017-04-11,2017-04-25,20850.0,21800.0,76,65493.14306999999,0.04128354327227379,10,time
030200,2017-04-12,2017-04-26,31350.0,31200.0,50,-13901.81812499999,-0.0088585947800367,10,time
028050,2017-04-13,2017-04-27,12950.0,12450.0,113,-62330.53614500025,-0.042545480601201,10,time
214150,2017-04-13,2017-04-27,4010.0,4010.0,367,-6031.197994000046,-0.004093491870325372,10,time
036570,2017-04-17,2017-05-02,363500.0,371000.0,4,23952.775700000115,0.016454785463849486,10,time
000880,2017-04-25,2017-05-15,39200.0,42650.0,47,154121.45001249993,0.08355644315639332,10,time
055550,2017-04-26,2017-05-16,48800.0,49900.0,32,28696.47952000005,0.018355220403089456,10,time
128940,2017-05-15,2017-05-16,331980.0,322020.6,6,-67743.35776098003,-0.03397068711421558,1,stop
241560,2017-04-27,2017-05-17,39350.0,38800.0,36,-25547.138730000006,-0.018013404944564715,10,time
000660,2017-04-27,2017-05-17,53800.0,54700.0,26,17598.453470000066,0.012566654176453751,10,time
066570,2017-05-16,2017-05-18,81400.0,78958.0,21,-58136.28117990005,-0.03397068711421558,2,stop
005930,2017-05-02,2017-05-19,45500.0,44720.0,33,-31817.56449299981,-0.02116617486683392,10,time
031980,2017-05-17,2017-05-22,13476.0,15497.4,106,207782.62766418024,0.14529248434912612,3,target
131970,2017-05-16,2017-05-25,8805.0,9233.0,202,78912.02388719982,0.044316273658294714,7,time
009830,2017-05-17,2017-05-26,34888.0,35372.0,41,13923.400830199942,0.00972268417687605,7,time
010140,2017-05-26,2017-05-29,10495.0,10180.15,140,-49970.538164050085,-0.03397068711421569,1,stop
005290,2017-05-19,2017-05-30,11650.0,13350.0,134,220730.73419,0.14123192133314655,7,time
012330,2017-05-22,2017-05-31,277000.0,274500.0,5,-18139.156374999788,-0.013081817755972058,7,time
032640,2017-05-23,2017-06-01,14700.0,16200.0,124,177981.46374000004,0.09752962120413122,7,time
078600,2017-05-31,2017-06-01,5910.0,5732.7,233,-46832.457747254986,-0.03397068711421558,1,stop
214450,2017-05-25,2017-06-05,39150.0,40450.0,47,53378.981235000305,0.028976200609076574,7,time
222800,2017-06-01,2017-06-05,10370.0,10058.9,160,-56428.991303200135,-0.03397068711421569,2,stop
084370,2017-05-29,2017-06-08,18950.0,19500.0,74,34833.108504999895,0.02481144636035104,7,time
141080,2017-05-30,2017-06-09,16415.0,17966.0,109,161227.96273804992,0.09000647731085798,7,time
131970,2017-06-01,2017-06-12,10491.0,10176.27,158,-56373.82747491263,-0.03397068711421536,6,stop
145020,2017-06-08,2017-06-12,175110.0,169856.69999999998,8,-47643.59048748016,-0.03397068711421569,2,stop
042700,2017-06-09,2017-06-12,4480.0,4345.599999999999,447,-68106.58198176022,-0.03397068711421569,1,stop
011070,2017-06-12,2017-06-13,151000.0,146470.0,10,-51354.73533499986,-0.03397068711421547,1,stop
000990,2017-06-12,2017-06-13,22500.0,21825.0,72,-55095.808770000236,-0.03397068711421569,1,stop
035420,2017-06-12,2017-06-13,185463.0,179899.11,8,-50460.414725484094,-0.03397068711421569,1,stop
036930,2017-06-05,2017-06-15,12100.0,12400.0,145,36181.467925000004,0.020598405025451738,7,time
034220,2017-06-05,2017-06-15,31010.0,35262.0,56,230293.26372639975,0.13246227957654244,7,time
010170,2017-06-13,2017-06-15,2520.0,2444.4,626,-53651.07422891981,-0.03397068711421547,2,stop
005290,2017-06-14,2017-06-15,15150.0,14695.5,104,-53585.77549259993,-0.03397068711421558,1,stop
128940,2017-06-15,2017-06-16,374956.0,363707.32,4,-51008.65203250386,-0.03397068711421547,1,stop
010140,2017-06-15,2017-06-20,11242.0,10904.74,152,-58115.33116866392,-0.03397068711421558,3,stop
039030,2017-06-15,2017-06-21,97400.0,94478.0,17,-56313.35812430037,-0.0339706871142158,4,stop
028300,2017-06-20,2017-06-21,6383.0,6191.51,264,-57310.25216545188,-0.03397068711421547,1,stop
078600,2017-06-20,2017-06-21,6300.0,6111.0,268,-57422.076251399936,-0.03397068711421558,1,stop
267270,2017-06-14,2017-06-22,79697.0,77306.09,19,-51499.038740315475,-0.03397068711421558,6,stop
009150,2017-06-21,2017-06-26,93200.0,107179.99999999999,17,230466.17835699976,0.14529248434912567,3,target
087010,2017-06-23,2017-06-26,24604.0,23865.88,63,-52716.89418244222,-0.03397068711421569,1,stop
086520,2017-06-16,2017-06-27,2373.0,2640.0,728,186723.14901240007,0.1079617283869958,7,time
031980,2017-06-26,2017-06-29,16824.0,16319.279999999999,98,-56073.65734639205,-0.03397068711421558,3,stop
006400,2017-06-27,2017-06-29,169861.0,164765.16999999998,10,-57769.31588568515,-0.03397068711421569,2,stop
068270,2017-06-21,2017-06-30,89901.0,90453.0,18,3274.9271676000208,0.0020214611612046074,7,time
018260,2017-06-29,2017-06-30,189000.0,183330.0,9,-57850.5992085,-0.03397068711421558,1,stop
064760,2017-06-29,2017-07-03,43300.0,42001.0,40,-58904.90172199975,-0.03397068711421547,2,stop
078600,2017-06-23,2017-07-04,6380.0,6480.0,244,17948.317676000297,0.011516328006315524,7,time
145020,2017-07-04,2017-07-05,198265.0,192317.05,8,-53943.55815202044,-0.033970687114215914,1,stop
207940,2017-06-27,2017-07-06,399992.0,421082.0,4,77554.31364439987,0.04841672897522864,7,time
218410,2017-07-05,2017-07-06,11242.0,10904.74,143,-54674.291823151056,-0.03397068711421558,1,stop
006800,2017-06-30,2017-07-10,10706.0,10384.82,157,-57165.030496656895,-0.03397068711421558,6,stop
064760,2017-07-10,2017-07-11,49700.0,48209.0,32,-54089.11991840019,-0.03397068711421569,1,stop
267270,2017-07-10,2017-07-11,87771.0,85137.87,18,-53731.26923946291,-0.03397068711421558,1,stop
095610,2017-07-11,2017-07-12,30950.0,30021.5,51,-53682.703304325,-0.03397068711421558,1,stop
047040,2017-07-04,2017-07-13,7810.0,7575.7,210,-55779.404915850144,-0.03397068711421569,7,stop
086520,2017-07-11,2017-07-17,2823.0,3246.45,564,231596.69030990987,0.14529248434912567,4,target
064760,2017-07-13,2017-07-17,52200.0,50634.0,30,-53259.28181100008,-0.03397068711421569,2,stop
003670,2017-07-12,2017-07-21,14964.0,17208.6,105,228549.0209278497,0.14529248434912567,7,target
066970,2017-07-14,2017-07-24,22158.0,25481.699999999997,71,228839.64919366478,0.14529248434912567,6,target
036930,2017-07-24,2017-07-25,17600.0,17072.0,102,-61054.318459199974,-0.03397068711421558,1,stop
031980,2017-07-17,2017-07-26,17968.0,18265.0,91,20246.405411049956,0.012368230798558866,7,time
051910,2017-07-17,2017-07-26,322000.0,326500.0,5,15835.566875000019,0.009824456224654554,7,time
086520,2017-07-25,2017-07-26,4081.0,3958.5699999999997,427,-59264.96303523937,-0.03397068711421547,1,stop
005290,2017-07-18,2017-07-27,16700.0,17000.0,101,23298.240145000163,0.013797044203860631,7,time
078600,2017-07-26,2017-07-27,8570.0,8312.9,193,-56252.48065658519,-0.03397068711421569,1,stop
207940,2017-07-26,2017-07-27,425446.0,412682.62,3,-43407.947144372854,-0.03397068711421547,1,stop
066970,2017-07-27,2017-07-28,25032.0,24281.04,65,-55336.597860180074,-0.03397068711421558,1,stop
010170,2017-07-21,2017-07-31,3153.0,3058.41,572,-61337.143610886065,-0.03397068711421558,6,stop
003670,2017-07-26,2017-07-31,18786.0,18222.42,88,-56223.844439927954,-0.03397068711421558,3,stop
095340,2017-07-28,2017-07-31,26097.0,25314.09,63,-55915.81805719342,-0.03397068711421558,1,stop
035720,2017-08-01,2017-08-02,24385.0,23653.45,67,-55564.97338850773,-0.03397068711421569,1,stop
003230,2017-08-02,2017-08-03,52700.0,51119.0,30,-53769.428188499995,-0.03397068711421558,1,stop
010950,2017-07-27,2017-08-04,115000.0,111550.0,14,-54755.711184999906,-0.03397068711421558,6,stop
079550,2017-07-27,2017-08-07,80100.0,80400.0,20,-583.0046999999322,-0.0003635049484913555,7,time
087010,2017-08-08,2017-08-09,21770.0,21116.899999999998,73,-54048.64830578538,-0.0339706871142158,1,stop
267270,2017-08-02,2017-08-10,94230.0,91403.09999999999,17,-54480.57223873492,-0.03397068711421558,6,stop
180640,2017-08-09,2017-08-10,25950.0,25171.5,61,-53835.747217574855,-0.03397068711421547,1,stop
267250,2017-08-02,2017-08-11,92000.0,95500.0,17,52915.006225000136,0.03379425572156447,7,time
001440,2017-08-10,2017-08-11,11754.0,11401.38,133,-53166.84328739694,-0.03397068711421558,1,stop
055550,2017-08-11,2017-08-28,53800.0,53400.0,29,-17959.81426000013,-0.011498001224449439,10,time
096770,2017-08-11,2017-08-28,166779.0,180555.0,9,117467.04568860005,0.07816871174040751,10,time
009830,2017-08-11,2017-08-28,39604.0,42326.0,39,99515.14150889986,0.06435559193759732,10,time
005830,2017-08-11,2017-08-28,79300.0,78100.0,19,-28907.54240000015,-0.019163956053876663,10,time
138040,2017-08-11,2017-08-28,15350.0,15850.0,101,43997.47910499992,0.02834645953454995,10,time
031980,2017-08-28,2017-09-05,20426.0,18996.18,78,-117726.54288322199,-0.07380694743940253,6,stop
010170,2017-08-28,2017-09-11,3626.0,3659.0,443,7992.890029449947,0.004970191187666728,10,time
007660,2017-08-28,2017-09-11,4332.0,4420.0,371,25965.239773199894,0.01613729592178248,10,time
178320,2017-08-28,2017-09-11,9403.0,9611.0,170,28704.743269999977,0.017936557442763235,10,time
066970,2017-08-28,2017-09-11,33190.0,38013.0,48,224292.59024880012,0.1406265168283618,10,time
036570,2017-09-05,2017-09-19,412000.0,458500.0,3,134023.37182500004,0.10830857761518398,10,time
086520,2017-09-12,2017-09-20,4729.0,4397.969999999999,399,-139424.36342859175,-0.07380694743940275,6,stop
005290,2017-09-20,2017-09-21,19850.0,18460.5,90,-132007.76590724988,-0.07380694743940253,1,stop
095610,2017-09-11,2017-09-25,32300.0,31600.0,53,-44006.33592499979,-0.025676605049606116,10,time
010060,2017-09-11,2017-09-25,81055.0,81452.0,21,1336.6504861498252,0.0007843674070477924,10,time
006260,2017-09-11,2017-09-25,83400.0,77562.0,20,-123251.58328200015,-0.07380694743940264,10,stop
068270,2017-09-19,2017-10-11,109780.0,114735.0,12,53885.90419499995,0.04085747139969231,10,time
095340,2017-09-21,2017-10-13,25278.0,23739.0,66,-108111.77854289999,-0.0647272491300599,10,time
005930,2017-09-25,2017-10-17,52999.0,54800.0,30,47354.70180450007,0.02974917725817794,10,time
098460,2017-09-25,2017-10-17,13300.0,13520.0,123,20275.9803869999,0.012380149617533975,10,time
000660,2017-09-25,2017-10-17,83600.0,83500.0,19,-8403.979585000081,-0.005284767597753204,10,time
034730,2017-10-11,2017-10-25,298000.0,298500.0,4,-2890.9505000000354,-0.0024225077962822805,10,time
010130,2017-10-17,2017-10-26,541000.0,503129.99999999994,3,-119926.45063950005,-0.07380694743940264,7,stop
096770,2017-10-13,2017-10-27,208103.0,202694.0,8,-49967.21369719994,-0.02997903077400954,10,time
068270,2017-10-17,2017-10-31,136661.0,136033.0,12,-14234.552817599848,-0.008669993484578309,10,time
005490,2017-10-17,2017-10-31,338500.0,325500.0,4,-57395.6642,-0.04234100916924932,10,time
098460,2017-10-25,2017-11-08,14920.0,15800.0,108,88156.14177600015,0.054646302174856665,10,time
095610,2017-10-26,2017-11-09,34850.0,37350.0,43,101041.72701500007,0.06734886882764268,10,time
084370,2017-10-27,2017-11-10,21500.0,22450.0,75,64431.60393750016,0.039911679419125434,10,time
042660,2017-11-10,2017-11-13,18612.0,18053.64,90,-56969.0662681798,-0.03397068711421547,1,stop
051910,2017-10-31,2017-11-14,405000.0,392500.0,3,-42368.76112499996,-0.03483134705951285,10,time
010130,2017-10-31,2017-11-14,524000.0,517000.0,2,-18253.64090000023,-0.017397586444576896,10,time
078600,2017-11-14,2017-11-16,8620.0,9913.0,128,160494.29598079994,0.1452924843491259,2,target
028300,2017-11-16,2017-11-17,16912.0,16404.64,78,-44863.496788656106,-0.03397068711421569,1,stop
066970,2017-11-09,2017-11-20,38058.0,39265.0,42,43993.84113810002,0.027491435222861904,7,time
028300,2017-11-20,2017-11-21,15618.0,17960.699999999997,111,252168.4586388145,0.14529248434912567,1,target
058470,2017-11-08,2017-11-22,11012.0,11893.0,216,179987.0521428003,0.07558264631186185,10,time
141080,2017-11-13,2017-11-22,16790.0,17966.0,96,105957.5342592001,0.06566148451803078,7,time
078600,2017-11-21,2017-11-22,12000.0,13799.999999999998,165,288009.99314999976,0.14529248434912567,1,target
039490,2017-11-14,2017-11-23,80000.0,89800.0,13,122762.29042999982,0.11790505537555962,7,time
068270,2017-11-17,2017-11-23,170296.0,165187.12,7,-40542.08083461202,-0.03397068711421558,4,stop
218410,2017-11-22,2017-11-23,10924.0,12562.599999999999,199,316211.11710552964,0.14529248434912567,1,target
036570,2017-11-22,2017-11-23,472500.0,458325.0,4,-64278.44356499985,-0.03397068711421547,1,stop
086520,2017-11-23,2017-11-24,4842.0,4696.74,376,-61917.894247032236,-0.03397068711421569,1,stop
064760,2017-11-23,2017-11-24,74500.0,72265.0,24,-60809.44819799997,-0.03397068711421558,1,stop
066970,2017-11-23,2017-11-24,44270.0,42941.9,41,-61730.092360594776,-0.03397068711421547,1,stop
042700,2017-11-23,2017-11-27,6450.0,6256.5,282,-61860.349735650234,-0.03397068711421569,2,stop
214150,2017-11-23,2017-11-27,3830.0,3715.1,476,-62002.5105261798,-0.03397068711421547,2,stop
067310,2017-11-24,2017-11-27,4504.0,4368.88,391,-59893.361343043856,-0.03397068711421547,1,stop
218410,2017-11-27,2017-11-28,12537.0,12160.89,139,-59266.867581715574,-0.03397068711421558,1,stop
078600,2017-11-27,2017-11-28,14000.0,13580.0,124,-59040.94075599988,-0.03397068711421547,1,stop
263750,2017-11-27,2017-11-28,39180.0,38004.6,44,-58630.102873320226,-0.03397068711421569,1,stop
003230,2017-11-27,2017-11-29,71500.0,69355.0,24,-58360.74558599992,-0.03397068711421558,2,stop
131970,2017-11-28,2017-11-29,8151.0,7906.469999999999,208,-57660.41663896805,-0.03397068711421558,1,stop
214450,2017-11-30,2017-12-01,60500.0,58685.0,27,-55554.94050974981,-0.03397068711421547,1,stop
145020,2017-11-30,2017-12-01,166926.0,161918.22,10,-56771.12947370997,-0.03397068711421558,1,stop
010170,2017-11-24,2017-12-04,3506.0,4031.8999999999996,503,256520.6096464151,0.1452924843491259,6,target
267270,2017-12-01,2017-12-04,94844.0,91998.68,17,-54835.566097958246,-0.03397068711421569,1,stop
003230,2017-12-01,2017-12-05,71800.0,82570.0,22,229767.9723129999,0.14529248434912567,2,target
028300,2017-12-04,2017-12-05,16314.0,15824.58,108,-59922.20161825209,-0.03397068711421569,1,stop
196170,2017-12-05,2017-12-06,6682.0,6481.54,264,-59994.84646240785,-0.03397068711421547,1,stop
028050,2017-12-05,2017-12-06,14050.0,13628.5,125,-59729.63836562494,-0.03397068711421558,1,stop
087010,2017-11-30,2017-12-07,28152.0,27307.44,59,-56489.120556228096,-0.03397068711421569,5,stop
034020,2017-12-06,2017-12-07,13425.0,13022.25,129,-58898.95001426246,-0.03397068711421558,1,stop
003230,2017-12-07,2017-12-08,79100.0,76727.0,21,-56493.60984435002,-0.03397068711421558,1,stop
010170,2017-12-06,2017-12-11,4309.0,4179.73,402,-58912.31584935333,-0.0339706871142158,3,stop
000250,2017-12-08,2017-12-11,14600.0,14162.0,114,-56605.842047400074,-0.03397068711421558,1,stop
032820,2017-12-08,2017-12-11,640.0,620.8,2614,-56896.96558016003,-0.03397068711421558,1,stop
000250,2017-12-13,2017-12-14,15400.0,14938.0,107,-56041.28005630011,-0.03397068711421569,1,stop
214150,2017-12-11,2017-12-15,4500.0,4365.0,366,-56014.07224949985,-0.03397068711421547,4,stop
078600,2017-12-14,2017-12-15,14400.0,13968.0,113,-55340.67903120001,-0.03397068711421558,1,stop
080220,2017-12-14,2017-12-19,4460.0,4326.2,367,-55667.852907970315,-0.0339706871142158,3,stop
214450,2017-12-18,2017-12-19,57800.0,56066.0,27,-53075.62911510002,-0.03397068711421558,1,stop
064760,2017-12-18,2017-12-19,72400.0,70228.0,22,-54170.743338800035,-0.03397068711421558,1,stop
066570,2017-12-18,2017-12-19,106500.0,103305.0,15,-54330.58920374978,-0.03397068711421547,1,stop
058610,2017-12-15,2017-12-27,6230.0,6550.0,258,75729.40820399974,0.04706061448625487,7,time
010120,2017-12-19,2018-01-05,12940.0,13420.0,120,51066.50735999993,0.03284894428904428,10,time
218410,2017-12-21,2018-01-09,15269.0,18322.8,102,304186.62656921963,0.19508780975560924,10,target
024110,2017-12-22,2018-01-10,16800.0,16900.0,93,2869.555454999674,0.0018345230590177675,10,time
039030,2017-12-26,2018-01-11,99800.0,98700.0,15,-22586.36257499992,-0.0150704173106323,10,time
003670,2017-12-27,2018-01-12,34480.0,41376.0,51,343452.5798712,0.1950878097556097,10,target
071050,2018-02-02,2018-02-05,87100.0,81003.0,19,-122283.60022385023,-0.07380694743940275,1,stop
003550,2018-02-02,2018-02-06,86909.0,80825.37,19,-122015.44674919173,-0.07380694743940275,2,stop
005490,2018-02-02,2018-02-08,390000.0,362700.0,4,-115271.2649399999,-0.07380694743940253,4,stop
105560,2018-02-06,2018-02-08,66300.0,61658.99999999999,26,-127374.74775870005,-0.07380694743940264,2,stop
024110,2018-02-06,2018-02-09,16800.0,15623.999999999998,103,-127862.43387960014,-0.07380694743940264,3,stop
068270,2018-02-08,2018-02-09,201412.0,221553.2,7,134794.77253858023,0.09549715894264232,1,target
218410,2018-02-08,2018-02-09,16683.0,18351.300000000003,91,145146.04628023528,0.09549715894264232,1,target
028300,2018-02-09,2018-02-13,15718.0,15246.46,104,-55594.7999467121,-0.03397068711421569,2,stop
138040,2018-02-02,2018-02-20,16700.0,16050.0,103,-73801.94187249988,-0.0428563200310611,10,time
214150,2018-02-13,2018-02-20,5510.0,5690.0,295,46282.03935500025,0.028440659030462667,3,time
005380,2018-02-05,2018-02-21,162500.0,160000.0,10,-31585.873750000028,-0.01941513045693577,10,time
000250,2018-02-20,2018-02-21,46950.0,43663.5,35,-121422.7603286251,-0.07380694743940264,1,stop
058610,2018-02-20,2018-02-22,10500.0,12600.0,157,321972.14521500026,0.1950878097556097,2,target
214150,2018-02-23,2018-02-26,5560.0,5393.2,303,-57295.559949780116,-0.03397068711421569,1,stop
018260,2018-02-26,2018-03-02,253000.0,235289.99999999997,6,-112167.80780700012,-0.07380694743940264,3,stop
080220,2018-02-19,2018-03-06,6060.0,5635.799999999999,269,-120454.03835211019,-0.07380694743940264,10,stop
141080,2018-03-06,2018-03-09,27925.0,30717.500000000004,56,149510.21878100024,0.09549715894264232,3,target
042660,2018-02-26,2018-03-13,22210.0,24120.0,75,136001.11518750014,0.08155177740151975,10,time
096770,2018-02-27,2018-03-14,206629.0,206629.0,8,-6774.455742399907,-0.004093491870325261,10,time
028050,2018-03-13,2018-03-14,18150.0,16879.5,115,-154230.73573462502,-0.07380694743940253,1,stop
098460,2018-03-14,2018-03-19,19640.0,18265.199999999997,91,-132062.44586626044,-0.07380694743940286,3,stop
066570,2018-03-09,2018-03-23,109000.0,106500.0,15,-44090.00512499991,-0.02693538425862063,10,time
145020,2018-03-12,2018-03-23,205972.0,191553.96,7,-106537.54543304583,-0.07380694743940241,9,stop
000660,2018-03-14,2018-03-23,89300.0,83049.0,20,-131970.81998899998,-0.07380694743940253,7,stop
039490,2018-03-12,2018-03-26,110000.0,104500.0,14,-83084.22814999986,-0.05388881727680894,10,time
214150,2018-03-23,2018-03-26,6800.0,6324.0,224,-112552.04535679962,-0.0738069474394023,1,stop
086520,2018-03-19,2018-03-28,5331.0,4957.83,314,-123690.05743979127,-0.07380694743940275,7,stop
058610,2018-03-28,2018-04-02,13150.0,12229.5,116,-112714.60739709996,-0.07380694743940253,3,stop
214370,2018-03-23,2018-04-06,13968.0,15840.0,109,197206.8976151999,0.12937851437385772,10,time
207940,2018-03-23,2018-04-06,680714.0,754894.0,2,142343.22307240008,0.10443423750362513,10,time
028300,2018-04-02,2018-04-06,28415.0,34098.0,51,283039.58982135006,0.1950878097556097,4,target
098460,2018-03-28,2018-04-11,19860.0,19280.0,77,-50795.38949099975,-0.03317837478649899,10,time
009150,2018-03-28,2018-04-11,106500.0,108000.0,14,14827.674750000006,0.009933360356853216,10,time
207940,2018-04-11,2018-04-13,853803.0,794036.7899999999,1,-63089.07167920959,-0.07380694743940264,2,stop
141080,2018-04-11,2018-04-13,33780.0,31415.399999999998,47,-117315.11313759023,-0.07380694743940275,2,stop
196170,2018-04-11,2018-04-13,8983.0,10779.6,177,310544.6242902898,0.19508780975560946,2,target
087010,2018-04-11,2018-04-13,35985.0,33466.049999999996,44,-116995.90040391032,-0.07380694743940275,2,stop
078600,2018-04-16,2018-04-17,18650.0,22380.0,85,309618.64919749997,0.1950878097556097,1,target
000100,2018-04-11,2018-04-18,39400.0,36642.0,40,-116453.53432399989,-0.07380694743940253,5,stop
009150,2018-04-16,2018-04-30,119500.0,118500.0,13,-19328.229049999965,-0.012427437545050601,10,time
098460,2018-04-16,2018-04-30,19660.0,20360.0,81,50006.62599299988,0.031366048093599996,10,time
039490,2018-04-16,2018-04-30,114500.0,118500.0,13,45746.5307,0.030698001863462387,10,time
001440,2018-05-02,2018-05-04,14770.0,13736.099999999999,111,-121143.44918665523,-0.07380694743940275,2,stop
090430,2018-05-02,2018-05-15,348500.0,324105.0,4,-103005.22008099989,-0.07380694743940253,8,stop
000720,2018-05-02,2018-05-15,61783.0,74139.59999999999,26,313741.2989040201,0.1950878097556097,8,target
010170,2018-05-04,2018-05-16,6199.0,5765.07,263,-120468.59504390066,-0.07380694743940264,7,stop
218410,2018-05-15,2018-05-16,24977.0,23228.609999999997,64,-118118.16961667221,-0.07380694743940275,1,stop
010120,2018-05-02,2018-05-17,14200.0,15600.0,115,153833.00335000013,0.0940944737199243,10,time
096770,2018-05-03,2018-05-18,205153.0,202694.0,9,-29632.578926849877,-0.016030602726568532,10,time
001440,2018-05-16,2018-05-23,15379.0,14302.47,97,-110229.1076927497,-0.07380694743940275,4,stop
196170,2018-05-18,2018-05-24,8621.0,9081.0,210,88895.79610799975,0.04904616637577708,3,time
028050,2018-05-15,2018-05-30,19300.0,17949.0,83,-118367.33288935013,-0.07380694743940264,10,stop
005940,2018-05-16,2018-05-31,16300.0,15850.0,92,-47423.61144999997,-0.03158784332175801,10,time
006260,2018-05-17,2018-06-01,85600.0,84300.0,21,-34586.442555000074,-0.019218240241453577,10,time
032820,2018-06-01,2018-06-04,2505.0,2429.85,642,-54694.83371728496,-0.03397068711421558,1,stop
003230,2018-05-23,2018-06-07,104500.0,111500.0,13,85164.32275000005,0.06261794886563377,10,time
000660,2018-05-24,2018-06-08,95300.0,88629.0,20,-140837.8403690001,-0.07380694743940264,10,stop
032820,2018-06-07,2018-06-12,2290.0,2519.0,670,146689.81242850027,0.09549715894264232,3,target
001440,2018-06-11,2018-06-14,13817.0,13402.49,116,-54509.88865056215,-0.03397068711421569,2,stop
131970,2018-05-30,2018-06-15,11547.0,13208.0,130,209141.57856149995,0.1391645587058754,10,time
028300,2018-06-12,2018-06-15,40199.0,38993.03,40,-54686.33127765963,-0.03397068711421536,2,stop
032820,2018-06-15,2018-06-18,2115.0,2051.5499999999997,768,-55242.73092672019,-0.03397068711421569,1,stop
064350,2018-06-15,2018-06-19,32500.0,31525.0,49,-54160.54041124997,-0.03397068711421558,2,stop
028300,2018-06-18,2018-06-19,40837.0,39611.89,39,-54165.403806715505,-0.03397068711421558,1,stop
000720,2018-06-19,2018-06-20,61005.0,59174.85,26,-53943.898249605205,-0.03397068711421569,1,stop
032820,2018-06-20,2018-06-22,2005.0,1944.85,788,-53733.37784448988,-0.03397068711421547,2,stop
064350,2018-06-21,2018-06-22,31900.0,30943.0,49,-53160.65351134981,-0.03397068711421547,1,stop
064350,2018-06-25,2018-06-26,29300.0,32230.000000000004,53,148468.10253550042,0.09549715894264232,1,target
000720,2018-06-22,2018-06-27,59254.0,57476.38,26,-52395.569984134054,-0.03397068711421558,3,stop
064350,2018-06-28,2018-06-29,28850.0,27984.5,54,-52983.802767150104,-0.03397068711421569,1,stop
028300,2018-10-10,2018-10-11,38369.0,37217.93,40,-52196.81695545977,-0.03397068711421547,1,stop
196170,2018-10-11,2018-10-16,8259.0,9084.900000000001,188,148448.21628054045,0.09549715894264232,3,target
087010,2018-10-15,2018-10-16,25019.0,24268.43,62,-52755.18917051307,-0.03397068711421558,1,stop
042660,2018-10-22,2018-10-24,27185.0,26369.45,58,-53624.20651970478,-0.03397068711421547,2,stop
226950,2018-10-24,2018-10-25,30428.0,29515.16,51,-52777.295513537945,-0.03397068711421558,1,stop
007660,2018-10-29,2018-10-30,4548.0,4411.5599999999995,342,-52899.32252703607,-0.03397068711421558,1,stop
032820,2019-03-05,2019-03-08,1285.0,1246.45,1202,-52530.45268634497,-0.03397068711421558,3,stop
180640,2019-04-16,2019-04-17,42000.0,39060.0,36,-111724.45678799972,-0.07380694743940241,1,stop
178320,2019-04-16,2019-04-22,11739.0,10917.269999999999,130,-112764.1149275552,-0.07380694743940275,4,stop
003490,2019-04-16,2019-04-23,23699.0,22040.07,64,-112074.4085256639,-0.07380694743940253,5,stop
214150,2019-04-16,2019-04-26,9270.0,8621.099999999999,165,-113021.25851857523,-0.07380694743940275,8,stop
010130,2019-04-16,2019-04-30,465500.0,452500.0,3,-44608.16234999988,-0.031906133343334475,10,time
000270,2019-04-17,2019-05-02,42050.0,44900.0,37,98762.94365749997,0.06340552235487262,10,time
131970,2019-04-23,2019-05-08,19598.0,18226.14,72,-104265.51924434397,-0.07380694743940253,9,stop
036570,2019-04-24,2019-05-10,503000.0,467789.99999999994,2,-74335.18751900014,-0.07380694743940275,10,stop
218410,2019-04-26,2019-05-14,30197.0,33417.0,61,188291.98994959984,0.10210311561311847,10,time
178320,2019-04-30,2019-05-15,11915.0,14298.0,114,265294.5007988999,0.19508780975560946,9,target
035720,2019-05-03,2019-05-20,25289.0,25390.0,65,-190.91363524994813,-0.00011600927626875812,10,time
078600,2019-08-06,2019-08-08,17600.0,19360.0,85,143028.06452,0.0954971589426421,2,target
028300,2019-11-14,2019-11-18,55087.0,60595.700000000004,27,142200.96840625512,0.0954971589426421,2,target
028300,2019-11-20,2019-11-22,52540.0,50963.799999999996,29,-51819.308636110276,-0.0339706871142158,2,stop
028300,2019-11-25,2019-11-26,50826.0,55908.600000000006,30,145779.6338361001,0.0954971589426421,1,target
028300,2019-11-29,2019-12-02,48359.0,46908.229999999996,32,-52629.69316164823,-0.03397068711421569,1,stop
010120,2019-12-13,2019-12-30,10900.0,10920.0,144,-3561.0251040000003,-0.002266140479261769,10,time
036570,2019-12-13,2019-12-30,541000.0,541000.0,2,-4434.252399999881,-0.004093491870325261,10,time
011070,2019-12-13,2019-12-30,135500.0,140000.0,11,43245.70442500012,0.02898089400852011,10,time
058470,2019-12-13,2019-12-30,12574.0,12874.0,125,30948.102274999954,0.019667598668795305,10,time
035420,2019-12-13,2019-12-30,177500.0,186500.0,8,65968.29640000011,0.04640317614751743,10,time
039030,2019-12-30,2020-01-15,101400.0,109300.0,15,111917.29387499997,0.0734968573823811,10,time
016360,2019-12-30,2020-01-15,39350.0,37900.0,40,-64279.57990000001,-0.04079144452059291,10,time
207940,2019-12-30,2020-01-15,625442.0,631987.0,2,7925.037216699915,0.006328270812239412,10,time
000990,2019-12-30,2020-01-15,28200.0,28800.0,56,27029.068080000114,0.01709600830264657,10,time
035720,2019-12-30,2020-01-15,30910.0,34121.0,51,156817.78092195,0.09936350578753239,10,time
064350,2020-01-15,2020-01-16,17150.0,16635.5,96,-55993.666394399945,-0.03397068711421558,1,stop
263750,2020-01-15,2020-01-16,39480.0,38295.6,41,-55050.91588878003,-0.03397068711421558,1,stop
095340,2020-01-16,2020-01-17,11100.0,12764.999999999998,147,237346.41708224989,0.1452924843491259,1,target
214450,2020-01-17,2020-01-20,40100.0,38897.0,46,-62734.40052909986,-0.03397068711421547,1,stop
095340,2020-01-20,2020-01-21,13650.0,13240.5,132,-61278.782865300076,-0.03397068711421558,1,stop
006400,2020-01-15,2020-01-28,262870.0,279024.0,6,90174.50019780034,0.05710738206860566,7,time
067310,2020-01-15,2020-01-28,4339.0,4486.0,380,48938.12780299992,0.02964659955513249,7,time
078600,2020-01-15,2020-01-28,19300.0,18721.0,85,-55793.008819249924,-0.03397068711421558,7,stop
005290,2020-01-16,2020-01-29,17950.0,18500.0,91,43208.24530750001,0.02642174932584851,7,time
042700,2020-01-28,2020-01-30,4800.0,4656.0,344,-56156.91323519987,-0.03397068711421547,2,stop
131970,2020-01-29,2020-01-30,35020.0,33969.4,55,-65506.19584685005,-0.03397068711421558,1,stop
082920,2020-01-21,2020-02-03,8125.0,8554.0,215,84804.04348324984,0.04849037175892135,7,time
058470,2020-01-28,2020-02-06,15937.0,16238.0,103,24184.36122565018,0.014716061931960844,7,time
207940,2020-01-28,2020-02-06,693805.0,754894.0,2,116131.1098451002,0.08359531503526596,7,time
196170,2020-02-06,2020-02-07,22945.0,27534.0,83,371959.3705626498,0.19508780975560946,1,target
036570,2020-02-04,2020-02-18,646000.0,655000.0,2,12652.060700000264,0.00978136660206963,10,time
006400,2020-02-04,2020-02-18,287346.0,326997.0,6,230139.03295350005,0.1333320820156858,10,time
011070,2020-02-04,2020-02-18,148000.0,148500.0,11,-1188.0838750000112,-0.0007289428563737044,10,time
064760,2020-02-18,2020-02-19,77200.0,71796.0,21,-119793.44533379981,-0.07380694743940241,1,stop
051910,2020-02-06,2020-02-20,374500.0,419000.0,5,214170.17937500007,0.11424519868179894,10,time
028260,2020-02-07,2020-02-21,115500.0,113500.0,20,-49348.919999999925,-0.02133862621023308,10,time
178320,2020-02-18,2020-02-21,16170.0,15038.099999999999,101,-120677.93061670545,-0.07380694743940286,3,stop
247540,2020-02-21,2020-02-24,22212.0,20657.16,85,-139509.26514872978,-0.07380694743940241,1,stop
180640,2020-02-19,2020-02-26,48900.0,58680.0,31,296073.74882099987,0.19508780975560946,5,target
035720,2020-02-20,2020-02-27,38235.0,35558.549999999996,54,-152563.73590318533,-0.07380694743940275,5,stop
098460,2020-02-21,2020-02-27,20500.0,19065.0,92,-139360.003639,-0.07380694743940253,4,stop
000660,2020-02-24,2020-02-27,100500.0,93465.0,17,-126244.20266025001,-0.07380694743940253,3,stop
009150,2020-02-26,2020-02-28,136500.0,126944.99999999999,13,-131121.06386925047,-0.07380694743940286,2,stop
319400,2020-02-18,2020-03-03,2621.0,2583.0,624,-30344.71833120007,-0.018532426364384014,10,time
086520,2020-03-02,2020-03-05,2932.0,3225.2000000000003,596,167070.54676664015,0.0954971589426421,3,target
003670,2020-03-02,2020-03-05,50494.0,54315.0,34,122495.23366510007,0.07126910106276552,3,time
196170,2020-03-12,2020-03-13,22583.0,21905.51,78,-59907.3053440291,-0.03397068711421569,1,stop
247540,2020-03-17,2020-03-18,16678.0,16177.66,105,-59557.54898761492,-0.03397068711421558,1,stop
180640,2020-03-18,2020-03-19,52100.0,50537.0,33,-58472.977789049735,-0.03397068711421547,1,stop
180640,2020-03-23,2020-03-24,53300.0,51701.0,32,-58007.04409760004,-0.03397068711421558,1,stop
180640,2020-05-18,2020-05-21,77000.0,79000.0,22,36927.935000000056,0.021774209639536357,3,time
066970,2020-06-16,2020-06-18,20396.0,19784.12,85,-58961.35792111023,-0.03397068711421569,2,stop
222800,2020-06-16,2020-06-19,10500.0,11450.0,165,149187.76166249975,0.08601233505569272,3,time
108490,2020-06-16,2020-06-19,11685.0,12026.0,148,43231.87269659992,0.024969761811507674,3,time
095340,2020-06-16,2020-06-19,15200.0,16350.0,114,123612.14968499984,0.07125469788948546,3,time
001440,2020-06-16,2020-06-19,5949.0,6077.0,292,30146.797677599825,0.01733465286670577,3,time
011200,2020-06-24,2020-06-25,4505.0,4369.849999999999,398,-60979.156892915256,-0.03397068711421569,1,stop
087010,2020-07-01,2020-07-02,17875.0,17338.75,99,-60184.5188855622,-0.03397068711421547,1,stop
079550,2020-06-30,2020-07-03,30150.0,30000.0,59,-16113.992827499984,-0.009048250617239129,3,time
108490,2020-06-30,2020-07-03,11637.0,11734.0,153,7500.562719749752,0.004207868556638461,3,time
214370,2020-07-02,2020-07-07,13460.0,13056.199999999999,131,-59968.04677271051,-0.033970687114215914,3,stop
066970,2020-07-08,2020-07-09,37942.0,36803.74,46,-59358.31982232211,-0.03397068711421569,1,stop
036930,2020-07-08,2020-07-09,7330.0,7110.099999999999,239,-59580.67562339525,-0.03397068711421569,1,stop
237690,2020-07-08,2020-07-10,50900.0,49373.0,34,-58857.28806010005,-0.03397068711421558,2,stop
035720,2020-07-08,2020-07-10,62623.0,72016.45,28,255055.24971156986,0.14529248434912567,2,target
043260,2020-07-08,2020-07-17,697.0,744.0,2520,110892.59055000008,0.06306232718576466,7,time
042700,2020-07-10,2020-07-17,4250.0,4887.5,435,268918.4216343751,0.1452924843491259,5,target
178320,2020-07-09,2020-07-20,19099.0,20651.0,89,130754.62630939973,0.07683466670432537,7,time
010060,2020-07-09,2020-07-20,34766.0,36077.0,49,57068.19717725017,0.03346140176592871,7,time
009830,2020-07-10,2020-07-21,27390.0,31498.499999999996,67,266937.26198452455,0.14529248434912567,7,target
039490,2020-07-20,2020-07-21,103000.0,99910.0,17,-59551.087133499794,-0.03397068711421547,1,stop
001440,2020-07-21,2020-07-22,7102.0,6888.94,271,-65456.60961895692,-0.03397068711421558,1,stop
034020,2020-07-21,2020-07-22,5018.0,5770.7,384,280287.83430335997,0.1452924843491259,1,target
000150,2020-07-22,2020-07-23,49150.0,47675.5,41,-68534.76484127482,-0.03397068711421547,1,stop
010060,2020-07-22,2020-07-24,46090.0,44707.299999999996,44,-68970.42984766024,-0.03397068711421569,2,stop
042700,2020-07-23,2020-07-24,6050.0,5868.5,326,-67077.44668954983,-0.03397068711421547,1,stop
141080,2020-07-24,2020-07-27,59500.0,57715.0,32,-64754.580183999846,-0.03397068711421547,1,stop
353200,2020-07-17,2020-07-28,11750.0,13512.499999999998,170,290555.5360187497,0.14529248434912567,7,target
222800,2020-07-17,2020-07-28,14950.0,15500.0,133,64785.69417250017,0.032545209097656125,7,time
034020,2020-07-24,2020-07-28,7394.0,8503.099999999999,261,280712.86723264423,0.14529248434912545,2,target
001440,2020-07-27,2020-07-28,9410.0,9127.699999999999,199,-63686.33366951556,-0.033970687114215914,1,stop
005380,2020-07-20,2020-07-29,119500.0,125000.0,15,74910.76237500017,0.041743209340664,7,time
298040,2020-07-28,2020-07-29,47950.0,46511.5,43,-70123.02056322503,-0.03397068711421558,1,stop
226950,2020-07-28,2020-07-29,29026.0,28155.219999999998,72,-71076.04201591224,-0.03397068711421569,1,stop
267260,2020-07-28,2020-07-29,10450.0,10136.5,200,-71080.39526499994,-0.03397068711421558,1,stop
058470,2020-07-28,2020-07-29,28612.0,27753.64,73,-71035.3663447462,-0.03397068711421569,1,stop
141080,2020-07-29,2020-07-30,63200.0,61304.0,31,-66631.91885319981,-0.03397068711421547,1,stop
095610,2020-07-29,2020-07-30,27350.0,26529.5,72,-66972.0164381999,-0.03397068711421558,1,stop
131970,2020-07-29,2020-07-30,41461.0,47680.149999999994,47,283452.30773819727,0.14529248434912567,1,target
128940,2020-07-29,2020-07-30,253340.0,245739.8,7,-60312.22552873008,-0.03397068711421558,1,stop
010130,2020-07-29,2020-07-31,433500.0,420495.0,4,-58972.921238999814,-0.03397068711421547,2,stop
034020,2020-07-30,2020-08-03,9176.0,8900.72,226,-70528.620943096,-0.03397068711421558,2,stop
240810,2020-07-30,2020-08-03,38800.0,37636.0,53,-69937.66737939976,-0.03397068711421547,2,stop
000270,2020-07-30,2020-08-03,40300.0,39091.0,51,-69900.25664505013,-0.03397068711421569,2,stop
267260,2020-07-31,2020-08-03,12400.0,12028.0,138,-58197.49874519999,-0.03397068711421558,1,stop
222800,2020-08-03,2020-08-07,19650.0,19060.5,97,-64824.300188924884,-0.03397068711421547,4,stop
066970,2020-08-03,2020-08-07,39769.0,45734.35,48,277669.56163836014,0.1452924843491259,4,target
064350,2020-07-30,2020-08-10,17550.0,17023.5,118,-70430.80887764972,-0.03397068711421547,7,stop
011200,2020-08-03,2020-08-10,5920.0,6807.999999999999,322,277280.8936071994,0.14529248434912545,5,target
128940,2020-08-07,2020-08-10,337787.0,327653.39,5,-57440.27147219749,-0.03397068711421558,1,stop
067310,2020-08-07,2020-08-10,5072.0,4919.84,399,-68826.50054968777,-0.03397068711421547,1,stop
096770,2020-08-10,2020-08-11,188426.0,182773.22,10,-64083.22755120997,-0.03397068711421558,1,stop
051910,2020-08-10,2020-08-11,747000.0,724590.0,2,-50810.579198999796,-0.03397068711421547,1,stop
003670,2020-08-10,2020-08-11,89431.0,86748.06999999999,22,-66913.58767309738,-0.0339706871142158,1,stop
000880,2020-08-03,2020-08-12,25200.0,26150.0,75,63294.353437500075,0.03345060268218236,7,time
039490,2020-08-11,2020-08-12,119500.0,115915.0,16,-65026.65825199988,-0.03397068711421547,1,stop
003550,2020-08-11,2020-08-12,85019.0,82468.43,23,-66503.9401319644,-0.03397068711421558,1,stop
178320,2020-08-12,2020-08-13,22929.0,22241.13,85,-66283.82897495222,-0.03397068711421547,1,stop
000100,2020-08-12,2020-08-13,57849.0,56113.53,33,-64925.2071423945,-0.03397068711421558,1,stop
032830,2020-08-12,2020-08-13,57000.0,65550.0,34,281900.69026499987,0.1452924843491259,1,target
005380,2020-08-11,2020-08-14,171500.0,166355.0,11,-64159.40941024991,-0.03397068711421558,3,stop
086520,2020-08-13,2020-08-14,5718.0,5546.46,352,-68452.66528425575,-0.03397068711421547,1,stop
003490,2020-08-13,2020-08-14,15391.0,14929.27,130,-68047.74509955477,-0.03397068711421547,1,stop
071050,2020-08-10,2020-08-18,61700.0,59849.0,32,-67148.86718240008,-0.03397068711421558,5,stop
105560,2020-08-13,2020-08-18,40050.0,38848.5,50,-68104.54139625002,-0.03397068711421558,2,stop
028300,2020-08-14,2020-08-18,45801.0,44426.97,41,-63864.91891139839,-0.03397068711421558,1,stop
007660,2020-08-14,2020-08-18,4294.0,4165.18,444,-64840.82893155585,-0.03397068711421547,1,stop
028260,2020-08-14,2020-08-18,127500.0,123675.0,14,-60707.41892249975,-0.03397068711421547,1,stop
032830,2020-08-18,2020-08-19,64500.0,62565.0,29,-63615.253274249844,-0.03397068711421547,1,stop
090430,2020-08-18,2020-08-19,192500.0,186725.0,9,-58921.90660125017,-0.03397068711421569,1,stop
066570,2020-08-18,2020-08-19,88300.0,85651.0,21,-63064.29518654989,-0.03397068711421558,1,stop
000810,2020-08-18,2020-08-19,186500.0,180905.0,10,-63428.19960250007,-0.03397068711421558,1,stop
005380,2020-08-18,2020-08-19,163500.0,158595.0,11,-61166.55066224979,-0.03397068711421547,1,stop
064760,2020-08-20,2020-08-21,109000.0,105730.0,16,-59313.01882399991,-0.03397068711421558,1,stop
007660,2020-08-20,2020-08-21,4146.0,4021.62,439,-61900.95738729881,-0.03397068711421547,1,stop
000990,2020-08-20,2020-08-21,37900.0,36763.0,48,-61870.55266319984,-0.03397068711421547,1,stop
028300,2020-08-20,2020-08-21,40860.0,39634.2,44,-61144.104221640155,-0.03397068711421569,1,stop
010060,2020-08-25,2020-08-26,54036.0,52414.92,32,-58808.04192979215,-0.03397068711421569,1,stop
237690,2020-08-26,2020-08-27,65800.0,63826.0,26,-58183.89484179998,-0.03397068711421558,1,stop
078600,2020-08-26,2020-08-27,52500.0,50925.0,33,-58921.90660125017,-0.03397068711421569,1,stop
214450,2020-08-19,2020-08-28,68400.0,68200.0,26,-12472.909020000137,-0.007005499204037924,7,time
298380,2020-08-27,2020-08-28,34300.0,33271.0,49,-57160.20111094997,-0.03397068711421558,1,stop
034220,2020-08-25,2020-08-31,14049.0,13627.529999999999,125,-59725.38714581262,-0.03397068711421569,4,stop
051910,2020-08-28,2020-08-31,767000.0,743990.0,2,-52170.969538999954,-0.03397068711421558,1,stop
034020,2020-08-31,2020-09-01,11969.0,13764.349999999999,141,245481.82663118257,0.1452924843491259,1,target
086280,2020-08-31,2020-09-02,72778.0,70594.66,23,-56928.730694598984,-0.03397068711421558,2,stop
009830,2020-08-28,2020-09-03,44138.0,50758.7,38,243971.22876306996,0.1452924843491259,4,target
298040,2020-09-02,2020-09-03,49400.0,56809.99999999999,32,229942.52382400003,0.1452924843491259,1,target
000250,2020-08-26,2020-09-04,58100.0,56357.0,30,-59279.009065499995,-0.03397068711421558,7,stop
178320,2020-08-27,2020-09-04,24430.0,28094.499999999996,68,241643.29344469984,0.14529248434912567,6,target
006260,2020-09-01,2020-09-04,45350.0,52152.49999999999,43,283653.47835462494,0.1452924843491259,3,target
034020,2020-09-03,2020-09-04,14894.0,14447.18,126,-63824.20923047396,-0.03397068711421558,1,stop
272210,2020-09-03,2020-09-04,11444.0,11100.68,164,-63830.05890893587,-0.03397068711421547,1,stop
267260,2020-09-04,2020-09-07,12850.0,14777.499999999998,147,274765.8972528747,0.14529248434912567,1,target
067310,2020-09-04,2020-09-08,4778.0,5494.7,396,275222.34945414006,0.1452924843491259,2,target
298040,2020-09-07,2020-09-08,68600.0,66542.0,31,-72325.1524261001,-0.03397068711421558,1,stop
087010,2020-09-04,2020-09-09,20089.0,19486.329999999998,94,-64222.87161961105,-0.03397068711421558,3,stop
006260,2020-09-08,2020-09-09,64800.0,62856.0,33,-72726.46757640014,-0.03397068711421569,1,stop
032820,2020-09-08,2020-09-09,938.0,1078.6999999999998,2281,311222.1440019645,0.14529248434912567,1,target
267260,2020-09-09,2020-09-10,17150.0,19722.5,123,306839.73739912454,0.14529248434912567,1,target
012450,2020-09-04,2020-09-11,29030.0,28159.1,65,-64174.713801575126,-0.03397068711421569,5,stop
009830,2020-09-10,2020-09-11,58106.0,56362.82,41,-81023.01212344086,-0.03397068711421547,1,stop
010170,2020-09-09,2020-09-14,3777.0,3663.69,559,-71806.26554066525,-0.03397068711421547,3,stop
222800,2020-09-04,2020-09-15,19250.0,20000.0,98,65552.06402499997,0.034708060394467166,7,time
307950,2020-09-14,2020-09-15,53200.0,61179.99999999999,38,294061.1121979994,0.14529248434912545,1,target
067310,2020-09-11,2020-09-16,6148.0,5963.5599999999995,339,-70882.18639246235,-0.0339706871142158,3,stop
001440,2020-09-09,2020-09-17,7566.0,7339.0199999999995,279,-71791.67535426933,-0.03397068711421569,6,stop
080220,2020-09-16,2020-09-17,4545.0,4408.65,450,-69558.4585721253,-0.03397068711421569,1,stop
237690,2020-09-17,2020-09-18,75300.0,73041.0,26,-66584.30519129988,-0.03397068711421547,1,stop
267270,2020-09-17,2020-09-18,28600.0,27742.0,70,-68087.53651700006,-0.03397068711421558,1,stop
071050,2020-09-11,2020-09-21,79000.0,76630.0,26,-69856.04395899992,-0.03397068711421558,6,stop
141080,2020-09-18,2020-09-21,64000.0,62080.0,30,-65298.73632000014,-0.03397068711421569,1,stop
011200,2020-09-15,2020-09-22,7270.0,7051.9,296,-73186.27951132064,-0.033970687114215914,5,stop
226950,2020-09-15,2020-09-22,30878.0,29951.66,69,-72460.57928444725,-0.03397068711421569,5,stop
307950,2020-09-18,2020-09-22,59900.0,58103.0,32,-65189.90509280027,-0.03397068711421569,2,stop
237690,2020-09-21,2020-09-22,76700.0,74399.0,25,-65213.711923749885,-0.03397068711421558,1,stop
066970,2020-09-21,2020-09-22,44145.0,42820.65,43,-64558.5139262476,-0.03397068711421569,1,stop
028300,2020-09-22,2020-09-23,53435.0,51831.95,36,-65423.212036109995,-0.03397068711421558,1,stop
043260,2020-09-24,2020-09-25,1115.0,1081.55,1736,-65830.6489429404,-0.0339706871142158,1,stop
032820,2020-09-25,2020-09-28,1260.0,1449.0,1525,279500.60698874993,0.1452924843491259,1,target
032820,2020-10-05,2020-10-06,1475.0,1430.75,1341,-67270.45206903736,-0.03397068711421547,1,stop
267270,2020-10-06,2020-10-07,30200.0,29294.0,64,-65734.06122880033,-0.0339706871142158,1,stop
226950,2020-10-05,2020-10-14,34031.0,33010.07,58,-67128.39330778271,-0.03397068711421547,6,stop
241560,2020-10-07,2020-10-15,28550.0,27693.5,68,-66026.5451518998,-0.03397068711421547,5,stop
357780,2020-10-14,2020-10-15,250900.0,243373.0,7,-59731.33885355014,-0.03397068711421569,1,stop
307950,2020-10-06,2020-10-16,66600.0,68000.0,29,32565.04569000029,0.016841479772040424,7,time
000270,2020-10-07,2020-10-16,49850.0,48354.5,39,-66120.07198777492,-0.03397068711421558,6,stop
086280,2020-10-15,2020-10-16,84783.0,97500.45,22,271315.0138804049,0.14529248434912567,1,target
095340,2020-10-15,2020-10-16,20900.0,20273.0,89,-63261.551785849966,-0.03397068711421558,1,stop
003490,2020-10-07,2020-10-19,15158.0,15934.0,128,91083.75009280024,0.04689103447276932,7,time
043260,2020-10-16,2020-10-19,1080.0,1047.6,1805,-66298.62321990007,-0.03397068711421558,1,stop
086280,2020-10-19,2020-10-20,92786.0,90002.42,21,-66268.21849580132,-0.0339706871142158,1,stop
086280,2020-10-22,2020-10-23,98287.0,95338.39,19,-63511.62554010074,-0.03397068711421569,1,stop
010170,2020-10-22,2020-10-23,3794.0,3680.18,511,-65935.87513573887,-0.03397068711421547,1,stop
145020,2020-10-23,2020-10-26,219900.0,213303.0,8,-59829.96715319995,-0.03397068711421558,1,stop
047050,2020-10-23,2020-10-26,15150.0,14695.5,124,-63890.732318100054,-0.03397068711421558,1,stop
214150,2020-10-16,2020-10-27,14400.0,14900.0,135,59334.10582499998,0.030486595217510626,7,time
034020,2020-10-21,2020-10-27,12885.0,12498.449999999999,150,-65732.36074087513,-0.03397068711421569,4,stop
241560,2020-10-22,2020-10-27,31150.0,30215.5,62,-65683.04659104976,-0.03397068711421547,3,stop
011200,2020-10-26,2020-11-04,8190.0,9828.0,222,355112.71761419973,0.19508780975560946,7,target
043260,2020-11-05,2020-11-06,1075.0,1290.0,1924,403964.20257700025,0.1950878097556097,1,target
009150,2020-10-27,2020-11-10,139000.0,139500.0,13,-924.6097249998711,-0.0005110943590674877,10,time
011200,2020-11-06,2020-11-10,10300.0,12360.0,220,442577.4225399997,0.19508780975560946,2,target
000270,2020-10-28,2020-11-11,52600.0,58100.0,36,189655.93458000012,0.10004121905578134,10,time
145020,2020-10-30,2020-11-13,210000.0,208600.0,9,-20308.452569999965,-0.010732868591189826,10,time
010060,2020-11-10,2020-11-13,55626.0,51732.17999999999,43,-176743.21377740707,-0.07380694743940264,3,stop
003490,2020-11-11,2020-11-16,19307.0,23168.399999999998,110,414798.1697563003,0.1950878097556097,3,target
034020,2020-11-10,2020-11-19,15201.0,14136.929999999998,159,-178593.53925520368,-0.07380694743940264,7,stop
006400,2020-11-06,2020-11-20,483641.0,504202.0,4,74073.31039100024,0.03824542007811216,10,time
319660,2020-11-20,2020-11-25,19500.0,18135.0,103,-148411.7536102496,-0.07380694743940241,3,stop
000270,2020-11-13,2020-11-27,59000.0,58700.0,34,-18390.91908999998,-0.009157423267594833,10,time
009150,2020-11-13,2020-11-27,143500.0,158500.0,14,201147.6257000002,0.10000823371814249,10,time
005930,2020-11-16,2020-11-30,64000.0,66700.0,40,97190.21860000025,0.03792131394139542,10,time
058610,2020-11-19,2020-11-30,7900.0,7346.999999999999,290,-169286.1974215,-0.07380694743940253,7,stop
226950,2020-11-25,2020-11-30,47644.0,57172.799999999996,39,362912.70523404004,0.1950878097556097,3,target
043260,2020-11-27,2020-11-30,1830.0,1775.1,1147,-71386.82318908488,-0.03397068711421558,1,stop
319400,2020-11-30,2020-12-01,3600.0,3492.0,628,-76889.26201680023,-0.03397068711421569,1,stop
096770,2020-11-30,2020-12-01,179078.0,173705.66,12,-73084.79439195595,-0.03397068711421558,1,stop
034020,2020-11-30,2020-12-01,16842.0,16336.74,134,-76754.17525603855,-0.0339706871142158,1,stop
000150,2020-12-01,2020-12-02,55000.0,53350.0,39,-72950.93198249955,-0.03397068711421536,1,stop
128940,2020-12-02,2020-12-03,341039.0,330807.83,6,-69591.92417448899,-0.03397068711421558,1,stop
003670,2020-12-01,2020-12-04,82063.0,94372.45,26,310358.1140225148,0.14529248434912567,3,target
319400,2020-12-03,2020-12-04,3580.0,3472.6,621,-75609.81490202993,-0.03397068711421558,1,stop
068270,2020-12-01,2020-12-07,295520.0,339848.0,7,300903.5314292002,0.1452924843491259,4,target
307950,2020-12-04,2020-12-07,95000.0,92150.0,24,-77542.24937999947,-0.03397068711421536,1,stop
267270,2020-11-27,2020-12-08,33050.0,32058.5,63,-70813.41866077483,-0.03397068711421547,7,stop
047040,2020-12-07,2020-12-08,4100.0,3977.0,570,-79480.80561449984,-0.03397068711421547,1,stop
066970,2020-11-30,2020-12-09,48954.0,52705.0,46,162808.65475590015,0.07221580485710066,7,time
237690,2020-12-07,2020-12-09,111000.0,107670.0,21,-79276.74706349941,-0.03397068711421536,2,stop
028300,2020-12-08,2020-12-09,48495.0,47040.15,44,-72569.34249213012,-0.03397068711421569,1,stop
036930,2020-12-09,2020-12-10,8830.0,8565.1,263,-78980.52206696477,-0.03397068711421547,1,stop
000660,2020-12-04,2020-12-15,116000.0,117500.0,19,19383.547775000334,0.008784609527903386,7,time
005490,2020-12-08,2020-12-17,270000.0,268000.0,7,-21704.32529999991,-0.011470577115730296,7,time
263750,2020-12-09,2020-12-18,47900.0,53740.0,48,270071.0211840002,0.11732809492460783,7,time
141080,2020-12-09,2020-12-18,64800.0,65700.0,35,22112.41882500006,0.009738542964809138,7,time
307950,2020-12-17,2020-12-18,127500.0,123675.0,14,-60707.41892249975,-0.03397068711421547,1,stop
047040,2020-12-10,2020-12-21,4260.0,4610.0,549,181998.9079245003,0.07772981278821622,7,time
095340,2020-12-15,2020-12-21,24050.0,27657.499999999996,92,321843.8943655002,0.1452924843491259,4,target
066970,2020-12-18,2020-12-21,69055.0,66983.34999999999,32,-75153.40394296031,-0.03397068711421569,1,stop
042700,2020-12-18,2020-12-21,8400.0,8148.0,264,-75420.0404496002,-0.03397068711421569,1,stop
272210,2020-12-18,2020-12-21,13992.0,13572.24,159,-75662.46200818801,-0.03397068711421558,1,stop
015760,2020-12-21,2020-12-22,28600.0,27742.0,80,-77814.32744799973,-0.03397068711421547,1,stop
357780,2020-12-21,2020-12-22,275700.0,267429.0,8,-75011.9233475998,-0.03397068711421547,1,stop
000250,2020-12-22,2020-12-23,91100.0,88367.0,24,-74358.93598440057,-0.0339706871142158,1,stop
000100,2020-12-22,2020-12-23,66821.0,64816.369999999995,33,-74994.68040004047,-0.03397068711421558,1,stop
042700,2020-12-23,2020-12-24,8650.0,8390.5,257,-75605.39363342524,-0.03397068711421569,1,stop
000990,2020-12-23,2020-12-24,39450.0,45367.5,56,321349.33175100014,0.1452924843491259,1,target
066570,2020-12-24,2020-12-28,125000.0,121250.0,18,-76521.95662500011,-0.03397068711421558,1,stop
319400,2020-12-24,2020-12-28,4455.0,5123.25,517,335027.6245317375,0.1452924843491259,1,target
011070,2020-12-24,2020-12-28,184500.0,178965.0,12,-75297.60531899985,-0.03397068711421547,1,stop
010060,2020-12-21,2020-12-29,61983.0,71280.45,37,333592.811111317,0.14529248434912567,5,target
000990,2020-12-28,2020-12-29,43300.0,49794.99999999999,54,340113.61918349983,0.1452924843491259,1,target
003550,2020-12-29,2021-01-04,82185.0,94512.74999999999,30,358637.8982883743,0.14529248434912545,2,target
218410,2020-12-22,2021-01-05,41466.0,44637.0,54,161552.65170150017,0.07206575998129283,7,time
000250,2020-12-29,2021-01-05,79800.0,77406.0,31,-84133.34057730017,-0.03397068711421569,3,stop
064760,2020-12-29,2021-01-06,122300.0,118631.0,20,-83187.8692909996,-0.03397068711421547,4,stop
066570,2020-12-30,2021-01-06,128000.0,147200.0,20,372376.55680000037,0.14529248434912612,3,target
096770,2021-01-05,2021-01-06,224832.0,258556.8,10,327039.7110096002,0.1452924843491259,1,target
319400,2021-01-04,2021-01-07,5920.0,6807.999999999999,497,427977.03143719956,0.14529248434912567,3,target
067310,2021-01-05,2021-01-07,7770.0,7536.9,308,-81390.79365186021,-0.03397068711421569,2,stop
011200,2021-01-06,2021-01-07,16500.0,16005.0,162,-90908.08447049977,-0.03397068711421547,1,stop
047040,2021-01-06,2021-01-08,5900.0,5723.0,453,-90897.88154294994,-0.03397068711421558,2,stop
064350,2021-01-06,2021-01-11,21850.0,21194.5,122,-90659.81323345052,-0.0339706871142158,3,stop
003670,2021-01-07,2021-01-11,126494.0,122699.18,21,-90342.63822567929,-0.03397068711421569,2,stop
058610,2021-01-07,2021-01-11,9580.0,9292.6,287,-93508.47060541017,-0.03397068711421569,2,stop
096770,2021-01-08,2021-01-11,265666.0,305515.89999999997,10,386436.68101104954,0.14529248434912567,1,target
012330,2021-01-11,2021-01-12,368500.0,357445.0,7,-87728.17205074988,-0.03397068711421558,1,stop
018260,2021-01-11,2021-01-12,223000.0,216310.0,12,-91010.11374599952,-0.03397068711421536,1,stop
267260,2021-01-11,2021-01-12,20400.0,19788.0,134,-92969.0758356005,-0.0339706871142158,1,stop
039490,2021-01-12,2021-01-13,162500.0,157625.0,16,-88425.3720999998,-0.03397068711421547,1,stop
086520,2021-01-12,2021-01-13,8060.0,7818.2,335,-91829.7489258498,-0.03397068711421547,1,stop
005380,2021-01-11,2021-01-14,256500.0,248805.0,10,-87235.03055249946,-0.03397068711421536,3,stop
353200,2021-01-13,2021-01-14,16000.0,15520.0,163,-88697.45016800007,-0.03397068711421558,1,stop
000990,2021-01-13,2021-01-14,61300.0,59461.0,42,-87561.52423410024,-0.03397068711421569,1,stop
086790,2021-01-14,2021-01-15,39900.0,38703.0,62,-84133.34057730017,-0.03397068711421569,1,stop
006400,2021-01-07,2021-01-18,673574.0,691197.0,4,59242.42219219962,0.02196282917646264,7,time
012330,2021-01-14,2021-01-18,328500.0,318645.0,7,-78205.43967074994,-0.03397068711421558,2,stop
000270,2021-01-14,2021-01-18,71200.0,69064.0,35,-84752.31818199996,-0.03397068711421558,2,stop
100790,2021-01-15,2021-01-18,5948.0,5769.5599999999995,445,-90019.06938331062,-0.0339706871142158,1,stop
003490,2021-01-18,2021-01-19,24502.0,23766.94,101,-84164.01737946691,-0.03397068711421558,1,stop
064760,2021-01-18,2021-01-19,133100.0,129107.0,18,-81480.57941430015,-0.03397068711421569,1,stop
012450,2021-01-19,2021-01-20,40490.0,39275.299999999996,60,-82623.30729990033,-0.03397068711421569,1,stop
145020,2021-01-19,2021-01-20,226100.0,219317.0,10,-76896.06396849966,-0.03397068711421547,1,stop
080220,2021-01-12,2021-01-21,4275.0,4916.25,631,392380.88725856226,0.14529248434912567,7,target
000270,2021-01-20,2021-01-21,96000.0,93120.0,24,-78358.4835839998,-0.03397068711421547,1,stop
036930,2021-01-18,2021-01-27,9350.0,10450.0,265,280486.32837500004,0.11307197967434224,7,time
042700,2021-01-19,2021-01-28,10050.0,9748.5,242,-82715.13364785025,-0.03397068711421569,7,stop
066570,2021-01-21,2021-01-28,168500.0,163445.0,15,-85959.66460875049,-0.0339706871142158,5,stop
079550,2021-01-21,2021-01-28,39750.0,38557.5,67,-90576.48932512477,-0.03397068711421547,5,stop
080220,2021-01-27,2021-01-28,6450.0,6256.5,454,-99590.77581555024,-0.03397068711421569,1,stop
100790,2021-01-20,2021-01-29,5671.0,5500.87,415,-80040.7762882025,-0.03397068711421558,7,stop
352820,2021-01-28,2021-01-29,210870.0,204543.9,12,-86059.65329874028,-0.03397068711421569,1,stop
128940,2021-01-28,2021-01-29,380434.0,369020.98,6,-77630.8107911339,-0.03397068711421558,1,stop
035420,2021-01-29,2021-02-01,362000.0,351140.0,6,-73869.19546199962,-0.03397068711421547,1,stop
226950,2021-01-28,2021-02-03,47000.0,54049.99999999999,54,369176.4457649994,0.14529248434912567,4,target
068270,2021-02-02,2021-02-03,321809.0,312154.73,7,-76612.52461188566,-0.03397068711421569,1,stop
047050,2021-02-02,2021-02-04,18600.0,21390.0,128,346310.1978239999,0.1452924843491259,2,target
096770,2021-02-02,2021-02-04,318799.0,309235.02999999997,7,-75895.93900029082,-0.03397068711421569,2,stop
263750,2021-01-28,2021-02-05,61960.0,71254.0,41,369519.7304032999,0.1452924843491259,6,target
298040,2021-02-05,2021-02-08,86300.0,83711.0,30,-88051.26475649979,-0.03397068711421547,1,stop
272210,2021-02-05,2021-02-08,17479.0,16954.63,152,-90357.39846086781,-0.03397068711421547,1,stop
079550,2021-02-05,2021-02-09,43600.0,42292.0,61,-90452.35370659968,-0.03397068711421547,2,stop
263750,2021-02-08,2021-02-09,78600.0,76242.0,32,-85541.34457920026,-0.03397068711421569,1,stop
047810,2021-02-05,2021-02-10,38800.0,37636.0,68,-89731.34682640014,-0.03397068711421558,3,stop
032820,2021-02-09,2021-02-10,1325.0,1285.25,1917,-86385.63683396205,-0.03397068711421536,1,stop
298040,2021-02-10,2021-02-15,88300.0,85651.0,28,-84085.72691540001,-0.03397068711421558,1,stop
352820,2021-02-03,2021-02-16,229185.0,245520.0,11,168823.5739987502,0.06688904542617413,7,time
047050,2021-02-08,2021-02-16,21800.0,21146.0,118,-87486.70276540006,-0.03397068711421558,4,stop
047810,2021-02-15,2021-02-16,40150.0,38945.5,60,-81929.50822649943,-0.03397068711421536,1,stop
353200,2021-02-10,2021-02-17,16300.0,15811.0,154,-85371.29578669975,-0.03397068711421547,3,stop
080220,2021-02-16,2021-02-17,6970.0,6760.9,360,-85337.28602819983,-0.03397068711421547,1,stop
064760,2021-02-16,2021-02-17,185600.0,180032.0,13,-82058.7453088006,-0.0339706871142158,1,stop
319400,2021-02-16,2021-02-17,6150.0,5965.5,408,-85337.28602819983,-0.03397068711421547,1,stop
095610,2021-02-17,2021-02-18,33050.0,32058.5,73,-82053.64384502545,-0.0339706871142158,1,stop
357780,2021-02-17,2021-02-18,312600.0,303222.0,7,-74420.15354970004,-0.03397068711421558,1,stop
035720,2021-02-17,2021-02-19,103367.0,100265.98999999999,23,-80856.19425799884,-0.03397068711421569,2,stop
222800,2021-02-18,2021-02-19,25400.0,24638.0,93,-80337.85152869951,-0.03397068711421536,1,stop
010950,2021-02-09,2021-02-22,81000.0,86600.0,31,162797.6383199999,0.06475930375345462,7,time
003670,2021-02-18,2021-02-22,154605.0,177795.75,15,337331.7044769381,0.14529248434912612,2,target
272210,2021-02-19,2021-02-22,19581.0,18993.57,118,-78581.51958024269,-0.03397068711421547,1,stop
010060,2021-02-19,2021-02-22,100126.0,97122.22,23,-78321.00483013317,-0.03397068711421569,1,stop
042700,2021-02-22,2021-02-23,12175.0,11809.75,201,-83227.8307572375,-0.03397068711421558,1,stop
043260,2021-02-22,2021-02-23,1980.0,1920.6,1239,-83433.4197473703,-0.03397068711421569,1,stop
087010,2021-02-22,2021-02-23,15020.0,14569.4,163,-83264.73134521022,-0.03397068711421569,1,stop
178320,2021-02-22,2021-02-23,23104.0,22410.88,106,-83290.7148007038,-0.03397068711421547,1,stop
267270,2021-02-23,2021-02-24,38750.0,37587.5,61,-80390.56665437436,-0.03397068711421536,1,stop
003670,2021-02-24,2021-02-25,167205.0,162188.85,14,-79612.42337989528,-0.03397068711421569,1,stop
138040,2021-02-17,2021-02-26,11050.0,12250.0,219,252107.8133700001,0.10405925109398328,7,time
011200,2021-02-23,2021-03-02,17100.0,19665.0,138,343255.5463815001,0.1452924843491259,4,target
000660,2021-02-26,2021-03-05,143500.0,139195.0,16,-78086.405516,-0.03397068711421558,4,stop
141080,2021-03-04,2021-03-05,57400.0,55678.0,43,-83942.88592970045,-0.0339706871142158,1,stop
086520,2021-03-05,2021-03-08,8968.0,8698.96,267,-81434.87029887643,-0.0339706871142158,1,stop
011200,2021-03-04,2021-03-09,20150.0,23172.5,124,363445.33782050014,0.1452924843491259,3,target
010060,2021-03-05,2021-03-09,100126.0,97122.22,23,-78321.00483013317,-0.03397068711421569,2,stop
098460,2021-03-04,2021-03-10,22439.0,21765.829999999998,111,-84709.09177894704,-0.0339706871142158,4,stop
105560,2021-03-09,2021-03-10,51900.0,50343.0,48,-84725.1103752004,-0.03397068711421569,1,stop
319400,2021-03-12,2021-03-15,6200.0,6014.0,395,-83289.89856649982,-0.03397068711421547,1,stop
005490,2021-03-05,2021-03-16,299500.0,306000.0,8,42027.4142,0.01752050580193809,7,time
100790,2021-03-15,2021-03-16,8064.0,7822.08,300,-82276.40776319988,-0.03397068711421558,1,stop
047040,2021-03-16,2021-03-17,6400.0,6208.0,373,-81188.09549119975,-0.03397068711421547,1,stop
010120,2021-03-16,2021-03-17,12360.0,11989.199999999999,193,-81129.59870658023,-0.03397068711421569,1,stop
105560,2021-03-12,2021-03-18,51100.0,49567.0,48,-83419.13564880006,-0.03397068711421558,4,stop
005290,2021-03-17,2021-03-19,33250.0,32252.5,69,-78026.8884386248,-0.03397068711421547,2,stop
237690,2021-03-17,2021-03-22,85000.0,82450.0,27,-78052.39575749962,-0.03397068711421547,3,stop
267270,2021-03-12,2021-03-23,46100.0,48350.0,53,108885.31297750026,0.04451365874337898,7,time
087010,2021-03-22,2021-03-23,16571.0,16073.869999999999,136,-76646.29630207643,-0.0339706871142158,1,stop
196170,2021-03-15,2021-03-24,83412.0,83162.0,29,-17141.959331099875,-0.007078393647436676,7,time
042700,2021-03-23,2021-03-24,13225.0,12828.25,179,-80510.4510530876,-0.03397068711421558,1,stop
100790,2021-03-18,2021-03-26,7911.0,9097.65,302,347520.7125527854,0.14529248434912612,6,target
011200,2021-03-23,2021-03-26,27350.0,31452.499999999996,86,342135.5075192498,0.14529248434912567,3,target
214450,2021-03-25,2021-03-26,70300.0,68191.0,35,-83681.01078924956,-0.03397068711421536,1,stop
039030,2021-03-19,2021-03-30,114100.0,120100.0,19,104779.43452000013,0.048276701370499,7,time
011200,2021-03-29,2021-03-30,32600.0,31622.0,80,-88697.4501679996,-0.03397068711421547,1,stop
001440,2021-03-26,2021-03-31,9411.0,9128.67,276,-88338.17107920628,-0.03397068711421569,3,stop
090430,2021-03-24,2021-04-02,249500.0,258500.0,9,71558.69984999998,0.03183099138886125,7,time
009540,2021-03-30,2021-04-02,136500.0,126944.99999999999,17,-171466.00659825047,-0.07380694743940275,3,stop
241560,2021-03-29,2021-04-07,40550.0,40900.0,64,11698.315040000249,0.004502495252865613,7,time
064760,2021-04-02,2021-04-08,201200.0,187116.0,11,-163537.41254179995,-0.07380694743940253,4,stop
031980,2021-04-07,2021-04-09,11000.0,10230.0,244,-198325.6891660001,-0.07380694743940264,2,stop
043260,2021-04-08,2021-04-12,2065.0,1920.4499999999998,994,-151671.12251826515,-0.07380694743940264,2,stop
010140,2021-03-30,2021-04-13,7211.0,7183.0,333,-19137.3684084001,-0.007960553613167054,10,time
000720,2021-03-31,2021-04-14,42713.0,44903.0,60,120509.8412340004,0.04696907111527615,10,time
240810,2021-04-02,2021-04-16,55100.0,55900.0,40,22873.229600000195,0.010366130752247127,10,time
047040,2021-04-09,2021-04-23,7000.0,7090.0,355,21671.782802500296,0.0087110203770564,10,time
316140,2021-04-12,2021-04-26,10300.0,10600.0,184,47270.35899999994,0.024913493803354392,10,time
003670,2021-04-13,2021-04-27,164298.0,154605.0,14,-144728.5086093,-0.06284844800674172,10,time
017670,2021-04-14,2021-04-28,51070.0,54521.0,54,174502.68509429973,0.06320381299663191,10,time
010060,2021-04-23,2021-04-28,112841.0,104942.12999999999,22,-183436.63189492282,-0.07380694743940253,3,stop
067310,2021-04-26,2021-04-29,10647.0,9901.71,185,-145544.3808948677,-0.07380694743940264,3,stop
078600,2021-04-28,2021-04-29,53500.0,49755.0,48,-189754.23613199918,-0.0738069474394023,1,stop
028050,2021-04-16,2021-04-30,14800.0,17760.0,151,436483.68221200025,0.1950878097556097,10,target
042660,2021-04-27,2021-04-30,27674.0,33208.799999999996,78,421595.42459267983,0.19508780975560946,3,target
047040,2021-04-30,2021-05-04,7610.0,7077.299999999999,350,-196810.90651774965,-0.07380694743940241,2,stop
267260,2021-04-30,2021-05-04,22200.0,20646.0,120,-196847.85243600002,-0.07380694743940264,2,stop
267250,2021-04-28,2021-05-07,65100.0,78120.0,40,508592.9427600005,0.1950878097556097,6,target
000150,2021-04-29,2021-05-14,61100.0,68500.0,34,242344.66993999993,0.11652366296043715,10,time
000720,2021-04-29,2021-05-14,51372.0,50497.0,41,-44401.08065265021,-0.02105639373541668,10,time
028050,2021-05-04,2021-05-20,17850.0,19750.0,138,251331.9252299997,0.10191336333675483,10,time
010950,2021-05-04,2021-05-20,90900.0,96600.0,27,143388.08284499962,0.05835609114770701,10,time
267260,2021-05-07,2021-05-21,23400.0,21762.0,133,-229966.1735553001,-0.07380694743940264,9,stop
030200,2021-05-14,2021-05-31,31700.0,34200.0,69,163027.4685150003,0.07444803085283525,10,time
000810,2021-05-14,2021-05-31,217500.0,211500.0,10,-68736.70200000005,-0.03156677485321291,10,time
001440,2021-05-31,2021-06-01,15025.0,18030.0,149,437250.2825577506,0.1950878097556099,1,target
047040,2021-05-20,2021-06-02,7660.0,9192.0,349,522135.8900145991,0.19508780975560924,9,target
034020,2021-05-31,2021-06-02,17856.0,21427.2,125,435936.80808000034,0.1950878097556097,2,target
012450,2021-05-20,2021-06-03,44513.0,47774.0,60,184137.793941,0.06886611819888744,10,time
214450,2021-05-21,2021-06-04,79300.0,81400.0,36,63677.58606000012,0.022279820450889387,10,time
001440,2021-06-04,2021-06-07,22473.0,26967.6,131,574991.8608089699,0.19508780975560946,1,target
032820,2021-06-07,2021-06-08,1940.0,2328.0,1819,689229.3748034001,0.1950878097556097,1,target
241560,2021-06-03,2021-06-09,54500.0,50685.0,54,-217463.67481949972,-0.07380694743940253,4,stop
034020,2021-06-08,2021-06-09,30789.0,29865.329999999998,137,-143456.3242605403,-0.03397068711421558,1,stop
001440,2021-06-09,2021-06-10,28351.0,27500.469999999998,119,-114741.06892478699,-0.03397068711421569,1,stop
000150,2021-06-09,2021-06-10,99000.0,96030.0,34,-114476.84711100021,-0.03397068711421569,1,stop
032820,2021-06-10,2021-06-11,2395.0,2323.15,1372,-111754.0258454904,-0.03397068711421569,1,stop
145020,2021-06-10,2021-06-11,242500.0,235225.0,13,-107215.76367125008,-0.03397068711421558,1,stop
064350,2021-06-02,2021-06-14,22050.0,26460.0,133,572782.2940035001,0.1950878097556097,8,target
180640,2021-06-11,2021-06-14,78700.0,76339.0,40,-107062.71975800022,-0.03397068711421569,1,stop
307950,2021-06-11,2021-06-14,123500.0,119795.0,25,-105005.12936874991,-0.03397068711421558,1,stop
005940,2021-06-01,2021-06-15,13150.0,12800.0,204,-82183.34054999938,-0.030600509196970438,10,time
007660,2021-06-14,2021-06-15,3597.0,3489.0899999999997,893,-109243.4594827788,-0.03397068711421569,1,stop
035720,2021-06-02,2021-06-16,128000.0,143000.0,22,317486.61230000015,0.112614302051121,10,time
214150,2021-06-14,2021-06-17,16500.0,18975.0,194,465616.15559250023,0.1452924843491259,3,target
145020,2021-06-16,2021-06-17,249000.0,241530.0,12,-101621.15839799959,-0.03397068711421547,1,stop
007660,2021-06-17,2021-06-21,3713.0,3601.61,866,-109356.95004689274,-0.03397068711421547,2,stop
214450,2021-06-14,2021-06-23,92700.0,92000.0,34,-36646.54317000043,-0.01161382148942769,7,time
352820,2021-06-17,2021-06-23,292000.0,335800.0,11,467216.21111000003,0.1452924843491259,4,target
214150,2021-06-21,2021-06-23,19300.0,18721.0,167,-109616.85262134997,-0.03397068711421558,2,stop
263750,2021-06-15,2021-06-24,64300.0,62371.0,44,-96220.4087481997,-0.03397068711421547,7,stop
001440,2021-06-23,2021-06-24,32547.0,31570.59,101,-111798.47659984883,-0.03397068711421536,1,stop
095340,2021-06-23,2021-06-25,24500.0,23765.0,134,-111654.03715549968,-0.03397068711421547,2,stop
028050,2021-06-24,2021-06-25,26500.0,25705.0,112,-100940.96322799986,-0.03397068711421558,1,stop
035720,2021-06-24,2021-06-25,172000.0,166840.0,17,-99444.53385399934,-0.03397068711421536,1,stop
064760,2021-06-17,2021-06-28,193900.0,194000.0,16,-11118.972559999675,-0.0035798732482882345,7,time
307950,2021-06-25,2021-06-28,143000.0,138710.0,20,-97267.90930999955,-0.03397068711421547,1,stop
298380,2021-06-25,2021-06-29,22300.0,21631.0,133,-100869.54273514962,-0.03397068711421547,2,stop
039490,2021-06-29,2021-06-30,135000.0,130950.0,21,-96417.66534749977,-0.03397068711421547,1,stop
005830,2021-06-29,2021-07-01,55600.0,53932.0,53,-100219.95634780033,-0.03397068711421569,2,stop
263750,2021-06-30,2021-07-01,74500.0,85675.0,38,411796.10636750003,0.1452924843491259,1,target
043260,2021-06-23,2021-07-02,1800.0,1870.0,1835,114534.9683775003,0.03463620566805092,7,time
010170,2021-06-25,2021-07-06,3112.0,3138.0,955,12577.113446500618,0.004227063788855956,7,time
263750,2021-07-05,2021-07-06,83800.0,77934.0,39,-241493.30004929984,-0.07380694743940253,1,stop
277810,2021-06-29,2021-07-07,23450.0,22746.5,125,-99691.10460312478,-0.03397068711421547,6,stop
032820,2021-07-06,2021-07-07,3070.0,2855.1,985,-223445.21898417547,-0.07380694743940275,1,stop
035720,2021-07-01,2021-07-15,164000.0,159500.0,18,-92859.09434999945,-0.031420194837297966,10,time
058470,2021-07-02,2021-07-16,36081.0,37303.0,91,97418.25991170015,0.029636109663292443,10,time
010950,2021-07-07,2021-07-16,106500.0,99045.0,26,-204606.49526849994,-0.07380694743940253,7,stop
012450,2021-07-06,2021-07-20,54496.0,52562.0,55,-118339.86881749937,-0.03943706179697648,10,time
047050,2021-07-07,2021-07-21,23950.0,23450.0,118,-70407.98806999996,-0.02488485947219743,10,time
078600,2021-07-20,2021-07-21,61700.0,57380.99999999999,46,-209719.8103543003,-0.07380694743940264,1,stop
032820,2021-07-16,2021-07-22,3065.0,2850.45,975,-220816.51690068748,-0.07380694743940253,4,stop
086520,2021-07-21,2021-07-26,11586.0,13903.199999999999,234,529515.5658015595,0.19508780975560946,3,target
066970,2021-07-15,2021-07-28,115800.0,107694.0,25,-213916.86666750023,-0.07380694743940264,9,stop
067310,2021-07-16,2021-07-28,11881.0,11049.33,251,-220355.13627358107,-0.07380694743940241,8,stop
047050,2021-07-26,2021-08-02,27200.0,25296.0,125,-251232.24409999978,-0.07380694743940253,5,stop
042700,2021-07-21,2021-08-04,18950.0,18600.0,143,-61007.957367499825,-0.022487543471664928,10,time
207940,2021-07-22,2021-08-05,1306158.0,1326521.0,2,29900.144284500275,0.011432688136262525,10,time
222800,2021-07-28,2021-08-06,25400.0,30480.0,107,530819.4699820001,0.1950878097556097,7,target
012450,2021-08-05,2021-08-10,56228.0,52292.03999999999,47,-195275.13858793397,-0.07380694743940253,3,stop
138040,2021-07-28,2021-08-11,23250.0,24450.0,117,128837.96523000067,0.047308134355722675,10,time
086520,2021-08-10,2021-08-12,18258.0,21909.6,146,520637.45489291986,0.19508780975560946,2,target
131970,2021-08-04,2021-08-13,56200.0,52266.0,47,-195177.89693110064,-0.07380694743940286,7,stop
064350,2021-08-02,2021-08-17,24600.0,23650.0,128,-134145.92928000027,-0.04255329604606495,10,time
267260,2021-08-13,2021-08-20,24600.0,22878.0,100,-181773.91779000033,-0.07380694743940275,4,stop
006400,2021-08-06,2021-08-23,758749.0,781268.0,4,77372.43084099935,0.025464133453163784,10,time
222800,2021-08-11,2021-08-26,31000.0,32700.0,92,144250.85858000023,0.05052073599485052,10,time
016360,2021-08-12,2021-08-27,46800.0,48950.0,68,132726.8834100007,0.04165862335358095,10,time
079550,2021-08-17,2021-08-31,46100.0,52100.0,65,376570.0042000003,0.1255255764328862,10,time
138040,2021-08-26,2021-09-02,25950.0,31140.0,118,598065.4569989997,0.19508780975560946,5,target
353200,2021-08-20,2021-09-03,17350.0,18500.0,132,141966.78836999973,0.06191760232847132,10,time
214450,2021-08-24,2021-09-07,98100.0,94000.0,31,-139188.33886499982,-0.04571649577788561,10,time
000880,2021-08-27,2021-09-10,34950.0,35450.0,95,33752.919075000565,0.010154097659426986,10,time
067310,2021-08-31,2021-09-10,12155.0,14586.0,278,659977.4681070996,0.19508780975560946,8,target
028300,2021-09-02,2021-09-16,55880.0,60097.0,65,258411.44271474937,0.0710628743569981,10,time
005940,2021-09-03,2021-09-17,13350.0,13400.0,184,-893.9405400003307,-0.00036350494849146653,10,time
078600,2021-09-07,2021-09-24,74000.0,88800.0,39,563670.9803399998,0.19508780975560946,10,target
058470,2021-09-10,2021-09-29,36642.0,35701.0,101,-109927.60506434971,-0.02966927987725787,10,time
005830,2021-09-10,2021-09-29,60100.0,62300.0,61,118779.96066999948,0.032362320407299805,10,time
028050,2021-09-17,2021-09-29,27350.0,25435.5,92,-185926.6390013001,-0.07380694743940264,5,stop
247540,2021-09-16,2021-10-06,110001.0,102300.93,35,-284486.15673927777,-0.07380694743940264,10,stop
003490,2021-09-24,2021-10-06,34450.0,32038.499999999996,100,-254557.37674249988,-0.07380694743940253,7,stop
028300,2021-10-05,2021-10-06,49509.0,48023.729999999996,65,-109446.29368247278,-0.03397068711421569,1,stop
028300,2021-10-08,2021-10-12,45834.0,44458.979999999996,71,-110675.03224731935,-0.03397068711421569,1,stop
028300,2021-10-15,2021-10-18,46550.0,45153.5,69,-109237.64381407527,-0.03397068711421569,1,stop
000150,2021-11-30,2021-12-01,110500.0,107185.0,29,-108984.27111324994,-0.03397068711421558,1,stop
086520,2021-12-03,2021-12-07,22405.0,21732.85,143,-108964.37540452788,-0.03397068711421569,2,stop
352820,2021-12-03,2021-12-08,333500.0,341000.0,9,55000.25932499999,0.018303206213550416,3,time
000150,2021-12-03,2021-12-08,110500.0,114500.0,29,102525.3443,0.03195742245111077,3,time
066970,2021-12-07,2021-12-10,203000.0,205900.0,15,30892.74082500022,0.010133743960098585,3,time
277810,2022-01-18,2022-01-21,22000.0,23100.0,146,146963.12477000058,0.04570183353615853,3,time
108490,2022-01-25,2022-01-26,23079.0,22386.63,141,-110672.48151543131,-0.03397068711421558,1,stop
277810,2022-01-26,2022-01-27,21800.0,21146.0,148,-109729.08482439956,-0.03397068711421547,1,stop
319400,2022-01-27,2022-01-28,3365.0,3264.0499999999997,953,-109064.0239969329,-0.03397068711421569,1,stop
058610,2022-01-26,2022-02-03,11300.0,12430.000000000002,286,308982.6864410001,0.0954971589426421,3,target
108490,2022-01-28,2022-02-03,21716.0,23887.600000000002,146,303125.41949932,0.0954971589426421,1,target
138040,2022-02-03,2022-02-04,44450.0,48895.00000000001,75,318729.8195812511,0.09549715894264255,1,target
319400,2022-02-03,2022-02-04,3350.0,3685.0000000000005,998,319642.86638350086,0.09549715894264232,1,target
031980,2022-01-28,2022-02-07,14450.0,14016.5,220,-108117.02227149997,-0.03397068711421558,3,stop
138040,2022-02-11,2022-02-15,41550.0,40303.5,82,-115874.64818535,-0.03397068711421558,2,stop
298380,2022-02-14,2022-02-15,23800.0,26180.000000000004,143,325388.846783001,0.09549715894264232,1,target
298380,2022-02-18,2022-02-23,24500.0,26050.0,141,203748.4717725003,0.05891283823583793,3,time
032820,2022-04-11,2022-04-12,2215.0,2148.5499999999997,1580,-119023.95182245038,-0.03397068711421569,1,stop
214370,2022-05-09,2022-05-10,20820.0,20195.399999999998,167,-118249.88971899031,-0.03397068711421569,1,stop
329180,2022-05-12,2022-05-13,124500.0,120765.0,27,-114323.80319774989,-0.03397068711421558,1,stop
214370,2022-05-13,2022-05-17,18400.0,20240.0,186,327205.37968799984,0.0954971589426421,2,target
028300,2022-06-09,2022-06-10,34486.0,33451.42,101,-118458.91369473096,-0.03397068711421558,1,stop
028300,2022-06-13,2022-06-15,32334.0,31363.98,107,-117664.8538532732,-0.03397068711421569,2,stop
257720,2022-07-27,2022-07-28,4050.0,3928.5,851,-117216.333158175,-0.03397068711421558,1,stop
214370,2022-08-30,2022-09-02,23940.0,26334.000000000004,143,327302.89882290084,0.09549715894264232,3,target
277810,2022-09-08,2022-09-13,27600.0,30360.000000000004,126,332482.8858120004,0.09549715894264232,1,target
000150,2022-09-08,2022-09-14,73000.0,70810.0,47,-116687.48141349945,-0.03397068711421547,2,stop
298040,2022-09-19,2022-09-20,63700.0,61789.0,55,-119153.1889047497,-0.03397068711421547,1,stop
012450,2022-09-27,2022-09-28,67535.0,65508.95,51,-117139.30105517292,-0.03397068711421569,1,stop
078600,2022-09-27,2022-09-28,81600.0,79152.0,43,-119333.44062480051,-0.03397068711421569,1,stop
009830,2022-09-27,2022-09-30,57888.0,58887.0,60,45529.09778699977,0.013093327533031829,3,time
064350,2022-09-29,2022-09-30,25900.0,25123.0,133,-117153.41510495031,-0.03397068711421569,1,stop
003670,2022-09-30,2022-10-06,145881.0,153636.0,23,164088.63223514985,0.048848666262300666,3,time
377300,2023-01-02,2023-01-03,54700.0,53059.0,63,-117201.02876685048,-0.03397068711421569,1,stop
257720,2023-01-02,2023-01-03,2480.0,2405.6,1403,-118334.91411523987,-0.03397068711421558,1,stop
298040,2023-01-05,2023-01-06,72100.0,69937.0,47,-115248.86862895032,-0.03397068711421569,1,stop
257720,2023-01-06,2023-01-11,2425.0,2600.0,1406,231351.61448749993,0.06777604995346564,3,time
042660,2023-03-09,2023-03-10,20033.0,19432.01,172,-117186.60862924624,-0.03397068711421569,1,stop
058610,2023-03-10,2023-03-13,23850.0,22180.5,143,-252011.80297507485,-0.07380694743940253,1,stop
007660,2023-03-10,2023-03-13,8771.0,8157.03,391,-253409.17149512656,-0.07380694743940264,1,stop
042660,2023-03-13,2023-03-15,19589.0,21547.9,170,318383.7222593501,0.0954971589426421,2,target
080220,2023-03-15,2023-03-16,4550.0,5005.0,919,399775.8692427501,0.0954971589426421,1,target
108490,2023-03-20,2023-03-21,40608.0,37765.439999999995,112,-336067.1660183063,-0.07380694743940308,1,stop
028050,2023-03-10,2023-03-24,28650.0,29250.0,119,57217.31106000021,0.016763188928201833,10,time
003670,2023-03-10,2023-03-24,236027.0,252991.0,14,223253.84799759975,0.06748542920189005,10,time
012330,2023-03-10,2023-03-24,217000.0,210500.0,15,-110552.20612500003,-0.0339247928050852,10,time
403870,2023-03-23,2023-03-24,22650.0,27180.0,187,827254.5463544996,0.19508780975560946,1,target
277810,2023-03-24,2023-03-27,142700.0,132711.0,26,-274153.49178230064,-0.07380694743940275,1,stop
247540,2023-03-24,2023-03-27,245000.0,227849.99999999997,15,-271552.4991375003,-0.07380694743940264,1,stop
086520,2023-03-24,2023-03-27,94374.0,87767.81999999999,40,-278938.72711403994,-0.07380694743940253,1,stop
051910,2023-03-14,2023-03-28,708000.0,704000.0,4,-27558.933600000106,-0.009720082311735934,10,time
066970,2023-03-27,2023-04-03,285000.0,342000.0,12,667967.6898000003,0.1950878097556097,5,target
403870,2023-03-27,2023-04-03,26650.0,24784.5,132,-259936.7024396998,-0.07380694743940253,5,stop
058610,2023-03-24,2023-04-04,34650.0,32224.499999999996,109,-279078.3826850252,-0.07380694743940264,7,stop
042700,2023-03-27,2023-04-04,20400.0,18972.0,173,-260779.0693758009,-0.07380694743940286,6,stop
028050,2023-04-03,2023-04-07,31900.0,29666.999999999996,115,-271072.20220025023,-0.07380694743940264,4,stop
078600,2023-04-03,2023-04-07,105200.0,126240.0,35,719139.4835799993,0.19508780975560946,4,target
000250,2023-03-28,2023-04-11,78500.0,86300.0,37,275845.9708700003,0.0948628235871456,10,time
078600,2023-04-10,2023-04-11,132300.0,123038.99999999999,31,-303052.5890374505,-0.07380694743940275,1,stop
086520,2023-04-11,2023-04-12,148134.0,137764.62,23,-251755.54608609248,-0.07380694743940241,1,stop
214370,2023-04-04,2023-04-18,42700.0,44200.0,79,104326.1980150002,0.030891514270061426,10,time
095340,2023-04-04,2023-04-18,39300.0,38500.0,86,-82448.27052000025,-0.02436639788823225,10,time
128940,2023-04-07,2023-04-21,304640.0,306113.0,12,2642.1824921998195,0.0007219305511392271,10,time
267260,2023-04-18,2023-04-21,49950.0,46453.5,68,-250981.0118559003,-0.07380694743940264,3,stop
003670,2023-04-18,2023-04-24,390148.0,362837.63999999996,8,-230630.01781441597,-0.07380694743940253,4,stop
373220,2023-04-11,2023-04-25,600000.0,558000.0,5,-221675.5094999997,-0.07380694743940253,10,stop
042660,2023-04-21,2023-04-25,26474.0,24620.82,133,-260176.25977363298,-0.07380694743940253,2,stop
000270,2023-04-12,2023-04-26,86200.0,85700.0,44,-37478.795859999955,-0.009870211755068192,10,time
012330,2023-04-25,2023-04-26,234500.0,218084.99999999997,12,-207931.62791100005,-0.07380694743940264,1,stop
047810,2023-04-26,2023-04-28,58600.0,54497.99999999999,57,-246813.51227730047,-0.07380694743940275,2,stop
064350,2023-04-21,2023-05-09,32050.0,33700.0,110,166516.72482500086,0.047177826020906144,10,time
267260,2023-04-24,2023-05-10,51800.0,48174.0,56,-214345.43931919988,-0.07380694743940253,10,stop
267270,2023-04-28,2023-05-10,67600.0,62867.99999999999,46,-229774.05478040036,-0.07380694743940264,6,stop
000810,2023-04-25,2023-05-11,217500.0,230000.0,13,150433.28137500025,0.05314251434402384,10,time
010120,2023-04-26,2023-05-12,13000.0,12780.0,261,-71155.91556899995,-0.02094729431559672,10,time
043260,2023-05-09,2023-05-12,1657.0,1541.01,2254,-275976.99452344654,-0.07380694743940241,3,stop
319400,2023-05-12,2023-05-15,4825.0,4487.25,725,-258482.88055656245,-0.07380694743940253,1,stop
005380,2023-05-11,2023-05-25,211500.0,203500.0,13,-114961.40369999968,-0.04176371440005289,10,time
066570,2023-05-11,2023-05-25,115500.0,112600.0,24,-80755.02612000005,-0.029098936663191632,10,time
000270,2023-05-11,2023-05-25,90500.0,87100.0,31,-116586.77562999958,-0.04150876399895387,10,time
042660,2023-05-25,2023-05-26,27007.0,25116.51,99,-197564.0860071946,-0.07380694743940264,1,stop
000810,2023-05-15,2023-05-30,224000.0,225500.0,15,8663.716875000391,0.002575524925185979,10,time
138040,2023-05-15,2023-05-30,46300.0,45000.0,72,-106985.82204,-0.032056309593188725,10,time
007660,2023-05-26,2023-05-31,12895.0,15474.0,197,496154.4859398501,0.1950878097556097,2,target
010140,2023-05-25,2023-06-12,6180.0,6530.0,434,140460.32702099998,0.052308980272941064,10,time
095340,2023-05-25,2023-06-12,50800.0,52500.0,52,77313.58725999994,0.029234088126140145,10,time
402340,2023-05-30,2023-06-14,46500.0,47150.0,70,32026.222725000232,0.009827781899229393,10,time
000660,2023-05-30,2023-06-14,113200.0,118800.0,29,148467.66571999947,0.045173967895806744,10,time
066570,2023-05-31,2023-06-15,125200.0,123600.0,24,-50601.06624000054,-0.016820731590832527,10,time
047050,2023-06-12,2023-06-15,37100.0,35987.0,75,-94632.15302624973,-0.03397068711421547,3,stop
086520,2023-06-14,2023-06-15,147545.0,143118.65,22,-110395.33599341474,-0.03397068711421547,1,stop
067310,2023-06-14,2023-06-15,17608.0,17079.76,192,-114978.0149122565,-0.03397068711421569,1,stop
007660,2023-06-12,2023-06-16,17504.0,20129.6,160,407379.9531391999,0.1452924843491259,4,target
214150,2023-06-15,2023-06-16,32300.0,31331.0,94,-103260.42875770014,-0.03397068711421558,1,stop
031980,2023-06-15,2023-06-16,12810.0,14731.499999999998,237,441610.95904222457,0.14529248434912567,1,target
010170,2023-06-16,2023-06-19,2217.0,2150.49,1462,-110234.26577715948,-0.03397068711421569,1,stop
267270,2023-06-15,2023-06-20,69500.0,79925.0,43,434705.99218625017,0.1452924843491259,3,target
403870,2023-06-16,2023-06-20,30500.0,29585.0,106,-109953.54923049966,-0.03397068711421547,2,stop
031980,2023-06-19,2023-06-20,15750.0,18112.5,199,455906.72779312544,0.1452924843491259,1,target
214370,2023-06-20,2023-06-21,46100.0,44717.0,73,-114453.04028004967,-0.03397068711421547,1,stop
042660,2023-06-21,2023-06-22,34159.0,33134.229999999996,96,-111526.97669774434,-0.03397068711421569,1,stop
086280,2023-06-15,2023-06-26,94186.0,96388.0,32,57904.490518399514,0.019190076079280027,7,time
012450,2023-06-20,2023-06-26,139860.0,135664.19999999998,24,-114158.51577144023,-0.03397068711421569,4,stop
087010,2023-06-20,2023-06-26,8740.0,10051.0,386,490728.2996417,0.1452924843491259,4,target
082920,2023-06-22,2023-06-26,11481.0,11136.57,277,-108159.0923427646,-0.03397068711421558,2,stop
353200,2023-06-16,2023-06-27,29200.0,31200.0,111,208062.4470599997,0.06411928265910438,7,time
031980,2023-06-26,2023-06-27,17780.0,17246.6,186,-112472.99214017997,-0.03397068711421558,1,stop
178320,2023-06-26,2023-06-27,20350.0,19739.5,162,-112119.97084695008,-0.03397068711421558,1,stop
145020,2023-06-27,2023-06-28,114100.0,110677.0,28,-108654.37645580014,-0.03397068711421558,1,stop
087010,2023-06-28,2023-06-29,11105.0,10771.85,294,-111037.44023389416,-0.03397068711421536,1,stop
310210,2023-06-26,2023-06-30,40378.0,39166.659999999996,82,-112606.17435446661,-0.0339706871142158,4,stop
131970,2023-06-27,2023-06-30,42900.0,41613.0,76,-110885.41661339952,-0.03397068711421547,3,stop
098460,2023-06-29,2023-06-30,16930.0,16422.1,190,-109399.19016694976,-0.03397068711421547,1,stop
084370,2023-06-30,2023-07-06,34250.0,31852.499999999996,92,-232833.17681150045,-0.07380694743940275,4,stop
036930,2023-06-30,2023-07-07,19150.0,17809.5,165,-233479.7303808746,-0.07380694743940241,5,stop
267270,2023-06-29,2023-07-10,82600.0,85100.0,39,84010.62364500016,0.026048956922945843,7,time
031980,2023-06-30,2023-07-10,20800.0,19344.0,152,-233616.43027839996,-0.07380694743940253,6,stop
042660,2023-07-10,2023-07-12,36824.0,44188.799999999996,85,611334.9671875993,0.19508780975560946,2,target
307950,2023-06-30,2023-07-14,139200.0,159000.0,22,421765.5017400007,0.13756562351018897,10,time
086520,2023-07-06,2023-07-18,185609.0,222730.8,16,580027.2043793602,0.1950878097556097,8,target
087010,2023-07-12,2023-07-18,15922.0,19106.399999999998,259,805428.0184976193,0.19508780975560946,4,target
000270,2023-07-07,2023-07-21,88100.0,84500.0,34,-134314.90695999935,-0.04478887699253664,10,time
003670,2023-07-10,2023-07-21,395480.0,474576.0,7,540694.4543083995,0.19508780975560946,9,target
095610,2023-07-18,2023-07-21,23300.0,21669.0,182,-313345.72186189983,-0.07380694743940253,3,stop
247540,2023-07-21,2023-07-25,348500.0,418200.0,9,612596.6839349996,0.19508780975560946,2,target
003490,2023-07-21,2023-07-26,26250.0,24412.5,128,-248276.57063999958,-0.07380694743940241,3,stop
047050,2023-07-25,2023-07-26,70500.0,84600.0,56,771092.5261199996,0.19508780975560946,1,target
036930,2023-07-18,2023-07-27,21450.0,25740.0,198,829510.4021489993,0.19508780975560946,7,target
086520,2023-07-26,2023-07-27,255653.0,237757.28999999998,15,-283360.0451510176,-0.07380694743940264,1,stop
096770,2023-07-26,2023-07-27,205153.0,190792.28999999998,19,-288023.50673620636,-0.07380694743940275,1,stop
042700,2023-07-14,2023-07-28,43250.0,47150.0,80,296900.4364,0.085710794411888,10,time
247540,2023-07-27,2023-07-28,445000.0,413850.0,9,-295936.8051824998,-0.07380694743940253,1,stop
009540,2023-07-27,2023-07-28,126800.0,117923.99999999999,32,-299823.5157824005,-0.07380694743940275,1,stop
095340,2023-07-28,2023-08-01,106500.0,99045.0,35,-275431.82055374933,-0.07380694743940241,2,stop
096770,2023-08-01,2023-08-02,222864.0,207263.52,15,-247017.45374604035,-0.07380694743940264,1,stop
084370,2023-07-28,2023-08-03,35050.0,32596.499999999996,109,-282300.06675642496,-0.07380694743940253,4,stop
036930,2023-08-02,2023-08-03,29000.0,26970.0,114,-244286.41146899993,-0.07380694743940253,1,stop
138040,2023-07-21,2023-08-04,47250.0,50200.0,71,195084.0944775003,0.05808479805523126,10,time
039030,2023-08-04,2023-08-07,168900.0,157077.0,22,-274567.2860666998,-0.07380694743940253,1,stop
298040,2023-08-03,2023-08-08,165600.0,198720.0,19,614530.2746160002,0.1950878097556097,3,target
326030,2023-07-27,2023-08-10,83400.0,100080.0,49,798162.7956539998,0.19508780975560946,10,target
005940,2023-07-28,2023-08-11,9700.0,10400.0,394,259324.42705000052,0.06777604995346564,10,time
257720,2023-08-07,2023-08-11,9010.0,8379.3,385,-256319.6970430254,-0.07380694743940264,4,stop
003230,2023-08-08,2023-08-14,124100.0,148920.0,30,727147.2833699989,0.19508780975560924,4,target
214450,2023-08-11,2023-08-14,155100.0,144243.0,23,-263594.3483464499,-0.07380694743940253,1,stop
310210,2023-08-14,2023-08-16,72924.0,67819.31999999999,55,-296366.8556709299,-0.07380694743940253,1,stop
161390,2023-08-03,2023-08-18,40300.0,39650.0,81,-65872.53942749975,-0.020156500065965144,10,time
128940,2023-08-14,2023-08-18,324263.0,301564.58999999997,12,-287524.6629479951,-0.07380694743940286,3,stop
087010,2023-08-10,2023-08-25,33676.0,37698.0,146,565331.2661162,0.1148498498477395,10,time
042700,2023-08-21,2023-08-25,58800.0,54683.99999999999,58,-252000.71919960016,-0.07380694743940264,4,stop
000810,2023-08-11,2023-08-28,246500.0,255000.0,14,104506.29385000002,0.030248111858284243,10,time
003230,2023-08-16,2023-08-30,179200.0,189900.0,21,208615.22692500008,0.05537190788964974,10,time
131970,2023-08-25,2023-09-01,45550.0,54660.0,95,845164.6741775004,0.1950878097556097,5,target
005830,2023-08-21,2023-09-04,83000.0,80900.0,41,-99792.34749499941,-0.029291126413365176,10,time
039030,2023-08-25,2023-09-08,161100.0,157100.0,27,-125507.55114000011,-0.028821151910789045,10,time
042700,2023-09-01,2023-09-08,58500.0,54405.0,89,-384717.84673724975,-0.07380694743940253,5,stop
138040,2023-08-28,2023-09-11,51600.0,55300.0,69,239956.13155499985,0.06731840890641494,10,time
277810,2023-09-08,2023-09-11,190500.0,228600.0,23,855760.3604850005,0.1950878097556097,1,target
058610,2023-09-11,2023-09-12,42850.0,39850.5,107,-338790.3757606745,-0.07380694743940241,1,stop
000150,2023-09-11,2023-09-12,120000.0,144000.0,38,890623.5864000004,0.1950878097556097,1,target
009540,2023-08-30,2023-09-13,123900.0,119300.0,32,-163014.5904000001,-0.04106822905673779,10,time
067310,2023-09-04,2023-09-13,25430.0,23649.899999999998,130,-244279.02228535013,-0.07380694743940264,7,stop
196170,2023-09-12,2023-09-13,51900.0,62280.0,93,942713.3474730002,0.1950878097556097,1,target
087010,2023-09-12,2023-09-13,42979.0,39970.469999999994,113,-358865.0882254867,-0.07380694743940286,1,stop
267250,2023-09-08,2023-09-22,63500.0,67200.0,71,243448.81256500073,0.053935706241167614,10,time
000100,2023-09-13,2023-09-22,74556.0,69337.08,57,-314017.54643935757,-0.07380694743940241,7,stop
196170,2023-09-22,2023-09-26,75400.0,70122.0,57,-317572.3349097003,-0.07380694743940264,2,stop
024110,2023-09-13,2023-09-27,10850.0,11210.0,396,124531.39987200126,0.028950410703562746,10,time
084370,2023-09-13,2023-09-27,37850.0,38550.0,113,61338.60293499939,0.014324858346075331,10,time
016360,2023-09-14,2023-10-04,38300.0,35619.0,114,-322626.53652629955,-0.07380694743940241,10,stop
000250,2023-09-27,2023-10-04,76500.0,74205.0,57,-148299.55193924997,-0.03397068711421558,1,stop
087010,2023-09-27,2023-10-05,29364.0,28483.079999999998,149,-148800.71974050626,-0.03397068711421569,2,stop
277810,2023-10-05,2023-10-06,157800.0,153066.0,26,-139535.2371737999,-0.03397068711421558,1,stop
067310,2023-10-05,2023-10-06,21369.0,20727.93,195,-141717.13323036768,-0.03397068711421558,1,stop
058610,2023-10-06,2023-10-10,32850.0,31864.5,124,-138535.35027389973,-0.03397068711421547,1,stop
277810,2023-10-10,2023-10-11,139900.0,135703.0,29,-137980.99121034984,-0.03397068711421558,1,stop
000250,2023-10-06,2023-10-12,74100.0,78700.0,55,235551.92924999958,0.057730663830032114,3,time
307950,2023-10-06,2023-10-12,170500.0,180100.0,23,204077.97925999993,0.051981009467181316,3,time
087010,2023-10-11,2023-10-12,32367.0,35603.700000000004,123,380624.92768129613,0.09549715894264232,1,target
005830,2023-09-22,2023-10-13,90600.0,88700.0,47,-106487.6943749995,-0.024978948442581084,10,time
277810,2023-10-13,2023-10-16,140900.0,136673.0,30,-143759.24917950062,-0.03397068711421569,1,stop
017670,2023-09-26,2023-10-17,50200.0,50000.0,81,-32816.34243000019,-0.008061246882794193,10,time
196170,2023-10-18,2023-10-19,61100.0,59267.0,68,-141303.74461579975,-0.03397068711421547,1,stop
277810,2023-10-18,2023-10-19,143000.0,138710.0,29,-141038.46849949937,-0.03397068711421547,1,stop
196170,2023-10-23,2023-10-24,54900.0,53253.0,74,-138168.0448820996,-0.03397068711421547,1,stop
196170,2023-10-26,2023-10-27,53700.0,59070.00000000001,76,390191.2679940006,0.09549715894264232,1,target
247540,2024-01-04,2024-01-05,265500.0,292050.0,15,380754.8575875005,0.09549715894264232,1,target
454910,2024-01-17,2024-01-18,92700.0,89919.0,45,-141871.70758274943,-0.03397068711421547,1,stop
310210,2024-01-18,2024-01-19,43700.0,42389.0,96,-142677.73885919992,-0.03397068711421558,1,stop
028300,2024-01-18,2024-01-19,43450.0,47795.00000000001,96,398795.89754400076,0.09549715894264232,1,target
068270,2024-01-18,2024-01-23,163750.0,167063.0,25,65803.82150875032,0.0160557494208724,3,time
454910,2024-01-22,2024-01-23,86300.0,83711.0,49,-143817.06576894876,-0.03397068711421525,1,stop
141080,2024-01-22,2024-01-23,50000.0,55000.00000000001,86,411110.0785000017,0.09549715894264255,1,target
454910,2024-01-25,2024-01-26,81700.0,79249.0,53,-147265.6552808499,-0.03397068711421558,1,stop
078930,2024-02-02,2024-02-15,50500.0,46965.0,85,-317180.7081762492,-0.07380694743940241,7,stop
028260,2024-02-02,2024-02-20,152900.0,162300.0,28,244878.85940000135,0.05713293832208133,10,time
000810,2024-02-02,2024-02-20,292000.0,303000.0,14,136792.55869999994,0.033423534120861076,10,time
006800,2024-02-02,2024-02-20,8313.0,8662.0,517,162287.7444721507,0.03771709051115635,10,time
024110,2024-02-02,2024-02-20,13210.0,13660.0,325,128224.25053749979,0.029832165106082886,10,time
030200,2024-02-20,2024-02-21,42200.0,39246.0,104,-324296.4920312003,-0.07380694743940264,1,stop
178320,2024-02-15,2024-02-23,22750.0,21157.5,185,-310992.26686937595,-0.07380694743940275,6,stop
003550,2024-02-20,2024-02-26,102900.0,95697.0,42,-319345.73898570053,-0.07380694743940275,4,stop
031980,2024-02-23,2024-02-26,41900.0,38967.0,94,-291030.3872388997,-0.07380694743940253,1,stop
012450,2024-02-20,2024-02-27,155242.0,186290.4,28,848978.3399994392,0.19508780975560946,5,target
267260,2024-02-21,2024-02-28,130500.0,121364.99999999999,32,-308572.30922400067,-0.07380694743940275,5,stop
098460,2024-02-26,2024-02-28,21000.0,19530.0,183,-283966.32766949944,-0.07380694743940241,2,stop
196170,2024-02-26,2024-02-29,143000.0,171600.0,26,726170.7224199995,0.19508780975560946,3,target
015760,2024-02-20,2024-03-06,23300.0,24650.0,189,236350.5617025001,0.053609245725170895,10,time
319660,2024-02-28,2024-03-07,22400.0,26880.0,167,730623.8403520002,0.1950878097556097,5,target
079550,2024-03-06,2024-03-08,154100.0,184920.0,30,902928.2543700002,0.1950878097556097,2,target
032830,2024-02-27,2024-03-13,90500.0,99300.0,58,487383.8634799998,0.09274603599200759,10,time
012450,2024-02-29,2024-03-13,199656.0,185680.08,22,-324564.8671813677,-0.07380694743940253,8,stop
036930,2024-02-28,2024-03-14,34700.0,34050.0,108,-85351.46121000033,-0.022748801100420213,10,time
298380,2024-03-07,2024-03-20,26750.0,24877.5,170,-336023.1264837496,-0.07380694743940253,9,stop
055550,2024-03-08,2024-03-22,45800.0,50600.0,120,551778.216,0.1002809893310379,10,time
950160,2024-03-20,2024-03-22,13320.0,15984.0,318,827295.5619143993,0.19508780975560946,2,target
267260,2024-03-14,2024-03-26,146000.0,175200.0,25,712889.4935000003,0.1950878097556097,8,target
005290,2024-03-22,2024-03-26,47200.0,43896.0,117,-408060.2778876005,-0.07380694743940264,2,stop
319660,2024-03-13,2024-03-27,27000.0,28850.0,182,315568.8367650006,0.06414454664967106,10,time
024110,2024-03-13,2024-03-27,14790.0,14790.0,332,-20123.30949600041,-0.004093491870325483,10,time
000250,2024-03-26,2024-03-27,118100.0,141720.0,40,922654.7855600007,0.1950878097556097,1,target
042700,2024-03-27,2024-03-28,110300.0,132360.0,47,1012517.9241790008,0.1950878097556097,1,target
257720,2024-03-22,2024-04-01,10830.0,12996.0,513,1085113.5120801004,0.1950878097556097,6,target
033780,2024-03-26,2024-04-09,92800.0,90900.0,51,-116010.29491499905,-0.024483819084187064,10,time
005930,2024-03-27,2024-04-11,79200.0,84100.0,66,301024.48958999943,0.0575219360316368,10,time
000660,2024-03-27,2024-04-11,176700.0,188400.0,29,317299.3203750001,0.06184938388019634,10,time
259960,2024-03-28,2024-04-11,255500.0,237614.99999999997,25,-471984.1056437511,-0.07380694743940275,9,stop
240810,2024-04-01,2024-04-11,41650.0,38734.5,161,-495492.79342622496,-0.07380694743940253,7,stop
010120,2024-04-09,2024-04-12,24560.0,28243.999999999996,189,675200.1548501998,0.1452924843491259,2,target
039030,2024-04-11,2024-04-12,244000.0,280600.0,23,816319.2331100004,0.1452924843491259,1,target
267260,2024-04-11,2024-04-12,210500.0,242074.99999999997,27,826719.5939737484,0.14529248434912567,1,target
001440,2024-04-11,2024-04-16,12840.0,12454.8,449,-196071.69931385946,-0.03397068711421547,3,stop
006260,2024-04-12,2024-04-16,116200.0,112714.0,53,-209452.49869810045,-0.03397068711421569,2,stop
298040,2024-04-12,2024-04-16,325000.0,315250.0,19,-210010.25873749983,-0.03397068711421558,2,stop
267260,2024-04-16,2024-04-17,234000.0,226980.0,24,-190998.80373600032,-0.03397068711421569,1,stop
010120,2024-04-16,2024-04-17,28180.0,27334.6,207,-198387.7638677098,-0.03397068711421558,1,stop
214450,2024-04-11,2024-04-18,114600.0,131790.0,50,833483.4650250003,0.1452924843491259,5,target
095610,2024-04-17,2024-04-18,30000.0,29100.0,188,-191815.03794000018,-0.03397068711421558,1,stop
161390,2024-04-12,2024-04-19,60000.0,58200.0,103,-210180.30752999894,-0.03397068711421547,5,stop
440110,2024-04-18,2024-04-19,20500.0,19885.0,287,-200096.41413474828,-0.03397068711421525,1,stop
278470,2024-04-18,2024-04-19,50700.0,49179.0,116,-200018.19169019908,-0.03397068711421547,1,stop
003230,2024-04-16,2024-04-22,242500.0,278875.0,24,846574.8283500001,0.1452924843491259,4,target
031980,2024-04-18,2024-04-22,47300.0,45881.0,124,-199474.03555419948,-0.03397068711421547,2,stop
042660,2024-04-19,2024-04-22,33250.0,32252.5,174,-196763.457801749,-0.03397068711421536,1,stop
010120,2024-04-19,2024-04-22,31420.0,30477.399999999998,184,-196619.93662088085,-0.03397068711421569,1,stop
090430,2024-04-19,2024-04-22,145000.0,140650.0,39,-192325.1843174994,-0.03397068711421547,1,stop
095610,2024-04-22,2024-04-23,26600.0,25802.0,219,-198120.4471658999,-0.03397068711421558,1,stop
042660,2024-04-24,2024-04-25,35050.0,33998.5,164,-195494.89380970038,-0.03397068711421569,1,stop
010120,2024-04-24,2024-04-29,31000.0,35650.0,186,838720.0103549995,0.14529248434912567,3,target
440110,2024-04-22,2024-05-02,18800.0,18236.0,310,-198208.8725379994,-0.03397068711421547,7,stop
267260,2024-04-24,2024-05-02,245000.0,237650.0,23,-191644.9891474992,-0.03397068711421547,5,stop
087010,2024-04-25,2024-05-03,26844.0,30870.6,219,855133.0889343293,0.14529248434912567,5,target
003230,2024-04-24,2024-05-07,282000.0,305500.0,20,445500.56850000005,0.07889871714048091,7,time
079550,2024-05-03,2024-05-08,177700.0,165261.0,38,-498962.01514989976,-0.07380694743940253,2,stop
105560,2024-04-29,2024-05-10,74100.0,79300.0,89,434408.42327999976,0.06579468413877465,7,time
001440,2024-05-08,2024-05-13,14150.0,16980.0,442,1221541.0299169999,0.19508780975560946,3,target
272210,2024-05-02,2024-05-17,19740.0,18358.199999999997,280,-408414.95870279986,-0.07380694743940253,9,stop
058470,2024-05-07,2024-05-17,56965.0,52977.45,107,-450389.5858858079,-0.07380694743940264,7,stop
090430,2024-05-02,2024-05-20,172400.0,179700.0,32,210302.38575999904,0.03807656328829756,10,time
257720,2024-05-13,2024-05-20,26000.0,31200.0,287,1457419.5617799992,0.19508780975560946,4,target
000810,2024-05-20,2024-05-23,365500.0,339915.0,20,-540149.3248149995,-0.07380694743940253,3,stop
032820,2024-05-20,2024-05-23,1970.0,2364.0,3730,1435173.503338999,0.19508780975560946,3,target
010120,2024-05-17,2024-05-24,38900.0,46680.0,138,1048474.8983580004,0.1950878097556097,5,target
214150,2024-05-10,2024-05-27,48500.0,49000.0,145,43465.67487500049,0.006173585533073345,10,time
018260,2024-05-24,2024-05-30,166900.0,155217.0,40,-493301.9004739998,-0.07380694743940253,4,stop
007660,2024-05-17,2024-05-31,49209.0,46681.0,109,-296721.50622059964,-0.05525591444651701,10,time
005380,2024-05-23,2024-05-31,273500.0,254354.99999999997,28,-565863.6839170018,-0.07380694743940286,6,stop
034020,2024-05-30,2024-06-04,20700.0,19251.0,310,-474163.91482050065,-0.07380694743940264,3,stop
009150,2024-05-23,2024-06-07,156400.0,151000.0,49,-295226.9114899989,-0.0384790106932168,10,time
267260,2024-05-27,2024-06-07,285000.0,265050.0,24,-505420.1616599988,-0.07380694743940241,8,stop
090430,2024-06-04,2024-06-10,185400.0,172422.0,32,-438385.48758719955,-0.07380694743940253,3,stop
031980,2024-06-07,2024-06-10,65000.0,78000.0,106,1345700.9891,0.19508780975560946,1,target
078600,2024-05-31,2024-06-11,117600.0,141120.0,51,1171404.3907439988,0.19508780975560946,6,target
000100,2024-06-10,2024-06-11,82700.0,76911.0,83,-507200.95491965115,-0.07380694743940275,1,stop
145020,2024-06-10,2024-06-11,213000.0,255600.0,32,1331247.8870400004,0.1950878097556097,1,target
237690,2024-06-11,2024-06-12,107300.0,99789.0,67,-531215.8017821508,-0.07380694743940264,1,stop
017670,2024-05-31,2024-06-17,52200.0,51000.0,116,-163605.05207999982,-0.026987894356064968,10,time
079550,2024-06-11,2024-06-19,177400.0,212880.0,40,1385935.3002400016,0.1950878097556099,6,target
272210,2024-06-19,2024-06-20,21400.0,19902.0,397,-627770.2645366993,-0.07380694743940253,1,stop
196170,2024-06-07,2024-06-21,245000.0,281000.0,28,976914.7135999994,0.1422437909568921,10,time
402340,2024-06-11,2024-06-25,89400.0,95600.0,81,471042.78380999994,0.06497384985678845,10,time
278470,2024-06-12,2024-06-26,72800.0,80500.0,95,701000.3502249997,0.10124277341262089,10,time
003230,2024-06-17,2024-07-01,655000.0,615000.0,9,-383097.5909999991,-0.06491220992404578,10,time
087010,2024-07-01,2024-07-02,47873.0,57447.6,115,1075270.7542650495,0.19508780975560946,1,target
141080,2024-06-21,2024-07-03,74900.0,69657.0,105,-581122.3481542496,-0.07380694743940253,8,stop
000100,2024-07-02,2024-07-03,83200.0,77376.0,79,-485676.26294719987,-0.07380694743940253,1,stop
009540,2024-06-20,2024-07-04,147200.0,159700.0,53,628574.3997549992,0.08047737329014293,10,time
021240,2024-06-26,2024-07-05,61000.0,56729.99999999999,127,-572440.0573655013,-0.07380694743940275,7,stop
329180,2024-06-25,2024-07-09,152000.0,152400.0,50,-11205.280999999493,-0.0014726852699840087,10,time
005830,2024-07-03,2024-07-09,113000.0,105090.0,59,-492636.87394549977,-0.07380694743940253,4,stop
087010,2024-07-04,2024-07-10,59891.0,71869.2,142,1661036.816723181,0.1950878097556097,4,target
298380,2024-07-05,2024-07-10,29400.0,27341.999999999996,244,-530070.4783164011,-0.07380694743940275,3,stop
032820,2024-07-10,2024-07-11,2925.0,2720.25,2907,-628300.4384635864,-0.07380694743940241,1,stop
034020,2024-07-10,2024-07-12,22350.0,20785.5,380,-627563.3673944985,-0.07380694743940241,2,stop
000250,2024-07-11,2024-07-12,212000.0,197160.0,37,-579607.5655059991,-0.07380694743940241,1,stop
086790,2024-07-03,2024-07-17,63900.0,62000.0,104,-224252.46324000042,-0.03370573546103561,10,time
950160,2024-07-17,2024-07-18,18050.0,17508.5,357,-219153.78231022507,-0.03397068711421558,1,stop
267270,2024-07-18,2024-07-19,63700.0,61789.0,97,-210142.89679565,-0.03397068711421558,1,stop
079550,2024-07-19,2024-07-22,230500.0,223585.0,26,-203820.48269049916,-0.03397068711421547,1,stop
009150,2024-07-09,2024-07-23,165200.0,159900.0,41,-244417.31697499938,-0.0360444875911925,10,time
000100,2024-07-09,2024-07-23,88400.0,96800.0,77,616997.5734999999,0.09054015822344463,10,time
226950,2024-07-22,2024-07-23,13860.0,15938.999999999998,420,846749.3798609991,0.14529248434912567,1,target
267270,2024-07-23,2024-07-24,65100.0,63147.0,105,-232473.70422674902,-0.03397068711421547,1,stop
009540,2024-07-23,2024-07-25,186600.0,181002.0,36,-228463.95369960088,-0.03397068711421569,2,stop
010120,2024-07-24,2024-07-25,51600.0,50052.0,134,-235157.07417240087,-0.03397068711421569,1,stop
017670,2024-07-12,2024-07-26,52300.0,54200.0,145,243609.11252500024,0.03208666808084826,10,time
005930,2024-07-12,2024-07-26,85900.0,80900.0,88,-469681.9714399986,-0.06206243879289064,10,time
090430,2024-07-23,2024-07-26,177700.0,172369.0,38,-229654.2952471003,-0.03397068711421558,3,stop
347850,2024-07-25,2024-07-29,9522.0,9236.34,691,-223774.07602196652,-0.03397068711421547,2,stop
010140,2024-07-29,2024-08-02,11990.0,11150.699999999999,614,-543981.3554558903,-0.07380694743940264,4,stop
226950,2024-07-25,2024-08-05,14660.0,14220.199999999999,449,-223863.79376489017,-0.03397068711421558,7,stop
012450,2024-07-26,2024-08-05,303559.0,282309.87,23,-515902.23591038026,-0.07380694743940253,6,stop
145020,2024-07-26,2024-08-05,242500.0,225524.99999999997,29,-519644.3401862504,-0.07380694743940264,6,stop
005940,2024-08-02,2024-08-05,13880.0,12908.4,491,-503578.77709442005,-0.07380694743940253,1,stop
087010,2024-08-06,2024-08-07,56208.0,61828.8,114,612622.0891454397,0.0954971589426421,1,target
310210,2024-08-06,2024-08-07,64600.0,71060.0,99,611444.975823001,0.09549715894264232,1,target
207940,2024-07-26,2024-08-09,1284832.0,1412874.0,5,611995.1363975005,0.09515517341349389,10,time
000250,2024-08-07,2024-08-12,156500.0,159700.0,45,114713.90729999915,0.016270091682485832,3,time
087010,2024-08-09,2024-08-12,63961.0,62042.17,110,-239282.7979760347,-0.03397068711421558,1,stop
017670,2024-08-05,2024-08-20,54100.0,54900.0,118,67959.61491999961,0.010633406586305627,10,time
032640,2024-08-05,2024-08-20,10050.0,9690.0,638,-255280.14045600127,-0.03976775484810491,10,time
214450,2024-08-16,2024-08-26,184600.0,171678.0,37,-504696.0216622995,-0.07380694743940253,6,stop
145020,2024-08-20,2024-08-27,289000.0,268770.0,22,-469804.2964669997,-0.07380694743940253,5,stop
055550,2024-08-27,2024-08-28,61800.0,57473.99999999999,96,-438385.4875872005,-0.07380694743940264,1,stop
259960,2024-08-16,2024-08-30,334500.0,327000.0,20,-176974.75050000008,-0.026423234205071422,10,time
326030,2024-08-16,2024-08-30,100000.0,115000.0,69,1003671.1882499997,0.1452924843491259,10,time
138040,2024-08-20,2024-09-03,91600.0,93500.0,71,107849.25453499891,0.016563957534110996,10,time
298380,2024-09-03,2024-09-04,33200.0,30875.999999999996,202,-495548.2123036003,-0.07380694743940264,1,stop
000100,2024-08-30,2024-09-06,135000.0,125549.99999999999,57,-568597.6818674998,-0.07380694743940253,5,stop
021240,2024-08-30,2024-09-06,69500.0,64634.99999999999,112,-575174.0553160012,-0.07380694743940275,5,stop
017670,2024-08-26,2024-09-09,56000.0,56500.0,118,31745.159450001083,0.004798530523689726,10,time
000810,2024-09-04,2024-09-09,368000.0,342240.0,16,-435075.13331199903,-0.07380694743940241,3,stop
207940,2024-08-28,2024-09-11,1440837.0,1443781.0,3,-8908.551757800393,-0.0020585991240024137,10,time
180640,2024-09-27,2024-09-30,91900.0,85467.0,67,-454974.20488144923,-0.07380694743940241,1,stop
347850,2024-09-27,2024-09-30,10635.0,9890.55,584,-458930.3738076603,-0.07380694743940264,1,stop
086280,2024-09-27,2024-10-07,123300.0,114668.99999999999,50,-455543.17202249914,-0.07380694743940241,4,stop
138040,2024-09-27,2024-10-16,99400.0,102800.0,62,184922.1640999997,0.029971720681393865,10,time
030200,2024-09-27,2024-10-16,41500.0,42700.0,149,152931.6689600004,0.02470380475029188,10,time
226950,2024-11-04,2024-11-05,21900.0,21243.0,274,-204078.95685509965,-0.03397068711421558,1,stop
000100,2024-11-04,2024-11-07,133900.0,129883.0,44,-200371.8931785999,-0.03397068711421558,3,stop
226950,2024-11-07,2024-11-08,19800.0,19206.0,299,-201344.5722716991,-0.03397068711421547,1,stop
226950,2024-11-11,2024-11-12,22350.0,21679.5,263,-199911.06095092464,-0.03397068711421547,1,stop
180640,2024-11-12,2024-11-13,77200.0,74884.0,75,-196916.50171500072,-0.03397068711421569,1,stop
347850,2024-11-13,2024-11-14,9809.0,9514.73,592,-197492.21890688874,-0.03397068711421569,1,stop
440110,2024-11-13,2024-11-15,17720.0,17188.399999999998,327,-197067.50504274108,-0.0339706871142158,2,stop
226950,2024-11-14,2024-11-15,20200.0,22220.0,285,550409.4702150002,0.0954971589426421,1,target
226950,2024-11-18,2024-11-19,20150.0,19545.5,289,-198050.72716097534,-0.03397068711421569,1,stop
141080,2024-11-19,2024-11-20,113900.0,110483.0,50,-193685.5746574998,-0.03397068711421558,1,stop
310210,2024-11-19,2024-11-20,99000.0,96030.0,58,-195284.03330700006,-0.03397068711421558,1,stop
440110,2024-11-19,2024-11-21,17570.0,17042.899999999998,330,-197191.98075885046,-0.03397068711421569,2,stop
010130,2024-11-20,2024-11-21,990000.0,960300.0,5,-168348.30457499996,-0.03397068711421558,1,stop
087010,2024-11-25,2024-11-26,81500.0,79055.0,69,-191253.87692474946,-0.03397068711421547,1,stop
010130,2024-11-25,2024-11-26,940000.0,911800.0,6,-191815.03794000112,-0.0339706871142158,1,stop
298040,2024-11-26,2024-11-29,391000.0,403500.0,14,152050.54444999993,0.02774495148420386,3,time
087010,2024-11-28,2024-12-03,81100.0,89210.0,69,535007.1833205,0.0954971589426421,3,target
000150,2024-11-29,2024-12-03,192800.0,212080.00000000003,29,534557.8304440016,0.09549715894264232,2,target
298040,2024-12-03,2024-12-04,386000.0,424600.00000000006,15,553564.501050001,0.09549715894264232,1,target
272210,2024-12-05,2024-12-06,22650.0,21970.5,261,-201053.78883652482,-0.03397068711421558,1,stop
443060,2024-12-06,2024-12-09,126800.0,122996.0,46,-198372.11937879957,-0.03397068711421547,1,stop
042660,2024-12-06,2024-12-09,32600.0,31622.0,180,-199569.2628779998,-0.03397068711421558,1,stop
272210,2024-12-09,2024-12-10,20600.0,19982.0,281,-196868.88805310056,-0.03397068711421569,1,stop
087010,2024-12-09,2024-12-10,82400.0,79928.0,70,-196168.28702799976,-0.03397068711421558,1,stop
272210,2024-12-13,2024-12-17,21200.0,20564.0,270,-194671.85765399877,-0.03397068711421536,2,stop
010130,2024-12-18,2024-12-19,1123000.0,1089310.0,5,-190964.79397750087,-0.03397068711421569,1,stop
010130,2024-12-24,2024-12-26,1128000.0,1240800.0,5,539223.4517999999,0.0954971589426421,1,target
