code,entry_date,exit_date,entry_price,exit_price,shares,pnl_krw,pnl_pct,hold_days,reason
180640,2014-06-09,2014-06-16,26997.0,25107.21,73,-145624.6274293065,-0.07380694743940253,5,stop
000660,2014-06-09,2014-06-23,47000.0,48900.0,42,71474.89880999993,0.03616655845832106,10,time
161390,2014-06-09,2014-06-23,63000.0,61700.0,31,-48184.9781849999,-0.024643943625382025,10,time
006400,2014-06-09,2014-06-23,166924.0,164967.0,11,-28988.504632450175,-0.01576939848896486,10,time
003550,2014-06-10,2014-06-24,59513.0,60742.0,37,36314.78478815034,0.01647292384542376,10,time
064760,2014-06-25,2014-06-27,10900.0,10137.0,183,-147392.0462665502,-0.07380694743940264,2,stop
067310,2014-06-16,2014-06-30,4915.0,5485.0,382,209403.5981470002,0.11140329544074579,10,time
000250,2014-07-01,2014-07-08,8060.0,9672.0,260,409296.2253639996,0.19508780975560946,5,target
095610,2014-06-25,2014-07-09,8970.0,10050.0,222,230892.26594400033,0.11581498402488655,10,time
010130,2014-06-25,2014-07-09,391000.0,411000.0,5,91693.21400000015,0.04684801749692147,10,time
095340,2014-06-27,2014-07-10,15037.0,18044.399999999998,129,378861.3127328695,0.19508780975560924,9,target
058470,2014-06-27,2014-07-11,6247.0,7098.0,312,256741.60326360003,0.13157425879693152,10,time
000720,2014-07-08,2014-07-22,59837.0,60227.0,41,5888.676951099653,0.0023975343871835975,10,time
064760,2014-07-11,2014-07-22,11600.0,10788.0,195,-167143.33416299988,-0.07380694743940253,7,stop
034220,2014-07-09,2014-07-23,30686.0,30224.0,70,-41047.6756269997,-0.019087587117535998,10,time
021240,2014-07-10,2014-07-24,91000.0,92100.0,24,17371.702680000104,0.007944938447725702,10,time
082920,2014-07-10,2014-07-24,3188.0,3241.0,704,28004.19899199996,0.01246329763120313,10,time
035720,2014-07-23,2014-07-29,26413.0,24564.09,80,-156136.4061979598,-0.07380694743940253,4,stop
047040,2014-07-29,2014-08-04,10250.0,9532.5,195,-147691.30820437474,-0.07380694743940241,4,stop
006800,2014-07-22,2014-08-05,9392.0,10317.0,242,213875.42776269978,0.09399142295292306,10,time
005940,2014-07-22,2014-08-05,10350.0,11150.0,220,166149.54180000024,0.07288478895129202,10,time
000720,2014-07-24,2014-08-07,61394.0,60227.0,36,-50945.92259219987,-0.023024053407076916,10,time
071050,2014-07-24,2014-08-07,44500.0,46700.0,50,100557.21950000012,0.04514233549788327,10,time
005830,2014-08-04,2014-08-19,59400.0,60900.0,31,38816.49019499961,0.021055662375373263,10,time
034730,2014-08-05,2014-08-20,185500.0,222600.0,13,470995.3461849997,0.19508780975560946,10,target
000270,2014-08-05,2014-08-20,61500.0,60500.0,40,-49963.64999999991,-0.020287093628531427,10,time
015760,2014-08-07,2014-08-21,44150.0,41059.5,51,-166378.55365522532,-0.07380694743940275,9,stop
066570,2014-08-07,2014-08-22,79400.0,74500.0,28,-145906.64577999967,-0.06555371718311365,10,time
095340,2014-08-26,2014-09-01,22589.0,21007.769999999997,104,-173590.8402486439,-0.07380694743940253,4,stop
086280,2014-08-20,2014-09-03,157061.0,151810.0,15,-88187.8076947499,-0.03738950472003921,10,time
032830,2014-08-20,2014-09-03,108500.0,109000.0,22,1185.168050000444,0.0004959390427148325,10,time
005490,2014-08-21,2014-09-04,347500.0,339500.0,6,-56403.240600000136,-0.027020835942375476,10,time
039030,2014-08-21,2014-09-04,74400.0,80500.0,30,173313.3244500002,0.07756013312417775,10,time
058610,2014-09-01,2014-09-12,7420.0,6900.599999999999,294,-161193.56348802056,-0.07380694743940286,6,stop
105560,2014-09-04,2014-09-15,43250.0,40222.5,52,-166182.7402885002,-0.07380694743940264,4,stop
032820,2014-09-16,2014-09-18,570.0,530.0999999999999,4090,-172264.03843245003,-0.07380694743940264,2,stop
017670,2014-09-03,2014-09-22,48482.0,51243.0,48,122600.23207439994,0.05262235873290955,10,time
032640,2014-09-04,2014-09-23,11850.0,12850.0,190,180212.77320000017,0.07994925143175702,10,time
047810,2014-09-04,2014-09-23,38000.0,40850.0,59,158466.12099250033,0.07059949623940032,10,time
005490,2014-09-12,2014-09-23,359000.0,333870.0,5,-132635.8465175,-0.07380694743940253,7,stop
180640,2014-09-22,2014-09-24,28513.0,26517.089999999997,86,-181191.50233470742,-0.07380694743940275,2,stop
000720,2014-09-19,2014-09-29,63340.0,58906.2,34,-159130.50341293984,-0.07380694743940253,6,stop
030200,2014-09-24,2014-09-30,36700.0,34131.0,60,-162709.82397300005,-0.07380694743940264,4,stop
034220,2014-09-29,2014-10-01,32859.0,30558.87,64,-155392.7587554243,-0.07380694743940275,2,stop
028300,2014-09-23,2014-10-08,2383.0,2601.0,908,188492.91356599983,0.08701335612475192,10,time
003550,2014-09-23,2014-10-08,69621.0,69905.0,31,-66.89888040022925,-3.096119267320674e-05,10,time
034730,2014-09-24,2014-10-10,234500.0,240000.0,9,40704.820424999576,0.01926465650798237,10,time
000250,2014-11-11,2014-11-14,10300.0,10400.0,207,11901.203145000618,0.005575503354234845,3,time
028300,2014-11-18,2014-11-20,2817.0,3098.7000000000003,758,204148.2779255705,0.09549715894264232,2,target
028300,2014-11-24,2014-11-25,2875.0,2788.75,757,-74017.98815543763,-0.03397068711421569,1,stop
028300,2014-11-27,2014-11-28,2819.0,3100.9,767,206718.86320013506,0.0954971589426421,1,target
028300,2015-03-11,2015-03-12,5012.0,5513.200000000001,439,210361.0116746598,0.0954971589426421,1,target
000990,2015-03-30,2015-04-02,6000.0,5820.0,374,-76317.89807399921,-0.03397068711421525,3,stop
010060,2015-04-02,2015-04-07,78353.0,83042.0,28,121913.96921060001,0.055506084618386575,3,time
039490,2015-04-07,2015-04-08,81200.0,78764.0,27,-74562.99453540007,-0.03397068711421558,1,stop
021240,2015-04-08,2015-04-09,101500.0,98455.0,22,-75943.79073050013,-0.03397068711421569,1,stop
028300,2015-04-07,2015-04-10,6562.0,7546.299999999999,343,327395.5051728543,0.14529248434912545,3,target
064760,2015-04-10,2015-04-13,14500.0,16675.0,184,388086.1927900007,0.14529248434912612,1,target
028300,2015-04-13,2015-04-14,7858.0,7622.26,390,-104226.98609426944,-0.03397068711421536,1,stop
196170,2015-04-14,2015-04-15,6376.0,6184.72,464,-100616.64617094444,-0.03397068711421569,1,stop
058470,2015-04-07,2015-04-16,8619.0,8870.0,261,56098.727602649946,0.024909006510060783,7,time
028050,2015-04-07,2015-04-16,26805.0,28987.0,84,173520.06872759946,0.07697601011583188,7,time
096770,2015-04-07,2015-04-16,102822.0,118245.29999999999,21,314085.370620735,0.1452924843491259,7,target
064760,2015-04-15,2015-04-16,16650.0,16150.5,171,-96830.88391327485,-0.03397068711421558,1,stop
010170,2015-04-16,2015-04-17,1007.0,976.79,2474,-84729.1235267031,-0.03397068711421558,1,stop
051910,2015-04-16,2015-04-17,277000.0,268690.0,8,-75365.62483599968,-0.03397068711421547,1,stop
034020,2015-04-16,2015-04-17,24710.0,23968.7,100,-84038.11325349985,-0.03397068711421547,1,stop
009540,2015-04-09,2015-04-20,124452.0,129904.0,17,83740.26676499983,0.03953523472565523,7,time
016360,2015-04-16,2015-04-20,64697.0,62756.09,38,-83612.51513563097,-0.03397068711421558,2,stop
068270,2015-04-17,2015-04-20,65680.0,63709.6,36,-80415.39377807966,-0.03397068711421547,1,stop
024110,2015-04-17,2015-04-20,15150.0,14695.5,159,-81924.40676272474,-0.03397068711421547,1,stop
005830,2015-04-20,2015-04-21,52700.0,51119.0,43,-77069.51373685012,-0.03397068711421558,1,stop
000100,2015-04-20,2015-04-22,31718.0,30766.46,72,-77667.9494474153,-0.03397068711421525,2,stop
128940,2015-04-21,2015-04-22,293880.0,285063.6,7,-69963.51479586004,-0.03397068711421558,1,stop
141080,2015-04-22,2015-04-23,13262.0,12864.14,166,-74872.21125968173,-0.03397068711421547,1,stop
009830,2015-04-22,2015-04-23,22130.0,21466.1,99,-74510.95960489474,-0.03397068711421547,1,stop
064760,2015-04-20,2015-04-24,17400.0,16878.0,133,-78705.38312069979,-0.03397068711421547,4,stop
032820,2015-04-23,2015-04-24,705.0,683.85,3022,-72458.13058183528,-0.03397068711421569,1,stop
078600,2015-04-17,2015-04-27,6330.0,6140.099999999999,382,-82237.63663850958,-0.03397068711421547,6,stop
000990,2015-04-24,2015-04-27,7710.0,7478.7,277,-72633.62093569478,-0.03397068711421547,1,stop
039030,2015-04-24,2015-04-27,116900.0,113393.0,18,-71563.33383569983,-0.03397068711421547,1,stop
196170,2015-04-20,2015-04-28,6195.0,6009.15,373,-78587.53930749791,-0.0339706871142158,6,stop
009830,2015-04-27,2015-04-28,22613.0,21934.61,98,-75368.14155812887,-0.03397068711421558,1,stop
128940,2015-04-24,2015-04-30,274556.0,315739.39999999997,7,279557.62714900984,0.14529248434912567,4,target
078930,2015-04-27,2015-04-30,50100.0,48597.0,44,-74971.1116374,-0.03397068711421558,3,stop
036570,2015-04-28,2015-04-30,212000.0,205640.0,10,-72100.68801999977,-0.03397068711421547,2,stop
066970,2015-04-28,2015-05-04,7981.0,7741.57,276,-74915.19959442597,-0.03397068711421558,3,stop
000990,2015-04-30,2015-05-04,8400.0,8148.0,256,-73134.58467840031,-0.03397068711421569,1,stop
095340,2015-04-30,2015-05-04,39459.0,38275.229999999996,54,-72467.51727518113,-0.03397068711421569,1,stop
067310,2015-04-30,2015-05-04,7325.0,7105.25,294,-73241.71541767498,-0.03397068711421558,1,stop
047810,2015-05-04,2015-05-06,65900.0,63923.0,31,-69478.53563964996,-0.03397068711421558,1,stop
095610,2015-04-27,2015-05-07,10144.0,11665.599999999999,220,324619.2633903995,0.14529248434912567,6,target
000100,2015-05-06,2015-05-07,35457.0,34393.29,58,-69941.27241380094,-0.03397068711421558,1,stop
000990,2015-05-12,2015-05-13,10050.0,9748.5,215,-73486.58567887498,-0.03397068711421558,1,stop
080220,2015-05-12,2015-05-13,4555.0,4418.349999999999,474,-73429.44928459544,-0.0339706871142158,1,stop
095610,2015-05-11,2015-05-15,12426.0,14289.9,173,312694.19507806515,0.1452924843491259,4,target
000250,2015-05-13,2015-05-15,12600.0,12222.0,167,-71563.33383569983,-0.03397068711421547,2,stop
028300,2015-05-12,2015-05-18,8991.0,10339.65,240,313878.52708020015,0.1452924843491259,4,target
036930,2015-05-13,2015-05-18,6740.0,6537.8,313,-71747.66672676988,-0.03397068711421558,3,stop
000990,2015-05-15,2015-05-18,11800.0,11446.0,191,-76651.19370729988,-0.03397068711421558,1,stop
007660,2015-05-15,2015-05-19,5811.0,5636.67,388,-76680.71417767787,-0.03397068711421558,2,stop
084370,2015-05-18,2015-05-19,18216.0,17669.52,122,-75581.65482199192,-0.03397068711421558,1,stop
095610,2015-05-18,2015-05-19,14487.0,14052.39,153,-75383.00382259348,-0.03397068711421558,1,stop
039030,2015-05-18,2015-05-19,112300.0,108931.0,19,-72566.62171144993,-0.03397068711421558,1,stop
090430,2015-05-19,2015-05-20,443000.0,429710.0,4,-60265.29206200014,-0.03397068711421569,1,stop
058470,2015-05-20,2015-05-21,10672.0,10351.84,201,-72953.38068511151,-0.03397068711421536,1,stop
005290,2015-05-13,2015-05-22,5850.0,6160.0,361,102925.30005450035,0.04868104103911053,7,time
009830,2015-05-20,2015-05-22,22552.0,25934.8,95,311638.4493556996,0.14529248434912567,2,target
028300,2015-05-21,2015-05-22,11676.0,11325.72,181,-71874.72718452639,-0.0339706871142158,1,stop
141080,2015-05-21,2015-05-22,12561.0,12184.17,168,-71769.02485510777,-0.03397068711421547,1,stop
035720,2015-05-20,2015-05-27,22981.0,22291.57,93,-72686.77818823047,-0.03397068711421558,4,stop
009830,2015-05-26,2015-05-27,24185.0,23459.45,90,-74027.3408390251,-0.03397068711421558,1,stop
028260,2015-05-27,2015-05-28,198000.0,192060.0,10,-67339.32183000003,-0.03397068711421558,1,stop
010170,2015-05-27,2015-05-28,1113.0,1079.61,1931,-73093.87499747565,-0.03397068711421569,1,stop
064760,2015-05-29,2015-06-01,21700.0,21049.0,100,-73801.17594499979,-0.03397068711421547,1,stop
058610,2015-05-29,2015-06-02,6680.0,6479.599999999999,327,-74289.55607705982,-0.03397068711421547,2,stop
086280,2015-06-01,2015-06-02,126049.0,122267.53,17,-72877.23283583042,-0.03397068711421558,1,stop
018260,2015-05-28,2015-06-03,320000.0,310400.0,6,-65298.73632000014,-0.03397068711421569,4,stop
028260,2015-06-01,2015-06-03,188000.0,182360.0,11,-70332.18057799991,-0.03397068711421558,2,stop
028300,2015-06-02,2015-06-03,12812.0,12427.64,167,-72767.41532563395,-0.03397068711421558,1,stop
034730,2015-06-02,2015-06-03,287000.0,278390.0,7,-68325.60482649994,-0.03397068711421558,1,stop
196170,2015-06-03,2015-06-04,6042.0,5860.74,330,-67810.6970828101,-0.03397068711421569,1,stop
003670,2015-06-03,2015-06-04,11280.0,10941.6,177,-67902.52343076002,-0.03397068711421558,1,stop
064760,2015-06-03,2015-06-04,19800.0,22770.0,100,288009.99314999976,0.14529248434912567,1,target
080220,2015-05-28,2015-06-05,4740.0,5451.0,447,308196.87539714994,0.1452924843491259,6,target
141080,2015-06-05,2015-06-10,12936.0,12547.92,168,-73911.63964060787,-0.03397068711421558,3,stop
034730,2015-06-05,2015-06-10,272000.0,263840.0,8,-74005.23449599976,-0.03397068711421547,3,stop
012450,2015-06-03,2015-06-11,30558.0,35141.7,65,288922.02479497506,0.1452924843491259,6,target
064760,2015-06-10,2015-06-11,24900.0,23157.0,84,-154552.16522339988,-0.07380694743940253,1,stop
080220,2015-06-11,2015-06-15,6250.0,7500.0,338,412597.001375,0.1950878097556097,2,target
005290,2015-06-04,2015-06-16,6680.0,6212.4,307,-151534.42262074002,-0.07380694743940264,8,stop
096770,2015-06-11,2015-06-16,125453.0,116671.29,16,-148319.24103095196,-0.07380694743940253,3,stop
082920,2015-06-08,2015-06-18,4630.0,5556.0,471,425923.1520987004,0.1950878097556097,8,target
095340,2015-06-16,2015-06-22,41261.0,38372.729999999996,45,-137198.29796219268,-0.07380694743940264,4,stop
009830,2015-06-10,2015-06-24,25273.0,23642.0,83,-143570.53974115034,-0.06836459204677858,10,time
196170,2015-06-25,2015-06-26,6758.0,8109.599999999999,292,385416.57576584024,0.1950878097556097,1,target
064760,2015-06-15,2015-06-29,24650.0,26950.0,106,232373.07862999942,0.08883084763061766,10,time
005290,2015-06-18,2015-06-29,7230.0,6723.9,365,-194996.8619316751,-0.07380694743940264,7,stop
138040,2015-06-16,2015-06-30,14850.0,15850.0,127,118896.59736000025,0.06297091945153843,10,time
000100,2015-06-26,2015-06-30,40745.0,37892.85,57,-171611.20405697264,-0.07380694743940264,2,stop
000880,2015-06-22,2015-07-06,44796.0,47374.0,38,90699.0444761999,0.05322070979853577,10,time
028300,2015-06-29,2015-07-07,15799.0,14693.07,168,-196126.0769770681,-0.07380694743940264,6,stop
128940,2015-07-02,2015-07-07,429151.0,399110.43,4,-126843.02210324607,-0.07380694743940264,3,stop
090430,2015-07-03,2015-07-07,445500.0,414315.0,5,-164594.0658037495,-0.0738069474394023,2,stop
141080,2015-07-06,2015-07-07,20568.0,19128.239999999998,100,-151980.72931320057,-0.07380694743940286,1,stop
047810,2015-06-29,2015-07-13,76800.0,80300.0,34,107947.96221000003,0.04129287243245927,10,time
082920,2015-07-13,2015-07-15,5865.0,5454.45,394,-170749.99470256502,-0.07380694743940264,2,stop
128940,2015-07-10,2015-07-21,449278.0,417828.54,4,-132791.90607618797,-0.07380694743940253,7,stop
000990,2015-07-09,2015-07-23,16700.0,17000.0,120,27681.077399999835,0.013797044203860409,10,time
000880,2015-07-15,2015-07-23,50389.0,46861.77,44,-163826.77297353442,-0.07380694743940275,6,stop
009830,2015-07-16,2015-07-24,26301.0,24459.929999999997,94,-182682.34402793134,-0.07380694743940275,6,stop
034730,2015-07-15,2015-07-29,295000.0,287500.0,7,-60808.01037500007,-0.02941314885667301,10,time
047810,2015-07-21,2015-08-04,87800.0,96300.0,19,154187.2726850002,0.0923211472994041,10,time
095340,2015-07-30,2015-08-05,41032.0,38159.759999999995,51,-154628.42159866844,-0.07380694743940275,4,stop
021240,2015-08-07,2015-08-10,104500.0,97185.0,18,-138990.5444565001,-0.07380694743940264,1,stop
033780,2015-07-29,2015-08-12,104500.0,114000.0,20,180874.63250000007,0.08644346341419062,10,time
015760,2015-08-03,2015-08-18,50500.0,50800.0,41,3778.415885000024,0.0018227844155935813,10,time
047810,2015-08-06,2015-08-19,102000.0,94860.0,19,-143202.37913700007,-0.07380694743940264,8,stop
047810,2015-08-21,2015-08-25,82100.0,90310.00000000001,24,188384.02294800058,0.09549715894264232,2,target
066970,2015-11-06,2015-11-09,8390.0,8138.3,242,-69052.73346322984,-0.03397068711421547,1,stop
032820,2015-11-10,2015-11-13,666.0,646.02,3028,-68585.71145950817,-0.03397068711421569,3,stop
066970,2015-11-11,2015-11-16,8204.0,8511.0,245,66755.96238325001,0.03317409686636541,3,time
128940,2015-12-14,2015-12-17,523354.0,525776.0,3,810.1513803000562,0.0005154068152490865,3,time
087010,2015-12-14,2015-12-17,25849.0,26080.0,78,9702.001034699613,0.004806442493787477,3,time
028050,2016-01-25,2016-01-26,10850.0,10524.5,186,-68635.09362885007,-0.03397068711421558,1,stop
028050,2016-01-28,2016-01-29,11000.0,12100.000000000002,182,191405.2039900003,0.09549715894264232,1,target
196170,2016-02-04,2016-02-05,5561.0,5394.17,367,-69410.07399578951,-0.03397068711421558,1,stop
068270,2016-02-15,2016-02-18,75858.0,78634.0,26,63880.30889760004,0.03235139814217147,3,time
042660,2016-04-05,2016-04-06,21766.0,21113.02,93,-68843.84552652272,-0.03397068711421547,1,stop
001440,2016-04-11,2016-04-12,29822.0,28927.34,68,-68968.25322311558,-0.03397068711421536,1,stop
001440,2016-04-14,2016-04-18,28687.0,27826.39,70,-68294.65594626497,-0.03397068711421558,2,stop
086520,2016-04-29,2016-05-02,1916.0,1858.52,1044,-68029.85596658406,-0.03397068711421558,1,stop
058610,2016-05-02,2016-05-03,6160.0,5975.2,322,-67459.0361799202,-0.03397068711421569,1,stop
032820,2016-05-02,2016-05-03,770.0,746.9,2580,-67563.78623610013,-0.03397068711421569,1,stop
010060,2016-05-04,2016-05-09,94564.0,91727.08,20,-64321.97605588008,-0.03397068711421558,1,stop
028300,2016-05-11,2016-05-13,7956.0,7717.32,245,-66292.50146336993,-0.03397068711421558,2,stop
012450,2016-05-03,2016-05-19,44819.0,45431.0,43,18340.298406800255,0.00950553494810813,10,time
006260,2016-05-18,2016-06-01,53800.0,57500.0,35,121401.31692499993,0.06439821965532144,10,time
043260,2016-05-30,2016-06-03,1175.0,1092.75,1660,-144126.02709325007,-0.07380694743940264,4,stop
145020,2016-06-01,2016-06-14,115944.0,107827.92,16,-137077.0414584959,-0.07380694743940253,8,stop
035420,2016-06-01,2016-06-16,140198.0,140399.0,14,-5238.128023100318,-0.0026656740117678712,10,time
021240,2016-06-02,2016-06-17,108500.0,103000.0,18,-106711.92764999997,-0.05457723191376507,10,time
095610,2016-06-03,2016-06-20,16500.0,16150.0,118,-49157.440934999846,-0.0252187814367123,10,time
005930,2016-06-08,2016-06-22,28380.0,28900.0,68,27346.88666399964,0.014154266559111672,10,time
012450,2016-06-14,2016-06-27,49048.0,45614.64,35,-126848.63788281986,-0.07380694743940253,9,stop
005290,2016-06-16,2016-06-30,8200.0,9310.0,241,258622.50430449983,0.13071824276674038,10,time
035420,2016-06-23,2016-07-07,146808.0,150813.0,12,40698.53416979988,0.023075365174654028,10,time
033780,2016-07-01,2016-07-12,137500.0,127874.99999999999,14,-142241.7852625004,-0.07380694743940275,7,stop
066970,2016-07-12,2016-07-14,10754.0,12904.8,166,348664.29034915986,0.19508780975560946,2,target
010170,2016-07-14,2016-07-15,1450.0,1348.5,1478,-158357.59480315004,-0.07380694743940264,1,stop
214370,2016-07-05,2016-07-19,21744.0,21248.0,89,-51944.76349200006,-0.026811006036638774,10,time
012450,2016-07-05,2016-07-19,50116.0,53784.0,38,131168.44413319998,0.06879710338507494,10,time
005290,2016-07-06,2016-07-20,9960.0,10750.0,200,149370.59369999985,0.07489909260983962,10,time
043260,2016-07-19,2016-07-20,1335.0,1241.55,1468,-144811.74333596998,-0.07380694743940253,1,stop
066970,2016-07-20,2016-07-21,13906.0,12932.58,141,-144883.12285002903,-0.07380694743940264,1,stop
034220,2016-07-08,2016-07-22,25695.0,27821.0,70,141010.0437690001,0.07830764594962747,10,time
036930,2016-07-15,2016-07-29,9670.0,11050.0,205,273941.92988499976,0.13803173886586384,10,time
084370,2016-07-21,2016-08-04,18700.0,20050.0,102,129477.14683500025,0.0678035020320844,10,time
064350,2016-07-22,2016-08-05,20250.0,21500.0,95,110516.00681250007,0.0573822185080497,10,time
098460,2016-07-22,2016-08-05,9190.0,9230.0,210,466.1202000002377,0.00024124809977132955,10,time
031980,2016-07-22,2016-08-05,11230.0,12247.0,172,166492.39610980032,0.08609679475192578,10,time
009540,2016-07-29,2016-08-12,114459.0,126724.0,19,223435.55956604984,0.10262413909107093,10,time
012450,2016-08-04,2016-08-19,59997.0,59591.0,35,-22773.89789849962,-0.010832796207219442,10,time
145020,2016-08-18,2016-08-22,127880.0,153456.0,18,449577.41142959986,0.19508780975560946,2,target
084370,2016-08-08,2016-08-23,20800.0,22200.0,97,127131.12649000017,0.06293867694609512,10,time
034020,2016-08-08,2016-08-23,20961.0,21613.0,97,54725.02361639985,0.026884564677575273,10,time
064350,2016-08-10,2016-08-25,22050.0,23800.0,92,152211.7554299999,0.07494670718758534,10,time
006260,2016-08-19,2016-09-02,60100.0,61800.0,36,52152.71382000018,0.024076908526021512,10,time
035420,2016-08-22,2016-09-05,160226.0,170241.0,17,158590.23046285007,0.05815610356935785,10,time
003490,2016-09-02,2016-09-06,21274.0,19784.82,104,-163485.39268890396,-0.07380694743940253,2,stop
036570,2016-08-25,2016-09-08,273000.0,279500.0,7,37534.20352500002,0.019618567847047963,10,time
066970,2016-08-26,2016-09-09,14509.0,15390.0,157,128573.89151155017,0.056378879324260334,10,time
105560,2016-08-26,2016-09-09,37750.0,39750.0,60,110363.81100000022,0.048669766838531636,10,time
034020,2016-09-06,2016-09-21,22605.0,21022.649999999998,109,-182065.42108499305,-0.07380694743940275,8,stop
003230,2016-09-19,2016-09-21,29650.0,35580.0,80,463280.51467999956,0.19508780975560946,2,target
012330,2016-09-06,2016-09-23,273000.0,288000.0,9,124532.73585000029,0.05062664593899746,10,time
003230,2016-09-23,2016-09-26,35050.0,42060.0,73,499735.53494350007,0.1950878097556097,1,target
161390,2016-09-08,2016-09-27,59700.0,62300.0,33,77473.19348999974,0.039279320879040514,10,time
000660,2016-09-09,2016-09-28,38550.0,41200.0,62,154020.5275650001,0.06436700739150703,10,time
010170,2016-09-27,2016-10-07,1639.0,1524.27,1281,-155140.2703501035,-0.07380694743940253,7,stop
095610,2016-09-23,2016-10-10,21650.0,21500.0,118,-28117.491055000108,-0.010993536961293127,10,time
035420,2016-09-23,2016-10-10,176650.0,174647.0,14,-38094.58920189971,-0.01538588210968972,10,time
237690,2016-09-29,2016-10-10,57300.0,53289.0,44,-186296.0981838,-0.07380694743940253,6,stop
036570,2016-09-26,2016-10-11,286000.0,288500.0,11,14525.991425000131,0.004611984599339758,10,time
028260,2016-10-07,2016-10-12,166500.0,154845.0,11,-135332.89854974998,-0.07380694743940253,3,stop
005930,2016-10-10,2016-10-12,33000.0,30689.999999999996,75,-182882.29533750005,-0.07380694743940264,2,stop
009540,2016-10-10,2016-10-24,136262.0,141259.0,18,79629.11398350028,0.03242839112804541,10,time
000720,2016-10-12,2016-10-26,41691.0,41108.0,57,-42871.94255384989,-0.01802008260308774,10,time
086790,2016-10-12,2016-10-26,30700.0,32150.0,78,102953.0258249999,0.04294443766674405,10,time
105560,2016-10-12,2016-10-26,40050.0,42950.0,60,163639.06470000045,0.06801958861846535,10,time
131970,2016-10-17,2016-10-31,5887.0,5711.0,421,-84034.65081860032,-0.033867493132568205,10,time
028260,2016-10-25,2016-11-01,168000.0,156240.0,15,-186207.42797999922,-0.0738069474394023,5,stop
000660,2016-10-27,2016-11-09,42900.0,39897.0,57,-180687.70779344952,-0.07380694743940241,9,stop
032640,2016-11-02,2016-11-09,12400.0,11532.0,195,-178670.4606569996,-0.07380694743940241,5,stop
030200,2016-11-02,2016-11-16,32850.0,31000.0,73,-144479.55435750028,-0.06017955092785665,10,time
086790,2016-11-11,2016-11-17,35000.0,32549.999999999996,66,-170690.1423150003,-0.07380694743940275,4,stop
003230,2016-11-09,2016-11-21,50800.0,47244.0,45,-168916.7382390001,-0.07380694743940264,8,stop
222800,2016-11-08,2016-11-22,9894.0,10465.0,246,130077.19187190011,0.05338201006438714,10,time
005490,2016-12-09,2016-12-19,278000.0,258539.99999999997,8,-164335.44437599997,-0.07380694743940253,6,stop
047050,2016-12-09,2016-12-23,27650.0,28100.0,82,27499.368095000274,0.012114751480790664,10,time
000660,2016-12-09,2016-12-23,46450.0,46300.0,49,-16656.039942500647,-0.007309551638236322,10,time
024110,2016-12-09,2016-12-23,13750.0,13450.0,166,-59007.328609999735,-0.02582236113860903,10,time
055550,2016-12-09,2016-12-23,47250.0,46800.0,48,-30831.039720000234,-0.01357831575727475,10,time
095610,2016-12-22,2017-01-06,25750.0,25400.0,84,-38177.733930000104,-0.01763008518470932,10,time
036930,2017-02-02,2017-02-07,11700.0,10881.0,190,-164261.55253949948,-0.0738069474394023,3,stop
028050,2017-02-02,2017-02-16,12750.0,12400.0,174,-69812.3204549998,-0.03143210189741441,10,time
000250,2017-02-02,2017-02-16,12750.0,13950.0,174,199092.59045999963,0.08963888536540865,10,time
086790,2017-02-02,2017-02-16,35350.0,35750.0,63,15998.812829999719,0.007175605817139052,10,time
011070,2017-02-03,2017-02-17,103000.0,110500.0,21,148171.27552499995,0.0684239723138742,10,time
005940,2017-02-07,2017-02-21,11700.0,11700.0,184,-8822.604960000142,-0.004093491870325372,10,time
131970,2017-02-23,2017-02-24,8050.0,7486.499999999999,297,-176664.29729602532,-0.07380694743940275,1,stop
098460,2017-02-20,2017-03-07,9560.0,10180.0,238,137800.4332460002,0.06049458710879585,10,time
011070,2017-02-21,2017-03-08,115000.0,126000.0,19,199429.2905500005,0.09116713064642634,10,time
005490,2017-02-22,2017-03-09,288000.0,286000.0,7,-22220.698500000173,-0.011009509287892572,10,time
028050,2017-03-07,2017-03-10,13200.0,12276.0,185,-180443.86473299982,-0.07380694743940253,3,stop
032640,2017-02-24,2017-03-13,13250.0,14200.0,174,155364.2872349997,0.06731112569368891,10,time
009540,2017-03-02,2017-03-16,151705.0,161244.0,15,133337.41680074995,0.05852772813592999,10,time
010140,2017-03-08,2017-03-22,10327.0,9705.0,231,-153034.82601329964,-0.06407740278895191,10,time
066570,2017-03-09,2017-03-23,65500.0,72000.0,30,186372.16724999994,0.0947369249669705,10,time
105560,2017-03-10,2017-03-24,48700.0,50200.0,47,60911.79249499971,0.026581246573093686,10,time
086790,2017-03-13,2017-03-27,37700.0,38050.0,65,12640.292762500234,0.005152324518146623,10,time
005380,2017-03-22,2017-03-29,167500.0,155775.0,13,-160899.4739787497,-0.07380694743940241,5,stop
017670,2017-03-16,2017-03-30,44428.0,44083.0,54,-28407.118626900017,-0.011827077566389455,10,time
000720,2017-03-24,2017-04-03,50010.0,46509.299999999996,47,-173680.54493815498,-0.07380694743940253,6,stop
047040,2017-03-23,2017-04-06,7030.0,7190.0,317,41437.59522200003,0.01857294359208539,10,time
082920,2017-04-06,2017-04-11,7276.0,6766.679999999999,312,-167742.74474068824,-0.07380694743940264,3,stop
042700,2017-04-04,2017-04-12,3540.0,3292.2,655,-171333.00129254954,-0.07380694743940241,6,stop
009150,2017-03-30,2017-04-13,69800.0,69200.0,32,-28297.1369599998,-0.012654292799806677,10,time
003670,2017-03-30,2017-04-13,13781.0,13738.0,165,-16392.83712824993,-0.0072009572102553765,10,time
006400,2017-03-30,2017-04-13,137554.0,134127.0,16,-63689.933367200196,-0.028905359234127292,10,time
010170,2017-04-19,2017-04-20,1689.0,2026.8,1325,437094.03280575015,0.1950878097556097,1,target
000990,2017-04-11,2017-04-25,20850.0,21800.0,100,86175.18825000012,0.04128354327227379,10,time
010170,2017-04-24,2017-04-26,2071.0,1926.03,1189,-181952.66214249376,-0.07380694743940264,2,stop
036570,2017-04-13,2017-04-27,341500.0,355500.0,6,75355.15199999977,0.03673430055665983,10,time
011070,2017-04-24,2017-04-27,143000.0,132990.0,17,-179631.05453149974,-0.07380694743940253,3,stop
240810,2017-04-19,2017-05-08,26500.0,27250.0,84,53691.6796500003,0.02409254137862793,10,time
078930,2017-04-26,2017-05-16,60000.0,64800.0,37,167978.42232000036,0.07557902878004885,10,time
009150,2017-04-26,2017-05-16,70900.0,76800.0,31,173353.36787499953,0.07878166183863189,10,time
000880,2017-04-27,2017-05-17,40150.0,44350.0,55,221269.15030000033,0.10008601832007669,10,time
005940,2017-04-27,2017-05-17,13500.0,14000.0,164,72684.84510000004,0.03279193435669958,10,time
128940,2017-05-16,2017-05-17,331097.0,321164.08999999997,7,-78823.70307052089,-0.03397068711421536,1,stop
066570,2017-05-16,2017-05-18,81400.0,78958.0,29,-80283.43591509992,-0.03397068711421558,2,stop
031980,2017-05-17,2017-05-22,13476.0,15497.4,174,341077.1435242202,0.1452924843491259,3,target
180640,2017-05-08,2017-05-23,21600.0,22000.0,106,32891.76396000013,0.014349221243187271,10,time
009830,2017-05-17,2017-05-26,34888.0,35372.0,67,22752.874527399894,0.00972268417687605,7,time
131970,2017-05-18,2017-05-29,8780.0,10097.0,264,337163.69864759967,0.14529248434912567,7,target
010140,2017-05-26,2017-05-29,10495.0,10180.15,225,-80309.79347793711,-0.03397068711421547,1,stop
005290,2017-05-19,2017-05-30,11650.0,13350.0,199,327801.6127150003,0.14123192133314655,7,time
012330,2017-05-22,2017-05-31,277000.0,274500.0,9,-32650.481474999804,-0.01308181775597217,7,time
032640,2017-05-23,2017-06-01,14700.0,16200.0,171,245442.17983500008,0.09752962120413122,7,time
078600,2017-05-31,2017-06-01,5910.0,5732.7,417,-83816.02953049494,-0.03397068711421558,1,stop
222800,2017-06-01,2017-06-05,10370.0,10058.9,248,-87464.9365199604,-0.03397068711421569,2,stop
084370,2017-05-29,2017-06-08,18950.0,19500.0,130,61193.29872500012,0.024811446360351264,7,time
214450,2017-05-29,2017-06-08,41000.0,40950.0,60,-13072.727849999908,-0.005308012002190776,7,time
141080,2017-05-30,2017-06-09,16415.0,17966.0,162,239623.2106749001,0.0900064773108582,7,time
207940,2017-06-08,2017-06-09,361447.0,350603.58999999997,6,-73756.35108329682,-0.03397068711421547,1,stop
131970,2017-06-01,2017-06-12,10491.0,10176.27,245,-87415.11222375743,-0.03397068711421558,6,stop
145020,2017-06-08,2017-06-12,175110.0,169856.69999999998,14,-83376.28335309029,-0.03397068711421569,2,stop
042700,2017-06-09,2017-06-12,4480.0,4345.599999999999,597,-90961.13969376031,-0.03397068711421569,1,stop
011070,2017-06-09,2017-06-12,152500.0,147925.0,17,-88170.29891124927,-0.03397068711421536,1,stop
000990,2017-06-12,2017-06-13,22500.0,21825.0,111,-84939.37185374973,-0.03397068711421547,1,stop
035420,2017-06-12,2017-06-13,185463.0,179899.11,13,-81998.17392891226,-0.033970687114215914,1,stop
039030,2017-06-12,2017-06-13,99500.0,96515.0,25,-84599.2742687501,-0.03397068711421558,1,stop
036930,2017-06-05,2017-06-15,12100.0,12400.0,205,51153.10982500063,0.02059840502545196,7,time
010170,2017-06-13,2017-06-15,2520.0,2444.4,962,-82447.81694603944,-0.03397068711421536,2,stop
005290,2017-06-14,2017-06-15,15150.0,14695.5,160,-82439.65460399957,-0.03397068711421536,1,stop
128940,2017-06-15,2017-06-16,374956.0,363707.32,6,-76512.97804875579,-0.03397068711421547,1,stop
010140,2017-06-15,2017-06-20,11242.0,10904.74,215,-82202.60658725537,-0.03397068711421569,3,stop
034220,2017-06-12,2017-06-21,33274.0,33875.0,75,34714.8536362499,0.013894721491035877,7,time
039030,2017-06-15,2017-06-21,97400.0,94478.0,24,-79501.21146959998,-0.03397068711421558,4,stop
028300,2017-06-20,2017-06-21,6383.0,6191.51,365,-79235.76530450769,-0.03397068711421569,1,stop
267270,2017-06-14,2017-06-22,79697.0,77306.09,30,-81314.27169523528,-0.03397068711421569,6,stop
078600,2017-06-21,2017-06-26,6060.0,6968.999999999999,387,341134.7455228497,0.14529248434912567,3,target
009150,2017-06-21,2017-06-26,93200.0,107179.99999999999,25,338920.8505250006,0.14529248434912612,3,target
087010,2017-06-23,2017-06-26,24604.0,23865.88,95,-79493.7293227301,-0.03397068711421558,1,stop
086520,2017-06-16,2017-06-27,2373.0,2640.0,1020,261617.5988909998,0.1079617283869958,7,time
031980,2017-06-26,2017-06-29,16824.0,16319.279999999999,150,-85827.0265506003,-0.03397068711421569,3,stop
006400,2017-06-27,2017-06-29,169861.0,164765.16999999998,15,-86653.97382852715,-0.03397068711421547,2,stop
068270,2017-06-21,2017-06-30,89901.0,90453.0,26,4730.450353200082,0.0020214611612046074,7,time
064760,2017-06-29,2017-07-03,43300.0,42001.0,59,-86884.73003995,-0.03397068711421558,2,stop
145020,2017-07-04,2017-07-05,198265.0,192317.05,12,-80915.33722803043,-0.0339706871142158,1,stop
207940,2017-06-27,2017-07-06,399992.0,421082.0,6,116331.4704665998,0.04841672897522864,7,time
018260,2017-06-27,2017-07-06,183500.0,186500.0,14,31347.906100000255,0.012188358398824706,7,time
218410,2017-07-05,2017-07-06,11242.0,10904.74,213,-81437.93117714114,-0.03397068711421569,1,stop
006800,2017-06-30,2017-07-10,10706.0,10384.82,230,-83744.94913522992,-0.03397068711421558,6,stop
064760,2017-07-10,2017-07-11,49700.0,48209.0,49,-82823.96487504989,-0.03397068711421558,1,stop
267270,2017-07-10,2017-07-11,87771.0,85137.87,27,-80596.90385919483,-0.03397068711421569,1,stop
095610,2017-07-11,2017-07-12,30950.0,30021.5,77,-81050.35596927535,-0.03397068711421569,1,stop
047040,2017-07-04,2017-07-13,7810.0,7575.7,316,-83934.72358765965,-0.03397068711421547,7,stop
086520,2017-07-11,2017-07-17,2823.0,3246.45,854,350680.0949018849,0.1452924843491259,4,target
064760,2017-07-13,2017-07-17,52200.0,50634.0,45,-79888.92271649977,-0.03397068711421547,2,stop
003670,2017-07-12,2017-07-21,14964.0,17208.6,159,346088.5174050294,0.14529248434912567,7,target
066970,2017-07-14,2017-07-24,22158.0,25481.699999999997,108,348094.1142664198,0.14529248434912567,6,target
036930,2017-07-24,2017-07-25,17600.0,17072.0,155,-92778.62118799984,-0.03397068711421558,1,stop
031980,2017-07-17,2017-07-26,17968.0,18265.0,138,30703.340073900297,0.012368230798559088,7,time
051910,2017-07-17,2017-07-26,322000.0,326500.0,7,22169.793624999933,0.009824456224654554,7,time
086520,2017-07-25,2017-07-26,4081.0,3958.5699999999997,649,-90077.19206058653,-0.03397068711421558,1,stop
005290,2017-07-18,2017-07-27,16700.0,17000.0,162,37369.45448999945,0.013797044203860187,7,time
078600,2017-07-26,2017-07-27,8570.0,8312.9,285,-83067.13464832585,-0.033970687114215914,1,stop
207940,2017-07-26,2017-07-27,425446.0,412682.62,5,-72346.57857395522,-0.03397068711421569,1,stop
066970,2017-07-27,2017-07-28,25032.0,24281.04,99,-84281.8952024281,-0.03397068711421558,1,stop
010170,2017-07-21,2017-07-31,3153.0,3058.41,868,-93078.04310183413,-0.03397068711421569,6,stop
003670,2017-07-26,2017-07-31,18786.0,18222.42,130,-83057.9520135303,-0.03397068711421569,3,stop
095340,2017-07-28,2017-07-31,26097.0,25314.09,96,-85205.0560871521,-0.03397068711421558,1,stop
035720,2017-08-01,2017-08-02,24385.0,23653.45,101,-83762.1240632725,-0.03397068711421558,1,stop
003230,2017-08-02,2017-08-03,52700.0,51119.0,46,-82446.45655569993,-0.03397068711421558,1,stop
010950,2017-07-27,2017-08-04,115000.0,111550.0,21,-82133.56677749986,-0.03397068711421558,6,stop
079550,2017-07-27,2017-08-07,80100.0,80400.0,31,-903.6572849997319,-0.0003635049484912445,7,time
087010,2017-08-08,2017-08-09,21770.0,21116.899999999998,112,-82923.9535650406,-0.0339706871142158,1,stop
267270,2017-08-02,2017-08-10,94230.0,91403.09999999999,25,-80118.48858637456,-0.03397068711421536,6,stop
180640,2017-08-09,2017-08-10,25950.0,25171.5,93,-82077.45067597507,-0.03397068711421558,1,stop
267250,2017-08-02,2017-08-11,92000.0,95500.0,26,80928.83305000002,0.03379425572156447,7,time
001440,2017-08-10,2017-08-11,11754.0,11401.38,200,-79950.14028180018,-0.03397068711421569,1,stop
066970,2017-08-16,2017-08-24,27443.0,32931.6,87,466315.86142478976,0.19508780975560946,6,target
055550,2017-08-11,2017-08-28,53800.0,53400.0,43,-26630.06942000054,-0.01149800122444955,10,time
000880,2017-08-14,2017-08-29,52000.0,49350.0,45,-128488.23303749971,-0.05484641968847215,10,time
009830,2017-08-16,2017-08-30,43171.0,42326.0,55,-56068.775947250426,-0.02358669331040275,10,time
003670,2017-08-21,2017-08-30,22971.0,27565.2,105,471084.21323144995,0.19508780975560946,7,target
031980,2017-08-24,2017-09-07,19917.0,21062.0,143,151580.09056905005,0.05315975670167239,10,time
010170,2017-08-28,2017-09-11,3626.0,3659.0,633,11420.991847950034,0.004970191187666728,10,time
010950,2017-08-30,2017-09-13,123000.0,122000.0,20,-30022.611000000034,-0.0121902927494284,10,time
005290,2017-08-31,2017-09-14,18800.0,20150.0,131,166235.5903974995,0.0674210712134542,10,time
007660,2017-08-31,2017-09-14,4488.0,4386.0,552,-66290.795316,-0.026727730691454288,10,time
086520,2017-09-12,2017-09-20,4729.0,4397.969999999999,548,-191490.10315505834,-0.07380694743940275,6,stop
036570,2017-09-07,2017-09-21,455000.0,448500.0,6,-50073.11204999965,-0.018320727700749107,10,time
178320,2017-09-13,2017-09-22,10173.0,9460.89,238,-178904.99334605085,-0.07380694743940253,7,stop
000660,2017-09-14,2017-09-28,76300.0,83200.0,33,216709.8712349995,0.08596882668923866,10,time
006400,2017-09-14,2017-09-28,204616.0,195806.0,12,-115471.01964839967,-0.0469735028988979,10,time
068270,2017-09-20,2017-10-12,110176.0,121966.0,22,248681.82256060047,0.10247906232340909,10,time
035720,2017-09-21,2017-10-13,28901.0,30609.0,94,148945.12932560034,0.054762890811432596,10,time
078600,2017-09-22,2017-10-16,8650.0,8370.0,261,-82116.85773600033,-0.03633092797163284,10,time
068270,2017-10-16,2017-10-18,136503.0,163803.6,16,426571.1979451198,0.19508780975560946,2,target
098460,2017-09-28,2017-10-20,13700.0,14240.0,185,89218.6019050004,0.03516121720923859,10,time
034730,2017-10-11,2017-10-25,298000.0,298500.0,8,-5781.901000000071,-0.0024225077962822805,10,time
010130,2017-10-12,2017-10-26,529000.0,491969.99999999994,5,-195443.90754250018,-0.07380694743940264,10,stop
128940,2017-10-20,2017-10-26,448195.0,416821.35,5,-165589.7583005873,-0.07380694743940253,4,stop
096770,2017-10-13,2017-10-27,208103.0,202694.0,14,-87442.62397010019,-0.029979030774009652,10,time
066570,2017-10-20,2017-11-03,96500.0,92000.0,27,-131819.67202499975,-0.05053472800072456,10,time
010060,2017-10-25,2017-11-08,90193.0,98140.0,32,241726.17260960024,0.08365687700648916,10,time
095610,2017-10-26,2017-11-09,34850.0,37350.0,65,152737.49432500033,0.0673488688276429,10,time
032830,2017-10-26,2017-11-09,132500.0,132500.0,17,-9231.195499999914,-0.004093491870325261,10,time
018260,2017-10-27,2017-11-10,196000.0,204000.0,14,100424.35760000022,0.03655575335945738,10,time
042660,2017-11-10,2017-11-13,18612.0,18053.64,153,-96847.41265590582,-0.03397068711421547,1,stop
005290,2017-11-03,2017-11-17,21500.0,23800.0,119,262407.8740150002,0.10244534388308169,10,time
066970,2017-11-09,2017-11-20,38058.0,39265.0,61,63895.816891049966,0.027491435222861904,7,time
080220,2017-11-09,2017-11-20,3705.0,3900.0,629,112742.77722825017,0.048322640136499784,7,time
028300,2017-11-17,2017-11-21,15659.0,18007.85,180,409995.3166123498,0.1452924843491259,2,target
078600,2017-11-20,2017-11-21,11550.0,13282.499999999998,209,351132.1833153744,0.14529248434912567,1,target
058470,2017-11-08,2017-11-22,11012.0,11893.0,285,237482.9160217503,0.07558264631186185,10,time
141080,2017-11-13,2017-11-22,16790.0,17966.0,164,181010.7876927997,0.06566148451803056,7,time
218410,2017-11-21,2017-11-22,10215.0,11747.25,294,436845.70279192505,0.1452924843491259,1,target
068270,2017-11-20,2017-11-23,170609.0,165490.72999999998,14,-81233.19243097119,-0.03397068711421569,3,stop
196170,2017-11-21,2017-11-23,5520.0,6347.999999999999,545,437600.6380769997,0.14529248434912567,2,target
036570,2017-11-22,2017-11-23,472500.0,458325.0,6,-96417.66534750024,-0.03397068711421569,1,stop
078600,2017-11-23,2017-11-24,14100.0,13677.0,218,-104539.19567730045,-0.03397068711421569,1,stop
086520,2017-11-23,2017-11-24,4842.0,4696.74,636,-104733.45941785211,-0.03397068711421558,1,stop
064760,2017-11-23,2017-11-24,74500.0,72265.0,41,-103882.8073382494,-0.03397068711421536,1,stop
042700,2017-11-23,2017-11-27,6450.0,6256.5,478,-104855.48643135,-0.03397068711421558,2,stop
214150,2017-11-23,2017-11-27,3830.0,3715.1,805,-104857.18691927474,-0.03397068711421547,2,stop
218410,2017-11-24,2017-11-27,12831.0,12446.07,232,-101239.97702473262,-0.0339706871142158,1,stop
067310,2017-11-24,2017-11-27,4504.0,4368.88,661,-101251.94845972396,-0.03397068711421558,1,stop
078600,2017-11-27,2017-11-28,14000.0,13580.0,209,-99512.5533710001,-0.03397068711421558,1,stop
263750,2017-11-27,2017-11-28,39180.0,38004.6,74,-98605.17301422032,-0.03397068711421569,1,stop
095340,2017-11-27,2017-11-28,21571.0,20923.87,135,-99039.30758147221,-0.03397068711421547,1,stop
003230,2017-11-27,2017-11-29,71500.0,69355.0,40,-97267.90930999955,-0.03397068711421547,2,stop
131970,2017-11-28,2017-11-29,8151.0,7906.469999999999,350,-97024.73953672498,-0.03397068711421558,1,stop
214450,2017-11-30,2017-12-01,60500.0,58685.0,46,-94649.15790549945,-0.03397068711421536,1,stop
145020,2017-11-30,2017-12-01,166926.0,161918.22,16,-90833.80715793557,-0.03397068711421547,1,stop
010170,2017-11-24,2017-12-04,3506.0,4031.8999999999996,849,432974.15027794475,0.14529248434912567,6,target
267270,2017-12-01,2017-12-04,94844.0,91998.68,29,-93543.02452004608,-0.03397068711421558,1,stop
003230,2017-12-01,2017-12-05,71800.0,82570.0,38,396871.95217699977,0.14529248434912567,2,target
028300,2017-12-04,2017-12-05,16314.0,15824.58,180,-99870.33603041992,-0.03397068711421558,1,stop
196170,2017-12-05,2017-12-06,6682.0,6481.54,443,-100673.17038957076,-0.03397068711421547,1,stop
028050,2017-12-05,2017-12-06,14050.0,13628.5,211,-100823.62956117513,-0.03397068711421558,1,stop
087010,2017-11-30,2017-12-07,28152.0,27307.44,99,-94786.82940790802,-0.03397068711421558,5,stop
034020,2017-12-06,2017-12-07,13425.0,13022.25,217,-99078.07870616205,-0.03397068711421547,1,stop
003230,2017-12-07,2017-12-08,79100.0,76727.0,35,-94156.01640724996,-0.03397068711421558,1,stop
010170,2017-12-06,2017-12-11,4309.0,4179.73,676,-99066.48137851385,-0.03397068711421558,3,stop
000250,2017-12-08,2017-12-11,14600.0,14162.0,192,-95336.15502720047,-0.0339706871142158,1,stop
032820,2017-12-08,2017-12-11,640.0,620.8,4395,-95662.64870879985,-0.03397068711421558,1,stop
000250,2017-12-13,2017-12-14,15400.0,14938.0,180,-94275.0505619999,-0.03397068711421558,1,stop
214150,2017-12-11,2017-12-15,4500.0,4365.0,616,-94275.0505619999,-0.03397068711421558,4,stop
078600,2017-12-14,2017-12-15,14400.0,13968.0,191,-93540.43977840012,-0.03397068711421558,1,stop
080220,2017-12-14,2017-12-19,4460.0,4326.2,617,-93588.73363547027,-0.03397068711421569,3,stop
214450,2017-12-18,2017-12-19,57800.0,56066.0,46,-90425.14589979965,-0.03397068711421547,1,stop
064760,2017-12-18,2017-12-19,72400.0,70228.0,37,-91105.34106980031,-0.03397068711421569,1,stop
066570,2017-12-18,2017-12-19,106500.0,103305.0,25,-90550.98200624948,-0.03397068711421536,1,stop
058610,2017-12-15,2017-12-27,6230.0,6550.0,435,127683.30452999985,0.04706061448625509,7,time
010120,2017-12-19,2018-01-05,12940.0,13420.0,203,86387.50828399975,0.03284894428904428,10,time
010170,2017-12-28,2018-01-08,5352.0,6422.4,512,535199.1505305595,0.19508780975560946,5,target
218410,2017-12-21,2018-01-09,15269.0,18322.8,172,512942.15460691974,0.19508780975560946,10,target
024110,2017-12-22,2018-01-10,16800.0,16900.0,156,4813.447859999724,0.0018345230590177675,10,time
141080,2017-12-28,2018-01-15,20268.0,22170.0,135,244799.61632550042,0.08936487493758083,10,time
068270,2018-02-08,2018-02-09,201412.0,221553.2,14,269589.54507716047,0.09549715894264232,1,target
218410,2018-02-08,2018-02-09,16683.0,18351.300000000003,176,280722.0235749609,0.09549715894264232,1,target
263750,2018-02-08,2018-02-12,44760.0,49236.00000000001,65,278158.9912530007,0.09549715894264232,2,target
028300,2018-02-09,2018-02-13,15718.0,15246.46,200,-106913.07682060031,-0.03397068711421569,2,stop
214150,2018-02-13,2018-02-20,5510.0,5690.0,567,88955.64852300007,0.028440659030462667,3,time
000250,2018-02-20,2018-02-21,46950.0,43663.5,67,-232437.85548622487,-0.07380694743940253,1,stop
138040,2018-02-06,2018-02-22,17100.0,16050.0,172,-192121.20801000018,-0.06524564587828785,10,time
058610,2018-02-20,2018-02-22,10500.0,12600.0,300,615233.3985000001,0.1950878097556097,2,target
214150,2018-02-23,2018-02-26,5560.0,5393.2,567,-107216.44386642054,-0.0339706871142158,1,stop
080220,2018-02-19,2018-03-06,6060.0,5635.799999999999,516,-231056.81706203986,-0.07380694743940253,10,stop
141080,2018-03-06,2018-03-09,27925.0,30717.500000000004,110,293680.7868912504,0.09549715894264232,3,target
042660,2018-02-26,2018-03-13,22210.0,24120.0,140,253868.74835,0.08155177740151975,10,time
028050,2018-03-13,2018-03-14,18150.0,16879.5,175,-234698.94568312448,-0.07380694743940241,1,stop
098460,2018-03-14,2018-03-19,19640.0,18265.199999999997,159,-230746.47134874063,-0.07380694743940275,3,stop
039490,2018-03-13,2018-03-23,113000.0,105090.0,28,-233793.77068600012,-0.07380694743940264,8,stop
000660,2018-03-14,2018-03-23,89300.0,83049.0,35,-230948.93498075008,-0.07380694743940264,7,stop
066570,2018-03-14,2018-03-28,112500.0,109000.0,27,-106669.69177500019,-0.03507724990102645,10,time
064760,2018-03-14,2018-03-28,78600.0,82100.0,39,123534.96889499994,0.04025349004384582,10,time
028300,2018-03-28,2018-03-30,22884.0,27460.8,134,598916.2368986397,0.19508780975560946,2,target
058610,2018-03-28,2018-04-02,13150.0,12229.5,234,-227372.57009415003,-0.07380694743940253,3,stop
207940,2018-03-23,2018-04-06,680714.0,754894.0,4,284686.44614480017,0.10443423750362513,10,time
028300,2018-04-02,2018-04-06,28415.0,34098.0,112,621577.1384312003,0.1950878097556097,4,target
098460,2018-03-28,2018-04-11,19860.0,19280.0,154,-101590.7789819995,-0.03317837478649899,10,time
207940,2018-04-11,2018-04-13,853803.0,794036.7899999999,3,-189267.21503762854,-0.07380694743940264,2,stop
196170,2018-04-11,2018-04-13,8983.0,10779.6,360,631616.1849972,0.1950878097556097,2,target
214150,2018-04-16,2018-04-17,7300.0,6789.0,459,-247589.37656055018,-0.07380694743940264,1,stop
000100,2018-04-11,2018-04-18,39400.0,36642.0,82,-238729.74536419986,-0.07380694743940253,5,stop
009150,2018-04-16,2018-04-30,119500.0,118500.0,28,-41630.0318,-0.012427437545050601,10,time
039490,2018-04-16,2018-04-30,114500.0,118500.0,29,102049.95310000004,0.030698001863462387,10,time
064350,2018-05-02,2018-05-03,28750.0,26737.5,112,-237931.7135300003,-0.07380694743940264,1,stop
010120,2018-05-03,2018-05-08,15380.0,14303.4,207,-235246.48419159,-0.07380694743940253,2,stop
039490,2018-05-08,2018-05-09,123999.0,115319.06999999999,25,-229062.84585408727,-0.07380694743940253,1,stop
196170,2018-05-09,2018-05-11,9011.0,9912.1,337,290330.430965465,0.0954971589426421,2,target
218410,2018-05-04,2018-05-14,20928.0,25113.6,152,621299.0138726393,0.19508780975560924,5,target
000720,2018-05-02,2018-05-15,61783.0,74139.59999999999,52,627482.5978080402,0.1950878097556097,8,target
047050,2018-05-15,2018-05-16,26200.0,24366.0,134,-259419.4595842003,-0.07380694743940264,1,stop
010120,2018-05-15,2018-05-23,16060.0,14935.8,219,-259887.93382760976,-0.07380694743940253,5,stop
001440,2018-05-16,2018-05-23,15379.0,14302.47,212,-240913.10134910233,-0.07380694743940264,4,stop
071050,2018-05-14,2018-05-29,96000.0,98100.0,34,57812.98442999972,0.01769196299501119,10,time
039490,2018-05-14,2018-05-29,124500.0,127000.0,26,51542.50335000036,0.01590463078288118,10,time
028050,2018-05-15,2018-05-30,19300.0,17949.0,182,-259552.46488989983,-0.07380694743940253,10,stop
006260,2018-05-29,2018-06-04,90100.0,83793.0,36,-239675.5608714004,-0.07380694743940275,4,stop
032820,2018-06-01,2018-06-04,2505.0,2429.85,1325,-112882.63968131226,-0.03397068711421547,1,stop
003230,2018-05-23,2018-06-07,104500.0,111500.0,30,196533.05250000022,0.06261794886563377,10,time
000660,2018-05-24,2018-06-08,95300.0,88629.0,33,-232382.43660885002,-0.07380694743940253,10,stop
032820,2018-06-07,2018-06-12,2290.0,2519.0,1389,304107.6857659505,0.09549715894264232,3,target
131970,2018-05-29,2018-06-14,11220.0,13133.0,295,549106.6800232502,0.1657076801485755,10,time
001440,2018-06-11,2018-06-14,13817.0,13402.49,223,-104790.56180237373,-0.03397068711421569,2,stop
028300,2018-06-12,2018-06-15,40199.0,38993.03,80,-109372.66255531926,-0.03397068711421536,2,stop
032820,2018-06-15,2018-06-18,2115.0,2051.5499999999997,1551,-111564.42144185305,-0.0339706871142158,1,stop
064350,2018-06-15,2018-06-19,32500.0,31525.0,100,-110531.71512499964,-0.03397068711421547,2,stop
028300,2018-06-18,2018-06-19,40837.0,39611.89,79,-109719.66412129579,-0.03397068711421569,1,stop
000720,2018-06-19,2018-06-20,61005.0,59174.85,52,-107887.79649921041,-0.03397068711421569,1,stop
032820,2018-06-20,2018-06-22,2005.0,1944.85,1592,-108557.7887416603,-0.03397068711421569,2,stop
064350,2018-06-21,2018-06-22,31900.0,30943.0,100,-108491.12961499952,-0.03397068711421547,1,stop
064350,2018-06-25,2018-06-26,29300.0,32230.000000000004,107,299737.4900245005,0.09549715894264232,1,target
000720,2018-06-22,2018-06-27,59254.0,57476.38,53,-106806.35419842694,-0.03397068711421558,3,stop
064350,2018-06-28,2018-06-29,28850.0,27984.5,110,-107929.96859974973,-0.03397068711421547,1,stop
028300,2018-10-10,2018-10-11,38369.0,37217.93,82,-107003.47475869255,-0.03397068711421547,1,stop
196170,2018-10-11,2018-10-16,8259.0,9084.900000000001,380,300054.9052479011,0.09549715894264255,3,target
087010,2018-10-15,2018-10-16,25019.0,24268.43,125,-106361.26848893706,-0.03397068711421547,1,stop
042660,2018-10-22,2018-10-24,27185.0,26369.45,117,-108172.96832423192,-0.03397068711421536,2,stop
226950,2018-10-24,2018-10-25,30428.0,29515.16,103,-106589.43995871395,-0.03397068711421558,1,stop
007660,2018-10-29,2018-10-30,4548.0,4411.5599999999995,690,-106726.70334402006,-0.03397068711421558,1,stop
032820,2019-03-05,2019-03-08,1285.0,1246.45,2427,-106066.06378515763,-0.03397068711421558,3,stop
178320,2019-04-16,2019-04-22,11739.0,10917.269999999999,263,-228130.4786611311,-0.07380694743940275,4,stop
003490,2019-04-16,2019-04-23,23699.0,22040.07,130,-227651.14231775515,-0.07380694743940264,5,stop
000270,2019-04-17,2019-05-02,42050.0,44900.0,73,194856.61856750026,0.06340552235487262,10,time
108490,2019-04-29,2019-05-02,17236.0,16718.92,171,-100238.86577352649,-0.0339706871142158,2,stop
131970,2019-04-18,2019-05-03,19522.0,19322.0,160,-44706.47206399962,-0.014296406613995671,10,time
218410,2019-04-26,2019-05-14,30197.0,33417.0,97,299415.1315592001,0.10210311561311847,10,time
178320,2019-04-30,2019-05-15,11915.0,14298.0,249,579459.0412186501,0.1950878097556097,9,target
078600,2019-08-06,2019-08-08,17600.0,19360.0,181,304565.6432719999,0.0954971589426421,2,target
028300,2019-11-14,2019-11-18,55087.0,60595.700000000004,59,310735.4494803357,0.09549715894264232,2,target
028300,2019-11-20,2019-11-22,52540.0,50963.799999999996,63,-112572.98083016975,-0.03397068711421547,2,stop
028300,2019-11-25,2019-11-26,50826.0,55908.600000000006,64,310996.55218368024,0.0954971589426421,1,target
028300,2019-11-29,2019-12-02,48359.0,46908.229999999996,69,-113482.77587980404,-0.03397068711421569,1,stop
011070,2019-12-13,2019-12-30,135500.0,140000.0,24,94354.26420000009,0.028980894008519886,10,time
058470,2019-12-13,2019-12-30,12574.0,12874.0,265,65609.97682300024,0.019667598668795305,10,time
028050,2019-12-13,2019-12-30,19650.0,19200.0,169,-89435.30826750025,-0.02690051114047065,10,time
098460,2019-12-13,2019-12-30,20800.0,21100.0,160,34219.68400000036,0.010270544304622042,10,time
000660,2019-12-16,2020-01-02,87200.0,94700.0,39,277700.53681500023,0.08156360458578216,10,time
222800,2019-12-30,2020-01-06,11654.0,10838.22,286,-246284.74229530618,-0.07380694743940264,3,stop
080220,2020-01-08,2020-01-10,4510.0,4374.7,701,-107522.19159533549,-0.03397068711421569,2,stop
039030,2019-12-30,2020-01-15,101400.0,109300.0,32,238756.89360000007,0.0734968573823811,10,time
207940,2019-12-30,2020-01-15,625442.0,631987.0,5,19812.593041750602,0.006328270812239634,10,time
000990,2019-12-30,2020-01-15,28200.0,28800.0,118,56954.107740000356,0.01709600830264657,10,time
035420,2020-01-02,2020-01-16,187500.0,191500.0,21,67615.7013000003,0.017152513636441213,10,time
064350,2020-01-15,2020-01-16,17150.0,16635.5,195,-113737.13486362481,-0.03397068711421558,1,stop
095340,2020-01-16,2020-01-17,11100.0,12764.999999999998,334,539276.8932344988,0.14529248434912545,1,target
214450,2020-01-17,2020-01-20,40100.0,38897.0,106,-144561.8794800993,-0.03397068711421547,1,stop
036570,2020-01-10,2020-01-21,605000.0,632000.0,5,122204.95825000014,0.040351922542073426,7,time
095340,2020-01-20,2020-01-21,13650.0,13240.5,301,-139734.1942610247,-0.03397068711421547,1,stop
006400,2020-01-15,2020-01-28,262870.0,279024.0,12,180349.00039560068,0.05710738206860566,7,time
067310,2020-01-15,2020-01-28,4339.0,4486.0,771,99292.88562135072,0.029646599555132935,7,time
005290,2020-01-16,2020-01-29,17950.0,18500.0,207,98286.88767750002,0.02642174932584851,7,time
058470,2020-01-22,2020-01-29,14436.0,16601.399999999998,246,516564.2506231796,0.14529248434912567,3,target
042700,2020-01-28,2020-01-30,4800.0,4656.0,707,-115415.51644559996,-0.03397068711421558,2,stop
131970,2020-01-29,2020-01-30,35020.0,33969.4,121,-144113.63086307095,-0.0339706871142158,1,stop
003670,2020-01-29,2020-01-30,55858.0,54182.26,76,-144378.4988622684,-0.03397068711421569,1,stop
082920,2020-01-21,2020-02-03,8125.0,8554.0,438,172763.5862588999,0.04849037175892135,7,time
207940,2020-01-28,2020-02-06,693805.0,754894.0,4,232262.2196902004,0.08359531503526596,7,time
237690,2020-02-05,2020-02-06,31800.0,29573.999999999996,119,-279621.4876833004,-0.07380694743940264,1,stop
196170,2020-02-06,2020-02-07,22945.0,27534.0,154,690141.4827306997,0.19508780975560946,1,target
247540,2020-02-10,2020-02-11,18333.0,21999.6,206,737615.6261296198,0.19508780975560946,1,target
006400,2020-02-05,2020-02-19,314269.0,326997.0,12,136830.48004560033,0.036241056034413965,10,time
084370,2020-02-06,2020-02-20,19400.0,20800.0,182,239578.91229999997,0.06777604995346564,10,time
222800,2020-02-07,2020-02-21,13509.0,13082.0,279,-134227.95083954977,-0.035572659756280656,10,time
196170,2020-02-10,2020-02-24,25448.0,25783.0,148,33998.76862820005,0.009016720335877082,10,time
247540,2020-02-21,2020-02-24,22212.0,20657.16,164,-269170.817463432,-0.07380694743940253,1,stop
051910,2020-02-12,2020-02-26,408500.0,395000.0,11,-166477.4762749998,-0.03700594685135494,10,time
180640,2020-02-19,2020-02-26,48900.0,58680.0,80,764061.2872799993,0.19508780975560946,5,target
035720,2020-02-20,2020-02-27,38235.0,35558.549999999996,99,-279700.182489173,-0.07380694743940275,5,stop
086520,2020-03-02,2020-03-05,2932.0,3225.2000000000003,1344,376749.6893529608,0.09549715894264232,3,target
003670,2020-03-02,2020-03-05,50494.0,54315.0,78,281018.47723169904,0.0712691010627653,3,time
196170,2020-03-12,2020-03-13,22583.0,21905.51,180,-138247.6277169902,-0.03397068711421558,1,stop
247540,2020-03-17,2020-03-18,16678.0,16177.66,242,-137265.97004764574,-0.03397068711421547,1,stop
180640,2020-03-18,2020-03-19,52100.0,50537.0,77,-136436.94817445008,-0.03397068711421558,1,stop
180640,2020-03-23,2020-03-24,53300.0,51701.0,74,-134141.2894756999,-0.03397068711421558,1,stop
180640,2020-05-18,2020-05-21,77000.0,79000.0,51,85605.66749999998,0.021774209639536357,3,time
066970,2020-06-16,2020-06-18,20396.0,19784.12,195,-135264.29170137038,-0.03397068711421569,2,stop
222800,2020-06-16,2020-06-19,10500.0,11450.0,379,342679.76769750053,0.08601233505569295,3,time
108490,2020-06-16,2020-06-19,11685.0,12026.0,340,99316.46430300036,0.024969761811507896,3,time
095340,2020-06-16,2020-06-19,15200.0,16350.0,261,283006.76375249913,0.07125469788948524,3,time
001440,2020-06-16,2020-06-19,5949.0,6077.0,669,69069.20426819986,0.01733465286670577,3,time
011200,2020-06-24,2020-06-25,4505.0,4369.849999999999,912,-139731.13338276045,-0.03397068711421569,1,stop
087010,2020-07-01,2020-07-02,17875.0,17338.75,228,-138606.77076674998,-0.03397068711421558,1,stop
079550,2020-06-30,2020-07-03,30150.0,30000.0,135,-36871.000537499785,-0.009048250617239129,3,time
108490,2020-06-30,2020-07-03,11637.0,11734.0,350,17158.150012499653,0.004207868556638461,3,time
214370,2020-07-02,2020-07-07,13460.0,13056.199999999999,300,-137331.40482300054,-0.03397068711421569,3,stop
066970,2020-07-08,2020-07-09,37942.0,36803.74,106,-136782.21524274256,-0.03397068711421569,1,stop
036930,2020-07-08,2020-07-09,7330.0,7110.099999999999,549,-136861.049862945,-0.03397068711421558,1,stop
237690,2020-07-08,2020-07-10,50900.0,49373.0,79,-136756.63990435004,-0.03397068711421558,2,stop
035720,2020-07-08,2020-07-10,62623.0,72016.45,64,582983.4279121598,0.1452924843491259,2,target
043260,2020-07-08,2020-07-17,697.0,744.0,5774,254084.8483474995,0.06306232718576443,7,time
042700,2020-07-10,2020-07-17,4250.0,4887.5,997,616348.6583206253,0.1452924843491259,5,target
178320,2020-07-09,2020-07-20,19099.0,20651.0,204,299707.2333383993,0.07683466670432515,7,time
010060,2020-07-09,2020-07-20,34766.0,36077.0,112,130441.59354800032,0.03346140176592871,7,time
009830,2020-07-10,2020-07-21,27390.0,31498.499999999996,154,613557.2887405492,0.14529248434912567,7,target
039490,2020-07-20,2020-07-21,103000.0,99910.0,39,-136617.19989449997,-0.03397068711421558,1,stop
001440,2020-07-21,2020-07-22,7102.0,6888.94,624,-150719.27823700756,-0.03397068711421547,1,stop
034020,2020-07-21,2020-07-22,5018.0,5770.7,883,644516.0356506947,0.1452924843491259,1,target
000150,2020-07-22,2020-07-23,49150.0,47675.5,95,-158800.06487612426,-0.03397068711421547,1,stop
010060,2020-07-22,2020-07-24,46090.0,44707.299999999996,101,-158318.48669576552,-0.03397068711421569,2,stop
042700,2020-07-23,2020-07-24,6050.0,5868.5,750,-154319.27919374872,-0.03397068711421536,1,stop
141080,2020-07-24,2020-07-27,59500.0,57715.0,74,-149744.96667549945,-0.03397068711421547,1,stop
353200,2020-07-17,2020-07-28,11750.0,13512.499999999998,389,664859.4324193746,0.14529248434912567,7,target
222800,2020-07-17,2020-07-28,14950.0,15500.0,306,149055.8076449996,0.0325452090976559,7,time
034020,2020-07-24,2020-07-28,7394.0,8503.099999999999,600,645316.9361669989,0.14529248434912567,2,target
001440,2020-07-27,2020-07-28,9410.0,9127.699999999999,456,-145934.51333316183,-0.033970687114216025,1,stop
005380,2020-07-20,2020-07-29,119500.0,125000.0,34,169797.72804999957,0.04174320934066378,7,time
298040,2020-07-28,2020-07-29,47950.0,46511.5,100,-163076.79200749937,-0.03397068711421547,1,stop
226950,2020-07-28,2020-07-29,29026.0,28155.219999999998,165,-162882.59628646448,-0.03397068711421547,1,stop
267260,2020-07-28,2020-07-29,10450.0,10136.5,459,-163129.5071331747,-0.03397068711421547,1,stop
058470,2020-07-28,2020-07-29,28612.0,27753.64,167,-162505.56410373468,-0.03397068711421569,1,stop
141080,2020-07-29,2020-07-30,63200.0,61304.0,72,-154758.00507839862,-0.03397068711421525,1,stop
095610,2020-07-29,2020-07-30,27350.0,26529.5,166,-154407.7045658501,-0.03397068711421558,1,stop
131970,2020-07-29,2020-07-30,41461.0,47680.149999999994,109,657368.1179460315,0.14529248434912567,1,target
128940,2020-07-29,2020-07-30,253340.0,245739.8,17,-146472.54771262966,-0.03397068711421547,1,stop
010130,2020-07-29,2020-07-31,433500.0,420495.0,10,-147432.30309749907,-0.03397068711421536,2,stop
034020,2020-07-30,2020-08-03,9176.0,8900.72,507,-158221.28680597246,-0.03397068711421569,2,stop
240810,2020-07-30,2020-08-03,38800.0,37636.0,120,-158349.43557600025,-0.03397068711421569,2,stop
000270,2020-07-30,2020-08-03,40300.0,39091.0,115,-157618.22576824948,-0.03397068711421547,2,stop
267260,2020-07-31,2020-08-03,12400.0,12028.0,341,-143806.86284139985,-0.03397068711421558,1,stop
222800,2020-08-03,2020-08-07,19650.0,19060.5,223,-149029.06125907414,-0.03397068711421536,4,stop
066970,2020-08-03,2020-08-07,39769.0,45734.35,110,636326.078754575,0.1452924843491259,4,target
064350,2020-07-30,2020-08-10,17550.0,17023.5,265,-158170.88434387464,-0.03397068711421547,7,stop
011200,2020-08-03,2020-08-10,5920.0,6807.999999999999,741,638090.5036115991,0.14529248434912567,5,target
128940,2020-08-07,2020-08-10,337787.0,327653.39,13,-149344.70582771394,-0.03397068711421569,1,stop
067310,2020-08-07,2020-08-10,5072.0,4919.84,914,-157662.71053236723,-0.03397068711421547,1,stop
096770,2020-08-10,2020-08-11,188426.0,182773.22,24,-153799.74612290412,-0.03397068711421558,1,stop
051910,2020-08-10,2020-08-11,747000.0,724590.0,6,-152431.73759699985,-0.03397068711421558,1,stop
003670,2020-08-10,2020-08-11,89431.0,86748.06999999999,51,-155117.8623330891,-0.03397068711421569,1,stop
000880,2020-08-03,2020-08-12,25200.0,26150.0,174,146842.89997499902,0.03345060268218192,7,time
039490,2020-08-11,2020-08-12,119500.0,115915.0,37,-150374.14720774908,-0.03397068711421536,1,stop
003550,2020-08-11,2020-08-12,85019.0,82468.43,52,-150356.7342113983,-0.03397068711421569,1,stop
178320,2020-08-12,2020-08-13,22929.0,22241.13,192,-149723.47250812687,-0.03397068711421536,1,stop
000100,2020-08-12,2020-08-13,57849.0,56113.53,76,-149524.71947945375,-0.03397068711421558,1,stop
032830,2020-08-12,2020-08-13,57000.0,65550.0,77,638422.1514824992,0.14529248434912567,1,target
005380,2020-08-11,2020-08-14,171500.0,166355.0,26,-151649.51315150037,-0.03397068711421569,3,stop
086520,2020-08-13,2020-08-14,5718.0,5546.46,791,-153824.0290904725,-0.03397068711421547,1,stop
003490,2020-08-13,2020-08-14,15391.0,14929.27,293,-153369.14857053477,-0.03397068711421547,1,stop
071050,2020-08-10,2020-08-18,61700.0,59849.0,74,-155281.7553593004,-0.03397068711421569,5,stop
105560,2020-08-13,2020-08-18,40050.0,38848.5,112,-152554.17272759974,-0.03397068711421558,2,stop
028300,2020-08-14,2020-08-18,45801.0,44426.97,95,-147979.69016055763,-0.03397068711421558,1,stop
007660,2020-08-14,2020-08-18,4294.0,4165.18,1015,-148228.47154398356,-0.03397068711421525,1,stop
028260,2020-08-14,2020-08-18,127500.0,123675.0,34,-147432.30309749907,-0.03397068711421536,1,stop
032830,2020-08-18,2020-08-19,64500.0,62565.0,66,-144779.54193449905,-0.03397068711421536,1,stop
090430,2020-08-18,2020-08-19,192500.0,186725.0,22,-144031.3272474995,-0.03397068711421547,1,stop
066570,2020-08-18,2020-08-19,88300.0,85651.0,48,-144146.96042639995,-0.03397068711421558,1,stop
000810,2020-08-18,2020-08-19,186500.0,180905.0,22,-139542.03912550025,-0.03397068711421569,1,stop
005380,2020-08-18,2020-08-19,163500.0,158595.0,26,-144575.48338349955,-0.03397068711421547,1,stop
064760,2020-08-20,2020-08-21,109000.0,105730.0,37,-137161.35603049956,-0.03397068711421547,1,stop
007660,2020-08-20,2020-08-21,4146.0,4021.62,998,-140722.44982351828,-0.03397068711421569,1,stop
000990,2020-08-20,2020-08-21,37900.0,36763.0,109,-140497.71333934972,-0.03397068711421547,1,stop
028300,2020-08-20,2020-08-21,40860.0,39634.2,101,-140353.5119633102,-0.03397068711421558,1,stop
010060,2020-08-25,2020-08-26,54036.0,52414.92,74,-135993.59696264425,-0.03397068711421569,1,stop
237690,2020-08-26,2020-08-27,65800.0,63826.0,60,-134270.52655800013,-0.03397068711421558,1,stop
078600,2020-08-26,2020-08-27,52500.0,50925.0,75,-133913.42409374984,-0.03397068711421558,1,stop
214450,2020-08-19,2020-08-28,68400.0,68200.0,60,-28783.6361999996,-0.007005499204037702,7,time
298380,2020-08-27,2020-08-28,34300.0,33271.0,111,-129485.35353704961,-0.03397068711421547,1,stop
034220,2020-08-25,2020-08-31,14049.0,13627.529999999999,284,-135696.0795952864,-0.03397068711421569,4,stop
051910,2020-08-28,2020-08-31,767000.0,743990.0,5,-130427.42384749977,-0.03397068711421558,1,stop
034020,2020-08-31,2020-09-01,11969.0,13764.349999999999,319,555380.8701797677,0.1452924843491259,1,target
086280,2020-08-31,2020-09-02,72778.0,70594.66,52,-128708.43461387651,-0.03397068711421569,2,stop
009830,2020-08-28,2020-09-03,44138.0,50758.7,88,564986.0034513208,0.14529248434912612,4,target
298040,2020-09-02,2020-09-03,49400.0,56809.99999999999,74,531742.0863429992,0.14529248434912567,1,target
000250,2020-08-26,2020-09-04,58100.0,56357.0,68,-134365.7538818,-0.03397068711421558,7,stop
178320,2020-08-27,2020-09-04,24430.0,28094.499999999996,156,554358.1437848993,0.14529248434912567,6,target
006260,2020-09-01,2020-09-04,45350.0,52152.49999999999,97,639869.4744278742,0.14529248434912567,3,target
034020,2020-09-03,2020-09-04,14894.0,14447.18,290,-146896.98949871026,-0.03397068711421569,1,stop
272210,2020-09-03,2020-09-04,11444.0,11100.68,377,-146731.29395529767,-0.03397068711421547,1,stop
267260,2020-09-04,2020-09-07,12850.0,14777.499999999998,335,626167.1808143752,0.1452924843491259,1,target
067310,2020-09-04,2020-09-08,4778.0,5494.7,902,626895.3515344299,0.1452924843491259,2,target
298040,2020-09-07,2020-09-08,68600.0,66542.0,72,-167980.99918319937,-0.03397068711421547,1,stop
087010,2020-09-04,2020-09-09,20089.0,19486.329999999998,214,-146209.51624039048,-0.03397068711421547,3,stop
006260,2020-09-08,2020-09-09,64800.0,62856.0,75,-165287.42631,-0.03397068711421558,1,stop
032820,2020-09-08,2020-09-09,938.0,1078.6999999999998,5196,708947.9439869383,0.14529248434912545,1,target
267260,2020-09-09,2020-09-10,17150.0,19722.5,280,698496.9631850002,0.1452924843491259,1,target
012450,2020-09-04,2020-09-11,29030.0,28159.1,148,-146120.88680974022,-0.03397068711421558,5,stop
009830,2020-09-10,2020-09-11,58106.0,56362.82,94,-185760.0765756946,-0.03397068711421569,1,stop
010170,2020-09-09,2020-09-14,3777.0,3663.69,1274,-163651.4889066331,-0.03397068711421558,3,stop
222800,2020-09-04,2020-09-15,19250.0,20000.0,224,149833.28920000046,0.03470806039446739,7,time
307950,2020-09-14,2020-09-15,53200.0,61179.99999999999,87,673245.1779269995,0.14529248434912567,1,target
067310,2020-09-11,2020-09-16,6148.0,5963.5599999999995,771,-161209.92834391817,-0.03397068711421558,3,stop
001440,2020-09-09,2020-09-17,7566.0,7339.0199999999995,636,-163654.1416677963,-0.03397068711421569,6,stop
080220,2020-09-16,2020-09-17,4545.0,4408.65,1010,-156120.09590632562,-0.03397068711421569,1,stop
237690,2020-09-17,2020-09-18,75300.0,73041.0,60,-153656.08890299872,-0.03397068711421536,1,stop
267270,2020-09-17,2020-09-18,28600.0,27742.0,158,-153683.2967097992,-0.03397068711421536,1,stop
071050,2020-09-11,2020-09-21,79000.0,76630.0,60,-161206.25528999977,-0.03397068711421558,6,stop
141080,2020-09-18,2020-09-21,64000.0,62080.0,68,-148010.4689919995,-0.03397068711421547,1,stop
011200,2020-09-15,2020-09-22,7270.0,7051.9,673,-166399.88551053498,-0.03397068711421558,5,stop
226950,2020-09-15,2020-09-22,30878.0,29951.66,158,-165924.2250281535,-0.03397068711421547,5,stop
307950,2020-09-18,2020-09-22,59900.0,58103.0,73,-148714.4709929498,-0.03397068711421558,2,stop
237690,2020-09-21,2020-09-22,76700.0,74399.0,57,-148687.26318615023,-0.03397068711421569,1,stop
066970,2020-09-21,2020-09-22,44145.0,42820.65,100,-150136.07889825013,-0.03397068711421558,1,stop
028300,2020-09-22,2020-09-23,53435.0,51831.95,83,-150836.8499721419,-0.03397068711421547,1,stop
043260,2020-09-24,2020-09-25,1115.0,1081.55,3955,-149977.08327726275,-0.03397068711421569,1,stop
032820,2020-09-25,2020-09-28,1260.0,1449.0,3476,637078.1048478,0.1452924843491259,1,target
032820,2020-10-05,2020-10-06,1475.0,1430.75,3056,-153302.38741459977,-0.03397068711421558,1,stop
267270,2020-10-06,2020-10-07,30200.0,29294.0,148,-152010.01659160014,-0.03397068711421558,1,stop
226950,2020-10-05,2020-10-14,34031.0,33010.07,132,-152774.9640797805,-0.03397068711421525,6,stop
241560,2020-10-07,2020-10-15,28550.0,27693.5,155,-150501.68380212504,-0.03397068711421558,5,stop
357780,2020-10-14,2020-10-15,250900.0,243373.0,17,-145061.82293005055,-0.03397068711421569,1,stop
307950,2020-10-06,2020-10-16,66600.0,68000.0,67,75236.48487000074,0.016841479772040424,7,time
000270,2020-10-07,2020-10-16,49850.0,48354.5,88,-149194.0085878009,-0.0339706871142158,6,stop
086280,2020-10-15,2020-10-16,84783.0,97500.45,50,616625.0315463739,0.14529248434912567,1,target
095340,2020-10-15,2020-10-16,20900.0,20273.0,203,-144293.20238795038,-0.03397068711421569,1,stop
003490,2020-10-07,2020-10-19,15158.0,15934.0,292,207784.80489919893,0.04689103447276888,7,time
043260,2020-10-16,2020-10-19,1080.0,1047.6,4110,-150962.51602980122,-0.033970687114215914,1,stop
086280,2020-10-19,2020-10-20,92786.0,90002.42,47,-148314.58425250836,-0.033970687114215914,1,stop
086280,2020-10-22,2020-10-23,98287.0,95338.39,44,-147079.5538823381,-0.03397068711421558,1,stop
010170,2020-10-22,2020-10-23,3794.0,3680.18,1164,-150194.43964383565,-0.03397068711421547,1,stop
145020,2020-10-23,2020-10-26,219900.0,213303.0,19,-142096.17198885046,-0.03397068711421569,1,stop
047050,2020-10-23,2020-10-26,15150.0,14695.5,282,-145299.89123955043,-0.03397068711421569,1,stop
214150,2020-10-16,2020-10-27,14400.0,14900.0,308,135369.66366000008,0.030486595217510626,7,time
034020,2020-10-21,2020-10-27,12885.0,12498.449999999999,342,-149869.7824891964,-0.033970687114215914,4,stop
241560,2020-10-22,2020-10-27,31150.0,30215.5,141,-149375.96079577506,-0.03397068711421558,3,stop
011200,2020-10-26,2020-11-04,8190.0,9828.0,505,807801.4522305005,0.1950878097556097,7,target
011200,2020-11-06,2020-11-10,10300.0,12360.0,434,873084.5517380005,0.1950878097556097,2,target
043260,2020-11-06,2020-11-10,1275.0,1185.75,3508,-330496.01711355057,-0.07380694743940275,2,stop
000270,2020-10-28,2020-11-11,52600.0,58100.0,81,426725.8528049998,0.10004121905578134,10,time
009830,2020-11-10,2020-11-13,62642.0,58257.06,76,-351783.6640745085,-0.07380694743940264,3,stop
003490,2020-11-12,2020-11-18,19539.0,18171.27,244,-352280.5127831334,-0.07380694743940241,4,stop
307950,2020-11-12,2020-11-18,71400.0,85680.0,66,920389.1641560001,0.1950878097556097,4,target
034020,2020-11-10,2020-11-19,15201.0,14136.929999999998,316,-354940.61889713444,-0.07380694743940264,7,stop
006400,2020-11-09,2020-11-23,501264.0,514971.0,8,92898.48763079988,0.02313944428095116,10,time
226950,2020-11-23,2020-11-24,39286.0,47143.2,104,797995.6084193601,0.1950878097556097,1,target
319660,2020-11-20,2020-11-25,19500.0,18135.0,243,-350136.4672552496,-0.07380694743940253,3,stop
000270,2020-11-13,2020-11-27,59000.0,58700.0,75,-40568.20387499966,-0.009157423267594833,10,time
058610,2020-11-19,2020-11-30,7900.0,7346.999999999999,601,-350831.0505183507,-0.07380694743940275,7,stop
043260,2020-11-27,2020-11-30,1830.0,1775.1,2587,-161009.33878828492,-0.03397068711421558,1,stop
319400,2020-11-30,2020-12-01,3600.0,3492.0,1246,-152554.17272760067,-0.03397068711421569,1,stop
042700,2020-11-18,2020-12-02,6300.0,6375.0,801,39217.14923624974,0.00776253798836124,10,time
226950,2020-11-30,2020-12-02,54200.0,52574.0,82,-151152.9706774,-0.03397068711421558,2,stop
128940,2020-12-02,2020-12-03,341039.0,330807.83,13,-150782.50237805955,-0.03397068711421558,1,stop
096770,2020-12-02,2020-12-03,180554.0,175137.38,25,-153514.94840522483,-0.03397068711421558,1,stop
237690,2020-11-24,2020-12-04,77000.0,92400.0,63,947459.4336900013,0.1950878097556099,8,target
319400,2020-12-03,2020-12-04,3580.0,3472.6,1268,-154385.25812523998,-0.03397068711421558,1,stop
036930,2020-12-03,2020-12-04,8660.0,8400.199999999999,524,-154330.84251164086,-0.0339706871142158,1,stop
307950,2020-12-04,2020-12-07,95000.0,92150.0,51,-164777.27993249893,-0.03397068711421536,1,stop
003670,2020-12-04,2020-12-07,93253.0,90455.41,52,-164918.62448882498,-0.03397068711421536,1,stop
047040,2020-12-07,2020-12-08,4100.0,3977.0,1156,-161192.65138659906,-0.03397068711421536,1,stop
051910,2020-11-25,2020-12-09,820000.0,836000.0,5,62961.53600000031,0.015338830239522094,10,time
237690,2020-12-07,2020-12-09,111000.0,107670.0,42,-158553.49412699882,-0.03397068711421536,2,stop
068270,2020-12-08,2020-12-09,338225.0,328078.25,13,-149538.35739261378,-0.033970687114215914,1,stop
066970,2020-12-01,2020-12-10,48569.0,52321.0,90,318770.4096539989,0.07284120348067069,7,time
036930,2020-12-09,2020-12-10,8830.0,8565.1,497,-149252.1652748352,-0.03397068711421558,1,stop
000660,2020-12-04,2020-12-15,116000.0,117500.0,41,41827.655725000426,0.008784609527903386,7,time
003670,2020-12-10,2020-12-15,99354.0,96373.37999999999,45,-152055.24957040604,-0.0339706871142158,3,stop
307950,2020-12-15,2020-12-16,112000.0,128799.99999999999,40,651658.9743999997,0.1452924843491259,1,target
263750,2020-12-09,2020-12-18,47900.0,53740.0,91,512009.644328,0.11732809492460783,7,time
141080,2020-12-09,2020-12-18,64800.0,65700.0,67,42329.48746499978,0.009738542964808916,7,time
047040,2020-12-10,2020-12-21,4260.0,4610.0,1058,350737.4218290001,0.077729812788216,7,time
095340,2020-12-15,2020-12-21,24050.0,27657.499999999996,190,664677.6079287501,0.1452924843491259,4,target
272210,2020-12-16,2020-12-21,13501.0,13095.97,387,-177697.14505978953,-0.03397068711421558,3,stop
066970,2020-12-18,2020-12-21,69055.0,66983.34999999999,67,-157352.43950557336,-0.0339706871142158,1,stop
042700,2020-12-18,2020-12-21,8400.0,8148.0,551,-157410.76624139957,-0.03397068711421547,1,stop
015760,2020-12-21,2020-12-22,28600.0,27742.0,168,-163410.08764079958,-0.03397068711421547,1,stop
357780,2020-12-21,2020-12-22,275700.0,267429.0,17,-159400.33711364958,-0.03397068711421547,1,stop
000250,2020-12-22,2020-12-23,91100.0,88367.0,52,-161111.02796619944,-0.03397068711421547,1,stop
000100,2020-12-22,2020-12-23,66821.0,64816.369999999995,71,-161352.19116372336,-0.03397068711421558,1,stop
042700,2020-12-23,2020-12-24,8650.0,8390.5,537,-157977.02872042544,-0.03397068711421569,1,stop
000990,2020-12-23,2020-12-24,39450.0,45367.5,117,671390.5681226254,0.1452924843491259,1,target
066570,2020-12-24,2020-12-28,125000.0,121250.0,38,-161546.35287499987,-0.03397068711421558,1,stop
319400,2020-12-24,2020-12-28,4455.0,5123.25,1081,700512.3058390878,0.1452924843491259,1,target
011070,2020-12-24,2020-12-28,184500.0,178965.0,26,-163144.8115244992,-0.03397068711421547,1,stop
010060,2020-12-21,2020-12-29,61983.0,71280.45,77,694233.6879884163,0.14529248434912567,5,target
000990,2020-12-28,2020-12-29,43300.0,49794.99999999999,114,718017.6404984994,0.14529248434912567,1,target
003550,2020-12-29,2021-01-04,82185.0,94512.74999999999,63,753139.5864055874,0.1452924843491259,2,target
218410,2020-12-22,2021-01-05,41466.0,44637.0,114,341055.59803649876,0.07206575998129261,7,time
000250,2020-12-29,2021-01-05,79800.0,77406.0,65,-176408.61733950023,-0.03397068711421558,3,stop
064760,2020-12-29,2021-01-06,122300.0,118631.0,42,-174694.52551109903,-0.03397068711421536,4,stop
066570,2020-12-30,2021-01-06,128000.0,147200.0,43,800609.59712,0.1452924843491259,3,target
096770,2021-01-05,2021-01-06,224832.0,258556.8,22,719487.3642211203,0.1452924843491259,1,target
319400,2021-01-04,2021-01-07,5920.0,6807.999999999999,1003,863704.1499627987,0.14529248434912567,3,target
067310,2021-01-05,2021-01-07,7770.0,7536.9,648,-171237.7736571608,-0.03397068711421569,2,stop
011200,2021-01-06,2021-01-07,16500.0,16005.0,344,-193039.38924599905,-0.03397068711421547,1,stop
047040,2021-01-06,2021-01-08,5900.0,5723.0,962,-193032.5872943001,-0.03397068711421558,2,stop
064350,2021-01-06,2021-01-11,21850.0,21194.5,259,-192466.32481527515,-0.03397068711421558,3,stop
003670,2021-01-07,2021-01-11,126494.0,122699.18,45,-193591.36762645468,-0.03397068711421558,2,stop
058610,2021-01-07,2021-01-11,9580.0,9292.6,597,-194510.6513987109,-0.03397068711421569,2,stop
096770,2021-01-08,2021-01-11,265666.0,305515.89999999997,22,850160.6982243089,0.14529248434912567,1,target
012330,2021-01-11,2021-01-12,368500.0,357445.0,15,-187988.94010874908,-0.03397068711421547,1,stop
018260,2021-01-11,2021-01-12,223000.0,216310.0,26,-197188.57978299912,-0.03397068711421547,1,stop
267260,2021-01-11,2021-01-12,20400.0,19788.0,284,-197038.9368456006,-0.03397068711421569,1,stop
039490,2021-01-12,2021-01-13,162500.0,157625.0,34,-187903.91571249906,-0.03397068711421547,1,stop
086520,2021-01-12,2021-01-13,8060.0,7818.2,701,-192157.1761105107,-0.03397068711421569,1,stop
005380,2021-01-11,2021-01-14,256500.0,248805.0,22,-191917.06721549947,-0.03397068711421547,3,stop
353200,2021-01-13,2021-01-14,16000.0,15520.0,341,-185557.2423759997,-0.03397068711421558,1,stop
000990,2021-01-13,2021-01-14,61300.0,59461.0,89,-185547.0394484494,-0.03397068711421547,1,stop
086790,2021-01-14,2021-01-15,39900.0,38703.0,133,-180479.58543194924,-0.03397068711421547,1,stop
006400,2021-01-07,2021-01-18,673574.0,691197.0,8,118484.84438439924,0.02196282917646264,7,time
012330,2021-01-14,2021-01-18,328500.0,318645.0,16,-178755.2906759996,-0.03397068711421547,2,stop
000270,2021-01-14,2021-01-18,71200.0,69064.0,74,-179190.61558480002,-0.03397068711421558,2,stop
100790,2021-01-15,2021-01-18,5948.0,5769.5599999999995,892,-180442.7188537363,-0.03397068711421569,1,stop
003490,2021-01-18,2021-01-19,24502.0,23766.94,212,-176661.1057866048,-0.03397068711421569,1,stop
064760,2021-01-18,2021-01-19,133100.0,129107.0,39,-176541.2553976504,-0.03397068711421569,1,stop
012450,2021-01-19,2021-01-20,40490.0,39275.299999999996,125,-172131.89020812605,-0.0339706871142158,1,stop
145020,2021-01-19,2021-01-20,226100.0,219317.0,22,-169171.34073070064,-0.03397068711421569,1,stop
080220,2021-01-12,2021-01-21,4275.0,4916.25,1323,822693.9997513127,0.1452924843491259,7,target
000270,2021-01-20,2021-01-21,96000.0,93120.0,51,-166511.7776159998,-0.03397068711421558,1,stop
036930,2021-01-18,2021-01-27,9350.0,10450.0,556,588492.0701000001,0.11307197967434224,7,time
042700,2021-01-19,2021-01-28,10050.0,9748.5,505,-172608.02682712488,-0.03397068711421558,7,stop
066570,2021-01-21,2021-01-28,168500.0,163445.0,33,-189111.2621392496,-0.03397068711421547,5,stop
079550,2021-01-21,2021-01-28,39750.0,38557.5,141,-190616.19395287428,-0.03397068711421547,5,stop
080220,2021-01-27,2021-01-28,6450.0,6256.5,906,-198742.82574644964,-0.03397068711421558,1,stop
100790,2021-01-20,2021-01-29,5671.0,5500.87,867,-167217.71817318443,-0.03397068711421558,7,stop
352820,2021-01-28,2021-01-29,210870.0,204543.9,25,-179290.94437237456,-0.03397068711421547,1,stop
128940,2021-01-28,2021-01-29,380434.0,369020.98,14,-181138.55851264577,-0.03397068711421558,1,stop
035420,2021-01-29,2021-02-01,362000.0,351140.0,13,-160049.9235009998,-0.03397068711421558,1,stop
226950,2021-01-28,2021-02-03,47000.0,54049.99999999999,113,772535.8957674997,0.1452924843491259,4,target
068270,2021-02-02,2021-02-03,321809.0,312154.73,15,-164169.6955968989,-0.033970687114215914,1,stop
047050,2021-02-02,2021-02-04,18600.0,21390.0,267,722381.4282735,0.1452924843491259,2,target
096770,2021-02-02,2021-02-04,318799.0,309235.02999999997,15,-162634.15500062238,-0.03397068711421558,2,stop
263750,2021-01-28,2021-02-05,61960.0,71254.0,86,775090.1662117988,0.14529248434912567,6,target
298040,2021-02-05,2021-02-08,86300.0,83711.0,63,-184907.65598864947,-0.03397068711421547,1,stop
272210,2021-02-05,2021-02-08,17479.0,16954.63,314,-186659.36260995083,-0.03397068711421558,1,stop
079550,2021-02-05,2021-02-09,43600.0,42292.0,126,-186836.00929560047,-0.03397068711421569,2,stop
263750,2021-02-08,2021-02-09,78600.0,76242.0,67,-179102.19021269958,-0.03397068711421547,1,stop
047810,2021-02-05,2021-02-10,38800.0,37636.0,141,-186060.58680179995,-0.03397068711421558,3,stop
032820,2021-02-09,2021-02-10,1325.0,1285.25,3956,-178268.95112944953,-0.03397068711421547,1,stop
298040,2021-02-10,2021-02-15,88300.0,85651.0,58,-174177.577181899,-0.03397068711421536,1,stop
352820,2021-02-03,2021-02-16,229185.0,245520.0,24,368342.34327000007,0.06688904542617413,7,time
047050,2021-02-08,2021-02-16,21800.0,21146.0,244,-180904.70741319936,-0.03397068711421547,4,stop
047810,2021-02-15,2021-02-16,40150.0,38945.5,125,-170686.47547187377,-0.03397068711421536,1,stop
353200,2021-02-10,2021-02-17,16300.0,15811.0,319,-176840.54127245024,-0.03397068711421558,3,stop
080220,2021-02-16,2021-02-17,6970.0,6760.9,758,-179682.39669271093,-0.0339706871142158,1,stop
064760,2021-02-16,2021-02-17,185600.0,180032.0,28,-176741.91297280043,-0.03397068711421569,1,stop
319400,2021-02-16,2021-02-17,6150.0,5965.5,860,-179877.6127065001,-0.03397068711421558,1,stop
095610,2021-02-17,2021-02-18,33050.0,32058.5,153,-171975.44531902485,-0.03397068711421558,1,stop
357780,2021-02-17,2021-02-18,312600.0,303222.0,16,-170103.20811359957,-0.03397068711421547,1,stop
035720,2021-02-17,2021-02-19,103367.0,100265.98999999999,49,-172258.84863660578,-0.03397068711421569,2,stop
222800,2021-02-18,2021-02-19,25400.0,24638.0,194,-167586.48598460015,-0.03397068711421558,1,stop
010950,2021-02-09,2021-02-22,81000.0,86600.0,64,336098.35008000024,0.06475930375345462,7,time
003670,2021-02-18,2021-02-22,154605.0,177795.75,31,697152.1892523365,0.14529248434912567,2,target
272210,2021-02-19,2021-02-22,19581.0,18993.57,250,-166486.27029712405,-0.03397068711421536,1,stop
010060,2021-02-19,2021-02-22,100126.0,97122.22,48,-163452.53181940876,-0.03397068711421569,1,stop
042700,2021-02-22,2021-02-23,12175.0,11809.75,420,-173908.90008975007,-0.03397068711421558,1,stop
043260,2021-02-22,2021-02-23,1980.0,1920.6,2585,-174072.14693055023,-0.03397068711421558,1,stop
087010,2021-02-22,2021-02-23,15020.0,14569.4,340,-173681.03470780049,-0.03397068711421569,1,stop
178320,2021-02-22,2021-02-23,23104.0,22410.88,221,-173653.282744864,-0.03397068711421558,1,stop
267270,2021-02-23,2021-02-24,38750.0,37587.5,127,-167370.52401812375,-0.03397068711421536,1,stop
003670,2021-02-24,2021-02-25,167205.0,162188.85,29,-164911.44842978194,-0.03397068711421547,1,stop
138040,2021-02-17,2021-02-26,11050.0,12250.0,460,529541.5258000009,0.1040592510939835,7,time
011200,2021-02-23,2021-03-02,17100.0,19665.0,289,718846.7601757497,0.1452924843491259,4,target
000660,2021-02-26,2021-03-05,143500.0,139195.0,35,-170814.01206624974,-0.03397068711421558,4,stop
141080,2021-03-04,2021-03-05,57400.0,55678.0,90,-175694.41241099965,-0.03397068711421547,1,stop
086520,2021-03-05,2021-03-08,8968.0,8698.96,560,-170799.72796768043,-0.03397068711421569,1,stop
011200,2021-03-04,2021-03-09,20150.0,23172.5,257,753269.7727408744,0.14529248434912567,3,target
010060,2021-03-05,2021-03-09,100126.0,97122.22,50,-170263.05397855025,-0.03397068711421558,2,stop
098460,2021-03-04,2021-03-10,22439.0,21765.829999999998,231,-176286.4882967258,-0.03397068711421547,4,stop
105560,2021-03-09,2021-03-10,51900.0,50343.0,101,-178275.75308114942,-0.03397068711421547,1,stop
319400,2021-03-12,2021-03-15,6200.0,6014.0,834,-175857.65925180074,-0.03397068711421569,1,stop
005490,2021-03-05,2021-03-16,299500.0,306000.0,16,84054.8284,0.01752050580193809,7,time
100790,2021-03-15,2021-03-16,8064.0,7822.08,632,-173328.96568780765,-0.03397068711421547,1,stop
047040,2021-03-16,2021-03-17,6400.0,6208.0,766,-166729.4400704,-0.03397068711421558,1,stop
010120,2021-03-16,2021-03-17,12360.0,11989.199999999999,397,-166883.1641788194,-0.03397068711421547,1,stop
105560,2021-03-12,2021-03-18,51100.0,49567.0,101,-175527.76459435,-0.03397068711421558,4,stop
005290,2021-03-17,2021-03-19,33250.0,32252.5,142,-160577.07475774921,-0.03397068711421547,2,stop
237690,2021-03-17,2021-03-22,85000.0,82450.0,55,-158995.62098750006,-0.03397068711421558,3,stop
267270,2021-03-12,2021-03-23,46100.0,48350.0,112,230097.26515999995,0.04451365874337898,7,time
087010,2021-03-22,2021-03-23,16571.0,16073.869999999999,279,-157237.62256087735,-0.0339706871142158,1,stop
196170,2021-03-15,2021-03-24,83412.0,83162.0,61,-36057.224799900316,-0.007078393647436787,7,time
042700,2021-03-23,2021-03-24,13225.0,12828.25,372,-167317.80889244936,-0.03397068711421547,1,stop
100790,2021-03-18,2021-03-26,7911.0,9097.65,641,737618.4660474677,0.1452924843491259,6,target
011200,2021-03-23,2021-03-26,27350.0,31452.499999999996,180,716097.5738775004,0.1452924843491259,3,target
214450,2021-03-25,2021-03-26,70300.0,68191.0,72,-172143.7936236011,-0.0339706871142158,1,stop
039030,2021-03-19,2021-03-30,114100.0,120100.0,39,215073.57612000033,0.048276701370499,7,time
011200,2021-03-29,2021-03-30,32600.0,31622.0,167,-185155.92722569965,-0.03397068711421547,1,stop
001440,2021-03-26,2021-03-31,9411.0,9128.67,579,-185318.1197639862,-0.03397068711421558,3,stop
090430,2021-03-24,2021-04-02,249500.0,258500.0,19,151068.3663499998,0.03183099138886125,7,time
009540,2021-03-30,2021-04-02,136500.0,126944.99999999999,36,-363104.484561,-0.07380694743940264,3,stop
241560,2021-03-29,2021-04-07,40550.0,40900.0,134,24493.34711499978,0.0045024952528653905,7,time
064760,2021-04-02,2021-04-08,201200.0,187116.0,23,-341941.8625874007,-0.07380694743940275,4,stop
031980,2021-04-07,2021-04-09,11000.0,10230.0,508,-412907.58236199897,-0.07380694743940241,2,stop
043260,2021-04-08,2021-04-12,2065.0,1920.4499999999998,2080,-317380.2161348006,-0.07380694743940275,2,stop
010140,2021-03-30,2021-04-13,7211.0,7183.0,690,-39654.006612000056,-0.007960553613166943,10,time
017670,2021-04-01,2021-04-15,47965.0,51847.0,111,407812.3912658999,0.07650921978524416,10,time
240810,2021-04-02,2021-04-16,55100.0,55900.0,85,48605.612900000066,0.010366130752247127,10,time
047040,2021-04-09,2021-04-23,7000.0,7090.0,739,45113.93659450021,0.008711020377056178,10,time
000720,2021-04-12,2021-04-26,44951.0,50011.0,88,427756.09173439955,0.10801273337797057,10,time
066970,2021-04-13,2021-04-27,92330.0,90696.0,53,-106401.1936919,-0.021718437546529024,10,time
010060,2021-04-23,2021-04-28,112841.0,104942.12999999999,46,-383549.32123483904,-0.07380694743940253,3,stop
036930,2021-04-15,2021-04-29,12800.0,14000.0,453,518234.43714000005,0.08927274326683166,10,time
067310,2021-04-26,2021-04-29,10647.0,9901.71,415,-326491.4490344329,-0.07380694743940264,3,stop
028050,2021-04-16,2021-04-30,14800.0,17760.0,319,922107.9114280008,0.1950878097556097,10,target
042660,2021-04-27,2021-04-30,27674.0,33208.799999999996,173,935077.0314683793,0.19508780975560946,3,target
047040,2021-04-30,2021-05-04,7610.0,7077.299999999999,752,-422862.2905752808,-0.07380694743940275,2,stop
267260,2021-04-30,2021-05-04,22200.0,20646.0,257,-421582.48396709934,-0.07380694743940241,2,stop
267250,2021-04-28,2021-05-07,65100.0,78120.0,73,928182.1205369998,0.19508780975560946,6,target
000150,2021-04-29,2021-05-14,61100.0,68500.0,85,605861.6748500001,0.11652366296043715,10,time
000720,2021-04-29,2021-05-14,51372.0,50497.0,101,-109378.27185165044,-0.02105639373541668,10,time
028050,2021-05-04,2021-05-20,17850.0,19750.0,297,540910.012995,0.10191336333675483,10,time
032830,2021-05-04,2021-05-20,86100.0,84900.0,61,-94508.35895999987,-0.017973721948787658,10,time
267260,2021-05-07,2021-05-21,23400.0,21762.0,244,-421892.82968039997,-0.07380694743940253,9,stop
030200,2021-05-14,2021-05-31,31700.0,34200.0,171,404024.5958850011,0.07444803085283525,10,time
000810,2021-05-14,2021-05-31,217500.0,211500.0,25,-171841.7549999999,-0.03156677485321291,10,time
001440,2021-05-31,2021-06-01,15025.0,18030.0,369,1082854.7266027508,0.1950878097556097,1,target
047040,2021-05-20,2021-06-02,7660.0,9192.0,720,1077185.7902880004,0.1950878097556097,9,target
034020,2021-05-31,2021-06-02,17856.0,21427.2,310,1081123.2840384012,0.1950878097556099,2,target
214450,2021-05-20,2021-06-03,78500.0,85000.0,70,431139.02825000044,0.07837010434423375,10,time
001440,2021-06-03,2021-06-04,18712.0,22454.399999999998,342,1249901.1411537593,0.19508780975560946,1,target
000150,2021-06-03,2021-06-07,90000.0,108000.0,71,1248044.8941000002,0.1950878097556097,2,target
034020,2021-06-04,2021-06-07,22054.0,26464.8,350,1507595.2633909974,0.19508780975560924,1,target
032820,2021-06-07,2021-06-08,1940.0,2328.0,4348,1647481.7601127997,0.19508780975560946,1,target
012450,2021-05-26,2021-06-09,50116.0,51034.0,106,75250.27968339995,0.014149028970584565,10,time
241560,2021-06-03,2021-06-09,54500.0,50685.0,117,-471171.2954422487,-0.07380694743940241,4,stop
001440,2021-06-08,2021-06-09,36781.0,35677.57,274,-342750.1421044506,-0.03397068711421569,1,stop
034020,2021-06-09,2021-06-10,23936.0,23217.92,293,-238518.87078060862,-0.03397068711421569,1,stop
000150,2021-06-09,2021-06-10,99000.0,96030.0,70,-235687.62640499976,-0.03397068711421558,1,stop
032820,2021-06-10,2021-06-11,2395.0,2323.15,2831,-230594.49502083287,-0.03397068711421569,1,stop
145020,2021-06-10,2021-06-11,242500.0,235225.0,27,-222678.89377875067,-0.03397068711421569,1,stop
001440,2021-06-11,2021-06-14,26578.0,25780.66,246,-222362.19490759727,-0.03397068711421547,1,stop
180640,2021-06-11,2021-06-14,78700.0,76339.0,83,-222155.14349785168,-0.0339706871142158,1,stop
035720,2021-06-02,2021-06-16,128000.0,143000.0,51,735991.6921499996,0.11261430205112077,10,time
010140,2021-06-09,2021-06-18,6663.0,6463.11,1053,-238617.19299243204,-0.03397068711421569,7,stop
064350,2021-06-07,2021-06-21,23000.0,24250.0,366,421652.61952500045,0.05003186183237451,10,time
064760,2021-06-18,2021-06-21,202100.0,196037.0,33,-226821.28236404993,-0.03397068711421558,1,stop
307950,2021-06-14,2021-06-23,124000.0,134000.0,51,482579.4777000006,0.07622154910787438,7,time
214450,2021-06-14,2021-06-23,92700.0,92000.0,68,-73293.08634000085,-0.01161382148942769,7,time
028050,2021-06-21,2021-06-24,23750.0,27312.499999999996,324,1119311.5642874986,0.14529248434912567,3,target
214150,2021-06-16,2021-06-25,17950.0,17900.0,406,-50106.606724999845,-0.006867604706341179,7,time
035720,2021-06-21,2021-06-25,155500.0,150835.0,49,-259137.3548907498,-0.03397068711421558,4,stop
095340,2021-06-23,2021-06-25,24500.0,23765.0,267,-222474.8352277493,-0.03397068711421547,2,stop
078600,2021-06-24,2021-06-25,50900.0,49373.0,173,-299479.73042345047,-0.03397068711421558,1,stop
307950,2021-06-25,2021-06-28,143000.0,138710.0,51,-248033.16874049976,-0.03397068711421558,1,stop
298380,2021-06-25,2021-06-29,22300.0,21631.0,330,-250277.81280150078,-0.03397068711421569,2,stop
039490,2021-06-29,2021-06-30,135000.0,130950.0,53,-243339.82206749916,-0.03397068711421547,1,stop
005830,2021-06-29,2021-07-01,55600.0,53932.0,129,-243931.59186539985,-0.03397068711421558,2,stop
263750,2021-06-30,2021-07-01,74500.0,85675.0,93,1007816.7866362501,0.1452924843491259,1,target
043260,2021-06-23,2021-07-02,1800.0,1870.0,3645,227509.5148425009,0.03463620566805092,7,time
010170,2021-06-25,2021-07-06,3112.0,3138.0,2366,31159.633941800334,0.004227063788855734,7,time
263750,2021-07-05,2021-07-06,83800.0,77934.0,86,-532523.6872881986,-0.07380694743940241,1,stop
277810,2021-06-29,2021-07-07,23450.0,22746.5,306,-244043.82406845037,-0.03397068711421569,6,stop
032820,2021-07-06,2021-07-07,3070.0,2855.1,2307,-523338.1930928854,-0.07380694743940264,1,stop
058470,2021-07-02,2021-07-16,36081.0,37303.0,200,214106.06574000046,0.029636109663292443,10,time
010950,2021-07-07,2021-07-16,106500.0,99045.0,63,-495777.27699674945,-0.07380694743940253,7,stop
000720,2021-07-05,2021-07-19,58572.0,56043.0,123,-339674.8506898489,-0.04709437213837042,10,time
012450,2021-07-06,2021-07-20,54496.0,52562.0,129,-277560.78322650027,-0.0394370617969767,10,time
047050,2021-07-07,2021-07-21,23950.0,23450.0,282,-168263.15792999975,-0.02488485947219743,10,time
078600,2021-07-20,2021-07-21,61700.0,57380.99999999999,109,-496944.7680134503,-0.07380694743940264,1,stop
032820,2021-07-16,2021-07-22,3065.0,2850.45,2239,-507085.31419552676,-0.07380694743940241,4,stop
086520,2021-07-19,2021-07-26,11249.0,13498.8,611,1342407.83026441,0.1950878097556097,5,target
067310,2021-07-16,2021-07-28,11881.0,11049.33,577,-506553.44075640105,-0.07380694743940264,8,stop
042700,2021-07-23,2021-07-29,19825.0,18437.25,327,-479024.1503662877,-0.07380694743940264,4,stop
357780,2021-07-23,2021-07-29,364600.0,339078.0,17,-457996.3809942994,-0.07380694743940253,4,stop
047050,2021-07-26,2021-08-02,27200.0,25296.0,313,-629085.5392263988,-0.07380694743940241,5,stop
010130,2021-07-22,2021-08-05,517000.0,525000.0,12,70291.75440000091,0.01131705371001801,10,time
086520,2021-07-30,2021-08-09,13734.0,16480.8,428,1148074.7402728787,0.19508780975560924,6,target
012450,2021-08-05,2021-08-10,56228.0,52292.03999999999,111,-461181.7102821423,-0.07380694743940264,3,stop
138040,2021-07-28,2021-08-11,23250.0,24450.0,273,300621.91887000017,0.04730813435572245,10,time
353200,2021-08-10,2021-08-11,17450.0,16228.499999999998,331,-426795.55303217564,-0.07380694743940264,1,stop
086520,2021-08-11,2021-08-12,17940.0,21528.0,334,1170302.8299924014,0.1950878097556099,1,target
005830,2021-07-30,2021-08-13,56000.0,59400.0,105,331850.13015000056,0.05637226040897647,10,time
214150,2021-08-03,2021-08-18,23750.0,25300.0,332,480768.6264700005,0.06090251181813766,10,time
066970,2021-08-12,2021-08-18,122600.0,114017.99999999999,53,-480134.3752097003,-0.07380694743940264,3,stop
006400,2021-08-13,2021-08-20,808681.0,752073.33,8,-478039.3938612519,-0.07380694743940253,4,stop
214150,2021-08-20,2021-08-23,26100.0,24273.0,239,-460929.8869033512,-0.07380694743940275,1,stop
222800,2021-08-09,2021-08-24,30800.0,31400.0,229,108089.51368999947,0.01530728426207073,10,time
207940,2021-08-12,2021-08-27,1405065.0,1377429.0,4,-133251.06029279996,-0.02368181857312679,10,time
000810,2021-08-18,2021-09-01,230500.0,227000.0,32,-141898.14159999974,-0.019215716505699976,10,time
079550,2021-08-18,2021-09-01,47800.0,52400.0,158,693706.1115799993,0.0917468833890156,10,time
138040,2021-08-27,2021-09-02,26650.0,31980.0,206,1072244.3918810003,0.1950878097556097,4,target
086520,2021-09-01,2021-09-02,20555.0,19116.149999999998,376,-571086.358920821,-0.07380694743940275,1,stop
214450,2021-08-24,2021-09-07,98100.0,94000.0,66,-296336.46339000016,-0.045716495777885724,10,time
353200,2021-08-25,2021-09-08,18250.0,18200.0,354,-44124.24061500002,-0.006822002851502584,10,time
078600,2021-09-06,2021-09-08,70000.0,84000.0,102,1394529.0366000002,0.1950878097556097,2,target
138040,2021-09-09,2021-09-14,37300.0,34689.0,189,-520915.2797740493,-0.07380694743940253,3,stop
247540,2021-09-10,2021-09-14,90778.0,108933.59999999999,77,1365213.8487541387,0.19508780975560946,2,target
067310,2021-09-03,2021-09-15,12599.0,11717.07,568,-528787.1249000682,-0.07380694743940264,8,stop
028300,2021-09-02,2021-09-16,55880.0,60097.0,128,508871.76411519945,0.0710628743569981,10,time
058470,2021-09-14,2021-09-23,41147.0,38266.71,181,-550317.3587602563,-0.07380694743940264,4,stop
066970,2021-09-14,2021-09-24,150400.0,180480.0,49,1439372.7154239984,0.19508780975560946,5,target
267260,2021-09-08,2021-09-27,26500.0,26200.0,266,-108452.95741000026,-0.015367905169906604,10,time
028050,2021-09-24,2021-09-27,27850.0,25900.5,283,-582382.2039665747,-0.07380694743940253,1,stop
066970,2021-09-27,2021-09-28,191900.0,178467.0,37,-524654.2067009499,-0.07380694743940253,1,stop
000810,2021-09-15,2021-10-05,232500.0,240000.0,29,189226.68562499993,0.028032524520954505,10,time
247540,2021-09-16,2021-10-06,110001.0,102300.93,69,-560844.1375717195,-0.07380694743940275,10,stop
028300,2021-10-05,2021-10-06,49509.0,48023.729999999996,137,-230679.11129998136,-0.03397068711421569,1,stop
078600,2021-09-27,2021-10-07,97800.0,90954.0,73,-527543.3775081001,-0.07380694743940264,7,stop
005830,2021-09-24,2021-10-12,62800.0,65500.0,125,304334.16312499996,0.03872414462569562,10,time
028300,2021-10-08,2021-10-12,45834.0,44458.979999999996,147,-229144.08085008338,-0.03397068711421569,1,stop
028300,2021-10-15,2021-10-18,46550.0,45153.5,150,-237473.13872625027,-0.03397068711421558,1,stop
000150,2021-11-30,2021-12-01,110500.0,107185.0,62,-233000.85548349936,-0.03397068711421547,1,stop
086520,2021-12-03,2021-12-07,22405.0,21732.85,307,-233930.5122320978,-0.03397068711421558,2,stop
352820,2021-12-03,2021-12-08,333500.0,341000.0,20,122222.79849999957,0.018303206213550416,3,time
000150,2021-12-03,2021-12-08,110500.0,114500.0,62,219192.11539999954,0.03195742245111077,3,time
066970,2021-12-07,2021-12-10,203000.0,205900.0,33,67964.02981499955,0.010133743960098585,3,time
277810,2022-01-18,2022-01-21,22000.0,23100.0,314,316071.3779300004,0.04570183353615853,3,time
108490,2022-01-25,2022-01-26,23079.0,22386.63,302,-237043.18735929206,-0.03397068711421547,1,stop
277810,2022-01-26,2022-01-27,21800.0,21146.0,318,-235769.2498254003,-0.03397068711421558,1,stop
319400,2022-01-27,2022-01-28,3365.0,3264.0499999999997,2044,-233921.1595485108,-0.03397068711421569,1,stop
058610,2022-01-26,2022-02-03,11300.0,12430.000000000002,614,663340.4527090015,0.09549715894264232,3,target
108490,2022-01-28,2022-02-03,21716.0,23887.600000000002,314,651927.2720738798,0.0954971589426421,1,target
138040,2022-02-03,2022-02-04,44450.0,48895.00000000001,161,684206.6793677518,0.09549715894264232,1,target
319400,2022-02-03,2022-02-04,3350.0,3685.0000000000005,2143,686367.3974547517,0.09549715894264232,1,target
031980,2022-01-28,2022-02-07,14450.0,14016.5,472,-231960.15687340032,-0.03397068711421558,3,stop
138040,2022-02-11,2022-02-15,41550.0,40303.5,176,-248706.56195879914,-0.03397068711421547,2,stop
298380,2022-02-14,2022-02-15,23800.0,26180.000000000004,308,700837.5161480019,0.09549715894264232,1,target
298380,2022-02-18,2022-02-23,24500.0,26050.0,303,437842.46061750036,0.058912838235837706,3,time
032820,2022-04-11,2022-04-12,2215.0,2148.5499999999997,3392,-255524.83834288083,-0.03397068711421569,1,stop
214370,2022-05-09,2022-05-10,20820.0,20195.399999999998,358,-253493.77556526102,-0.03397068711421569,1,stop
329180,2022-05-12,2022-05-13,124500.0,120765.0,59,-249818.68106174935,-0.03397068711421547,1,stop
214370,2022-05-13,2022-05-17,18400.0,20240.0,400,703667.4831999997,0.0954971589426421,2,target
028300,2022-06-09,2022-06-10,34486.0,33451.42,217,-254510.73536392767,-0.03397068711421569,1,stop
028300,2022-06-13,2022-06-15,32334.0,31363.98,230,-252924.4522079695,-0.03397068711421547,2,stop
257720,2022-07-27,2022-07-28,4050.0,3928.5,1827,-251650.10655697528,-0.03397068711421558,1,stop
214370,2022-08-30,2022-09-02,23940.0,26334.000000000004,307,702671.2583121015,0.09549715894264232,3,target
277810,2022-09-08,2022-09-13,27600.0,30360.000000000004,271,715102.079802,0.0954971589426421,1,target
000150,2022-09-08,2022-09-14,73000.0,70810.0,102,-253236.66179100052,-0.03397068711421569,2,stop
298040,2022-09-19,2022-09-20,63700.0,61789.0,119,-257804.17235754896,-0.03397068711421547,1,stop
012450,2022-09-27,2022-09-28,67535.0,65508.95,111,-254950.24347302224,-0.03397068711421558,1,stop
078600,2022-09-27,2022-09-28,81600.0,79152.0,92,-255318.05901120044,-0.03397068711421569,1,stop
009830,2022-09-27,2022-09-30,57888.0,58887.0,130,98646.37853849959,0.013093327533031829,3,time
064350,2022-09-29,2022-09-30,25900.0,25123.0,285,-251043.03236774914,-0.03397068711421547,1,stop
003670,2022-09-30,2022-10-06,145881.0,153636.0,50,356714.41790250037,0.04884866626230089,3,time
377300,2023-01-02,2023-01-03,54700.0,53059.0,136,-253005.3954331996,-0.03397068711421558,1,stop
257720,2023-01-02,2023-01-03,2480.0,2405.6,3012,-254044.7336529605,-0.03397068711421569,1,stop
298040,2023-01-05,2023-01-06,72100.0,69937.0,102,-250114.56596070062,-0.03397068711421569,1,stop
257720,2023-01-06,2023-01-11,2425.0,2600.0,3018,496599.69596250076,0.06777604995346564,3,time
042660,2023-03-09,2023-03-10,20033.0,19432.01,370,-252087.4720512852,-0.03397068711421558,1,stop
058610,2023-03-10,2023-03-13,23850.0,22180.5,308,-542794.652561699,-0.07380694743940241,1,stop
042660,2023-03-13,2023-03-15,19589.0,21547.9,369,691079.9618452955,0.0954971589426421,2,target
086520,2023-03-14,2023-03-15,72791.0,87349.2,99,1407479.9926067106,0.1950878097556097,1,target
080220,2023-03-15,2023-03-16,4550.0,5005.0,1749,760835.6858602483,0.09549715894264188,1,target
108490,2023-03-20,2023-03-21,40608.0,37765.439999999995,202,-606121.1387115847,-0.07380694743940264,1,stop
403870,2023-03-20,2023-03-21,18600.0,22320.0,441,1602067.7696940005,0.1950878097556097,1,target
277810,2023-03-20,2023-03-23,124000.0,148800.0,66,1598434.962960002,0.1950878097556099,3,target
028050,2023-03-10,2023-03-24,28650.0,29250.0,257,123570.15918000042,0.016763188928201833,10,time
082920,2023-03-23,2023-03-24,8645.0,10374.0,1050,1772897.5766775012,0.1950878097556097,1,target
058610,2023-03-23,2023-03-27,33500.0,40200.0,270,1766598.7585500013,0.1950878097556097,2,target
247540,2023-03-24,2023-03-27,245000.0,227849.99999999997,37,-669829.4978724997,-0.07380694743940253,1,stop
086520,2023-03-24,2023-03-27,94374.0,87767.81999999999,96,-669452.9450736959,-0.07380694743940253,1,stop
003550,2023-03-14,2023-03-28,86200.0,83200.0,83,-277586.91726999916,-0.03875381117878263,10,time
000250,2023-03-27,2023-03-28,67400.0,80880.0,137,1803473.7000220008,0.1950878097556097,1,target
082920,2023-03-27,2023-03-28,10598.0,9856.14,874,-684434.3671403974,-0.07380694743940253,1,stop
007660,2023-03-29,2023-04-03,10210.0,9495.3,894,-674465.4716945104,-0.07380694743940264,3,stop
403870,2023-03-24,2023-04-04,26150.0,24319.5,349,-674362.7620417755,-0.07380694743940264,7,stop
042700,2023-03-27,2023-04-04,20400.0,18972.0,454,-684356.6329284012,-0.07380694743940275,6,stop
028050,2023-04-03,2023-04-07,31900.0,29666.999999999996,265,-624644.639852752,-0.07380694743940286,4,stop
078600,2023-04-04,2023-04-07,106300.0,127560.0,80,1660934.86376,0.1950878097556097,3,target
066970,2023-03-28,2023-04-11,295500.0,317500.0,29,600999.6192000005,0.07005183191597886,10,time
006260,2023-03-28,2023-04-11,77400.0,83800.0,114,691288.2251999974,0.07825536668303257,10,time
078600,2023-04-10,2023-04-11,132300.0,123038.99999999999,68,-664760.5178886009,-0.07380694743940264,1,stop
086520,2023-04-11,2023-04-12,148134.0,137764.62,60,-656753.5984854596,-0.07380694743940253,1,stop
003670,2023-04-11,2023-04-13,296609.0,275846.37,30,-657509.5119728548,-0.07380694743940253,2,stop
247540,2023-04-12,2023-04-13,290000.0,269700.0,31,-664287.6101349983,-0.07380694743940241,1,stop
214370,2023-04-04,2023-04-18,42700.0,44200.0,199,262796.3722150009,0.030891514270061426,10,time
310210,2023-04-13,2023-04-20,40705.0,37855.649999999994,204,-613584.5097654304,-0.07380694743940264,5,stop
267260,2023-04-18,2023-04-21,49950.0,46453.5,175,-645907.0158056244,-0.07380694743940253,3,stop
319400,2023-04-20,2023-04-21,4995.0,4645.349999999999,1545,-570243.6225255374,-0.07380694743940253,1,stop
128940,2023-04-11,2023-04-25,321811.0,299284.23,28,-665817.7622852428,-0.07380694743940264,10,stop
051910,2023-04-11,2023-04-25,768000.0,742000.0,11,-319778.4513000017,-0.03780907678096557,10,time
042660,2023-04-21,2023-04-25,26474.0,24620.82,287,-561432.9816167857,-0.07380694743940241,2,stop
012330,2023-04-13,2023-04-27,230500.0,221500.0,36,-357051.6953999996,-0.042979212361288766,10,time
005830,2023-04-26,2023-05-04,85300.0,79329.0,91,-573570.6024639495,-0.07380694743940253,5,stop
267260,2023-04-26,2023-05-09,52500.0,48825.0,149,-578018.8910212498,-0.07380694743940253,7,stop
042700,2023-05-04,2023-05-09,22650.0,21064.5,318,-532220.7307585496,-0.07380694743940253,2,stop
064350,2023-04-24,2023-05-10,33550.0,33600.0,227,-19894.736837498844,-0.002609279488611782,10,time
267270,2023-04-28,2023-05-10,67600.0,62867.99999999999,121,-604405.6658354001,-0.07380694743940264,6,stop
000810,2023-04-26,2023-05-12,226500.0,225500.0,34,-65460.004499999806,-0.008490430096063428,10,time
319400,2023-05-12,2023-05-15,4825.0,4487.25,1556,-554757.7408910496,-0.07380694743940253,1,stop
214150,2023-05-18,2023-05-23,26500.0,24645.0,275,-538486.7584937494,-0.07380694743940253,3,stop
005380,2023-05-11,2023-05-25,211500.0,203500.0,34,-300668.2866000002,-0.041763714400053,10,time
000270,2023-05-11,2023-05-25,90500.0,87100.0,80,-300869.0984000005,-0.04150876399895409,10,time
043260,2023-05-11,2023-05-25,1623.0,1662.0,4481,144438.97422344983,0.019837718121699988,10,time
007660,2023-05-23,2023-05-26,10755.0,12906.0,627,1317065.29236315,0.1950878097556097,3,target
042660,2023-05-25,2023-05-26,27007.0,25116.51,262,-522846.36902914103,-0.07380694743940253,1,stop
042700,2023-05-26,2023-05-31,28150.0,26179.5,255,-530414.0753561249,-0.07380694743940253,2,stop
214450,2023-05-17,2023-06-01,114000.0,120000.0,63,347452.3646999998,0.04832264013649956,10,time
007660,2023-05-30,2023-06-09,13887.0,16664.399999999998,519,1407683.8985330686,0.19508780975560946,7,target
047050,2023-06-09,2023-06-12,38400.0,37248.0,224,-292538.33871360123,-0.03397068711421569,1,stop
095340,2023-05-26,2023-06-13,51300.0,56000.0,140,626626.9106999999,0.08714940458599951,10,time
005930,2023-05-30,2023-06-14,71300.0,71900.0,101,30908.98051000107,0.004287208057834668,10,time
067310,2023-06-13,2023-06-14,17822.0,17287.34,438,-265481.3992023058,-0.03397068711421558,1,stop
066570,2023-05-31,2023-06-15,125200.0,123600.0,53,-111744.02128000092,-0.016820731590832527,10,time
086520,2023-06-14,2023-06-15,147545.0,143118.65,50,-250898.49089412484,-0.03397068711421558,1,stop
031980,2023-06-14,2023-06-15,12130.0,13949.499999999998,609,1074534.7379282229,0.14529248434912567,1,target
403870,2023-06-01,2023-06-16,26750.0,31450.0,282,1290577.8828300005,0.17088821236180451,10,time
007660,2023-06-12,2023-06-16,17504.0,20129.6,476,1211955.3605891187,0.14529248434912567,4,target
214150,2023-06-15,2023-06-16,32300.0,31331.0,228,-250461.46549739968,-0.03397068711421558,1,stop
010170,2023-06-16,2023-06-19,2217.0,2150.49,3842,-289685.3961120695,-0.03397068711421569,1,stop
031980,2023-06-19,2023-06-20,15750.0,18112.5,525,1202769.0054843742,0.14529248434912567,1,target
086280,2023-06-15,2023-06-26,94186.0,96388.0,78,141142.1956385998,0.019190076079280027,7,time
047050,2023-06-15,2023-06-26,36950.0,37950.0,199,168279.06854000036,0.022859322964036588,7,time
012450,2023-06-20,2023-06-26,139860.0,135664.19999999998,67,-318692.52319527045,-0.03397068711421558,4,stop
353200,2023-06-16,2023-06-27,29200.0,31200.0,291,545461.0098599996,0.06411928265910438,7,time
042700,2023-06-16,2023-06-27,28700.0,30100.0,296,378363.2994400002,0.044487313404292905,7,time
082920,2023-06-26,2023-06-27,11683.0,11332.51,689,-273764.50989473984,-0.03397068711421558,1,stop
031980,2023-06-26,2023-06-27,17780.0,17246.6,453,-273926.1582768895,-0.03397068711421547,1,stop
087010,2023-06-27,2023-06-28,11173.0,10837.81,749,-284613.282758655,-0.03397068711421569,1,stop
145020,2023-06-27,2023-06-28,114100.0,110677.0,73,-283277.4814740503,-0.03397068711421558,1,stop
310210,2023-06-26,2023-06-30,40378.0,39166.659999999996,199,-273275.95971388835,-0.0339706871142158,4,stop
131970,2023-06-27,2023-06-30,42900.0,41613.0,195,-284508.6347317491,-0.03397068711421547,3,stop
098460,2023-06-29,2023-06-30,16930.0,16422.1,483,-278104.2571086157,-0.03397068711421569,1,stop
084370,2023-06-30,2023-07-06,34250.0,31852.499999999996,233,-589675.3282291265,-0.07380694743940275,4,stop
036930,2023-06-30,2023-07-07,19150.0,17809.5,417,-590066.9549625749,-0.07380694743940253,5,stop
267270,2023-06-29,2023-07-10,82600.0,85100.0,99,213257.7369449986,0.02604895692294562,7,time
031980,2023-06-30,2023-07-10,20800.0,19344.0,384,-590188.8764928011,-0.07380694743940275,6,stop
042660,2023-07-10,2023-07-12,36824.0,44188.799999999996,210,1510356.9777575973,0.19508780975560924,2,target
307950,2023-06-30,2023-07-14,139200.0,159000.0,57,1092756.0726899998,0.13756562351018875,10,time
010140,2023-07-11,2023-07-17,7240.0,8688.0,1069,1511630.4132363982,0.19508780975560946,4,target
086520,2023-07-06,2023-07-18,185609.0,222730.8,40,1450068.0109483982,0.19508780975560924,8,target
087010,2023-07-12,2023-07-18,15922.0,19106.399999999998,581,1806770.9604135808,0.1950878097556097,4,target
095610,2023-07-18,2023-07-21,23300.0,21669.0,428,-736878.9503125995,-0.07380694743940253,3,stop
010120,2023-07-11,2023-07-25,16880.0,20256.0,458,1509966.3533776011,0.1950878097556097,10,target
247540,2023-07-21,2023-07-25,348500.0,418200.0,26,1769723.7535900008,0.1950878097556097,2,target
047050,2023-07-25,2023-07-26,70500.0,84600.0,143,1969039.8434849996,0.19508780975560946,1,target
095340,2023-07-25,2023-07-26,90200.0,108240.0,112,1973121.868255999,0.19508780975560946,1,target
036930,2023-07-18,2023-07-27,21450.0,25740.0,465,1948092.6111075003,0.1950878097556097,7,target
086520,2023-07-26,2023-07-27,255653.0,237757.28999999998,47,-887861.4748065211,-0.07380694743940253,1,stop
042700,2023-07-14,2023-07-28,43250.0,47150.0,208,771941.1346399989,0.085710794411888,10,time
031980,2023-07-27,2023-07-28,27550.0,33060.0,420,2259957.350490002,0.1950878097556097,1,target
028050,2023-07-17,2023-07-31,32700.0,37000.0,283,1175387.3653350007,0.1268666911559011,10,time
095340,2023-07-28,2023-08-01,106500.0,99045.0,110,-865642.8645974994,-0.07380694743940253,2,stop
036930,2023-07-31,2023-08-02,28250.0,26272.5,371,-774441.8653973751,-0.07380694743940264,2,stop
096770,2023-08-01,2023-08-02,222864.0,207263.52,48,-790455.8519873284,-0.07380694743940264,1,stop
084370,2023-07-28,2023-08-03,35050.0,32596.499999999996,334,-865029.5623545516,-0.07380694743940275,4,stop
310210,2023-08-02,2023-08-03,55908.0,51994.439999999995,176,-727081.4839273915,-0.07380694743940253,1,stop
138040,2023-07-26,2023-08-09,48450.0,49500.0,249,211238.3426174987,0.017489621308955483,10,time
039030,2023-07-28,2023-08-09,156100.0,145173.0,75,-865088.6758237518,-0.07380694743940275,8,stop
326030,2023-08-02,2023-08-17,90000.0,88800.0,109,-170617.73706000112,-0.0173722453120545,10,time
257720,2023-08-03,2023-08-17,8130.0,7560.9,1234,-741313.9383393303,-0.07380694743940264,9,stop
307950,2023-08-03,2023-08-17,160000.0,148800.0,62,-733007.0180799998,-0.07380694743940253,9,stop
005940,2023-08-09,2023-08-24,10400.0,10370.0,1117,-81019.1806045007,-0.006966299105314877,10,time
298040,2023-08-09,2023-08-24,189200.0,190300.0,61,19604.040005000308,0.0016966622467076142,10,time
042700,2023-08-21,2023-08-25,58800.0,54683.99999999999,160,-695174.3977920003,-0.07380694743940264,4,stop
214150,2023-08-17,2023-08-31,35800.0,38850.0,262,758304.7365249991,0.08075329164351563,10,time
087010,2023-08-31,2023-09-01,43997.0,40917.21,231,-750985.4191433042,-0.07380694743940241,1,stop
003230,2023-08-21,2023-09-04,180000.0,192600.0,52,614909.2856399994,0.06561996369875178,10,time
138040,2023-08-24,2023-09-07,51000.0,54200.0,227,676813.6750800032,0.05839475962016438,10,time
307950,2023-08-31,2023-09-07,176000.0,211200.0,57,1959371.8900800012,0.1950878097556097,5,target
018260,2023-08-25,2023-09-08,139400.0,147200.0,72,518811.5613599997,0.051631549474089766,10,time
042700,2023-09-01,2023-09-08,58500.0,54405.0,164,-708918.2793809995,-0.07380694743940253,5,stop
277810,2023-09-07,2023-09-08,176000.0,211200.0,68,2337496.2899200004,0.1950878097556097,1,target
277810,2023-09-11,2023-09-12,220000.0,204600.0,51,-829066.4055299982,-0.07380694743940241,1,stop
067310,2023-09-04,2023-09-13,25430.0,23649.899999999998,392,-736595.20566044,-0.07380694743940253,7,stop
058610,2023-09-08,2023-09-13,39800.0,37014.0,284,-835214.2063268013,-0.07380694743940264,3,stop
214150,2023-09-07,2023-09-18,40000.0,37200.0,303,-895569.0583800003,-0.07380694743940264,7,stop
196170,2023-09-13,2023-09-19,61200.0,73440.0,161,1924450.0705079995,0.19508780975560946,4,target
131970,2023-09-08,2023-09-20,54400.0,50592.0,207,-832081.1924591996,-0.07380694743940253,8,stop
267250,2023-09-12,2023-09-21,70900.0,65937.0,148,-775361.8187618013,-0.07380694743940275,7,stop
016360,2023-09-14,2023-10-04,38300.0,35619.0,258,-730154.7931910977,-0.0738069474394023,10,stop
138040,2023-09-25,2023-10-04,57500.0,53475.0,169,-718043.9211887494,-0.07380694743940253,3,stop
087010,2023-10-04,2023-10-05,31737.0,30784.89,286,-308699.16377714835,-0.03397068711421569,1,stop
024110,2023-09-18,2023-10-06,11340.0,11380.0,990,-6525.59490000084,-0.0005805941344182441,10,time
277810,2023-10-05,2023-10-06,157800.0,153066.0,55,-295170.6940214969,-0.03397068711421525,1,stop
005940,2023-09-19,2023-10-10,10530.0,10550.0,1118,-25952.141825998202,-0.002201931550990577,10,time
000250,2023-10-04,2023-10-10,73700.0,75700.0,123,208124.18687999994,0.022932464931022745,3,time
058610,2023-10-06,2023-10-10,32850.0,31864.5,300,-335166.1700174976,-0.03397068711421536,1,stop
257720,2023-09-20,2023-10-11,8950.0,9960.0,1165,1130450.2701175027,0.10829372301358231,10,time
277810,2023-10-10,2023-10-11,139900.0,135703.0,72,-342573.49541880004,-0.03397068711421558,1,stop
226950,2023-10-10,2023-10-11,16930.0,16422.1,601,-346046.9120544046,-0.03397068711421558,1,stop
067310,2023-10-06,2023-10-12,21284.0,22525.0,463,532503.4214724489,0.05397453935448793,3,time
087010,2023-10-11,2023-10-12,32367.0,35603.700000000004,319,987149.2026856355,0.0954971589426421,1,target
277810,2023-10-13,2023-10-16,140900.0,136673.0,74,-354606.1479761023,-0.0339706871142158,1,stop
196170,2023-10-18,2023-10-19,61100.0,59267.0,171,-355337.3577838503,-0.03397068711421558,1,stop
277810,2023-10-18,2023-10-19,143000.0,138710.0,73,-355027.8689814992,-0.03397068711421547,1,stop
196170,2023-10-23,2023-10-24,54900.0,53253.0,188,-351021.51943019964,-0.03397068711421558,1,stop
196170,2023-10-26,2023-10-27,53700.0,59070.00000000001,191,980612.2656164989,0.0954971589426421,1,target
247540,2024-01-04,2024-01-05,265500.0,292050.0,39,989962.6297275014,0.09549715894264232,1,target
454910,2024-01-17,2024-01-18,92700.0,89919.0,115,-362561.03048924915,-0.03397068711421547,1,stop
310210,2024-01-18,2024-01-19,43700.0,42389.0,242,-359666.8000409007,-0.03397068711421569,1,stop
028300,2024-01-18,2024-01-19,43450.0,47795.00000000001,243,1009452.1156582497,0.0954971589426421,1,target
068270,2024-01-18,2024-01-23,163750.0,167063.0,64,168457.78306240216,0.0160557494208724,3,time
454910,2024-01-22,2024-01-23,86300.0,83711.0,124,-363945.2276601996,-0.03397068711421558,1,stop
141080,2024-01-22,2024-01-23,50000.0,55000.00000000001,215,1027775.1962500028,0.09549715894264232,1,target
454910,2024-01-25,2024-01-26,81700.0,79249.0,133,-369553.4368368499,-0.03397068711421558,1,stop
078930,2024-02-02,2024-02-15,50500.0,46965.0,214,-798549.077055499,-0.07380694743940253,7,stop
028260,2024-02-02,2024-02-20,152900.0,162300.0,70,612197.1484999992,0.057132938322081106,10,time
000810,2024-02-02,2024-02-20,292000.0,303000.0,37,361523.1908500008,0.033423534120861076,10,time
006800,2024-02-02,2024-02-20,8313.0,8662.0,1301,408387.53492894955,0.037717090511156126,10,time
024110,2024-02-02,2024-02-20,13210.0,13660.0,818,322730.57519900054,0.02983216510608311,10,time
030200,2024-02-20,2024-02-21,42200.0,39246.0,265,-826332.4075794984,-0.07380694743940241,1,stop
178320,2024-02-15,2024-02-23,22750.0,21157.5,446,-749743.519047251,-0.07380694743940264,6,stop
003550,2024-02-20,2024-02-26,102900.0,95697.0,108,-821174.7573918011,-0.07380694743940264,4,stop
031980,2024-02-23,2024-02-26,41900.0,38967.0,226,-699711.3565531,-0.07380694743940253,1,stop
012450,2024-02-20,2024-02-27,155242.0,186290.4,72,2183087.1599985603,0.1950878097556097,5,target
267260,2024-02-21,2024-02-28,130500.0,121364.99999999999,80,-771430.7730600014,-0.07380694743940275,5,stop
098460,2024-02-26,2024-02-28,21000.0,19530.0,454,-704484.7691909987,-0.07380694743940241,2,stop
196170,2024-02-26,2024-02-29,143000.0,171600.0,66,1843356.4492200017,0.1950878097556097,3,target
042700,2024-02-28,2024-03-04,82100.0,98520.0,113,1811969.7802869994,0.19508780975560946,2,target
015760,2024-02-20,2024-03-06,23300.0,24650.0,481,601505.9268724993,0.05360924572517067,10,time
138040,2024-02-27,2024-03-06,85900.0,79887.0,156,-990180.1658346001,-0.07380694743940253,5,stop
079550,2024-03-06,2024-03-08,154100.0,184920.0,78,2347613.4613619987,0.19508780975560946,2,target
196170,2024-03-06,2024-03-08,193900.0,180327.0,62,-888312.8800357003,-0.07380694743940264,2,stop
012450,2024-02-29,2024-03-13,199656.0,185680.08,56,-826165.1164616644,-0.07380694743940264,8,stop
028300,2024-03-11,2024-03-13,98700.0,91791.0,130,-948106.1541314982,-0.07380694743940241,2,stop
298380,2024-03-11,2024-03-13,28700.0,26691.0,447,-947950.9812748507,-0.07380694743940264,2,stop
145020,2024-02-28,2024-03-14,183800.0,192200.0,50,381099.36099999957,0.04142127781568794,10,time
319660,2024-03-04,2024-03-18,25850.0,27850.0,436,823240.1274799984,0.0729592360313902,10,time
267260,2024-03-14,2024-03-26,146000.0,175200.0,71,2024606.1615399998,0.1950878097556097,8,target
024110,2024-03-13,2024-03-27,14790.0,14790.0,769,-46610.91868199967,-0.004093491870325261,10,time
005940,2024-03-13,2024-03-27,12130.0,12350.0,938,159122.56669399887,0.013969115861622416,10,time
000250,2024-03-26,2024-03-27,118100.0,141720.0,105,2421968.8120949995,0.19508780975560946,1,target
012330,2024-03-15,2024-03-29,265000.0,255000.0,39,-431205.1574999988,-0.04167486953559596,10,time
058470,2024-03-18,2024-04-01,50357.0,53662.0,245,756776.4911507517,0.06126923842275378,10,time
005930,2024-03-27,2024-04-11,79200.0,84100.0,158,720634.3841699995,0.0575219360316368,10,time
257720,2024-03-27,2024-04-11,11740.0,12610.0,1070,876674.8914949987,0.06970877917505924,10,time
000660,2024-03-27,2024-04-11,176700.0,188400.0,71,776836.2671249993,0.06184938388019634,10,time
240810,2024-04-01,2024-04-11,41650.0,38734.5,315,-969442.4219208751,-0.07380694743940253,7,stop
039030,2024-04-11,2024-04-12,244000.0,280600.0,53,1881083.4502100032,0.14529248434912612,1,target
010120,2024-04-11,2024-04-12,24100.0,27714.999999999996,540,1893011.1367949992,0.1452924843491259,1,target
267260,2024-04-11,2024-04-12,210500.0,242074.99999999997,61,1867773.8974962477,0.14529248434912567,1,target
042700,2024-03-29,2024-04-15,134400.0,146300.0,74,837244.8892499991,0.08408573020365617,10,time
214450,2024-04-12,2024-04-15,127500.0,123675.0,116,-503004.32821500115,-0.03397068711421569,1,stop
001440,2024-04-11,2024-04-16,12840.0,12454.8,1015,-443235.5786271002,-0.03397068711421558,3,stop
006260,2024-04-12,2024-04-16,116200.0,112714.0,128,-505847.54402559996,-0.03397068711421558,2,stop
010120,2024-04-15,2024-04-16,27860.0,27024.2,453,-429222.8779299278,-0.03397068711421536,1,stop
267260,2024-04-15,2024-04-16,229500.0,222615.0,55,-429288.1766662486,-0.03397068711421547,1,stop
298040,2024-04-16,2024-04-17,331000.0,321070.0,38,-427774.7424129993,-0.03397068711421558,1,stop
095610,2024-04-17,2024-04-18,30000.0,29100.0,425,-433624.42087499984,-0.03397068711421558,1,stop
161390,2024-04-12,2024-04-19,60000.0,58200.0,248,-506065.2064799983,-0.03397068711421547,5,stop
440110,2024-04-18,2024-04-19,20500.0,19885.0,616,-429475.2303379979,-0.03397068711421547,1,stop
010120,2024-04-18,2024-04-19,29180.0,33557.0,433,1837873.223661948,0.14529248434912567,1,target
003230,2024-04-16,2024-04-22,242500.0,278875.0,52,1834245.4614250008,0.1452924843491259,4,target
031980,2024-04-18,2024-04-22,47300.0,45881.0,267,-429512.6410723496,-0.03397068711421558,2,stop
042660,2024-04-19,2024-04-22,33250.0,32252.5,411,-464768.8572213743,-0.03397068711421558,1,stop
090430,2024-04-19,2024-04-22,145000.0,140650.0,94,-463553.0083549991,-0.03397068711421547,1,stop
402340,2024-04-19,2024-04-22,82000.0,79540.0,166,-462940.83270199783,-0.03397068711421547,1,stop
010120,2024-04-22,2024-04-23,33420.0,32417.399999999998,396,-450096.0271117203,-0.03397068711421558,1,stop
095610,2024-04-22,2024-04-23,26600.0,25802.0,498,-450520.46889779903,-0.03397068711421547,1,stop
042660,2024-04-24,2024-04-25,35050.0,33998.5,372,-443439.6371780988,-0.03397068711421547,1,stop
226950,2024-04-24,2024-04-25,16400.0,15908.0,795,-443419.23132300004,-0.03397068711421558,1,stop
003670,2024-04-25,2024-04-26,281100.0,272667.0,45,-430206.4401457496,-0.03397068711421558,1,stop
440110,2024-04-22,2024-05-02,18800.0,18236.0,705,-450765.33915900066,-0.03397068711421569,7,stop
267260,2024-04-24,2024-05-02,245000.0,237650.0,53,-441616.71412250027,-0.03397068711421558,5,stop
087010,2024-04-25,2024-05-03,26844.0,30870.6,471,1839121.848803969,0.1452924843491259,5,target
003230,2024-04-24,2024-05-07,282000.0,305500.0,46,1024651.30755,0.07889871714048091,7,time
237690,2024-05-07,2024-05-08,101100.0,94023.0,136,-1015983.1951404009,-0.07380694743940264,1,stop
011070,2024-04-26,2024-05-09,213000.0,232500.0,57,1058466.9962249994,0.08708104760633506,7,time
178320,2024-05-07,2024-05-09,27250.0,25342.5,505,-1016844.0350356232,-0.07380694743940241,2,stop
257720,2024-05-10,2024-05-13,22000.0,26400.0,593,2548042.830739999,0.19508780975560946,1,target
058470,2024-05-08,2024-05-14,59268.0,55119.24,224,-980990.3859127685,-0.07380694743940264,4,stop
090430,2024-05-02,2024-05-20,172400.0,179700.0,73,479752.31751499884,0.03807656328829778,10,time
009540,2024-05-14,2024-05-22,137200.0,127595.99999999999,101,-1023933.9567478038,-0.07380694743940286,5,stop
357780,2024-05-08,2024-05-23,312000.0,317500.0,42,176616.18765000068,0.013462552343499024,10,time
000810,2024-05-20,2024-05-23,365500.0,339915.0,36,-972268.7846669983,-0.07380694743940241,3,stop
214150,2024-05-10,2024-05-27,48500.0,49000.0,269,80636.32097500004,0.006173585533073345,10,time
007660,2024-05-22,2024-05-28,51543.0,47934.99,249,-948343.1252511553,-0.07380694743940253,4,stop
001440,2024-05-14,2024-05-29,18430.0,18070.0,757,-328892.67569600046,-0.023546901687291344,10,time
034020,2024-05-28,2024-05-30,21900.0,20367.0,543,-878699.552107051,-0.07380694743940264,2,stop
005380,2024-05-23,2024-05-31,273500.0,254354.99999999997,46,-929633.1950065009,-0.07380694743940264,6,stop
042700,2024-05-23,2024-06-03,152000.0,141360.0,83,-932219.4092839975,-0.07380694743940241,7,stop
090430,2024-06-03,2024-06-04,194200.0,180606.0,59,-846637.8842497002,-0.07380694743940264,1,stop
257720,2024-06-04,2024-06-05,43000.0,39990.0,260,-826110.732069999,-0.07380694743940253,1,stop
267260,2024-05-27,2024-06-07,285000.0,265050.0,47,-989781.1499175001,-0.07380694743940253,8,stop
031980,2024-06-07,2024-06-10,65000.0,78000.0,179,2272457.33065,0.1950878097556097,1,target
078600,2024-05-31,2024-06-11,117600.0,141120.0,97,2227965.213768,0.19508780975560946,6,target
196170,2024-06-05,2024-06-11,230500.0,276600.0,46,2070895.1505700015,0.1950878097556097,3,target
000100,2024-06-07,2024-06-12,80200.0,74586.0,145,-859288.1666584983,-0.07380694743940241,3,stop
003230,2024-05-29,2024-06-13,535000.0,612000.0,25,1864511.5787499994,0.13924258500067443,10,time
145020,2024-06-12,2024-06-14,240000.0,223199.99999999997,51,-904436.0787600018,-0.07380694743940275,2,stop
078600,2024-06-13,2024-06-14,157200.0,146196.0,85,-987342.7193129994,-0.07380694743940253,1,stop
402340,2024-06-10,2024-06-24,88100.0,91200.0,158,431309.92075000145,0.030949756429356823,10,time
214150,2024-06-13,2024-06-27,53800.0,51400.0,248,-648125.14432,-0.04852054799506922,10,time
042700,2024-06-13,2024-06-27,175900.0,173700.0,76,-221493.46292000078,-0.016549400442726125,10,time
000660,2024-06-14,2024-06-28,225000.0,236500.0,52,548288.1261000019,0.04680839632296929,10,time
259960,2024-06-14,2024-06-28,263000.0,281500.0,45,781543.5513750017,0.0659607682072374,10,time
087010,2024-06-28,2024-07-01,44967.0,53960.4,277,2432781.0996212084,0.19508780975560946,1,target
021240,2024-06-27,2024-07-04,65600.0,61007.99999999999,198,-959766.2859312035,-0.07380694743940286,5,stop
009540,2024-06-24,2024-07-08,152000.0,160000.0,95,698581.4740000013,0.048322640136499784,10,time
087010,2024-07-04,2024-07-10,59891.0,71869.2,201,2351185.91662929,0.1950878097556097,4,target
086280,2024-06-27,2024-07-11,114044.0,126300.0,113,1328031.7743591983,0.10293388496350442,10,time
032820,2024-07-10,2024-07-11,2925.0,2720.25,4936,-1066835.5570196994,-0.07380694743940253,1,stop
329180,2024-06-28,2024-07-12,156600.0,157600.0,79,28066.632570000365,0.002266064375713528,10,time
007660,2024-07-01,2024-07-12,56794.0,52818.42,264,-1107905.8220157847,-0.07380694743940264,9,stop
000250,2024-07-11,2024-07-12,212000.0,197160.0,65,-1018229.5069699995,-0.07380694743940253,1,stop
000100,2024-07-08,2024-07-22,90000.0,96500.0,168,1026815.9454000015,0.06783308927237353,10,time
226950,2024-07-22,2024-07-23,13860.0,15938.999999999998,1169,2356785.7739464454,0.14529248434912567,1,target
267270,2024-07-23,2024-07-24,65100.0,63147.0,285,-631000.0543297492,-0.03397068711421558,1,stop
012450,2024-07-11,2024-07-25,263321.0,315985.2,52,2674349.661515482,0.1950878097556097,10,target
010120,2024-07-24,2024-07-25,51600.0,50052.0,347,-608951.5278941989,-0.03397068711421547,1,stop
016360,2024-07-12,2024-07-26,44500.0,44450.0,293,-68041.19176749885,-0.005212487946875455,10,time
267250,2024-07-12,2024-07-26,77000.0,80900.0,169,603827.0636449996,0.04634852607390494,10,time
005940,2024-07-12,2024-07-26,13150.0,13510.0,992,302606.9930240009,0.023170868808509937,10,time
347850,2024-07-25,2024-07-29,9522.0,9236.34,1769,-572874.588253051,-0.03397068711421547,2,stop
010140,2024-07-29,2024-08-02,11990.0,11150.699999999999,1193,-1056954.001724556,-0.07380694743940264,4,stop
226950,2024-07-25,2024-08-05,14660.0,14220.199999999999,1149,-572871.9354918934,-0.0339706871142158,7,stop
316140,2024-07-29,2024-08-05,16110.0,14982.3,888,-1057072.9675813206,-0.07380694743940264,5,stop
207940,2024-07-29,2024-08-05,1352533.0,1257855.69,10,-999411.4729685467,-0.07380694743940275,5,stop
005940,2024-08-02,2024-08-05,13880.0,12908.4,1011,-1036900.4962168187,-0.07380694743940253,1,stop
087010,2024-08-06,2024-08-07,56208.0,61828.8,244,1311226.2258902397,0.0954971589426421,1,target
310210,2024-08-06,2024-08-07,64600.0,71060.0,213,1315533.1298009995,0.0954971589426421,1,target
329180,2024-07-26,2024-08-09,184500.0,221400.0,72,2594527.1319600027,0.1950878097556099,10,target
000250,2024-08-06,2024-08-09,158400.0,163800.0,86,407203.6059000008,0.029857866361368224,3,time
000100,2024-08-06,2024-08-09,86400.0,88800.0,159,324175.5918000005,0.023570577799943537,3,time
087010,2024-08-09,2024-08-12,63961.0,62042.17,232,-504669.17391308956,-0.03397068711421547,1,stop
214450,2024-08-16,2024-08-26,184600.0,171678.0,79,-1077594.208414102,-0.07380694743940275,6,stop
145020,2024-08-20,2024-08-27,289000.0,268770.0,51,-1089091.7781735007,-0.07380694743940264,5,stop
055550,2024-08-27,2024-08-28,61800.0,57473.99999999999,220,-1004633.4090539999,-0.07380694743940253,1,stop
000100,2024-08-28,2024-08-29,112700.0,135240.0,112,2465308.5870560016,0.1950878097556097,1,target
259960,2024-08-16,2024-08-30,334500.0,327000.0,44,-389344.4511000011,-0.026423234205071533,10,time
138040,2024-08-19,2024-09-02,89200.0,92500.0,166,485502.19116999954,0.032750582982005616,10,time
326030,2024-08-19,2024-09-02,108200.0,112400.0,137,512954.43415000103,0.03456461657833132,10,time
298380,2024-09-02,2024-09-03,33300.0,30968.999999999996,460,-1131875.1515070032,-0.07380694743940275,1,stop
000100,2024-09-04,2024-09-05,142200.0,132246.0,103,-1082264.1724809017,-0.07380694743940264,1,stop
021240,2024-08-30,2024-09-06,69500.0,64634.99999999999,213,-1093857.8016277514,-0.07380694743940264,5,stop
017670,2024-08-26,2024-09-09,56000.0,56500.0,243,65373.506324999034,0.004798530523689504,10,time
207940,2024-08-29,2024-09-12,1458498.0,1429063.0,10,-353254.4065185003,-0.024192599354049715,10,time
180640,2024-09-27,2024-09-30,91900.0,85467.0,152,-1032180.2857012022,-0.07380694743940275,1,stop
347850,2024-09-27,2024-09-30,10635.0,9890.55,1318,-1035736.6997919455,-0.07380694743940264,1,stop
138040,2024-09-27,2024-10-16,99400.0,102800.0,141,420548.79254999943,0.029971720681393865,10,time
226950,2024-11-04,2024-11-05,21900.0,21243.0,625,-465508.5694687497,-0.03397068711421558,1,stop
000100,2024-11-04,2024-11-07,133900.0,129883.0,102,-464498.4796412997,-0.03397068711421558,3,stop
226950,2024-11-07,2024-11-08,19800.0,19206.0,681,-458580.78166229837,-0.03397068711421547,1,stop
226950,2024-11-11,2024-11-12,22350.0,21679.5,600,-456070.86148499884,-0.03397068711421547,1,stop
180640,2024-11-12,2024-11-13,77200.0,74884.0,172,-451595.1772664003,-0.03397068711421558,1,stop
347850,2024-11-13,2024-11-14,9809.0,9514.73,1348,-449695.1200785227,-0.03397068711421569,1,stop
440110,2024-11-13,2024-11-15,17720.0,17188.399999999998,746,-449579.0787825212,-0.03397068711421569,2,stop
226950,2024-11-14,2024-11-15,20200.0,22220.0,649,1253388.583050998,0.09549715894264188,1,target
226950,2024-11-18,2024-11-19,20150.0,19545.5,660,-452295.77829149924,-0.03397068711421558,1,stop
141080,2024-11-19,2024-11-20,113900.0,110483.0,115,-445476.8217122499,-0.03397068711421558,1,stop
310210,2024-11-19,2024-11-20,99000.0,96030.0,133,-447806.49016949907,-0.03397068711421547,1,stop
440110,2024-11-19,2024-11-21,17570.0,17042.899999999998,751,-448761.1440905966,-0.03397068711421569,2,stop
010130,2024-11-20,2024-11-21,990000.0,960300.0,13,-437705.59189499915,-0.03397068711421547,1,stop
087010,2024-11-25,2024-11-26,81500.0,79055.0,157,-435171.86488674954,-0.03397068711421558,1,stop
010130,2024-11-25,2024-11-26,940000.0,911800.0,13,-415599.2488699984,-0.03397068711421547,1,stop
298040,2024-11-26,2024-11-29,391000.0,403500.0,32,347544.10160000063,0.02774495148420386,3,time
087010,2024-11-28,2024-12-03,81100.0,89210.0,156,1209581.4579419997,0.0954971589426421,3,target
000150,2024-11-29,2024-12-03,192800.0,212080.00000000003,66,1216579.8899760023,0.09549715894264232,2,target
298040,2024-12-03,2024-12-04,386000.0,424600.00000000006,34,1254746.2023800034,0.09549715894264232,1,target
272210,2024-12-05,2024-12-06,22650.0,21970.5,595,-458341.0128648747,-0.03397068711421558,1,stop
443060,2024-12-06,2024-12-09,126800.0,122996.0,105,-452805.9246689994,-0.03397068711421558,1,stop
042660,2024-12-06,2024-12-09,32600.0,31622.0,410,-454574.4321109988,-0.03397068711421547,1,stop
272210,2024-12-09,2024-12-10,20600.0,19982.0,641,-449085.2570890989,-0.03397068711421547,1,stop
087010,2024-12-09,2024-12-10,82400.0,79928.0,160,-448384.656064,-0.03397068711421558,1,stop
272210,2024-12-13,2024-12-17,21200.0,20564.0,614,-442698.22444279864,-0.03397068711421547,2,stop
010130,2024-12-18,2024-12-19,1123000.0,1089310.0,11,-420122.54675049894,-0.03397068711421547,1,stop
010130,2024-12-24,2024-12-26,1128000.0,1240800.0,11,1186291.5939600002,0.0954971589426421,1,target
