code,entry_date,exit_date,entry_price,exit_price,shares,pnl_krw,pnl_pct,hold_days,reason
180640,2014-06-09,2014-06-16,26997.0,25107.21,73,-145624.6274293065,-0.07380694743940253,5,stop
000660,2014-06-09,2014-06-23,47000.0,48900.0,42,71474.89880999993,0.03616655845832106,10,time
161390,2014-06-09,2014-06-23,63000.0,61700.0,31,-48184.9781849999,-0.024643943625382025,10,time
006400,2014-06-09,2014-06-23,166924.0,164967.0,11,-28988.504632450175,-0.01576939848896486,10,time
003550,2014-06-10,2014-06-24,59513.0,60742.0,37,36314.78478815034,0.01647292384542376,10,time
064760,2014-06-25,2014-06-27,10900.0,10137.0,183,-147392.0462665502,-0.07380694743940264,2,stop
067310,2014-06-16,2014-06-30,4915.0,5485.0,382,209403.5981470002,0.11140329544074579,10,time
000250,2014-07-01,2014-07-08,8060.0,9672.0,260,409296.2253639996,0.19508780975560946,5,target
095610,2014-06-25,2014-07-09,8970.0,10050.0,222,230892.26594400033,0.11581498402488655,10,time
010130,2014-06-25,2014-07-09,391000.0,411000.0,5,91693.21400000015,0.04684801749692147,10,time
095340,2014-06-27,2014-07-10,15037.0,18044.399999999998,129,378861.3127328695,0.19508780975560924,9,target
058470,2014-06-27,2014-07-11,6247.0,7098.0,312,256741.60326360003,0.13157425879693152,10,time
066570,2014-07-09,2014-07-11,77300.0,71889.0,27,-154219.65195914987,-0.07380694743940253,2,stop
000720,2014-07-08,2014-07-22,59837.0,60227.0,41,5888.676951099653,0.0023975343871835975,10,time
064760,2014-07-11,2014-07-22,11600.0,10788.0,180,-154286.1546120001,-0.07380694743940264,7,stop
034220,2014-07-09,2014-07-23,30686.0,30224.0,70,-41047.6756269997,-0.019087587117535998,10,time
021240,2014-07-10,2014-07-24,91000.0,92100.0,26,18819.34457000019,0.007944938447725702,10,time
082920,2014-07-11,2014-07-25,3174.0,3259.0,658,47206.05764909997,0.022576972273034013,10,time
180640,2014-07-23,2014-07-30,26752.0,24879.359999999997,78,-154186.84398374404,-0.07380694743940264,5,stop
006800,2014-07-22,2014-08-05,9392.0,10317.0,234,206805.16568789957,0.09399142295292284,10,time
005940,2014-07-22,2014-08-05,10350.0,11150.0,212,160107.74028000003,0.07288478895129202,10,time
047810,2014-07-24,2014-08-07,34300.0,35200.0,70,52974.494649999775,0.022038165777392038,10,time
098460,2014-07-25,2014-08-08,5320.0,5530.0,403,75594.12965649972,0.0352186071347933,10,time
055550,2014-07-30,2014-08-13,51400.0,51200.0,37,-15172.141189999878,-0.007968614470051594,10,time
034730,2014-08-05,2014-08-20,185500.0,222600.0,12,434764.93494000006,0.1950878097556097,10,target
000270,2014-08-05,2014-08-20,61500.0,60500.0,38,-47465.467499999795,-0.020287093628531316,10,time
015760,2014-08-08,2014-08-21,44200.0,41106.0,51,-166566.97783830017,-0.07380694743940264,8,stop
066570,2014-08-07,2014-08-22,79400.0,74500.0,33,-171961.403955,-0.06555371718311387,10,time
090430,2014-08-13,2014-08-28,200051.0,215656.0,9,132652.32004395034,0.07359230354866098,10,time
086280,2014-08-20,2014-09-03,157061.0,151810.0,16,-94066.99487440009,-0.037389504720039324,10,time
032830,2014-08-20,2014-09-03,108500.0,109000.0,23,1239.0393250002526,0.0004959390427148325,10,time
005490,2014-08-21,2014-09-04,347500.0,339500.0,6,-56403.240600000136,-0.027020835942375476,10,time
039030,2014-08-22,2014-09-05,78900.0,83100.0,31,119792.37650999986,0.048920542782965315,10,time
105560,2014-09-04,2014-09-15,43250.0,40222.5,48,-153399.452574,-0.07380694743940253,4,stop
006800,2014-08-28,2014-09-16,11485.0,11193.0,173,-58509.8103771999,-0.029413883718289124,10,time
032820,2014-09-16,2014-09-18,570.0,530.0999999999999,3603,-151752.40353841498,-0.07380694743940253,2,stop
047810,2014-09-03,2014-09-22,36750.0,39800.0,66,190766.37343499996,0.07855997343023269,10,time
017670,2014-09-03,2014-09-22,48482.0,51243.0,50,127708.5750775002,0.05262235873290955,10,time
005490,2014-09-15,2014-09-23,361000.0,335730.0,5,-133374.76488249982,-0.07380694743940253,6,stop
032640,2014-09-05,2014-09-24,11950.0,12550.0,216,118639.65888,0.04591018217802656,10,time
180640,2014-09-22,2014-09-24,28513.0,26517.089999999997,91,-191725.8920053295,-0.07380694743940253,2,stop
030200,2014-09-24,2014-09-30,36700.0,34131.0,69,-187116.29756894987,-0.07380694743940253,4,stop
032830,2014-09-19,2014-10-06,110000.0,108500.0,17,-33088.4587249998,-0.017674035163002588,10,time
028300,2014-09-22,2014-10-07,2378.0,2605.0,1093,236727.7034436497,0.0909741184515569,10,time
003550,2014-09-23,2014-10-08,69621.0,69905.0,24,-51.79268159996718,-3.0961192673095717e-05,10,time
034730,2014-09-24,2014-10-10,234500.0,240000.0,10,45227.57825000025,0.01926465650798259,10,time
047810,2014-09-30,2014-10-16,40650.0,39100.0,63,-107857.40820749989,-0.04206778676825873,10,time
000250,2014-11-11,2014-11-14,10300.0,10400.0,217,12476.140495000407,0.005575503354234845,3,time
028300,2014-11-18,2014-11-20,2817.0,3098.7000000000003,796,214382.62431233982,0.0954971589426421,2,target
028300,2014-11-24,2014-11-25,2875.0,2788.75,795,-77733.55427156202,-0.03397068711421536,1,stop
028300,2014-11-27,2014-11-28,2819.0,3100.9,805,216960.47571852524,0.09549715894264232,1,target
028300,2015-03-11,2015-03-12,5012.0,5513.200000000001,461,220903.0213713399,0.0954971589426421,1,target
000990,2015-03-30,2015-04-02,6000.0,5820.0,393,-80195.01054299949,-0.03397068711421536,3,stop
010060,2015-04-02,2015-04-07,78353.0,83042.0,29,126268.03953954997,0.055506084618386575,3,time
039490,2015-04-07,2015-04-08,81200.0,78764.0,29,-80086.17931579985,-0.03397068711421547,1,stop
021240,2015-04-08,2015-04-09,101500.0,98455.0,22,-75943.79073050013,-0.03397068711421569,1,stop
028300,2015-04-07,2015-04-10,6562.0,7546.299999999999,360,343622.1045545996,0.14529248434912567,3,target
064760,2015-04-10,2015-04-13,14500.0,16675.0,194,409177.83370250044,0.14529248434912612,1,target
028300,2015-04-13,2015-04-14,7858.0,7622.26,411,-109839.20842242334,-0.03397068711421569,1,stop
196170,2015-04-14,2015-04-15,6376.0,6184.72,489,-106037.80167584354,-0.03397068711421547,1,stop
058470,2015-04-07,2015-04-16,8619.0,8870.0,274,58892.91710009985,0.024909006510060783,7,time
028050,2015-04-07,2015-04-16,26805.0,28987.0,88,181782.9291431997,0.07697601011583188,7,time
096770,2015-04-07,2015-04-16,102822.0,118245.29999999999,23,343998.26306080446,0.14529248434912567,7,target
064760,2015-04-15,2015-04-16,16650.0,16150.5,181,-102493.50870352425,-0.03397068711421536,1,stop
010170,2015-04-16,2015-04-17,1007.0,976.79,2627,-89969.04102855641,-0.03397068711421558,1,stop
051910,2015-04-16,2015-04-17,277000.0,268690.0,9,-84786.32794049941,-0.03397068711421536,1,stop
034020,2015-04-16,2015-04-17,24710.0,23968.7,107,-89920.78118124465,-0.03397068711421547,1,stop
009540,2015-04-09,2015-04-20,124452.0,129904.0,17,83740.26676499983,0.03953523472565523,7,time
016360,2015-04-16,2015-04-20,64697.0,62756.09,40,-88013.1738269804,-0.03397068711421569,2,stop
068270,2015-04-17,2015-04-20,65680.0,63709.6,39,-87116.67659291951,-0.03397068711421536,1,stop
024110,2015-04-17,2015-04-20,15150.0,14695.5,170,-87592.13301674929,-0.03397068711421536,1,stop
005830,2015-04-20,2015-04-21,52700.0,51119.0,45,-80654.14228274999,-0.03397068711421558,1,stop
000100,2015-04-20,2015-04-22,31718.0,30766.46,76,-81982.83552782796,-0.03397068711421558,2,stop
128940,2015-04-21,2015-04-22,293880.0,285063.6,8,-79958.30262384005,-0.03397068711421558,1,stop
141080,2015-04-22,2015-04-23,13262.0,12864.14,173,-78029.47318027122,-0.03397068711421569,1,stop
009830,2015-04-22,2015-04-23,22130.0,21466.1,103,-77521.5034273155,-0.0339706871142158,1,stop
064760,2015-04-20,2015-04-24,17400.0,16878.0,139,-82256.00190809974,-0.03397068711421547,4,stop
032820,2015-04-23,2015-04-24,705.0,683.85,3153,-75599.10182810249,-0.03397068711421558,1,stop
078600,2015-04-17,2015-04-27,6330.0,6140.099999999999,407,-87619.680921135,-0.03397068711421558,6,stop
000990,2015-04-24,2015-04-27,7710.0,7478.7,290,-76042.41903014993,-0.03397068711421558,1,stop
039030,2015-04-24,2015-04-27,116900.0,113393.0,19,-75539.07460434968,-0.03397068711421547,1,stop
196170,2015-04-20,2015-04-28,6195.0,6009.15,390,-82169.27702392498,-0.03397068711421558,6,stop
009830,2015-04-27,2015-04-28,22613.0,21934.61,100,-76906.26689605042,-0.0339706871142158,1,stop
128940,2015-04-24,2015-04-30,274556.0,315739.39999999997,8,319494.4310274394,0.14529248434912567,4,target
078930,2015-04-27,2015-04-30,50100.0,48597.0,45,-76675.00053825043,-0.0339706871142158,3,stop
036570,2015-04-28,2015-04-30,212000.0,205640.0,10,-72100.68801999977,-0.03397068711421547,2,stop
066970,2015-04-28,2015-05-04,7981.0,7741.57,286,-77629.51842031116,-0.03397068711421569,3,stop
000990,2015-04-30,2015-05-04,8400.0,8148.0,274,-78276.86016360018,-0.03397068711421569,1,stop
095340,2015-04-30,2015-05-04,39459.0,38275.229999999996,58,-77835.48151778756,-0.0339706871142158,1,stop
067310,2015-04-30,2015-05-04,7325.0,7105.25,314,-78224.14503792534,-0.03397068711421569,1,stop
047810,2015-05-04,2015-05-06,65900.0,63923.0,33,-73961.02180995047,-0.0339706871142158,1,stop
095610,2015-04-27,2015-05-07,10144.0,11665.599999999999,225,331996.9739219998,0.14529248434912567,6,target
000100,2015-05-06,2015-05-07,35457.0,34393.29,62,-74764.80844233884,-0.03397068711421547,1,stop
000990,2015-05-12,2015-05-13,10050.0,9748.5,225,-76904.56640812475,-0.03397068711421547,1,stop
080220,2015-05-12,2015-05-13,4555.0,4418.349999999999,498,-77147.39608381502,-0.03397068711421558,1,stop
095610,2015-05-11,2015-05-15,12426.0,14289.9,182,328961.5231457101,0.1452924843491259,4,target
000250,2015-05-13,2015-05-15,12600.0,12222.0,176,-75420.0404496002,-0.03397068711421569,2,stop
028300,2015-05-12,2015-05-18,8991.0,10339.65,252,329572.4534342098,0.14529248434912567,4,target
036930,2015-05-13,2015-05-18,6740.0,6537.8,329,-75415.27908341028,-0.03397068711421569,3,stop
000990,2015-05-15,2015-05-18,11800.0,11446.0,200,-80263.03006000025,-0.03397068711421569,1,stop
007660,2015-05-15,2015-05-19,5811.0,5636.67,408,-80633.32831054786,-0.03397068711421558,2,stop
084370,2015-05-18,2015-05-19,18216.0,17669.52,128,-79298.78538700752,-0.03397068711421536,1,stop
095610,2015-05-18,2015-05-19,14487.0,14052.39,161,-79324.59879371012,-0.0339706871142158,1,stop
039030,2015-05-18,2015-05-19,112300.0,108931.0,20,-76385.91759099998,-0.03397068711421558,1,stop
090430,2015-05-19,2015-05-20,443000.0,429710.0,5,-75331.61507749977,-0.03397068711421547,1,stop
058470,2015-05-20,2015-05-21,10672.0,10351.84,211,-76582.90211223206,-0.03397068711421558,1,stop
005290,2015-05-13,2015-05-22,5850.0,6160.0,379,108057.30947550014,0.04868104103911053,7,time
009830,2015-05-20,2015-05-22,22552.0,25934.8,99,324760.0682759406,0.14529248434912612,2,target
028300,2015-05-21,2015-05-22,11676.0,11325.72,190,-75448.6086467402,-0.03397068711421569,1,stop
141080,2015-05-21,2015-05-22,12561.0,12184.17,177,-75613.79404377425,-0.03397068711421547,1,stop
035720,2015-05-20,2015-05-27,22981.0,22291.57,98,-76594.6694886731,-0.03397068711421558,4,stop
009830,2015-05-26,2015-05-27,24185.0,23459.45,94,-77317.4448763146,-0.03397068711421536,1,stop
028260,2015-05-27,2015-05-28,198000.0,192060.0,11,-74073.25401300006,-0.03397068711421558,1,stop
010170,2015-05-27,2015-05-28,1113.0,1079.61,2026,-76689.89681247296,-0.03397068711421558,1,stop
064760,2015-05-29,2015-06-01,21700.0,21049.0,107,-78967.25826114975,-0.03397068711421547,1,stop
058610,2015-05-29,2015-06-02,6680.0,6479.599999999999,348,-79060.44499944011,-0.03397068711421558,2,stop
086280,2015-06-01,2015-06-02,126049.0,122267.53,18,-77164.12888499675,-0.03397068711421547,1,stop
018260,2015-05-28,2015-06-03,320000.0,310400.0,6,-65298.73632000014,-0.03397068711421569,4,stop
028260,2015-06-01,2015-06-03,188000.0,182360.0,12,-76726.01517599961,-0.03397068711421547,2,stop
028300,2015-06-02,2015-06-03,12812.0,12427.64,175,-76253.27953285025,-0.03397068711421569,1,stop
034730,2015-06-02,2015-06-03,287000.0,278390.0,7,-68325.60482649994,-0.03397068711421558,1,stop
196170,2015-06-03,2015-06-04,6042.0,5860.74,346,-71098.48845652211,-0.03397068711421569,1,stop
003670,2015-06-03,2015-06-04,11280.0,10941.6,185,-70971.56403780007,-0.03397068711421558,1,stop
064760,2015-06-03,2015-06-04,19800.0,22770.0,105,302410.49280749983,0.14529248434912567,1,target
080220,2015-05-28,2015-06-05,4740.0,5451.0,469,323365.40170305036,0.14529248434912612,6,target
141080,2015-06-05,2015-06-10,12936.0,12547.92,176,-77431.24152825586,-0.03397068711421558,3,stop
034730,2015-06-05,2015-06-10,272000.0,263840.0,8,-74005.23449599976,-0.03397068711421547,3,stop
012450,2015-06-03,2015-06-11,30558.0,35141.7,68,302256.88747782004,0.1452924843491259,6,target
064760,2015-06-10,2015-06-11,24900.0,23157.0,86,-158231.97868109983,-0.07380694743940253,1,stop
005290,2015-06-04,2015-06-16,6680.0,6212.4,322,-158938.38463804056,-0.07380694743940286,8,stop
096770,2015-06-11,2015-06-16,125453.0,116671.29,17,-157589.19359538658,-0.07380694743940264,3,stop
080220,2015-06-16,2015-06-17,9000.0,8370.0,224,-148965.94238400017,-0.07380694743940264,1,stop
082920,2015-06-08,2015-06-18,4630.0,5556.0,520,470233.6286440003,0.1950878097556097,8,target
095340,2015-06-16,2015-06-22,41261.0,38372.729999999996,48,-146344.85115967225,-0.07380694743940275,4,stop
009830,2015-06-10,2015-06-24,25273.0,23642.0,85,-147030.07081925008,-0.06836459204677847,10,time
138040,2015-06-11,2015-06-25,14300.0,15500.0,152,172954.42816000013,0.07947908223845856,10,time
080220,2015-06-24,2015-06-25,9840.0,9151.199999999999,207,-150508.8039301203,-0.07380694743940275,1,stop
196170,2015-06-25,2015-06-26,6758.0,8109.599999999999,313,413134.89114625985,0.19508780975560946,1,target
005290,2015-06-18,2015-06-29,7230.0,6723.9,400,-213695.19115799945,-0.07380694743940241,7,stop
000100,2015-06-26,2015-06-30,40745.0,37892.85,57,-171611.20405697264,-0.07380694743940264,2,stop
141080,2015-06-17,2015-07-01,17516.0,18867.0,108,137725.17623099987,0.0727202608405213,10,time
000880,2015-06-22,2015-07-06,44796.0,47374.0,40,95472.67839599983,0.05322070979853555,10,time
028300,2015-06-29,2015-07-07,15799.0,14693.07,182,-212469.9167251573,-0.07380694743940264,6,stop
141080,2015-07-06,2015-07-07,20568.0,19128.239999999998,92,-139822.2709681443,-0.07380694743940275,1,stop
000250,2015-07-07,2015-07-08,13500.0,12555.0,163,-162598.98621824966,-0.07380694743940241,1,stop
047810,2015-06-30,2015-07-09,79700.0,74121.0,27,-159007.84296435,-0.07380694743940253,7,stop
010130,2015-06-26,2015-07-10,532000.0,510000.0,4,-96461.54119999963,-0.04527759558997335,10,time
138040,2015-07-01,2015-07-15,15600.0,16650.0,130,127786.44157500006,0.06293867694609512,10,time
082920,2015-07-13,2015-07-15,5865.0,5454.45,372,-161215.73103896994,-0.07380694743940253,2,stop
128940,2015-07-10,2015-07-21,449278.0,417828.54,4,-132791.90607618797,-0.07380694743940253,7,stop
000990,2015-07-08,2015-07-22,16250.0,17000.0,130,88555.11762499996,0.04187142388950571,10,time
000880,2015-07-15,2015-07-23,50389.0,46861.77,43,-160103.4372241362,-0.07380694743940286,6,stop
141080,2015-07-22,2015-07-23,21319.0,19826.67,106,-166981.80660841125,-0.07380694743940264,1,stop
036570,2015-07-14,2015-07-28,220000.0,229500.0,9,77133.50572500005,0.0389115618898197,10,time
034730,2015-07-15,2015-07-29,295000.0,287500.0,7,-60808.01037500007,-0.02941314885667301,10,time
047810,2015-07-21,2015-08-04,87800.0,96300.0,20,162302.39229999995,0.09232114729940388,10,time
095340,2015-07-30,2015-08-05,41032.0,38159.759999999995,49,-148564.56192813232,-0.07380694743940275,4,stop
033780,2015-07-27,2015-08-10,101500.0,111000.0,20,181120.52450000006,0.08911943253590038,10,time
021240,2015-08-07,2015-08-10,104500.0,97185.0,18,-138990.5444565001,-0.07380694743940264,1,stop
015760,2015-08-03,2015-08-18,50500.0,50800.0,40,3686.2593999998644,0.0018227844155933592,10,time
047810,2015-08-06,2015-08-19,102000.0,94860.0,19,-143202.37913700007,-0.07380694743940264,8,stop
214150,2015-08-07,2015-08-24,4570.0,4400.0,431,-81126.09797049989,-0.04114034228215124,10,time
047810,2015-08-21,2015-08-25,82100.0,90310.00000000001,23,180534.68865850032,0.09549715894264232,2,target
066970,2015-11-06,2015-11-09,8390.0,8138.3,236,-67340.68222033978,-0.03397068711421547,1,stop
032820,2015-11-10,2015-11-13,666.0,646.02,2963,-67113.42901404318,-0.03397068711421569,3,stop
066970,2015-11-11,2015-11-16,8204.0,8511.0,240,65393.59580399981,0.03317409686636519,3,time
128940,2015-12-14,2015-12-17,523354.0,525776.0,3,810.1513803000562,0.0005154068152490865,3,time
087010,2015-12-14,2015-12-17,25849.0,26080.0,76,9453.231777400011,0.004806442493787477,3,time
028050,2016-01-25,2016-01-26,10850.0,10524.5,182,-67159.07010994968,-0.03397068711421547,1,stop
028050,2016-01-28,2016-01-29,11000.0,12100.000000000002,178,187198.49621,0.0954971589426421,1,target
196170,2016-02-04,2016-02-05,5561.0,5394.17,359,-67897.04785964126,-0.03397068711421547,1,stop
068270,2016-02-15,2016-02-18,75858.0,78634.0,26,63880.30889760004,0.03235139814217147,3,time
042660,2016-04-05,2016-04-06,21766.0,21113.02,91,-67363.33271950088,-0.03397068711421547,1,stop
001440,2016-04-11,2016-04-12,29822.0,28927.34,66,-66939.77518714173,-0.03397068711421547,1,stop
001440,2016-04-14,2016-04-18,28687.0,27826.39,68,-66343.38006208581,-0.03397068711421547,2,stop
086520,2016-04-29,2016-05-02,1916.0,1858.52,1022,-66596.27662629192,-0.03397068711421558,1,stop
058610,2016-05-02,2016-05-03,6160.0,5975.2,315,-65992.53539340012,-0.03397068711421569,1,stop
032820,2016-05-02,2016-05-03,770.0,746.9,2526,-66149.66047767014,-0.03397068711421569,1,stop
010060,2016-05-04,2016-05-09,94564.0,91727.08,20,-64321.97605588008,-0.03397068711421558,1,stop
028300,2016-05-11,2016-05-13,7956.0,7717.32,240,-64939.593270239886,-0.03397068711421558,2,stop
012450,2016-05-03,2016-05-19,44819.0,45431.0,42,17913.7798392002,0.00950553494810813,10,time
006260,2016-05-18,2016-06-01,53800.0,57500.0,35,121401.31692499993,0.06439821965532144,10,time
043260,2016-05-30,2016-06-03,1175.0,1092.75,1616,-140305.81914620008,-0.07380694743940264,4,stop
030200,2016-05-30,2016-06-13,31850.0,29620.499999999996,59,-138853.84455897543,-0.07380694743940275,9,stop
145020,2016-06-01,2016-06-14,115944.0,107827.92,16,-137077.0414584959,-0.07380694743940253,8,stop
015760,2016-06-01,2016-06-15,62300.0,57938.99999999999,31,-142707.30383245018,-0.07380694743940264,9,stop
035420,2016-06-01,2016-06-16,140198.0,140399.0,13,-4863.976021450013,-0.00266567401176776,10,time
095610,2016-06-03,2016-06-20,16500.0,16150.0,119,-49574.0294174999,-0.0252187814367123,10,time
012450,2016-06-14,2016-06-27,49048.0,45614.64,35,-126848.63788281986,-0.07380694743940253,9,stop
005290,2016-06-15,2016-06-29,7930.0,9516.0,223,345388.1236740998,0.19508780975560946,10,target
010170,2016-07-01,2016-07-06,1438.0,1337.34,1294,-137495.86038777814,-0.07380694743940264,3,stop
035420,2016-06-23,2016-07-07,146808.0,150813.0,12,40698.53416979988,0.023075365174654028,10,time
033780,2016-07-01,2016-07-12,137500.0,127874.99999999999,13,-132081.65774375014,-0.07380694743940264,7,stop
066970,2016-07-12,2016-07-14,10754.0,12904.8,154,323459.6428540398,0.19508780975560946,2,target
145020,2016-07-14,2016-07-18,123617.0,114963.81,16,-146148.59444192797,-0.07380694743940253,2,stop
214370,2016-07-05,2016-07-19,21744.0,21248.0,87,-50777.46543599991,-0.026811006036638663,10,time
012450,2016-07-05,2016-07-19,50116.0,53784.0,37,127716.64297179994,0.06879710338507494,10,time
005290,2016-07-06,2016-07-20,9960.0,10750.0,178,132939.8283929997,0.0748990926098394,10,time
043260,2016-07-19,2016-07-20,1335.0,1241.55,1435,-141556.43847896275,-0.07380694743940275,1,stop
066970,2016-07-18,2016-07-21,13164.0,12242.519999999999,139,-135206.9868603542,-0.07380694743940264,3,stop
034220,2016-07-08,2016-07-22,25695.0,27821.0,70,141010.0437690001,0.07830764594962747,10,time
036930,2016-07-19,2016-08-02,10100.0,11250.0,189,208886.18735250016,0.10930180360978614,10,time
084370,2016-07-21,2016-08-04,18700.0,20050.0,95,120591.46028749994,0.06780350203208418,10,time
064350,2016-07-22,2016-08-05,20250.0,21500.0,91,105862.70126250014,0.0573822185080497,10,time
098460,2016-07-22,2016-08-05,9190.0,9230.0,201,446.14362000022084,0.00024124809977132955,10,time
031980,2016-07-22,2016-08-05,11230.0,12247.0,164,158748.5637326003,0.08609679475192578,10,time
009540,2016-08-02,2016-08-17,114459.0,126724.0,18,211675.79327309993,0.10262413909107093,10,time
095610,2016-08-08,2016-08-17,20800.0,19344.0,93,-142936.36852560006,-0.07380694743940264,6,stop
012450,2016-08-04,2016-08-19,59997.0,59591.0,32,-20821.849507200066,-0.010832796207219664,10,time
145020,2016-08-18,2016-08-22,127880.0,153456.0,16,399624.36571519985,0.19508780975560946,2,target
084370,2016-08-08,2016-08-23,20800.0,22200.0,93,121888.60580999986,0.0629386769460949,10,time
064350,2016-08-08,2016-08-23,21550.0,23450.0,90,162547.42454999988,0.08371265037776654,10,time
141080,2016-08-24,2016-08-25,24497.0,22782.21,86,-155671.0354116829,-0.07380694743940253,1,stop
006260,2016-08-18,2016-09-01,58600.0,62600.0,34,127433.81152000045,0.06388647455490859,10,time
005930,2016-08-19,2016-09-02,32760.0,31940.0,59,-56158.538229000056,-0.029021554650128012,10,time
035420,2016-08-22,2016-09-05,160226.0,170241.0,15,139932.55629074993,0.05815610356935785,10,time
003490,2016-09-02,2016-09-06,21274.0,19784.82,88,-138333.79381368798,-0.07380694743940253,2,stop
036570,2016-08-25,2016-09-08,273000.0,279500.0,7,37534.20352500002,0.019618567847047963,10,time
066970,2016-08-26,2016-09-09,14509.0,15390.0,148,121203.41365420027,0.056378879324260334,10,time
105560,2016-09-01,2016-09-20,38600.0,38500.0,55,-14184.26432499988,-0.006673560544236401,10,time
003230,2016-09-06,2016-09-20,28400.0,34080.0,75,416014.96470000036,0.1950878097556097,7,target
034020,2016-09-06,2016-09-21,22605.0,21022.649999999998,94,-157010.546623755,-0.07380694743940264,8,stop
161390,2016-09-08,2016-09-27,59700.0,62300.0,33,77473.19348999974,0.039279320879040514,10,time
000660,2016-09-09,2016-09-28,38550.0,41200.0,59,146567.9213925004,0.06436700739150725,10,time
003230,2016-09-27,2016-09-28,40200.0,37386.0,57,-169315.7541561001,-0.07380694743940264,1,stop
084370,2016-09-28,2016-09-29,21650.0,20134.5,105,-167974.6173236249,-0.07380694743940253,1,stop
010170,2016-09-20,2016-10-05,1496.0,1558.0,1558,86759.27674459992,0.03718070833290987,10,time
066970,2016-09-20,2016-10-05,16271.0,16921.0,143,83140.47960790014,0.03569135419225766,10,time
012330,2016-09-21,2016-10-06,283500.0,272500.0,6,-72776.46690000012,-0.042735366965304,10,time
237690,2016-09-29,2016-10-10,57300.0,53289.0,38,-160892.08479509992,-0.07380694743940253,6,stop
095610,2016-09-29,2016-10-11,22350.0,20785.5,98,-161845.2894859505,-0.07380694743940275,7,stop
031980,2016-10-05,2016-10-11,12840.0,11941.199999999999,189,-179317.75314474013,-0.07380694743940264,4,stop
036570,2016-10-06,2016-10-12,303000.0,281790.0,5,-111946.13229750004,-0.07380694743940264,4,stop
012450,2016-10-05,2016-10-19,66721.0,68657.0,36,59646.836627999786,0.024804081603379213,10,time
131970,2016-10-19,2016-10-20,6138.0,5708.339999999999,427,-193665.03547059884,-0.07380694743940253,1,stop
028260,2016-10-10,2016-10-24,162000.0,167500.0,13,62658.40522499988,0.0297181488377809,10,time
131970,2016-10-24,2016-10-25,6214.0,5779.0199999999995,349,-160248.1913318392,-0.07380694743940264,1,stop
000720,2016-10-12,2016-10-26,41691.0,41108.0,45,-33846.27043725015,-0.01802008260308785,10,time
009540,2016-10-12,2016-10-26,138078.0,134445.0,13,-54446.09292135015,-0.03029700252397849,10,time
086790,2016-10-12,2016-10-26,30700.0,32150.0,62,81834.45642500021,0.04294443766674405,10,time
105560,2016-10-20,2016-11-03,41150.0,41000.0,59,-18773.724627499934,-0.007723770757796844,10,time
055550,2016-10-25,2016-11-08,43700.0,42550.0,46,-60982.249794999836,-0.030301557873737783,10,time
005490,2016-10-26,2016-11-09,247500.0,230174.99999999997,7,-128017.60673624999,-0.07380694743940253,10,stop
032640,2016-10-26,2016-11-09,12050.0,11700.0,154,-61346.129845000105,-0.03302023691973499,10,time
000660,2016-10-27,2016-11-09,42900.0,39897.0,46,-145818.15014909976,-0.07380694743940241,9,stop
095610,2016-11-09,2016-11-11,22450.0,20878.5,82,-136027.4818128501,-0.07380694743940264,2,stop
086790,2016-11-11,2016-11-17,35000.0,32549.999999999996,51,-131896.92815249995,-0.07380694743940253,4,stop
003230,2016-11-09,2016-11-21,50800.0,47244.0,36,-135133.39059119998,-0.07380694743940253,8,stop
222800,2016-11-08,2016-11-22,9894.0,10465.0,220,116329.1959830001,0.05338201006438714,10,time
005490,2016-11-11,2016-11-25,244500.0,263500.0,7,125593.84005000023,0.07329801591889296,10,time
055550,2016-11-11,2016-11-25,45000.0,43950.0,40,-49252.941899999976,-0.027331310393351127,10,time
005490,2016-12-09,2016-12-19,278000.0,258539.99999999997,6,-123251.58328200015,-0.07380694743940264,6,stop
047050,2016-12-09,2016-12-23,27650.0,28100.0,67,22468.995882499963,0.012114751480790442,10,time
000660,2016-12-09,2016-12-23,46450.0,46300.0,40,-13596.767299999949,-0.007309551638235989,10,time
024110,2016-12-09,2016-12-23,13750.0,13450.0,136,-48343.35356000019,-0.02582236113860925,10,time
055550,2016-12-09,2016-12-23,47250.0,46800.0,39,-25050.21977250022,-0.01357831575727475,10,time
105560,2016-12-19,2017-01-03,43500.0,43700.0,42,887.824980000034,0.00048538862682256934,10,time
000660,2016-12-26,2017-01-10,46200.0,49750.0,39,130657.70571749983,0.07243179176301529,10,time
095610,2016-12-28,2017-01-12,26600.0,25150.0,69,-107276.8838775002,-0.058381628591679946,10,time
161390,2017-01-12,2017-01-20,63800.0,59333.99999999999,28,-132000.37672360032,-0.07380694743940275,6,stop
005940,2017-01-12,2017-01-26,10650.0,11500.0,173,139065.76065750024,0.0753920040836864,10,time
078600,2017-01-12,2017-01-26,4540.0,4850.0,406,117934.99225899996,0.06390893489623828,10,time
034220,2017-01-12,2017-01-26,30039.0,27936.269999999997,61,-135397.84947403334,-0.07380694743940253,10,stop
005930,2017-01-12,2017-01-26,38000.0,39900.0,48,83456.02103999979,0.04570183353615831,10,time
082920,2017-01-20,2017-02-03,7228.0,6722.04,241,-128715.73680750211,-0.07380694743940264,8,stop
011070,2017-01-26,2017-02-13,99500.0,105000.0,18,91368.26685000001,0.05095661661925477,10,time
105560,2017-01-26,2017-02-13,46000.0,47950.0,41,71985.09820250003,0.03812428401778045,10,time
036930,2017-01-31,2017-02-13,11200.0,10416.0,173,-143172.82240239996,-0.07380694743940253,9,stop
000660,2017-01-31,2017-02-13,53300.0,49569.0,36,-141783.65587620018,-0.07380694743940264,9,stop
000720,2017-02-03,2017-02-17,43686.0,45195.0,37,49044.14481195016,0.03030706942546013,10,time
034020,2017-02-13,2017-02-17,22835.0,21236.55,81,-136672.92700467748,-0.07380694743940253,4,stop
006260,2017-02-13,2017-02-27,70400.0,66600.0,26,-106010.07794000022,-0.05784980907050674,10,time
006400,2017-02-13,2017-02-27,120420.0,124337.0,15,51179.20866225008,0.028301175064934014,10,time
071050,2017-02-13,2017-02-27,48600.0,46950.0,38,-70083.71302499995,-0.03790513257843153,10,time
098460,2017-02-20,2017-03-07,9560.0,10180.0,181,104797.80847699987,0.06049458710879563,10,time
011070,2017-02-21,2017-03-08,115000.0,126000.0,15,157444.17674999987,0.09116713064642612,10,time
028050,2017-03-07,2017-03-10,13200.0,12276.0,149,-145330.4640281999,-0.07380694743940253,3,stop
105560,2017-02-27,2017-03-14,47750.0,51600.0,37,134789.55542750028,0.07620472920400467,10,time
003670,2017-02-28,2017-03-15,12007.0,12145.0,150,13257.91225500009,0.007352755995244431,10,time
009540,2017-03-02,2017-03-16,151705.0,161244.0,11,97780.7723205497,0.05852772813592977,10,time
010140,2017-03-08,2017-03-22,10327.0,9705.0,183,-121235.38164689974,-0.06407740278895191,10,time
017670,2017-03-10,2017-03-24,42961.0,44859.0,42,72086.35689780023,0.039905264034568066,10,time
086790,2017-03-14,2017-03-28,39950.0,37600.0,48,-120326.16827999987,-0.06267622764265912,10,time
066570,2017-03-15,2017-03-29,67300.0,70100.0,26,65414.351599999936,0.03734095423313799,10,time
005380,2017-03-22,2017-03-29,167500.0,155775.0,10,-123768.82613749988,-0.07380694743940253,5,stop
000250,2017-03-16,2017-03-30,14650.0,14200.0,125,-63589.00093750004,-0.034684476761680516,10,time
000720,2017-03-24,2017-04-03,50010.0,46509.299999999996,39,-144117.89899123507,-0.07380694743940264,6,stop
047040,2017-03-29,2017-04-12,7320.0,7110.0,236,-56493.61710599996,-0.03266458021830776,10,time
042700,2017-04-04,2017-04-12,3540.0,3292.2,556,-145436.86827275972,-0.07380694743940241,6,stop
009150,2017-03-30,2017-04-13,69800.0,69200.0,24,-21222.85271999985,-0.012654292799806677,10,time
003670,2017-03-30,2017-04-13,13781.0,13738.0,126,-12518.16653429973,-0.0072009572102552655,10,time
006400,2017-03-30,2017-04-13,137554.0,134127.0,12,-47767.45002540015,-0.028905359234127292,10,time
010170,2017-04-18,2017-04-19,1709.0,2050.7999999999997,1049,350144.1708127898,0.19508780975560946,1,target
000990,2017-04-12,2017-04-26,20850.0,21450.0,83,42561.04709999985,0.024565688219737147,10,time
036570,2017-04-13,2017-04-27,341500.0,355500.0,4,50236.76800000016,0.03673430055666005,10,time
011070,2017-04-24,2017-04-27,143000.0,132990.0,13,-137364.92405349994,-0.07380694743940253,3,stop
010170,2017-04-21,2017-05-02,2039.0,1896.27,967,-145693.49462092435,-0.07380694743940253,6,stop
240810,2017-04-18,2017-05-04,26250.0,26900.0,68,36754.4091899998,0.02056705023574268,10,time
078600,2017-05-04,2017-05-12,5240.0,4873.2,350,-135517.62814099994,-0.07380694743940253,4,stop
090430,2017-05-12,2017-05-15,360500.0,349685.0,4,-49042.07175699994,-0.03397068711421558,1,stop
000880,2017-04-26,2017-05-16,39650.0,43950.0,47,193866.99848499987,0.10391150144512484,10,time
128940,2017-05-15,2017-05-16,331980.0,322020.6,4,-45162.23850732017,-0.03397068711421569,1,stop
241560,2017-04-27,2017-05-17,39350.0,38800.0,40,-28385.709700000007,-0.018013404944564715,10,time
005940,2017-04-27,2017-05-17,13500.0,14000.0,117,51854.4321750002,0.0327919343566998,10,time
066570,2017-05-16,2017-05-18,81400.0,78958.0,22,-60904.67552179983,-0.03397068711421547,2,stop
005930,2017-05-02,2017-05-19,45500.0,44720.0,40,-38566.74484000006,-0.02116617486683403,10,time
031980,2017-05-17,2017-05-22,13476.0,15497.4,119,233265.40275507,0.1452924843491259,3,target
131970,2017-05-16,2017-05-25,8805.0,9233.0,208,81255.9453888,0.044316273658294936,7,time
009830,2017-05-17,2017-05-26,34888.0,35372.0,46,15621.376541199861,0.00972268417687605,7,time
010140,2017-05-26,2017-05-29,10495.0,10180.15,154,-54967.59198045498,-0.03397068711421558,1,stop
005290,2017-05-19,2017-05-30,11650.0,13350.0,151,248733.8870349999,0.14123192133314655,7,time
012330,2017-05-22,2017-05-31,277000.0,274500.0,6,-21766.98764999979,-0.013081817755972058,7,time
032640,2017-05-23,2017-06-01,14700.0,16200.0,131,188028.80443500006,0.09752962120413122,7,time
078600,2017-05-31,2017-06-01,5910.0,5732.7,278,-55877.35302032996,-0.03397068711421558,1,stop
214450,2017-05-25,2017-06-05,39150.0,40450.0,49,55650.427245000144,0.028976200609076352,7,time
222800,2017-06-01,2017-06-05,10370.0,10058.9,178,-62777.2528248101,-0.03397068711421569,2,stop
084370,2017-05-29,2017-06-08,18950.0,19500.0,82,38598.84996499983,0.02481144636035104,7,time
141080,2017-05-30,2017-06-09,16415.0,17966.0,123,181936.1414383503,0.0900064773108582,7,time
131970,2017-06-01,2017-06-12,10491.0,10176.27,176,-62796.162250535795,-0.03397068711421547,6,stop
145020,2017-06-08,2017-06-12,175110.0,169856.69999999998,9,-53599.03929841495,-0.03397068711421558,2,stop
042700,2017-06-09,2017-06-12,4480.0,4345.599999999999,502,-76486.58647616068,-0.033970687114215914,1,stop
011070,2017-06-12,2017-06-13,151000.0,146470.0,12,-61625.682402000064,-0.03397068711421558,1,stop
000990,2017-06-12,2017-06-13,22500.0,21825.0,81,-61982.78486624989,-0.03397068711421558,1,stop
035420,2017-06-12,2017-06-13,185463.0,179899.11,9,-56767.96656616987,-0.0339706871142158,1,stop
036930,2017-06-05,2017-06-15,12100.0,12400.0,155,38676.741574999876,0.020598405025451738,7,time
034220,2017-06-05,2017-06-15,31010.0,35262.0,60,246742.78256399953,0.13246227957654244,7,time
010170,2017-06-13,2017-06-15,2520.0,2444.4,700,-59993.213993999874,-0.03397068711421547,2,stop
005290,2017-06-14,2017-06-15,15150.0,14695.5,116,-59768.749587900005,-0.03397068711421558,1,stop
128940,2017-06-15,2017-06-16,374956.0,363707.32,4,-51008.65203250386,-0.03397068711421547,1,stop
010140,2017-06-15,2017-06-20,11242.0,10904.74,165,-63085.72133440501,-0.03397068711421558,3,stop
039030,2017-06-15,2017-06-21,97400.0,94478.0,19,-62938.45908010006,-0.03397068711421558,4,stop
028300,2017-06-20,2017-06-21,6383.0,6191.51,285,-61869.02222406748,-0.03397068711421558,1,stop
078600,2017-06-20,2017-06-21,6300.0,6111.0,288,-61707.30582239991,-0.03397068711421558,1,stop
267270,2017-06-14,2017-06-22,79697.0,77306.09,22,-59630.46590983914,-0.03397068711421569,6,stop
009150,2017-06-21,2017-06-26,93200.0,107179.99999999999,18,244023.01237799996,0.1452924843491259,3,target
087010,2017-06-23,2017-06-26,24604.0,23865.88,73,-61084.65516378195,-0.03397068711421558,1,stop
086520,2017-06-16,2017-06-27,2373.0,2640.0,777,199291.0532728501,0.1079617283869958,7,time
031980,2017-06-26,2017-06-29,16824.0,16319.279999999999,108,-61795.45911643212,-0.03397068711421569,3,stop
006400,2017-06-27,2017-06-29,169861.0,164765.16999999998,11,-63546.24747425364,-0.03397068711421569,2,stop
068270,2017-06-21,2017-06-30,89901.0,90453.0,19,3456.867565800203,0.0020214611612048294,7,time
018260,2017-06-29,2017-06-30,189000.0,183330.0,10,-64278.443564999616,-0.03397068711421536,1,stop
064760,2017-06-29,2017-07-03,43300.0,42001.0,46,-67740.63698029984,-0.03397068711421547,2,stop
078600,2017-06-23,2017-07-04,6380.0,6480.0,283,20817.106157000177,0.011516328006315524,7,time
145020,2017-07-04,2017-07-05,198265.0,192317.05,9,-60686.502921022475,-0.03397068711421558,1,stop
207940,2017-06-27,2017-07-06,399992.0,421082.0,4,77554.31364439987,0.04841672897522864,7,time
218410,2017-07-05,2017-07-06,11242.0,10904.74,162,-61938.70821923413,-0.03397068711421569,1,stop
006800,2017-06-30,2017-07-10,10706.0,10384.82,169,-61534.33219066891,-0.03397068711421558,6,stop
064760,2017-07-10,2017-07-11,49700.0,48209.0,35,-59159.974910750054,-0.03397068711421558,1,stop
267270,2017-07-10,2017-07-11,87771.0,85137.87,20,-59701.41026606993,-0.03397068711421558,1,stop
095610,2017-07-11,2017-07-12,30950.0,30021.5,55,-57893.11140662478,-0.03397068711421547,1,stop
047040,2017-07-04,2017-07-13,7810.0,7575.7,238,-63216.65890462999,-0.03397068711421558,7,stop
086520,2017-07-11,2017-07-17,2823.0,3246.45,611,250896.4145024023,0.14529248434912567,4,target
064760,2017-07-13,2017-07-17,52200.0,50634.0,33,-58585.20999210002,-0.03397068711421558,2,stop
003670,2017-07-12,2017-07-21,14964.0,17208.6,114,248138.93700737972,0.14529248434912567,7,target
066970,2017-07-14,2017-07-24,22158.0,25481.699999999997,78,251401.30474796984,0.14529248434912567,6,target
036930,2017-07-24,2017-07-25,17600.0,17072.0,112,-67040.03595519997,-0.03397068711421558,1,stop
031980,2017-07-17,2017-07-26,17968.0,18265.0,100,22248.797155000037,0.012368230798559088,7,time
051910,2017-07-17,2017-07-26,322000.0,326500.0,5,15835.566875000019,0.009824456224654554,7,time
086520,2017-07-25,2017-07-26,4081.0,3958.5699999999997,468,-64955.509837218095,-0.03397068711421558,1,stop
005290,2017-07-18,2017-07-27,16700.0,17000.0,119,27450.401755,0.013797044203860409,7,time
078600,2017-07-26,2017-07-27,8570.0,8312.9,205,-59750.044220725074,-0.03397068711421558,1,stop
207940,2017-07-26,2017-07-27,425446.0,412682.62,4,-57877.262859163806,-0.03397068711421547,1,stop
066970,2017-07-27,2017-07-28,25032.0,24281.04,72,-61295.92378358403,-0.03397068711421558,1,stop
010170,2017-07-21,2017-07-31,3153.0,3058.41,622,-66698.78203841113,-0.03397068711421569,6,stop
003670,2017-07-26,2017-07-31,18786.0,18222.42,93,-59418.38105583307,-0.03397068711421558,3,stop
095340,2017-07-28,2017-07-31,26097.0,25314.09,72,-63903.79206536384,-0.03397068711421547,1,stop
035720,2017-08-01,2017-08-02,24385.0,23653.45,73,-60540.94115464226,-0.03397068711421547,1,stop
003230,2017-08-02,2017-08-03,52700.0,51119.0,33,-59146.37100734981,-0.03397068711421547,1,stop
010950,2017-07-27,2017-08-04,115000.0,111550.0,15,-58666.8334125001,-0.03397068711421569,6,stop
079550,2017-07-27,2017-08-07,80100.0,80400.0,22,-641.3051699998323,-0.0003635049484912445,7,time
087010,2017-08-08,2017-08-09,21770.0,21116.899999999998,80,-59231.3954036003,-0.0339706871142158,1,stop
267270,2017-08-02,2017-08-10,94230.0,91403.09999999999,18,-57685.31178219034,-0.0339706871142158,6,stop
180640,2017-08-09,2017-08-10,25950.0,25171.5,67,-59131.06661602529,-0.03397068711421569,1,stop
267250,2017-08-02,2017-08-11,92000.0,95500.0,19,59140.30107500008,0.03379425572156447,7,time
001440,2017-08-10,2017-08-11,11754.0,11401.38,144,-57564.101002896205,-0.03397068711421569,1,stop
066970,2017-08-16,2017-08-24,27443.0,32931.6,63,337677.0031007095,0.19508780975560924,6,target
055550,2017-08-11,2017-08-28,53800.0,53400.0,31,-19198.422139999922,-0.011498001224449328,10,time
009830,2017-08-11,2017-08-28,39604.0,42326.0,43,109721.82268929994,0.06435559193759732,10,time
000880,2017-08-14,2017-08-29,52000.0,49350.0,33,-94224.7042274999,-0.05484641968847215,10,time
003670,2017-08-21,2017-08-30,22971.0,27565.2,75,336488.72373674996,0.1950878097556097,7,target
031980,2017-08-24,2017-09-07,19917.0,21062.0,104,110240.0658683998,0.05315975670167217,10,time
010170,2017-08-28,2017-09-11,3626.0,3659.0,477,8606.339828549884,0.004970191187666728,10,time
007660,2017-08-28,2017-09-11,4332.0,4420.0,399,27924.88051079982,0.01613729592178248,10,time
005290,2017-08-30,2017-09-13,18300.0,19500.0,100,112146.52800000017,0.06121185292506315,10,time
010950,2017-08-30,2017-09-13,123000.0,122000.0,14,-21015.827700000023,-0.0121902927494284,10,time
086520,2017-09-12,2017-09-20,4729.0,4397.969999999999,378,-132086.23903761338,-0.07380694743940275,6,stop
036570,2017-09-07,2017-09-21,455000.0,448500.0,5,-41727.593374999706,-0.018320727700749107,10,time
178320,2017-09-13,2017-09-22,10173.0,9460.89,179,-134554.5958358955,-0.07380694743940253,7,stop
207940,2017-09-21,2017-09-22,497445.0,462623.85,4,-147028.4984309699,-0.07380694743940253,1,stop
095610,2017-09-11,2017-09-25,32300.0,31600.0,54,-44836.64414999983,-0.025676605049606116,10,time
000660,2017-09-13,2017-09-27,75000.0,82400.0,24,169699.66632000008,0.09416928359846932,10,time
068270,2017-09-20,2017-10-12,110176.0,121966.0,15,169555.78810949996,0.10247906232340886,10,time
078600,2017-09-22,2017-10-16,8650.0,8370.0,219,-68902.65074400022,-0.03633092797163284,10,time
005930,2017-09-25,2017-10-17,52999.0,54800.0,34,53668.66204509977,0.029749177258177717,10,time
098460,2017-09-25,2017-10-17,13300.0,13520.0,135,22254.12481499999,0.012380149617533975,10,time
068270,2017-10-16,2017-10-18,136503.0,163803.6,16,426571.1979451198,0.19508780975560946,2,target
034730,2017-09-28,2017-10-20,289500.0,296500.0,6,34757.60850000009,0.019987149086178047,10,time
010130,2017-10-12,2017-10-26,529000.0,491969.99999999994,3,-117266.34452549997,-0.07380694743940253,10,stop
005490,2017-10-17,2017-10-31,338500.0,325500.0,5,-71744.58024999988,-0.04234100916924932,10,time
018260,2017-10-18,2017-11-01,189000.0,209000.0,12,229997.75040000025,0.10129344020688902,10,time
098460,2017-10-19,2017-11-02,14340.0,15180.0,170,132388.42650000006,0.0542441278527519,10,time
066570,2017-10-20,2017-11-03,96500.0,92000.0,18,-87879.78134999983,-0.05053472800072456,10,time
095610,2017-10-26,2017-11-09,34850.0,37350.0,43,101041.72701500007,0.06734886882764268,10,time
006400,2017-11-02,2017-11-13,221261.0,205772.72999999998,11,-179843.19799409155,-0.07380694743940264,7,stop
051910,2017-10-31,2017-11-14,405000.0,392500.0,4,-56491.68149999995,-0.03483134705951285,10,time
005930,2017-11-01,2017-11-15,57500.0,55340.0,43,-102738.98461599927,-0.04150493634963115,10,time
028300,2017-11-15,2017-11-16,14585.0,16772.75,166,352173.6739976746,0.14529248434912567,1,target
005290,2017-11-03,2017-11-17,21500.0,23800.0,84,185229.08753999998,0.10244534388308169,10,time
078600,2017-11-16,2017-11-17,9390.0,10798.5,295,402930.34420462465,0.14529248434912567,1,target
066970,2017-11-09,2017-11-20,38058.0,39265.0,42,43993.84113810002,0.027491435222861904,7,time
031980,2017-11-17,2017-11-21,23604.0,22895.88,109,-87501.53102010582,-0.03397068711421547,2,stop
028300,2017-11-20,2017-11-21,15618.0,17960.699999999997,107,243081.30697615468,0.14529248434912567,1,target
058470,2017-11-13,2017-11-22,11773.0,11893.0,192,13708.440076799598,0.006057597994242547,7,time
078600,2017-11-21,2017-11-22,12000.0,13799.999999999998,183,319429.2651300002,0.1452924843491259,1,target
218410,2017-11-21,2017-11-22,10215.0,11747.25,215,319461.9935383126,0.1452924843491259,1,target
039490,2017-11-14,2017-11-23,80000.0,89800.0,19,179421.8090900001,0.11790505537555984,7,time
068270,2017-11-17,2017-11-23,170296.0,165187.12,15,-86875.8875027406,-0.0339706871142158,4,stop
036570,2017-11-22,2017-11-23,472500.0,458325.0,5,-80348.05445624981,-0.03397068711421547,1,stop
086520,2017-11-23,2017-11-24,4842.0,4696.74,471,-77562.04305944731,-0.03397068711421569,1,stop
064760,2017-11-23,2017-11-24,74500.0,72265.0,30,-76011.81024749996,-0.03397068711421558,1,stop
066970,2017-11-23,2017-11-24,44270.0,42941.9,51,-76786.2124485448,-0.03397068711421547,1,stop
042700,2017-11-23,2017-11-27,6450.0,6256.5,353,-77435.11864072504,-0.03397068711421558,2,stop
214150,2017-11-23,2017-11-27,3830.0,3715.1,595,-77503.13815772487,-0.03397068711421558,2,stop
218410,2017-11-24,2017-11-27,12831.0,12446.07,172,-75057.224345922,-0.03397068711421558,1,stop
067310,2017-11-24,2017-11-27,4504.0,4368.88,490,-75058.17661916045,-0.0339706871142158,1,stop
078600,2017-11-27,2017-11-28,14000.0,13580.0,154,-73325.03932599956,-0.03397068711421536,1,stop
263750,2017-11-27,2017-11-28,39180.0,38004.6,55,-73287.6285916504,-0.0339706871142158,1,stop
095340,2017-11-27,2017-11-28,21571.0,20923.87,100,-73362.45006034966,-0.03397068711421547,1,stop
003230,2017-11-27,2017-11-29,71500.0,69355.0,30,-72950.93198249955,-0.03397068711421536,2,stop
131970,2017-11-28,2017-11-29,8151.0,7906.469999999999,257,-71243.88017410971,-0.03397068711421569,1,stop
214450,2017-11-30,2017-12-01,60500.0,58685.0,34,-69958.07323450013,-0.03397068711421569,1,stop
145020,2017-11-30,2017-12-01,166926.0,161918.22,12,-68125.35536845168,-0.03397068711421547,1,stop
010170,2017-11-24,2017-12-04,3506.0,4031.8999999999996,629,320778.25739084464,0.14529248434912567,6,target
267270,2017-12-01,2017-12-04,94844.0,91998.68,21,-67738.05223865411,-0.03397068711421569,1,stop
003230,2017-12-01,2017-12-05,71800.0,82570.0,28,292431.96476200013,0.1452924843491259,2,target
028300,2017-12-04,2017-12-05,16314.0,15824.58,134,-74347.91682264628,-0.03397068711421569,1,stop
196170,2017-12-05,2017-12-06,6682.0,6481.54,328,-74539.05166541599,-0.03397068711421558,1,stop
028050,2017-12-05,2017-12-06,14050.0,13628.5,156,-74542.58868029993,-0.03397068711421558,1,stop
087010,2017-11-30,2017-12-07,28152.0,27307.44,73,-69893.31865431578,-0.03397068711421547,5,stop
034020,2017-12-06,2017-12-07,13425.0,13022.25,160,-73052.96125799953,-0.03397068711421536,1,stop
003230,2017-12-07,2017-12-08,79100.0,76727.0,26,-69944.46933110012,-0.03397068711421569,1,stop
010170,2017-12-06,2017-12-11,4309.0,4179.73,501,-73420.57273762696,-0.0339706871142158,3,stop
000250,2017-12-08,2017-12-11,14600.0,14162.0,142,-70509.03132220008,-0.03397068711421558,1,stop
032820,2017-12-08,2017-12-11,640.0,620.8,3251,-70762.06392543996,-0.03397068711421558,1,stop
000250,2017-12-13,2017-12-14,15400.0,14938.0,133,-69658.78735969984,-0.03397068711421547,1,stop
214150,2017-12-11,2017-12-15,4500.0,4365.0,456,-69788.02444199985,-0.03397068711421547,4,stop
078600,2017-12-14,2017-12-15,14400.0,13968.0,141,-69053.41365839983,-0.03397068711421547,1,stop
080220,2017-12-14,2017-12-19,4460.0,4326.2,456,-69167.68644696032,-0.03397068711421569,3,stop
214450,2017-12-18,2017-12-19,57800.0,56066.0,34,-66835.97740419977,-0.03397068711421547,1,stop
064760,2017-12-18,2017-12-19,72400.0,70228.0,27,-66482.2759157999,-0.03397068711421558,1,stop
066570,2017-12-18,2017-12-19,106500.0,103305.0,18,-65196.707044499926,-0.03397068711421558,1,stop
058610,2017-12-15,2017-12-27,6230.0,6550.0,322,94514.99783599982,0.04706061448625487,7,time
010120,2017-12-19,2018-01-05,12940.0,13420.0,150,63833.134200000204,0.0328489442890445,10,time
010170,2017-12-28,2018-01-08,5352.0,6422.4,379,396172.8086935193,0.19508780975560924,5,target
218410,2017-12-21,2018-01-09,15269.0,18322.8,127,378742.17229696945,0.19508780975560924,10,target
024110,2017-12-22,2018-01-10,16800.0,16900.0,116,3579.2304599999916,0.0018345230590179895,10,time
068270,2018-01-09,2018-01-12,243650.0,292380.0,9,428290.3358415002,0.1950878097556097,3,target
141080,2017-12-28,2018-01-15,20268.0,22170.0,100,181333.04913000017,0.08936487493758083,10,time
028050,2018-01-12,2018-01-17,15650.0,14554.499999999998,167,-193120.00928457547,-0.07380694743940275,3,stop
028300,2018-01-05,2018-01-19,18666.0,22399.2,107,390089.61522378004,0.1950878097556097,10,target
010060,2018-01-08,2018-01-22,130323.0,134694.0,18,68832.43838730035,0.02930895702230929,10,time
005940,2018-01-10,2018-01-24,15150.0,16750.0,143,219246.94077000022,0.10108475321267663,10,time
000250,2018-01-15,2018-01-25,28400.0,34080.0,78,432655.56328799995,0.1950878097556097,8,target
086520,2018-01-17,2018-01-31,5477.0,5093.61,442,-178879.87012164108,-0.07380694743940264,10,stop
087010,2018-01-25,2018-02-01,36860.0,34279.799999999996,72,-196103.0227240799,-0.07380694743940253,5,stop
058610,2018-01-19,2018-02-02,8370.0,8600.0,285,55580.704132500105,0.02327311468520943,10,time
042660,2018-02-01,2018-02-02,21855.0,20325.149999999998,130,-209937.79127197573,-0.07380694743940286,1,stop
141080,2018-01-22,2018-02-05,29026.0,27675.0,83,-121675.63762494968,-0.05044743979574351,10,time
016360,2018-01-24,2018-02-07,42200.0,40700.0,56,-93437.23003999982,-0.03949301230147484,10,time
207940,2018-01-31,2018-02-08,622533.0,578955.69,3,-138000.3199555634,-0.07380694743940253,6,stop
005490,2018-02-02,2018-02-08,390000.0,362700.0,6,-172906.8974100002,-0.07380694743940264,4,stop
024110,2018-02-06,2018-02-09,16800.0,15623.999999999998,148,-183724.6622736007,-0.07380694743940286,3,stop
068270,2018-02-08,2018-02-09,201412.0,221553.2,10,192563.96076940047,0.09549715894264232,1,target
218410,2018-02-08,2018-02-09,16683.0,18351.300000000003,123,196186.41420295555,0.09549715894264232,1,target
263750,2018-02-08,2018-02-12,44760.0,49236.00000000001,45,192571.60932900058,0.09549715894264232,2,target
028300,2018-02-09,2018-02-13,15718.0,15246.46,145,-77511.98069493519,-0.03397068711421569,2,stop
138040,2018-02-02,2018-02-20,16700.0,16050.0,152,-108911.6035400005,-0.042856320031061435,10,time
214150,2018-02-13,2018-02-20,5510.0,5690.0,407,63853.52548300056,0.02844065903046289,3,time
000250,2018-02-20,2018-02-21,46950.0,43663.5,49,-169991.8644600748,-0.07380694743940253,1,stop
058610,2018-02-20,2018-02-22,10500.0,12600.0,219,449120.3809050005,0.1950878097556099,2,target
214150,2018-02-23,2018-02-26,5560.0,5393.2,427,-80743.24785001995,-0.03397068711421558,1,stop
080220,2018-02-19,2018-03-06,6060.0,5635.799999999999,370,-165680.2758003003,-0.07380694743940275,10,stop
141080,2018-03-06,2018-03-09,27925.0,30717.500000000004,81,216255.85216537537,0.09549715894264232,3,target
042660,2018-02-26,2018-03-13,22210.0,24120.0,106,192214.90946500003,0.08155177740151975,10,time
080220,2018-03-12,2018-03-14,6410.0,5961.299999999999,365,-172881.03526722593,-0.07380694743940297,2,stop
028050,2018-03-13,2018-03-14,18150.0,16879.5,131,-175688.92505422514,-0.07380694743940264,1,stop
098460,2018-03-14,2018-03-19,19640.0,18265.199999999997,117,-169794.57325662067,-0.07380694743940286,3,stop
039490,2018-03-13,2018-03-23,113000.0,105090.0,21,-175345.32801449997,-0.07380694743940253,8,stop
000660,2018-03-14,2018-03-23,89300.0,83049.0,25,-164963.52498624986,-0.07380694743940253,7,stop
066570,2018-03-14,2018-03-28,112500.0,109000.0,20,-79014.58649999974,-0.03507724990102623,10,time
064760,2018-03-14,2018-03-28,78600.0,82100.0,29,91859.33584499964,0.04025349004384582,10,time
028300,2018-03-28,2018-03-30,22884.0,27460.8,98,438013.36728408,0.1950878097556097,2,target
058610,2018-03-28,2018-04-02,13150.0,12229.5,171,-166156.87814572477,-0.07380694743940253,3,stop
207940,2018-03-23,2018-04-06,680714.0,754894.0,3,213514.8346086,0.10443423750362513,10,time
028300,2018-04-02,2018-04-06,28415.0,34098.0,82,455083.2620656998,0.19508780975560946,4,target
098460,2018-03-28,2018-04-11,19860.0,19280.0,113,-74543.88327899994,-0.0331783747864991,10,time
207940,2018-04-11,2018-04-13,853803.0,794036.7899999999,2,-126178.14335841918,-0.07380694743940264,2,stop
196170,2018-04-11,2018-04-13,8983.0,10779.6,265,464939.6917340504,0.1950878097556097,2,target
214150,2018-04-16,2018-04-17,7300.0,6789.0,339,-182860.12778654974,-0.07380694743940241,1,stop
000100,2018-04-11,2018-04-18,39400.0,36642.0,60,-174680.30148599995,-0.07380694743940253,5,stop
145020,2018-04-16,2018-04-24,214327.0,199324.11,11,-174207.1720568901,-0.07380694743940241,6,stop
009150,2018-04-16,2018-04-30,119500.0,118500.0,20,-29735.73699999973,-0.012427437545050601,10,time
039490,2018-04-16,2018-04-30,114500.0,118500.0,21,73898.24190000026,0.03069800186346261,10,time
064350,2018-05-02,2018-05-03,28750.0,26737.5,82,-174200.0045487499,-0.07380694743940253,1,stop
010120,2018-05-03,2018-05-08,15380.0,14303.4,150,-170468.46680549998,-0.07380694743940253,2,stop
039490,2018-05-08,2018-05-09,123999.0,115319.06999999999,18,-164925.24901494314,-0.07380694743940264,1,stop
196170,2018-05-09,2018-05-11,9011.0,9912.1,245,211071.0848265253,0.09549715894264232,2,target
218410,2018-05-04,2018-05-14,20928.0,25113.6,110,449624.28635519976,0.19508780975560946,5,target
000720,2018-05-02,2018-05-15,61783.0,74139.59999999999,38,458544.9753212598,0.19508780975560946,8,target
047050,2018-05-15,2018-05-16,26200.0,24366.0,98,-189724.6793974,-0.07380694743940264,1,stop
010120,2018-05-15,2018-05-23,16060.0,14935.8,160,-189872.46307040006,-0.07380694743940264,5,stop
001440,2018-05-16,2018-05-23,15379.0,14302.47,156,-177275.67835122626,-0.07380694743940264,4,stop
071050,2018-05-14,2018-05-29,96000.0,98100.0,24,40809.16547999997,0.01769196299501119,10,time
039490,2018-05-14,2018-05-29,124500.0,127000.0,19,37665.67552500032,0.01590463078288118,10,time
028050,2018-05-15,2018-05-30,19300.0,17949.0,133,-189672.95511185052,-0.07380694743940275,10,stop
006260,2018-05-29,2018-06-04,90100.0,83793.0,26,-173099.01618489996,-0.07380694743940253,4,stop
032820,2018-06-01,2018-06-04,2505.0,2429.85,966,-82297.83391105477,-0.03397068711421547,1,stop
003230,2018-05-23,2018-06-07,104500.0,111500.0,22,144124.23850000044,0.06261794886563399,10,time
000660,2018-05-24,2018-06-08,95300.0,88629.0,24,-169005.40844279993,-0.07380694743940253,10,stop
032820,2018-06-07,2018-06-12,2290.0,2519.0,1012,221567.29877260048,0.09549715894264232,3,target
131970,2018-05-29,2018-06-14,11220.0,13133.0,212,394612.25818620017,0.1657076801485755,10,time
001440,2018-06-11,2018-06-14,13817.0,13402.49,162,-76125.87897750922,-0.03397068711421569,2,stop
028300,2018-06-12,2018-06-15,40199.0,38993.03,58,-79295.18035260728,-0.03397068711421569,2,stop
032820,2018-06-15,2018-06-18,2115.0,2051.5499999999997,1126,-80993.8997701658,-0.033970687114215914,1,stop
064350,2018-06-15,2018-06-19,32500.0,31525.0,73,-80688.15204124991,-0.03397068711421558,2,stop
028300,2018-06-18,2018-06-19,40837.0,39611.89,57,-79164.8209482762,-0.03397068711421547,1,stop
000720,2018-06-19,2018-06-20,61005.0,59174.85,38,-78841.08205711516,-0.03397068711421569,1,stop
032820,2018-06-20,2018-06-22,2005.0,1944.85,1156,-78827.13805613015,-0.03397068711421569,2,stop
064350,2018-06-21,2018-06-22,31900.0,30943.0,72,-78113.61332280003,-0.03397068711421558,1,stop
064350,2018-06-25,2018-06-26,29300.0,32230.000000000004,78,218500.22637300007,0.0954971589426421,1,target
000720,2018-06-22,2018-06-27,59254.0,57476.38,38,-76578.14074604213,-0.03397068711421569,3,stop
064350,2018-06-28,2018-06-29,28850.0,27984.5,80,-78494.52261799946,-0.03397068711421536,1,stop
028300,2018-10-10,2018-10-11,38369.0,37217.93,59,-76990.30500930361,-0.03397068711421558,1,stop
196170,2018-10-11,2018-10-16,8259.0,9084.900000000001,276,217934.6153905806,0.09549715894264232,3,target
087010,2018-10-15,2018-10-16,25019.0,24268.43,91,-77431.00345994625,-0.03397068711421547,1,stop
042660,2018-10-22,2018-10-24,27185.0,26369.45,85,-78587.19920991221,-0.03397068711421547,2,stop
226950,2018-10-24,2018-10-25,30428.0,29515.16,75,-77613.66987285018,-0.03397068711421569,1,stop
007660,2018-10-29,2018-10-30,4548.0,4411.5599999999995,501,-77492.86721065827,-0.03397068711421569,1,stop
032820,2019-03-05,2019-03-08,1285.0,1246.45,1762,-77003.87490294501,-0.03397068711421558,3,stop
180640,2019-04-16,2019-04-17,42000.0,39060.0,53,-164483.2280489998,-0.07380694743940253,1,stop
178320,2019-04-16,2019-04-22,11739.0,10917.269999999999,191,-165676.50731663848,-0.07380694743940253,4,stop
003490,2019-04-16,2019-04-23,23699.0,22040.07,94,-164609.28752206895,-0.07380694743940253,5,stop
000270,2019-04-17,2019-05-02,42050.0,44900.0,52,138801.97486999957,0.0634055223548724,10,time
108490,2019-04-29,2019-05-02,17236.0,16718.92,123,-72101.64029323799,-0.03397068711421558,2,stop
131970,2019-04-18,2019-05-03,19522.0,19322.0,113,-31573.945895199664,-0.014296406613995671,10,time
218410,2019-04-26,2019-05-14,30197.0,33417.0,70,216072.77535200026,0.10210311561311869,10,time
178320,2019-04-30,2019-05-15,11915.0,14298.0,178,414231.7644052999,0.19508780975560946,9,target
035720,2019-05-07,2019-05-21,25290.0,25089.0,86,-26148.379115700256,-0.012008763050003757,10,time
078600,2019-08-06,2019-08-08,17600.0,19360.0,129,217066.1214479995,0.09549715894264188,2,target
028300,2019-11-14,2019-11-18,55087.0,60595.700000000004,42,221201.5064097303,0.09549715894264232,2,target
028300,2019-11-20,2019-11-22,52540.0,50963.799999999996,45,-80409.27202155022,-0.03397068711421569,2,stop
028300,2019-11-25,2019-11-26,50826.0,55908.600000000006,46,223528.77188201994,0.0954971589426421,1,target
028300,2019-11-29,2019-12-02,48359.0,46908.229999999996,49,-80589.21765377326,-0.03397068711421547,1,stop
010120,2019-12-13,2019-12-30,10900.0,10920.0,218,-5390.996338000055,-0.002266140479261769,10,time
011070,2019-12-13,2019-12-30,135500.0,140000.0,17,66834.27047500014,0.02898089400852011,10,time
058470,2019-12-13,2019-12-30,12574.0,12874.0,189,46793.53063980071,0.019667598668795527,10,time
005930,2019-12-13,2019-12-30,54500.0,55800.0,43,46131.07230500039,0.019662076213502022,10,time
095610,2019-12-13,2019-12-30,23100.0,25000.0,102,183572.48907000013,0.0778208962442366,10,time
222800,2019-12-30,2020-01-06,11654.0,10838.22,209,-179977.31167733856,-0.07380694743940241,3,stop
237690,2019-12-30,2020-01-06,29950.0,27853.499999999996,81,-179257.9007571754,-0.07380694743940275,3,stop
039030,2019-12-30,2020-01-15,101400.0,109300.0,24,179067.67020000005,0.0734968573823811,10,time
207940,2019-12-30,2020-01-15,625442.0,631987.0,3,11887.555825049989,0.006328270812239412,10,time
000990,2019-12-30,2020-01-15,28200.0,28800.0,86,41508.92598000029,0.01709600830264657,10,time
064350,2020-01-15,2020-01-16,17150.0,16635.5,141,-82240.69751677522,-0.03397068711421569,1,stop
095340,2020-01-16,2020-01-17,11100.0,12764.999999999998,217,350368.52045474946,0.14529248434912567,1,target
036570,2020-01-06,2020-01-20,562000.0,630000.0,4,261985.3768000002,0.11640765146209087,10,time
082920,2020-01-06,2020-01-20,6939.0,8326.8,370,501450.37597169913,0.19508780975560924,10,target
214450,2020-01-17,2020-01-20,40100.0,38897.0,68,-92737.80947779957,-0.03397068711421547,1,stop
095340,2020-01-20,2020-01-21,13650.0,13240.5,201,-93310.87390852487,-0.03397068711421558,1,stop
006400,2020-01-15,2020-01-28,262870.0,279024.0,9,135261.75029670028,0.05710738206860566,7,time
067310,2020-01-15,2020-01-28,4339.0,4486.0,560,72119.34623599984,0.02964659955513249,7,time
005290,2020-01-20,2020-01-28,18900.0,18333.0,145,-93203.7431692495,-0.03397068711421536,4,stop
058470,2020-01-22,2020-01-29,14436.0,16601.399999999998,187,392672.8246607096,0.14529248434912567,3,target
086280,2020-01-28,2020-01-29,77280.0,74961.59999999999,33,-86733.04651704011,-0.03397068711421558,1,stop
042700,2020-01-28,2020-01-30,4800.0,4656.0,531,-86684.07246479997,-0.03397068711421558,2,stop
131970,2020-01-29,2020-01-30,35020.0,33969.4,86,-102427.86986962054,-0.0339706871142158,1,stop
003670,2020-01-29,2020-01-30,55858.0,54182.26,54,-102584.72287582187,-0.03397068711421558,1,stop
011070,2020-01-30,2020-02-03,160000.0,148800.0,17,-200985.79527999926,-0.0738069474394023,2,stop
006400,2020-01-31,2020-02-03,284408.0,264499.44,9,-189138.864917628,-0.07380694743940253,1,stop
082920,2020-01-22,2020-02-04,8200.0,8478.0,330,80379.8166930005,0.02967016779553444,7,time
207940,2020-01-28,2020-02-06,693805.0,754894.0,3,174196.66476764996,0.08359531503526574,7,time
237690,2020-02-05,2020-02-06,31800.0,29573.999999999996,82,-192680.3528574002,-0.07380694743940264,1,stop
196170,2020-02-06,2020-02-07,22945.0,27534.0,108,483995.3255514004,0.1950878097556097,1,target
058470,2020-01-31,2020-02-14,16538.0,16619.0,168,2181.50962680066,0.0007842700814528758,10,time
006400,2020-02-05,2020-02-19,314269.0,326997.0,8,91220.32003040006,0.036241056034413965,10,time
084370,2020-02-06,2020-02-20,19400.0,20800.0,128,168495.05920000002,0.06777604995346564,10,time
222800,2020-02-07,2020-02-21,13509.0,13082.0,202,-97182.96082290029,-0.03557265975628088,10,time
196170,2020-02-10,2020-02-24,25448.0,25783.0,107,24580.19083255017,0.009016720335877304,10,time
247540,2020-02-21,2020-02-24,22212.0,20657.16,145,-237986.3934890097,-0.07380694743940253,1,stop
036570,2020-02-20,2020-02-25,700000.0,651000.0,3,-155172.85665000044,-0.07380694743940275,3,stop
180640,2020-02-19,2020-02-26,48900.0,58680.0,53,506190.60282299994,0.19508780975560946,5,target
035720,2020-02-14,2020-02-28,36329.0,34523.0,76,-148166.50904199993,-0.0536023457799345,10,time
035420,2020-02-26,2020-02-28,189500.0,176235.0,14,-196035.04223449994,-0.07380694743940253,2,stop
086520,2020-03-02,2020-03-05,2932.0,3225.2000000000003,899,252007.41869666008,0.0954971589426421,3,target
003670,2020-03-02,2020-03-05,50494.0,54315.0,52,187345.6514878003,0.07126910106276552,3,time
196170,2020-03-12,2020-03-13,22583.0,21905.51,120,-92165.08514465997,-0.03397068711421558,1,stop
247540,2020-03-17,2020-03-18,16678.0,16177.66,162,-91888.78986660577,-0.03397068711421547,1,stop
180640,2020-03-18,2020-03-19,52100.0,50537.0,51,-90367.32931034965,-0.03397068711421547,1,stop
180640,2020-03-23,2020-03-24,53300.0,51701.0,50,-90636.00640249951,-0.03397068711421536,1,stop
180640,2020-05-18,2020-05-21,77000.0,79000.0,34,57070.44499999983,0.021774209639536357,3,time
066970,2020-06-16,2020-06-18,20396.0,19784.12,130,-90176.19446758041,-0.03397068711421569,2,stop
222800,2020-06-16,2020-06-19,10500.0,11450.0,253,228754.56788250012,0.08601233505569295,3,time
108490,2020-06-16,2020-06-19,11685.0,12026.0,228,66600.45253260015,0.024969761811507674,3,time
095340,2020-06-16,2020-06-19,15200.0,16350.0,175,189755.49293750012,0.07125469788948569,3,time
001440,2020-06-16,2020-06-19,5949.0,6077.0,447,46149.378636599984,0.01733465286670577,3,time
011200,2020-06-24,2020-06-25,4505.0,4369.849999999999,611,-93613.73080796795,-0.03397068711421569,1,stop
087010,2020-07-01,2020-07-02,17875.0,17338.75,153,-93012.43827768695,-0.03397068711421536,1,stop
079550,2020-06-30,2020-07-03,30150.0,30000.0,90,-24580.667024999857,-0.009048250617239129,3,time
108490,2020-06-30,2020-07-03,11637.0,11734.0,234,11471.448865499813,0.004207868556638461,3,time
214370,2020-07-02,2020-07-07,13460.0,13056.199999999999,201,-92012.04123141058,-0.0339706871142158,3,stop
066970,2020-07-08,2020-07-09,37942.0,36803.74,71,-91618.27624749718,-0.03397068711421569,1,stop
036930,2020-07-08,2020-07-09,7330.0,7110.099999999999,367,-91489.99143843492,-0.03397068711421558,1,stop
237690,2020-07-08,2020-07-10,50900.0,49373.0,52,-90017.02879780019,-0.03397068711421569,2,stop
035720,2020-07-08,2020-07-10,62623.0,72016.45,43,391691.9906284828,0.1452924843491259,2,target
043260,2020-07-08,2020-07-17,697.0,744.0,3865,170079.31050624978,0.06306232718576443,7,time
042700,2020-07-10,2020-07-17,4250.0,4887.5,667,412341.57983937534,0.1452924843491259,5,target
178320,2020-07-09,2020-07-20,19099.0,20651.0,137,201273.97533020005,0.07683466670432537,7,time
010060,2020-07-09,2020-07-20,34766.0,36077.0,75,87349.2813937501,0.03346140176592871,7,time
009830,2020-07-10,2020-07-21,27390.0,31498.499999999996,103,410366.23857322475,0.1452924843491259,7,target
039490,2020-07-20,2020-07-21,103000.0,99910.0,26,-91078.13326300029,-0.03397068711421569,1,stop
001440,2020-07-21,2020-07-22,7102.0,6888.94,417,-100721.05612953892,-0.03397068711421558,1,stop
034020,2020-07-21,2020-07-22,5018.0,5770.7,590,430650.5787473498,0.14529248434912567,1,target
000150,2020-07-22,2020-07-23,49150.0,47675.5,63,-105309.51670732489,-0.03397068711421558,1,stop
010060,2020-07-22,2020-07-24,46090.0,44707.299999999996,67,-105023.15454075579,-0.0339706871142158,2,stop
042700,2020-07-23,2020-07-24,6050.0,5868.5,506,-104114.07369604986,-0.03397068711421558,1,stop
141080,2020-07-24,2020-07-27,59500.0,57715.0,49,-99155.45090674981,-0.03397068711421547,1,stop
353200,2020-07-17,2020-07-28,11750.0,13512.499999999998,260,444379.0550874998,0.1452924843491259,7,target
222800,2020-07-17,2020-07-28,14950.0,15500.0,204,99370.53842999972,0.0325452090976559,7,time
034020,2020-07-24,2020-07-28,7394.0,8503.099999999999,401,431286.819004945,0.1452924843491259,2,target
001440,2020-07-27,2020-07-28,9410.0,9127.699999999999,305,-97609.70738292579,-0.0339706871142158,1,stop
005380,2020-07-20,2020-07-29,119500.0,125000.0,23,114863.16897500027,0.041743209340664,7,time
298040,2020-07-28,2020-07-29,47950.0,46511.5,66,-107630.68272495037,-0.03397068711421569,1,stop
226950,2020-07-28,2020-07-29,29026.0,28155.219999999998,110,-108588.39752431074,-0.0339706871142158,1,stop
267260,2020-07-28,2020-07-29,10450.0,10136.5,306,-108753.00475545041,-0.03397068711421569,1,stop
058470,2020-07-28,2020-07-29,28612.0,27753.64,112,-108985.76754262391,-0.03397068711421558,1,stop
141080,2020-07-29,2020-07-30,63200.0,61304.0,48,-103172.0033855997,-0.03397068711421547,1,stop
095610,2020-07-29,2020-07-30,27350.0,26529.5,111,-103248.52534222556,-0.0339706871142158,1,stop
131970,2020-07-29,2020-07-30,41461.0,47680.149999999994,73,440255.7120189024,0.1452924843491259,1,target
128940,2020-07-29,2020-07-30,253340.0,245739.8,12,-103392.38662068034,-0.03397068711421569,1,stop
010130,2020-07-29,2020-07-31,433500.0,420495.0,7,-103202.61216824967,-0.03397068711421547,2,stop
034020,2020-07-30,2020-08-03,9176.0,8900.72,336,-104856.71078265551,-0.03397068711421547,2,stop
240810,2020-07-30,2020-08-03,38800.0,37636.0,79,-104246.71175420005,-0.03397068711421558,2,stop
000270,2020-07-30,2020-08-03,40300.0,39091.0,76,-104165.08833379997,-0.03397068711421558,2,stop
267260,2020-07-31,2020-08-03,12400.0,12028.0,241,-101634.76230139984,-0.03397068711421558,1,stop
222800,2020-08-03,2020-08-07,19650.0,19060.5,150,-100243.76317874948,-0.03397068711421536,4,stop
066970,2020-08-03,2020-08-07,39769.0,45734.35,74,428073.9075258053,0.1452924843491259,4,target
064350,2020-07-30,2020-08-10,17550.0,17023.5,175,-104452.47079312475,-0.03397068711421547,7,stop
011200,2020-08-03,2020-08-10,5920.0,6807.999999999999,498,428838.15222479915,0.14529248434912545,5,target
128940,2020-08-07,2020-08-10,337787.0,327653.39,9,-103392.48864995549,-0.03397068711421558,1,stop
067310,2020-08-07,2020-08-10,5072.0,4919.84,613,-105740.96450365568,-0.03397068711421547,1,stop
096770,2020-08-10,2020-08-11,188426.0,182773.22,16,-102533.16408193577,-0.03397068711421547,1,stop
051910,2020-08-10,2020-08-11,747000.0,724590.0,4,-101621.15839799959,-0.03397068711421547,1,stop
003670,2020-08-10,2020-08-11,89431.0,86748.06999999999,34,-103411.90822205879,-0.03397068711421547,1,stop
000880,2020-08-03,2020-08-12,25200.0,26150.0,117,98739.19136249973,0.03345060268218214,7,time
039490,2020-08-11,2020-08-12,119500.0,115915.0,25,-101604.15351874987,-0.03397068711421558,1,stop
003550,2020-08-11,2020-08-12,85019.0,82468.43,35,-101201.6480269027,-0.03397068711421569,1,stop
178320,2020-08-12,2020-08-13,22929.0,22241.13,129,-100595.45809139777,-0.03397068711421536,1,stop
000100,2020-08-12,2020-08-13,57849.0,56113.53,51,-100338.95649279142,-0.03397068711421558,1,stop
032830,2020-08-12,2020-08-13,57000.0,65550.0,52,431142.2321700002,0.1452924843491259,1,target
005380,2020-08-11,2020-08-14,171500.0,166355.0,17,-99155.45090675028,-0.03397068711421569,3,stop
086520,2020-08-13,2020-08-14,5718.0,5546.46,532,-103456.86912279623,-0.03397068711421569,1,stop
003490,2020-08-13,2020-08-14,15391.0,14929.27,197,-103118.50603547972,-0.03397068711421569,1,stop
071050,2020-08-10,2020-08-18,61700.0,59849.0,50,-104920.10497250035,-0.03397068711421569,5,stop
105560,2020-08-13,2020-08-18,40050.0,38848.5,75,-102156.81209437503,-0.03397068711421558,2,stop
028300,2020-08-14,2020-08-18,45801.0,44426.97,63,-98133.89979068516,-0.03397068711421547,1,stop
007660,2020-08-14,2020-08-18,4294.0,4165.18,678,-99013.69823332177,-0.03397068711421547,1,stop
028260,2020-08-14,2020-08-18,127500.0,123675.0,22,-95397.37259249948,-0.03397068711421536,1,stop
032830,2020-08-18,2020-08-19,64500.0,62565.0,44,-96519.69462299999,-0.03397068711421558,1,stop
090430,2020-08-18,2020-08-19,192500.0,186725.0,14,-91656.2991574998,-0.03397068711421547,1,stop
066570,2020-08-18,2020-08-19,88300.0,85651.0,32,-96097.97361759981,-0.03397068711421547,1,stop
000810,2020-08-18,2020-08-19,186500.0,180905.0,15,-95142.29940374987,-0.03397068711421558,1,stop
005380,2020-08-18,2020-08-19,163500.0,158595.0,17,-94530.12375074998,-0.03397068711421558,1,stop
064760,2020-08-20,2020-08-21,109000.0,105730.0,25,-92676.5919125001,-0.03397068711421558,1,stop
007660,2020-08-20,2020-08-21,4146.0,4021.62,670,-94472.98735647043,-0.03397068711421569,1,stop
000990,2020-08-20,2020-08-21,37900.0,36763.0,73,-94094.79884195002,-0.03397068711421558,1,stop
028300,2020-08-20,2020-08-21,40860.0,39634.2,68,-94495.43379708007,-0.03397068711421558,1,stop
010060,2020-08-25,2020-08-26,54036.0,52414.92,49,-90049.81420499412,-0.03397068711421558,1,stop
237690,2020-08-26,2020-08-27,65800.0,63826.0,40,-89513.68437199993,-0.03397068711421558,1,stop
078600,2020-08-26,2020-08-27,52500.0,50925.0,50,-89275.61606250005,-0.03397068711421558,1,stop
214450,2020-08-19,2020-08-28,68400.0,68200.0,40,-19189.09079999989,-0.007005499204037813,7,time
298380,2020-08-27,2020-08-28,34300.0,33271.0,75,-87490.10374125,-0.03397068711421558,1,stop
034220,2020-08-25,2020-08-31,14049.0,13627.529999999999,191,-91260.39155880176,-0.03397068711421569,4,stop
051910,2020-08-28,2020-08-31,767000.0,743990.0,3,-78256.45430849958,-0.03397068711421536,1,stop
034020,2020-08-31,2020-09-01,11969.0,13764.349999999999,215,374316.26046598796,0.14529248434912612,1,target
086280,2020-08-31,2020-09-02,72778.0,70594.66,35,-86630.67714395467,-0.03397068711421547,2,stop
009830,2020-08-28,2020-09-03,44138.0,50758.7,59,378797.4341321355,0.14529248434912612,4,target
298040,2020-09-02,2020-09-03,49400.0,56809.99999999999,50,359285.1934749996,0.14529248434912567,1,target
000250,2020-08-26,2020-09-04,58100.0,56357.0,45,-88918.51359824976,-0.03397068711421547,7,stop
178320,2020-08-27,2020-09-04,24430.0,28094.499999999996,105,373125.6737013743,0.14529248434912567,6,target
006260,2020-09-01,2020-09-04,45350.0,52152.49999999999,65,428778.513791875,0.1452924843491259,3,target
034020,2020-09-03,2020-09-04,14894.0,14447.18,195,-98775.56190430466,-0.03397068711421547,1,stop
272210,2020-09-03,2020-09-04,11444.0,11100.68,254,-98858.74977359595,-0.03397068711421558,1,stop
267260,2020-09-04,2020-09-07,12850.0,14777.499999999998,225,420560.0468156249,0.1452924843491259,1,target
067310,2020-09-04,2020-09-08,4778.0,5494.7,605,420478.5894438252,0.1452924843491259,2,target
298040,2020-09-07,2020-09-08,68600.0,66542.0,48,-111987.33278879989,-0.03397068711421558,1,stop
087010,2020-09-04,2020-09-09,20089.0,19486.329999999998,144,-98383.97354493616,-0.03397068711421569,3,stop
006260,2020-09-08,2020-09-09,64800.0,62856.0,50,-110191.61754,-0.03397068711421558,1,stop
032820,2020-09-08,2020-09-09,938.0,1078.6999999999998,3488,475906.5490043196,0.14529248434912567,1,target
267260,2020-09-09,2020-09-10,17150.0,19722.5,188,468990.81813849974,0.14529248434912567,1,target
012450,2020-09-04,2020-09-11,29030.0,28159.1,99,-97743.0256362455,-0.0339706871142158,5,stop
009830,2020-09-10,2020-09-11,58106.0,56362.82,63,-124498.77472626278,-0.03397068711421558,1,stop
010170,2020-09-09,2020-09-14,3777.0,3663.69,856,-109957.3583234516,-0.03397068711421547,3,stop
222800,2020-09-04,2020-09-15,19250.0,20000.0,150,100334.79187500011,0.034708060394467166,7,time
307950,2020-09-14,2020-09-15,53200.0,61179.99999999999,59,456568.56893899944,0.14529248434912567,1,target
067310,2020-09-11,2020-09-16,6148.0,5963.5599999999995,517,-108100.5615483867,-0.0339706871142158,3,stop
001440,2020-09-09,2020-09-17,7566.0,7339.0199999999995,427,-109874.71461029723,-0.03397068711421569,6,stop
080220,2020-09-16,2020-09-17,4545.0,4408.65,680,-105110.55962010054,-0.0339706871142158,1,stop
237690,2020-09-17,2020-09-18,75300.0,73041.0,40,-102437.39260199945,-0.03397068711421536,1,stop
267270,2020-09-17,2020-09-18,28600.0,27742.0,106,-103103.9838685994,-0.03397068711421536,1,stop
071050,2020-09-11,2020-09-21,79000.0,76630.0,40,-107470.83686000016,-0.03397068711421558,6,stop
141080,2020-09-18,2020-09-21,64000.0,62080.0,46,-100124.729024,-0.03397068711421558,1,stop
011200,2020-09-15,2020-09-22,7270.0,7051.9,453,-112004.67776563531,-0.03397068711421569,5,stop
226950,2020-09-15,2020-09-22,30878.0,29951.66,106,-111316.25223407801,-0.03397068711421558,5,stop
307950,2020-09-18,2020-09-22,59900.0,58103.0,49,-99822.04217335023,-0.03397068711421569,2,stop
237690,2020-09-21,2020-09-22,76700.0,74399.0,38,-99124.84212409984,-0.03397068711421558,1,stop
066970,2020-09-21,2020-09-22,44145.0,42820.65,67,-100591.172861828,-0.0339706871142158,1,stop
028300,2020-09-22,2020-09-23,53435.0,51831.95,55,-99952.12949961284,-0.03397068711421569,1,stop
043260,2020-09-24,2020-09-25,1115.0,1081.55,2654,-100642.0174507848,-0.03397068711421547,1,stop
032820,2020-09-25,2020-09-28,1260.0,1449.0,2333,427590.1089211502,0.1452924843491259,1,target
032820,2020-10-05,2020-10-06,1475.0,1430.75,2051,-102887.1716581625,-0.03397068711421558,1,stop
267270,2020-10-06,2020-10-07,30200.0,29294.0,99,-101682.37596330047,-0.03397068711421569,1,stop
226950,2020-10-05,2020-10-14,34031.0,33010.07,88,-101849.97605318762,-0.03397068711421547,6,stop
241560,2020-10-07,2020-10-15,28550.0,27693.5,104,-100981.77493820013,-0.03397068711421558,5,stop
357780,2020-10-14,2020-10-15,250900.0,243373.0,11,-93863.53248415049,-0.0339706871142158,1,stop
307950,2020-10-06,2020-10-16,66600.0,68000.0,45,50531.967450000346,0.016841479772040202,7,time
000270,2020-10-07,2020-10-16,49850.0,48354.5,59,-100027.8012122754,-0.03397068711421569,6,stop
086280,2020-10-15,2020-10-16,84783.0,97500.45,33,406972.52082060743,0.1452924843491259,1,target
095340,2020-10-15,2020-10-16,20900.0,20273.0,136,-96669.33756040037,-0.03397068711421569,1,stop
003490,2020-10-07,2020-10-19,15158.0,15934.0,196,139471.99232960027,0.04689103447276932,7,time
043260,2020-10-16,2020-10-19,1080.0,1047.6,2758,-101302.82705844007,-0.03397068711421558,1,stop
086280,2020-10-19,2020-10-20,92786.0,90002.42,32,-100980.14246979216,-0.03397068711421569,1,stop
086280,2020-10-22,2020-10-23,98287.0,95338.39,30,-100281.5140106855,-0.0339706871142158,1,stop
010170,2020-10-22,2020-10-23,3794.0,3680.18,781,-100774.79154796898,-0.03397068711421558,1,stop
145020,2020-10-23,2020-10-26,219900.0,213303.0,13,-97223.69662395027,-0.03397068711421569,1,stop
047050,2020-10-23,2020-10-26,15150.0,14695.5,189,-97381.84200097481,-0.03397068711421547,1,stop
214150,2020-10-16,2020-10-27,14400.0,14900.0,206,90539.45037000021,0.030486595217510626,7,time
034020,2020-10-21,2020-10-27,12885.0,12498.449999999999,230,-100789.61980267521,-0.03397068711421569,4,stop
241560,2020-10-22,2020-10-27,31150.0,30215.5,95,-100643.37784112431,-0.03397068711421536,3,stop
011200,2020-10-26,2020-11-04,8190.0,9828.0,338,540667.1106018,0.1950878097556097,7,target
011200,2020-11-06,2020-11-10,10300.0,12360.0,291,585409.2270869995,0.19508780975560946,2,target
043260,2020-11-06,2020-11-10,1275.0,1185.75,2356,-221963.68766235,-0.07380694743940264,2,stop
000270,2020-10-28,2020-11-11,52600.0,58100.0,54,284483.9018699997,0.10004121905578112,10,time
009830,2020-11-10,2020-11-13,62642.0,58257.06,50,-231436.62110164994,-0.07380694743940253,3,stop
003490,2020-11-11,2020-11-16,19307.0,23168.399999999998,163,614655.4697297895,0.19508780975560946,3,target
307950,2020-11-12,2020-11-18,71400.0,85680.0,44,613592.7761040004,0.1950878097556097,4,target
034020,2020-11-10,2020-11-19,15201.0,14136.929999999998,207,-232508.5699737561,-0.07380694743940275,7,stop
006400,2020-11-06,2020-11-20,483641.0,504202.0,6,111109.96558649978,0.038245420078111936,10,time
319660,2020-11-20,2020-11-25,19500.0,18135.0,154,-221897.18500949908,-0.0738069474394023,3,stop
000270,2020-11-13,2020-11-27,59000.0,58700.0,49,-26504.559864999726,-0.009157423267594833,10,time
009150,2020-11-16,2020-11-30,154500.0,156000.0,24,20697.744600000326,0.005575503354234623,10,time
058610,2020-11-19,2020-11-30,7900.0,7346.999999999999,369,-215402.09258115012,-0.07380694743940264,7,stop
226950,2020-11-25,2020-11-30,47644.0,57172.799999999996,58,539716.3308608797,0.19508780975560946,3,target
043260,2020-11-27,2020-11-30,1830.0,1775.1,1582,-98460.29144300986,-0.03397068711421558,1,stop
319400,2020-11-30,2020-12-01,3600.0,3492.0,870,-106518.56362200016,-0.03397068711421569,1,stop
096770,2020-11-30,2020-12-01,179078.0,173705.66,17,-103536.7920552711,-0.03397068711421558,1,stop
034020,2020-11-30,2020-12-01,16842.0,16336.74,185,-105966.58524154499,-0.03397068711421558,1,stop
042700,2020-11-18,2020-12-02,6300.0,6375.0,611,29914.704348749947,0.00776253798836124,10,time
000150,2020-12-01,2020-12-02,55000.0,53350.0,55,-102879.51946249977,-0.03397068711421547,1,stop
128940,2020-12-02,2020-12-03,341039.0,330807.83,10,-115986.54029081482,-0.03397068711421558,1,stop
003670,2020-12-01,2020-12-04,82063.0,94372.45,37,441663.46995511744,0.1452924843491259,3,target
319400,2020-12-03,2020-12-04,3580.0,3472.6,949,-115545.4337230702,-0.03397068711421569,1,stop
036930,2020-12-03,2020-12-04,8660.0,8400.199999999999,392,-115453.60737512028,-0.03397068711421569,1,stop
068270,2020-12-01,2020-12-07,295520.0,339848.0,10,429862.1877559996,0.14529248434912567,4,target
307950,2020-12-04,2020-12-07,95000.0,92150.0,35,-113082.4470124999,-0.03397068711421558,1,stop
047040,2020-12-07,2020-12-08,4100.0,3977.0,820,-114340.80807699962,-0.03397068711421547,1,stop
066970,2020-11-30,2020-12-09,48954.0,52705.0,63,222977.07064395025,0.07221580485710066,7,time
237690,2020-12-07,2020-12-09,111000.0,107670.0,30,-113252.49580499995,-0.03397068711421558,2,stop
028300,2020-12-08,2020-12-09,48495.0,47040.15,67,-110503.31697665248,-0.03397068711421558,1,stop
036930,2020-12-09,2020-12-10,8830.0,8565.1,366,-109912.05732512986,-0.03397068711421558,1,stop
141080,2020-12-04,2020-12-11,60700.0,69805.0,55,485616.84956125077,0.14529248434912612,5,target
000660,2020-12-04,2020-12-15,116000.0,117500.0,28,28565.228300000075,0.008784609527903164,7,time
307950,2020-12-15,2020-12-16,112000.0,128799.99999999999,29,472452.7564399992,0.14529248434912567,1,target
000250,2020-12-09,2020-12-17,66900.0,64893.0,48,-109212.13649519999,-0.03397068711421558,6,stop
095340,2020-12-11,2020-12-17,23400.0,26909.999999999996,163,554811.9777134983,0.14529248434912545,4,target
263750,2020-12-09,2020-12-18,47900.0,53740.0,67,376974.13373599993,0.11732809492460783,7,time
066970,2020-12-17,2020-12-18,70017.0,67916.49,53,-126206.8468274083,-0.03397068711421558,1,stop
001440,2020-12-17,2020-12-18,13398.0,12996.06,279,-127129.90568285715,-0.03397068711421558,1,stop
047040,2020-12-10,2020-12-21,4260.0,4610.0,743,246311.8189214999,0.077729812788216,7,time
272210,2020-12-16,2020-12-21,13501.0,13095.97,278,-127648.07836336317,-0.03397068711421558,3,stop
042700,2020-12-18,2020-12-21,8400.0,8148.0,429,-122557.56573060015,-0.03397068711421558,1,stop
319660,2020-12-18,2020-12-21,21100.0,20467.0,170,-121993.00373949995,-0.03397068711421558,1,stop
010060,2020-12-18,2020-12-22,61188.0,70366.2,58,516222.12966161966,0.14529248434912567,2,target
066970,2020-12-21,2020-12-22,66651.0,64651.47,52,-117872.78951674141,-0.03397068711421547,1,stop
015760,2020-12-21,2020-12-22,28600.0,27742.0,122,-118666.8493582001,-0.03397068711421558,1,stop
357780,2020-12-21,2020-12-22,275700.0,267429.0,12,-112517.8850213997,-0.03397068711421547,1,stop
000250,2020-12-22,2020-12-23,91100.0,88367.0,39,-120833.27097465005,-0.03397068711421558,1,stop
000100,2020-12-22,2020-12-23,66821.0,64816.369999999995,53,-120446.00185461063,-0.03397068711421558,1,stop
042700,2020-12-23,2020-12-24,8650.0,8390.5,404,-118850.50205409946,-0.03397068711421547,1,stop
000990,2020-12-23,2020-12-24,39450.0,45367.5,88,504977.5213230001,0.1452924843491259,1,target
066570,2020-12-24,2020-12-28,125000.0,121250.0,28,-119034.15474999975,-0.03397068711421547,1,stop
319400,2020-12-24,2020-12-28,4455.0,5123.25,807,522954.1450621132,0.14529248434912612,1,target
011070,2020-12-24,2020-12-28,184500.0,178965.0,19,-119221.20842175,-0.03397068711421558,1,stop
000990,2020-12-28,2020-12-29,43300.0,49794.99999999999,85,535364.0301962504,0.1452924843491259,1,target
010060,2020-12-24,2021-01-04,66195.0,76124.25,54,519949.677179025,0.1452924843491259,4,target
003550,2020-12-29,2021-01-04,82185.0,94512.74999999999,47,561866.040651788,0.1452924843491259,2,target
218410,2020-12-22,2021-01-05,41466.0,44637.0,85,254295.84064125037,0.07206575998129283,7,time
000250,2020-12-29,2021-01-05,79800.0,77406.0,48,-130270.9789583995,-0.03397068711421547,3,stop
067310,2021-01-04,2021-01-05,7841.0,7605.7699999999995,552,-147202.12505197292,-0.0339706871142158,1,stop
064760,2020-12-29,2021-01-06,122300.0,118631.0,31,-128941.19740105001,-0.03397068711421558,4,stop
096770,2021-01-05,2021-01-06,224832.0,258556.8,17,555967.5087163202,0.1452924843491259,1,target
011200,2021-01-05,2021-01-06,16300.0,15811.0,238,-131937.45712490007,-0.03397068711421558,1,stop
319400,2021-01-04,2021-01-07,5920.0,6807.999999999999,732,630340.4165231995,0.14529248434912567,3,target
047040,2021-01-06,2021-01-08,5900.0,5723.0,670,-134440.5753504997,-0.03397068711421547,2,stop
058610,2021-01-05,2021-01-11,9330.0,9050.1,416,-132001.39547087997,-0.03397068711421558,4,stop
064350,2021-01-06,2021-01-11,21850.0,21194.5,181,-134503.4934037258,-0.0339706871142158,3,stop
003670,2021-01-07,2021-01-11,126494.0,122699.18,43,-184987.30684305727,-0.03397068711421558,2,stop
096770,2021-01-08,2021-01-11,265666.0,305515.89999999997,14,541011.3534154692,0.14529248434912567,1,target
012330,2021-01-11,2021-01-12,368500.0,357445.0,11,-137858.55607974995,-0.03397068711421558,1,stop
018260,2021-01-11,2021-01-12,223000.0,216310.0,19,-144099.3467644998,-0.03397068711421558,1,stop
267260,2021-01-11,2021-01-12,20400.0,19788.0,211,-146391.60448739957,-0.03397068711421547,1,stop
039490,2021-01-12,2021-01-13,162500.0,157625.0,26,-143691.22966249986,-0.03397068711421558,1,stop
086520,2021-01-12,2021-01-13,8060.0,7818.2,527,-144460.53039976954,-0.03397068711421547,1,stop
005380,2021-01-11,2021-01-14,256500.0,248805.0,16,-139576.0488839997,-0.03397068711421547,3,stop
353200,2021-01-13,2021-01-14,16000.0,15520.0,256,-139303.9708159999,-0.03397068711421558,1,stop
000990,2021-01-13,2021-01-14,61300.0,59461.0,67,-139681.47913535032,-0.03397068711421569,1,stop
006400,2021-01-06,2021-01-15,678469.0,721547.0,5,200852.51123149972,0.05913955275987903,7,time
086790,2021-01-14,2021-01-15,39900.0,38703.0,99,-134341.9470508499,-0.03397068711421558,1,stop
012330,2021-01-14,2021-01-18,328500.0,318645.0,12,-134066.46800700016,-0.03397068711421558,2,stop
000270,2021-01-14,2021-01-18,71200.0,69064.0,55,-133182.214286,-0.03397068711421558,2,stop
100790,2021-01-15,2021-01-18,5948.0,5769.5599999999995,630,-127442.72744153999,-0.03397068711421558,1,stop
003490,2021-01-15,2021-01-18,26053.0,25271.41,143,-126706.04206267139,-0.03397068711421558,1,stop
064760,2021-01-18,2021-01-19,133100.0,129107.0,27,-122220.86912145,-0.03397068711421558,1,stop
012450,2021-01-19,2021-01-20,40490.0,39275.299999999996,90,-123934.96094985073,-0.0339706871142158,1,stop
145020,2021-01-19,2021-01-20,226100.0,219317.0,16,-123033.70234959992,-0.03397068711421558,1,stop
080220,2021-01-12,2021-01-21,4275.0,4916.25,993,617486.8796319375,0.1452924843491259,7,target
000270,2021-01-20,2021-01-21,96000.0,93120.0,36,-117537.7253759997,-0.03397068711421547,1,stop
036930,2021-01-18,2021-01-27,9350.0,10450.0,396,419141.8340999996,0.11307197967434224,7,time
042700,2021-01-19,2021-01-28,10050.0,9748.5,365,-124756.29661762482,-0.03397068711421558,7,stop
066570,2021-01-21,2021-01-28,168500.0,163445.0,24,-137535.46337400004,-0.03397068711421558,5,stop
079550,2021-01-21,2021-01-28,39750.0,38557.5,104,-140596.34163900046,-0.03397068711421569,5,stop
080220,2021-01-27,2021-01-28,6450.0,6256.5,657,-144121.4531075256,-0.03397068711421569,1,stop
100790,2021-01-20,2021-01-29,5671.0,5500.87,625,-120543.33778343769,-0.03397068711421569,7,stop
352820,2021-01-28,2021-01-29,210870.0,204543.9,18,-129089.47994810995,-0.03397068711421558,1,stop
128940,2021-01-28,2021-01-29,380434.0,369020.98,10,-129384.68465188984,-0.03397068711421558,1,stop
035420,2021-01-29,2021-02-01,362000.0,351140.0,10,-123115.32577000046,-0.03397068711421569,1,stop
226950,2021-01-28,2021-02-03,47000.0,54049.99999999999,82,560601.2694949997,0.14529248434912567,4,target
068270,2021-02-02,2021-02-03,321809.0,312154.73,11,-120391.11010439182,-0.03397068711421569,1,stop
047050,2021-02-02,2021-02-04,18600.0,21390.0,195,527581.9419975001,0.1452924843491259,2,target
096770,2021-02-02,2021-02-04,318799.0,309235.02999999997,11,-119265.0470004566,-0.03397068711421558,2,stop
263750,2021-01-28,2021-02-05,61960.0,71254.0,62,558785.9337806003,0.1452924843491259,6,target
298040,2021-02-05,2021-02-08,86300.0,83711.0,46,-135011.93929329934,-0.03397068711421547,1,stop
272210,2021-02-05,2021-02-08,17479.0,16954.63,230,-136725.0108289444,-0.03397068711421547,1,stop
079550,2021-02-05,2021-02-09,43600.0,42292.0,92,-136419.94329520036,-0.03397068711421569,2,stop
263750,2021-02-08,2021-02-09,78600.0,76242.0,49,-130985.18388689961,-0.03397068711421547,1,stop
047810,2021-02-05,2021-02-10,38800.0,37636.0,103,-135916.5988694001,-0.03397068711421558,3,stop
032820,2021-02-09,2021-02-10,1325.0,1285.25,2889,-130186.80480611231,-0.03397068711421558,1,stop
298040,2021-02-10,2021-02-15,88300.0,85651.0,42,-126128.59037309978,-0.03397068711421558,1,stop
352820,2021-02-03,2021-02-16,229185.0,245520.0,17,260909.1598162502,0.06688904542617413,7,time
047050,2021-02-08,2021-02-16,21800.0,21146.0,179,-132712.87961870013,-0.03397068711421558,4,stop
047810,2021-02-15,2021-02-16,40150.0,38945.5,91,-124259.75414352491,-0.03397068711421558,1,stop
353200,2021-02-10,2021-02-17,16300.0,15811.0,232,-128611.30274359975,-0.03397068711421547,3,stop
080220,2021-02-16,2021-02-17,6970.0,6760.9,548,-129902.31317625986,-0.03397068711421558,1,stop
064760,2021-02-16,2021-02-17,185600.0,180032.0,20,-126244.22355199978,-0.03397068711421558,1,stop
319400,2021-02-16,2021-02-17,6150.0,5965.5,621,-129888.36917527532,-0.03397068711421569,1,stop
095610,2021-02-17,2021-02-18,33050.0,32058.5,111,-124766.49954517512,-0.03397068711421558,1,stop
357780,2021-02-17,2021-02-18,312600.0,303222.0,11,-116945.95557809994,-0.03397068711421558,1,stop
035720,2021-02-17,2021-02-19,103367.0,100265.98999999999,35,-123042.03474043263,-0.03397068711421558,2,stop
222800,2021-02-18,2021-02-19,25400.0,24638.0,141,-121802.5490918993,-0.03397068711421536,1,stop
010950,2021-02-09,2021-02-22,81000.0,86600.0,47,246822.22583999997,0.06475930375345462,7,time
003670,2021-02-18,2021-02-22,154605.0,177795.75,23,517241.94686463755,0.1452924843491259,2,target
272210,2021-02-19,2021-02-22,19581.0,18993.57,179,-119204.16953274142,-0.03397068711421558,1,stop
010060,2021-02-19,2021-02-22,100126.0,97122.22,35,-119184.1377849849,-0.03397068711421558,1,stop
042700,2021-02-22,2021-02-23,12175.0,11809.75,306,-126705.05577967502,-0.03397068711421558,1,stop
043260,2021-02-22,2021-02-23,1980.0,1920.6,1882,-126732.60368405981,-0.03397068711421558,1,stop
087010,2021-02-22,2021-02-23,15020.0,14569.4,248,-126684.99002215965,-0.03397068711421547,1,stop
178320,2021-02-22,2021-02-23,23104.0,22410.88,161,-126507.59512182372,-0.03397068711421547,1,stop
267270,2021-02-23,2021-02-24,38750.0,37587.5,92,-121244.78905249992,-0.03397068711421558,1,stop
003670,2021-02-24,2021-02-25,167205.0,162188.85,21,-119418.63506984245,-0.03397068711421558,1,stop
138040,2021-02-17,2021-02-26,11050.0,12250.0,333,383342.0175900003,0.10405925109398328,7,time
011200,2021-02-23,2021-03-02,17100.0,19665.0,210,522345.39666749956,0.14529248434912567,4,target
000660,2021-02-26,2021-03-05,143500.0,139195.0,25,-122010.00861875014,-0.03397068711421558,4,stop
141080,2021-03-04,2021-03-05,57400.0,55678.0,66,-128842.56910139974,-0.03397068711421547,1,stop
086520,2021-03-05,2021-03-08,8968.0,8698.96,406,-123829.8027765681,-0.03397068711421558,1,stop
011200,2021-03-04,2021-03-09,20150.0,23172.5,188,551030.0283085005,0.1452924843491259,3,target
010060,2021-03-05,2021-03-09,100126.0,97122.22,36,-122589.3988645561,-0.03397068711421558,2,stop
098460,2021-03-04,2021-03-10,22439.0,21765.829999999998,168,-128208.3551248922,-0.03397068711421569,4,stop
105560,2021-03-09,2021-03-10,51900.0,50343.0,73,-128852.77202895004,-0.03397068711421558,1,stop
319400,2021-03-12,2021-03-15,6200.0,6014.0,602,-126938.02262540022,-0.03397068711421569,1,stop
005490,2021-03-05,2021-03-16,299500.0,306000.0,12,63041.12130000023,0.01752050580193809,7,time
100790,2021-03-15,2021-03-16,8064.0,7822.08,456,-125060.1398000638,-0.03397068711421558,1,stop
047040,2021-03-16,2021-03-17,6400.0,6208.0,564,-122761.62428159965,-0.03397068711421547,1,stop
010120,2021-03-16,2021-03-17,12360.0,11989.199999999999,292,-122745.29959752038,-0.03397068711421569,1,stop
105560,2021-03-12,2021-03-18,51100.0,49567.0,73,-126866.60213255044,-0.03397068711421569,4,stop
005290,2021-03-17,2021-03-19,33250.0,32252.5,104,-117605.744893,-0.03397068711421558,2,stop
237690,2021-03-17,2021-03-22,85000.0,82450.0,41,-118524.00837249961,-0.03397068711421547,3,stop
267270,2021-03-12,2021-03-23,46100.0,48350.0,81,166409.62926749978,0.04451365874337898,7,time
087010,2021-03-22,2021-03-23,16571.0,16073.869999999999,205,-115533.02016121801,-0.03397068711421569,1,stop
196170,2021-03-15,2021-03-24,83412.0,83162.0,44,-26008.490019599907,-0.007078393647436787,7,time
042700,2021-03-23,2021-03-24,13225.0,12828.25,271,-121890.12422003783,-0.03397068711421569,1,stop
100790,2021-03-18,2021-03-26,7911.0,9097.65,459,528185.453846782,0.14529248434912567,6,target
011200,2021-03-23,2021-03-26,27350.0,31452.499999999996,131,521159.9009886249,0.1452924843491259,3,target
214450,2021-03-25,2021-03-26,70300.0,68191.0,51,-121935.18715005042,-0.03397068711421569,1,stop
039030,2021-03-19,2021-03-30,114100.0,120100.0,29,159926.50532,0.048276701370499,7,time
011200,2021-03-29,2021-03-30,32600.0,31622.0,120,-133046.17525200034,-0.03397068711421569,1,stop
001440,2021-03-26,2021-03-31,9411.0,9128.67,417,-133467.4541305392,-0.03397068711421547,3,stop
090430,2021-03-24,2021-04-02,249500.0,258500.0,14,111313.53310000012,0.03183099138886125,7,time
009540,2021-03-30,2021-04-02,136500.0,126944.99999999999,26,-262242.12773850095,-0.07380694743940286,3,stop
241560,2021-03-29,2021-04-07,40550.0,40900.0,96,17547.472559999675,0.0045024952528653905,7,time
064760,2021-04-02,2021-04-08,201200.0,187116.0,17,-252739.63756459998,-0.07380694743940253,4,stop
031980,2021-04-07,2021-04-09,11000.0,10230.0,361,-293424.4827414998,-0.07380694743940253,2,stop
043260,2021-04-08,2021-04-12,2065.0,1920.4499999999998,1535,-234220.4960417878,-0.07380694743940264,2,stop
010140,2021-03-30,2021-04-13,7211.0,7183.0,505,-29022.135274,-0.007960553613166943,10,time
017670,2021-04-01,2021-04-15,47965.0,51847.0,81,297592.82605890045,0.07650921978524439,10,time
240810,2021-04-02,2021-04-16,55100.0,55900.0,62,35453.505879999604,0.010366130752246905,10,time
047040,2021-04-09,2021-04-23,7000.0,7090.0,525,32049.81963749975,0.008711020377056178,10,time
000720,2021-04-12,2021-04-26,44951.0,50011.0,65,315956.2041220004,0.1080127333779708,10,time
066970,2021-04-13,2021-04-27,92330.0,90696.0,39,-78295.21799969953,-0.021718437546528913,10,time
010060,2021-04-23,2021-04-28,112841.0,104942.12999999999,32,-266816.919119888,-0.07380694743940253,3,stop
036930,2021-04-15,2021-04-29,12800.0,14000.0,329,376377.77002000064,0.08927274326683188,10,time
067310,2021-04-26,2021-04-29,10647.0,9901.71,313,-246245.35794645175,-0.07380694743940264,3,stop
028050,2021-04-16,2021-04-30,14800.0,17760.0,233,673514.5559960008,0.1950878097556099,10,target
042660,2021-04-27,2021-04-30,27674.0,33208.799999999996,127,686443.8323496198,0.19508780975560946,3,target
047040,2021-04-30,2021-05-04,7610.0,7077.299999999999,547,-307587.3310434553,-0.07380694743940264,2,stop
267260,2021-04-30,2021-05-04,22200.0,20646.0,187,-306754.57004609983,-0.07380694743940253,2,stop
267250,2021-04-28,2021-05-07,65100.0,78120.0,51,648456.0020190007,0.1950878097556099,6,target
000150,2021-04-29,2021-05-14,61100.0,68500.0,63,449050.4178299997,0.11652366296043715,10,time
000720,2021-04-29,2021-05-14,51372.0,50497.0,75,-81221.48899875022,-0.021056393735416568,10,time
028050,2021-05-04,2021-05-20,17850.0,19750.0,216,393389.1003599996,0.10191336333675483,10,time
010950,2021-05-04,2021-05-20,90900.0,96600.0,42,223048.12887000013,0.05835609114770701,10,time
267260,2021-05-07,2021-05-21,23400.0,21762.0,171,-295670.79457109934,-0.07380694743940241,9,stop
030200,2021-05-14,2021-05-31,31700.0,34200.0,127,300065.05074500106,0.07444803085283547,10,time
000810,2021-05-14,2021-05-31,217500.0,211500.0,18,-123726.0636,-0.03156677485321291,10,time
001440,2021-05-31,2021-06-01,15025.0,18030.0,271,795267.2924372503,0.1950878097556097,1,target
047040,2021-05-20,2021-06-02,7660.0,9192.0,550,822850.2564699985,0.19508780975560924,9,target
034020,2021-05-31,2021-06-02,17856.0,21427.2,228,795148.7379379198,0.19508780975560946,2,target
214450,2021-05-20,2021-06-03,78500.0,85000.0,53,326433.83567499975,0.07837010434423375,10,time
079550,2021-06-02,2021-06-04,46400.0,43152.0,106,-363429.60864160024,-0.07380694743940264,2,stop
001440,2021-06-04,2021-06-07,22473.0,26967.6,204,895407.1725574797,0.19508780975560946,1,target
032820,2021-06-07,2021-06-08,1940.0,2328.0,2834,1073818.6081324005,0.1950878097556097,1,target
003490,2021-05-26,2021-06-09,31350.0,34000.0,119,299131.38260250026,0.08008999286790885,10,time
241560,2021-06-03,2021-06-09,54500.0,50685.0,84,-338276.8274969999,-0.07380694743940253,4,stop
034020,2021-06-08,2021-06-09,30789.0,29865.329999999998,213,-223037.93479923438,-0.03397068711421558,1,stop
001440,2021-06-09,2021-06-10,28351.0,27500.469999999998,171,-164880.02341292985,-0.033970687114215914,1,stop
000150,2021-06-09,2021-06-10,99000.0,96030.0,49,-164981.33848349936,-0.03397068711421547,1,stop
032820,2021-06-10,2021-06-11,2395.0,2323.15,1966,-160137.3285803441,-0.03397068711421536,1,stop
145020,2021-06-10,2021-06-11,242500.0,235225.0,19,-156699.96228875034,-0.03397068711421569,1,stop
180640,2021-06-11,2021-06-14,78700.0,76339.0,57,-152564.37565515097,-0.0339706871142158,1,stop
035720,2021-06-02,2021-06-16,128000.0,143000.0,38,548385.9666999998,0.11261430205112077,10,time
010950,2021-06-02,2021-06-16,101000.0,104500.0,48,147636.6540000001,0.030418119797534615,10,time
064350,2021-06-11,2021-06-16,24650.0,23910.5,184,-154254.66065260023,-0.03397068711421558,3,stop
145020,2021-06-16,2021-06-17,249000.0,241530.0,19,-160900.16746349912,-0.03397068711421536,1,stop
010140,2021-06-09,2021-06-18,6663.0,6463.11,731,-165649.7322673006,-0.03397068711421558,7,stop
064760,2021-06-18,2021-06-21,202100.0,196037.0,23,-158087.56043554936,-0.03397068711421547,1,stop
307950,2021-06-14,2021-06-23,124000.0,134000.0,35,331181.99450000003,0.07622154910787415,7,time
007660,2021-06-16,2021-06-23,3657.0,3547.29,1354,-168401.97197391372,-0.03397068711421569,5,stop
352820,2021-06-17,2021-06-23,292000.0,335800.0,16,679587.2161600003,0.1452924843491259,4,target
001440,2021-06-23,2021-06-24,32547.0,31570.59,151,-167144.25709482282,-0.03397068711421525,1,stop
214150,2021-06-16,2021-06-25,17950.0,17900.0,275,-33939.204062499106,-0.006867604706340957,7,time
035720,2021-06-21,2021-06-25,155500.0,150835.0,30,-158655.52340249997,-0.03397068711421558,4,stop
095340,2021-06-23,2021-06-25,24500.0,23765.0,201,-167481.05573324952,-0.03397068711421547,2,stop
028050,2021-06-24,2021-06-25,26500.0,25705.0,180,-162226.54804500006,-0.03397068711421558,1,stop
307950,2021-06-25,2021-06-28,143000.0,138710.0,32,-155628.65489599947,-0.03397068711421547,1,stop
298380,2021-06-25,2021-06-29,22300.0,21631.0,210,-159267.69905550033,-0.03397068711421569,2,stop
039490,2021-06-29,2021-06-30,135000.0,130950.0,34,-156104.79151499923,-0.03397068711421547,1,stop
005830,2021-06-29,2021-07-01,55600.0,53932.0,82,-155057.29095319938,-0.03397068711421547,2,stop
263750,2021-06-30,2021-07-01,74500.0,85675.0,60,650204.3784750011,0.14529248434912612,1,target
043260,2021-06-23,2021-07-02,1800.0,1870.0,2746,171396.74286899995,0.03463620566805092,7,time
010170,2021-06-25,2021-07-06,3112.0,3138.0,1510,19886.325973000377,0.004227063788855734,7,time
263750,2021-07-05,2021-07-06,83800.0,77934.0,58,-359143.88212459907,-0.07380694743940241,1,stop
277810,2021-06-29,2021-07-07,23450.0,22746.5,195,-155518.12318087462,-0.03397068711421547,6,stop
032820,2021-07-06,2021-07-07,3070.0,2855.1,1513,-343220.9302772153,-0.07380694743940264,1,stop
058470,2021-07-02,2021-07-16,36081.0,37303.0,135,144521.59437449928,0.02963610966329222,10,time
010950,2021-07-07,2021-07-16,106500.0,99045.0,41,-322648.7040772494,-0.07380694743940241,7,stop
000720,2021-07-05,2021-07-19,58572.0,56043.0,83,-229211.48461185023,-0.047094372138370644,10,time
012450,2021-07-06,2021-07-20,54496.0,52562.0,85,-182888.88817249984,-0.03943706179697659,10,time
047050,2021-07-07,2021-07-21,23950.0,23450.0,182,-108595.37143000029,-0.02488485947219754,10,time
078600,2021-07-20,2021-07-21,61700.0,57380.99999999999,72,-328257.09446760034,-0.07380694743940264,1,stop
032820,2021-07-16,2021-07-22,3065.0,2850.45,1479,-334961.6702524284,-0.07380694743940275,4,stop
086520,2021-07-19,2021-07-26,11249.0,13498.8,412,905191.5320277195,0.19508780975560946,5,target
067310,2021-07-16,2021-07-28,11881.0,11049.33,381,-334483.29450292606,-0.07380694743940253,8,stop
042700,2021-07-23,2021-07-29,19825.0,18437.25,215,-314954.7166016861,-0.0738069474394023,4,stop
222800,2021-07-29,2021-07-30,26250.0,24412.5,150,-290949.10621874966,-0.07380694743940253,1,stop
047050,2021-07-26,2021-08-02,27200.0,25296.0,203,-408001.16441840027,-0.07380694743940264,5,stop
010130,2021-07-22,2021-08-05,517000.0,525000.0,8,46861.16960000014,0.011317053710017788,10,time
030200,2021-07-22,2021-08-05,34250.0,33400.0,122,-120518.61591500044,-0.028809419809310066,10,time
086520,2021-07-30,2021-08-09,13734.0,16480.8,266,713523.0862443596,0.19508780975560946,6,target
012450,2021-08-05,2021-08-10,56228.0,52292.03999999999,73,-303299.6833387064,-0.07380694743940264,3,stop
138040,2021-07-28,2021-08-11,23250.0,24450.0,181,199313.4333899999,0.04730813435572245,10,time
353200,2021-08-10,2021-08-11,17450.0,16228.499999999998,217,-279802.522682725,-0.07380694743940253,1,stop
095340,2021-08-06,2021-08-12,29000.0,26970.0,144,-308572.3092240002,-0.07380694743940264,4,stop
005830,2021-08-02,2021-08-17,58300.0,62700.0,87,360885.00624,0.07106926346021614,10,time
086520,2021-08-12,2021-08-17,18985.0,17656.05,268,-375960.18627527077,-0.07380694743940275,2,stop
222800,2021-08-09,2021-08-24,30800.0,31400.0,142,67024.93862000015,0.015307284262070953,10,time
006400,2021-08-11,2021-08-26,785184.0,748960.0,5,-196675.25452800002,-0.0500390503005651,10,time
207940,2021-08-11,2021-08-26,1391974.0,1387610.0,2,-20111.44511320023,-0.0072157743278123965,10,time
016360,2021-08-17,2021-08-31,47000.0,49450.0,107,240767.3208925007,0.04782078355345565,10,time
000810,2021-08-18,2021-09-01,230500.0,227000.0,22,-97554.9723500004,-0.019215716505700087,10,time
138040,2021-08-26,2021-09-02,25950.0,31140.0,125,633543.9163125004,0.1950878097556097,5,target
086520,2021-09-01,2021-09-02,20555.0,19116.149999999998,242,-367560.90122031607,-0.07380694743940275,1,stop
079550,2021-08-24,2021-09-07,49550.0,52000.0,90,201574.03207500093,0.04514911044890191,10,time
078600,2021-09-06,2021-09-08,70000.0,84000.0,61,833983.0513000004,0.1950878097556097,2,target
353200,2021-08-26,2021-09-09,18900.0,17850.0,172,-193390.01072999975,-0.059421631210862746,10,time
067310,2021-08-31,2021-09-10,12155.0,14586.0,435,1032698.5562107489,0.19508780975560924,8,target
138040,2021-09-09,2021-09-14,37300.0,34689.0,106,-292153.5431536995,-0.07380694743940241,3,stop
247540,2021-09-10,2021-09-14,90778.0,108933.59999999999,56,992882.7990939198,0.19508780975560946,2,target
067310,2021-09-13,2021-09-15,14278.0,13278.539999999999,368,-388250.1720892964,-0.07380694743940264,2,stop
028300,2021-09-02,2021-09-16,55880.0,60097.0,75,298167.0492862491,0.07106287435699787,10,time
058470,2021-09-14,2021-09-23,41147.0,38266.71,118,-358770.4327829303,-0.07380694743940286,4,stop
066970,2021-09-14,2021-09-24,150400.0,180480.0,32,939998.5080319997,0.19508780975560946,5,target
267260,2021-09-08,2021-09-27,26500.0,26200.0,184,-75020.0908399988,-0.01536790516990627,10,time
000810,2021-09-15,2021-10-05,232500.0,240000.0,21,137026.22062500007,0.028032524520954505,10,time
028050,2021-09-23,2021-10-05,27000.0,25110.0,167,-333178.2907785,-0.07380694743940253,7,stop
247540,2021-09-16,2021-10-06,110001.0,102300.93,41,-333255.2121802964,-0.07380694743940253,10,stop
003490,2021-09-24,2021-10-06,34450.0,32038.499999999996,167,-425110.8191599762,-0.07380694743940275,7,stop
028300,2021-10-05,2021-10-06,49509.0,48023.729999999996,93,-156592.38942261413,-0.03397068711421547,1,stop
078600,2021-09-27,2021-10-07,97800.0,90954.0,49,-354104.45887530036,-0.07380694743940264,7,stop
028300,2021-10-08,2021-10-12,45834.0,44458.979999999996,100,-155880.327108901,-0.0339706871142158,1,stop
028300,2021-10-15,2021-10-18,46550.0,45153.5,98,-155149.1173011493,-0.03397068711421547,1,stop
000150,2021-11-30,2021-12-01,110500.0,107185.0,41,-154081.21088424884,-0.03397068711421536,1,stop
086520,2021-12-03,2021-12-07,22405.0,21732.85,201,-153159.71647769213,-0.03397068711421547,2,stop
352820,2021-12-03,2021-12-08,333500.0,341000.0,13,79444.81902500056,0.018303206213550416,3,time
000150,2021-12-03,2021-12-08,110500.0,114500.0,40,141414.26800000016,0.03195742245111077,3,time
066970,2021-12-07,2021-12-10,203000.0,205900.0,22,45309.35321000032,0.010133743960098585,3,time
277810,2022-01-18,2022-01-21,22000.0,23100.0,206,207358.9294700008,0.04570183353615853,3,time
108490,2022-01-25,2022-01-26,23079.0,22386.63,198,-155412.42085145693,-0.03397068711421558,1,stop
277810,2022-01-26,2022-01-27,21800.0,21146.0,208,-154213.84894239902,-0.03397068711421536,1,stop
319400,2022-01-27,2022-01-28,3365.0,3264.0499999999997,1338,-153124.5163776446,-0.03397068711421547,1,stop
058610,2022-01-26,2022-02-03,11300.0,12430.000000000002,402,434304.33548700064,0.09549715894264232,3,target
108490,2022-01-28,2022-02-03,21716.0,23887.600000000002,205,425621.3082011007,0.09549715894264232,1,target
138040,2022-02-03,2022-02-04,44450.0,48895.00000000001,105,446221.74741375167,0.09549715894264255,1,target
319400,2022-02-03,2022-02-04,3350.0,3685.0000000000005,1402,449037.3734165011,0.09549715894264232,1,target
031980,2022-01-28,2022-02-07,14450.0,14016.5,309,-151855.27219042554,-0.03397068711421569,3,stop
138040,2022-02-11,2022-02-15,41550.0,40303.5,115,-162507.12855262402,-0.03397068711421536,2,stop
298380,2022-02-14,2022-02-15,23800.0,26180.000000000004,201,457364.74268099945,0.0954971589426421,1,target
298380,2022-02-18,2022-02-23,24500.0,26050.0,198,286114.8752550017,0.05891283823583815,3,time
032820,2022-04-11,2022-04-12,2215.0,2148.5499999999997,2220,-167236.18547205068,-0.03397068711421569,1,stop
214370,2022-05-09,2022-05-10,20820.0,20195.399999999998,234,-165691.46224098,-0.03397068711421558,1,stop
329180,2022-05-12,2022-05-13,124500.0,120765.0,38,-160900.16746349912,-0.03397068711421536,1,stop
214370,2022-05-13,2022-05-17,18400.0,20240.0,261,459143.03278800007,0.0954971589426421,2,target
028300,2022-06-09,2022-06-10,34486.0,33451.42,142,-166546.19549160264,-0.03397068711421569,1,stop
028300,2022-06-13,2022-06-15,32334.0,31363.98,150,-164950.72970085032,-0.03397068711421569,2,stop
257720,2022-07-27,2022-07-28,4050.0,3928.5,1196,-164736.4682222996,-0.03397068711421547,1,stop
214370,2022-08-30,2022-09-02,23940.0,26334.000000000004,200,457766.29206000175,0.09549715894264255,3,target
277810,2022-09-08,2022-09-13,27600.0,30360.000000000004,177,467059.29197400063,0.09549715894264232,1,target
000150,2022-09-08,2022-09-14,73000.0,70810.0,67,-166341.72882349882,-0.03397068711421536,2,stop
298040,2022-09-19,2022-09-20,63700.0,61789.0,77,-166814.4644666491,-0.03397068711421536,1,stop
012450,2022-09-27,2022-09-28,67535.0,65508.95,72,-165373.1309014205,-0.03397068711421569,1,stop
078600,2022-09-27,2022-09-28,81600.0,79152.0,60,-166511.7776159998,-0.03397068711421558,1,stop
009830,2022-09-27,2022-09-30,57888.0,58887.0,85,64499.55519824941,0.013093327533031829,3,time
064350,2022-09-29,2022-09-30,25900.0,25123.0,187,-164719.46334305033,-0.03397068711421569,1,stop
003670,2022-09-30,2022-10-06,145881.0,153636.0,33,235431.5158156501,0.048848666262300666,3,time
377300,2023-01-02,2023-01-03,54700.0,53059.0,89,-165569.70730555058,-0.03397068711421569,1,stop
257720,2023-01-02,2023-01-03,2480.0,2405.6,1971,-166242.4203286795,-0.03397068711421547,1,stop
298040,2023-01-05,2023-01-06,72100.0,69937.0,66,-161838.83679810073,-0.03397068711421569,1,stop
257720,2023-01-06,2023-01-11,2425.0,2600.0,1975,324978.2635937501,0.06777604995346564,3,time
042660,2023-03-09,2023-03-10,20033.0,19432.01,242,-164878.83307138178,-0.03397068711421569,1,stop
058610,2023-03-10,2023-03-13,23850.0,22180.5,202,-355988.7007060498,-0.07380694743940253,1,stop
000250,2023-03-10,2023-03-13,56000.0,52080.0,86,-355863.0845839996,-0.07380694743940253,1,stop
042660,2023-03-13,2023-03-15,19589.0,21547.9,237,443864.3657380361,0.09549715894264232,2,target
086520,2023-03-14,2023-03-15,72791.0,87349.2,63,895669.0862042699,0.19508780975560946,1,target
080220,2023-03-15,2023-03-16,4550.0,5005.0,1125,489388.30565625057,0.09549715894264232,1,target
108490,2023-03-20,2023-03-21,40608.0,37765.439999999995,130,-390077.96055696066,-0.07380694743940275,1,stop
403870,2023-03-20,2023-03-21,18600.0,22320.0,284,1031717.1124560004,0.1950878097556097,1,target
277810,2023-03-20,2023-03-23,124000.0,148800.0,42,1017185.885520001,0.1950878097556097,3,target
028050,2023-03-10,2023-03-24,28650.0,29250.0,168,80777.38032000046,0.016763188928202055,10,time
403870,2023-03-23,2023-03-24,22650.0,27180.0,257,1136922.0235994998,0.19508780975560946,1,target
082920,2023-03-23,2023-03-24,8645.0,10374.0,675,1139719.8707212498,0.19508780975560946,1,target
058610,2023-03-23,2023-03-27,33500.0,40200.0,174,1138474.7555100005,0.1950878097556097,2,target
247540,2023-03-24,2023-03-27,245000.0,227849.99999999997,25,-452587.4985624999,-0.07380694743940253,1,stop
086520,2023-03-24,2023-03-27,94374.0,87767.81999999999,66,-460248.89973816555,-0.07380694743940253,1,stop
000250,2023-03-24,2023-03-27,60500.0,72600.0,103,1217087.9119849997,0.19508780975560946,1,target
003550,2023-03-14,2023-03-28,86200.0,83200.0,53,-177254.2965699993,-0.038753811178782516,10,time
082920,2023-03-27,2023-03-28,10598.0,9856.14,616,-482393.1008678321,-0.07380694743940264,1,stop
403870,2023-03-27,2023-04-03,26650.0,24784.5,245,-482458.2734676255,-0.07380694743940264,5,stop
042700,2023-03-27,2023-04-04,20400.0,18972.0,320,-482365.9086720012,-0.07380694743940275,6,stop
028050,2023-04-03,2023-04-07,31900.0,29666.999999999996,191,-450215.57061085105,-0.07380694743940275,4,stop
066970,2023-03-28,2023-04-11,295500.0,317500.0,19,393758.37120000087,0.07005183191597886,10,time
006260,2023-03-28,2023-04-11,77400.0,83800.0,73,442667.02139999997,0.07825536668303279,10,time
000250,2023-03-29,2023-04-12,78500.0,94200.0,72,1103904.4978800006,0.1950878097556097,10,target
086520,2023-04-11,2023-04-12,148134.0,137764.62,41,-448781.6256317301,-0.07380694743940241,1,stop
078600,2023-04-07,2023-04-13,124900.0,116156.99999999999,45,-415309.0670482516,-0.07380694743940286,4,stop
247540,2023-04-12,2023-04-13,290000.0,269700.0,21,-450001.2842849996,-0.07380694743940253,1,stop
214370,2023-04-04,2023-04-18,42700.0,44200.0,141,186202.4546850007,0.030891514270061426,10,time
267260,2023-04-18,2023-04-21,49950.0,46453.5,124,-457671.25691370014,-0.07380694743940264,3,stop
128940,2023-04-11,2023-04-25,321811.0,299284.23,18,-428025.7043262273,-0.07380694743940264,10,stop
051910,2023-04-12,2023-04-25,799000.0,743070.0,7,-413277.0415444989,-0.07380694743940241,9,stop
012330,2023-04-25,2023-04-26,234500.0,218084.99999999997,22,-381207.98450349923,-0.07380694743940241,1,stop
000270,2023-04-13,2023-04-27,85600.0,86600.0,69,44590.97606999986,0.007540929953619324,10,time
000100,2023-04-13,2023-04-27,55797.0,54745.0,106,-135421.98718080018,-0.022870373182087955,10,time
064350,2023-04-21,2023-05-09,32050.0,33700.0,179,270968.12494250014,0.04717782602090592,10,time
267260,2023-04-25,2023-05-11,51400.0,48600.0,102,-306244.079880001,-0.058345208266494586,10,time
000810,2023-04-26,2023-05-12,226500.0,225500.0,21,-40431.179250000045,-0.008490430096063428,10,time
043260,2023-05-09,2023-05-12,1657.0,1541.01,3699,-452901.0216247691,-0.07380694743940253,3,stop
042700,2023-04-27,2023-05-15,21500.0,19995.0,277,-440062.83227574825,-0.0738069474394023,10,stop
005380,2023-04-27,2023-05-15,201500.0,208000.0,29,163996.4608750008,0.028032524520954727,10,time
319400,2023-05-12,2023-05-15,4825.0,4487.25,1082,-385763.4162237244,-0.07380694743940241,1,stop
352820,2023-05-18,2023-05-22,292500.0,272025.0,18,-389040.5191724999,-0.07380694743940253,2,stop
214150,2023-05-18,2023-05-23,26500.0,24645.0,204,-399459.2681189999,-0.07380694743940253,3,stop
000270,2023-05-11,2023-05-25,90500.0,87100.0,54,-203086.64142000023,-0.04150876399895409,10,time
095340,2023-05-19,2023-05-25,42750.0,51300.0,129,1077097.8998025004,0.1950878097556097,4,target
007660,2023-05-23,2023-05-26,10755.0,12906.0,466,978871.4932076996,0.19508780975560946,3,target
042660,2023-05-25,2023-05-26,27007.0,25116.51,208,-415084.14029794466,-0.07380694743940275,1,stop
214450,2023-05-17,2023-06-01,114000.0,120000.0,47,259210.49430000037,0.048322640136499784,10,time
042700,2023-05-22,2023-06-07,25950.0,25000.0,189,-199120.50443250034,-0.04055249698489927,10,time
007660,2023-05-30,2023-06-09,13887.0,16664.399999999998,403,1093057.0541595882,0.19508780975560924,7,target
010140,2023-05-25,2023-06-12,6180.0,6530.0,912,295160.87152800057,0.052308980272941064,10,time
047050,2023-06-09,2023-06-12,38400.0,37248.0,180,-235075.4507519994,-0.03397068711421547,1,stop
010060,2023-06-12,2023-06-13,106500.0,103305.0,59,-213700.3175347494,-0.03397068711421547,1,stop
005930,2023-05-30,2023-06-14,71300.0,71900.0,78,23870.30178000033,0.004287208057834668,10,time
003670,2023-06-07,2023-06-14,372701.0,361519.97,12,-152105.652032502,-0.03397068711421558,5,stop
067310,2023-06-13,2023-06-14,17822.0,17287.34,342,-207293.69526755344,-0.03397068711421547,1,stop
086520,2023-06-14,2023-06-15,147545.0,143118.65,35,-175628.94362588692,-0.03397068711421547,1,stop
031980,2023-06-14,2023-06-15,12130.0,13949.499999999998,434,765760.3879488492,0.14529248434912567,1,target
078600,2023-06-14,2023-06-15,111000.0,107670.0,47,-177428.9100944996,-0.03397068711421547,1,stop
403870,2023-06-01,2023-06-16,26750.0,31450.0,212,970221.6707799993,0.1708882123618043,10,time
007660,2023-06-12,2023-06-16,17504.0,20129.6,360,916604.894563199,0.14529248434912567,4,target
214150,2023-06-15,2023-06-16,32300.0,31331.0,167,-183452.03832484968,-0.03397068711421558,1,stop
010170,2023-06-16,2023-06-19,2217.0,2150.49,2876,-216849.34909378365,-0.0339706871142158,1,stop
031980,2023-06-19,2023-06-20,15750.0,18112.5,392,898067.5240950007,0.1452924843491259,1,target
086280,2023-06-15,2023-06-26,94186.0,96388.0,57,103142.37373590004,0.01919007607928025,7,time
047050,2023-06-15,2023-06-26,36950.0,37950.0,146,123461.02516000066,0.02285932296403681,7,time
012450,2023-06-20,2023-06-26,139860.0,135664.19999999998,50,-237830.24119050056,-0.03397068711421569,4,stop
353200,2023-06-16,2023-06-27,29200.0,31200.0,218,408627.1482799994,0.06411928265910438,7,time
042700,2023-06-16,2023-06-27,28700.0,30100.0,222,283772.4745800011,0.04448731340429313,7,time
082920,2023-06-26,2023-06-27,11683.0,11332.51,508,-201846.69234619383,-0.03397068711421558,1,stop
031980,2023-06-26,2023-06-27,17780.0,17246.6,334,-201967.6310474202,-0.03397068711421558,1,stop
087010,2023-06-27,2023-06-28,11173.0,10837.81,557,-211655.0046683196,-0.0339706871142158,1,stop
145020,2023-06-27,2023-06-28,114100.0,110677.0,54,-209547.72602190077,-0.03397068711421569,1,stop
310210,2023-06-26,2023-06-30,40378.0,39166.659999999996,147,-201867.16622081306,-0.033970687114215914,4,stop
131970,2023-06-27,2023-06-30,42900.0,41613.0,145,-211557.70274924953,-0.03397068711421547,3,stop
098460,2023-06-29,2023-06-30,16930.0,16422.1,359,-206706.8908943953,-0.03397068711421558,1,stop
084370,2023-06-30,2023-07-06,34250.0,31852.499999999996,173,-437827.60422162525,-0.07380694743940264,4,stop
036930,2023-06-30,2023-07-07,19150.0,17809.5,310,-438658.88738224935,-0.07380694743940241,5,stop
267270,2023-06-29,2023-07-10,82600.0,85100.0,73,157250.65451500006,0.02604895692294562,7,time
031980,2023-06-30,2023-07-10,20800.0,19344.0,285,-438030.8067719992,-0.07380694743940241,6,stop
042660,2023-07-10,2023-07-12,36824.0,44188.799999999996,156,1121979.4691913584,0.19508780975560924,2,target
307950,2023-06-30,2023-07-14,139200.0,159000.0,42,805188.6851399997,0.13756562351018875,10,time
010140,2023-07-11,2023-07-17,7240.0,8688.0,793,1121349.7826908007,0.1950878097556097,4,target
086520,2023-07-06,2023-07-18,185609.0,222730.8,30,1087551.0082113007,0.1950878097556097,8,target
087010,2023-07-12,2023-07-18,15922.0,19106.399999999998,432,1343416.6177257588,0.19508780975560946,4,target
095610,2023-07-18,2023-07-21,23300.0,21669.0,319,-549215.853153551,-0.07380694743940275,3,stop
010120,2023-07-11,2023-07-25,16880.0,20256.0,340,1120935.7208480006,0.1950878097556097,10,target
247540,2023-07-21,2023-07-25,348500.0,418200.0,19,1293259.666085001,0.1950878097556097,2,target
047050,2023-07-25,2023-07-26,70500.0,84600.0,106,1459567.9958699998,0.19508780975560946,1,target
095340,2023-07-25,2023-07-26,90200.0,108240.0,83,1462224.2416540002,0.1950878097556097,1,target
036930,2023-07-18,2023-07-27,21450.0,25740.0,347,1453737.926998498,0.19508780975560924,7,target
086520,2023-07-26,2023-07-27,255653.0,237757.28999999998,35,-661173.4386857087,-0.07380694743940275,1,stop
042700,2023-07-14,2023-07-28,43250.0,47150.0,153,567822.0846150005,0.08571079441188822,10,time
031980,2023-07-27,2023-07-28,27550.0,33060.0,313,1684206.311198501,0.1950878097556097,1,target
028050,2023-07-17,2023-07-31,32700.0,37000.0,210,872195.5714499997,0.12686669115590088,10,time
095340,2023-07-28,2023-08-01,106500.0,99045.0,81,-637427.9275672482,-0.07380694743940241,2,stop
036930,2023-07-31,2023-08-02,28250.0,26272.5,281,-586571.8710961249,-0.07380694743940253,2,stop
096770,2023-08-01,2023-08-02,222864.0,207263.52,35,-576374.0587407602,-0.07380694743940264,1,stop
084370,2023-07-28,2023-08-03,35050.0,32596.499999999996,248,-642297.3995925998,-0.07380694743940253,4,stop
310210,2023-08-02,2023-08-03,55908.0,51994.439999999995,132,-545311.1129455455,-0.07380694743940275,1,stop
138040,2023-07-26,2023-08-09,48450.0,49500.0,185,156944.15013750084,0.017489621308955705,10,time
039030,2023-07-28,2023-08-09,156100.0,145173.0,55,-634398.3622707492,-0.07380694743940253,8,stop
277810,2023-08-09,2023-08-14,145100.0,134943.0,58,-621858.9176166998,-0.07380694743940253,3,stop
310210,2023-08-14,2023-08-16,72924.0,67819.31999999999,109,-587345.2230569338,-0.07380694743940253,1,stop
005940,2023-08-02,2023-08-17,10160.0,10320.0,727,85706.4662000006,0.01159007518683497,10,time
257720,2023-08-03,2023-08-17,8130.0,7560.9,916,-550278.4177624201,-0.07380694743940264,9,stop
326030,2023-08-03,2023-08-18,92600.0,86118.0,80,-547390.7247919999,-0.07380694743940253,10,stop
298040,2023-08-09,2023-08-24,189200.0,190300.0,45,14461.996725002304,0.0016966622467078363,10,time
042700,2023-08-21,2023-08-25,58800.0,54683.99999999999,119,-517035.95835780073,-0.07380694743940264,4,stop
003230,2023-08-16,2023-08-30,179200.0,189900.0,41,407296.3954250002,0.05537190788964974,10,time
214150,2023-08-17,2023-08-31,35800.0,38850.0,201,581752.8703875011,0.08075329164351586,10,time
087010,2023-08-31,2023-09-01,43997.0,40917.21,172,-559175.2904443657,-0.07380694743940253,1,stop
138040,2023-08-24,2023-09-07,51000.0,54200.0,153,456178.3801200008,0.05839475962016416,10,time
307950,2023-08-31,2023-09-07,176000.0,211200.0,43,1478122.6539200014,0.1950878097556097,5,target
018260,2023-08-25,2023-09-08,139400.0,147200.0,51,367491.52262999956,0.051631549474089766,10,time
042700,2023-09-01,2023-09-08,58500.0,54405.0,120,-518720.69222999923,-0.07380694743940241,5,stop
277810,2023-09-07,2023-09-08,176000.0,211200.0,49,1684372.3265600018,0.1950878097556099,1,target
277810,2023-09-11,2023-09-12,220000.0,204600.0,37,-601479.54911,-0.07380694743940253,1,stop
067310,2023-09-07,2023-09-13,25515.0,23728.949999999997,339,-639133.7206128528,-0.07380694743940264,4,stop
058610,2023-09-08,2023-09-13,39800.0,37014.0,203,-597001.7038181005,-0.07380694743940264,3,stop
016360,2023-08-31,2023-09-14,37550.0,38100.0,201,79292.72366250027,0.010493687343291702,10,time
196170,2023-09-13,2023-09-19,61200.0,73440.0,126,1506091.3595280014,0.1950878097556097,4,target
131970,2023-09-08,2023-09-20,54400.0,50592.0,149,-598937.6699343985,-0.07380694743940241,8,stop
267250,2023-09-12,2023-09-21,70900.0,65937.0,106,-555326.7080321014,-0.07380694743940275,7,stop
005830,2023-09-14,2023-10-04,89200.0,89600.0,86,2860.4752399995923,0.0003724565966238824,10,time
000810,2023-09-14,2023-10-04,265000.0,259500.0,29,-190524.45302499924,-0.024763249586224112,10,time
005940,2023-09-21,2023-10-04,10760.0,10006.8,646,-513619.19983803947,-0.07380694743940253,5,stop
087010,2023-10-04,2023-10-05,31737.0,30784.89,227,-245016.46915179212,-0.03397068711421569,1,stop
277810,2023-10-05,2023-10-06,157800.0,153066.0,45,-241503.295108499,-0.03397068711421547,1,stop
067310,2023-10-05,2023-10-06,21369.0,20727.93,332,-241282.50375631824,-0.03397068711421558,1,stop
024110,2023-09-19,2023-10-10,11360.0,11400.0,818,-5458.901731999591,-0.0005867788135306418,10,time
000250,2023-10-04,2023-10-10,73700.0,75700.0,97,164130.45631999988,0.022932464931022745,3,time
058610,2023-10-06,2023-10-10,32850.0,31864.5,209,-233499.0984455254,-0.03397068711421569,1,stop
257720,2023-09-20,2023-10-11,8950.0,9960.0,840,815088.606780001,0.10829372301358231,10,time
277810,2023-10-10,2023-10-11,139900.0,135703.0,55,-261688.08677825052,-0.03397068711421569,1,stop
226950,2023-10-10,2023-10-11,16930.0,16422.1,458,-263709.6268234905,-0.03397068711421569,1,stop
307950,2023-10-06,2023-10-12,170500.0,180100.0,40,354918.22479999997,0.051981009467181316,3,time
087010,2023-10-11,2023-10-12,32367.0,35603.700000000004,240,742682.7857196005,0.0954971589426421,1,target
277810,2023-10-13,2023-10-16,140900.0,136673.0,55,-263558.62349575106,-0.03397068711421569,1,stop
196170,2023-10-18,2023-10-19,61100.0,59267.0,126,-261827.52678809967,-0.03397068711421558,1,stop
277810,2023-10-18,2023-10-19,143000.0,138710.0,54,-262623.35513699986,-0.03397068711421558,1,stop
196170,2023-10-23,2023-10-24,54900.0,53253.0,139,-259531.868089349,-0.03397068711421547,1,stop
196170,2023-10-26,2023-10-27,53700.0,59070.00000000001,141,723907.4840415008,0.09549715894264232,1,target
247540,2024-01-04,2024-01-05,265500.0,292050.0,29,736126.0580025008,0.09549715894264232,1,target
454910,2024-01-17,2024-01-18,92700.0,89919.0,85,-267979.8921007486,-0.03397068711421536,1,stop
310210,2024-01-18,2024-01-19,43700.0,42389.0,179,-266034.5339145502,-0.03397068711421558,1,stop
028300,2024-01-18,2024-01-19,43450.0,47795.00000000001,180,747742.3078950029,0.09549715894264255,1,target
068270,2024-01-18,2024-01-23,163750.0,167063.0,47,123711.18443644978,0.01605574942087218,3,time
454910,2024-01-22,2024-01-23,86300.0,83711.0,92,-270023.8785865987,-0.03397068711421547,1,stop
141080,2024-01-22,2024-01-23,50000.0,55000.00000000001,159,760075.6102500027,0.09549715894264255,1,target
454910,2024-01-25,2024-01-26,81700.0,79249.0,98,-272302.53240609914,-0.03397068711421547,1,stop
078930,2024-02-02,2024-02-15,50500.0,46965.0,158,-589582.9634334994,-0.07380694743940253,7,stop
028260,2024-02-02,2024-02-20,152900.0,162300.0,52,454775.02460000105,0.057132938322081106,10,time
000810,2024-02-02,2024-02-20,292000.0,303000.0,27,263814.2203500001,0.033423534120861076,10,time
006800,2024-02-02,2024-02-20,8313.0,8662.0,961,301660.58498595003,0.03771709051115635,10,time
024110,2024-02-02,2024-02-20,13210.0,13660.0,605,238694.37407750078,0.02983216510608311,10,time
030200,2024-02-20,2024-02-21,42200.0,39246.0,196,-611174.1580587998,-0.07380694743940253,1,stop
178320,2024-02-15,2024-02-23,22750.0,21157.5,332,-558105.0410845,-0.07380694743940253,6,stop
003550,2024-02-20,2024-02-26,102900.0,95697.0,80,-608277.5980679998,-0.07380694743940253,4,stop
031980,2024-02-23,2024-02-26,41900.0,38967.0,168,-520139.4154907996,-0.07380694743940253,1,stop
012450,2024-02-20,2024-02-27,155242.0,186290.4,53,1606994.714998941,0.1950878097556097,5,target
267260,2024-02-21,2024-02-28,130500.0,121364.99999999999,59,-568930.1951317508,-0.07380694743940264,5,stop
098460,2024-02-26,2024-02-28,21000.0,19530.0,336,-521380.79834400024,-0.07380694743940264,2,stop
196170,2024-02-26,2024-02-29,143000.0,171600.0,49,1368552.5153299998,0.19508780975560946,3,target
042700,2024-02-28,2024-03-04,82100.0,98520.0,83,1330915.8563170005,0.1950878097556097,2,target
015760,2024-02-20,2024-03-06,23300.0,24650.0,355,443938.88573750015,0.053609245725170895,10,time
138040,2024-02-27,2024-03-06,85900.0,79887.0,115,-729940.50686525,-0.07380694743940253,5,stop
079550,2024-03-06,2024-03-08,154100.0,184920.0,57,1715563.6833029985,0.19508780975560946,2,target
196170,2024-03-06,2024-03-08,193900.0,180327.0,46,-659070.8464780981,-0.07380694743940241,2,stop
012450,2024-02-29,2024-03-13,199656.0,185680.08,42,-619623.8373462483,-0.07380694743940264,8,stop
028300,2024-03-11,2024-03-13,98700.0,91791.0,96,-700139.9292048011,-0.07380694743940264,2,stop
316140,2024-02-28,2024-03-14,14460.0,15160.0,474,302732.61028200015,0.04411774987869066,10,time
319660,2024-03-04,2024-03-18,25850.0,27850.0,316,596660.2758800015,0.07295923603139043,10,time
012330,2024-03-18,2024-03-20,269500.0,250634.99999999997,32,-637243.1979759997,-0.07380694743940253,2,stop
055550,2024-03-08,2024-03-22,45800.0,50600.0,206,947219.2708,0.1002809893310379,10,time
267260,2024-03-14,2024-03-26,146000.0,175200.0,49,1397263.4072599998,0.19508780975560946,8,target
005290,2024-03-22,2024-03-26,47200.0,43896.0,220,-767292.8302159999,-0.07380694743940253,2,stop
024110,2024-03-13,2024-03-27,14790.0,14790.0,559,-33882.319302000105,-0.004093491870325372,10,time
058470,2024-03-13,2024-03-27,48555.0,51159.0,170,407546.9800560009,0.049316878785007345,10,time
000250,2024-03-26,2024-03-27,118100.0,141720.0,76,1753044.0925639998,0.19508780975560946,1,target
042700,2024-03-27,2024-03-28,110300.0,132360.0,83,1788063.5682310015,0.1950878097556097,1,target
240810,2024-03-21,2024-04-04,37550.0,41150.0,217,745503.4153699996,0.09138622661880458,10,time
095610,2024-04-04,2024-04-05,24850.0,24104.5,359,-303406.15704227425,-0.03397068711421547,1,stop
039030,2024-04-05,2024-04-08,252000.0,244440.0,34,-291395.6108279992,-0.03397068711421547,1,stop
440110,2024-04-08,2024-04-09,20600.0,19982.0,405,-283743.4151654998,-0.03397068711421558,1,stop
005930,2024-03-27,2024-04-11,79200.0,84100.0,116,529073.3453399986,0.0575219360316368,10,time
257720,2024-03-27,2024-04-11,11740.0,12610.0,784,642348.7055440005,0.06970877917505947,10,time
000660,2024-03-27,2024-04-11,176700.0,188400.0,52,568950.5055000018,0.06184938388019656,10,time
259960,2024-03-28,2024-04-11,255500.0,237614.99999999997,43,-811812.6617072504,-0.07380694743940264,9,stop
010120,2024-04-09,2024-04-12,24560.0,28243.999999999996,328,1171775.9301103987,0.14529248434912567,2,target
039030,2024-04-11,2024-04-12,244000.0,280600.0,40,1419685.6228,0.1452924843491259,1,target
267260,2024-04-11,2024-04-12,210500.0,242074.99999999997,46,1408485.2341775,0.1452924843491259,1,target
001440,2024-04-11,2024-04-16,12840.0,12454.8,769,-335810.9950386621,-0.0339706871142158,3,stop
006260,2024-04-12,2024-04-16,116200.0,112714.0,91,-359625.98833070137,-0.03397068711421569,2,stop
298040,2024-04-12,2024-04-16,325000.0,315250.0,32,-353701.4883999992,-0.03397068711421547,2,stop
267260,2024-04-16,2024-04-17,234000.0,226980.0,42,-334247.90653799847,-0.03397068711421547,1,stop
010120,2024-04-16,2024-04-17,28180.0,27334.6,355,-340230.2230581511,-0.03397068711421569,1,stop
214450,2024-04-11,2024-04-18,114600.0,131790.0,86,1433591.5598429982,0.14529248434912567,5,target
095610,2024-04-17,2024-04-18,30000.0,29100.0,324,-330574.85262,-0.03397068711421558,1,stop
161390,2024-04-12,2024-04-19,60000.0,58200.0,176,-359143.0497599989,-0.03397068711421547,5,stop
440110,2024-04-18,2024-04-19,20500.0,19885.0,494,-344416.82432949916,-0.03397068711421547,1,stop
278470,2024-04-18,2024-04-19,50700.0,49179.0,200,-344858.95118999854,-0.03397068711421547,1,stop
003230,2024-04-16,2024-04-22,242500.0,278875.0,41,1446231.9984312505,0.1452924843491259,4,target
031980,2024-04-18,2024-04-22,47300.0,45881.0,214,-344253.5774886999,-0.03397068711421558,2,stop
042660,2024-04-19,2024-04-22,33250.0,32252.5,298,-336985.6920972485,-0.03397068711421547,1,stop
010120,2024-04-19,2024-04-22,31420.0,30477.399999999998,316,-337673.3694141209,-0.03397068711421569,1,stop
090430,2024-04-19,2024-04-22,145000.0,140650.0,68,-335336.21880999766,-0.03397068711421536,1,stop
095610,2024-04-22,2024-04-23,26600.0,25802.0,375,-339247.34103750065,-0.03397068711421569,1,stop
042660,2024-04-24,2024-04-25,35050.0,33998.5,282,-336155.85398985073,-0.03397068711421569,1,stop
010120,2024-04-24,2024-04-29,31000.0,35650.0,319,1438449.910232501,0.1452924843491259,3,target
440110,2024-04-22,2024-05-02,18800.0,18236.0,531,-339512.617153801,-0.03397068711421569,7,stop
267260,2024-04-24,2024-05-02,245000.0,237650.0,40,-333295.63329999894,-0.03397068711421547,5,stop
087010,2024-04-25,2024-05-03,26844.0,30870.6,363,1417412.380288409,0.14529248434912567,5,target
003230,2024-04-24,2024-05-07,282000.0,305500.0,35,779625.9948750008,0.07889871714048091,7,time
237690,2024-05-07,2024-05-08,101100.0,94023.0,103,-769457.8610254508,-0.07380694743940264,1,stop
178320,2024-05-07,2024-05-09,27250.0,25342.5,384,-773204.1771359984,-0.07380694743940241,2,stop
105560,2024-04-29,2024-05-10,74100.0,79300.0,153,746792.00856,0.06579468413877465,7,time
001440,2024-05-08,2024-05-13,14150.0,16980.0,714,1973258.5867890008,0.1950878097556097,3,target
257720,2024-05-10,2024-05-13,22000.0,26400.0,495,2126949.7491000015,0.1950878097556097,1,target
058470,2024-05-08,2024-05-14,59268.0,55119.24,170,-744501.6321659405,-0.07380694743940264,4,stop
090430,2024-05-02,2024-05-20,172400.0,179700.0,55,361457.22552500106,0.03807656328829778,10,time
006260,2024-05-14,2024-05-20,153100.0,183720.0,75,2242672.221674999,0.19508780975560946,3,target
009540,2024-05-14,2024-05-22,137200.0,127595.99999999999,83,-841450.6773274038,-0.07380694743940286,5,stop
000810,2024-05-20,2024-05-23,365500.0,339915.0,32,-864238.9197039977,-0.07380694743940241,3,stop
214150,2024-05-10,2024-05-27,48500.0,49000.0,224,67146.97360000014,0.006173585533073345,10,time
298040,2024-05-20,2024-05-27,373000.0,447600.0,31,2258394.852970002,0.1950878097556099,5,target
007660,2024-05-22,2024-05-28,51543.0,47934.99,213,-811233.2758172527,-0.07380694743940253,4,stop
105560,2024-05-14,2024-05-29,80000.0,78100.0,143,-317782.42281500064,-0.027746271438405135,10,time
034020,2024-05-28,2024-05-30,21900.0,20367.0,490,-792933.2974814996,-0.07380694743940253,2,stop
047810,2024-05-29,2024-05-30,58100.0,54033.0,191,-819985.0988241509,-0.07380694743940264,1,stop
005380,2024-05-23,2024-05-31,273500.0,254354.99999999997,39,-788167.2740272488,-0.07380694743940253,6,stop
084370,2024-05-30,2024-05-31,56400.0,52452.0,179,-745982.4245694,-0.07380694743940253,1,stop
042700,2024-05-30,2024-06-03,166900.0,155217.0,60,-739952.8507109992,-0.07380694743940253,2,stop
090430,2024-05-31,2024-06-04,191300.0,177909.0,50,-706775.4161224999,-0.07380694743940253,2,stop
257720,2024-06-04,2024-06-05,43000.0,39990.0,212,-673597.9815339968,-0.07380694743940219,1,stop
267260,2024-05-27,2024-06-07,285000.0,265050.0,43,-905544.4563075006,-0.07380694743940264,8,stop
003230,2024-05-27,2024-06-07,505000.0,606000.0,24,2367183.742799999,0.19508780975560946,8,target
031980,2024-06-07,2024-06-10,65000.0,78000.0,199,2526363.177649999,0.19508780975560946,1,target
078600,2024-05-31,2024-06-11,117600.0,141120.0,82,1883434.5106080007,0.1950878097556097,6,target
196170,2024-06-05,2024-06-11,230500.0,276600.0,38,1710739.472210003,0.1950878097556099,3,target
000100,2024-06-05,2024-06-12,79300.0,73749.0,111,-650418.112423949,-0.07380694743940241,4,stop
145020,2024-06-12,2024-06-14,240000.0,223199.99999999997,41,-727095.6711600013,-0.07380694743940275,2,stop
402340,2024-06-10,2024-06-24,88100.0,91200.0,161,439499.34962500073,0.030949756429356823,10,time
000660,2024-06-10,2024-06-24,206000.0,223000.0,69,1111290.1225500014,0.07809296753843431,10,time
214150,2024-06-13,2024-06-27,53800.0,51400.0,188,-491320.67392,-0.04852054799506922,10,time
042700,2024-06-13,2024-06-27,175900.0,173700.0,57,-166120.09719000012,-0.016549400442726014,10,time
105560,2024-06-14,2024-06-28,80400.0,78500.0,115,-255747.80827499926,-0.0276285959181658,10,time
087010,2024-06-28,2024-07-01,44967.0,53960.4,205,1800433.6657846496,0.19508780975560946,1,target
278470,2024-06-24,2024-07-02,79500.0,73935.0,188,-1104387.3883289993,-0.07380694743940253,6,stop
000100,2024-07-02,2024-07-03,83200.0,77376.0,166,-1020534.9322688021,-0.07380694743940275,1,stop
021240,2024-06-27,2024-07-04,65600.0,61007.99999999999,149,-722248.366685601,-0.07380694743940264,5,stop
009540,2024-06-24,2024-07-08,152000.0,160000.0,98,720641.9416000005,0.04832264013649956,10,time
087010,2024-07-03,2024-07-08,57468.0,68961.59999999999,223,2502996.80848716,0.1950878097556097,3,target
000660,2024-06-27,2024-07-11,229500.0,241000.0,42,442073.5420500003,0.04581032008388486,10,time
007660,2024-07-01,2024-07-12,56794.0,52818.42,194,-814142.9146631137,-0.07380694743940253,9,stop
000250,2024-07-11,2024-07-12,212000.0,197160.0,48,-751923.3282239977,-0.07380694743940241,1,stop
086790,2024-07-04,2024-07-18,64200.0,61800.0,141,-374500.10592000186,-0.04132364170694891,10,time
000100,2024-07-08,2024-07-22,90000.0,96500.0,171,1045151.9444249999,0.0678330892723733,10,time
009150,2024-07-08,2024-07-22,170500.0,160500.0,90,-960233.6339999996,-0.06250443076356138,10,time
950160,2024-07-18,2024-07-22,17820.0,17285.399999999998,493,-298784.57095971145,-0.0339706871142158,2,stop
226950,2024-07-22,2024-07-23,13860.0,15938.999999999998,945,1905186.1046872456,0.14529248434912545,1,target
079550,2024-07-22,2024-07-23,232500.0,225525.0,56,-442807.0556700006,-0.03397068711421558,1,stop
267270,2024-07-22,2024-07-23,59400.0,68310.0,220,1900865.9547900017,0.1452924843491259,1,target
009540,2024-07-23,2024-07-25,186600.0,181002.0,76,-482312.7911435999,-0.03397068711421558,2,stop
010120,2024-07-24,2024-07-25,51600.0,50052.0,276,-484353.37665360235,-0.0339706871142158,1,stop
005930,2024-07-12,2024-07-26,85900.0,80900.0,114,-608451.644820001,-0.06206243879289086,10,time
016360,2024-07-12,2024-07-26,44500.0,44450.0,221,-51321.17194749974,-0.005212487946875566,10,time
090430,2024-07-23,2024-07-26,177700.0,172369.0,80,-483482.7268359978,-0.03397068711421547,3,stop
347850,2024-07-25,2024-07-29,9522.0,9236.34,1444,-467626.2891110275,-0.03397068711421558,2,stop
010140,2024-07-29,2024-08-02,11990.0,11150.699999999999,1010,-894822.7508313507,-0.07380694743940264,4,stop
226950,2024-07-25,2024-08-05,14660.0,14220.199999999999,937,-467172.32685456984,-0.03397068711421558,7,stop
316140,2024-07-29,2024-08-05,16110.0,14982.3,752,-895178.9094832819,-0.07380694743940275,5,stop
005940,2024-08-02,2024-08-05,13880.0,12908.4,808,-828699.902020961,-0.07380694743940264,1,stop
087010,2024-08-06,2024-08-07,56208.0,61828.8,206,1107018.8628417589,0.0954971589426421,1,target
310210,2024-08-06,2024-08-07,64600.0,71060.0,180,1111718.137860002,0.09549715894264232,1,target
017670,2024-07-26,2024-08-09,54400.0,54900.0,200,55116.77900000103,0.005060060594101801,10,time
329180,2024-07-26,2024-08-09,184500.0,221400.0,59,2126070.8442450017,0.1950878097556097,10,target
000250,2024-08-06,2024-08-09,158400.0,163800.0,73,345649.5724500008,0.029857866361368224,3,time
087010,2024-08-09,2024-08-12,63961.0,62042.17,191,-415481.9492129348,-0.03397068711421569,1,stop
047810,2024-08-16,2024-08-22,59000.0,54869.99999999999,206,-898081.3808210008,-0.07380694743940264,4,stop
214450,2024-08-16,2024-08-26,184600.0,171678.0,66,-900268.5791814011,-0.07380694743940264,6,stop
000100,2024-08-26,2024-08-28,110300.0,132360.0,102,2197379.324814001,0.1950878097556097,2,target
259960,2024-08-16,2024-08-30,334500.0,327000.0,36,-318554.5509000011,-0.026423234205071533,10,time
138040,2024-08-19,2024-09-02,89200.0,92500.0,137,400685.54331500083,0.03275058298200584,10,time
326030,2024-08-19,2024-09-02,108200.0,112400.0,113,423093.8033500016,0.03456461657833132,10,time
298380,2024-09-02,2024-09-03,33300.0,30968.999999999996,380,-935027.2990710028,-0.07380694743940275,1,stop
000100,2024-08-30,2024-09-06,135000.0,125549.99999999999,91,-907761.2114025,-0.07380694743940253,5,stop
017670,2024-08-26,2024-09-09,56000.0,56500.0,202,54343.40854999982,0.004798530523689504,10,time
207940,2024-08-28,2024-09-11,1440837.0,1443781.0,9,-26725.655273398384,-0.0020585991240021917,10,time
180640,2024-09-27,2024-09-30,91900.0,85467.0,130,-882785.7706655003,-0.07380694743940264,1,stop
347850,2024-09-27,2024-09-30,10635.0,9890.55,1129,-887213.0000493992,-0.07380694743940275,1,stop
138040,2024-09-27,2024-10-16,99400.0,102800.0,120,357913.8660000004,0.029971720681393865,10,time
017670,2024-09-27,2024-10-16,57400.0,56200.0,209,-299225.0951799974,-0.024913836988018634,10,time
226950,2024-11-04,2024-11-05,21900.0,21243.0,532,-396240.89433179796,-0.03397068711421536,1,stop
000100,2024-11-04,2024-11-07,133900.0,129883.0,87,-396189.8796940502,-0.03397068711421558,3,stop
226950,2024-11-07,2024-11-08,19800.0,19206.0,581,-391241.4598322995,-0.03397068711421558,1,stop
226950,2024-11-11,2024-11-12,22350.0,21679.5,511,-388420.3503647242,-0.03397068711421547,1,stop
180640,2024-11-12,2024-11-13,77200.0,74884.0,147,-385956.34336140007,-0.03397068711421558,1,stop
347850,2024-11-13,2024-11-14,9809.0,9514.73,1149,-383308.3775743507,-0.0339706871142158,1,stop
440110,2024-11-13,2024-11-15,17720.0,17188.399999999998,636,-383287.2575143203,-0.03397068711421558,2,stop
226950,2024-11-14,2024-11-15,20200.0,22220.0,553,1067987.4983469993,0.0954971589426421,1,target
226950,2024-11-18,2024-11-19,20150.0,19545.5,562,-385136.7081815507,-0.03397068711421569,1,stop
141080,2024-11-19,2024-11-20,113900.0,110483.0,98,-379623.7263287008,-0.03397068711421569,1,stop
310210,2024-11-19,2024-11-20,99000.0,96030.0,113,-380467.1683395002,-0.03397068711421558,1,stop
440110,2024-11-19,2024-11-21,17570.0,17042.899999999998,641,-383030.48383764736,-0.0339706871142158,2,stop
010130,2024-11-20,2024-11-21,990000.0,960300.0,11,-370366.2700650003,-0.03397068711421558,1,stop
087010,2024-11-25,2024-11-26,81500.0,79055.0,134,-371420.5725784991,-0.03397068711421547,1,stop
010130,2024-11-25,2024-11-26,940000.0,911800.0,11,-351660.9028900005,-0.03397068711421558,1,stop
298040,2024-11-26,2024-11-29,391000.0,403500.0,27,293240.3357250001,0.02774495148420386,3,time
087010,2024-11-28,2024-12-03,81100.0,89210.0,134,1038999.457463,0.0954971589426421,3,target
000150,2024-11-29,2024-12-03,192800.0,212080.00000000003,56,1032249.603616003,0.09549715894264232,2,target
298040,2024-12-03,2024-12-04,386000.0,424600.00000000006,29,1070224.702030003,0.09549715894264232,1,target
272210,2024-12-05,2024-12-06,22650.0,21970.5,507,-390552.7622226756,-0.03397068711421569,1,stop
443060,2024-12-06,2024-12-09,126800.0,122996.0,90,-388119.3640019987,-0.03397068711421547,1,stop
042660,2024-12-06,2024-12-09,32600.0,31622.0,350,-388051.3444849979,-0.03397068711421536,1,stop
272210,2024-12-09,2024-12-10,20600.0,19982.0,547,-383228.7607297003,-0.03397068711421558,1,stop
087010,2024-12-09,2024-12-10,82400.0,79928.0,136,-381126.9576543998,-0.03397068711421558,1,stop
272210,2024-12-13,2024-12-17,21200.0,20564.0,524,-377807.6052247975,-0.03397068711421536,2,stop
010130,2024-12-18,2024-12-19,1123000.0,1089310.0,9,-343736.62915949896,-0.03397068711421547,1,stop
010130,2024-12-24,2024-12-26,1128000.0,1240800.0,9,970602.2132399995,0.0954971589426421,1,target
