code,entry_date,exit_date,entry_price,exit_price,shares,pnl_krw,pnl_pct,hold_days,reason
180640,2014-06-09,2014-06-16,26997.0,25107.21,73,-145624.6274293065,-0.07380694743940253,5,stop
000660,2014-06-09,2014-06-23,47000.0,48900.0,42,71474.89880999993,0.03616655845832106,10,time
161390,2014-06-09,2014-06-23,63000.0,61700.0,31,-48184.9781849999,-0.024643943625382025,10,time
006400,2014-06-09,2014-06-23,166924.0,164967.0,11,-28988.504632450175,-0.01576939848896486,10,time
003550,2014-06-10,2014-06-24,59513.0,60742.0,37,36314.78478815034,0.01647292384542376,10,time
064760,2014-06-25,2014-06-27,10900.0,10137.0,183,-147392.0462665502,-0.07380694743940264,2,stop
067310,2014-06-16,2014-06-30,4915.0,5485.0,382,209403.5981470002,0.11140329544074579,10,time
000250,2014-07-01,2014-07-08,8060.0,9672.0,260,409296.2253639996,0.19508780975560946,5,target
095610,2014-06-25,2014-07-09,8970.0,10050.0,222,230892.26594400033,0.11581498402488655,10,time
010130,2014-06-25,2014-07-09,391000.0,411000.0,5,91693.21400000015,0.04684801749692147,10,time
095340,2014-06-27,2014-07-10,15037.0,18044.399999999998,129,378861.3127328695,0.19508780975560924,9,target
058470,2014-06-27,2014-07-11,6247.0,7098.0,312,256741.60326360003,0.13157425879693152,10,time
066570,2014-07-09,2014-07-11,77300.0,71889.0,27,-154219.65195914987,-0.07380694743940253,2,stop
000720,2014-07-08,2014-07-22,59837.0,60227.0,41,5888.676951099653,0.0023975343871835975,10,time
064760,2014-07-11,2014-07-22,11600.0,10788.0,180,-154286.1546120001,-0.07380694743940264,7,stop
034220,2014-07-09,2014-07-23,30686.0,30224.0,70,-41047.6756269997,-0.019087587117535998,10,time
021240,2014-07-10,2014-07-24,91000.0,92100.0,26,18819.34457000019,0.007944938447725702,10,time
082920,2014-07-11,2014-07-25,3174.0,3259.0,658,47206.05764909997,0.022576972273034013,10,time
180640,2014-07-23,2014-07-30,26752.0,24879.359999999997,78,-154186.84398374404,-0.07380694743940264,5,stop
006800,2014-07-22,2014-08-05,9392.0,10317.0,234,206805.16568789957,0.09399142295292284,10,time
005940,2014-07-22,2014-08-05,10350.0,11150.0,212,160107.74028000003,0.07288478895129202,10,time
047810,2014-07-24,2014-08-07,34300.0,35200.0,70,52974.494649999775,0.022038165777392038,10,time
098460,2014-07-25,2014-08-08,5320.0,5530.0,403,75594.12965649972,0.0352186071347933,10,time
055550,2014-07-30,2014-08-13,51400.0,51200.0,37,-15172.141189999878,-0.007968614470051594,10,time
034730,2014-08-05,2014-08-20,185500.0,222600.0,12,434764.93494000006,0.1950878097556097,10,target
000270,2014-08-05,2014-08-20,61500.0,60500.0,38,-47465.467499999795,-0.020287093628531316,10,time
015760,2014-08-08,2014-08-21,44200.0,41106.0,51,-166566.97783830017,-0.07380694743940264,8,stop
066570,2014-08-07,2014-08-22,79400.0,74500.0,33,-171961.403955,-0.06555371718311387,10,time
090430,2014-08-13,2014-08-28,200051.0,215656.0,9,132652.32004395034,0.07359230354866098,10,time
086280,2014-08-20,2014-09-03,157061.0,151810.0,16,-94066.99487440009,-0.037389504720039324,10,time
032830,2014-08-20,2014-09-03,108500.0,109000.0,23,1239.0393250002526,0.0004959390427148325,10,time
005490,2014-08-21,2014-09-04,347500.0,339500.0,6,-56403.240600000136,-0.027020835942375476,10,time
039030,2014-08-22,2014-09-05,78900.0,83100.0,31,119792.37650999986,0.048920542782965315,10,time
105560,2014-09-04,2014-09-15,43250.0,40222.5,48,-153399.452574,-0.07380694743940253,4,stop
006800,2014-08-28,2014-09-16,11485.0,11193.0,173,-58509.8103771999,-0.029413883718289124,10,time
032820,2014-09-16,2014-09-18,570.0,530.0999999999999,3603,-151752.40353841498,-0.07380694743940253,2,stop
047810,2014-09-03,2014-09-22,36750.0,39800.0,66,190766.37343499996,0.07855997343023269,10,time
017670,2014-09-03,2014-09-22,48482.0,51243.0,50,127708.5750775002,0.05262235873290955,10,time
005490,2014-09-15,2014-09-23,361000.0,335730.0,5,-133374.76488249982,-0.07380694743940253,6,stop
032640,2014-09-05,2014-09-24,11950.0,12550.0,216,118639.65888,0.04591018217802656,10,time
180640,2014-09-22,2014-09-24,28513.0,26517.089999999997,91,-191725.8920053295,-0.07380694743940253,2,stop
030200,2014-09-24,2014-09-30,36700.0,34131.0,69,-187116.29756894987,-0.07380694743940253,4,stop
032830,2014-09-19,2014-10-06,110000.0,108500.0,17,-33088.4587249998,-0.017674035163002588,10,time
028300,2014-09-22,2014-10-07,2378.0,2605.0,1093,236727.7034436497,0.0909741184515569,10,time
003550,2014-09-23,2014-10-08,69621.0,69905.0,24,-51.79268159996718,-3.0961192673095717e-05,10,time
034730,2014-09-24,2014-10-10,234500.0,240000.0,10,45227.57825000025,0.01926465650798259,10,time
047810,2014-09-30,2014-10-16,40650.0,39100.0,63,-107857.40820749989,-0.04206778676825873,10,time
000250,2014-11-11,2014-11-14,10300.0,10400.0,217,12476.140495000407,0.005575503354234845,3,time
028300,2014-11-18,2014-11-20,2817.0,3098.7000000000003,796,214382.62431233982,0.0954971589426421,2,target
028300,2014-11-24,2014-11-25,2875.0,2788.75,795,-77733.55427156202,-0.03397068711421536,1,stop
028300,2014-11-27,2014-11-28,2819.0,3100.9,805,216960.47571852524,0.09549715894264232,1,target
028300,2015-03-11,2015-03-12,5012.0,5513.200000000001,461,220903.0213713399,0.0954971589426421,1,target
000990,2015-03-30,2015-04-02,6000.0,5820.0,393,-80195.01054299949,-0.03397068711421536,3,stop
010060,2015-04-02,2015-04-07,78353.0,83042.0,29,126268.03953954997,0.055506084618386575,3,time
039490,2015-04-07,2015-04-08,81200.0,78764.0,29,-80086.17931579985,-0.03397068711421547,1,stop
021240,2015-04-08,2015-04-09,101500.0,98455.0,22,-75943.79073050013,-0.03397068711421569,1,stop
028300,2015-04-07,2015-04-10,6562.0,7546.299999999999,360,343622.1045545996,0.14529248434912567,3,target
064760,2015-04-10,2015-04-13,14500.0,16675.0,194,409177.83370250044,0.14529248434912612,1,target
028300,2015-04-13,2015-04-14,7858.0,7622.26,411,-109839.20842242334,-0.03397068711421569,1,stop
196170,2015-04-14,2015-04-15,6376.0,6184.72,489,-106037.80167584354,-0.03397068711421547,1,stop
058470,2015-04-07,2015-04-16,8619.0,8870.0,274,58892.91710009985,0.024909006510060783,7,time
028050,2015-04-07,2015-04-16,26805.0,28987.0,88,181782.9291431997,0.07697601011583188,7,time
096770,2015-04-07,2015-04-16,102822.0,118245.29999999999,23,343998.26306080446,0.14529248434912567,7,target
064760,2015-04-15,2015-04-16,16650.0,16150.5,181,-102493.50870352425,-0.03397068711421536,1,stop
010170,2015-04-16,2015-04-17,1007.0,976.79,2627,-89969.04102855641,-0.03397068711421558,1,stop
051910,2015-04-16,2015-04-17,277000.0,268690.0,9,-84786.32794049941,-0.03397068711421536,1,stop
034020,2015-04-16,2015-04-17,24710.0,23968.7,107,-89920.78118124465,-0.03397068711421547,1,stop
009540,2015-04-09,2015-04-20,124452.0,129904.0,17,83740.26676499983,0.03953523472565523,7,time
016360,2015-04-16,2015-04-20,64697.0,62756.09,40,-88013.1738269804,-0.03397068711421569,2,stop
068270,2015-04-17,2015-04-20,65680.0,63709.6,39,-87116.67659291951,-0.03397068711421536,1,stop
024110,2015-04-17,2015-04-20,15150.0,14695.5,170,-87592.13301674929,-0.03397068711421536,1,stop
005830,2015-04-20,2015-04-21,52700.0,51119.0,45,-80654.14228274999,-0.03397068711421558,1,stop
000100,2015-04-20,2015-04-22,31718.0,30766.46,76,-81982.83552782796,-0.03397068711421558,2,stop
128940,2015-04-21,2015-04-22,293880.0,285063.6,8,-79958.30262384005,-0.03397068711421558,1,stop
141080,2015-04-22,2015-04-23,13262.0,12864.14,173,-78029.47318027122,-0.03397068711421569,1,stop
009830,2015-04-22,2015-04-23,22130.0,21466.1,103,-77521.5034273155,-0.0339706871142158,1,stop
064760,2015-04-20,2015-04-24,17400.0,16878.0,139,-82256.00190809974,-0.03397068711421547,4,stop
032820,2015-04-23,2015-04-24,705.0,683.85,3153,-75599.10182810249,-0.03397068711421558,1,stop
078600,2015-04-17,2015-04-27,6330.0,6140.099999999999,407,-87619.680921135,-0.03397068711421558,6,stop
000990,2015-04-24,2015-04-27,7710.0,7478.7,290,-76042.41903014993,-0.03397068711421558,1,stop
039030,2015-04-24,2015-04-27,116900.0,113393.0,19,-75539.07460434968,-0.03397068711421547,1,stop
196170,2015-04-20,2015-04-28,6195.0,6009.15,390,-82169.27702392498,-0.03397068711421558,6,stop
009830,2015-04-27,2015-04-28,22613.0,21934.61,100,-76906.26689605042,-0.0339706871142158,1,stop
128940,2015-04-24,2015-04-30,274556.0,315739.39999999997,8,319494.4310274394,0.14529248434912567,4,target
078930,2015-04-27,2015-04-30,50100.0,48597.0,45,-76675.00053825043,-0.0339706871142158,3,stop
036570,2015-04-28,2015-04-30,212000.0,205640.0,10,-72100.68801999977,-0.03397068711421547,2,stop
066970,2015-04-28,2015-05-04,7981.0,7741.57,286,-77629.51842031116,-0.03397068711421569,3,stop
000990,2015-04-30,2015-05-04,8400.0,8148.0,274,-78276.86016360018,-0.03397068711421569,1,stop
095340,2015-04-30,2015-05-04,39459.0,38275.229999999996,58,-77835.48151778756,-0.0339706871142158,1,stop
067310,2015-04-30,2015-05-04,7325.0,7105.25,314,-78224.14503792534,-0.03397068711421569,1,stop
047810,2015-05-04,2015-05-06,65900.0,63923.0,33,-73961.02180995047,-0.0339706871142158,1,stop
095610,2015-04-27,2015-05-07,10144.0,11665.599999999999,225,331996.9739219998,0.14529248434912567,6,target
000100,2015-05-06,2015-05-07,35457.0,34393.29,62,-74764.80844233884,-0.03397068711421547,1,stop
000990,2015-05-12,2015-05-13,10050.0,9748.5,225,-76904.56640812475,-0.03397068711421547,1,stop
080220,2015-05-12,2015-05-13,4555.0,4418.349999999999,498,-77147.39608381502,-0.03397068711421558,1,stop
095610,2015-05-11,2015-05-15,12426.0,14289.9,182,328961.5231457101,0.1452924843491259,4,target
000250,2015-05-13,2015-05-15,12600.0,12222.0,176,-75420.0404496002,-0.03397068711421569,2,stop
028300,2015-05-12,2015-05-18,8991.0,10339.65,252,329572.4534342098,0.14529248434912567,4,target
036930,2015-05-13,2015-05-18,6740.0,6537.8,329,-75415.27908341028,-0.03397068711421569,3,stop
000990,2015-05-15,2015-05-18,11800.0,11446.0,200,-80263.03006000025,-0.03397068711421569,1,stop
007660,2015-05-15,2015-05-19,5811.0,5636.67,408,-80633.32831054786,-0.03397068711421558,2,stop
084370,2015-05-18,2015-05-19,18216.0,17669.52,128,-79298.78538700752,-0.03397068711421536,1,stop
095610,2015-05-18,2015-05-19,14487.0,14052.39,161,-79324.59879371012,-0.0339706871142158,1,stop
039030,2015-05-18,2015-05-19,112300.0,108931.0,20,-76385.91759099998,-0.03397068711421558,1,stop
090430,2015-05-19,2015-05-20,443000.0,429710.0,5,-75331.61507749977,-0.03397068711421547,1,stop
058470,2015-05-20,2015-05-21,10672.0,10351.84,211,-76582.90211223206,-0.03397068711421558,1,stop
005290,2015-05-13,2015-05-22,5850.0,6160.0,379,108057.30947550014,0.04868104103911053,7,time
009830,2015-05-20,2015-05-22,22552.0,25934.8,99,324760.0682759406,0.14529248434912612,2,target
028300,2015-05-21,2015-05-22,11676.0,11325.72,190,-75448.6086467402,-0.03397068711421569,1,stop
141080,2015-05-21,2015-05-22,12561.0,12184.17,177,-75613.79404377425,-0.03397068711421547,1,stop
035720,2015-05-20,2015-05-27,22981.0,22291.57,98,-76594.6694886731,-0.03397068711421558,4,stop
009830,2015-05-26,2015-05-27,24185.0,23459.45,94,-77317.4448763146,-0.03397068711421536,1,stop
028260,2015-05-27,2015-05-28,198000.0,192060.0,11,-74073.25401300006,-0.03397068711421558,1,stop
010170,2015-05-27,2015-05-28,1113.0,1079.61,2026,-76689.89681247296,-0.03397068711421558,1,stop
064760,2015-05-29,2015-06-01,21700.0,21049.0,107,-78967.25826114975,-0.03397068711421547,1,stop
058610,2015-05-29,2015-06-02,6680.0,6479.599999999999,348,-79060.44499944011,-0.03397068711421558,2,stop
086280,2015-06-01,2015-06-02,126049.0,122267.53,18,-77164.12888499675,-0.03397068711421547,1,stop
018260,2015-05-28,2015-06-03,320000.0,310400.0,6,-65298.73632000014,-0.03397068711421569,4,stop
028260,2015-06-01,2015-06-03,188000.0,182360.0,12,-76726.01517599961,-0.03397068711421547,2,stop
028300,2015-06-02,2015-06-03,12812.0,12427.64,175,-76253.27953285025,-0.03397068711421569,1,stop
034730,2015-06-02,2015-06-03,287000.0,278390.0,7,-68325.60482649994,-0.03397068711421558,1,stop
196170,2015-06-03,2015-06-04,6042.0,5860.74,346,-71098.48845652211,-0.03397068711421569,1,stop
003670,2015-06-03,2015-06-04,11280.0,10941.6,185,-70971.56403780007,-0.03397068711421558,1,stop
064760,2015-06-03,2015-06-04,19800.0,22770.0,105,302410.49280749983,0.14529248434912567,1,target
080220,2015-05-28,2015-06-05,4740.0,5451.0,469,323365.40170305036,0.14529248434912612,6,target
141080,2015-06-05,2015-06-10,12936.0,12547.92,176,-77431.24152825586,-0.03397068711421558,3,stop
034730,2015-06-05,2015-06-10,272000.0,263840.0,8,-74005.23449599976,-0.03397068711421547,3,stop
012450,2015-06-03,2015-06-11,30558.0,35141.7,68,302256.88747782004,0.1452924843491259,6,target
064760,2015-06-10,2015-06-11,24900.0,23157.0,86,-158231.97868109983,-0.07380694743940253,1,stop
005290,2015-06-04,2015-06-16,6680.0,6212.4,322,-158938.38463804056,-0.07380694743940286,8,stop
096770,2015-06-11,2015-06-16,125453.0,116671.29,17,-157589.19359538658,-0.07380694743940264,3,stop
080220,2015-06-16,2015-06-17,9000.0,8370.0,224,-148965.94238400017,-0.07380694743940264,1,stop
082920,2015-06-08,2015-06-18,4630.0,5556.0,520,470233.6286440003,0.1950878097556097,8,target
095340,2015-06-16,2015-06-22,41261.0,38372.729999999996,48,-146344.85115967225,-0.07380694743940275,4,stop
009830,2015-06-10,2015-06-24,25273.0,23642.0,85,-147030.07081925008,-0.06836459204677847,10,time
138040,2015-06-11,2015-06-25,14300.0,15500.0,152,172954.42816000013,0.07947908223845856,10,time
080220,2015-06-24,2015-06-25,9840.0,9151.199999999999,207,-150508.8039301203,-0.07380694743940275,1,stop
196170,2015-06-25,2015-06-26,6758.0,8109.599999999999,313,413134.89114625985,0.19508780975560946,1,target
005290,2015-06-18,2015-06-29,7230.0,6723.9,400,-213695.19115799945,-0.07380694743940241,7,stop
000100,2015-06-26,2015-06-30,40745.0,37892.85,57,-171611.20405697264,-0.07380694743940264,2,stop
141080,2015-06-17,2015-07-01,17516.0,18867.0,108,137725.17623099987,0.0727202608405213,10,time
000880,2015-06-22,2015-07-06,44796.0,47374.0,40,95472.67839599983,0.05322070979853555,10,time
028300,2015-06-29,2015-07-07,15799.0,14693.07,182,-212469.9167251573,-0.07380694743940264,6,stop
141080,2015-07-06,2015-07-07,20568.0,19128.239999999998,92,-139822.2709681443,-0.07380694743940275,1,stop
000250,2015-07-07,2015-07-08,13500.0,12555.0,163,-162598.98621824966,-0.07380694743940241,1,stop
047810,2015-06-30,2015-07-09,79700.0,74121.0,27,-159007.84296435,-0.07380694743940253,7,stop
010130,2015-06-26,2015-07-10,532000.0,510000.0,4,-96461.54119999963,-0.04527759558997335,10,time
138040,2015-07-01,2015-07-15,15600.0,16650.0,130,127786.44157500006,0.06293867694609512,10,time
082920,2015-07-13,2015-07-15,5865.0,5454.45,372,-161215.73103896994,-0.07380694743940253,2,stop
128940,2015-07-10,2015-07-21,449278.0,417828.54,4,-132791.90607618797,-0.07380694743940253,7,stop
000990,2015-07-08,2015-07-22,16250.0,17000.0,130,88555.11762499996,0.04187142388950571,10,time
000880,2015-07-15,2015-07-23,50389.0,46861.77,43,-160103.4372241362,-0.07380694743940286,6,stop
141080,2015-07-22,2015-07-23,21319.0,19826.67,106,-166981.80660841125,-0.07380694743940264,1,stop
036570,2015-07-14,2015-07-28,220000.0,229500.0,9,77133.50572500005,0.0389115618898197,10,time
034730,2015-07-15,2015-07-29,295000.0,287500.0,7,-60808.01037500007,-0.02941314885667301,10,time
047810,2015-07-21,2015-08-04,87800.0,96300.0,20,162302.39229999995,0.09232114729940388,10,time
095340,2015-07-30,2015-08-05,41032.0,38159.759999999995,49,-148564.56192813232,-0.07380694743940275,4,stop
033780,2015-07-27,2015-08-10,101500.0,111000.0,20,181120.52450000006,0.08911943253590038,10,time
021240,2015-08-07,2015-08-10,104500.0,97185.0,18,-138990.5444565001,-0.07380694743940264,1,stop
015760,2015-08-03,2015-08-18,50500.0,50800.0,40,3686.2593999998644,0.0018227844155933592,10,time
047810,2015-08-06,2015-08-19,102000.0,94860.0,19,-143202.37913700007,-0.07380694743940264,8,stop
214150,2015-08-07,2015-08-24,4570.0,4400.0,431,-81126.09797049989,-0.04114034228215124,10,time
047810,2015-08-21,2015-08-25,82100.0,90310.00000000001,23,180534.68865850032,0.09549715894264232,2,target
066970,2015-11-06,2015-11-09,8390.0,8138.3,236,-67340.68222033978,-0.03397068711421547,1,stop
032820,2015-11-10,2015-11-13,666.0,646.02,2963,-67113.42901404318,-0.03397068711421569,3,stop
066970,2015-11-11,2015-11-16,8204.0,8511.0,240,65393.59580399981,0.03317409686636519,3,time
128940,2015-12-14,2015-12-17,523354.0,525776.0,3,810.1513803000562,0.0005154068152490865,3,time
087010,2015-12-14,2015-12-17,25849.0,26080.0,76,9453.231777400011,0.004806442493787477,3,time
028050,2016-01-25,2016-01-26,10850.0,10524.5,182,-67159.07010994968,-0.03397068711421547,1,stop
028050,2016-01-28,2016-01-29,11000.0,12100.000000000002,178,187198.49621,0.0954971589426421,1,target
196170,2016-02-04,2016-02-05,5561.0,5394.17,359,-67897.04785964126,-0.03397068711421547,1,stop
068270,2016-02-15,2016-02-18,75858.0,78634.0,26,63880.30889760004,0.03235139814217147,3,time
042660,2016-04-05,2016-04-06,21766.0,21113.02,91,-67363.33271950088,-0.03397068711421547,1,stop
001440,2016-04-11,2016-04-12,29822.0,28927.34,66,-66939.77518714173,-0.03397068711421547,1,stop
001440,2016-04-14,2016-04-18,28687.0,27826.39,68,-66343.38006208581,-0.03397068711421547,2,stop
086520,2016-04-29,2016-05-02,1916.0,1858.52,1022,-66596.27662629192,-0.03397068711421558,1,stop
058610,2016-05-02,2016-05-03,6160.0,5975.2,315,-65992.53539340012,-0.03397068711421569,1,stop
032820,2016-05-02,2016-05-03,770.0,746.9,2526,-66149.66047767014,-0.03397068711421569,1,stop
010060,2016-05-04,2016-05-09,94564.0,91727.08,20,-64321.97605588008,-0.03397068711421558,1,stop
028300,2016-05-11,2016-05-13,7956.0,7717.32,240,-64939.593270239886,-0.03397068711421558,2,stop
012450,2016-05-03,2016-05-19,44819.0,45431.0,42,17913.7798392002,0.00950553494810813,10,time
006260,2016-05-18,2016-06-01,53800.0,57500.0,35,121401.31692499993,0.06439821965532144,10,time
043260,2016-05-30,2016-06-03,1175.0,1092.75,1616,-140305.81914620008,-0.07380694743940264,4,stop
030200,2016-05-30,2016-06-13,31850.0,29620.499999999996,59,-138853.84455897543,-0.07380694743940275,9,stop
145020,2016-06-01,2016-06-14,115944.0,107827.92,16,-137077.0414584959,-0.07380694743940253,8,stop
015760,2016-06-01,2016-06-15,62300.0,57938.99999999999,31,-142707.30383245018,-0.07380694743940264,9,stop
035420,2016-06-01,2016-06-16,140198.0,140399.0,13,-4863.976021450013,-0.00266567401176776,10,time
095610,2016-06-03,2016-06-20,16500.0,16150.0,119,-49574.0294174999,-0.0252187814367123,10,time
012450,2016-06-14,2016-06-27,49048.0,45614.64,35,-126848.63788281986,-0.07380694743940253,9,stop
005290,2016-06-15,2016-06-29,7930.0,9516.0,223,345388.1236740998,0.19508780975560946,10,target
010170,2016-07-01,2016-07-06,1438.0,1337.34,1294,-137495.86038777814,-0.07380694743940264,3,stop
035420,2016-06-23,2016-07-07,146808.0,150813.0,12,40698.53416979988,0.023075365174654028,10,time
033780,2016-07-01,2016-07-12,137500.0,127874.99999999999,13,-132081.65774375014,-0.07380694743940264,7,stop
066970,2016-07-12,2016-07-14,10754.0,12904.8,154,323459.6428540398,0.19508780975560946,2,target
145020,2016-07-14,2016-07-18,123617.0,114963.81,16,-146148.59444192797,-0.07380694743940253,2,stop
214370,2016-07-05,2016-07-19,21744.0,21248.0,87,-50777.46543599991,-0.026811006036638663,10,time
012450,2016-07-05,2016-07-19,50116.0,53784.0,37,127716.64297179994,0.06879710338507494,10,time
005290,2016-07-06,2016-07-20,9960.0,10750.0,178,132939.8283929997,0.0748990926098394,10,time
043260,2016-07-19,2016-07-20,1335.0,1241.55,1435,-141556.43847896275,-0.07380694743940275,1,stop
066970,2016-07-18,2016-07-21,13164.0,12242.519999999999,139,-135206.9868603542,-0.07380694743940264,3,stop
034220,2016-07-08,2016-07-22,25695.0,27821.0,70,141010.0437690001,0.07830764594962747,10,time
036930,2016-07-19,2016-08-02,10100.0,11250.0,189,208886.18735250016,0.10930180360978614,10,time
084370,2016-07-21,2016-08-04,18700.0,20050.0,95,120591.46028749994,0.06780350203208418,10,time
064350,2016-07-22,2016-08-05,20250.0,21500.0,91,105862.70126250014,0.0573822185080497,10,time
098460,2016-07-22,2016-08-05,9190.0,9230.0,201,446.14362000022084,0.00024124809977132955,10,time
031980,2016-07-22,2016-08-05,11230.0,12247.0,164,158748.5637326003,0.08609679475192578,10,time
009540,2016-08-02,2016-08-17,114459.0,126724.0,18,211675.79327309993,0.10262413909107093,10,time
095610,2016-08-08,2016-08-17,20800.0,19344.0,93,-142936.36852560006,-0.07380694743940264,6,stop
012450,2016-08-04,2016-08-19,59997.0,59591.0,32,-20821.849507200066,-0.010832796207219664,10,time
145020,2016-08-18,2016-08-22,127880.0,153456.0,16,399624.36571519985,0.19508780975560946,2,target
084370,2016-08-08,2016-08-23,20800.0,22200.0,93,121888.60580999986,0.0629386769460949,10,time
064350,2016-08-08,2016-08-23,21550.0,23450.0,90,162547.42454999988,0.08371265037776654,10,time
141080,2016-08-24,2016-08-25,24497.0,22782.21,86,-155671.0354116829,-0.07380694743940253,1,stop
006260,2016-08-18,2016-09-01,58600.0,62600.0,34,127433.81152000045,0.06388647455490859,10,time
005930,2016-08-19,2016-09-02,32760.0,31940.0,59,-56158.538229000056,-0.029021554650128012,10,time
035420,2016-08-22,2016-09-05,160226.0,170241.0,15,139932.55629074993,0.05815610356935785,10,time
003490,2016-09-02,2016-09-06,21274.0,19784.82,88,-138333.79381368798,-0.07380694743940253,2,stop
036570,2016-08-25,2016-09-08,273000.0,279500.0,7,37534.20352500002,0.019618567847047963,10,time
066970,2016-08-26,2016-09-09,14509.0,15390.0,148,121203.41365420027,0.056378879324260334,10,time
105560,2016-09-01,2016-09-20,38600.0,38500.0,55,-14184.26432499988,-0.006673560544236401,10,time
003230,2016-09-06,2016-09-20,28400.0,34080.0,75,416014.96470000036,0.1950878097556097,7,target
034020,2016-09-06,2016-09-21,22605.0,21022.649999999998,94,-157010.546623755,-0.07380694743940264,8,stop
161390,2016-09-08,2016-09-27,59700.0,62300.0,33,77473.19348999974,0.039279320879040514,10,time
000660,2016-09-09,2016-09-28,38550.0,41200.0,59,146567.9213925004,0.06436700739150725,10,time
003230,2016-09-27,2016-09-28,40200.0,37386.0,57,-169315.7541561001,-0.07380694743940264,1,stop
084370,2016-09-28,2016-09-29,21650.0,20134.5,105,-167974.6173236249,-0.07380694743940253,1,stop
010170,2016-09-20,2016-10-05,1496.0,1558.0,1558,86759.27674459992,0.03718070833290987,10,time
066970,2016-09-20,2016-10-05,16271.0,16921.0,143,83140.47960790014,0.03569135419225766,10,time
012330,2016-09-21,2016-10-06,283500.0,272500.0,6,-72776.46690000012,-0.042735366965304,10,time
237690,2016-09-29,2016-10-10,57300.0,53289.0,38,-160892.08479509992,-0.07380694743940253,6,stop
095610,2016-09-29,2016-10-11,22350.0,20785.5,98,-161845.2894859505,-0.07380694743940275,7,stop
031980,2016-10-05,2016-10-11,12840.0,11941.199999999999,189,-179317.75314474013,-0.07380694743940264,4,stop
036570,2016-10-06,2016-10-12,303000.0,281790.0,5,-111946.13229750004,-0.07380694743940264,4,stop
012450,2016-10-05,2016-10-19,66721.0,68657.0,36,59646.836627999786,0.024804081603379213,10,time
131970,2016-10-19,2016-10-20,6138.0,5708.339999999999,427,-193665.03547059884,-0.07380694743940253,1,stop
028260,2016-10-10,2016-10-24,162000.0,167500.0,13,62658.40522499988,0.0297181488377809,10,time
131970,2016-10-24,2016-10-25,6214.0,5779.0199999999995,349,-160248.1913318392,-0.07380694743940264,1,stop
000720,2016-10-12,2016-10-26,41691.0,41108.0,45,-33846.27043725015,-0.01802008260308785,10,time
009540,2016-10-12,2016-10-26,138078.0,134445.0,13,-54446.09292135015,-0.03029700252397849,10,time
086790,2016-10-12,2016-10-26,30700.0,32150.0,62,81834.45642500021,0.04294443766674405,10,time
105560,2016-10-20,2016-11-03,41150.0,41000.0,59,-18773.724627499934,-0.007723770757796844,10,time
055550,2016-10-25,2016-11-08,43700.0,42550.0,46,-60982.249794999836,-0.030301557873737783,10,time
005490,2016-10-26,2016-11-09,247500.0,230174.99999999997,7,-128017.60673624999,-0.07380694743940253,10,stop
032640,2016-10-26,2016-11-09,12050.0,11700.0,154,-61346.129845000105,-0.03302023691973499,10,time
000660,2016-10-27,2016-11-09,42900.0,39897.0,46,-145818.15014909976,-0.07380694743940241,9,stop
095610,2016-11-09,2016-11-11,22450.0,20878.5,82,-136027.4818128501,-0.07380694743940264,2,stop
086790,2016-11-11,2016-11-17,35000.0,32549.999999999996,51,-131896.92815249995,-0.07380694743940253,4,stop
003230,2016-11-09,2016-11-21,50800.0,47244.0,36,-135133.39059119998,-0.07380694743940253,8,stop
222800,2016-11-08,2016-11-22,9894.0,10465.0,220,116329.1959830001,0.05338201006438714,10,time
005490,2016-11-11,2016-11-25,244500.0,263500.0,7,125593.84005000023,0.07329801591889296,10,time
055550,2016-11-11,2016-11-25,45000.0,43950.0,40,-49252.941899999976,-0.027331310393351127,10,time
005490,2016-12-09,2016-12-19,278000.0,258539.99999999997,6,-123251.58328200015,-0.07380694743940264,6,stop
047050,2016-12-09,2016-12-23,27650.0,28100.0,67,22468.995882499963,0.012114751480790442,10,time
000660,2016-12-09,2016-12-23,46450.0,46300.0,40,-13596.767299999949,-0.007309551638235989,10,time
024110,2016-12-09,2016-12-23,13750.0,13450.0,136,-48343.35356000019,-0.02582236113860925,10,time
055550,2016-12-09,2016-12-23,47250.0,46800.0,39,-25050.21977250022,-0.01357831575727475,10,time
105560,2016-12-19,2017-01-03,43500.0,43700.0,42,887.824980000034,0.00048538862682256934,10,time
000660,2016-12-26,2017-01-10,46200.0,49750.0,39,130657.70571749983,0.07243179176301529,10,time
095610,2016-12-28,2017-01-12,26600.0,25150.0,69,-107276.8838775002,-0.058381628591679946,10,time
036930,2017-02-02,2017-02-07,11700.0,10881.0,157,-135731.91446685,-0.07380694743940253,3,stop
028050,2017-02-02,2017-02-16,12750.0,12400.0,144,-57775.713479999686,-0.0314321018974143,10,time
000250,2017-02-02,2017-02-16,12750.0,13950.0,144,164766.28176000016,0.08963888536540887,10,time
086790,2017-02-02,2017-02-16,35350.0,35750.0,52,13205.369320000289,0.0071756058171392745,10,time
011070,2017-02-03,2017-02-17,103000.0,110500.0,18,127003.95045000012,0.06842397231387443,10,time
005940,2017-02-07,2017-02-21,11700.0,11700.0,147,-7048.494180000154,-0.004093491870325483,10,time
131970,2017-02-23,2017-02-24,8050.0,7486.499999999999,245,-145733.17453712528,-0.07380694743940275,1,stop
003670,2017-02-16,2017-03-03,11826.0,12099.0,158,35349.31932570017,0.018896739545149144,10,time
098460,2017-02-20,2017-03-07,9560.0,10180.0,200,115798.68339999998,0.06049458710879585,10,time
011070,2017-02-21,2017-03-08,115000.0,126000.0,16,167940.4552000002,0.09116713064642634,10,time
005490,2017-02-22,2017-03-09,288000.0,286000.0,6,-19046.31299999985,-0.01100950928789246,10,time
028050,2017-03-07,2017-03-10,13200.0,12276.0,154,-150207.3252371999,-0.07380694743940253,3,stop
032640,2017-02-24,2017-03-13,13250.0,14200.0,138,123219.9519450001,0.06731112569368913,10,time
010140,2017-03-03,2017-03-17,9412.0,10204.0,202,151720.76297200006,0.0797099457028474,10,time
066570,2017-03-09,2017-03-23,65500.0,72000.0,28,173947.3561000002,0.09473692496697073,10,time
105560,2017-03-09,2017-03-23,48950.0,50300.0,37,42380.28997249971,0.023372775463179396,10,time
017670,2017-03-10,2017-03-24,42961.0,44859.0,45,77235.38239050005,0.039905264034568066,10,time
086790,2017-03-13,2017-03-27,37700.0,38050.0,52,10112.234209999908,0.005152324518146401,10,time
005380,2017-03-23,2017-03-29,168500.0,156705.0,11,-136958.5189527499,-0.07380694743940253,4,stop
009150,2017-03-17,2017-03-31,63900.0,69500.0,32,170291.71007999987,0.08318469976545195,10,time
000720,2017-03-24,2017-04-03,50010.0,46509.299999999996,41,-151508.56047796528,-0.07380694743940275,6,stop
047040,2017-03-23,2017-04-06,7030.0,7190.0,276,36078.15861600009,0.01857294359208561,10,time
082920,2017-04-06,2017-04-11,7276.0,6766.679999999999,273,-146774.9016481021,-0.07380694743940264,3,stop
042700,2017-04-04,2017-04-12,3540.0,3292.2,593,-155115.22101752996,-0.07380694743940253,6,stop
003670,2017-03-30,2017-04-13,13781.0,13738.0,135,-13412.321286749793,-0.0072009572102552655,10,time
006400,2017-03-30,2017-04-13,137554.0,134127.0,13,-51748.070860849926,-0.02890535923412707,10,time
000250,2017-04-04,2017-04-18,14800.0,15000.0,141,19564.74122999981,0.009364704185480965,10,time
010170,2017-04-18,2017-04-19,1709.0,2050.7999999999997,1157,386193.3323454701,0.1950878097556097,1,target
000990,2017-04-11,2017-04-25,20850.0,21800.0,88,75834.16566000017,0.04128354327227379,10,time
036570,2017-04-13,2017-04-27,341500.0,355500.0,5,62795.960000000196,0.03673430055666005,10,time
011070,2017-04-24,2017-04-27,143000.0,132990.0,15,-158497.9892924996,-0.07380694743940241,3,stop
010170,2017-04-21,2017-05-02,2039.0,1896.27,1067,-160760.04008327448,-0.07380694743940253,6,stop
240810,2017-04-18,2017-05-04,26250.0,26900.0,75,40537.95131250005,0.0205670502357429,10,time
078600,2017-05-04,2017-05-12,5240.0,4873.2,388,-150230.97062488017,-0.07380694743940264,4,stop
000880,2017-04-25,2017-05-15,39200.0,42650.0,49,160679.80958749983,0.08355644315639332,10,time
090430,2017-05-12,2017-05-15,360500.0,349685.0,5,-61302.589696249925,-0.03397068711421558,1,stop
128940,2017-05-15,2017-05-16,331980.0,322020.6,5,-56452.79813414998,-0.03397068711421558,1,stop
241560,2017-04-27,2017-05-17,39350.0,38800.0,48,-34062.85164000024,-0.018013404944564937,10,time
005940,2017-04-27,2017-05-17,13500.0,14000.0,139,61604.83822500007,0.03279193435669958,10,time
066570,2017-05-16,2017-05-18,81400.0,78958.0,23,-63673.06986369984,-0.03397068711421547,2,stop
005930,2017-05-02,2017-05-19,45500.0,44720.0,44,-42423.41932400013,-0.021166174866834142,10,time
031980,2017-05-17,2017-05-22,13476.0,15497.4,141,276390.09906272986,0.14529248434912567,3,target
095340,2017-05-15,2017-05-24,22919.0,23449.0,85,36933.4254544999,0.018936764655209215,7,time
009830,2017-05-17,2017-05-26,34888.0,35372.0,54,18338.137678799685,0.009722684176875829,7,time
131970,2017-05-18,2017-05-29,8780.0,10097.0,210,268198.3966514997,0.14529248434912567,7,target
010140,2017-05-26,2017-05-29,10495.0,10180.15,181,-64604.76719780755,-0.03397068711421558,1,stop
005290,2017-05-19,2017-05-30,11650.0,13350.0,168,276737.0398799998,0.14123192133314633,7,time
012330,2017-05-22,2017-05-31,277000.0,274500.0,7,-25394.818924999796,-0.01308181775597217,7,time
078600,2017-05-31,2017-06-01,5910.0,5732.7,326,-65525.241311609745,-0.03397068711421547,1,stop
031980,2017-05-24,2017-06-02,14832.0,15383.0,150,73288.66830749996,0.03290384402365065,7,time
222800,2017-06-01,2017-06-05,10370.0,10058.9,179,-63129.93402045476,-0.03397068711421547,2,stop
084370,2017-05-29,2017-06-08,18950.0,19500.0,104,48954.63898000005,0.024811446360351264,7,time
214450,2017-05-29,2017-06-08,41000.0,40950.0,48,-10458.182279999834,-0.005308012002190665,7,time
141080,2017-05-30,2017-06-09,16415.0,17966.0,136,201165.16451719962,0.09000647731085798,7,time
207940,2017-06-08,2017-06-09,361447.0,350603.58999999997,5,-61463.62590274797,-0.0339706871142158,1,stop
145020,2017-06-08,2017-06-12,175110.0,169856.69999999998,11,-65509.93692028499,-0.03397068711421558,2,stop
042700,2017-06-09,2017-06-12,4480.0,4345.599999999999,496,-75572.40416768007,-0.03397068711421558,1,stop
011070,2017-06-09,2017-06-12,152500.0,147925.0,14,-72610.83439749968,-0.03397068711421547,1,stop
000990,2017-06-12,2017-06-13,22500.0,21825.0,91,-69634.98052874999,-0.03397068711421558,1,stop
035420,2017-06-12,2017-06-13,185463.0,179899.11,11,-69383.07024754072,-0.03397068711421569,1,stop
039030,2017-06-12,2017-06-13,99500.0,96515.0,20,-67679.41941500013,-0.03397068711421569,1,stop
036930,2017-06-02,2017-06-14,12000.0,12450.0,192,76703.03567999974,0.03325300218453742,7,time
034220,2017-06-05,2017-06-15,31010.0,35262.0,57,234405.64343579975,0.13246227957654244,7,time
010170,2017-06-13,2017-06-15,2520.0,2444.4,787,-67449.51344753988,-0.03397068711421547,2,stop
005290,2017-06-14,2017-06-15,15150.0,14695.5,139,-71619.44993722509,-0.03397068711421558,1,stop
042700,2017-06-14,2017-06-15,4455.0,4321.349999999999,475,-71968.90020581242,-0.03397068711421558,1,stop
128940,2017-06-15,2017-06-16,374956.0,363707.32,5,-63760.81504062982,-0.03397068711421547,1,stop
010140,2017-06-15,2017-06-20,11242.0,10904.74,179,-68438.44920520321,-0.03397068711421569,3,stop
039030,2017-06-15,2017-06-21,97400.0,94478.0,20,-66251.00955800014,-0.03397068711421569,4,stop
028300,2017-06-20,2017-06-21,6383.0,6191.51,310,-67296.1294367048,-0.03397068711421547,1,stop
078600,2017-06-20,2017-06-21,6300.0,6111.0,314,-67278.10426470009,-0.03397068711421558,1,stop
267270,2017-06-14,2017-06-22,79697.0,77306.09,26,-70472.36880253698,-0.03397068711421558,6,stop
009150,2017-06-21,2017-06-26,93200.0,107179.99999999999,20,271136.6804199999,0.1452924843491259,3,target
087010,2017-06-23,2017-06-26,24604.0,23865.88,80,-66942.08785071992,-0.03397068711421558,1,stop
086520,2017-06-16,2017-06-27,2373.0,2640.0,849,217758.17790045054,0.10796172838699603,7,time
031980,2017-06-26,2017-06-29,16824.0,16319.279999999999,120,-68661.6212404801,-0.03397068711421569,3,stop
006400,2017-06-27,2017-06-29,169861.0,164765.16999999998,12,-69323.17906282214,-0.03397068711421569,2,stop
068270,2017-06-21,2017-06-30,89901.0,90453.0,21,3820.7483622003347,0.0020214611612048294,7,time
018260,2017-06-29,2017-06-30,189000.0,183330.0,10,-64278.443564999616,-0.03397068711421536,1,stop
064760,2017-06-29,2017-07-03,43300.0,42001.0,47,-69213.25952334981,-0.03397068711421547,2,stop
078600,2017-06-23,2017-07-04,6380.0,6480.0,310,22803.190490000183,0.011516328006315524,7,time
145020,2017-07-04,2017-07-05,198265.0,192317.05,9,-60686.502921022475,-0.03397068711421558,1,stop
207940,2017-06-27,2017-07-06,399992.0,421082.0,5,96942.89205550007,0.04841672897522864,7,time
218410,2017-07-05,2017-07-06,11242.0,10904.74,173,-66144.42297486076,-0.03397068711421547,1,stop
006800,2017-06-30,2017-07-10,10706.0,10384.82,183,-66631.85083368304,-0.03397068711421558,6,stop
064760,2017-07-10,2017-07-11,49700.0,48209.0,39,-65921.1149005501,-0.03397068711421569,1,stop
267270,2017-07-10,2017-07-11,87771.0,85137.87,22,-65671.55129267741,-0.0339706871142158,1,stop
095610,2017-07-11,2017-07-12,30950.0,30021.5,62,-65261.325585649814,-0.03397068711421547,1,stop
047040,2017-07-04,2017-07-13,7810.0,7575.7,253,-67200.90211290517,-0.03397068711421569,7,stop
086520,2017-07-11,2017-07-17,2823.0,3246.45,681,279640.684576327,0.14529248434912567,4,target
064760,2017-07-13,2017-07-17,52200.0,50634.0,36,-63911.13817319996,-0.03397068711421558,2,stop
003670,2017-07-12,2017-07-21,14964.0,17208.6,127,276435.4824555896,0.14529248434912567,7,target
066970,2017-07-14,2017-07-24,22158.0,25481.699999999997,86,277186.0539528895,0.14529248434912567,6,target
036930,2017-07-24,2017-07-25,17600.0,17072.0,124,-74222.89695039997,-0.03397068711421558,1,stop
031980,2017-07-17,2017-07-26,17968.0,18265.0,110,24473.67687049997,0.012368230798558866,7,time
051910,2017-07-17,2017-07-26,322000.0,326500.0,6,19002.680249999976,0.009824456224654554,7,time
086520,2017-07-25,2017-07-26,4081.0,3958.5699999999997,517,-71756.40723470482,-0.03397068711421569,1,stop
005290,2017-07-18,2017-07-27,16700.0,17000.0,122,28142.42868999997,0.013797044203860409,7,time
078600,2017-07-26,2017-07-27,8570.0,8312.9,233,-67911.02587038535,-0.0339706871142158,1,stop
207940,2017-07-26,2017-07-27,425446.0,412682.62,4,-57877.262859163806,-0.03397068711421547,1,stop
066970,2017-07-27,2017-07-28,25032.0,24281.04,79,-67255.24970698776,-0.03397068711421547,1,stop
010170,2017-07-21,2017-07-31,3153.0,3058.41,691,-74097.84306839528,-0.03397068711421547,6,stop
003670,2017-07-26,2017-07-31,18786.0,18222.42,106,-67724.1762571861,-0.03397068711421569,3,stop
095340,2017-07-28,2017-07-31,26097.0,25314.09,76,-67454.00273566181,-0.03397068711421547,1,stop
035720,2017-08-01,2017-08-02,24385.0,23653.45,81,-67175.5648428225,-0.03397068711421558,1,stop
003230,2017-08-02,2017-08-03,52700.0,51119.0,37,-66315.62809914979,-0.03397068711421547,1,stop
010950,2017-07-27,2017-08-04,115000.0,111550.0,17,-66489.07786750002,-0.03397068711421558,6,stop
079550,2017-07-27,2017-08-07,80100.0,80400.0,24,-699.6056399997324,-0.0003635049484912445,7,time
087010,2017-08-08,2017-08-09,21770.0,21116.899999999998,89,-65894.9273865053,-0.03397068711421569,1,stop
267270,2017-08-02,2017-08-10,94230.0,91403.09999999999,20,-64094.79086910025,-0.03397068711421569,6,stop
180640,2017-08-09,2017-08-10,25950.0,25171.5,73,-64426.38601447502,-0.03397068711421558,1,stop
267250,2017-08-02,2017-08-11,92000.0,95500.0,21,65365.59592500003,0.03379425572156447,7,time
001440,2017-08-10,2017-08-11,11754.0,11401.38,159,-63560.3615240308,-0.03397068711421547,1,stop
066970,2017-08-16,2017-08-24,27443.0,32931.6,69,369836.71768172993,0.19508780975560946,6,target
055550,2017-08-11,2017-08-28,53800.0,53400.0,35,-21675.637899999972,-0.011498001224449328,10,time
009830,2017-08-11,2017-08-28,39604.0,42326.0,47,119928.50386969978,0.06435559193759732,10,time
000880,2017-08-14,2017-08-29,52000.0,49350.0,36,-102790.58642999968,-0.05484641968847204,10,time
003670,2017-08-21,2017-08-30,22971.0,27565.2,84,376867.3705851601,0.1950878097556097,7,target
031980,2017-08-24,2017-09-07,19917.0,21062.0,113,119780.07156854961,0.05315975670167217,10,time
010170,2017-08-28,2017-09-11,3626.0,3659.0,531,9580.642450650223,0.00497019118766695,10,time
007660,2017-08-28,2017-09-11,4332.0,4420.0,445,31144.290293999948,0.01613729592178248,10,time
005290,2017-08-30,2017-09-13,18300.0,19500.0,111,124482.64607999986,0.06121185292506315,10,time
010950,2017-08-30,2017-09-13,123000.0,122000.0,16,-24018.088800000027,-0.0121902927494284,10,time
086520,2017-09-12,2017-09-20,4729.0,4397.969999999999,436,-152353.4397365062,-0.07380694743940264,6,stop
036570,2017-09-07,2017-09-21,455000.0,448500.0,5,-41727.593374999706,-0.018320727700749107,10,time
178320,2017-09-13,2017-09-22,10173.0,9460.89,201,-151092.03219561465,-0.07380694743940264,7,stop
207940,2017-09-21,2017-09-22,497445.0,462623.85,4,-147028.4984309699,-0.07380694743940253,1,stop
095610,2017-09-11,2017-09-25,32300.0,31600.0,62,-51479.109949999955,-0.025676605049606227,10,time
000660,2017-09-13,2017-09-27,75000.0,82400.0,27,190912.1246100003,0.09416928359846932,10,time
068270,2017-09-20,2017-10-12,110176.0,121966.0,17,192163.22652409994,0.10247906232340886,10,time
078600,2017-09-22,2017-10-16,8650.0,8370.0,234,-73622.01038400014,-0.03633092797163284,10,time
005930,2017-09-25,2017-10-17,52999.0,54800.0,37,58404.13222554978,0.029749177258177717,10,time
098460,2017-09-25,2017-10-17,13300.0,13520.0,149,24561.95998100005,0.012380149617533975,10,time
068270,2017-10-16,2017-10-18,136503.0,163803.6,15,399910.4980735502,0.1950878097556097,2,target
034730,2017-09-28,2017-10-20,289500.0,296500.0,7,40550.543250000104,0.019987149086178047,10,time
010130,2017-10-12,2017-10-26,529000.0,491969.99999999994,4,-156355.1260340002,-0.07380694743940264,10,stop
005490,2017-10-17,2017-10-31,338500.0,325500.0,6,-86093.4963,-0.04234100916924932,10,time
018260,2017-10-18,2017-11-01,189000.0,209000.0,11,210831.27120000008,0.10129344020688902,10,time
098460,2017-10-19,2017-11-02,14340.0,15180.0,170,132388.42650000006,0.0542441278527519,10,time
066570,2017-10-20,2017-11-03,96500.0,92000.0,21,-102526.41157500003,-0.05053472800072467,10,time
095610,2017-10-26,2017-11-09,34850.0,37350.0,57,133939.03348500025,0.0673488688276429,10,time
006400,2017-11-02,2017-11-13,221261.0,205772.72999999998,11,-179843.19799409155,-0.07380694743940264,7,stop
051910,2017-10-31,2017-11-14,405000.0,392500.0,4,-56491.68149999995,-0.03483134705951285,10,time
005930,2017-11-01,2017-11-15,57500.0,55340.0,45,-107517.54203999927,-0.04150493634963115,10,time
028300,2017-11-15,2017-11-16,14585.0,16772.75,173,367024.37109396234,0.1452924843491259,1,target
005290,2017-11-03,2017-11-17,21500.0,23800.0,97,213895.493945,0.10244534388308169,10,time
078600,2017-11-16,2017-11-17,9390.0,10798.5,309,422052.4622346745,0.14529248434912567,1,target
066970,2017-11-09,2017-11-20,38058.0,39265.0,56,58658.454850800335,0.027491435222861904,7,time
031980,2017-11-17,2017-11-21,23604.0,22895.88,119,-95529.19441644568,-0.03397068711421547,2,stop
028300,2017-11-20,2017-11-21,15618.0,17960.699999999997,145,329409.24777142424,0.14529248434912545,1,target
058470,2017-11-13,2017-11-22,11773.0,11893.0,191,13637.041951399762,0.006057597994242769,7,time
078600,2017-11-21,2017-11-22,12000.0,13799.999999999998,221,385758.8393100002,0.1452924843491259,1,target
218410,2017-11-21,2017-11-22,10215.0,11747.25,260,386326.13172074966,0.14529248434912567,1,target
039490,2017-11-14,2017-11-23,80000.0,89800.0,19,179421.8090900001,0.11790505537555984,7,time
068270,2017-11-17,2017-11-23,170296.0,165187.12,16,-92667.61333625577,-0.03397068711421547,4,stop
036570,2017-11-22,2017-11-23,472500.0,458325.0,5,-80348.05445624981,-0.03397068711421547,1,stop
086520,2017-11-23,2017-11-24,4842.0,4696.74,520,-85631.13034164021,-0.03397068711421569,1,stop
064760,2017-11-23,2017-11-24,74500.0,72265.0,33,-83612.99127224972,-0.03397068711421547,1,stop
066970,2017-11-23,2017-11-24,44270.0,42941.9,56,-84314.27249251958,-0.03397068711421547,1,stop
042700,2017-11-23,2017-11-27,6450.0,6256.5,390,-85551.5475067501,-0.03397068711421558,2,stop
214150,2017-11-23,2017-11-27,3830.0,3715.1,658,-85709.35278618988,-0.03397068711421558,2,stop
218410,2017-11-24,2017-11-27,12831.0,12446.07,190,-82912.05014956463,-0.03397068711421547,1,stop
067310,2017-11-24,2017-11-27,4504.0,4368.88,541,-82870.3541856436,-0.03397068711421547,1,stop
078600,2017-11-27,2017-11-28,14000.0,13580.0,171,-81419.36184899975,-0.03397068711421547,1,stop
263750,2017-11-27,2017-11-28,39180.0,38004.6,61,-81282.64261983009,-0.03397068711421558,1,stop
095340,2017-11-27,2017-11-28,21571.0,20923.87,111,-81432.31956698792,-0.03397068711421536,1,stop
003230,2017-11-27,2017-11-29,71500.0,69355.0,33,-80246.0251807496,-0.03397068711421547,2,stop
131970,2017-11-28,2017-11-29,8151.0,7906.469999999999,285,-79005.85933704767,-0.03397068711421569,1,stop
214450,2017-11-30,2017-12-01,60500.0,58685.0,37,-76130.8444022499,-0.03397068711421558,1,stop
145020,2017-11-30,2017-12-01,166926.0,161918.22,13,-73802.46831582254,-0.03397068711421536,1,stop
010170,2017-11-24,2017-12-04,3506.0,4031.8999999999996,695,354437.0252569751,0.1452924843491259,6,target
267270,2017-12-01,2017-12-04,94844.0,91998.68,23,-74189.29530900205,-0.03397068711421558,1,stop
003230,2017-12-01,2017-12-05,71800.0,82570.0,31,323763.9609864997,0.14529248434912567,2,target
028300,2017-12-04,2017-12-05,16314.0,15824.58,147,-81560.77442484302,-0.03397068711421558,1,stop
196170,2017-12-05,2017-12-06,6682.0,6481.54,363,-82492.91388581088,-0.03397068711421558,1,stop
028050,2017-12-05,2017-12-06,14050.0,13628.5,172,-82187.98239109991,-0.03397068711421558,1,stop
087010,2017-11-30,2017-12-07,28152.0,27307.44,81,-77552.86042465223,-0.03397068711421569,5,stop
034020,2017-12-06,2017-12-07,13425.0,13022.25,177,-80814.83839166258,-0.03397068711421558,1,stop
003230,2017-12-07,2017-12-08,79100.0,76727.0,29,-78014.98502315022,-0.03397068711421569,1,stop
010170,2017-12-06,2017-12-11,4309.0,4179.73,553,-81041.07130520511,-0.0339706871142158,3,stop
000250,2017-12-08,2017-12-11,14600.0,14162.0,157,-77957.16843369976,-0.03397068711421547,1,stop
032820,2017-12-08,2017-12-11,640.0,620.8,3594,-78227.88611136004,-0.03397068711421558,1,stop
000250,2017-12-13,2017-12-14,15400.0,14938.0,147,-76991.29129229998,-0.03397068711421558,1,stop
214150,2017-12-11,2017-12-15,4500.0,4365.0,504,-77134.13227799954,-0.03397068711421536,4,stop
078600,2017-12-14,2017-12-15,14400.0,13968.0,156,-76399.52149440022,-0.03397068711421569,1,stop
080220,2017-12-14,2017-12-19,4460.0,4326.2,504,-76448.49554664036,-0.03397068711421569,3,stop
214450,2017-12-18,2017-12-19,57800.0,56066.0,38,-74699.03356939973,-0.03397068711421547,1,stop
064760,2017-12-18,2017-12-19,72400.0,70228.0,30,-73869.19546199962,-0.03397068711421547,1,stop
066570,2017-12-18,2017-12-19,106500.0,103305.0,20,-72440.78560499963,-0.03397068711421547,1,stop
058610,2017-12-15,2017-12-27,6230.0,6550.0,355,104201.31748999981,0.04706061448625487,7,time
010120,2017-12-19,2018-01-05,12940.0,13420.0,166,70642.0018480001,0.0328489442890445,10,time
010170,2017-12-28,2018-01-08,5352.0,6422.4,417,435894.62064695917,0.19508780975560924,5,target
218410,2017-12-21,2018-01-09,15269.0,18322.8,141,420493.27790451003,0.1950878097556097,10,target
024110,2017-12-22,2018-01-10,16800.0,16900.0,128,3949.4956799997017,0.0018345230590177675,10,time
141080,2017-12-28,2018-01-15,20268.0,22170.0,110,199466.35404300038,0.08936487493758105,10,time
005490,2018-02-02,2018-02-08,390000.0,362700.0,6,-172906.8974100002,-0.07380694743940264,4,stop
024110,2018-02-06,2018-02-09,16800.0,15623.999999999998,145,-180000.51371400058,-0.07380694743940286,3,stop
068270,2018-02-08,2018-02-09,201412.0,221553.2,11,211820.35684634,0.0954971589426421,1,target
218410,2018-02-08,2018-02-09,16683.0,18351.300000000003,140,223301.6096619009,0.09549715894264255,1,target
263750,2018-02-08,2018-02-12,44760.0,49236.00000000001,52,222527.19300240092,0.09549715894264255,2,target
028300,2018-02-09,2018-02-13,15718.0,15246.46,156,-83392.1999200685,-0.0339706871142158,2,stop
138040,2018-02-02,2018-02-20,16700.0,16050.0,144,-103179.41387999989,-0.0428563200310611,10,time
214150,2018-02-13,2018-02-20,5510.0,5690.0,447,70129.05624300009,0.028440659030462667,3,time
000250,2018-02-20,2018-02-21,46950.0,43663.5,52,-180399.52963110013,-0.07380694743940264,1,stop
058610,2018-02-20,2018-02-22,10500.0,12600.0,232,475780.4948399998,0.19508780975560946,2,target
214150,2018-02-23,2018-02-26,5560.0,5393.2,452,-85470.60428152,-0.03397068711421558,1,stop
080220,2018-02-19,2018-03-06,6060.0,5635.799999999999,407,-182248.3033803301,-0.07380694743940264,10,stop
141080,2018-03-06,2018-03-09,27925.0,30717.500000000004,87,232274.80417762557,0.09549715894264232,3,target
042660,2018-02-26,2018-03-13,22210.0,24120.0,112,203094.9986800002,0.08155177740151975,10,time
080220,2018-03-12,2018-03-14,6410.0,5961.299999999999,390,-184722.20206635073,-0.07380694743940286,2,stop
028050,2018-03-13,2018-03-14,18150.0,16879.5,140,-187759.15654649958,-0.07380694743940241,1,stop
098460,2018-03-14,2018-03-19,19640.0,18265.199999999997,125,-181404.45860750042,-0.07380694743940275,3,stop
039490,2018-03-13,2018-03-23,113000.0,105090.0,22,-183695.10553899966,-0.07380694743940241,8,stop
000660,2018-03-14,2018-03-23,89300.0,83049.0,27,-178160.6069851499,-0.07380694743940253,7,stop
066570,2018-03-14,2018-03-28,112500.0,109000.0,21,-82965.31582499947,-0.03507724990102612,10,time
064760,2018-03-14,2018-03-28,78600.0,82100.0,31,98194.4624549998,0.04025349004384582,10,time
028300,2018-03-28,2018-03-30,22884.0,27460.8,106,473769.56053175963,0.19508780975560946,2,target
058610,2018-03-28,2018-04-02,13150.0,12229.5,185,-179760.36524537485,-0.07380694743940253,3,stop
207940,2018-03-23,2018-04-06,680714.0,754894.0,3,213514.8346086,0.10443423750362513,10,time
028300,2018-04-02,2018-04-06,28415.0,34098.0,89,493931.8332176497,0.19508780975560946,4,target
098460,2018-03-28,2018-04-11,19860.0,19280.0,122,-80481.00672599953,-0.033178374786498877,10,time
207940,2018-04-11,2018-04-13,853803.0,794036.7899999999,2,-126178.14335841918,-0.07380694743940264,2,stop
196170,2018-04-11,2018-04-13,8983.0,10779.6,283,496520.50098391017,0.1950878097556097,2,target
214150,2018-04-16,2018-04-17,7300.0,6789.0,362,-195266.56713489955,-0.07380694743940241,1,stop
000100,2018-04-11,2018-04-18,39400.0,36642.0,64,-186325.65491839964,-0.07380694743940241,5,stop
145020,2018-04-16,2018-04-24,214327.0,199324.11,12,-190044.18769842526,-0.0738069474394023,6,stop
009150,2018-04-16,2018-04-30,119500.0,118500.0,22,-32709.310699999798,-0.012427437545050601,10,time
039490,2018-04-16,2018-04-30,114500.0,118500.0,23,80936.16969999997,0.030698001863462387,10,time
064350,2018-05-02,2018-05-03,28750.0,26737.5,87,-184821.9560456248,-0.07380694743940253,1,stop
010120,2018-05-03,2018-05-08,15380.0,14303.4,161,-182969.48770456994,-0.07380694743940253,2,stop
039490,2018-05-08,2018-05-09,123999.0,115319.06999999999,19,-174087.76284910645,-0.07380694743940253,1,stop
196170,2018-05-09,2018-05-11,9011.0,9912.1,262,225716.83356959,0.0954971589426421,2,target
218410,2018-05-04,2018-05-14,20928.0,25113.6,118,482324.2344537596,0.19508780975560946,5,target
000720,2018-05-02,2018-05-15,61783.0,74139.59999999999,40,482678.9213907998,0.19508780975560946,8,target
047050,2018-05-15,2018-05-16,26200.0,24366.0,104,-201340.47609520052,-0.07380694743940275,1,stop
010120,2018-05-15,2018-05-23,16060.0,14935.8,170,-201739.49201230006,-0.07380694743940264,5,stop
001440,2018-05-16,2018-05-23,15379.0,14302.47,166,-188639.50388656138,-0.07380694743940275,4,stop
071050,2018-05-14,2018-05-29,96000.0,98100.0,26,44209.92926999973,0.01769196299501119,10,time
039490,2018-05-14,2018-05-29,124500.0,127000.0,20,39648.07950000046,0.01590463078288118,10,time
028050,2018-05-15,2018-05-30,19300.0,17949.0,142,-202507.96711189998,-0.07380694743940253,10,stop
006260,2018-05-29,2018-06-04,90100.0,83793.0,28,-186414.32512219995,-0.07380694743940253,4,stop
032820,2018-06-01,2018-06-04,2505.0,2429.85,1025,-87324.30616856227,-0.03397068711421547,1,stop
003230,2018-05-23,2018-06-07,104500.0,111500.0,23,150675.34025000036,0.06261794886563377,10,time
000660,2018-05-24,2018-06-08,95300.0,88629.0,26,-183089.19247969985,-0.07380694743940253,10,stop
032820,2018-06-07,2018-06-12,2290.0,2519.0,1073,234922.63990415027,0.09549715894264232,3,target
131970,2018-05-29,2018-06-14,11220.0,13133.0,226,420671.55825510016,0.1657076801485755,10,time
001440,2018-06-11,2018-06-14,13817.0,13402.49,173,-81294.92014264874,-0.03397068711421569,2,stop
028300,2018-06-12,2018-06-15,40199.0,38993.03,62,-84763.813480373,-0.03397068711421558,2,stop
032820,2018-06-15,2018-06-18,2115.0,2051.5499999999997,1200,-86316.76707300032,-0.03397068711421569,1,stop
064350,2018-06-15,2018-06-19,32500.0,31525.0,78,-86214.7377975001,-0.03397068711421558,2,stop
028300,2018-06-18,2018-06-19,40837.0,39611.89,61,-84720.2469797344,-0.03397068711421558,1,stop
000720,2018-06-19,2018-06-20,61005.0,59174.85,40,-82990.6126917,-0.03397068711421558,1,stop
032820,2018-06-20,2018-06-22,2005.0,1944.85,1232,-84009.54505635984,-0.03397068711421547,2,stop
064350,2018-06-21,2018-06-22,31900.0,30943.0,77,-83538.16980355047,-0.0339706871142158,1,stop
064350,2018-06-25,2018-06-26,29300.0,32230.000000000004,83,232506.65114049986,0.0954971589426421,1,target
000720,2018-06-22,2018-06-27,59254.0,57476.38,41,-82623.78343651956,-0.0339706871142158,3,stop
064350,2018-06-28,2018-06-29,28850.0,27984.5,85,-83400.43028162466,-0.03397068711421547,1,stop
028300,2018-10-10,2018-10-11,38369.0,37217.93,63,-82209.98670484917,-0.03397068711421547,1,stop
196170,2018-10-11,2018-10-16,8259.0,9084.900000000001,294,232147.7424812708,0.09549715894264255,3,target
087010,2018-10-15,2018-10-16,25019.0,24268.43,97,-82536.34434741549,-0.03397068711421558,1,stop
042660,2018-10-22,2018-10-24,27185.0,26369.45,90,-83209.97563402448,-0.03397068711421536,2,stop
226950,2018-10-24,2018-10-25,30428.0,29515.16,80,-82787.91453104,-0.03397068711421558,1,stop
007660,2018-10-29,2018-10-30,4548.0,4411.5599999999995,534,-82597.18780537182,-0.03397068711421547,1,stop
032820,2019-03-05,2019-03-08,1285.0,1246.45,1878,-82073.36950495513,-0.03397068711421569,3,stop
180640,2019-04-16,2019-04-17,42000.0,39060.0,57,-176897.0565809994,-0.0738069474394023,1,stop
178320,2019-04-16,2019-04-22,11739.0,10917.269999999999,204,-176952.91880939435,-0.07380694743940275,4,stop
003490,2019-04-16,2019-04-23,23699.0,22040.07,101,-176867.425954564,-0.07380694743940275,5,stop
000270,2019-04-17,2019-05-02,42050.0,44900.0,55,146809.78111250047,0.06340552235487285,10,time
108490,2019-04-29,2019-05-02,17236.0,16718.92,131,-76791.17787328595,-0.03397068711421558,2,stop
131970,2019-04-18,2019-05-03,19522.0,19322.0,120,-33529.85404800018,-0.014296406613995893,10,time
218410,2019-04-26,2019-05-14,30197.0,33417.0,75,231506.54502000008,0.10210311561311847,10,time
178320,2019-04-30,2019-05-15,11915.0,14298.0,191,444484.64607534977,0.19508780975560946,9,target
035720,2019-05-07,2019-05-21,25290.0,25089.0,91,-27668.633715449832,-0.012008763050003535,10,time
078600,2019-08-06,2019-08-08,17600.0,19360.0,137,230527.5863439995,0.09549715894264188,2,target
028300,2019-11-14,2019-11-18,55087.0,60595.700000000004,44,231734.91147685982,0.0954971589426421,2,target
028300,2019-11-20,2019-11-22,52540.0,50963.799999999996,47,-83983.01744473027,-0.03397068711421569,2,stop
028300,2019-11-25,2019-11-26,50826.0,55908.600000000006,49,238106.73526562983,0.0954971589426421,1,target
028300,2019-11-29,2019-12-02,48359.0,46908.229999999996,52,-85523.25138767809,-0.03397068711421558,1,stop
010120,2019-12-13,2019-12-30,10900.0,10920.0,232,-5737.207111999858,-0.002266140479261658,10,time
011070,2019-12-13,2019-12-30,135500.0,140000.0,18,70765.69815000007,0.028980894008519886,10,time
058470,2019-12-13,2019-12-30,12574.0,12874.0,201,49764.54845819995,0.019667598668795305,10,time
005930,2019-12-13,2019-12-30,54500.0,55800.0,46,49349.51920999959,0.019662076213501578,10,time
095610,2019-12-13,2019-12-30,23100.0,25000.0,109,196170.60106500005,0.0778208962442366,10,time
222800,2019-12-30,2020-01-06,11654.0,10838.22,223,-192033.20815333305,-0.07380694743940264,3,stop
237690,2019-12-30,2020-01-06,29950.0,27853.499999999996,87,-192536.2637762255,-0.07380694743940275,3,stop
090430,2020-01-08,2020-01-09,219500.0,212915.0,11,-82116.56189824967,-0.03397068711421547,1,stop
080220,2020-01-08,2020-01-10,4510.0,4374.7,556,-85281.5100242598,-0.03397068711421547,2,stop
039030,2019-12-30,2020-01-15,101400.0,109300.0,25,186528.8231250001,0.0734968573823811,10,time
207940,2019-12-30,2020-01-15,625442.0,631987.0,4,15850.07443339983,0.006328270812239412,10,time
000990,2019-12-30,2020-01-15,28200.0,28800.0,92,44404.89755999949,0.01709600830264635,10,time
064350,2020-01-15,2020-01-16,17150.0,16635.5,154,-89823.17317435006,-0.03397068711421558,1,stop
095340,2020-01-16,2020-01-17,11100.0,12764.999999999998,231,372972.94112925,0.1452924843491259,1,target
036570,2020-01-09,2020-01-20,597000.0,630000.0,4,121824.35580000002,0.05095661661925477,7,time
214450,2020-01-17,2020-01-20,40100.0,38897.0,73,-99556.76605704986,-0.03397068711421558,1,stop
003230,2020-01-10,2020-01-21,100500.0,101000.0,24,2079.7650000001304,0.0008612668765886067,7,time
095340,2020-01-20,2020-01-21,13650.0,13240.5,195,-90525.47468737466,-0.03397068711421547,1,stop
006400,2020-01-15,2020-01-28,262870.0,279024.0,10,150290.83366300026,0.05710738206860566,7,time
067310,2020-01-15,2020-01-28,4339.0,4486.0,609,78429.78903164994,0.029646599555132713,7,time
005290,2020-01-20,2020-01-28,18900.0,18333.0,141,-90632.60542665003,-0.03397068711421558,4,stop
058470,2020-01-22,2020-01-29,14436.0,16601.399999999998,173,363274.85917808954,0.14529248434912567,3,target
086280,2020-01-28,2020-01-29,77280.0,74961.59999999999,34,-89361.32065392006,-0.03397068711421558,1,stop
042700,2020-01-28,2020-01-30,4800.0,4656.0,561,-91581.47768880008,-0.03397068711421558,2,stop
131970,2020-01-29,2020-01-30,35020.0,33969.4,86,-102427.86986962054,-0.0339706871142158,1,stop
003670,2020-01-29,2020-01-30,55858.0,54182.26,54,-102584.72287582187,-0.03397068711421558,1,stop
082920,2020-01-21,2020-02-03,8125.0,8554.0,308,121486.72275740001,0.04849037175892157,7,time
207940,2020-01-28,2020-02-06,693805.0,754894.0,3,174196.66476764996,0.08359531503526574,7,time
237690,2020-02-05,2020-02-06,31800.0,29573.999999999996,87,-204429.15486090025,-0.07380694743940264,1,stop
196170,2020-02-06,2020-02-07,22945.0,27534.0,115,515365.3929482498,0.19508780975560946,1,target
247540,2020-02-10,2020-02-11,18333.0,21999.6,154,551421.39040758,0.19508780975560946,1,target
006400,2020-02-05,2020-02-19,314269.0,326997.0,8,91220.32003040006,0.036241056034413965,10,time
084370,2020-02-06,2020-02-20,19400.0,20800.0,137,180342.3680499997,0.06777604995346542,10,time
222800,2020-02-07,2020-02-21,13509.0,13082.0,209,-100550.68718805024,-0.03557265975628077,10,time
196170,2020-02-10,2020-02-24,25448.0,25783.0,111,25499.076471150387,0.009016720335877304,10,time
247540,2020-02-21,2020-02-24,22212.0,20657.16,123,-201878.1130975741,-0.07380694743940264,1,stop
051910,2020-02-12,2020-02-26,408500.0,395000.0,8,-121074.52820000006,-0.037005946851355054,10,time
180640,2020-02-19,2020-02-26,48900.0,58680.0,55,525292.135005,0.1950878097556097,5,target
035720,2020-02-20,2020-02-27,38235.0,35558.549999999996,75,-211894.0776433125,-0.07380694743940264,5,stop
035420,2020-02-26,2020-02-28,189500.0,176235.0,15,-210037.5452512498,-0.07380694743940253,2,stop
086520,2020-03-02,2020-03-05,2932.0,3225.2000000000003,968,271349.4786411207,0.09549715894264232,3,target
003670,2020-03-02,2020-03-05,50494.0,54315.0,56,201756.85544839967,0.0712691010627653,3,time
196170,2020-03-12,2020-03-13,22583.0,21905.51,129,-99077.46653050976,-0.03397068711421569,1,stop
247540,2020-03-17,2020-03-18,16678.0,16177.66,174,-98695.36689376179,-0.03397068711421547,1,stop
180640,2020-03-18,2020-03-19,52100.0,50537.0,55,-97454.96298174933,-0.03397068711421536,1,stop
180640,2020-03-23,2020-03-24,53300.0,51701.0,53,-96074.16678664973,-0.03397068711421547,1,stop
180640,2020-05-18,2020-05-21,77000.0,79000.0,37,62106.07250000024,0.021774209639536357,3,time
066970,2020-06-16,2020-06-18,20396.0,19784.12,140,-97112.82481124019,-0.03397068711421569,2,stop
222800,2020-06-16,2020-06-19,10500.0,11450.0,273,246837.93293250026,0.08601233505569295,3,time
108490,2020-06-16,2020-06-19,11685.0,12026.0,245,71566.27574774949,0.02496976181150745,3,time
095340,2020-06-16,2020-06-19,15200.0,16350.0,188,203851.61526999995,0.07125469788948546,3,time
001440,2020-06-16,2020-06-19,5949.0,6077.0,482,49762.86465959996,0.01733465286670577,3,time
011200,2020-06-24,2020-06-25,4505.0,4369.849999999999,657,-100661.57306192257,-0.03397068711421558,1,stop
087010,2020-07-01,2020-07-02,17875.0,17338.75,165,-100307.531475937,-0.03397068711421547,1,stop
079550,2020-06-30,2020-07-03,30150.0,30000.0,97,-26492.4966825,-0.009048250617239129,3,time
108490,2020-06-30,2020-07-03,11637.0,11734.0,252,12353.868009000085,0.004207868556638461,3,time
214370,2020-07-02,2020-07-07,13460.0,13056.199999999999,216,-98878.61147256056,-0.0339706871142158,3,stop
066970,2020-07-08,2020-07-09,37942.0,36803.74,76,-98070.26753253257,-0.0339706871142158,1,stop
036930,2020-07-08,2020-07-09,7330.0,7110.099999999999,395,-98470.15427297493,-0.03397068711421558,1,stop
237690,2020-07-08,2020-07-10,50900.0,49373.0,56,-96941.41562840017,-0.03397068711421569,2,stop
035720,2020-07-08,2020-07-10,62623.0,72016.45,46,419019.3388118651,0.1452924843491259,2,target
043260,2020-07-08,2020-07-17,697.0,744.0,4160,183060.78440000024,0.06306232718576466,7,time
042700,2020-07-10,2020-07-17,4250.0,4887.5,715,442015.336709375,0.1452924843491259,5,target
178320,2020-07-09,2020-07-20,19099.0,20651.0,148,217434.65948079946,0.07683466670432515,7,time
010060,2020-07-09,2020-07-20,34766.0,36077.0,81,94337.22390525043,0.03346140176592871,7,time
009830,2020-07-10,2020-07-21,27390.0,31498.499999999996,111,442239.34448182443,0.14529248434912567,7,target
039490,2020-07-20,2020-07-21,103000.0,99910.0,28,-98084.14351399988,-0.03397068711421558,1,stop
001440,2020-07-21,2020-07-22,7102.0,6888.94,456,-110141.01101935236,-0.03397068711421569,1,stop
034020,2020-07-21,2020-07-22,5018.0,5770.7,645,470795.9716814244,0.14529248434912567,1,target
000150,2020-07-22,2020-07-23,49150.0,47675.5,69,-115338.99448897503,-0.03397068711421558,1,stop
010060,2020-07-22,2020-07-24,46090.0,44707.299999999996,74,-115995.72292561037,-0.03397068711421569,2,stop
042700,2020-07-23,2020-07-24,6050.0,5868.5,548,-112755.95333089959,-0.03397068711421547,1,stop
141080,2020-07-24,2020-07-27,59500.0,57715.0,54,-109273.35406049946,-0.03397068711421547,1,stop
353200,2020-07-17,2020-07-28,11750.0,13512.499999999998,279,476852.9091131245,0.14529248434912567,7,target
222800,2020-07-17,2020-07-28,14950.0,15500.0,219,106677.19566750014,0.032545209097656125,7,time
034020,2020-07-24,2020-07-28,7394.0,8503.099999999999,439,472156.89162885444,0.14529248434912567,2,target
001440,2020-07-27,2020-07-28,9410.0,9127.699999999999,334,-106890.63037999067,-0.0339706871142158,1,stop
005380,2020-07-20,2020-07-29,119500.0,125000.0,24,119857.21980000008,0.041743209340664,7,time
298040,2020-07-28,2020-07-29,47950.0,46511.5,72,-117415.29024539981,-0.03397068711421558,1,stop
226950,2020-07-28,2020-07-29,29026.0,28155.219999999998,119,-117472.90277629904,-0.03397068711421558,1,stop
267260,2020-07-28,2020-07-29,10450.0,10136.5,332,-117993.45613989979,-0.03397068711421547,1,stop
058470,2020-07-28,2020-07-29,28612.0,27753.64,121,-117743.5524344421,-0.03397068711421558,1,stop
141080,2020-07-29,2020-07-30,63200.0,61304.0,51,-109620.25359719992,-0.03397068711421558,1,stop
095610,2020-07-29,2020-07-30,27350.0,26529.5,119,-110689.86050202465,-0.03397068711421547,1,stop
131970,2020-07-29,2020-07-30,41461.0,47680.149999999994,79,476441.1130067571,0.14529248434912567,1,target
128940,2020-07-29,2020-07-30,253340.0,245739.8,12,-103392.38662068034,-0.03397068711421569,1,stop
010130,2020-07-29,2020-07-31,433500.0,420495.0,7,-103202.61216824967,-0.03397068711421547,2,stop
034020,2020-07-30,2020-08-03,9176.0,8900.72,368,-114843.06419052836,-0.03397068711421569,2,stop
240810,2020-07-30,2020-08-03,38800.0,37636.0,87,-114803.3407925996,-0.03397068711421547,2,stop
000270,2020-07-30,2020-08-03,40300.0,39091.0,83,-113759.24120664969,-0.03397068711421547,2,stop
267260,2020-07-31,2020-08-03,12400.0,12028.0,241,-101634.76230139984,-0.03397068711421558,1,stop
222800,2020-08-03,2020-08-07,19650.0,19060.5,160,-106926.68072399963,-0.03397068711421547,4,stop
066970,2020-08-03,2020-08-07,39769.0,45734.35,79,456997.820196467,0.14529248434912567,4,target
064350,2020-07-30,2020-08-10,17550.0,17023.5,192,-114599.2822416001,-0.03397068711421558,7,stop
011200,2020-08-03,2020-08-10,5920.0,6807.999999999999,533,458977.3797907997,0.14529248434912567,5,target
128940,2020-08-07,2020-08-10,337787.0,327653.39,9,-103392.48864995549,-0.03397068711421558,1,stop
067310,2020-08-07,2020-08-10,5072.0,4919.84,659,-113675.8492788081,-0.03397068711421558,1,stop
096770,2020-08-10,2020-08-11,188426.0,182773.22,17,-108941.48683705693,-0.03397068711421558,1,stop
051910,2020-08-10,2020-08-11,747000.0,724590.0,4,-101621.15839799959,-0.03397068711421547,1,stop
003670,2020-08-10,2020-08-11,89431.0,86748.06999999999,37,-112536.48835929995,-0.03397068711421569,1,stop
000880,2020-08-03,2020-08-12,25200.0,26150.0,125,105490.58906250028,0.03345060268218236,7,time
039490,2020-08-11,2020-08-12,119500.0,115915.0,27,-109732.4858002495,-0.03397068711421547,1,stop
003550,2020-08-11,2020-08-12,85019.0,82468.43,37,-106984.59934272524,-0.03397068711421547,1,stop
178320,2020-08-12,2020-08-13,22929.0,22241.13,140,-109173.36537050968,-0.03397068711421547,1,stop
000100,2020-08-12,2020-08-13,57849.0,56113.53,55,-108208.67857065797,-0.03397068711421569,1,stop
032830,2020-08-12,2020-08-13,57000.0,65550.0,56,464307.0192599995,0.14529248434912567,1,target
005380,2020-08-11,2020-08-14,171500.0,166355.0,18,-104988.12448949972,-0.03397068711421547,3,stop
086520,2020-08-13,2020-08-14,5718.0,5546.46,576,-112013.45228332747,-0.03397068711421547,1,stop
003490,2020-08-13,2020-08-14,15391.0,14929.27,214,-112017.05731772911,-0.03397068711421558,1,stop
071050,2020-08-10,2020-08-18,61700.0,59849.0,54,-113313.7133702999,-0.03397068711421558,5,stop
105560,2020-08-13,2020-08-18,40050.0,38848.5,82,-111691.44788985001,-0.03397068711421558,2,stop
028300,2020-08-14,2020-08-18,45801.0,44426.97,68,-105922.30453597801,-0.03397068711421558,1,stop
007660,2020-08-14,2020-08-18,4294.0,4165.18,726,-106023.51757727377,-0.03397068711421547,1,stop
028260,2020-08-14,2020-08-18,127500.0,123675.0,24,-104069.86101000011,-0.03397068711421558,1,stop
032830,2020-08-18,2020-08-19,64500.0,62565.0,47,-103100.58289274992,-0.03397068711421558,1,stop
090430,2020-08-18,2020-08-19,192500.0,186725.0,16,-104750.05617999984,-0.03397068711421558,1,stop
066570,2020-08-18,2020-08-19,88300.0,85651.0,34,-102104.09696870018,-0.03397068711421569,1,stop
000810,2020-08-18,2020-08-19,186500.0,180905.0,16,-101485.11936399993,-0.03397068711421558,1,stop
005380,2020-08-18,2020-08-19,163500.0,158595.0,18,-100090.71926550008,-0.03397068711421558,1,stop
064760,2020-08-20,2020-08-21,109000.0,105730.0,27,-100090.71926550008,-0.03397068711421558,1,stop
007660,2020-08-20,2020-08-21,4146.0,4021.62,722,-101805.21921100235,-0.03397068711421569,1,stop
000990,2020-08-20,2020-08-21,37900.0,36763.0,79,-101828.61792484997,-0.03397068711421558,1,stop
028300,2020-08-20,2020-08-21,40860.0,39634.2,73,-101443.6274586306,-0.0339706871142158,1,stop
010060,2020-08-25,2020-08-26,54036.0,52414.92,53,-97400.8194462182,-0.03397068711421569,1,stop
237690,2020-08-26,2020-08-27,65800.0,63826.0,43,-96227.21069990005,-0.03397068711421558,1,stop
078600,2020-08-26,2020-08-27,52500.0,50925.0,54,-96417.66534750024,-0.03397068711421569,1,stop
214450,2020-08-19,2020-08-28,68400.0,68200.0,43,-20628.27260999987,-0.007005499204037813,7,time
298380,2020-08-27,2020-08-28,34300.0,33271.0,80,-93322.77732399991,-0.03397068711421558,1,stop
034220,2020-08-25,2020-08-31,14049.0,13627.529999999999,206,-98427.43801629869,-0.03397068711421547,4,stop
051910,2020-08-28,2020-08-31,767000.0,743990.0,3,-78256.45430849958,-0.03397068711421536,1,stop
034020,2020-08-31,2020-09-01,11969.0,13764.349999999999,231,402172.3542681071,0.14529248434912567,1,target
086280,2020-08-31,2020-09-02,72778.0,70594.66,38,-94056.16375629418,-0.03397068711421569,2,stop
009830,2020-08-28,2020-09-03,44138.0,50758.7,63,404478.6161071947,0.14529248434912567,4,target
298040,2020-09-02,2020-09-03,49400.0,56809.99999999999,54,388028.00895299995,0.1452924843491259,1,target
000250,2020-08-26,2020-09-04,58100.0,56357.0,49,-96822.38147365069,-0.0339706871142158,7,stop
178320,2020-08-27,2020-09-04,24430.0,28094.499999999996,113,401554.29645957425,0.14529248434912567,6,target
006260,2020-09-01,2020-09-04,45350.0,52152.49999999999,70,461761.4763912498,0.1452924843491259,3,target
034020,2020-09-03,2020-09-04,14894.0,14447.18,210,-106373.68205079017,-0.03397068711421569,1,stop
272210,2020-09-03,2020-09-04,11444.0,11100.68,273,-106253.69562280225,-0.03397068711421569,1,stop
267260,2020-09-04,2020-09-07,12850.0,14777.499999999998,242,452335.69479725,0.1452924843491259,1,target
067310,2020-09-04,2020-09-08,4778.0,5494.7,652,453143.86829317966,0.14529248434912567,2,target
298040,2020-09-07,2020-09-08,68600.0,66542.0,52,-121319.61052120011,-0.03397068711421558,1,stop
087010,2020-09-04,2020-09-09,20089.0,19486.329999999998,155,-105899.41596850753,-0.03397068711421558,3,stop
006260,2020-09-08,2020-09-09,64800.0,62856.0,54,-119006.94694319973,-0.03397068711421547,1,stop
032820,2020-09-08,2020-09-09,938.0,1078.6999999999998,3760,513018.5275963992,0.14529248434912567,1,target
267260,2020-09-09,2020-09-10,17150.0,19722.5,203,506410.298309125,0.1452924843491259,1,target
012450,2020-09-04,2020-09-11,29030.0,28159.1,107,-105641.45195028465,-0.03397068711421547,5,stop
009830,2020-09-10,2020-09-11,58106.0,56362.82,68,-134379.62986326776,-0.03397068711421558,1,stop
010170,2020-09-09,2020-09-14,3777.0,3663.69,922,-118435.37894184841,-0.03397068711421547,3,stop
222800,2020-09-04,2020-09-15,19250.0,20000.0,161,107692.6766125001,0.034708060394467166,7,time
307950,2020-09-14,2020-09-15,53200.0,61179.99999999999,63,487522.3702229997,0.14529248434912567,1,target
067310,2020-09-11,2020-09-16,6148.0,5963.5599999999995,558,-116673.33335396461,-0.0339706871142158,3,stop
001440,2020-09-09,2020-09-17,7566.0,7339.0199999999995,460,-118366.20309306029,-0.03397068711421569,6,stop
080220,2020-09-16,2020-09-17,4545.0,4408.65,735,-113612.14900113782,-0.03397068711421569,1,stop
237690,2020-09-17,2020-09-18,75300.0,73041.0,43,-110120.1970471493,-0.03397068711421536,1,stop
267270,2020-09-17,2020-09-18,28600.0,27742.0,115,-111858.09570649918,-0.03397068711421536,1,stop
071050,2020-09-11,2020-09-21,79000.0,76630.0,43,-115531.14962450042,-0.03397068711421569,6,stop
141080,2020-09-18,2020-09-21,64000.0,62080.0,49,-106654.60265599983,-0.03397068711421558,1,stop
011200,2020-09-15,2020-09-22,7270.0,7051.9,488,-120658.46081596054,-0.03397068711421569,5,stop
226950,2020-09-15,2020-09-22,30878.0,29951.66,114,-119717.47881778143,-0.03397068711421547,5,stop
307950,2020-09-18,2020-09-22,59900.0,58103.0,53,-107970.78030995047,-0.03397068711421569,2,stop
237690,2020-09-21,2020-09-22,76700.0,74399.0,41,-106950.48755495017,-0.03397068711421569,1,stop
066970,2020-09-21,2020-09-22,44145.0,42820.65,72,-108097.97680673981,-0.03397068711421558,1,stop
028300,2020-09-22,2020-09-23,53435.0,51831.95,60,-109038.68672685046,-0.03397068711421569,1,stop
043260,2020-09-24,2020-09-25,1115.0,1081.55,2859,-108415.79799992312,-0.0339706871142158,1,stop
032820,2020-09-25,2020-09-28,1260.0,1449.0,2513,460580.34450015007,0.1452924843491259,1,target
032820,2020-10-05,2020-10-06,1475.0,1430.75,2209,-110813.14587658737,-0.03397068711421558,1,stop
267270,2020-10-06,2020-10-07,30200.0,29294.0,107,-109899.13361690007,-0.03397068711421558,1,stop
226950,2020-10-05,2020-10-14,34031.0,33010.07,95,-109951.67869378254,-0.03397068711421558,6,stop
241560,2020-10-07,2020-10-15,28550.0,27693.5,112,-108749.6037796,-0.03397068711421558,5,stop
357780,2020-10-14,2020-10-15,250900.0,243373.0,12,-102396.58089179965,-0.03397068711421547,1,stop
307950,2020-10-06,2020-10-16,66600.0,68000.0,48,53900.765279999934,0.016841479772040202,7,time
000270,2020-10-07,2020-10-16,49850.0,48354.5,64,-108504.73351839976,-0.03397068711421547,6,stop
086280,2020-10-15,2020-10-16,84783.0,97500.45,36,443970.0227133897,0.14529248434912567,1,target
095340,2020-10-15,2020-10-16,20900.0,20273.0,147,-104488.18103955034,-0.03397068711421569,1,stop
003490,2020-10-07,2020-10-19,15158.0,15934.0,212,150857.4610911999,0.0468910344727691,7,time
043260,2020-10-16,2020-10-19,1080.0,1047.6,2968,-109016.24028624035,-0.03397068711421569,1,stop
086280,2020-10-19,2020-10-20,92786.0,90002.42,34,-107291.40137415426,-0.03397068711421569,1,stop
086280,2020-10-22,2020-10-23,98287.0,95338.39,32,-106966.94827806391,-0.03397068711421558,1,stop
010170,2020-10-22,2020-10-23,3794.0,3680.18,842,-108645.80599665781,-0.03397068711421558,1,stop
145020,2020-10-23,2020-10-26,219900.0,213303.0,14,-104702.44251809968,-0.03397068711421547,1,stop
047050,2020-10-23,2020-10-26,15150.0,14695.5,204,-105110.55962009961,-0.03397068711421547,1,stop
214150,2020-10-16,2020-10-27,14400.0,14900.0,222,97571.64069000026,0.030486595217510626,7,time
034020,2020-10-21,2020-10-27,12885.0,12498.449999999999,247,-108239.28735330747,-0.03397068711421558,4,stop
241560,2020-10-22,2020-10-27,31150.0,30215.5,102,-108059.2056820495,-0.03397068711421547,3,stop
011200,2020-10-26,2020-11-04,8190.0,9828.0,365,583856.4951765006,0.1950878097556099,7,target
011200,2020-11-06,2020-11-10,10300.0,12360.0,313,629666.9693410001,0.1950878097556097,2,target
043260,2020-11-06,2020-11-10,1275.0,1185.75,2530,-238356.59158987505,-0.07380694743940264,2,stop
000270,2020-10-28,2020-11-11,52600.0,58100.0,59,310825.00389500055,0.10004121905578156,10,time
009830,2020-11-10,2020-11-13,62642.0,58257.06,55,-254580.28321181517,-0.07380694743940264,3,stop
003490,2020-11-11,2020-11-16,19307.0,23168.399999999998,179,674989.7489670697,0.19508780975560946,3,target
307950,2020-11-12,2020-11-18,71400.0,85680.0,48,669373.9375680005,0.1950878097556097,4,target
034020,2020-11-10,2020-11-19,15201.0,14136.929999999998,227,-254973.16610648576,-0.07380694743940264,7,stop
006400,2020-11-06,2020-11-20,483641.0,504202.0,6,111109.96558649978,0.038245420078111936,10,time
319660,2020-11-20,2020-11-25,19500.0,18135.0,154,-221897.18500949908,-0.0738069474394023,3,stop
000270,2020-11-13,2020-11-27,59000.0,58700.0,54,-29209.10678999964,-0.009157423267594722,10,time
009150,2020-11-16,2020-11-30,154500.0,156000.0,26,22422.55665000016,0.005575503354234623,10,time
058610,2020-11-19,2020-11-30,7900.0,7346.999999999999,405,-236416.9308817503,-0.07380694743940264,7,stop
226950,2020-11-25,2020-11-30,47644.0,57172.799999999996,58,539716.3308608797,0.19508780975560946,3,target
043260,2020-11-27,2020-11-30,1830.0,1775.1,1740,-108293.87301570037,-0.03397068711421569,1,stop
319400,2020-11-30,2020-12-01,3600.0,3492.0,929,-113742.2363273995,-0.03397068711421547,1,stop
096770,2020-11-30,2020-12-01,179078.0,173705.66,18,-109627.1915879338,-0.03397068711421558,1,stop
034020,2020-11-30,2020-12-01,16842.0,16336.74,198,-113412.88582608616,-0.03397068711421558,1,stop
042700,2020-11-18,2020-12-02,6300.0,6375.0,673,32950.238996250555,0.007762537988361462,10,time
000150,2020-12-01,2020-12-02,55000.0,53350.0,58,-108491.12961499952,-0.03397068711421547,1,stop
128940,2020-12-02,2020-12-03,341039.0,330807.83,11,-127585.19431989593,-0.03397068711421547,1,stop
003670,2020-12-01,2020-12-04,82063.0,94372.45,39,465537.17103377264,0.1452924843491259,3,target
319400,2020-12-03,2020-12-04,3580.0,3472.6,1061,-129181.98649122985,-0.03397068711421558,1,stop
036930,2020-12-03,2020-12-04,8660.0,8400.199999999999,438,-129001.73477117997,-0.03397068711421558,1,stop
068270,2020-12-01,2020-12-07,295520.0,339848.0,10,429862.1877559996,0.14529248434912567,4,target
307950,2020-12-04,2020-12-07,95000.0,92150.0,38,-122775.22818499943,-0.03397068711421547,1,stop
047040,2020-12-07,2020-12-08,4100.0,3977.0,857,-119500.08844144968,-0.03397068711421547,1,stop
066970,2020-11-30,2020-12-09,48954.0,52705.0,68,240673.66355220042,0.07221580485710066,7,time
237690,2020-12-07,2020-12-09,111000.0,107670.0,31,-117027.57899850002,-0.03397068711421558,2,stop
028300,2020-12-08,2020-12-09,48495.0,47040.15,71,-117100.52993048215,-0.03397068711421547,1,stop
036930,2020-12-09,2020-12-10,8830.0,8565.1,386,-115918.18067622976,-0.03397068711421547,1,stop
141080,2020-12-04,2020-12-11,60700.0,69805.0,60,529763.8358850004,0.1452924843491259,5,target
000660,2020-12-04,2020-12-15,116000.0,117500.0,31,31625.788474999834,0.008784609527903164,7,time
307950,2020-12-15,2020-12-16,112000.0,128799.99999999999,32,521327.1795199993,0.14529248434912567,1,target
000250,2020-12-09,2020-12-17,66900.0,64893.0,51,-116037.8950261497,-0.03397068711421547,6,stop
095340,2020-12-11,2020-12-17,23400.0,26909.999999999996,178,605868.2946809991,0.14529248434912567,4,target
263750,2020-12-09,2020-12-18,47900.0,53740.0,71,399480.052168,0.11732809492460783,7,time
066970,2020-12-17,2020-12-18,70017.0,67916.49,57,-135731.8918709862,-0.03397068711421547,1,stop
001440,2020-12-17,2020-12-18,13398.0,12996.06,301,-137154.4860592829,-0.03397068711421558,1,stop
047040,2020-12-10,2020-12-21,4260.0,4610.0,778,257914.66368900053,0.07772981278821622,7,time
272210,2020-12-16,2020-12-21,13501.0,13095.97,307,-140963.88509910973,-0.03397068711421569,3,stop
042700,2020-12-18,2020-12-21,8400.0,8148.0,460,-131413.70684400015,-0.03397068711421558,1,stop
319660,2020-12-18,2020-12-21,21100.0,20467.0,183,-131321.88049605023,-0.03397068711421569,1,stop
010060,2020-12-18,2020-12-22,61188.0,70366.2,63,560724.0373910693,0.14529248434912567,2,target
066970,2020-12-21,2020-12-22,66651.0,64651.47,56,-126939.92717187572,-0.03397068711421547,1,stop
015760,2020-12-21,2020-12-22,28600.0,27742.0,131,-127420.96119609987,-0.03397068711421558,1,stop
357780,2020-12-21,2020-12-22,275700.0,267429.0,13,-121894.37543985015,-0.03397068711421558,1,stop
000250,2020-12-22,2020-12-23,91100.0,88367.0,41,-127029.84897335013,-0.03397068711421558,1,stop
000100,2020-12-22,2020-12-23,66821.0,64816.369999999995,57,-129536.26614552503,-0.03397068711421569,1,stop
042700,2020-12-23,2020-12-24,8650.0,8390.5,434,-127676.03438484995,-0.03397068711421558,1,stop
000990,2020-12-23,2020-12-24,39450.0,45367.5,95,545146.1877918751,0.1452924843491259,1,target
066570,2020-12-24,2020-12-28,125000.0,121250.0,30,-127536.59437499987,-0.03397068711421558,1,stop
319400,2020-12-24,2020-12-28,4455.0,5123.25,867,561835.494137363,0.14529248434912612,1,target
011070,2020-12-24,2020-12-28,184500.0,178965.0,20,-125496.00886499975,-0.03397068711421547,1,stop
000990,2020-12-28,2020-12-29,43300.0,49794.99999999999,91,573154.4323277497,0.14529248434912567,1,target
010060,2020-12-24,2021-01-04,66195.0,76124.25,58,558464.4680811753,0.1452924843491259,4,target
003550,2020-12-29,2021-01-04,82185.0,94512.74999999999,50,597729.8304806245,0.14529248434912567,2,target
218410,2020-12-22,2021-01-05,41466.0,44637.0,92,275237.85104699945,0.07206575998129261,7,time
000250,2020-12-29,2021-01-05,79800.0,77406.0,52,-141126.89387160027,-0.03397068711421569,3,stop
067310,2021-01-04,2021-01-05,7841.0,7605.7699999999995,585,-156002.25209312234,-0.03397068711421558,1,stop
064760,2020-12-29,2021-01-06,122300.0,118631.0,34,-141419.3777947002,-0.03397068711421558,4,stop
096770,2021-01-05,2021-01-06,224832.0,258556.8,18,588671.4798172801,0.1452924843491259,1,target
011200,2021-01-05,2021-01-06,16300.0,15811.0,256,-141915.92026879964,-0.03397068711421547,1,stop
319400,2021-01-04,2021-01-07,5920.0,6807.999999999999,775,667368.6103899991,0.14529248434912567,3,target
047040,2021-01-06,2021-01-08,5900.0,5723.0,724,-145276.08440860035,-0.03397068711421569,2,stop
058610,2021-01-05,2021-01-11,9330.0,9050.1,447,-141838.03792183427,-0.03397068711421536,4,stop
064350,2021-01-06,2021-01-11,21850.0,21194.5,195,-144907.07852887455,-0.03397068711421547,3,stop
003670,2021-01-07,2021-01-11,126494.0,122699.18,43,-184987.30684305727,-0.03397068711421558,2,stop
096770,2021-01-08,2021-01-11,265666.0,305515.89999999997,15,579655.0215165736,0.14529248434912545,1,target
012330,2021-01-11,2021-01-12,368500.0,357445.0,12,-150391.1520870002,-0.03397068711421558,1,stop
018260,2021-01-11,2021-01-12,223000.0,216310.0,20,-151683.52290999983,-0.03397068711421558,1,stop
267260,2021-01-11,2021-01-12,20400.0,19788.0,222,-154023.39429480024,-0.03397068711421558,1,stop
039490,2021-01-12,2021-01-13,162500.0,157625.0,27,-149217.81541874912,-0.03397068711421536,1,stop
086520,2021-01-12,2021-01-13,8060.0,7818.2,551,-151039.37808401044,-0.03397068711421569,1,stop
005380,2021-01-11,2021-01-14,256500.0,248805.0,17,-148299.55193924904,-0.03397068711421536,3,stop
353200,2021-01-13,2021-01-14,16000.0,15520.0,268,-145833.84444799926,-0.03397068711421547,1,stop
000990,2021-01-13,2021-01-14,61300.0,59461.0,70,-145935.87372349948,-0.03397068711421547,1,stop
006400,2021-01-06,2021-01-15,678469.0,721547.0,6,241023.0134778004,0.05913955275987903,7,time
086790,2021-01-14,2021-01-15,39900.0,38703.0,104,-141126.89387160027,-0.03397068711421569,1,stop
012330,2021-01-14,2021-01-18,328500.0,318645.0,12,-134066.46800700016,-0.03397068711421558,2,stop
000270,2021-01-14,2021-01-18,71200.0,69064.0,58,-140446.69870160008,-0.03397068711421558,2,stop
100790,2021-01-15,2021-01-18,5948.0,5769.5599999999995,723,-146255.70149243344,-0.03397068711421547,1,stop
003490,2021-01-15,2021-01-18,26053.0,25271.41,165,-146199.27930308226,-0.03397068711421558,1,stop
064760,2021-01-18,2021-01-19,133100.0,129107.0,30,-135800.96569049964,-0.03397068711421547,1,stop
012450,2021-01-19,2021-01-20,40490.0,39275.299999999996,98,-134951.4019231703,-0.03397068711421569,1,stop
145020,2021-01-19,2021-01-20,226100.0,219317.0,17,-130723.30874645011,-0.03397068711421558,1,stop
080220,2021-01-12,2021-01-21,4275.0,4916.25,1039,646091.5084970621,0.14529248434912567,7,target
000270,2021-01-20,2021-01-21,96000.0,93120.0,40,-130597.47263999982,-0.03397068711421558,1,stop
036930,2021-01-18,2021-01-27,9350.0,10450.0,430,455128.7592500001,0.11307197967434224,7,time
042700,2021-01-19,2021-01-28,10050.0,9748.5,396,-135352.0368782999,-0.03397068711421558,7,stop
066570,2021-01-21,2021-01-28,168500.0,163445.0,26,-148996.75198850036,-0.03397068711421569,5,stop
079550,2021-01-21,2021-01-28,39750.0,38557.5,110,-148707.6690412499,-0.03397068711421558,5,stop
080220,2021-01-27,2021-01-28,6450.0,6256.5,703,-154212.14845447615,-0.0339706871142158,1,stop
100790,2021-01-20,2021-01-29,5671.0,5500.87,679,-130958.28216792643,-0.03397068711421558,7,stop
352820,2021-01-28,2021-01-29,210870.0,204543.9,19,-136261.1177230049,-0.03397068711421558,1,stop
128940,2021-01-28,2021-01-29,380434.0,369020.98,10,-129384.68465188984,-0.03397068711421558,1,stop
035420,2021-01-29,2021-02-01,362000.0,351140.0,10,-123115.32577000046,-0.03397068711421569,1,stop
226950,2021-01-28,2021-02-03,47000.0,54049.99999999999,88,601620.8745799987,0.14529248434912545,4,target
068270,2021-02-02,2021-02-03,321809.0,312154.73,12,-131335.756477518,-0.03397068711421558,1,stop
047050,2021-02-02,2021-02-04,18600.0,21390.0,210,568165.1683050012,0.14529248434912612,2,target
096770,2021-02-02,2021-02-04,318799.0,309235.02999999997,12,-130107.32400049781,-0.03397068711421558,2,stop
263750,2021-01-28,2021-02-05,61960.0,71254.0,67,603849.3155370997,0.1452924843491259,6,target
298040,2021-02-05,2021-02-08,86300.0,83711.0,50,-146752.10792749934,-0.03397068711421547,1,stop
272210,2021-02-05,2021-02-08,17479.0,16954.63,248,-147425.22906773165,-0.03397068711421547,1,stop
079550,2021-02-05,2021-02-09,43600.0,42292.0,99,-146799.72158940043,-0.03397068711421569,2,stop
263750,2021-02-08,2021-02-09,78600.0,76242.0,53,-141677.85195929976,-0.03397068711421558,1,stop
047810,2021-02-05,2021-02-10,38800.0,37636.0,112,-147792.8065375993,-0.03397068711421547,3,stop
032820,2021-02-09,2021-02-10,1325.0,1285.25,3118,-140506.21577897482,-0.03397068711421558,1,stop
298040,2021-02-10,2021-02-15,88300.0,85651.0,46,-138140.83707529958,-0.03397068711421547,1,stop
352820,2021-02-03,2021-02-16,229185.0,245520.0,18,276256.757452501,0.06688904542617435,7,time
047050,2021-02-08,2021-02-16,21800.0,21146.0,193,-143092.65791290067,-0.03397068711421569,4,stop
047810,2021-02-15,2021-02-16,40150.0,38945.5,98,-133818.19676994998,-0.03397068711421558,1,stop
353200,2021-02-10,2021-02-17,16300.0,15811.0,251,-139144.1249510497,-0.03397068711421547,3,stop
080220,2021-02-16,2021-02-17,6970.0,6760.9,587,-139147.18582931533,-0.03397068711421569,1,stop
064760,2021-02-16,2021-02-17,185600.0,180032.0,22,-138868.6459072004,-0.03397068711421569,1,stop
319400,2021-02-16,2021-02-17,6150.0,5965.5,666,-139300.56984014995,-0.03397068711421558,1,stop
095610,2021-02-17,2021-02-18,33050.0,32058.5,119,-133758.67969257478,-0.03397068711421558,1,stop
357780,2021-02-17,2021-02-18,312600.0,303222.0,12,-127577.40608519968,-0.03397068711421547,1,stop
035720,2021-02-17,2021-02-19,103367.0,100265.98999999999,38,-133588.4948610412,-0.03397068711421558,2,stop
222800,2021-02-18,2021-02-19,25400.0,24638.0,151,-130441.02775089955,-0.03397068711421547,1,stop
010950,2021-02-09,2021-02-22,81000.0,86600.0,51,267828.3727199994,0.0647593037534544,7,time
003670,2021-02-18,2021-02-22,154605.0,177795.75,24,539730.7271631011,0.14529248434912612,2,target
272210,2021-02-19,2021-02-22,19581.0,18993.57,195,-129859.29083175678,-0.03397068711421536,1,stop
010060,2021-02-19,2021-02-22,100126.0,97122.22,38,-129399.92102369806,-0.03397068711421558,1,stop
042700,2021-02-22,2021-02-23,12175.0,11809.75,329,-136228.6384036378,-0.03397068711421569,1,stop
043260,2021-02-22,2021-02-23,1980.0,1920.6,2023,-136227.44806208974,-0.03397068711421547,1,stop
087010,2021-02-22,2021-02-23,15020.0,14569.4,266,-135879.86833021976,-0.03397068711421558,1,stop
178320,2021-02-22,2021-02-23,23104.0,22410.88,173,-135936.73264643177,-0.03397068711421558,1,stop
267270,2021-02-23,2021-02-24,38750.0,37587.5,99,-130469.93604562478,-0.03397068711421558,1,stop
003670,2021-02-24,2021-02-25,167205.0,162188.85,22,-125105.2367398357,-0.0339706871142158,1,stop
138040,2021-02-17,2021-02-26,11050.0,12250.0,358,412121.44833999965,0.10405925109398306,7,time
011200,2021-02-23,2021-03-02,17100.0,19665.0,226,562143.1411755001,0.1452924843491259,4,target
000660,2021-02-26,2021-03-05,143500.0,139195.0,27,-131770.80930824997,-0.03397068711421558,4,stop
141080,2021-03-04,2021-03-05,57400.0,55678.0,70,-136651.20965299988,-0.03397068711421558,1,stop
086520,2021-03-05,2021-03-08,8968.0,8698.96,437,-133284.78771763574,-0.03397068711421547,1,stop
011200,2021-03-04,2021-03-09,20150.0,23172.5,202,592064.1793527501,0.1452924843491259,3,target
010060,2021-03-05,2021-03-09,100126.0,97122.22,39,-132805.1821032688,-0.03397068711421558,2,stop
098460,2021-03-04,2021-03-10,22439.0,21765.829999999998,181,-138129.23974765185,-0.03397068711421569,4,stop
105560,2021-03-09,2021-03-10,51900.0,50343.0,78,-137678.30435970007,-0.03397068711421558,1,stop
319400,2021-03-12,2021-03-15,6200.0,6014.0,647,-136426.74524690025,-0.03397068711421569,1,stop
005490,2021-03-05,2021-03-16,299500.0,306000.0,13,68294.54807499982,0.01752050580193809,7,time
100790,2021-03-15,2021-03-16,8064.0,7822.08,490,-134384.79934655968,-0.03397068711421547,1,stop
047040,2021-03-16,2021-03-17,6400.0,6208.0,610,-132774.09718400007,-0.03397068711421558,1,stop
010120,2021-03-16,2021-03-17,12360.0,11989.199999999999,316,-132833.9543589605,-0.03397068711421569,1,stop
105560,2021-03-12,2021-03-18,51100.0,49567.0,78,-135556.09542929986,-0.03397068711421558,4,stop
005290,2021-03-17,2021-03-19,33250.0,32252.5,113,-127783.16512412438,-0.03397068711421547,2,stop
237690,2021-03-17,2021-03-22,85000.0,82450.0,44,-127196.49678999977,-0.03397068711421558,3,stop
267270,2021-03-12,2021-03-23,46100.0,48350.0,87,178736.26847249968,0.04451365874337876,7,time
087010,2021-03-22,2021-03-23,16571.0,16073.869999999999,223,-125677.38290708093,-0.03397068711421569,1,stop
196170,2021-03-15,2021-03-24,83412.0,83162.0,47,-27781.796157300007,-0.007078393647436787,7,time
042700,2021-03-23,2021-03-24,13225.0,12828.25,293,-131785.26345561258,-0.03397068711421558,1,stop
100790,2021-03-18,2021-03-26,7911.0,9097.65,494,568461.0331161446,0.14529248434912567,6,target
011200,2021-03-23,2021-03-26,27350.0,31452.499999999996,142,564921.4193922491,0.14529248434912567,3,target
214450,2021-03-25,2021-03-26,70300.0,68191.0,55,-131498.73124025017,-0.03397068711421558,1,stop
039030,2021-03-19,2021-03-30,114100.0,120100.0,31,170955.9194799997,0.048276701370498776,7,time
011200,2021-03-29,2021-03-30,32600.0,31622.0,129,-143024.6383958999,-0.03397068711421558,1,stop
001440,2021-03-26,2021-03-31,9411.0,9128.67,449,-143709.5609223321,-0.03397068711421569,3,stop
090430,2021-03-24,2021-04-02,249500.0,258500.0,15,119264.49974999996,0.03183099138886125,7,time
009540,2021-03-30,2021-04-02,136500.0,126944.99999999999,28,-282414.5991030005,-0.07380694743940275,3,stop
241560,2021-03-29,2021-04-07,40550.0,40900.0,104,19009.761939999647,0.0045024952528653905,7,time
064760,2021-04-02,2021-04-08,201200.0,187116.0,18,-267606.67506839987,-0.07380694743940253,4,stop
031980,2021-04-07,2021-04-09,11000.0,10230.0,397,-322685.6499954993,-0.07380694743940241,2,stop
043260,2021-04-08,2021-04-12,2065.0,1920.4499999999998,1625,-247953.29385531228,-0.07380694743940253,2,stop
010140,2021-03-30,2021-04-13,7211.0,7183.0,542,-31148.50954160001,-0.007960553613166943,10,time
017670,2021-04-01,2021-04-15,47965.0,51847.0,86,315962.7535934001,0.07650921978524439,10,time
240810,2021-04-02,2021-04-16,55100.0,55900.0,67,38312.659579999745,0.010366130752246905,10,time
047040,2021-04-09,2021-04-23,7000.0,7090.0,578,35285.32523899991,0.008711020377056178,10,time
000720,2021-04-12,2021-04-26,44951.0,50011.0,69,335399.66283720033,0.1080127333779708,10,time
066970,2021-04-13,2021-04-27,92330.0,90696.0,42,-84317.92707660003,-0.021718437546529024,10,time
010060,2021-04-23,2021-04-28,112841.0,104942.12999999999,36,-300169.03400987433,-0.07380694743940264,3,stop
036930,2021-04-15,2021-04-29,12800.0,14000.0,347,396969.8668599995,0.08927274326683143,10,time
067310,2021-04-26,2021-04-29,10647.0,9901.71,325,-255686.07454503747,-0.07380694743940253,3,stop
028050,2021-04-16,2021-04-30,14800.0,17760.0,252,728436.3438240001,0.1950878097556097,10,target
042660,2021-04-27,2021-04-30,27674.0,33208.799999999996,137,740494.5278102192,0.19508780975560946,3,target
047040,2021-04-30,2021-05-04,7610.0,7077.299999999999,594,-334016.2242044108,-0.07380694743940275,2,stop
267260,2021-04-30,2021-05-04,22200.0,20646.0,203,-333000.95037090033,-0.07380694743940264,2,stop
267250,2021-04-28,2021-05-07,65100.0,78120.0,57,724744.9434330002,0.1950878097556097,6,target
000150,2021-04-29,2021-05-14,61100.0,68500.0,66,470433.7710599997,0.11652366296043715,10,time
000720,2021-04-29,2021-05-14,51372.0,50497.0,78,-84470.34855870018,-0.021056393735416568,10,time
028050,2021-05-04,2021-05-20,17850.0,19750.0,234,426171.5253900001,0.10191336333675483,10,time
010950,2021-05-04,2021-05-20,90900.0,96600.0,46,244290.8078099992,0.05835609114770679,10,time
267260,2021-05-07,2021-05-21,23400.0,21762.0,190,-328523.10507899895,-0.0738069474394023,9,stop
030200,2021-05-14,2021-05-31,31700.0,34200.0,133,314241.35235500056,0.07444803085283525,10,time
000810,2021-05-14,2021-05-31,217500.0,211500.0,19,-130599.73380000005,-0.03156677485321291,10,time
001440,2021-05-31,2021-06-01,15025.0,18030.0,284,833416.6459489996,0.19508780975560946,1,target
047040,2021-05-20,2021-06-02,7660.0,9192.0,594,888678.2769876001,0.1950878097556097,9,target
034020,2021-05-31,2021-06-02,17856.0,21427.2,239,833511.1770489598,0.19508780975560946,2,target
214450,2021-05-20,2021-06-03,78500.0,85000.0,58,357229.48055000044,0.07837010434423375,10,time
079550,2021-06-02,2021-06-04,46400.0,43152.0,112,-384001.0959232012,-0.07380694743940275,2,stop
001440,2021-06-04,2021-06-07,22473.0,26967.6,215,943688.9318620497,0.19508780975560946,1,target
032820,2021-06-07,2021-06-08,1940.0,2328.0,2982,1129896.6441252008,0.1950878097556097,1,target
003490,2021-05-26,2021-06-09,31350.0,34000.0,131,329295.89177250024,0.08008999286790885,10,time
241560,2021-06-03,2021-06-09,54500.0,50685.0,93,-374520.77330024913,-0.07380694743940241,4,stop
034020,2021-06-08,2021-06-09,30789.0,29865.329999999998,224,-234556.32579825725,-0.0339706871142158,1,stop
001440,2021-06-09,2021-06-10,28351.0,27500.469999999998,185,-178378.9726981977,-0.03397068711421558,1,stop
000150,2021-06-09,2021-06-10,99000.0,96030.0,53,-178449.20284949895,-0.03397068711421536,1,stop
032820,2021-06-10,2021-06-11,2395.0,2323.15,2126,-173169.86803754512,-0.03397068711421558,1,stop
145020,2021-06-10,2021-06-11,242500.0,235225.0,20,-164947.32872499898,-0.03397068711421536,1,stop
180640,2021-06-11,2021-06-14,78700.0,76339.0,62,-165947.21562490053,-0.03397068711421569,1,stop
035720,2021-06-02,2021-06-16,128000.0,143000.0,40,577248.3860000009,0.112614302051121,10,time
010950,2021-06-02,2021-06-16,101000.0,104500.0,51,156863.94487500098,0.030418119797534837,10,time
064350,2021-06-11,2021-06-16,24650.0,23910.5,199,-166829.7688579755,-0.03397068711421569,3,stop
145020,2021-06-16,2021-06-17,249000.0,241530.0,21,-177837.02719649952,-0.03397068711421547,1,stop
010140,2021-06-09,2021-06-18,6663.0,6463.11,791,-179246.15352043044,-0.03397068711421558,7,stop
064760,2021-06-18,2021-06-21,202100.0,196037.0,25,-171834.30482125003,-0.03397068711421558,1,stop
307950,2021-06-14,2021-06-23,124000.0,134000.0,38,359569.0226000007,0.07622154910787438,7,time
007660,2021-06-16,2021-06-23,3657.0,3547.29,1440,-179098.10904168058,-0.03397068711421569,5,stop
352820,2021-06-17,2021-06-23,292000.0,335800.0,17,722061.4171700012,0.14529248434912612,4,target
001440,2021-06-23,2021-06-24,32547.0,31570.59,163,-180427.24441361893,-0.03397068711421569,1,stop
214150,2021-06-16,2021-06-25,17950.0,17900.0,293,-36160.679237500764,-0.00686760470634129,7,time
035720,2021-06-21,2021-06-25,155500.0,150835.0,32,-169232.55829599965,-0.03397068711421547,4,stop
095340,2021-06-23,2021-06-25,24500.0,23765.0,216,-179979.64198200032,-0.03397068711421569,2,stop
028050,2021-06-24,2021-06-25,26500.0,25705.0,194,-174844.16844850034,-0.03397068711421569,1,stop
307950,2021-06-25,2021-06-28,143000.0,138710.0,35,-170218.84129249956,-0.03397068711421547,1,stop
298380,2021-06-25,2021-06-29,22300.0,21631.0,225,-170643.96327375062,-0.03397068711421569,2,stop
039490,2021-06-29,2021-06-30,135000.0,130950.0,36,-165287.42631,-0.03397068711421558,1,stop
005830,2021-06-29,2021-07-01,55600.0,53932.0,88,-166402.9463887997,-0.03397068711421547,2,stop
263750,2021-06-30,2021-07-01,74500.0,85675.0,64,693551.3370399997,0.1452924843491259,1,target
043260,2021-06-23,2021-07-02,1800.0,1870.0,2949,184067.36879849993,0.03463620566805092,7,time
010170,2021-06-25,2021-07-06,3112.0,3138.0,1615,21269.149964499287,0.004227063788855512,7,time
263750,2021-07-05,2021-07-06,83800.0,77934.0,62,-383912.42571939994,-0.07380694743940253,1,stop
277810,2021-06-29,2021-07-07,23450.0,22746.5,209,-166683.52689642552,-0.03397068711421569,6,stop
032820,2021-07-06,2021-07-07,3070.0,2855.1,1615,-366359.41995882615,-0.07380694743940275,1,stop
058470,2021-07-02,2021-07-16,36081.0,37303.0,145,155226.8976615006,0.029636109663292443,10,time
010950,2021-07-07,2021-07-16,106500.0,99045.0,43,-338387.66525174864,-0.0738069474394023,7,stop
000720,2021-07-05,2021-07-19,58572.0,56043.0,89,-245780.9895235505,-0.047094372138370755,10,time
012450,2021-07-06,2021-07-20,54496.0,52562.0,91,-195798.6920434991,-0.03943706179697648,10,time
047050,2021-07-07,2021-07-21,23950.0,23450.0,194,-115755.50581,-0.02488485947219743,10,time
078600,2021-07-20,2021-07-21,61700.0,57380.99999999999,77,-351052.72602785006,-0.07380694743940264,1,stop
032820,2021-07-16,2021-07-22,3065.0,2850.45,1587,-359421.34597065765,-0.07380694743940264,4,stop
086520,2021-07-19,2021-07-26,11249.0,13498.8,442,971103.536787021,0.1950878097556099,5,target
067310,2021-07-16,2021-07-28,11881.0,11049.33,409,-359064.7439677082,-0.07380694743940253,8,stop
042700,2021-07-23,2021-07-29,19825.0,18437.25,245,-358901.88636006135,-0.0738069474394023,4,stop
222800,2021-07-29,2021-07-30,26250.0,24412.5,171,-331681.98108937405,-0.07380694743940241,1,stop
047050,2021-07-26,2021-08-02,27200.0,25296.0,218,-438149.03371039964,-0.07380694743940253,5,stop
010130,2021-07-22,2021-08-05,517000.0,525000.0,8,46861.16960000014,0.011317053710017788,10,time
030200,2021-07-22,2021-08-05,34250.0,33400.0,130,-128421.47597499937,-0.028809419809309844,10,time
086520,2021-07-30,2021-08-09,13734.0,16480.8,304,815454.9557078392,0.19508780975560946,6,target
012450,2021-08-05,2021-08-10,56228.0,52292.03999999999,75,-311609.26370415045,-0.07380694743940264,3,stop
138040,2021-07-28,2021-08-11,23250.0,24450.0,194,213628.76286000013,0.04730813435572245,10,time
353200,2021-08-10,2021-08-11,17450.0,16228.499999999998,224,-288828.4105112003,-0.07380694743940264,1,stop
095340,2021-08-06,2021-08-12,29000.0,26970.0,148,-317143.76225799974,-0.07380694743940253,4,stop
005830,2021-08-02,2021-08-17,58300.0,62700.0,94,389921.7308800006,0.07106926346021636,10,time
086520,2021-08-12,2021-08-17,18985.0,17656.05,222,-311429.70654145535,-0.07380694743940264,2,stop
222800,2021-08-09,2021-08-24,30800.0,31400.0,162,76465.07082000002,0.015307284262070953,10,time
006400,2021-08-11,2021-08-26,785184.0,748960.0,5,-196675.25452800002,-0.0500390503005651,10,time
207940,2021-08-11,2021-08-26,1391974.0,1387610.0,3,-30167.167669799645,-0.007215774327812174,10,time
016360,2021-08-17,2021-08-31,47000.0,49450.0,104,234016.83526000008,0.04782078355345565,10,time
000810,2021-08-18,2021-09-01,230500.0,227000.0,21,-93120.65542499907,-0.019215716505699865,10,time
138040,2021-08-26,2021-09-02,25950.0,31140.0,152,770389.4022359997,0.19508780975560946,5,target
086520,2021-09-01,2021-09-02,20555.0,19116.149999999998,231,-350853.587528483,-0.07380694743940264,1,stop
079550,2021-08-24,2021-09-07,49550.0,52000.0,103,230690.28115249984,0.045149110448901686,10,time
078600,2021-09-06,2021-09-08,70000.0,84000.0,65,888670.4645000007,0.1950878097556097,2,target
353200,2021-08-26,2021-09-09,18900.0,17850.0,208,-233866.98971999995,-0.05942163121086286,10,time
067310,2021-08-31,2021-09-10,12155.0,14586.0,422,1001836.3005079003,0.1950878097556097,8,target
138040,2021-09-09,2021-09-14,37300.0,34689.0,122,-336252.1911768997,-0.07380694743940253,3,stop
247540,2021-09-10,2021-09-14,90778.0,108933.59999999999,58,1028342.8990615588,0.19508780975560924,2,target
067310,2021-09-13,2021-09-15,14278.0,13278.539999999999,379,-399855.47614631336,-0.07380694743940264,2,stop
028300,2021-09-02,2021-09-16,55880.0,60097.0,81,322020.4132291507,0.07106287435699832,10,time
058470,2021-09-14,2021-09-23,41147.0,38266.71,127,-386134.27935111895,-0.07380694743940264,4,stop
066970,2021-09-14,2021-09-24,150400.0,180480.0,34,998748.4147839993,0.19508780975560946,5,target
267260,2021-09-08,2021-09-27,26500.0,26200.0,204,-83174.44853999931,-0.015367905169906493,10,time
000810,2021-09-15,2021-10-05,232500.0,240000.0,22,143551.27875000052,0.028032524520954505,10,time
028050,2021-09-23,2021-10-05,27000.0,25110.0,182,-363104.484561,-0.07380694743940264,7,stop
247540,2021-09-16,2021-10-06,110001.0,102300.93,44,-357639.739900806,-0.07380694743940253,10,stop
003490,2021-09-24,2021-10-06,34450.0,32038.499999999996,177,-450566.55683422554,-0.07380694743940264,7,stop
028300,2021-10-05,2021-10-06,49509.0,48023.729999999996,99,-166695.12422407418,-0.03397068711421569,1,stop
078600,2021-09-27,2021-10-07,97800.0,90954.0,54,-390237.5669237999,-0.07380694743940253,7,stop
028300,2021-10-08,2021-10-12,45834.0,44458.979999999996,107,-166791.9500065241,-0.0339706871142158,1,stop
028300,2021-10-15,2021-10-18,46550.0,45153.5,105,-166231.19710837398,-0.03397068711421536,1,stop
000150,2021-11-30,2021-12-01,110500.0,107185.0,44,-165355.4458269989,-0.03397068711421536,1,stop
086520,2021-12-03,2021-12-07,22405.0,21732.85,216,-164589.54606558103,-0.0339706871142158,2,stop
352820,2021-12-03,2021-12-08,333500.0,341000.0,14,85555.95895000082,0.018303206213550638,3,time
000150,2021-12-03,2021-12-08,110500.0,114500.0,43,152020.33810000122,0.031957422451110995,3,time
066970,2021-12-07,2021-12-10,203000.0,205900.0,24,49428.38532000035,0.010133743960098585,3,time
277810,2022-01-18,2022-01-21,22000.0,23100.0,221,222457.88064500038,0.04570183353615853,3,time
108490,2022-01-25,2022-01-26,23079.0,22386.63,212,-166401.1778813582,-0.03397068711421558,1,stop
277810,2022-01-26,2022-01-27,21800.0,21146.0,223,-165335.03997190017,-0.03397068711421558,1,stop
319400,2022-01-27,2022-01-28,3365.0,3264.0499999999997,1438,-164568.80011289474,-0.03397068711421558,1,stop
058610,2022-01-26,2022-02-03,11300.0,12430.000000000002,432,466715.1067920001,0.0954971589426421,3,target
108490,2022-01-28,2022-02-03,21716.0,23887.600000000002,221,458840.53225582,0.0954971589426421,1,target
138040,2022-02-03,2022-02-04,44450.0,48895.00000000001,113,480219.5948357517,0.09549715894264255,1,target
319400,2022-02-03,2022-02-04,3350.0,3685.0000000000005,1508,482987.4173410004,0.0954971589426421,1,target
031980,2022-01-28,2022-02-07,14450.0,14016.5,332,-163158.41542789992,-0.03397068711421558,3,stop
138040,2022-02-11,2022-02-15,41550.0,40303.5,124,-175225.07774369977,-0.03397068711421558,2,stop
298380,2022-02-14,2022-02-15,23800.0,26180.000000000004,216,491496.43989600055,0.09549715894264232,1,target
298380,2022-02-18,2022-02-23,24500.0,26050.0,213,307790.2445925018,0.05891283823583815,3,time
032820,2022-04-11,2022-04-12,2215.0,2148.5499999999997,2386,-179741.23357491475,-0.03397068711421558,1,stop
214370,2022-05-09,2022-05-10,20820.0,20195.399999999998,252,-178436.959336441,-0.0339706871142158,1,stop
329180,2022-05-12,2022-05-13,124500.0,120765.0,41,-173602.81226325035,-0.03397068711421569,1,stop
214370,2022-05-13,2022-05-17,18400.0,20240.0,281,494326.40694799926,0.09549715894264188,2,target
028300,2022-06-09,2022-06-10,34486.0,33451.42,153,-179447.66133954283,-0.03397068711421558,1,stop
028300,2022-06-13,2022-06-15,32334.0,31363.98,162,-178146.78807691764,-0.03397068711421547,2,stop
257720,2022-07-27,2022-07-28,4050.0,3928.5,1285,-176995.2856736239,-0.03397068711421536,1,stop
214370,2022-08-30,2022-09-02,23940.0,26334.000000000004,216,494387.5954248011,0.09549715894264232,3,target
277810,2022-09-08,2022-09-13,27600.0,30360.000000000004,190,501363.0817800006,0.09549715894264232,1,target
000150,2022-09-08,2022-09-14,73000.0,70810.0,72,-178755.2906759996,-0.03397068711421547,2,stop
298040,2022-09-19,2022-09-20,63700.0,61789.0,83,-179812.99416534975,-0.03397068711421558,1,stop
012450,2022-09-27,2022-09-28,67535.0,65508.95,78,-179154.22514320444,-0.03397068711421547,1,stop
078600,2022-09-27,2022-09-28,81600.0,79152.0,64,-177612.56279039942,-0.03397068711421547,1,stop
009830,2022-09-27,2022-09-30,57888.0,58887.0,91,69052.46497695055,0.013093327533032051,3,time
064350,2022-09-29,2022-09-30,25900.0,25123.0,201,-177051.40177515056,-0.03397068711421569,1,stop
003670,2022-09-30,2022-10-06,145881.0,153636.0,35,249700.0925317509,0.04884866626230089,3,time
377300,2023-01-02,2023-01-03,54700.0,53059.0,96,-178592.04383519944,-0.03397068711421547,1,stop
257720,2023-01-02,2023-01-03,2480.0,2405.6,2119,-178725.36208851915,-0.03397068711421547,1,stop
298040,2023-01-05,2023-01-06,72100.0,69937.0,71,-174099.35473735072,-0.03397068711421569,1,stop
257720,2023-01-06,2023-01-11,2425.0,2600.0,2123,349331.06511875056,0.06777604995346564,3,time
042660,2023-03-09,2023-03-10,20033.0,19432.01,260,-177142.54792793002,-0.03397068711421558,1,stop
058610,2023-03-10,2023-03-13,23850.0,22180.5,217,-382423.5052139247,-0.07380694743940253,1,stop
000250,2023-03-10,2023-03-13,56000.0,52080.0,92,-380690.74164799973,-0.07380694743940253,1,stop
042660,2023-03-13,2023-03-15,19589.0,21547.9,255,477575.5833890261,0.09549715894264232,2,target
086520,2023-03-14,2023-03-15,72791.0,87349.2,68,966753.9343157196,0.19508780975560946,1,target
080220,2023-03-15,2023-03-16,4550.0,5005.0,1204,523754.2400089996,0.0954971589426421,1,target
108490,2023-03-20,2023-03-21,40608.0,37765.439999999995,139,-417083.3578262888,-0.07380694743940275,1,stop
403870,2023-03-20,2023-03-21,18600.0,22320.0,304,1104373.2471359996,0.19508780975560946,1,target
277810,2023-03-20,2023-03-23,124000.0,148800.0,45,1089842.020200001,0.1950878097556099,3,target
028050,2023-03-10,2023-03-24,28650.0,29250.0,180,86547.19320000056,0.016763188928202055,10,time
403870,2023-03-23,2023-03-24,22650.0,27180.0,275,1216550.8034624998,0.19508780975560946,1,target
082920,2023-03-23,2023-03-24,8645.0,10374.0,722,1219078.1432010997,0.19508780975560946,1,target
058610,2023-03-23,2023-03-27,33500.0,40200.0,186,1216990.2558900006,0.1950878097556097,2,target
247540,2023-03-24,2023-03-27,245000.0,227849.99999999997,27,-488794.4984475011,-0.07380694743940275,1,stop
086520,2023-03-24,2023-03-27,94374.0,87767.81999999999,71,-495116.24062742107,-0.07380694743940264,1,stop
000250,2023-03-24,2023-03-27,60500.0,72600.0,111,1311619.011945,0.1950878097556097,1,target
003550,2023-03-14,2023-03-28,86200.0,83200.0,58,-193976.40002000052,-0.03875381117878285,10,time
082920,2023-03-27,2023-03-28,10598.0,9856.14,659,-516066.64524659235,-0.07380694743940253,1,stop
403870,2023-03-27,2023-04-03,26650.0,24784.5,262,-515934.9699939508,-0.07380694743940264,5,stop
042700,2023-03-27,2023-04-04,20400.0,18972.0,342,-515528.56489320006,-0.07380694743940264,6,stop
028050,2023-04-03,2023-04-07,31900.0,29666.999999999996,204,-480858.5152074015,-0.07380694743940275,4,stop
066970,2023-03-28,2023-04-11,295500.0,317500.0,20,414482.4960000003,0.07005183191597864,10,time
006260,2023-03-28,2023-04-11,77400.0,83800.0,78,472986.680399999,0.07825536668303257,10,time
000250,2023-03-29,2023-04-12,78500.0,94200.0,80,1226560.5532,0.1950878097556097,10,target
086520,2023-04-11,2023-04-12,148134.0,137764.62,43,-470673.4122479139,-0.07380694743940275,1,stop
078600,2023-04-07,2023-04-13,124900.0,116156.99999999999,48,-442996.33818480093,-0.07380694743940275,4,stop
247540,2023-04-12,2023-04-13,290000.0,269700.0,23,-492858.549455001,-0.07380694743940275,1,stop
214370,2023-04-04,2023-04-18,42700.0,44200.0,151,199408.3025350012,0.03089151427006165,10,time
267260,2023-04-18,2023-04-21,49950.0,46453.5,133,-490889.33201227523,-0.07380694743940264,3,stop
128940,2023-04-11,2023-04-25,321811.0,299284.23,20,-475584.11591803003,-0.07380694743940253,10,stop
051910,2023-04-12,2023-04-25,799000.0,743070.0,8,-472316.61890799925,-0.07380694743940241,9,stop
012330,2023-04-25,2023-04-26,234500.0,218084.99999999997,25,-433190.8914812505,-0.07380694743940264,1,stop
000270,2023-04-13,2023-04-27,85600.0,86600.0,71,45883.468129999936,0.007540929953619546,10,time
000100,2023-04-13,2023-04-27,55797.0,54745.0,109,-139254.6849312,-0.022870373182087955,10,time
064350,2023-04-21,2023-05-09,32050.0,33700.0,192,290647.3742399998,0.04717782602090592,10,time
267260,2023-04-25,2023-05-11,51400.0,48600.0,115,-345275.188099999,-0.05834520826649425,10,time
000810,2023-04-26,2023-05-12,226500.0,225500.0,24,-46207.06199999899,-0.008490430096063206,10,time
043260,2023-05-09,2023-05-12,1657.0,1541.01,3920,-479959.99047556054,-0.07380694743940264,3,stop
042700,2023-04-27,2023-05-15,21500.0,19995.0,283,-449594.8791842498,-0.07380694743940253,10,stop
005380,2023-04-27,2023-05-15,201500.0,208000.0,30,169651.51124999952,0.028032524520954505,10,time
319400,2023-05-12,2023-05-15,4825.0,4487.25,1186,-422842.3397794254,-0.07380694743940264,1,stop
352820,2023-05-18,2023-05-22,292500.0,272025.0,19,-410653.88134875055,-0.07380694743940264,2,stop
214150,2023-05-18,2023-05-23,26500.0,24645.0,216,-422956.872126,-0.07380694743940253,3,stop
000270,2023-05-11,2023-05-25,90500.0,87100.0,61,-229412.68752999976,-0.04150876399895398,10,time
095340,2023-05-19,2023-05-25,42750.0,51300.0,137,1143894.6687824996,0.19508780975560946,4,target
007660,2023-05-23,2023-05-26,10755.0,12906.0,495,1039788.3887077495,0.19508780975560946,3,target
042660,2023-05-25,2023-05-26,27007.0,25116.51,227,-453000.4800366983,-0.07380694743940253,1,stop
214450,2023-05-17,2023-06-01,114000.0,120000.0,50,275755.84500000067,0.048322640136499784,10,time
042700,2023-05-22,2023-06-07,25950.0,25000.0,199,-209655.9808575008,-0.04055249698489938,10,time
007660,2023-05-30,2023-06-09,13887.0,16664.399999999998,434,1177138.3660180178,0.19508780975560924,7,target
010140,2023-05-25,2023-06-12,6180.0,6530.0,994,321699.4586610012,0.052308980272941286,10,time
047050,2023-06-09,2023-06-12,38400.0,37248.0,190,-248135.19801599998,-0.03397068711421558,1,stop
010060,2023-06-12,2023-06-13,106500.0,103305.0,63,-228188.47465574928,-0.03397068711421547,1,stop
005930,2023-05-30,2023-06-14,71300.0,71900.0,84,25706.478839999996,0.004287208057834668,10,time
003670,2023-06-07,2023-06-14,372701.0,361519.97,13,-164781.12303521205,-0.033970687114215914,5,stop
067310,2023-06-13,2023-06-14,17822.0,17287.34,367,-222446.743167229,-0.03397068711421558,1,stop
086520,2023-06-14,2023-06-15,147545.0,143118.65,38,-190682.85307953507,-0.03397068711421558,1,stop
031980,2023-06-14,2023-06-15,12130.0,13949.499999999998,467,823986.4082306745,0.14529248434912567,1,target
078600,2023-06-14,2023-06-15,111000.0,107670.0,51,-192529.24286849983,-0.03397068711421558,1,stop
403870,2023-06-01,2023-06-16,26750.0,31450.0,225,1029716.3958750004,0.17088821236180451,10,time
007660,2023-06-12,2023-06-16,17504.0,20129.6,386,982804.1369483201,0.1452924843491259,4,target
214150,2023-06-15,2023-06-16,32300.0,31331.0,180,-197732.73591899965,-0.03397068711421558,1,stop
010170,2023-06-16,2023-06-19,2217.0,2150.49,3082,-232381.6738202488,-0.03397068711421558,1,stop
031980,2023-06-19,2023-06-20,15750.0,18112.5,419,959924.2158056265,0.14529248434912612,1,target
086280,2023-06-15,2023-06-26,94186.0,96388.0,61,110380.43505069986,0.019190076079280027,7,time
047050,2023-06-15,2023-06-26,36950.0,37950.0,157,132762.8832200002,0.022859322964036588,7,time
012450,2023-06-20,2023-06-26,139860.0,135664.19999999998,54,-256856.66048574168,-0.0339706871142158,4,stop
353200,2023-06-16,2023-06-27,29200.0,31200.0,234,438618.13164000027,0.06411928265910438,7,time
042700,2023-06-16,2023-06-27,28700.0,30100.0,238,304224.5448200004,0.044487313404292905,7,time
082920,2023-06-26,2023-06-27,11683.0,11332.51,544,-216150.78865419142,-0.03397068711421547,1,stop
031980,2023-06-26,2023-06-27,17780.0,17246.6,358,-216480.2751945397,-0.03397068711421558,1,stop
087010,2023-06-27,2023-06-28,11173.0,10837.81,598,-227234.63696885947,-0.03397068711421569,1,stop
145020,2023-06-27,2023-06-28,114100.0,110677.0,58,-225069.77980129886,-0.03397068711421547,1,stop
310210,2023-06-26,2023-06-30,40378.0,39166.659999999996,157,-215599.62650794163,-0.03397068711421569,4,stop
131970,2023-06-27,2023-06-30,42900.0,41613.0,155,-226147.88914574962,-0.03397068711421558,3,stop
098460,2023-06-29,2023-06-30,16930.0,16422.1,386,-222253.09160233103,-0.03397068711421569,1,stop
084370,2023-06-30,2023-07-06,34250.0,31852.499999999996,185,-468197.14902312495,-0.07380694743940253,4,stop
036930,2023-06-30,2023-07-07,19150.0,17809.5,331,-468374.4894307256,-0.07380694743940264,5,stop
267270,2023-06-29,2023-07-10,82600.0,85100.0,79,170175.36584499944,0.02604895692294562,7,time
031980,2023-06-30,2023-07-10,20800.0,19344.0,305,-468769.81075599976,-0.07380694743940253,6,stop
042660,2023-07-10,2023-07-12,36824.0,44188.799999999996,167,1201093.4061215194,0.19508780975560946,2,target
307950,2023-06-30,2023-07-14,139200.0,159000.0,45,862702.1626500003,0.13756562351018875,10,time
010140,2023-07-11,2023-07-17,7240.0,8688.0,854,1207607.4582824,0.1950878097556097,4,target
086520,2023-07-06,2023-07-18,185609.0,222730.8,32,1160054.4087587204,0.1950878097556097,8,target
087010,2023-07-12,2023-07-18,15922.0,19106.399999999998,462,1436709.438401159,0.19508780975560946,4,target
095610,2023-07-18,2023-07-21,23300.0,21669.0,341,-587092.8085434502,-0.07380694743940264,3,stop
010120,2023-07-11,2023-07-25,16880.0,20256.0,366,1206654.3347951993,0.19508780975560946,10,target
247540,2023-07-21,2023-07-25,348500.0,418200.0,21,1429392.2625149991,0.19508780975560946,2,target
047050,2023-07-25,2023-07-26,70500.0,84600.0,114,1569724.0710299993,0.19508780975560946,1,target
095340,2023-07-25,2023-07-26,90200.0,108240.0,89,1567927.1988819996,0.19508780975560946,1,target
036930,2023-07-18,2023-07-27,21450.0,25740.0,371,1554284.6424105,0.1950878097556097,7,target
086520,2023-07-26,2023-07-27,255653.0,237757.28999999998,37,-698954.778039176,-0.07380694743940253,1,stop
042700,2023-07-14,2023-07-28,43250.0,47150.0,164,608645.8946199995,0.085710794411888,10,time
031980,2023-07-27,2023-07-28,27550.0,33060.0,335,1802585.0295575,0.1950878097556097,1,target
028050,2023-07-17,2023-07-31,32700.0,37000.0,226,938648.5673699994,0.12686669115590088,10,time
095340,2023-07-28,2023-08-01,106500.0,99045.0,87,-684644.8110907488,-0.07380694743940241,2,stop
036930,2023-07-31,2023-08-02,28250.0,26272.5,301,-628320.7587186228,-0.0738069474394023,2,stop
096770,2023-08-01,2023-08-02,222864.0,207263.52,38,-625777.5494899685,-0.07380694743940264,1,stop
084370,2023-07-28,2023-08-03,35050.0,32596.499999999996,266,-688915.7592404522,-0.07380694743940286,4,stop
310210,2023-08-02,2023-08-03,55908.0,51994.439999999995,141,-582491.416100923,-0.07380694743940275,1,stop
138040,2023-07-26,2023-08-09,48450.0,49500.0,199,168821.00474249944,0.017489621308955483,10,time
039030,2023-07-28,2023-08-09,156100.0,145173.0,59,-680536.4249813501,-0.07380694743940253,8,stop
277810,2023-08-09,2023-08-14,145100.0,134943.0,63,-675467.4449974485,-0.07380694743940241,3,stop
310210,2023-08-14,2023-08-16,72924.0,67819.31999999999,118,-635841.6176212672,-0.07380694743940253,1,stop
005940,2023-08-02,2023-08-17,10160.0,10320.0,780,91954.66800000053,0.01159007518683497,10,time
257720,2023-08-03,2023-08-17,8130.0,7560.9,982,-589927.299391591,-0.07380694743940275,9,stop
326030,2023-08-03,2023-08-18,92600.0,86118.0,86,-588445.0291513996,-0.07380694743940253,10,stop
298040,2023-08-09,2023-08-24,189200.0,190300.0,48,15426.129839999601,0.0016966622467076142,10,time
042700,2023-08-21,2023-08-25,58800.0,54683.99999999999,128,-556139.518233601,-0.07380694743940275,4,stop
003230,2023-08-16,2023-08-30,179200.0,189900.0,44,437098.570700001,0.05537190788964974,10,time
214150,2023-08-17,2023-08-31,35800.0,38850.0,216,625167.2637000009,0.08075329164351586,10,time
087010,2023-08-31,2023-09-01,43997.0,40917.21,184,-598187.5200102525,-0.07380694743940264,1,stop
138040,2023-08-24,2023-09-07,51000.0,54200.0,163,485993.9605200011,0.05839475962016416,10,time
307950,2023-08-31,2023-09-07,176000.0,211200.0,46,1581247.4902400002,0.1950878097556097,5,target
018260,2023-08-25,2023-09-08,139400.0,147200.0,55,396314.3871499989,0.051631549474089544,10,time
042700,2023-09-01,2023-09-08,58500.0,54405.0,129,-557624.7441472495,-0.07380694743940253,5,stop
277810,2023-09-07,2023-09-08,176000.0,211200.0,52,1787497.1628799997,0.1950878097556097,1,target
277810,2023-09-11,2023-09-12,220000.0,204600.0,39,-633991.9571699994,-0.07380694743940253,1,stop
067310,2023-09-07,2023-09-13,25515.0,23728.949999999997,362,-682496.775403697,-0.07380694743940275,4,stop
058610,2023-09-08,2023-09-13,39800.0,37014.0,218,-641115.1302086003,-0.07380694743940264,3,stop
016360,2023-08-31,2023-09-14,37550.0,38100.0,216,85210.09109999985,0.010493687343291702,10,time
196170,2023-09-13,2023-09-19,61200.0,73440.0,135,1613669.3137799986,0.19508780975560946,4,target
131970,2023-09-08,2023-09-20,54400.0,50592.0,160,-643154.5448959982,-0.07380694743940241,8,stop
267250,2023-09-12,2023-09-21,70900.0,65937.0,114,-597238.1576949004,-0.07380694743940264,7,stop
005830,2023-09-14,2023-10-04,89200.0,89600.0,92,3060.0432799989358,0.0003724565966236604,10,time
000810,2023-09-14,2023-10-04,265000.0,259500.0,31,-203664.07047499903,-0.024763249586224112,10,time
005940,2023-09-21,2023-10-04,10760.0,10006.8,696,-553373.0078750392,-0.07380694743940241,5,stop
087010,2023-10-04,2023-10-05,31737.0,30784.89,243,-262286.35244002286,-0.03397068711421547,1,stop
277810,2023-10-05,2023-10-06,157800.0,153066.0,48,-257603.51478239987,-0.03397068711421558,1,stop
067310,2023-10-05,2023-10-06,21369.0,20727.93,356,-258724.61246159393,-0.03397068711421558,1,stop
024110,2023-09-19,2023-10-10,11360.0,11400.0,880,-5872.657120000571,-0.0005867788135307528,10,time
000250,2023-10-04,2023-10-10,73700.0,75700.0,104,175974.92224000022,0.022932464931022745,3,time
058610,2023-10-06,2023-10-10,32850.0,31864.5,224,-250257.40694640018,-0.03397068711421558,1,stop
257720,2023-09-20,2023-10-11,8950.0,9960.0,900,873309.2215499999,0.10829372301358209,10,time
277810,2023-10-10,2023-10-11,139900.0,135703.0,59,-280719.9476348506,-0.03397068711421569,1,stop
226950,2023-10-10,2023-10-11,16930.0,16422.1,491,-282710.5387998549,-0.03397068711421558,1,stop
307950,2023-10-06,2023-10-12,170500.0,180100.0,43,381537.0916600004,0.051981009467181316,3,time
087010,2023-10-11,2023-10-12,32367.0,35603.700000000004,257,795289.4830414066,0.09549715894264232,1,target
277810,2023-10-13,2023-10-16,140900.0,136673.0,59,-282726.5233863499,-0.03397068711421558,1,stop
196170,2023-10-18,2023-10-19,61100.0,59267.0,136,-282607.4892315995,-0.03397068711421547,1,stop
277810,2023-10-18,2023-10-19,143000.0,138710.0,58,-282076.93699899875,-0.03397068711421547,1,stop
196170,2023-10-23,2023-10-24,54900.0,53253.0,149,-278203.22550584935,-0.03397068711421547,1,stop
196170,2023-10-26,2023-10-27,53700.0,59070.00000000001,151,775248.4403565023,0.09549715894264232,1,target
247540,2024-01-04,2024-01-05,265500.0,292050.0,31,786893.3723475011,0.09549715894264232,1,target
454910,2024-01-17,2024-01-18,92700.0,89919.0,91,-286896.11977844965,-0.03397068711421558,1,stop
310210,2024-01-18,2024-01-19,43700.0,42389.0,192,-285355.47771839984,-0.03397068711421558,1,stop
028300,2024-01-18,2024-01-19,43450.0,47795.00000000001,193,801745.9190207515,0.09549715894264232,1,target
068270,2024-01-18,2024-01-23,163750.0,167063.0,51,134239.7958778506,0.0160557494208724,3,time
454910,2024-01-22,2024-01-23,86300.0,83711.0,98,-287634.1315378975,-0.03397068711421525,1,stop
141080,2024-01-22,2024-01-23,50000.0,55000.00000000001,170,812659.4575000033,0.09549715894264255,1,target
454910,2024-01-25,2024-01-26,81700.0,79249.0,105,-291752.71329224855,-0.03397068711421547,1,stop
078930,2024-02-02,2024-02-15,50500.0,46965.0,169,-630629.8786092484,-0.07380694743940241,7,stop
028260,2024-02-02,2024-02-20,152900.0,162300.0,56,489757.7188000027,0.05713293832208133,10,time
000810,2024-02-02,2024-02-20,292000.0,303000.0,29,283356.0144500006,0.033423534120861076,10,time
006800,2024-02-02,2024-02-20,8313.0,8662.0,1031,323633.78056244925,0.037717090511156126,10,time
024110,2024-02-02,2024-02-20,13210.0,13660.0,649,256053.96491950005,0.029832165106082886,10,time
030200,2024-02-20,2024-02-21,42200.0,39246.0,210,-654829.4550629985,-0.07380694743940241,1,stop
178320,2024-02-15,2024-02-23,22750.0,21157.5,354,-595087.90525275,-0.07380694743940253,6,stop
003550,2024-02-20,2024-02-26,102900.0,95697.0,86,-653898.4179231003,-0.07380694743940264,4,stop
031980,2024-02-23,2024-02-26,41900.0,38967.0,180,-557292.2308829986,-0.07380694743940241,1,stop
012450,2024-02-20,2024-02-27,155242.0,186290.4,57,1728277.334998859,0.19508780975560946,5,target
267260,2024-02-21,2024-02-28,130500.0,121364.99999999999,63,-607501.733784751,-0.07380694743940275,5,stop
098460,2024-02-26,2024-02-28,21000.0,19530.0,361,-560174.012506499,-0.07380694743940241,2,stop
196170,2024-02-26,2024-02-29,143000.0,171600.0,53,1480271.0880099991,0.19508780975560946,3,target
042700,2024-02-28,2024-03-04,82100.0,98520.0,89,1427126.6411109976,0.19508780975560924,2,target
015760,2024-02-20,2024-03-06,23300.0,24650.0,381,476452.71962250024,0.053609245725170895,10,time
138040,2024-02-27,2024-03-06,85900.0,79887.0,123,-780718.9769080505,-0.07380694743940264,5,stop
079550,2024-03-06,2024-03-08,154100.0,184920.0,62,1866051.7256979998,0.19508780975560946,2,target
196170,2024-03-06,2024-03-08,193900.0,180327.0,49,-702053.7277701497,-0.07380694743940253,2,stop
012450,2024-02-29,2024-03-13,199656.0,185680.08,45,-663882.6828709813,-0.07380694743940275,8,stop
028300,2024-03-11,2024-03-13,98700.0,91791.0,103,-751191.7990426496,-0.07380694743940253,2,stop
316140,2024-02-28,2024-03-14,14460.0,15160.0,507,323808.9312509997,0.04411774987869066,10,time
319660,2024-03-04,2024-03-18,25850.0,27850.0,342,645752.577060001,0.07295923603139043,10,time
012330,2024-03-18,2024-03-20,269500.0,250634.99999999997,35,-696984.74778625,-0.07380694743940253,2,stop
055550,2024-03-08,2024-03-22,45800.0,50600.0,221,1016191.5478000008,0.10028098933103813,10,time
267260,2024-03-14,2024-03-26,146000.0,175200.0,52,1482810.1464799996,0.19508780975560946,8,target
005290,2024-03-22,2024-03-26,47200.0,43896.0,236,-823095.9451408014,-0.07380694743940264,2,stop
024110,2024-03-13,2024-03-27,14790.0,14790.0,600,-36367.42679999955,-0.004093491870325261,10,time
058470,2024-03-13,2024-03-27,48555.0,51159.0,182,436315.0021775998,0.04931687878500712,10,time
000250,2024-03-26,2024-03-27,118100.0,141720.0,82,1891442.3103979994,0.19508780975560946,1,target
042700,2024-03-27,2024-03-28,110300.0,132360.0,89,1917321.1755730007,0.1950878097556097,1,target
240810,2024-03-21,2024-04-04,37550.0,41150.0,236,810777.9079599995,0.09138622661880458,10,time
095610,2024-04-04,2024-04-05,24850.0,24104.5,396,-334676.4294951018,-0.0339706871142158,1,stop
039030,2024-04-05,2024-04-08,252000.0,244440.0,37,-317106.98825399764,-0.03397068711421536,1,stop
440110,2024-04-08,2024-04-09,20600.0,19982.0,447,-313168.6582197007,-0.03397068711421569,1,stop
005930,2024-03-27,2024-04-11,79200.0,84100.0,124,565561.1622599997,0.0575219360316368,10,time
257720,2024-03-27,2024-04-11,11740.0,12610.0,839,687411.4336114973,0.06970877917505902,10,time
000660,2024-03-27,2024-04-11,176700.0,188400.0,55,601774.573125001,0.06184938388019656,10,time
259960,2024-03-28,2024-04-11,255500.0,237614.99999999997,46,-868450.754384499,-0.07380694743940253,9,stop
010120,2024-04-09,2024-04-12,24560.0,28243.999999999996,362,1293240.508231599,0.14529248434912567,2,target
039030,2024-04-11,2024-04-12,244000.0,280600.0,43,1526162.0445100032,0.14529248434912612,1,target
267260,2024-04-11,2024-04-12,210500.0,242074.99999999997,50,1530962.2110624984,0.14529248434912567,1,target
001440,2024-04-11,2024-04-16,12840.0,12454.8,820,-358081.94529480115,-0.03397068711421569,3,stop
006260,2024-04-12,2024-04-16,116200.0,112714.0,98,-387289.52589460276,-0.0339706871142158,2,stop
298040,2024-04-12,2024-04-16,325000.0,315250.0,35,-386861.00293749943,-0.03397068711421558,2,stop
267260,2024-04-16,2024-04-17,234000.0,226980.0,46,-366081.0404939987,-0.03397068711421547,1,stop
010120,2024-04-16,2024-04-17,28180.0,27334.6,382,-366106.88791046105,-0.03397068711421569,1,stop
214450,2024-04-11,2024-04-18,114600.0,131790.0,91,1516939.9063454978,0.14529248434912567,5,target
095610,2024-04-17,2024-04-18,30000.0,29100.0,349,-356082.1714949999,-0.03397068711421558,1,stop
161390,2024-04-12,2024-04-19,60000.0,58200.0,191,-389751.8324099984,-0.03397068711421547,5,stop
440110,2024-04-18,2024-04-19,20500.0,19885.0,529,-368818.8260532487,-0.03397068711421547,1,stop
278470,2024-04-18,2024-04-19,50700.0,49179.0,213,-367274.7830173485,-0.03397068711421547,1,stop
003230,2024-04-16,2024-04-22,242500.0,278875.0,44,1552053.8519750014,0.1452924843491259,4,target
031980,2024-04-18,2024-04-22,47300.0,45881.0,229,-368383.50114445016,-0.03397068711421558,2,stop
042660,2024-04-19,2024-04-22,33250.0,32252.5,321,-362994.654910123,-0.03397068711421536,1,stop
010120,2024-04-19,2024-04-22,31420.0,30477.399999999998,339,-362250.8614917323,-0.0339706871142158,1,stop
090430,2024-04-19,2024-04-22,145000.0,140650.0,73,-359993.29372249916,-0.03397068711421547,1,stop
095610,2024-04-22,2024-04-23,26600.0,25802.0,403,-364577.8091683015,-0.03397068711421569,1,stop
042660,2024-04-24,2024-04-25,35050.0,33998.5,303,-361188.7367337737,-0.03397068711421547,1,stop
010120,2024-04-24,2024-04-29,31000.0,35650.0,343,1546671.8470524997,0.1452924843491259,3,target
440110,2024-04-22,2024-05-02,18800.0,18236.0,570,-364448.57208599895,-0.03397068711421547,7,stop
267260,2024-04-24,2024-05-02,245000.0,237650.0,43,-358292.8057974987,-0.03397068711421547,5,stop
087010,2024-04-25,2024-05-03,26844.0,30870.6,394,1538458.61662158,0.1452924843491259,5,target
003230,2024-04-24,2024-05-07,282000.0,305500.0,37,824176.0517250001,0.07889871714048091,7,time
237690,2024-05-07,2024-05-08,101100.0,94023.0,111,-829221.5783866495,-0.07380694743940253,1,stop
178320,2024-05-07,2024-05-09,27250.0,25342.5,413,-831597.2009301223,-0.0738069474394023,2,stop
105560,2024-04-29,2024-05-10,74100.0,79300.0,164,800482.9372799993,0.06579468413877465,7,time
001440,2024-05-08,2024-05-13,14150.0,16980.0,766,2116969.2961910013,0.1950878097556097,3,target
257720,2024-05-10,2024-05-13,22000.0,26400.0,531,2281637.0035800003,0.1950878097556097,1,target
058470,2024-05-08,2024-05-14,59268.0,55119.24,183,-801434.1099198032,-0.0738069474394023,4,stop
090430,2024-05-02,2024-05-20,172400.0,179700.0,59,387745.0237449985,0.03807656328829756,10,time
006260,2024-05-14,2024-05-20,153100.0,183720.0,80,2392183.7031200007,0.1950878097556097,3,target
009540,2024-05-14,2024-05-22,137200.0,127595.99999999999,89,-902278.4371342026,-0.07380694743940275,5,stop
000810,2024-05-20,2024-05-23,365500.0,339915.0,34,-918253.8521854989,-0.07380694743940253,3,stop
214150,2024-05-10,2024-05-27,48500.0,49000.0,241,72242.94927500002,0.006173585533073345,10,time
298040,2024-05-20,2024-05-27,373000.0,447600.0,34,2476949.1935800016,0.1950878097556097,5,target
007660,2024-05-22,2024-05-28,51543.0,47934.99,224,-853127.9520331696,-0.07380694743940275,4,stop
105560,2024-05-14,2024-05-29,80000.0,78100.0,154,-342227.22457000054,-0.027746271438405135,10,time
034020,2024-05-28,2024-05-30,21900.0,20367.0,509,-823679.6906491499,-0.07380694743940253,2,stop
047810,2024-05-29,2024-05-30,58100.0,54033.0,206,-884381.8343339004,-0.07380694743940264,1,stop
005380,2024-05-23,2024-05-31,273500.0,254354.99999999997,42,-848795.5258755013,-0.07380694743940275,6,stop
084370,2024-05-30,2024-05-31,56400.0,52452.0,189,-787657.4203554001,-0.07380694743940253,1,stop
042700,2024-05-30,2024-06-03,166900.0,155217.0,64,-789283.0407583993,-0.07380694743940253,2,stop
090430,2024-05-31,2024-06-04,191300.0,177909.0,53,-749181.9410898499,-0.07380694743940253,2,stop
257720,2024-06-04,2024-06-05,43000.0,39990.0,226,-718080.8671069983,-0.07380694743940241,1,stop
267260,2024-05-27,2024-06-07,285000.0,265050.0,47,-989781.1499175001,-0.07380694743940253,8,stop
003230,2024-05-27,2024-06-07,505000.0,606000.0,26,2564449.0547,0.1950878097556097,8,target
031980,2024-06-07,2024-06-10,65000.0,78000.0,217,2754878.4399500005,0.1950878097556097,1,target
078600,2024-05-31,2024-06-11,117600.0,141120.0,87,1998278.0783280004,0.1950878097556097,6,target
196170,2024-06-05,2024-06-11,230500.0,276600.0,40,1800778.3918000013,0.1950878097556097,3,target
000100,2024-06-05,2024-06-12,79300.0,73749.0,118,-691435.4708650988,-0.07380694743940241,4,stop
145020,2024-06-12,2024-06-14,240000.0,223199.99999999997,44,-780297.7934400011,-0.07380694743940264,2,stop
402340,2024-06-10,2024-06-24,88100.0,91200.0,176,480446.4940000009,0.030949756429356823,10,time
000660,2024-06-10,2024-06-24,206000.0,223000.0,75,1207924.0462500006,0.07809296753843431,10,time
214150,2024-06-13,2024-06-27,53800.0,51400.0,199,-520068.1601599995,-0.04852054799506911,10,time
042700,2024-06-13,2024-06-27,175900.0,173700.0,61,-177777.64787000045,-0.016549400442726125,10,time
105560,2024-06-14,2024-06-28,80400.0,78500.0,121,-269091.17218500003,-0.02762859591816591,10,time
087010,2024-06-28,2024-07-01,44967.0,53960.4,213,1870694.49176649,0.1950878097556097,1,target
278470,2024-06-24,2024-07-02,79500.0,73935.0,205,-1204252.2053587493,-0.07380694743940253,6,stop
000100,2024-07-02,2024-07-03,83200.0,77376.0,182,-1118899.7450176012,-0.07380694743940264,1,stop
021240,2024-06-27,2024-07-04,65600.0,61007.99999999999,159,-770721.4114296008,-0.07380694743940264,5,stop
009540,2024-06-24,2024-07-08,152000.0,160000.0,107,786823.3443999998,0.04832264013649956,10,time
087010,2024-07-03,2024-07-08,57468.0,68961.59999999999,244,2738705.0281204805,0.1950878097556097,3,target
000660,2024-06-27,2024-07-11,229500.0,241000.0,45,473650.22362500057,0.04581032008388508,10,time
007660,2024-07-01,2024-07-12,56794.0,52818.42,201,-843519.2053983808,-0.07380694743940253,9,stop
000250,2024-07-11,2024-07-12,212000.0,197160.0,51,-798918.5362379998,-0.07380694743940253,1,stop
086790,2024-07-04,2024-07-18,64200.0,61800.0,150,-398404.36799999885,-0.04132364170694858,10,time
000100,2024-07-08,2024-07-22,90000.0,96500.0,188,1149055.9389000013,0.06783308927237353,10,time
009150,2024-07-08,2024-07-22,170500.0,160500.0,99,-1056256.9974000007,-0.06250443076356138,10,time
950160,2024-07-18,2024-07-22,17820.0,17285.399999999998,520,-315148.0261644013,-0.03397068711421569,2,stop
226950,2024-07-22,2024-07-23,13860.0,15938.999999999998,1030,2076552.0506114978,0.14529248434912567,1,target
079550,2024-07-22,2024-07-23,232500.0,225525.0,61,-482343.39992624894,-0.03397068711421547,1,stop
267270,2024-07-22,2024-07-23,59400.0,68310.0,240,2073671.9506800007,0.1452924843491259,1,target
009540,2024-07-23,2024-07-25,186600.0,181002.0,83,-526736.3376963008,-0.03397068711421569,2,stop
010120,2024-07-24,2024-07-25,51600.0,50052.0,301,-528225.9651186,-0.03397068711421558,1,stop
005930,2024-07-12,2024-07-26,85900.0,80900.0,120,-640475.4156,-0.06206243879289086,10,time
016360,2024-07-12,2024-07-26,44500.0,44450.0,231,-53643.39692249894,-0.005212487946875455,10,time
090430,2024-07-23,2024-07-26,177700.0,172369.0,87,-525787.4654341508,-0.03397068711421558,3,stop
347850,2024-07-25,2024-07-29,9522.0,9236.34,1575,-510049.4496882744,-0.03397068711421558,2,stop
010140,2024-07-29,2024-08-02,11990.0,11150.699999999999,1096,-971015.5791199617,-0.07380694743940275,4,stop
226950,2024-07-25,2024-08-05,14660.0,14220.199999999999,1023,-510050.4699810315,-0.03397068711421569,7,stop
316140,2024-07-29,2024-08-05,16110.0,14982.3,815,-970173.9511022251,-0.07380694743940264,5,stop
005940,2024-08-02,2024-08-05,13880.0,12908.4,878,-900493.2103643604,-0.07380694743940264,1,stop
087010,2024-08-06,2024-08-07,56208.0,61828.8,224,1203748.6663910393,0.0954971589426421,1,target
310210,2024-08-06,2024-08-07,64600.0,71060.0,195,1204361.3160150014,0.09549715894264232,1,target
017670,2024-07-26,2024-08-09,54400.0,54900.0,213,58699.36963499896,0.005060060594101801,10,time
329180,2024-07-26,2024-08-09,184500.0,221400.0,62,2234176.1414100025,0.1950878097556099,10,target
000250,2024-08-06,2024-08-09,158400.0,163800.0,79,374059.1263500005,0.029857866361368224,3,time
087010,2024-08-09,2024-08-12,63961.0,62042.17,206,-448111.42166421004,-0.03397068711421547,1,stop
047810,2024-08-16,2024-08-22,59000.0,54869.99999999999,222,-967835.2744770013,-0.07380694743940264,4,stop
214450,2024-08-16,2024-08-26,184600.0,171678.0,71,-968470.7442709003,-0.07380694743940264,6,stop
000100,2024-08-26,2024-08-28,110300.0,132360.0,110,2369722.8012700025,0.1950878097556099,2,target
259960,2024-08-16,2024-08-30,334500.0,327000.0,39,-345100.763474999,-0.02642323420507131,10,time
138040,2024-08-19,2024-09-02,89200.0,92500.0,147,429932.66326499917,0.032750582982005616,10,time
326030,2024-08-19,2024-09-02,108200.0,112400.0,121,453047.34695000015,0.0345646165783311,10,time
298380,2024-09-02,2024-09-03,33300.0,30968.999999999996,408,-1003924.0474236012,-0.07380694743940264,1,stop
000100,2024-08-30,2024-09-06,135000.0,125549.99999999999,95,-947662.8031125013,-0.07380694743940264,5,stop
017670,2024-08-26,2024-09-09,56000.0,56500.0,217,58378.81017499976,0.004798530523689504,10,time
207940,2024-08-28,2024-09-11,1440837.0,1443781.0,10,-29695.172525998205,-0.0020585991240021917,10,time
180640,2024-09-27,2024-09-30,91900.0,85467.0,140,-950692.3684090003,-0.07380694743940264,1,stop
347850,2024-09-27,2024-09-30,10635.0,9890.55,1215,-954795.2126306631,-0.07380694743940264,1,stop
138040,2024-09-27,2024-10-16,99400.0,102800.0,130,387740.02150000073,0.029971720681393865,10,time
017670,2024-09-27,2024-10-16,57400.0,56200.0,225,-322132.2795000002,-0.024913836988018856,10,time
226950,2024-11-04,2024-11-05,21900.0,21243.0,573,-426778.2564889509,-0.03397068711421569,1,stop
000100,2024-11-04,2024-11-07,133900.0,129883.0,93,-423513.3196729515,-0.03397068711421569,3,stop
226950,2024-11-07,2024-11-08,19800.0,19206.0,625,-420870.76143749803,-0.03397068711421547,1,stop
226950,2024-11-11,2024-11-12,22350.0,21679.5,550,-418064.9563612472,-0.03397068711421536,1,stop
180640,2024-11-12,2024-11-13,77200.0,74884.0,158,-414837.4302795995,-0.03397068711421558,1,stop
347850,2024-11-13,2024-11-14,9809.0,9514.73,1237,-412665.3290334828,-0.0339706871142158,1,stop
440110,2024-11-13,2024-11-15,17720.0,17188.399999999998,685,-412817.2506247014,-0.03397068711421569,2,stop
226950,2024-11-14,2024-11-15,20200.0,22220.0,595,1149100.4729049988,0.0954971589426421,1,target
226950,2024-11-18,2024-11-19,20150.0,19545.5,605,-414604.4634338748,-0.03397068711421558,1,stop
141080,2024-11-19,2024-11-20,113900.0,110483.0,106,-410613.41827389784,-0.03397068711421536,1,stop
310210,2024-11-19,2024-11-20,99000.0,96030.0,122,-410769.8631629981,-0.03397068711421547,1,stop
440110,2024-11-19,2024-11-21,17570.0,17042.899999999998,689,-411712.9537662063,-0.03397068711421569,2,stop
010130,2024-11-20,2024-11-21,990000.0,960300.0,12,-404035.93098000064,-0.03397068711421569,1,stop
087010,2024-11-25,2024-11-26,81500.0,79055.0,144,-399138.52575599775,-0.03397068711421536,1,stop
010130,2024-11-25,2024-11-26,940000.0,911800.0,12,-383630.07588000223,-0.0339706871142158,1,stop
298040,2024-11-26,2024-11-29,391000.0,403500.0,29,314961.84207500145,0.027744951484204083,3,time
087010,2024-11-28,2024-12-03,81100.0,89210.0,144,1116536.7304079998,0.0954971589426421,3,target
000150,2024-11-29,2024-12-03,192800.0,212080.00000000003,60,1105981.7181600053,0.09549715894264255,2,target
298040,2024-12-03,2024-12-04,386000.0,424600.00000000006,31,1144033.3021700028,0.09549715894264232,1,target
272210,2024-12-05,2024-12-06,22650.0,21970.5,546,-420595.2823936492,-0.03397068711421547,1,stop
443060,2024-12-06,2024-12-09,126800.0,122996.0,96,-413993.9882688001,-0.03397068711421558,1,stop
042660,2024-12-06,2024-12-09,32600.0,31622.0,376,-416878.0157895982,-0.03397068711421547,1,stop
272210,2024-12-09,2024-12-10,20600.0,19982.0,588,-411953.4027587995,-0.03397068711421558,1,stop
087010,2024-12-09,2024-12-10,82400.0,79928.0,147,-411953.4027587995,-0.03397068711421558,1,stop
272210,2024-12-13,2024-12-17,21200.0,20564.0,564,-406647.88043279946,-0.03397068711421558,2,stop
010130,2024-12-18,2024-12-19,1123000.0,1089310.0,10,-381929.58795500174,-0.03397068711421569,1,stop
010130,2024-12-24,2024-12-26,1128000.0,1240800.0,10,1078446.9035999998,0.0954971589426421,1,target
