code,entry_date,exit_date,entry_price,exit_price,shares,pnl_krw,pnl_pct,hold_days,reason
180640,2014-06-09,2014-06-16,26997.0,25107.21,73,-145624.6274293065,-0.07380694743940253,5,stop
086280,2014-06-09,2014-06-17,138053.0,128389.29,14,-142813.85586068314,-0.07380694743940264,6,stop
000660,2014-06-09,2014-06-23,47000.0,48900.0,42,71474.89880999993,0.03616655845832106,10,time
161390,2014-06-09,2014-06-23,63000.0,61700.0,31,-48184.9781849999,-0.024643943625382025,10,time
006400,2014-06-09,2014-06-23,166924.0,164967.0,11,-28988.504632450175,-0.01576939848896486,10,time
067310,2014-06-16,2014-06-30,4915.0,5485.0,436,239005.15390599985,0.11140329544074579,10,time
051910,2014-06-17,2014-07-01,288500.0,294000.0,6,25808.73014999996,0.014892594073221188,10,time
000250,2014-07-01,2014-07-08,8060.0,9672.0,218,343179.1428051994,0.19508780975560924,5,target
095610,2014-06-25,2014-07-09,8970.0,10050.0,216,224651.93443200015,0.11581498402488632,10,time
010130,2014-06-25,2014-07-09,391000.0,411000.0,4,73354.57120000012,0.04684801749692147,10,time
035720,2014-06-25,2014-07-09,23222.0,22761.0,83,-46049.17599604977,-0.023864093035073308,10,time
066570,2014-07-09,2014-07-11,77300.0,71889.0,24,-137084.13507479988,-0.07380694743940253,2,stop
058470,2014-06-30,2014-07-14,6166.0,7399.2,449,540728.4386294605,0.1950878097556099,10,target
000720,2014-07-08,2014-07-22,59837.0,60227.0,35,5026.919348500203,0.0023975343871838195,10,time
082920,2014-07-09,2014-07-23,3087.0,3201.0,614,62021.84624459967,0.03268439667090628,10,time
034220,2014-07-09,2014-07-23,30686.0,30224.0,61,-35770.11733209994,-0.01908758711753611,10,time
021240,2014-07-11,2014-07-25,92800.0,92200.0,19,-18592.338469999842,-0.010532542569439585,10,time
000250,2014-07-14,2014-07-28,9850.0,9650.0,338,-81044.84908000007,-0.024314943812044687,10,time
180640,2014-07-23,2014-07-30,26752.0,24879.359999999997,70,-138372.80870336038,-0.07380694743940275,5,stop
098460,2014-07-22,2014-08-05,5060.0,5470.0,415,161042.5791124995,0.07660249001369945,10,time
047810,2014-07-23,2014-08-06,34200.0,35950.0,55,88257.5359875001,0.04686663646964351,10,time
138040,2014-08-05,2014-08-07,7677.0,7139.61,299,-169613.02101434022,-0.07380694743940286,2,stop
001440,2014-08-06,2014-08-07,53813.0,50046.09,36,-143148.29031268205,-0.07380694743940264,1,stop
003550,2014-07-25,2014-08-08,62347.0,64521.0,28,53538.252989199944,0.03063313088095243,10,time
047040,2014-07-28,2014-08-08,9580.0,8909.4,343,-242804.14122880995,-0.07380694743940253,9,stop
055550,2014-07-30,2014-08-13,51400.0,51200.0,33,-13531.909709999803,-0.007968614470051594,10,time
033780,2014-08-08,2014-08-13,102000.0,94860.0,24,-180887.215752,-0.07380694743940253,3,stop
005940,2014-08-13,2014-08-18,12000.0,11160.0,166,-147192.5383080002,-0.07380694743940264,2,stop
015760,2014-08-07,2014-08-21,44150.0,41059.5,44,-143542.28158490034,-0.07380694743940275,9,stop
066570,2014-08-07,2014-08-22,79400.0,74500.0,24,-125062.83923999988,-0.06555371718311376,10,time
017670,2014-08-08,2014-08-25,46239.0,47534.0,53,58389.33708884986,0.02379852413408501,10,time
090430,2014-08-13,2014-08-28,200051.0,215656.0,10,147391.4667155,0.07359230354866075,10,time
005830,2014-08-18,2014-09-01,61300.0,62400.0,30,25366.124550000066,0.013777587394644408,10,time
005490,2014-08-21,2014-09-04,347500.0,339500.0,5,-47002.7004999998,-0.027020835942375254,10,time
098460,2014-08-22,2014-09-05,5570.0,5480.0,334,-37595.59093299974,-0.020185338500786743,10,time
058610,2014-08-25,2014-09-11,7070.0,7160.0,354,21509.182130999863,0.008584243028072258,10,time
105560,2014-09-04,2014-09-15,43250.0,40222.5,39,-124637.05521637527,-0.07380694743940275,4,stop
006800,2014-08-28,2014-09-16,11485.0,11193.0,187,-63244.708326799795,-0.029413883718289124,10,time
000270,2014-09-01,2014-09-18,61400.0,57101.99999999999,30,-136108.76283300016,-0.07380694743940264,10,stop
032640,2014-09-05,2014-09-24,11950.0,12550.0,155,85134.9404000002,0.04591018217802656,10,time
005490,2014-09-11,2014-09-24,353000.0,328290.0,7,-182586.72799149947,-0.07380694743940241,9,stop
034730,2014-09-18,2014-09-25,217500.0,261000.0,7,297362.8092750001,0.1950878097556097,5,target
034220,2014-09-15,2014-09-29,32627.0,32628.0,49,-6503.0310530499555,-0.004062967871547363,10,time
005290,2014-09-16,2014-09-30,4040.0,3870.0,520,-96748.89093999984,-0.046000448895583856,10,time
005830,2014-09-25,2014-09-30,62300.0,57938.99999999999,29,-133500.38100455003,-0.07380694743940264,3,stop
180640,2014-09-24,2014-10-07,25334.0,23560.62,87,-162861.89337251685,-0.07380694743940253,8,stop
017670,2014-09-30,2014-10-07,51070.0,47495.1,36,-135851.61924198014,-0.07380694743940264,4,stop
028300,2014-09-24,2014-10-10,2484.0,2589.0,888,83925.34704359993,0.038004005453996514,10,time
003550,2014-09-29,2014-10-14,72266.0,67207.37999999999,22,-117477.08404319827,-0.07380694743940275,9,stop
047810,2014-09-30,2014-10-16,40650.0,39100.0,45,-77041.00586250005,-0.04206778676825884,10,time
000250,2014-11-11,2014-11-14,10300.0,10400.0,180,10348.872300000163,0.005575503354234623,3,time
028300,2014-11-18,2014-11-20,2817.0,3098.7000000000003,660,177754.43724390026,0.09549715894264232,2,target
028300,2014-11-24,2014-11-25,2875.0,2788.75,659,-64435.73869806249,-0.03397068711421558,1,stop
028300,2014-11-27,2014-11-28,2819.0,3100.9,667,179767.25130963512,0.0954971589426421,1,target
028300,2015-03-11,2015-03-12,5012.0,5513.200000000001,382,183047.62291508052,0.09549715894264232,1,target
000990,2015-03-30,2015-04-02,6000.0,5820.0,325,-66319.02907499997,-0.03397068711421558,3,stop
010060,2015-04-02,2015-04-07,78353.0,83042.0,24,104497.68789480021,0.055506084618386575,3,time
039490,2015-04-07,2015-04-08,81200.0,78764.0,24,-66278.2173647997,-0.03397068711421547,1,stop
021240,2015-04-08,2015-04-09,101500.0,98455.0,18,-62135.82877949998,-0.03397068711421558,1,stop
028300,2015-04-07,2015-04-10,6562.0,7546.299999999999,299,285397.24794951454,0.14529248434912567,3,target
064760,2015-04-10,2015-04-13,14500.0,16675.0,162,341684.58278249996,0.1452924843491259,1,target
028300,2015-04-13,2015-04-14,7858.0,7622.26,343,-91666.29802649887,-0.03397068711421558,1,stop
196170,2015-04-14,2015-04-15,6376.0,6184.72,409,-88690.10406016372,-0.03397068711421547,1,stop
058470,2015-04-07,2015-04-16,8619.0,8870.0,227,48790.847378549865,0.024909006510060783,7,time
028050,2015-04-07,2015-04-16,26805.0,28987.0,73,150797.20258469973,0.07697601011583188,7,time
096770,2015-04-07,2015-04-16,102822.0,118245.29999999999,19,284172.4781806648,0.14529248434912567,7,target
064760,2015-04-15,2015-04-16,16650.0,16150.5,151,-85505.63433277514,-0.03397068711421569,1,stop
010170,2015-04-16,2015-04-17,1007.0,976.79,2180,-74660.26244471036,-0.03397068711421569,1,stop
051910,2015-04-16,2015-04-17,277000.0,268690.0,7,-65944.92173149996,-0.03397068711421558,1,stop
034020,2015-04-16,2015-04-17,24710.0,23968.7,88,-73953.53966308013,-0.03397068711421569,1,stop
009540,2015-04-09,2015-04-20,124452.0,129904.0,14,68962.5726300003,0.039535234725655455,7,time
016360,2015-04-16,2015-04-20,64697.0,62756.09,33,-72610.8684072583,-0.03397068711421547,2,stop
068270,2015-04-17,2015-04-20,65680.0,63709.6,32,-71480.35002496,-0.03397068711421558,1,stop
024110,2015-04-17,2015-04-20,15150.0,14695.5,141,-72649.94561977522,-0.03397068711421569,1,stop
005830,2015-04-20,2015-04-21,52700.0,51119.0,38,-68107.94237209996,-0.03397068711421558,1,stop
000100,2015-04-20,2015-04-22,31718.0,30766.46,63,-67959.4557664888,-0.03397068711421547,2,stop
128940,2015-04-21,2015-04-22,293880.0,285063.6,6,-59968.72696788004,-0.03397068711421558,1,stop
141080,2015-04-22,2015-04-23,13262.0,12864.14,144,-64949.38808068819,-0.03397068711421569,1,stop
009830,2015-04-22,2015-04-23,22130.0,21466.1,86,-64726.692182030296,-0.03397068711421569,1,stop
064760,2015-04-20,2015-04-24,17400.0,16878.0,115,-68053.52675849991,-0.03397068711421558,4,stop
032820,2015-04-23,2015-04-24,705.0,683.85,2622,-62867.37868483504,-0.03397068711421558,1,stop
078600,2015-04-17,2015-04-27,6330.0,6140.099999999999,338,-72765.23870108975,-0.03397068711421547,6,stop
000990,2015-04-24,2015-04-27,7710.0,7478.7,240,-62931.65712840017,-0.03397068711421569,1,stop
039030,2015-04-24,2015-04-27,116900.0,113393.0,15,-59636.11152974982,-0.03397068711421547,1,stop
196170,2015-04-20,2015-04-28,6195.0,6009.15,323,-68053.01661212253,-0.03397068711421558,6,stop
009830,2015-04-27,2015-04-28,22613.0,21934.61,86,-66139.38953060308,-0.03397068711421558,1,stop
128940,2015-04-24,2015-04-30,274556.0,315739.39999999997,6,239620.82327057957,0.14529248434912567,4,target
078930,2015-04-27,2015-04-30,50100.0,48597.0,39,-66451.66713314992,-0.03397068711421558,3,stop
036570,2015-04-28,2015-04-30,212000.0,205640.0,9,-64890.61921800021,-0.03397068711421569,2,stop
066970,2015-04-28,2015-05-04,7981.0,7741.57,239,-64872.219938651426,-0.03397068711421558,3,stop
000990,2015-04-30,2015-05-04,8400.0,8148.0,223,-63707.07962219999,-0.03397068711421558,1,stop
095340,2015-04-30,2015-05-04,39459.0,38275.229999999996,47,-63073.57985062059,-0.03397068711421558,1,stop
067310,2015-04-30,2015-05-04,7325.0,7105.25,256,-63775.099139199825,-0.03397068711421547,1,stop
047810,2015-05-04,2015-05-06,65900.0,63923.0,27,-60513.56329905009,-0.03397068711421558,1,stop
095610,2015-04-27,2015-05-07,10144.0,11665.599999999999,192,283304.08441343973,0.14529248434912567,6,target
000100,2015-05-06,2015-05-07,35457.0,34393.29,50,-60294.200356724905,-0.03397068711421558,1,stop
000990,2015-05-12,2015-05-13,10050.0,9748.5,187,-63916.23963697511,-0.03397068711421569,1,stop
080220,2015-05-12,2015-05-13,4555.0,4418.349999999999,412,-63824.75338661019,-0.03397068711421569,1,stop
095610,2015-05-11,2015-05-15,12426.0,14289.9,151,272929.61535715475,0.14529248434912567,4,target
000250,2015-05-13,2015-05-15,12600.0,12222.0,145,-62135.82877949998,-0.03397068711421558,2,stop
028300,2015-05-12,2015-05-18,8991.0,10339.65,209,273335.8839990075,0.1452924843491259,4,target
036930,2015-05-13,2015-05-18,6740.0,6537.8,272,-62349.41006288002,-0.03397068711421558,3,stop
000990,2015-05-15,2015-05-18,11800.0,11446.0,166,-66618.31494980003,-0.03397068711421558,1,stop
007660,2015-05-15,2015-05-19,5811.0,5636.67,338,-66799.1788455029,-0.03397068711421558,2,stop
084370,2015-05-18,2015-05-19,18216.0,17669.52,106,-65669.30664861575,-0.03397068711421547,1,stop
095610,2015-05-18,2015-05-19,14487.0,14052.39,133,-65529.01639480353,-0.03397068711421558,1,stop
039030,2015-05-18,2015-05-19,112300.0,108931.0,17,-64928.029952350305,-0.03397068711421569,1,stop
090430,2015-05-19,2015-05-20,443000.0,429710.0,4,-60265.29206200014,-0.03397068711421569,1,stop
058470,2015-05-20,2015-05-21,10672.0,10351.84,174,-63153.672831887845,-0.03397068711421547,1,stop
005290,2015-05-13,2015-05-22,5850.0,6160.0,314,89525.05323299998,0.04868104103911031,7,time
009830,2015-05-20,2015-05-22,22552.0,25934.8,82,268993.1878649199,0.1452924843491259,2,target
028300,2015-05-21,2015-05-22,11676.0,11325.72,157,-62344.37661862234,-0.0339706871142158,1,stop
141080,2015-05-21,2015-05-22,12561.0,12184.17,146,-62370.700171701144,-0.03397068711421569,1,stop
035720,2015-05-20,2015-05-27,22981.0,22291.57,81,-63307.839067168534,-0.03397068711421558,4,stop
009830,2015-05-26,2015-05-27,24185.0,23459.45,78,-64157.02872715471,-0.03397068711421547,1,stop
028260,2015-05-27,2015-05-28,198000.0,192060.0,9,-60605.389647,-0.03397068711421558,1,stop
010170,2015-05-27,2015-05-28,1113.0,1079.61,1678,-63517.10111121903,-0.03397068711421558,1,stop
064760,2015-05-29,2015-06-01,21700.0,21049.0,88,-64945.0348315998,-0.03397068711421547,1,stop
058610,2015-05-29,2015-06-02,6680.0,6479.599999999999,288,-65429.33379264013,-0.03397068711421569,2,stop
086280,2015-06-01,2015-06-02,126049.0,122267.53,15,-64303.44073749753,-0.03397068711421558,1,stop
018260,2015-05-28,2015-06-03,320000.0,310400.0,5,-54415.61360000004,-0.03397068711421558,4,stop
028260,2015-06-01,2015-06-03,188000.0,182360.0,10,-63938.34597999975,-0.03397068711421547,2,stop
028300,2015-06-02,2015-06-03,12812.0,12427.64,144,-62745.555729887914,-0.03397068711421558,1,stop
034730,2015-06-02,2015-06-03,287000.0,278390.0,6,-58564.804137000116,-0.03397068711421569,1,stop
196170,2015-06-03,2015-06-04,6042.0,5860.74,287,-58974.75776595902,-0.03397068711421558,1,stop
003670,2015-06-03,2015-06-04,11280.0,10941.6,153,-58695.4016096401,-0.03397068711421569,1,stop
064760,2015-06-03,2015-06-04,19800.0,22770.0,87,250568.69404049986,0.14529248434912567,1,target
080220,2015-05-28,2015-06-05,4740.0,5451.0,388,267517.64575859974,0.14529248434912567,6,target
141080,2015-06-05,2015-06-10,12936.0,12547.92,146,-64232.73444957612,-0.03397068711421569,3,stop
034730,2015-06-05,2015-06-10,272000.0,263840.0,6,-55503.92587200017,-0.03397068711421569,3,stop
012450,2015-06-03,2015-06-11,30558.0,35141.7,56,248917.43674643966,0.14529248434912567,6,target
064760,2015-06-10,2015-06-11,24900.0,23157.0,68,-125113.65756179998,-0.07380694743940253,1,stop
005290,2015-06-04,2015-06-16,6680.0,6212.4,267,-131790.52390794014,-0.07380694743940264,8,stop
096770,2015-06-11,2015-06-16,125453.0,116671.29,14,-129779.33590208297,-0.07380694743940253,3,stop
080220,2015-06-16,2015-06-17,9000.0,8370.0,183,-121699.85471550003,-0.07380694743940264,1,stop
082920,2015-06-08,2015-06-18,4630.0,5556.0,468,423210.2657796005,0.1950878097556099,8,target
095340,2015-06-16,2015-06-22,41261.0,38372.729999999996,40,-121954.04263306037,-0.07380694743940275,4,stop
009830,2015-06-10,2015-06-24,25273.0,23642.0,67,-115894.29111634986,-0.06836459204677836,10,time
138040,2015-06-11,2015-06-25,14300.0,15500.0,123,139956.54383999994,0.07947908223845856,10,time
080220,2015-06-24,2015-06-25,9840.0,9151.199999999999,161,-117062.40305676009,-0.07380694743940264,1,stop
196170,2015-06-25,2015-06-26,6758.0,8109.599999999999,249,328660.02522497997,0.19508780975560946,1,target
005290,2015-06-18,2015-06-29,7230.0,6723.9,359,-191791.43406430492,-0.07380694743940253,7,stop
000100,2015-06-26,2015-06-30,40745.0,37892.85,45,-135482.5295186625,-0.07380694743940253,2,stop
141080,2015-06-17,2015-07-01,17516.0,18867.0,87,110945.28085275041,0.07272026084052152,10,time
000880,2015-06-22,2015-07-06,44796.0,47374.0,34,81151.77663660003,0.05322070979853577,10,time
028300,2015-06-29,2015-07-07,15799.0,14693.07,169,-197293.49410193088,-0.0738069474394023,6,stop
141080,2015-07-06,2015-07-07,20568.0,19128.239999999998,78,-118544.9688642961,-0.07380694743940264,1,stop
000250,2015-07-07,2015-07-08,13500.0,12555.0,146,-145640.80974149983,-0.07380694743940253,1,stop
047810,2015-06-30,2015-07-09,79700.0,74121.0,21,-123672.76675004978,-0.07380694743940241,7,stop
010130,2015-06-26,2015-07-10,532000.0,510000.0,3,-72346.1558999999,-0.04527759558997346,10,time
138040,2015-07-01,2015-07-15,15600.0,16650.0,106,104195.09851499973,0.0629386769460949,10,time
078930,2015-07-07,2015-07-21,49600.0,48800.0,40,-40036.49120000005,-0.020156500065965255,10,time
128940,2015-07-10,2015-07-21,449278.0,417828.54,3,-99593.92955714115,-0.07380694743940264,7,stop
000990,2015-07-08,2015-07-22,16250.0,17000.0,113,76974.83301250008,0.04187142388950593,10,time
141080,2015-07-22,2015-07-23,21319.0,19826.67,83,-130749.90517451032,-0.07380694743940253,1,stop
015760,2015-07-10,2015-07-24,48100.0,48150.0,31,-4565.395497500198,-0.0030582460198788075,10,time
009830,2015-07-15,2015-07-29,25394.0,23944.0,78,-120884.01142739994,-0.06095985545180238,10,time
047810,2015-07-21,2015-08-04,87800.0,96300.0,18,146072.15306999977,0.09232114729940388,10,time
021240,2015-07-22,2015-08-05,99000.0,99500.0,17,1577.670974999899,0.0009363389788143994,10,time
095340,2015-07-30,2015-08-05,41032.0,38159.759999999995,42,-127341.05308125634,-0.07380694743940275,4,stop
033780,2015-07-24,2015-08-07,103000.0,111500.0,15,120792.4046250002,0.07809296753843431,10,time
021240,2015-08-07,2015-08-10,104500.0,97185.0,16,-123547.1506279998,-0.07380694743940241,1,stop
015760,2015-08-03,2015-08-18,50500.0,50800.0,35,3225.4769749999978,0.0018227844155935813,10,time
047810,2015-08-06,2015-08-19,102000.0,94860.0,16,-120591.47716800007,-0.07380694743940264,8,stop
214150,2015-08-05,2015-08-20,4500.0,4460.0,373,-21754.843794000102,-0.012945994164811458,10,time
047810,2015-08-21,2015-08-25,82100.0,90310.00000000001,20,156986.68579000048,0.09549715894264232,2,target
066970,2015-11-06,2015-11-09,8390.0,8138.3,199,-56783.03288918501,-0.03397068711421558,1,stop
032820,2015-11-10,2015-11-13,666.0,646.02,2496,-56535.64590585604,-0.03397068711421558,3,stop
066970,2015-11-11,2015-11-16,8204.0,8511.0,202,55039.60980169987,0.03317409686636519,3,time
128940,2015-12-14,2015-12-17,523354.0,525776.0,3,810.1513803000562,0.0005154068152490865,3,time
087010,2015-12-14,2015-12-17,25849.0,26080.0,64,7960.616233599838,0.004806442493787477,3,time
028050,2016-01-25,2016-01-26,10850.0,10524.5,153,-56457.8995979249,-0.03397068711421558,1,stop
028050,2016-01-28,2016-01-29,11000.0,12100.000000000002,150,157751.54175000032,0.09549715894264232,1,target
196170,2016-02-04,2016-02-05,5561.0,5394.17,302,-57116.73663958674,-0.03397068711421547,1,stop
068270,2016-02-15,2016-02-18,75858.0,78634.0,22,54052.569067199714,0.03235139814217125,3,time
042660,2016-04-05,2016-04-06,21766.0,21113.02,77,-56999.743070347,-0.03397068711421558,1,stop
001440,2016-04-11,2016-04-12,29822.0,28927.34,56,-56797.38500727201,-0.03397068711421558,1,stop
001440,2016-04-14,2016-04-18,28687.0,27826.39,57,-55611.362699101446,-0.03397068711421558,2,stop
086520,2016-04-29,2016-05-02,1916.0,1858.52,861,-56105.082363245776,-0.03397068711421547,1,stop
058610,2016-05-02,2016-05-03,6160.0,5975.2,266,-55727.02988776029,-0.0339706871142158,1,stop
032820,2016-05-02,2016-05-03,770.0,746.9,2128,-55727.02988776029,-0.0339706871142158,1,stop
010060,2016-05-04,2016-05-09,94564.0,91727.08,17,-54673.67964749783,-0.03397068711421547,1,stop
028300,2016-05-11,2016-05-13,7956.0,7717.32,201,-54386.909363825805,-0.03397068711421547,2,stop
010170,2016-05-17,2016-05-18,1331.0,1237.83,1194,-117429.94105151133,-0.07380694743940275,1,stop
012450,2016-05-03,2016-05-19,44819.0,45431.0,36,15354.668433600105,0.009505534948107908,10,time
095610,2016-05-17,2016-05-19,13900.0,12927.0,114,-117089.00411790004,-0.07380694743940264,2,stop
006260,2016-05-18,2016-06-01,53800.0,57500.0,28,97121.05354,0.06439821965532144,10,time
145020,2016-05-18,2016-06-01,112261.0,115365.0,13,34252.15589379985,0.023443175371499425,10,time
043260,2016-05-30,2016-06-03,1175.0,1092.75,1358,-117905.50891122501,-0.07380694743940253,4,stop
030200,2016-05-30,2016-06-13,31850.0,29620.499999999996,50,-117672.74962625,-0.07380694743940264,9,stop
015760,2016-06-01,2016-06-15,62300.0,57938.99999999999,25,-115086.53534874995,-0.07380694743940253,9,stop
035420,2016-06-01,2016-06-16,140198.0,140399.0,11,-4115.672018149868,-0.002665674011767649,10,time
021240,2016-06-01,2016-06-16,101500.0,102000.0,15,1238.3801250001416,0.0008124515194760651,10,time
047050,2016-06-13,2016-06-17,26600.0,24738.0,56,-110069.27965039993,-0.07380694743940253,4,stop
005930,2016-06-03,2016-06-20,27400.0,28620.0,56,61830.31114399992,0.04024979060844114,10,time
000990,2016-06-16,2016-06-20,20200.0,18786.0,75,-111946.13229750004,-0.07380694743940264,2,stop
005290,2016-06-15,2016-06-29,7930.0,9516.0,182,281886.2713394002,0.1950878097556097,10,target
012330,2016-06-16,2016-06-30,264000.0,252000.0,5,-65232.74099999992,-0.049361969512583204,10,time
010170,2016-07-01,2016-07-06,1438.0,1337.34,1064,-113056.8743837683,-0.07380694743940275,3,stop
035420,2016-06-23,2016-07-07,146808.0,150813.0,10,33915.445141500095,0.02307536517465425,10,time
033780,2016-07-01,2016-07-12,137500.0,127874.99999999999,11,-111761.40270625008,-0.07380694743940264,7,stop
066970,2016-07-12,2016-07-14,10754.0,12904.8,132,277251.12244632,0.1950878097556097,2,target
012450,2016-07-04,2016-07-18,49046.0,53887.0,31,143397.57335525006,0.0942057253106019,10,time
145020,2016-07-14,2016-07-18,123617.0,114963.81,13,-118745.73298406648,-0.07380694743940253,2,stop
214370,2016-07-05,2016-07-19,21744.0,21248.0,71,-41439.080987999914,-0.026811006036638663,10,time
005290,2016-07-06,2016-07-20,9960.0,10750.0,143,106799.9744955001,0.07489909260983962,10,time
043260,2016-07-19,2016-07-20,1335.0,1241.55,1130,-111469.52995207487,-0.07380694743940253,1,stop
066970,2016-07-18,2016-07-21,13164.0,12242.519999999999,123,-119643.59268937795,-0.07380694743940253,3,stop
034220,2016-07-08,2016-07-22,25695.0,27821.0,58,116836.89340860001,0.07830764594962747,10,time
036930,2016-07-18,2016-08-01,9800.0,10950.0,165,182563.81811249978,0.11277308816529952,10,time
064350,2016-07-20,2016-08-03,19700.0,20500.0,74,53051.11947999988,0.03634941201311315,10,time
084370,2016-07-21,2016-08-04,18700.0,20050.0,79,100281.31960749999,0.0678035020320844,10,time
098460,2016-07-22,2016-08-05,9190.0,9230.0,168,372.8961600000039,0.0002412480997711075,10,time
031980,2016-07-22,2016-08-05,11230.0,12247.0,138,133581.10850670002,0.08609679475192578,10,time
240810,2016-08-03,2016-08-09,25750.0,23947.5,62,-117968.31697224965,-0.07380694743940241,4,stop
036930,2016-08-05,2016-08-11,11400.0,10602.0,143,-120458.47186229983,-0.07380694743940253,4,stop
009540,2016-08-01,2016-08-16,113097.0,125361.0,15,176465.26484099985,0.10390050810935869,10,time
012450,2016-08-04,2016-08-19,59997.0,59591.0,26,-16917.75272459979,-0.010832796207219553,10,time
015760,2016-08-05,2016-08-19,61400.0,57101.99999999999,26,-117960.92778860033,-0.07380694743940275,9,stop
098460,2016-08-09,2016-08-24,9180.0,8980.0,165,-39110.257889999775,-0.025790801415634057,10,time
141080,2016-08-24,2016-08-25,24497.0,22782.21,66,-119468.4690368732,-0.07380694743940264,1,stop
035420,2016-08-11,2016-08-26,156021.0,161228.0,9,40970.19817304984,0.029143605621878788,10,time
064350,2016-08-19,2016-08-29,24250.0,22552.5,62,-111096.37617774983,-0.07380694743940241,6,stop
006260,2016-08-17,2016-08-31,58000.0,62900.0,34,158027.20447,0.08004343726476781,10,time
145020,2016-08-19,2016-09-02,138110.0,152092.0,10,133747.77962900023,0.09673023412105208,10,time
003490,2016-09-02,2016-09-06,21274.0,19784.82,72,-113182.19493847224,-0.07380694743940275,2,stop
036570,2016-08-25,2016-09-08,273000.0,279500.0,5,26810.14537500008,0.019618567847047963,10,time
066970,2016-08-26,2016-09-09,14509.0,15390.0,109,89264.6762723499,0.056378879324260334,10,time
105560,2016-08-30,2016-09-13,38550.0,38350.0,36,-12866.25599999982,-0.009260322003293742,10,time
009540,2016-09-09,2016-09-13,127631.0,118696.82999999999,13,-122601.55679630954,-0.07380694743940264,2,stop
012450,2016-08-31,2016-09-19,62341.0,62953.0,34,12060.136844799854,0.005683296807677207,10,time
034020,2016-09-06,2016-09-21,22605.0,21022.649999999998,62,-103560.14777311473,-0.07380694743940241,8,stop
003230,2016-09-19,2016-09-21,29650.0,35580.0,60,347460.38601,0.1950878097556097,2,target
010170,2016-09-13,2016-09-26,1429.0,1714.8,1036,289148.75981235993,0.19508780975560946,6,target
161390,2016-09-08,2016-09-27,59700.0,62300.0,23,53996.46818999993,0.039279320879040736,10,time
003230,2016-09-26,2016-09-28,40500.0,37665.0,44,-131675.2526430001,-0.07380694743940264,2,stop
036570,2016-09-19,2016-10-04,271000.0,298500.0,6,157849.89855000004,0.09696713164836868,10,time
012330,2016-09-21,2016-10-06,283500.0,272500.0,6,-72776.46690000012,-0.042735366965304,10,time
035420,2016-09-22,2016-10-07,173646.0,168839.0,11,-60549.112369349925,-0.03166292960329553,10,time
098460,2016-09-27,2016-10-12,9200.0,9100.0,155,-21298.338424999965,-0.014918562610865216,10,time
036570,2016-10-06,2016-10-12,303000.0,281790.0,5,-111946.13229750004,-0.07380694743940264,4,stop
028260,2016-10-07,2016-10-12,166500.0,154845.0,11,-135332.89854974998,-0.07380694743940253,3,stop
237690,2016-09-28,2016-10-13,54500.0,53600.0,30,-33620.95964999986,-0.02053965438989791,10,time
066970,2016-10-04,2016-10-13,17522.0,16295.46,103,-133357.47419275902,-0.07380694743940253,7,stop
000720,2016-10-12,2016-10-26,41691.0,41108.0,37,-27829.155692850007,-0.01802008260308785,10,time
009540,2016-10-12,2016-10-26,138078.0,134445.0,11,-46069.77093344997,-0.030297002523978378,10,time
086790,2016-10-12,2016-10-26,30700.0,32150.0,50,65995.52937499993,0.04294443766674383,10,time
131970,2016-10-17,2016-10-31,5887.0,5711.0,281,-56089.636294599855,-0.03386749313256798,10,time
105560,2016-10-17,2016-10-31,39950.0,42300.0,41,89353.3086925,0.05448924390200838,10,time
095610,2016-10-31,2016-11-04,22050.0,20506.5,77,-125457.25460152491,-0.07380694743940253,4,stop
005490,2016-10-26,2016-11-09,247500.0,230174.99999999997,6,-109729.37720250012,-0.07380694743940264,10,stop
032640,2016-10-26,2016-11-09,12050.0,11700.0,127,-50590.639547500294,-0.03302023691973521,10,time
055550,2016-10-26,2016-11-09,44000.0,42100.0,34,-70540.46316999989,-0.047098545630470334,10,time
095610,2016-11-09,2016-11-11,22450.0,20878.5,63,-104508.91895377473,-0.07380694743940241,2,stop
030200,2016-11-02,2016-11-16,32850.0,31000.0,52,-102916.94282999984,-0.06017955092785643,10,time
086790,2016-11-11,2016-11-17,35000.0,32549.999999999996,39,-100862.3568225,-0.07380694743940264,4,stop
003230,2016-11-09,2016-11-21,50800.0,47244.0,28,-105103.74823759985,-0.07380694743940241,8,stop
222800,2016-11-08,2016-11-22,9894.0,10465.0,160,84603.05162400007,0.05338201006438714,10,time
005490,2016-11-11,2016-11-25,244500.0,263500.0,5,89709.88575000013,0.07329801591889296,10,time
005490,2016-12-09,2016-12-19,278000.0,258539.99999999997,5,-102709.65273500024,-0.07380694743940275,6,stop
047050,2016-12-09,2016-12-23,27650.0,28100.0,53,17773.981817499967,0.012114751480790442,10,time
017670,2016-12-09,2016-12-23,39942.0,39770.0,36,-12066.596632800065,-0.008382108349177297,10,time
082920,2016-12-09,2016-12-23,6285.0,6237.0,233,-17152.45357979997,-0.01169946042883363,10,time
000660,2016-12-09,2016-12-23,46450.0,46300.0,31,-10537.494657500181,-0.0073095516382361,10,time
105560,2016-12-19,2017-01-03,43500.0,43700.0,32,676.4380800002255,0.0004853886268227914,10,time
240810,2016-12-23,2017-01-09,25600.0,25600.0,56,-5875.179520000005,-0.004093491870325372,10,time
034220,2016-12-23,2017-01-09,29207.0,29670.0,49,16755.00734704989,0.011693980765139944,10,time
000660,2016-12-26,2017-01-10,46200.0,49750.0,32,107206.32263999991,0.07243179176301529,10,time
017670,2016-12-26,2017-01-10,39769.0,38821.0,37,-41002.90288279997,-0.02783357509361306,10,time
005940,2017-01-12,2017-01-26,10650.0,11500.0,137,110127.22086749994,0.07539200408368618,10,time
078600,2017-01-12,2017-01-26,4540.0,4850.0,321,93244.16875649989,0.06390893489623828,10,time
017670,2017-01-12,2017-01-26,39252.0,38389.0,37,-37788.7800322501,-0.025989632615151415,10,time
034220,2017-01-12,2017-01-26,30039.0,27936.269999999997,48,-106542.57007792802,-0.07380694743940264,10,stop
082920,2017-01-12,2017-01-26,6866.0,7107.0,212,44976.07109500002,0.030863319731663008,10,time
011070,2017-01-26,2017-02-13,99500.0,105000.0,14,71064.20755000017,0.05095661661925477,10,time
036930,2017-01-26,2017-02-13,11150.0,10700.0,132,-65256.61658999999,-0.04428702807286822,10,time
036570,2017-01-26,2017-02-13,307000.0,294000.0,4,-56879.29099999997,-0.04626542869666328,10,time
005930,2017-01-26,2017-02-13,39420.0,37960.0,37,-59838.13496699999,-0.040978918097350325,10,time
105560,2017-01-26,2017-02-13,46000.0,47950.0,32,56183.49128000019,0.03812428401778045,10,time
034020,2017-02-13,2017-02-17,22835.0,21236.55,64,-107988.48553456017,-0.07380694743940264,4,stop
006260,2017-02-13,2017-02-27,70400.0,66600.0,20,-81546.21380000003,-0.05784980907050663,10,time
006400,2017-02-13,2017-02-27,120420.0,124337.0,12,40943.36692980002,0.028301175064934014,10,time
071050,2017-02-13,2017-02-27,48600.0,46950.0,30,-55329.24712499976,-0.03790513257843142,10,time
032640,2017-02-13,2017-02-27,12500.0,12750.0,117,23170.15203750017,0.01582463829226821,10,time
131970,2017-02-27,2017-03-03,7673.0,7135.889999999999,185,-104889.83137093275,-0.07380694743940275,3,stop
000250,2017-02-17,2017-03-06,13800.0,13650.0,106,-21847.972964999964,-0.014918562610865216,10,time
098460,2017-02-27,2017-03-14,10000.0,10000.0,142,-5819.443999999901,-0.004093491870325261,10,time
105560,2017-02-27,2017-03-14,47750.0,51600.0,29,105645.86776750023,0.07620472920400467,10,time
011070,2017-02-28,2017-03-15,122000.0,129500.0,12,83734.91070000012,0.05713026887535144,10,time
010140,2017-03-03,2017-03-17,9412.0,10204.0,141,105904.09692599997,0.0797099457028474,10,time
009540,2017-03-06,2017-03-20,151705.0,163061.0,9,96307.24061880005,0.07045589217318393,10,time
241560,2017-03-20,2017-03-22,40400.0,37572.0,36,-107468.28700560005,-0.07380694743940264,2,stop
086790,2017-03-14,2017-03-28,39950.0,37600.0,37,-92751.42138249986,-0.06267622764265901,10,time
055550,2017-03-14,2017-03-28,50000.0,47800.0,29,-69554.3044100001,-0.0479133782280311,10,time
066570,2017-03-15,2017-03-29,67300.0,70100.0,23,57866.541800000006,0.03734095423313799,10,time
005380,2017-03-22,2017-03-29,167500.0,155775.0,8,-99015.06090999977,-0.07380694743940241,5,stop
009150,2017-03-17,2017-03-31,63900.0,69500.0,23,122397.1666199998,0.08318469976545195,10,time
003230,2017-03-29,2017-04-10,61700.0,57380.99999999999,22,-100300.77886510012,-0.07380694743940264,8,stop
214150,2017-03-28,2017-04-11,4030.0,4000.0,346,-16063.847356999991,-0.011507187960620668,10,time
047040,2017-03-29,2017-04-12,7320.0,7110.0,193,-46200.28856549994,-0.03266458021830776,10,time
042700,2017-03-31,2017-04-12,3400.0,3162.0,475,-119335.31594749982,-0.07380694743940241,8,stop
034730,2017-03-30,2017-04-13,242000.0,234500.0,6,-50817.92414999986,-0.03495836299004662,10,time
010170,2017-04-18,2017-04-19,1709.0,2050.7999999999997,841,280716.1560091097,0.19508780975560946,1,target
000990,2017-04-10,2017-04-24,20800.0,20950.0,60,3858.9139499999583,0.0030885262171482797,10,time
010170,2017-04-24,2017-04-26,2071.0,1926.03,614,-93960.41594238114,-0.07380694743940264,2,stop
214150,2017-04-13,2017-04-27,4010.0,4010.0,352,-5784.691264000023,-0.004093491870325372,10,time
036570,2017-04-13,2017-04-27,341500.0,355500.0,4,50236.76800000016,0.03673430055666005,10,time
240810,2017-04-18,2017-05-04,26250.0,26900.0,54,29187.324945,0.0205670502357429,10,time
095610,2017-04-19,2017-05-08,26450.0,26400.0,65,-10286.24918749975,-0.005976112868679939,10,time
078600,2017-05-04,2017-05-12,5240.0,4873.2,282,-109188.48895932012,-0.07380694743940264,4,stop
090430,2017-05-12,2017-05-15,360500.0,349685.0,3,-36781.553817749955,-0.03397068711421558,1,stop
000880,2017-04-26,2017-05-16,39650.0,43950.0,29,119620.06289500021,0.10391150144512507,10,time
128940,2017-05-15,2017-05-16,331980.0,322020.6,4,-45162.23850732017,-0.03397068711421569,1,stop
241560,2017-04-27,2017-05-17,39350.0,38800.0,36,-25547.138730000006,-0.018013404944564715,10,time
000660,2017-04-27,2017-05-17,53800.0,54700.0,26,17598.453470000066,0.012566654176453751,10,time
066570,2017-05-16,2017-05-18,81400.0,78958.0,15,-41525.915128499735,-0.03397068711421536,2,stop
031980,2017-05-17,2017-05-22,13476.0,15497.4,106,207782.62766418024,0.14529248434912612,3,target
003490,2017-05-08,2017-05-23,21397.0,21625.0,80,11171.092735999962,0.006518588507931744,10,time
131970,2017-05-16,2017-05-25,8805.0,9233.0,145,56644.769621999934,0.044316273658294714,7,time
009830,2017-05-17,2017-05-26,34888.0,35372.0,41,13923.400830199942,0.00972268417687605,7,time
010140,2017-05-26,2017-05-29,10495.0,10180.15,137,-48899.74091767776,-0.0339706871142158,1,stop
005290,2017-05-19,2017-05-30,11650.0,13350.0,101,166371.6727849997,0.14123192133314633,7,time
012330,2017-05-22,2017-05-31,277000.0,274500.0,5,-18139.156374999788,-0.013081817755972058,7,time
032640,2017-05-23,2017-06-01,14700.0,16200.0,135,193770.14197500004,0.09752962120413122,7,time
078600,2017-05-31,2017-06-01,5910.0,5732.7,233,-46832.457747254986,-0.03397068711421558,1,stop
214450,2017-05-25,2017-06-05,39150.0,40450.0,34,38614.58217000007,0.028976200609076352,7,time
222800,2017-06-01,2017-06-05,10370.0,10058.9,169,-59603.12206400512,-0.03397068711421569,2,stop
084370,2017-05-29,2017-06-08,18950.0,19500.0,73,34362.39082249999,0.024811446360351264,7,time
141080,2017-05-30,2017-06-09,16415.0,17966.0,82,121290.76095889998,0.09000647731085798,7,time
131970,2017-06-01,2017-06-12,10491.0,10176.27,167,-59584.99486272433,-0.03397068711421547,6,stop
145020,2017-06-08,2017-06-12,175110.0,169856.69999999998,8,-47643.59048748016,-0.03397068711421569,2,stop
042700,2017-06-09,2017-06-12,4480.0,4345.599999999999,336,-51194.20927488012,-0.03397068711421569,1,stop
011070,2017-06-12,2017-06-13,151000.0,146470.0,9,-46219.26180149987,-0.03397068711421547,1,stop
000990,2017-06-12,2017-06-13,22500.0,21825.0,66,-50504.49137249985,-0.03397068711421547,1,stop
035420,2017-06-12,2017-06-13,185463.0,179899.11,8,-50460.414725484094,-0.03397068711421569,1,stop
036930,2017-06-05,2017-06-15,12100.0,12400.0,126,31440.447990000015,0.020598405025451738,7,time
034220,2017-06-05,2017-06-15,31010.0,35262.0,49,201506.60576059995,0.13246227957654266,7,time
010170,2017-06-13,2017-06-15,2520.0,2444.4,576,-49365.844657919835,-0.03397068711421547,2,stop
005290,2017-06-14,2017-06-15,15150.0,14695.5,95,-48948.54492112505,-0.03397068711421558,1,stop
128940,2017-06-15,2017-06-16,374956.0,363707.32,4,-51008.65203250386,-0.03397068711421547,1,stop
010140,2017-06-15,2017-06-20,11242.0,10904.74,135,-51615.59018269507,-0.03397068711421558,3,stop
039030,2017-06-15,2017-06-21,97400.0,94478.0,15,-49688.25716849975,-0.03397068711421547,4,stop
028300,2017-06-20,2017-06-21,6383.0,6191.51,235,-51014.807798792375,-0.03397068711421547,1,stop
078600,2017-06-20,2017-06-21,6300.0,6111.0,238,-50994.231894900324,-0.0339706871142158,1,stop
267270,2017-06-14,2017-06-22,79697.0,77306.09,18,-48788.563017141074,-0.03397068711421558,6,stop
009150,2017-06-21,2017-06-26,93200.0,107179.99999999999,15,203352.51031499985,0.14529248434912567,3,target
087010,2017-06-23,2017-06-26,24604.0,23865.88,59,-49369.789789906004,-0.03397068711421558,1,stop
086520,2017-06-16,2017-06-27,2373.0,2640.0,646,165691.14596430003,0.1079617283869958,7,time
031980,2017-06-26,2017-06-29,16824.0,16319.279999999999,90,-51496.215930359904,-0.03397068711421547,3,stop
006400,2017-06-27,2017-06-29,169861.0,164765.16999999998,9,-51992.38429711666,-0.03397068711421569,2,stop
068270,2017-06-21,2017-06-30,89901.0,90453.0,15,2729.1059729999397,0.0020214611612046074,7,time
018260,2017-06-29,2017-06-30,189000.0,183330.0,8,-51422.75485199969,-0.03397068711421536,1,stop
064760,2017-06-29,2017-07-03,43300.0,42001.0,34,-50069.16646370012,-0.03397068711421569,2,stop
078600,2017-06-23,2017-07-04,6380.0,6480.0,231,16992.054849000182,0.011516328006315524,7,time
145020,2017-07-04,2017-07-05,198265.0,192317.05,7,-47200.61338301771,-0.03397068711421569,1,stop
207940,2017-06-27,2017-07-06,399992.0,421082.0,4,77554.31364439987,0.04841672897522864,7,time
218410,2017-07-05,2017-07-06,11242.0,10904.74,126,-48174.550837181974,-0.03397068711421558,1,stop
006800,2017-06-30,2017-07-10,10706.0,10384.82,133,-48426.4271086331,-0.03397068711421569,6,stop
064760,2017-07-10,2017-07-11,49700.0,48209.0,29,-49018.26492605009,-0.03397068711421569,1,stop
267270,2017-07-10,2017-07-11,87771.0,85137.87,16,-47761.12821285636,-0.0339706871142158,1,stop
095610,2017-07-11,2017-07-12,30950.0,30021.5,46,-48419.69317645021,-0.03397068711421569,1,stop
047040,2017-07-04,2017-07-13,7810.0,7575.7,185,-49138.999568725005,-0.03397068711421558,7,stop
086520,2017-07-11,2017-07-17,2823.0,3246.45,509,209011.90668039746,0.1452924843491259,4,target
064760,2017-07-13,2017-07-17,52200.0,50634.0,27,-47933.35362990014,-0.03397068711421569,2,stop
003670,2017-07-12,2017-07-21,14964.0,17208.6,95,206782.44750614977,0.14529248434912567,7,target
066970,2017-07-14,2017-07-24,22158.0,25481.699999999997,64,206277.99363935995,0.1452924843491259,6,target
036930,2017-07-24,2017-07-25,17600.0,17072.0,92,-55068.60096319998,-0.03397068711421558,1,stop
031980,2017-07-17,2017-07-26,17968.0,18265.0,82,18244.01366710011,0.012368230798559088,7,time
051910,2017-07-17,2017-07-26,322000.0,326500.0,4,12668.453500000061,0.009824456224654554,7,time
086520,2017-07-25,2017-07-26,4081.0,3958.5699999999997,384,-53296.82858438417,-0.03397068711421569,1,stop
005290,2017-07-18,2017-07-27,16700.0,17000.0,99,22836.888855000027,0.013797044203860409,7,time
078600,2017-07-26,2017-07-27,8570.0,8312.9,167,-48674.42626761529,-0.0339706871142158,1,stop
207940,2017-07-26,2017-07-27,425446.0,412682.62,3,-43407.947144372854,-0.03397068711421547,1,stop
066970,2017-07-27,2017-07-28,25032.0,24281.04,59,-50228.60421154811,-0.03397068711421569,1,stop
010170,2017-07-21,2017-07-31,3153.0,3058.41,520,-55761.039646259975,-0.03397068711421558,6,stop
003670,2017-07-26,2017-07-31,18786.0,18222.42,76,-48556.95656175609,-0.03397068711421569,3,stop
095340,2017-07-28,2017-07-31,26097.0,25314.09,61,-54140.71272204467,-0.03397068711421569,1,stop
035720,2017-08-01,2017-08-02,24385.0,23653.45,61,-50589.0056223725,-0.03397068711421558,1,stop
003230,2017-08-02,2017-08-03,52700.0,51119.0,28,-50184.79964260012,-0.03397068711421569,1,stop
010950,2017-07-27,2017-08-04,115000.0,111550.0,12,-46933.466729999986,-0.03397068711421558,6,stop
079550,2017-07-27,2017-08-07,80100.0,80400.0,18,-524.7042300000321,-0.0003635049484913555,7,time
087010,2017-08-08,2017-08-09,21770.0,21116.899999999998,65,-48125.5087654253,-0.0339706871142158,1,stop
267270,2017-08-02,2017-08-10,94230.0,91403.09999999999,15,-48071.09315182525,-0.0339706871142158,6,stop
180640,2017-08-09,2017-08-10,25950.0,25171.5,54,-47657.87458604993,-0.03397068711421558,1,stop
267250,2017-08-02,2017-08-11,92000.0,95500.0,16,49802.35880000028,0.03379425572156469,7,time
001440,2017-08-10,2017-08-11,11754.0,11401.38,118,-47170.582766262116,-0.03397068711421569,1,stop
267250,2017-08-14,2017-08-18,95200.0,88536.0,15,-105517.54252200015,-0.07380694743940264,3,stop
066970,2017-08-18,2017-08-24,27813.0,33375.6,50,271610.89702349994,0.19508780975560946,4,target
055550,2017-08-11,2017-08-28,53800.0,53400.0,26,-16101.902440000093,-0.011498001224449439,10,time
009830,2017-08-11,2017-08-28,39604.0,42326.0,35,89308.46032849979,0.06435559193759732,10,time
005830,2017-08-11,2017-08-28,79300.0,78100.0,17,-25864.643200000282,-0.019163956053876774,10,time
138040,2017-08-11,2017-08-28,15350.0,15850.0,91,39641.29305500002,0.028346459534550172,10,time
031980,2017-08-24,2017-09-07,19917.0,21062.0,83,87980.05256804987,0.05315975670167217,10,time
010170,2017-08-28,2017-09-11,3626.0,3659.0,388,7000.544766200008,0.004970191187666728,10,time
007660,2017-08-28,2017-09-11,4332.0,4420.0,325,22745.82999,0.01613729592178248,10,time
066970,2017-08-28,2017-09-11,33190.0,38013.0,42,196256.01646770025,0.1406265168283618,10,time
005290,2017-08-30,2017-09-13,18300.0,19500.0,77,86352.82655999996,0.06121185292506315,10,time
086520,2017-09-12,2017-09-20,4729.0,4397.969999999999,360,-125796.4181310602,-0.07380694743940264,6,stop
036570,2017-09-07,2017-09-21,455000.0,448500.0,3,-25036.556024999823,-0.018320727700749107,10,time
178320,2017-09-13,2017-09-22,10173.0,9460.89,147,-110500.14294903167,-0.07380694743940264,7,stop
207940,2017-09-21,2017-09-22,497445.0,462623.85,2,-73514.24921548495,-0.07380694743940253,1,stop
095610,2017-09-11,2017-09-25,32300.0,31600.0,49,-40685.10302499961,-0.025676605049606005,10,time
010060,2017-09-11,2017-09-25,81055.0,81452.0,19,1209.3504398500081,0.0007843674070477924,10,time
068270,2017-09-20,2017-10-12,110176.0,121966.0,14,158252.06890219986,0.10247906232340886,10,time
078600,2017-09-22,2017-10-16,8650.0,8370.0,155,-48766.71628000005,-0.03633092797163273,10,time
000660,2017-09-22,2017-10-16,82900.0,84200.0,16,15302.82807999989,0.011523859885628429,10,time
005930,2017-09-25,2017-10-17,52999.0,54800.0,29,45776.21174434968,0.029749177258177717,10,time
098460,2017-09-25,2017-10-17,13300.0,13520.0,116,19122.062803999754,0.012380149617533753,10,time
068270,2017-10-16,2017-10-18,136503.0,163803.6,10,266606.9987156999,0.19508780975560946,2,target
035720,2017-10-17,2017-10-19,31511.0,29305.23,53,-123405.49997742963,-0.07380694743940264,2,stop
207940,2017-10-16,2017-10-25,574535.0,534317.5499999999,2,-84906.89256705507,-0.07380694743940264,7,stop
010130,2017-10-12,2017-10-26,529000.0,491969.99999999994,3,-117266.34452549997,-0.07380694743940253,10,stop
005490,2017-10-17,2017-10-31,338500.0,325500.0,5,-71744.58024999988,-0.04234100916924932,10,time
018260,2017-10-18,2017-11-01,189000.0,209000.0,8,153331.8336,0.10129344020688902,10,time
098460,2017-10-19,2017-11-02,14340.0,15180.0,118,91893.14309999999,0.0542441278527519,10,time
010060,2017-10-25,2017-11-08,90193.0,98140.0,11,83093.37183454994,0.08365687700648894,10,time
095610,2017-10-26,2017-11-09,34850.0,37350.0,44,103391.53462000005,0.06734886882764268,10,time
006400,2017-11-02,2017-11-13,221261.0,205772.72999999998,8,-130795.05308661214,-0.07380694743940264,7,stop
051910,2017-10-31,2017-11-14,405000.0,392500.0,4,-56491.68149999995,-0.03483134705951285,10,time
005930,2017-11-01,2017-11-15,57500.0,55340.0,29,-69289.08264799998,-0.04150493634963137,10,time
028300,2017-11-15,2017-11-16,14585.0,16772.75,112,237611.1535406001,0.1452924843491259,1,target
078600,2017-11-16,2017-11-17,9390.0,10798.5,200,273173.1147149997,0.14529248434912567,1,target
066970,2017-11-09,2017-11-20,38058.0,39265.0,43,45041.313546150224,0.027491435222861904,7,time
028300,2017-11-20,2017-11-21,15618.0,17960.699999999997,114,258983.82238580985,0.14529248434912567,1,target
058470,2017-11-08,2017-11-22,11012.0,11893.0,100,83327.33895499981,0.0755826463118614,10,time
141080,2017-11-13,2017-11-22,16790.0,17966.0,98,108164.98288959963,0.06566148451803033,7,time
078600,2017-11-21,2017-11-22,12000.0,13799.999999999998,170,296737.5687000002,0.1452924843491259,1,target
039490,2017-11-14,2017-11-23,80000.0,89800.0,19,179421.8090900001,0.11790505537555984,7,time
068270,2017-11-17,2017-11-23,170296.0,165187.12,12,-69500.7100021916,-0.03397068711421536,4,stop
218410,2017-11-22,2017-11-23,10924.0,12562.599999999999,161,255829.0947436702,0.1452924843491259,1,target
036570,2017-11-22,2017-11-23,472500.0,458325.0,3,-48208.83267375012,-0.03397068711421569,1,stop
086520,2017-11-23,2017-11-24,4842.0,4696.74,378,-62247.244748346275,-0.03397068711421569,1,stop
064760,2017-11-23,2017-11-24,74500.0,72265.0,24,-60809.44819799997,-0.03397068711421558,1,stop
066970,2017-11-23,2017-11-24,44270.0,42941.9,41,-61730.092360594776,-0.03397068711421547,1,stop
042700,2017-11-23,2017-11-27,6450.0,6256.5,284,-62299.07562030014,-0.03397068711421569,2,stop
214150,2017-11-23,2017-11-27,3830.0,3715.1,478,-62263.02527629002,-0.03397068711421558,2,stop
067310,2017-11-24,2017-11-27,4504.0,4368.88,393,-60199.7212476118,-0.03397068711421547,1,stop
218410,2017-11-27,2017-11-28,12537.0,12160.89,140,-59693.24792402983,-0.03397068711421547,1,stop
078600,2017-11-27,2017-11-28,14000.0,13580.0,125,-59517.07737499988,-0.03397068711421547,1,stop
263750,2017-11-27,2017-11-28,39180.0,38004.6,44,-58630.102873320226,-0.03397068711421569,1,stop
003230,2017-11-27,2017-11-29,71500.0,69355.0,24,-58360.74558599992,-0.03397068711421558,2,stop
131970,2017-11-28,2017-11-29,8151.0,7906.469999999999,209,-57937.63018050161,-0.03397068711421569,1,stop
214450,2017-11-30,2017-12-01,60500.0,58685.0,27,-55554.94050974981,-0.03397068711421547,1,stop
145020,2017-11-30,2017-12-01,166926.0,161918.22,10,-56771.12947370997,-0.03397068711421558,1,stop
010170,2017-11-24,2017-12-04,3506.0,4031.8999999999996,505,257540.57230902463,0.14529248434912567,6,target
267270,2017-12-01,2017-12-04,94844.0,91998.68,17,-54835.566097958246,-0.03397068711421569,1,stop
003230,2017-12-01,2017-12-05,71800.0,82570.0,23,240211.97105449974,0.14529248434912567,2,target
028300,2017-12-04,2017-12-05,16314.0,15824.58,107,-59367.366418082966,-0.03397068711421558,1,stop
196170,2017-12-05,2017-12-06,6682.0,6481.54,266,-60449.35287500196,-0.03397068711421558,1,stop
028050,2017-12-05,2017-12-06,14050.0,13628.5,126,-60207.47547255014,-0.03397068711421569,1,stop
087010,2017-11-30,2017-12-07,28152.0,27307.44,59,-56489.120556228096,-0.03397068711421569,5,stop
034020,2017-12-06,2017-12-07,13425.0,13022.25,130,-59355.531022124924,-0.03397068711421558,1,stop
003230,2017-12-07,2017-12-08,79100.0,76727.0,21,-56493.60984435002,-0.03397068711421558,1,stop
010170,2017-12-06,2017-12-11,4309.0,4179.73,405,-59351.95999748283,-0.0339706871142158,3,stop
000250,2017-12-08,2017-12-11,14600.0,14162.0,115,-57102.38452150021,-0.03397068711421569,1,stop
032820,2017-12-08,2017-12-11,640.0,620.8,2631,-57266.991752640344,-0.0339706871142158,1,stop
000250,2017-12-13,2017-12-14,15400.0,14938.0,107,-56041.28005630011,-0.03397068711421569,1,stop
214150,2017-12-11,2017-12-15,4500.0,4365.0,369,-56473.203989249654,-0.03397068711421536,4,stop
078600,2017-12-14,2017-12-15,14400.0,13968.0,114,-55830.41955360025,-0.03397068711421569,1,stop
080220,2017-12-14,2017-12-19,4460.0,4326.2,369,-55971.21995379031,-0.0339706871142158,3,stop
214450,2017-12-18,2017-12-19,57800.0,56066.0,28,-55041.39315639995,-0.03397068711421558,1,stop
064760,2017-12-18,2017-12-19,72400.0,70228.0,22,-54170.743338800035,-0.03397068711421558,1,stop
066570,2017-12-18,2017-12-19,106500.0,103305.0,15,-54330.58920374978,-0.03397068711421547,1,stop
058610,2017-12-15,2017-12-27,6230.0,6550.0,260,76316.45787999989,0.04706061448625509,7,time
010120,2017-12-19,2018-01-05,12940.0,13420.0,121,51492.06158799981,0.03284894428904428,10,time
010170,2017-12-28,2018-01-08,5352.0,6422.4,309,323001.0498319196,0.19508780975560924,5,target
218410,2017-12-21,2018-01-09,15269.0,18322.8,103,307168.8483983297,0.19508780975560946,10,target
024110,2017-12-22,2018-01-10,16800.0,16900.0,94,2900.410890000174,0.0018345230590179895,10,time
003670,2017-12-27,2018-01-12,34480.0,41376.0,47,316515.1226264001,0.1950878097556097,10,target
068270,2018-01-09,2018-01-12,243650.0,292380.0,7,333114.70565450005,0.1950878097556097,3,target
028050,2018-01-12,2018-01-17,15650.0,14554.499999999998,127,-146863.7196355753,-0.07380694743940275,3,stop
028300,2018-01-05,2018-01-19,18666.0,22399.2,86,313529.9711144401,0.1950878097556097,10,target
010060,2018-01-08,2018-01-22,130323.0,134694.0,15,57360.36532275006,0.02930895702230929,10,time
005940,2018-01-10,2018-01-24,15150.0,16750.0,118,180917.05602000002,0.10108475321267663,10,time
263750,2018-01-12,2018-01-26,50960.0,53920.0,39,106954.75050000008,0.053753510956673134,10,time
032830,2018-01-22,2018-01-30,134000.0,124619.99999999999,15,-148522.59136500023,-0.07380694743940264,6,stop
086520,2018-01-17,2018-01-31,5477.0,5093.61,337,-136385.78332803864,-0.07380694743940264,10,stop
058610,2018-01-19,2018-02-02,8370.0,8600.0,229,44659.58332049986,0.023273114685209206,10,time
010130,2018-01-31,2018-02-05,528000.0,491039.99999999994,4,-156059.55868800054,-0.07380694743940286,3,stop
028050,2018-01-26,2018-02-06,16850.0,15670.499999999998,126,-156879.75807315018,-0.07380694743940264,7,stop
207940,2018-01-30,2018-02-06,643624.0,598570.32,2,-95117.11875095218,-0.07380694743940275,5,stop
016360,2018-01-24,2018-02-07,42200.0,40700.0,46,-76752.01038999972,-0.03949301230147473,10,time
005490,2018-02-02,2018-02-08,390000.0,362700.0,5,-144089.08117499994,-0.07380694743940253,4,stop
105560,2018-02-06,2018-02-08,66300.0,61658.99999999999,26,-127374.74775870005,-0.07380694743940264,2,stop
024110,2018-02-06,2018-02-09,16800.0,15623.999999999998,105,-130345.1995860003,-0.07380694743940275,3,stop
068270,2018-02-08,2018-02-09,201412.0,221553.2,8,154051.16861552,0.0954971589426421,1,target
218410,2018-02-08,2018-02-09,16683.0,18351.300000000003,102,162691.1727536705,0.09549715894264232,1,target
058470,2018-02-07,2018-02-13,12414.0,11545.019999999999,154,-141263.16177989426,-0.07380694743940275,4,stop
028300,2018-02-09,2018-02-13,15718.0,15246.46,113,-60405.8884036392,-0.03397068711421569,2,stop
214150,2018-02-13,2018-02-20,5510.0,5690.0,320,50204.24608000042,0.02844065903046289,3,time
000250,2018-02-20,2018-02-21,46950.0,43663.5,38,-131830.42549965018,-0.07380694743940264,1,stop
138040,2018-02-06,2018-02-22,17100.0,16050.0,103,-115049.3280524998,-0.06524564587828774,10,time
058610,2018-02-20,2018-02-22,10500.0,12600.0,170,348632.25915000006,0.1950878097556097,2,target
214150,2018-02-23,2018-02-26,5560.0,5393.2,324,-61266.539352240274,-0.03397068711421569,1,stop
080220,2018-02-19,2018-03-06,6060.0,5635.799999999999,291,-130305.29799429025,-0.07380694743940275,10,stop
141080,2018-03-06,2018-03-09,27925.0,30717.500000000004,62,165529.17079325044,0.09549715894264232,3,target
042660,2018-02-26,2018-03-13,22210.0,24120.0,80,145067.85620000027,0.08155177740151975,10,time
080220,2018-03-12,2018-03-14,6410.0,5961.299999999999,279,-132147.42147823516,-0.07380694743940264,2,stop
028050,2018-03-13,2018-03-14,18150.0,16879.5,100,-134113.68324749987,-0.07380694743940253,1,stop
098460,2018-03-14,2018-03-19,19640.0,18265.199999999997,90,-130611.21019740053,-0.07380694743940286,3,stop
039490,2018-03-13,2018-03-23,113000.0,105090.0,16,-133596.4403919999,-0.07380694743940253,8,stop
000660,2018-03-14,2018-03-23,89300.0,83049.0,19,-125372.27898954973,-0.07380694743940241,7,stop
096770,2018-03-13,2018-03-27,208596.0,206137.0,8,-26452.95097799995,-0.015833573671946044,10,time
066570,2018-03-14,2018-03-28,112500.0,109000.0,15,-59260.93987499992,-0.03507724990102634,10,time
028300,2018-03-28,2018-03-30,22884.0,27460.8,77,344153.3600089201,0.1950878097556097,2,target
058610,2018-03-21,2018-04-04,12100.0,11253.0,152,-135901.8656907999,-0.07380694743940253,10,stop
207940,2018-03-23,2018-04-06,680714.0,754894.0,2,142343.22307240008,0.10443423750362513,10,time
042660,2018-03-23,2018-04-06,23942.0,24786.0,67,49807.31367380009,0.031014063591267016,10,time
028300,2018-04-02,2018-04-06,28415.0,34098.0,75,416234.6909137508,0.1950878097556099,4,target
098460,2018-03-28,2018-04-11,19860.0,19280.0,89,-58711.55408699997,-0.0331783747864991,10,time
207940,2018-04-11,2018-04-13,853803.0,794036.7899999999,2,-126178.14335841918,-0.07380694743940264,2,stop
141080,2018-04-11,2018-04-13,33780.0,31415.399999999998,53,-132291.51055941032,-0.07380694743940275,2,stop
196170,2018-04-11,2018-04-13,8983.0,10779.6,202,354406.8593595403,0.1950878097556097,2,target
000100,2018-04-11,2018-04-18,39400.0,36642.0,46,-133921.5644725999,-0.07380694743940253,5,stop
145020,2018-04-16,2018-04-24,214327.0,199324.11,8,-126696.12513228413,-0.07380694743940264,6,stop
009150,2018-04-11,2018-04-25,109000.0,117500.0,16,128451.80440000002,0.07356894224987864,10,time
098460,2018-04-16,2018-04-30,19660.0,20360.0,95,58649.74653500016,0.031366048093599996,10,time
039490,2018-04-16,2018-04-30,114500.0,118500.0,16,56303.42240000027,0.03069800186346261,10,time
064350,2018-05-02,2018-05-03,28750.0,26737.5,63,-133836.58886062494,-0.07380694743940253,1,stop
001440,2018-05-03,2018-05-04,14606.0,13583.58,125,-134908.020489875,-0.07380694743940253,1,stop
010120,2018-05-03,2018-05-08,15380.0,14303.4,119,-135238.31699903007,-0.07380694743940264,2,stop
010170,2018-05-08,2018-05-11,6523.0,6066.389999999999,265,-127729.05911471765,-0.07380694743940264,3,stop
218410,2018-05-04,2018-05-14,20928.0,25113.6,84,343349.45503487973,0.19508780975560946,5,target
000720,2018-05-02,2018-05-15,61783.0,74139.59999999999,29,349942.21800832986,0.19508780975560946,8,target
047050,2018-05-15,2018-05-16,26200.0,24366.0,76,-147133.42483879998,-0.07380694743940253,1,stop
039490,2018-05-02,2018-05-17,118500.0,122500.0,15,52538.56649999996,0.029523605450507473,10,time
071050,2018-05-08,2018-05-23,88800.0,93800.0,19,87805.45221000002,0.051982325028868015,10,time
001440,2018-05-16,2018-05-23,15379.0,14302.47,121,-137502.2889775536,-0.07380694743940264,4,stop
196170,2018-05-18,2018-05-24,8621.0,9081.0,213,90165.73605239997,0.0490461663757773,3,time
005940,2018-05-14,2018-05-29,16650.0,16900.0,112,20275.131239999784,0.010860059302792768,10,time
028050,2018-05-15,2018-05-30,19300.0,17949.0,104,-148315.69422279997,-0.07380694743940253,10,stop
006260,2018-05-29,2018-06-04,90100.0,83793.0,21,-139810.7438416502,-0.07380694743940264,4,stop
032820,2018-06-04,2018-06-05,2500.0,2425.0,705,-59942.19935625023,-0.03397068711421569,1,stop
003230,2018-05-23,2018-06-07,104500.0,111500.0,16,104817.62800000003,0.06261794886563377,10,time
000660,2018-05-24,2018-06-08,95300.0,88629.0,19,-133795.9483505499,-0.07380694743940253,10,stop
066970,2018-05-28,2018-06-12,43343.0,49602.0,44,266768.4743878003,0.1397216301651507,10,time
032820,2018-06-07,2018-06-12,2290.0,2519.0,759,166175.47407945013,0.0954971589426421,3,target
001440,2018-06-11,2018-06-14,13817.0,13402.49,123,-57799.27848292352,-0.03397068711421558,2,stop
131970,2018-05-30,2018-06-15,11547.0,13208.0,163,262231.36388864997,0.1391645587058754,10,time
028300,2018-06-12,2018-06-15,40199.0,38993.03,48,-65623.59753319179,-0.03397068711421547,2,stop
032820,2018-06-15,2018-06-18,2115.0,2051.5499999999997,900,-64737.57530475012,-0.03397068711421569,1,stop
064350,2018-06-15,2018-06-19,32500.0,31525.0,58,-64108.394772500265,-0.03397068711421569,2,stop
028300,2018-06-18,2018-06-19,40837.0,39611.89,46,-63887.39936176711,-0.03397068711421569,1,stop
000720,2018-06-19,2018-06-20,61005.0,59174.85,30,-62242.95951877511,-0.03397068711421569,1,stop
032820,2018-06-20,2018-06-22,2005.0,1944.85,923,-62938.969226477435,-0.03397068711421558,2,stop
064350,2018-06-21,2018-06-22,31900.0,30943.0,58,-62924.85517669981,-0.03397068711421547,1,stop
064350,2018-06-25,2018-06-26,29300.0,32230.000000000004,62,173679.66711700032,0.09549715894264232,1,target
000720,2018-06-22,2018-06-27,59254.0,57476.38,30,-60456.42690477008,-0.03397068711421558,3,stop
064350,2018-06-28,2018-06-29,28850.0,27984.5,64,-62795.61809440004,-0.03397068711421558,1,stop
028300,2018-10-10,2018-10-11,38369.0,37217.93,47,-61331.259922665544,-0.03397068711421558,1,stop
196170,2018-10-11,2018-10-16,8259.0,9084.900000000001,221,174505.61594680534,0.09549715894264232,3,target
087010,2018-10-15,2018-10-16,25019.0,24268.43,72,-61264.09064962785,-0.03397068711421547,1,stop
042660,2018-10-22,2018-10-24,27185.0,26369.45,67,-61945.20408310741,-0.03397068711421558,2,stop
226950,2018-10-24,2018-10-25,30428.0,29515.16,60,-62090.935898280004,-0.03397068711421558,1,stop
007660,2018-10-29,2018-10-30,4548.0,4411.5599999999995,400,-61870.55266320007,-0.03397068711421558,1,stop
032820,2019-03-05,2019-03-08,1285.0,1246.45,1409,-61576.878398552304,-0.03397068711421547,3,stop
180640,2019-04-16,2019-04-17,42000.0,39060.0,42,-130345.19958600006,-0.07380694743940264,1,stop
178320,2019-04-16,2019-04-22,11739.0,10917.269999999999,153,-132714.68910704553,-0.07380694743940264,4,stop
003490,2019-04-16,2019-04-23,23699.0,22040.07,75,-131337.1974910125,-0.07380694743940253,5,stop
000270,2019-04-17,2019-05-02,42050.0,44900.0,41,109440.01864749985,0.0634055223548724,10,time
108490,2019-04-29,2019-05-02,17236.0,16718.92,105,-61550.18073813012,-0.03397068711421569,2,stop
131970,2019-04-18,2019-05-03,19522.0,19322.0,91,-25426.805986399995,-0.014296406613995782,10,time
036570,2019-04-24,2019-05-10,503000.0,467789.99999999994,3,-111502.7812785001,-0.07380694743940264,10,stop
218410,2019-04-25,2019-05-13,28635.0,32929.0,62,258167.32521060016,0.14524901016944503,10,time
178320,2019-05-02,2019-05-15,12215.0,14658.0,146,348317.8065241,0.1950878097556097,8,target
035720,2019-05-07,2019-05-21,25290.0,25089.0,70,-21283.56439650012,-0.012008763050003757,10,time
078600,2019-08-06,2019-08-08,17600.0,19360.0,103,173316.360536,0.0954971589426421,2,target
028300,2019-11-14,2019-11-18,55087.0,60595.700000000004,33,173801.1836076451,0.0954971589426421,2,target
028300,2019-11-20,2019-11-22,52540.0,50963.799999999996,35,-62540.5449056502,-0.03397068711421569,2,stop
028300,2019-11-25,2019-11-26,50826.0,55908.600000000006,36,174935.56060332013,0.0954971589426421,1,target
028300,2019-11-29,2019-12-02,48359.0,46908.229999999996,39,-64142.438540758565,-0.03397068711421558,1,stop
010120,2019-12-13,2019-12-30,10900.0,10920.0,174,-4302.905334000243,-0.00226614047926188,10,time
011070,2019-12-13,2019-12-30,135500.0,140000.0,14,55039.9874499999,0.028980894008519886,10,time
058470,2019-12-13,2019-12-30,12574.0,12874.0,150,37137.72273000004,0.019667598668795305,10,time
035420,2019-12-13,2019-12-30,177500.0,186500.0,10,82460.3705000002,0.04640317614751743,10,time
005930,2019-12-13,2019-12-30,54500.0,55800.0,34,36475.73158999975,0.019662076213501578,10,time
039030,2019-12-30,2020-01-15,101400.0,109300.0,19,141761.90557499998,0.0734968573823811,10,time
016360,2019-12-30,2020-01-15,39350.0,37900.0,49,-78742.48537750007,-0.04079144452059291,10,time
207940,2019-12-30,2020-01-15,625442.0,631987.0,3,11887.555825049989,0.006328270812239412,10,time
000990,2019-12-30,2020-01-15,28200.0,28800.0,68,32821.01124000014,0.01709600830264657,10,time
035720,2019-12-30,2020-01-15,30910.0,34121.0,62,190641.2238659002,0.09936350578753261,10,time
064350,2020-01-15,2020-01-16,17150.0,16635.5,116,-67659.01355989999,-0.03397068711421558,1,stop
263750,2020-01-15,2020-01-16,39480.0,38295.6,50,-67135.26327900006,-0.03397068711421558,1,stop
095340,2020-01-16,2020-01-17,11100.0,12764.999999999998,181,292242.86729174946,0.14529248434912567,1,target
214450,2020-01-17,2020-01-20,40100.0,38897.0,57,-77736.10500345007,-0.03397068711421558,1,stop
095340,2020-01-20,2020-01-21,13650.0,13240.5,163,-75670.01217457466,-0.03397068711421547,1,stop
006400,2020-01-15,2020-01-28,262870.0,279024.0,7,105203.58356410009,0.05710738206860566,7,time
067310,2020-01-15,2020-01-28,4339.0,4486.0,460,59240.891551000066,0.029646599555132713,7,time
078600,2020-01-15,2020-01-28,19300.0,18721.0,103,-67607.99892214988,-0.03397068711421558,7,stop
005290,2020-01-16,2020-01-29,17950.0,18500.0,112,53179.378840000136,0.02642174932584851,7,time
042700,2020-01-28,2020-01-30,4800.0,4656.0,411,-67094.45156879979,-0.03397068711421547,2,stop
131970,2020-01-29,2020-01-30,35020.0,33969.4,76,-90517.65244291956,-0.03397068711421547,1,stop
082920,2020-01-21,2020-02-03,8125.0,8554.0,266,104920.35147230001,0.04849037175892157,7,time
011070,2020-01-30,2020-02-03,160000.0,148800.0,14,-165517.7137599995,-0.0738069474394023,2,stop
067310,2020-01-31,2020-02-03,4585.0,4264.049999999999,488,-165331.50633202028,-0.07380694743940275,1,stop
058470,2020-01-28,2020-02-06,15937.0,16238.0,123,28880.353696650127,0.014716061931960622,7,time
207940,2020-01-28,2020-02-06,693805.0,754894.0,2,116131.1098451002,0.08359531503526596,7,time
237690,2020-02-05,2020-02-06,31800.0,29573.999999999996,78,-183281.31125460006,-0.07380694743940264,1,stop
196170,2020-02-06,2020-02-07,22945.0,27534.0,84,376440.80876219994,0.19508780975560946,1,target
067310,2020-02-07,2020-02-11,4496.0,4181.28,473,-157138.97063559177,-0.07380694743940253,2,stop
036570,2020-02-03,2020-02-17,636000.0,658000.0,3,57986.063100000145,0.030356104322839528,10,time
006400,2020-02-04,2020-02-18,287346.0,326997.0,7,268495.5384457505,0.13333208201568603,10,time
064760,2020-02-18,2020-02-19,77200.0,71796.0,29,-165429.04355619987,-0.07380694743940253,1,stop
084370,2020-02-06,2020-02-20,19400.0,20800.0,99,130320.39734999998,0.06777604995346564,10,time
222800,2020-02-07,2020-02-21,13509.0,13082.0,157,-75533.29133265,-0.03557265975628077,10,time
247540,2020-02-11,2020-02-25,19667.0,22089.0,100,233426.05235000048,0.11855284782002284,10,time
036570,2020-02-20,2020-02-25,700000.0,651000.0,2,-103448.57110000006,-0.07380694743940264,3,stop
180640,2020-02-19,2020-02-26,48900.0,58680.0,43,410682.94191299984,0.19508780975560946,5,target
035420,2020-02-26,2020-02-28,189500.0,176235.0,10,-140025.0301674998,-0.07380694743940241,2,stop
035720,2020-02-17,2020-03-02,36129.0,35125.0,54,-62051.61738239997,-0.03176904707977457,10,time
086520,2020-03-02,2020-03-05,2932.0,3225.2000000000003,656,183889.7293270405,0.09549715894264232,3,target
003670,2020-03-02,2020-03-05,50494.0,54315.0,38,136906.43762569968,0.0712691010627653,3,time
319400,2020-02-21,2020-03-06,2582.0,2576.0,1061,-17574.259810099844,-0.006407759511215305,10,time
237690,2020-02-26,2020-03-06,29650.0,35580.0,67,387997.4310444996,0.19508780975560946,7,target
196170,2020-03-12,2020-03-13,22583.0,21905.51,99,-76036.19524434488,-0.0339706871142158,1,stop
247540,2020-03-17,2020-03-18,16678.0,16177.66,133,-75439.56205097865,-0.03397068711421547,1,stop
180640,2020-03-18,2020-03-19,52100.0,50537.0,42,-74420.15354970004,-0.03397068711421558,1,stop
180640,2020-03-23,2020-03-24,53300.0,51701.0,41,-74321.52525004977,-0.03397068711421547,1,stop
180640,2020-05-18,2020-05-21,77000.0,79000.0,28,46999.19000000041,0.02177420963953658,3,time
066970,2020-06-16,2020-06-18,20396.0,19784.12,107,-74221.94467716198,-0.03397068711421558,2,stop
222800,2020-06-16,2020-06-19,10500.0,11450.0,208,188066.9965200005,0.08601233505569317,3,time
108490,2020-06-16,2020-06-19,11685.0,12026.0,187,54624.05536664976,0.024969761811507674,3,time
095340,2020-06-16,2020-06-19,15200.0,16350.0,143,155057.34565749997,0.07125469788948546,3,time
001440,2020-06-16,2020-06-19,5949.0,6077.0,367,37889.98201259971,0.01733465286670577,3,time
011200,2020-06-24,2020-06-25,4505.0,4369.849999999999,501,-76760.19498329237,-0.03397068711421558,1,stop
087010,2020-07-01,2020-07-02,17875.0,17338.75,125,-75990.55414843746,-0.03397068711421558,1,stop
079550,2020-06-30,2020-07-03,30150.0,30000.0,74,-20210.770664999727,-0.009048250617239018,3,time
108490,2020-06-30,2020-07-03,11637.0,11734.0,192,9412.470864000265,0.004207868556638683,3,time
214370,2020-07-02,2020-07-07,13460.0,13056.199999999999,165,-75532.27265265072,-0.033970687114215914,3,stop
066970,2020-07-08,2020-07-09,37942.0,36803.74,58,-74843.09890640667,-0.033970687114215914,1,stop
036930,2020-07-08,2020-07-09,7330.0,7110.099999999999,301,-75036.7504713051,-0.03397068711421558,1,stop
237690,2020-07-08,2020-07-10,50900.0,49373.0,43,-74437.15842894977,-0.03397068711421547,2,stop
035720,2020-07-08,2020-07-10,62623.0,72016.45,35,318819.0621394627,0.1452924843491259,2,target
043260,2020-07-08,2020-07-17,697.0,744.0,3173,139627.85310124932,0.06306232718576421,7,time
042700,2020-07-10,2020-07-17,4250.0,4887.5,544,336302.57786000054,0.14529248434912612,5,target
178320,2020-07-09,2020-07-20,19099.0,20651.0,113,166014.30081979977,0.07683466670432537,7,time
010060,2020-07-09,2020-07-20,34766.0,36077.0,62,72208.73928550072,0.03346140176592893,7,time
009830,2020-07-10,2020-07-21,27390.0,31498.499999999996,84,334667.6120402999,0.1452924843491259,7,target
039490,2020-07-20,2020-07-21,103000.0,99910.0,22,-77066.11276100017,-0.03397068711421569,1,stop
001440,2020-07-21,2020-07-22,7102.0,6888.94,341,-82364.22095964663,-0.03397068711421547,1,stop
034020,2020-07-21,2020-07-22,5018.0,5770.7,483,352549.5415846952,0.1452924843491259,1,target
000150,2020-07-22,2020-07-23,49150.0,47675.5,52,-86922.14077429939,-0.03397068711421536,1,stop
010060,2020-07-22,2020-07-24,46090.0,44707.299999999996,55,-86213.0373095749,-0.03397068711421558,2,stop
042700,2020-07-23,2020-07-24,6050.0,5868.5,413,-84978.4830760248,-0.03397068711421547,1,stop
141080,2020-07-24,2020-07-27,59500.0,57715.0,40,-80943.22522999952,-0.03397068711421536,1,stop
353200,2020-07-17,2020-07-28,11750.0,13512.499999999998,213,364048.9951293748,0.1452924843491259,7,target
222800,2020-07-17,2020-07-28,14950.0,15500.0,167,81347.45057749981,0.0325452090976559,7,time
034020,2020-07-24,2020-07-28,7394.0,8503.099999999999,329,353848.78666490456,0.14529248434912567,2,target
001440,2020-07-27,2020-07-28,9410.0,9127.699999999999,249,-79687.92504376546,-0.0339706871142158,1,stop
005380,2020-07-20,2020-07-29,119500.0,125000.0,19,94886.96567500057,0.04174320934066422,7,time
298040,2020-07-28,2020-07-29,47950.0,46511.5,54,-88061.46768405009,-0.03397068711421558,1,stop
226950,2020-07-28,2020-07-29,29026.0,28155.219999999998,90,-88845.05251989048,-0.0339706871142158,1,stop
267260,2020-07-28,2020-07-29,10450.0,10136.5,251,-89205.89605757501,-0.03397068711421558,1,stop
058470,2020-07-28,2020-07-29,28612.0,27753.64,91,-88550.9361283821,-0.03397068711421558,1,stop
141080,2020-07-29,2020-07-30,63200.0,61304.0,39,-83827.25275079953,-0.03397068711421536,1,stop
095610,2020-07-29,2020-07-30,27350.0,26529.5,91,-84645.18744272506,-0.03397068711421558,1,stop
131970,2020-07-29,2020-07-30,41461.0,47680.149999999994,60,361854.0098785497,0.14529248434912567,1,target
128940,2020-07-29,2020-07-30,253340.0,245739.8,9,-77544.2899655099,-0.03397068711421558,1,stop
010130,2020-07-29,2020-07-31,433500.0,420495.0,5,-73716.15154874953,-0.03397068711421536,2,stop
034020,2020-07-30,2020-08-03,9176.0,8900.72,285,-88940.96003886033,-0.03397068711421569,2,stop
240810,2020-07-30,2020-08-03,38800.0,37636.0,67,-88411.76819659956,-0.03397068711421547,2,stop
000270,2020-07-30,2020-08-03,40300.0,39091.0,64,-87717.96912320005,-0.03397068711421558,2,stop
267260,2020-07-31,2020-08-03,12400.0,12028.0,173,-72957.7339341999,-0.03397068711421558,1,stop
222800,2020-08-03,2020-08-07,19650.0,19060.5,122,-81531.5940520498,-0.03397068711421547,4,stop
066970,2020-08-03,2020-08-07,39769.0,45734.35,60,347086.9520479501,0.1452924843491259,4,target
064350,2020-07-30,2020-08-10,17550.0,17023.5,149,-88933.81798957475,-0.03397068711421547,7,stop
011200,2020-08-03,2020-08-10,5920.0,6807.999999999999,405,348753.91897800006,0.1452924843491259,5,target
128940,2020-08-07,2020-08-10,337787.0,327653.39,7,-80416.38006107649,-0.03397068711421558,1,stop
067310,2020-08-07,2020-08-10,5072.0,4919.84,500,-86248.74755599955,-0.03397068711421536,1,stop
096770,2020-08-10,2020-08-11,188426.0,182773.22,13,-83308.19581657322,-0.03397068711421569,1,stop
051910,2020-08-10,2020-08-11,747000.0,724590.0,3,-76215.86879849993,-0.03397068711421558,1,stop
003670,2020-08-10,2020-08-11,89431.0,86748.06999999999,28,-85162.74794757785,-0.03397068711421558,1,stop
000880,2020-08-03,2020-08-12,25200.0,26150.0,95,80172.84768750053,0.03345060268218236,7,time
039490,2020-08-11,2020-08-12,119500.0,115915.0,20,-81283.32281499961,-0.03397068711421547,1,stop
003550,2020-08-11,2020-08-12,85019.0,82468.43,29,-83852.7940794332,-0.03397068711421547,1,stop
178320,2020-08-12,2020-08-13,22929.0,22241.13,106,-82659.83378052898,-0.03397068711421558,1,stop
000100,2020-08-12,2020-08-13,57849.0,56113.53,42,-82632.08181759296,-0.03397068711421558,1,stop
032830,2020-08-12,2020-08-13,57000.0,65550.0,42,348230.2644450003,0.14529248434912612,1,target
005380,2020-08-11,2020-08-14,171500.0,166355.0,14,-81657.4301585001,-0.03397068711421558,3,stop
086520,2020-08-13,2020-08-14,5718.0,5546.46,437,-84982.4282080112,-0.03397068711421569,1,stop
003490,2020-08-13,2020-08-14,15391.0,14929.27,162,-84797.95927790692,-0.03397068711421558,1,stop
071050,2020-08-10,2020-08-18,61700.0,59849.0,41,-86034.48607744975,-0.03397068711421547,5,stop
105560,2020-08-13,2020-08-18,40050.0,38848.5,62,-84449.63133134972,-0.03397068711421547,2,stop
028300,2020-08-14,2020-08-18,45801.0,44426.97,52,-80999.40935104154,-0.03397068711421536,1,stop
007660,2020-08-14,2020-08-18,4294.0,4165.18,556,-81197.07406744407,-0.03397068711421558,1,stop
028260,2020-08-14,2020-08-18,127500.0,123675.0,18,-78052.39575749962,-0.03397068711421547,1,stop
032830,2020-08-18,2020-08-19,64500.0,62565.0,36,-78970.65923699923,-0.03397068711421525,1,stop
090430,2020-08-18,2020-08-19,192500.0,186725.0,12,-78562.54213500023,-0.03397068711421569,1,stop
066570,2020-08-18,2020-08-19,88300.0,85651.0,26,-78079.60356430011,-0.03397068711421558,1,stop
000810,2020-08-18,2020-08-19,186500.0,180905.0,12,-76113.83952299971,-0.03397068711421547,1,stop
005380,2020-08-18,2020-08-19,163500.0,158595.0,14,-77848.33720650012,-0.03397068711421569,1,stop
064760,2020-08-20,2020-08-21,109000.0,105730.0,20,-74141.27352999989,-0.03397068711421558,1,stop
007660,2020-08-20,2020-08-21,4146.0,4021.62,550,-77552.45230754977,-0.03397068711421547,1,stop
000990,2020-08-20,2020-08-21,37900.0,36763.0,60,-77338.19082899997,-0.03397068711421558,1,stop
028300,2020-08-20,2020-08-21,40860.0,39634.2,55,-76430.13027704973,-0.03397068711421547,1,stop
010060,2020-08-25,2020-08-26,54036.0,52414.92,40,-73510.0524122403,-0.03397068711421569,1,stop
237690,2020-08-26,2020-08-27,65800.0,63826.0,33,-73848.78960690042,-0.0339706871142158,1,stop
078600,2020-08-26,2020-08-27,52500.0,50925.0,41,-73206.00517124962,-0.03397068711421547,1,stop
214450,2020-08-19,2020-08-28,68400.0,68200.0,33,-15830.999910000246,-0.007005499204037924,7,time
298380,2020-08-27,2020-08-28,34300.0,33271.0,62,-72325.1524261001,-0.03397068711421558,1,stop
034220,2020-08-25,2020-08-31,14049.0,13627.529999999999,156,-74537.28315797448,-0.0339706871142158,4,stop
051910,2020-08-28,2020-08-31,767000.0,743990.0,2,-52170.969538999954,-0.03397068711421558,1,stop
034020,2020-08-31,2020-09-01,11969.0,13764.349999999999,177,308158.03768595215,0.14529248434912567,1,target
086280,2020-08-31,2020-09-02,72778.0,70594.66,29,-71779.70391927683,-0.03397068711421547,2,stop
009830,2020-08-28,2020-09-03,44138.0,50758.7,48,308174.18370071985,0.14529248434912567,4,target
298040,2020-09-02,2020-09-03,49400.0,56809.99999999999,42,301799.5625189999,0.1452924843491259,1,target
000250,2020-08-26,2020-09-04,58100.0,56357.0,37,-73110.77784745,-0.03397068711421558,7,stop
178320,2020-08-27,2020-09-04,24430.0,28094.499999999996,87,309161.2724954244,0.14529248434912567,6,target
006260,2020-09-01,2020-09-04,45350.0,52152.49999999999,53,349619.40355337504,0.1452924843491259,3,target
034020,2020-09-03,2020-09-04,14894.0,14447.18,161,-81553.15623893868,-0.03397068711421547,1,stop
272210,2020-09-03,2020-09-04,11444.0,11100.68,209,-81344.40434126556,-0.03397068711421536,1,stop
267260,2020-09-04,2020-09-07,12850.0,14777.499999999998,185,345793.81627062475,0.14529248434912567,1,target
067310,2020-09-04,2020-09-08,4778.0,5494.7,498,346112.9546165699,0.1452924843491259,2,target
298040,2020-09-07,2020-09-08,68600.0,66542.0,40,-93322.77732399991,-0.03397068711421558,1,stop
087010,2020-09-04,2020-09-09,20089.0,19486.329999999998,118,-80620.2005437673,-0.03397068711421569,3,stop
006260,2020-09-08,2020-09-09,64800.0,62856.0,41,-90357.12638279982,-0.03397068711421547,1,stop
032820,2020-09-08,2020-09-09,938.0,1078.6999999999998,2871,391722.39168331446,0.14529248434912567,1,target
267260,2020-09-09,2020-09-10,17150.0,19722.5,155,386667.9617631254,0.14529248434912612,1,target
012450,2020-09-04,2020-09-11,29030.0,28159.1,82,-80958.8697189102,-0.03397068711421569,5,stop
009830,2020-09-10,2020-09-11,58106.0,56362.82,52,-102760.89342485182,-0.03397068711421547,1,stop
010170,2020-09-09,2020-09-14,3777.0,3663.69,704,-90432.219929568,-0.03397068711421558,3,stop
222800,2020-09-04,2020-09-15,19250.0,20000.0,123,82274.52933750022,0.034708060394467166,7,time
307950,2020-09-14,2020-09-15,53200.0,61179.99999999999,48,371445.6154079996,0.14529248434912567,1,target
067310,2020-09-11,2020-09-16,6148.0,5963.5599999999995,426,-89073.18997990806,-0.03397068711421558,3,stop
001440,2020-09-09,2020-09-17,7566.0,7339.0199999999995,351,-90318.55931666121,-0.03397068711421569,6,stop
080220,2020-09-16,2020-09-17,4545.0,4408.65,560,-86561.63733420055,-0.0339706871142158,1,stop
237690,2020-09-17,2020-09-18,75300.0,73041.0,33,-84510.84889665013,-0.03397068711421569,1,stop
267270,2020-09-17,2020-09-18,28600.0,27742.0,87,-84623.08109969972,-0.03397068711421547,1,stop
071050,2020-09-11,2020-09-21,79000.0,76630.0,33,-88663.44040949969,-0.03397068711421547,6,stop
141080,2020-09-18,2020-09-21,64000.0,62080.0,37,-80535.10812799959,-0.03397068711421536,1,stop
011200,2020-09-15,2020-09-22,7270.0,7051.9,372,-91977.3512777402,-0.03397068711421569,5,stop
226950,2020-09-15,2020-09-22,30878.0,29951.66,87,-91363.33909778064,-0.03397068711421547,5,stop
307950,2020-09-18,2020-09-22,59900.0,58103.0,40,-81487.38136600005,-0.03397068711421558,2,stop
237690,2020-09-21,2020-09-22,76700.0,74399.0,31,-80865.00278544985,-0.03397068711421547,1,stop
066970,2020-09-21,2020-09-22,44145.0,42820.65,55,-82574.84339403734,-0.03397068711421547,1,stop
028300,2020-09-22,2020-09-23,53435.0,51831.95,45,-81779.01504513761,-0.03397068711421558,1,stop
043260,2020-09-24,2020-09-25,1115.0,1081.55,2184,-82819.20350886043,-0.0339706871142158,1,stop
032820,2020-09-25,2020-09-28,1260.0,1449.0,1919,351712.5670894496,0.14529248434912567,1,target
032820,2020-10-05,2020-10-06,1475.0,1430.75,1687,-84627.33231951203,-0.03397068711421536,1,stop
267270,2020-10-06,2020-10-07,30200.0,29294.0,81,-83194.67124269996,-0.03397068711421558,1,stop
226950,2020-10-05,2020-10-14,34031.0,33010.07,73,-84489.18468048563,-0.03397068711421558,6,stop
241560,2020-10-07,2020-10-15,28550.0,27693.5,85,-82533.18143987516,-0.03397068711421569,5,stop
357780,2020-10-14,2020-10-15,250900.0,243373.0,9,-76797.43566884985,-0.03397068711421547,1,stop
307950,2020-10-06,2020-10-16,66600.0,68000.0,37,41548.506569999736,0.01684147977203998,7,time
000270,2020-10-07,2020-10-16,49850.0,48354.5,49,-83073.93660002528,-0.03397068711421569,6,stop
086280,2020-10-15,2020-10-16,84783.0,97500.45,27,332977.51703504194,0.14529248434912567,1,target
095340,2020-10-15,2020-10-16,20900.0,20273.0,112,-79610.04269680055,-0.0339706871142158,1,stop
003490,2020-10-07,2020-10-19,15158.0,15934.0,161,114566.27941360045,0.04689103447276932,7,time
043260,2020-10-16,2020-10-19,1080.0,1047.6,2270,-83378.32393860072,-0.033970687114215914,1,stop
086280,2020-10-19,2020-10-20,92786.0,90002.42,26,-82046.36575670633,-0.03397068711421569,1,stop
086280,2020-10-22,2020-10-23,98287.0,95338.39,24,-80225.21120854793,-0.03397068711421558,1,stop
010170,2020-10-22,2020-10-23,3794.0,3680.18,642,-82839.20124685764,-0.03397068711421547,1,stop
145020,2020-10-23,2020-10-26,219900.0,213303.0,10,-74787.45894150017,-0.03397068711421569,1,stop
047050,2020-10-23,2020-10-26,15150.0,14695.5,155,-79863.41539762449,-0.03397068711421536,1,stop
214150,2020-10-16,2020-10-27,14400.0,14900.0,170,74717.02215000009,0.030486595217510626,7,time
034020,2020-10-21,2020-10-27,12885.0,12498.449999999999,189,-82822.77453350229,-0.03397068711421547,4,stop
241560,2020-10-22,2020-10-27,31150.0,30215.5,78,-82633.5102274497,-0.03397068711421547,3,stop
011200,2020-10-26,2020-11-04,8190.0,9828.0,278,444690.7004358,0.1950878097556097,7,target
011200,2020-11-06,2020-11-10,10300.0,12360.0,239,480800.0181229999,0.19508780975560946,2,target
043260,2020-11-06,2020-11-10,1275.0,1185.75,1934,-182206.18503352534,-0.07380694743940275,2,stop
000270,2020-10-28,2020-11-11,52600.0,58100.0,45,237069.91822500015,0.10004121905578134,10,time
003490,2020-11-11,2020-11-16,19307.0,23168.399999999998,136,512841.3735168795,0.19508780975560946,3,target
034020,2020-11-10,2020-11-19,15201.0,14136.929999999998,173,-194318.7565481146,-0.07380694743940264,7,stop
006400,2020-11-06,2020-11-20,483641.0,504202.0,5,92591.63798875036,0.03824542007811216,10,time
009830,2020-11-06,2020-11-20,59920.0,59014.0,41,-47104.6216386999,-0.019151757831030958,10,time
319660,2020-11-20,2020-11-25,19500.0,18135.0,126,-181552.24228049954,-0.07380694743940241,3,stop
005930,2020-11-12,2020-11-26,61000.0,68000.0,43,289363.05835000053,0.11019086152160473,10,time
009150,2020-11-16,2020-11-30,154500.0,156000.0,20,17248.120500000194,0.005575503354234623,10,time
058610,2020-11-19,2020-11-30,7900.0,7346.999999999999,316,-184463.58063860005,-0.07380694743940264,7,stop
226950,2020-11-25,2020-11-30,47644.0,57172.799999999996,47,437356.3370769201,0.1950878097556097,3,target
319400,2020-11-30,2020-12-01,3600.0,3492.0,752,-92071.21821120009,-0.03397068711421558,1,stop
096770,2020-11-30,2020-12-01,179078.0,173705.66,15,-91355.99298994523,-0.03397068711421569,1,stop
034020,2020-11-30,2020-12-01,16842.0,16336.74,160,-91646.77642512042,-0.03397068711421569,1,stop
042700,2020-11-20,2020-12-04,6400.0,6200.0,384,-86645.32607999956,-0.03521557024937749,10,time
003670,2020-12-01,2020-12-04,82063.0,94372.45,31,370042.3667191523,0.14529248434912567,3,target
068270,2020-12-01,2020-12-07,295520.0,339848.0,8,343889.75020480016,0.1452924843491259,4,target
319400,2020-12-04,2020-12-07,3315.0,3215.5499999999997,852,-96056.48171223048,-0.0339706871142158,1,stop
307950,2020-12-04,2020-12-07,95000.0,92150.0,29,-93696.88466749946,-0.03397068711421536,1,stop
000660,2020-12-07,2020-12-08,118500.0,114945.0,22,-88663.44040949969,-0.03397068711421547,1,stop
047040,2020-12-07,2020-12-08,4100.0,3977.0,664,-92588.16654040013,-0.03397068711421558,1,stop
237690,2020-12-07,2020-12-09,111000.0,107670.0,24,-90601.99664400006,-0.03397068711421558,2,stop
028300,2020-12-08,2020-12-09,48495.0,47040.15,54,-89062.37487670453,-0.03397068711421536,1,stop
267270,2020-11-26,2020-12-10,33650.0,34450.0,87,57397.13030999992,0.019583334474510883,10,time
066970,2020-12-01,2020-12-10,48569.0,52321.0,53,187720.3523517996,0.07284120348067091,7,time
036930,2020-12-09,2020-12-10,8830.0,8565.1,304,-91293.07493672008,-0.03397068711421558,1,stop
141080,2020-12-10,2020-12-15,68700.0,66639.0,40,-93458.81635799957,-0.03397068711421547,3,stop
003670,2020-12-10,2020-12-15,99354.0,96373.37999999999,28,-94612.15528825205,-0.03397068711421558,3,stop
307950,2020-12-15,2020-12-16,112000.0,128799.99999999999,24,390995.38463999983,0.1452924843491259,1,target
005490,2020-12-08,2020-12-17,270000.0,268000.0,9,-27905.561099999584,-0.011470577115730185,7,time
263750,2020-12-09,2020-12-18,47900.0,53740.0,56,315082.8580479999,0.11732809492460783,7,time
066970,2020-12-17,2020-12-18,70017.0,67916.49,34,-80962.8828704129,-0.03397068711421558,1,stop
047040,2020-12-10,2020-12-21,4260.0,4610.0,653,216475.93237650022,0.077729812788216,7,time
095340,2020-12-15,2020-12-21,24050.0,27657.499999999996,111,388311.65515837446,0.14529248434912567,4,target
272210,2020-12-16,2020-12-21,13501.0,13095.97,229,-105148.95663744677,-0.03397068711421569,3,stop
042700,2020-12-18,2020-12-21,8400.0,8148.0,317,-90561.18493380025,-0.03397068711421569,1,stop
010060,2020-12-18,2020-12-22,61188.0,70366.2,43,382716.4064732697,0.14529248434912567,2,target
066970,2020-12-21,2020-12-22,66651.0,64651.47,43,-97471.72979269037,-0.03397068711421558,1,stop
015760,2020-12-21,2020-12-22,28600.0,27742.0,101,-98240.58840309968,-0.03397068711421547,1,stop
357780,2020-12-21,2020-12-22,275700.0,267429.0,10,-93764.90418450022,-0.03397068711421569,1,stop
000250,2020-12-22,2020-12-23,91100.0,88367.0,31,-96046.95897985017,-0.03397068711421569,1,stop
000100,2020-12-22,2020-12-23,66821.0,64816.369999999995,43,-97720.34112732578,-0.03397068711421569,1,stop
042700,2020-12-23,2020-12-24,8650.0,8390.5,327,-96198.30240517529,-0.03397068711421569,1,stop
000990,2020-12-23,2020-12-24,39450.0,45367.5,71,407425.0456128754,0.1452924843491259,1,target
066570,2020-12-24,2020-12-28,125000.0,121250.0,23,-97778.0556874997,-0.03397068711421547,1,stop
319400,2020-12-24,2020-12-28,4455.0,5123.25,652,422510.65995105077,0.14529248434912612,1,target
011070,2020-12-24,2020-12-28,184500.0,178965.0,15,-94122.00664875004,-0.03397068711421558,1,stop
000990,2020-12-28,2020-12-29,43300.0,49794.99999999999,69,434589.6245122496,0.14529248434912567,1,target
010060,2020-12-24,2021-01-04,66195.0,76124.25,43,414034.00219811266,0.1452924843491259,4,target
003550,2020-12-29,2021-01-04,82185.0,94512.74999999999,38,454274.6711652749,0.1452924843491259,2,target
218410,2020-12-22,2021-01-05,41466.0,44637.0,69,206428.38828524994,0.07206575998129283,7,time
000250,2020-12-29,2021-01-05,79800.0,77406.0,39,-105845.17040370032,-0.03397068711421569,3,stop
067310,2021-01-04,2021-01-05,7841.0,7605.7699999999995,445,-118668.37979733292,-0.03397068711421569,1,stop
064760,2020-12-29,2021-01-06,122300.0,118631.0,25,-103984.83661375009,-0.03397068711421558,4,stop
096770,2021-01-05,2021-01-06,224832.0,258556.8,14,457855.5954134404,0.1452924843491259,1,target
011200,2021-01-05,2021-01-06,16300.0,15811.0,193,-106991.29926514952,-0.03397068711421547,1,stop
319400,2021-01-04,2021-01-07,5920.0,6807.999999999999,590,508061.2646839991,0.14529248434912567,3,target
047040,2021-01-06,2021-01-08,5900.0,5723.0,543,-108957.06330645038,-0.03397068711421569,2,stop
058610,2021-01-05,2021-01-11,9330.0,9050.1,337,-106933.82277328474,-0.03397068711421547,4,stop
064350,2021-01-06,2021-01-11,21850.0,21194.5,146,-108494.5305908504,-0.03397068711421569,3,stop
003670,2021-01-07,2021-01-11,126494.0,122699.18,35,-150571.06370946486,-0.03397068711421558,2,stop
096770,2021-01-08,2021-01-11,265666.0,305515.89999999997,11,425080.34911215445,0.14529248434912567,1,target
012330,2021-01-11,2021-01-12,368500.0,357445.0,9,-112793.36406524945,-0.03397068711421547,1,stop
018260,2021-01-11,2021-01-12,223000.0,216310.0,15,-113762.64218249964,-0.03397068711421547,1,stop
267260,2021-01-11,2021-01-12,20400.0,19788.0,171,-118639.64155140007,-0.03397068711421558,1,stop
039490,2021-01-12,2021-01-13,162500.0,157625.0,21,-116058.30088124983,-0.03397068711421558,1,stop
086520,2021-01-12,2021-01-13,8060.0,7818.2,426,-116774.54639525991,-0.03397068711421558,1,stop
005380,2021-01-11,2021-01-14,256500.0,248805.0,13,-113405.53971824981,-0.03397068711421558,3,stop
353200,2021-01-13,2021-01-14,16000.0,15520.0,207,-112640.3201519996,-0.03397068711421547,1,stop
000990,2021-01-13,2021-01-14,61300.0,59461.0,54,-112579.10258670058,-0.0339706871142158,1,stop
006400,2021-01-06,2021-01-15,678469.0,721547.0,4,160682.00898519997,0.05913955275987903,7,time
086790,2021-01-14,2021-01-15,39900.0,38703.0,80,-108559.14913200028,-0.03397068711421569,1,stop
012330,2021-01-14,2021-01-18,328500.0,318645.0,9,-100549.85100525012,-0.03397068711421558,2,stop
000270,2021-01-14,2021-01-18,71200.0,69064.0,45,-108967.26623399975,-0.03397068711421547,2,stop
100790,2021-01-15,2021-01-18,5948.0,5769.5599999999995,525,-106202.27286795015,-0.03397068711421558,1,stop
003490,2021-01-15,2021-01-18,26053.0,25271.41,119,-105440.69234585995,-0.03397068711421569,1,stop
064760,2021-01-18,2021-01-19,133100.0,129107.0,22,-99587.3748397003,-0.03397068711421569,1,stop
012450,2021-01-19,2021-01-20,40490.0,39275.299999999996,73,-100525.02388154482,-0.03397068711421558,1,stop
145020,2021-01-19,2021-01-20,226100.0,219317.0,13,-99964.88315905072,-0.0339706871142158,1,stop
080220,2021-01-12,2021-01-21,4275.0,4916.25,804,499959.1653817501,0.1452924843491259,7,target
000270,2021-01-20,2021-01-21,96000.0,93120.0,29,-94683.16766399983,-0.03397068711421558,1,stop
036930,2021-01-18,2021-01-27,9350.0,10450.0,320,338700.47200000007,0.11307197967434224,7,time
042700,2021-01-19,2021-01-28,10050.0,9748.5,295,-100830.43151287502,-0.03397068711421558,7,stop
066570,2021-01-21,2021-01-28,168500.0,163445.0,19,-108882.24183774972,-0.03397068711421547,5,stop
079550,2021-01-21,2021-01-28,39750.0,38557.5,84,-113558.58363150014,-0.03397068711421558,5,stop
080220,2021-01-27,2021-01-28,6450.0,6256.5,542,-118894.71474014968,-0.03397068711421547,1,stop
100790,2021-01-20,2021-01-29,5671.0,5500.87,505,-97399.01692901691,-0.03397068711421536,7,stop
352820,2021-01-28,2021-01-29,210870.0,204543.9,14,-100402.9288485297,-0.03397068711421547,1,stop
128940,2021-01-28,2021-01-29,380434.0,369020.98,8,-103507.7477215114,-0.03397068711421536,1,stop
035420,2021-01-29,2021-02-01,362000.0,351140.0,8,-98492.26061599981,-0.03397068711421547,1,stop
226950,2021-01-28,2021-02-03,47000.0,54049.99999999999,66,451215.6559349997,0.14529248434912567,4,target
068270,2021-02-02,2021-02-03,321809.0,312154.73,9,-98501.81735813897,-0.0339706871142158,1,stop
047050,2021-02-02,2021-02-04,18600.0,21390.0,158,427476.65043899976,0.14529248434912567,2,target
096770,2021-02-02,2021-02-04,318799.0,309235.02999999997,9,-97580.49300037324,-0.03397068711421547,2,stop
263750,2021-01-28,2021-02-05,61960.0,71254.0,50,450633.81756500015,0.1452924843491259,6,target
298040,2021-02-05,2021-02-08,86300.0,83711.0,37,-108596.55986634968,-0.03397068711421547,1,stop
272210,2021-02-05,2021-02-08,17479.0,16954.63,185,-109974.4652319774,-0.03397068711421558,1,stop
079550,2021-02-05,2021-02-09,43600.0,42292.0,74,-109729.08482439956,-0.03397068711421547,2,stop
263750,2021-02-08,2021-02-09,78600.0,76242.0,39,-104253.51370589994,-0.03397068711421558,1,stop
047810,2021-02-05,2021-02-10,38800.0,37636.0,83,-109525.02627339959,-0.03397068711421547,3,stop
032820,2021-02-09,2021-02-10,1325.0,1285.25,2324,-104726.24934904976,-0.03397068711421547,1,stop
298040,2021-02-10,2021-02-15,88300.0,85651.0,34,-102104.09696870018,-0.03397068711421569,1,stop
352820,2021-02-03,2021-02-16,229185.0,245520.0,14,214866.36690749973,0.06688904542617413,7,time
047050,2021-02-08,2021-02-16,21800.0,21146.0,144,-106763.4338832004,-0.03397068711421569,4,stop
047810,2021-02-15,2021-02-16,40150.0,38945.5,73,-99680.90167557541,-0.03397068711421569,1,stop
353200,2021-02-10,2021-02-17,16300.0,15811.0,186,-103110.78582029976,-0.03397068711421547,3,stop
080220,2021-02-16,2021-02-17,6970.0,6760.9,445,-105486.36745152483,-0.03397068711421558,1,stop
064760,2021-02-16,2021-02-17,185600.0,180032.0,16,-100995.37884159992,-0.03397068711421558,1,stop
319400,2021-02-16,2021-02-17,6150.0,5965.5,504,-105416.64744660025,-0.03397068711421569,1,stop
095610,2021-02-17,2021-02-18,33050.0,32058.5,90,-101162.02665825002,-0.03397068711421558,1,stop
357780,2021-02-17,2021-02-18,312600.0,303222.0,9,-95683.05456389999,-0.03397068711421558,1,stop
035720,2021-02-17,2021-02-19,103367.0,100265.98999999999,28,-98433.62779234629,-0.03397068711421569,2,stop
222800,2021-02-18,2021-02-19,25400.0,24638.0,115,-99342.50457850005,-0.03397068711421558,1,stop
010950,2021-02-09,2021-02-22,81000.0,86600.0,38,199558.3953599995,0.0647593037534544,7,time
003670,2021-02-18,2021-02-22,154605.0,177795.75,18,404798.04537232546,0.14529248434912612,2,target
272210,2021-02-19,2021-02-22,19581.0,18993.57,147,-97893.92693470977,-0.03397068711421569,1,stop
010060,2021-02-19,2021-02-22,100126.0,97122.22,28,-95347.31022798782,-0.03397068711421547,1,stop
042700,2021-02-22,2021-02-23,12175.0,11809.75,247,-102274.99600516213,-0.03397068711421547,1,stop
043260,2021-02-22,2021-02-23,1980.0,1920.6,1521,-102423.10850343015,-0.03397068711421558,1,stop
087010,2021-02-22,2021-02-23,15020.0,14569.4,200,-102165.31453400012,-0.03397068711421558,1,stop
178320,2021-02-22,2021-02-23,23104.0,22410.88,130,-102148.98984991992,-0.03397068711421558,1,stop
267270,2021-02-23,2021-02-24,38750.0,37587.5,75,-98840.86064062454,-0.03397068711421547,1,stop
003670,2021-02-24,2021-02-25,167205.0,162188.85,17,-96672.2283898727,-0.03397068711421569,1,stop
138040,2021-02-17,2021-02-26,11050.0,12250.0,269,309666.67486999976,0.10405925109398306,7,time
011200,2021-02-23,2021-03-02,17100.0,19665.0,170,422851.0353974998,0.1452924843491259,4,target
000660,2021-02-26,2021-03-05,143500.0,139195.0,20,-97608.00689500012,-0.03397068711421558,4,stop
141080,2021-03-04,2021-03-05,57400.0,55678.0,53,-103464.4873087001,-0.03397068711421558,1,stop
086520,2021-03-05,2021-03-08,8968.0,8698.96,328,-100039.84066678444,-0.03397068711421569,1,stop
011200,2021-03-04,2021-03-09,20150.0,23172.5,152,445513.63990899967,0.14529248434912567,3,target
010060,2021-03-05,2021-03-09,100126.0,97122.22,29,-98752.57130755903,-0.03397068711421558,2,stop
098460,2021-03-04,2021-03-10,22439.0,21765.829999999998,136,-103787.71605348401,-0.03397068711421558,4,stop
105560,2021-03-09,2021-03-10,51900.0,50343.0,60,-105906.3879689998,-0.03397068711421547,1,stop
319400,2021-03-12,2021-03-15,6200.0,6014.0,495,-104375.94883650029,-0.03397068711421569,1,stop
005490,2021-03-05,2021-03-16,299500.0,306000.0,9,47280.84097500006,0.01752050580193809,7,time
100790,2021-03-15,2021-03-16,8064.0,7822.08,376,-103119.76439654408,-0.03397068711421558,1,stop
047040,2021-03-16,2021-03-17,6400.0,6208.0,446,-97077.45466239983,-0.03397068711421547,1,stop
010120,2021-03-16,2021-03-17,12360.0,11989.199999999999,231,-97103.30207886035,-0.03397068711421569,1,stop
105560,2021-03-12,2021-03-18,51100.0,49567.0,60,-104273.91956100008,-0.03397068711421558,4,stop
005290,2021-03-17,2021-03-19,33250.0,32252.5,83,-93858.43102037488,-0.03397068711421558,2,stop
237690,2021-03-17,2021-03-22,85000.0,82450.0,32,-92506.54311999958,-0.03397068711421547,3,stop
267270,2021-03-12,2021-03-23,46100.0,48350.0,66,135593.03125500027,0.04451365874337898,7,time
087010,2021-03-22,2021-03-23,16571.0,16073.869999999999,161,-90735.68900466431,-0.033970687114215914,1,stop
196170,2021-03-15,2021-03-24,83412.0,83162.0,36,-21279.673652399797,-0.007078393647436676,7,time
042700,2021-03-23,2021-03-24,13225.0,12828.25,217,-97602.0551872626,-0.03397068711421558,1,stop
100790,2021-03-18,2021-03-26,7911.0,9097.65,379,436126.9869453823,0.14529248434912567,6,target
011200,2021-03-23,2021-03-26,27350.0,31452.499999999996,105,417723.5847618752,0.1452924843491259,3,target
214450,2021-03-25,2021-03-26,70300.0,68191.0,43,-102808.09896964999,-0.03397068711421558,1,stop
039030,2021-03-19,2021-03-30,114100.0,120100.0,23,126838.26283999952,0.048276701370498776,7,time
011200,2021-03-29,2021-03-30,32600.0,31622.0,98,-108654.37645580014,-0.03397068711421558,1,stop
001440,2021-03-26,2021-03-31,9411.0,9128.67,341,-109142.45050003333,-0.03397068711421558,3,stop
090430,2021-03-24,2021-04-02,249500.0,258500.0,11,87460.63315000013,0.03183099138886125,7,time
009540,2021-03-30,2021-04-02,136500.0,126944.99999999999,21,-211810.94932725048,-0.07380694743940275,3,stop
241560,2021-03-29,2021-04-07,40550.0,40900.0,79,14440.107627499849,0.0045024952528653905,7,time
064760,2021-04-02,2021-04-08,201200.0,187116.0,13,-193271.4875493995,-0.07380694743940241,4,stop
031980,2021-04-07,2021-04-09,11000.0,10230.0,309,-251158.35226349952,-0.07380694743940241,2,stop
043260,2021-04-08,2021-04-12,2065.0,1920.4499999999998,1174,-179136.7181453146,-0.07380694743940241,2,stop
010140,2021-03-30,2021-04-13,7211.0,7183.0,407,-23390.116943600122,-0.007960553613167054,10,time
017670,2021-04-01,2021-04-15,47965.0,51847.0,66,242483.04345539957,0.07650921978524416,10,time
240810,2021-04-02,2021-04-16,55100.0,55900.0,49,28019.70625999989,0.010366130752247127,10,time
047040,2021-04-09,2021-04-23,7000.0,7090.0,449,27410.22669949988,0.008711020377056178,10,time
000720,2021-04-12,2021-04-26,44951.0,50011.0,50,243043.23394000018,0.1080127333779708,10,time
003670,2021-04-13,2021-04-27,164298.0,154605.0,17,-175741.76045415038,-0.06284844800674183,10,time
010060,2021-04-23,2021-04-28,112841.0,104942.12999999999,28,-233464.8042299021,-0.07380694743940264,3,stop
078930,2021-04-15,2021-04-29,40700.0,44250.0,86,290055.4406949999,0.08277304630806137,10,time
067310,2021-04-26,2021-04-29,10647.0,9901.71,235,-184880.70005564298,-0.07380694743940275,3,stop
028050,2021-04-16,2021-04-30,14800.0,17760.0,186,537655.3966319999,0.19508780975560946,10,target
042660,2021-04-27,2021-04-30,27674.0,33208.799999999996,94,508076.5373296398,0.19508780975560946,3,target
047040,2021-04-30,2021-05-04,7610.0,7077.299999999999,422,-237297.72157282988,-0.07380694743940253,2,stop
267260,2021-04-30,2021-05-04,22200.0,20646.0,144,-236217.4229232003,-0.07380694743940264,2,stop
267250,2021-04-28,2021-05-07,65100.0,78120.0,45,572167.0606050002,0.1950878097556097,6,target
000150,2021-04-29,2021-05-14,61100.0,68500.0,50,356389.2205000003,0.11652366296043737,10,time
000720,2021-04-29,2021-05-14,51372.0,50497.0,59,-63894.23801235063,-0.02105639373541679,10,time
028050,2021-05-04,2021-05-20,17850.0,19750.0,167,304148.0544449999,0.10191336333675483,10,time
010950,2021-05-04,2021-05-20,90900.0,96600.0,32,169941.43151999963,0.05835609114770701,10,time
267260,2021-05-07,2021-05-21,23400.0,21762.0,152,-262818.4840632002,-0.07380694743940264,9,stop
030200,2021-05-14,2021-05-31,31700.0,34200.0,100,236271.69350000052,0.07444803085283525,10,time
000810,2021-05-14,2021-05-31,217500.0,211500.0,14,-96231.38279999979,-0.03156677485321291,10,time
001440,2021-05-31,2021-06-01,15025.0,18030.0,213,625062.4844617504,0.1950878097556097,1,target
047040,2021-05-20,2021-06-02,7660.0,9192.0,427,638831.0172957997,0.19508780975560946,9,target
034020,2021-05-31,2021-06-02,17856.0,21427.2,179,624261.5091705606,0.1950878097556097,2,target
012450,2021-05-20,2021-06-03,44513.0,47774.0,73,224034.31596155046,0.06886611819888766,10,time
214450,2021-05-21,2021-06-04,79300.0,81400.0,41,72521.69523499999,0.022279820450889165,10,time
001440,2021-06-04,2021-06-07,22473.0,26967.6,149,653998.37603463,0.1950878097556097,1,target
032820,2021-06-07,2021-06-08,1940.0,2328.0,2063,781682.3530617999,0.19508780975560946,1,target
241560,2021-06-03,2021-06-09,54500.0,50685.0,64,-257734.72571199993,-0.07380694743940253,4,stop
034020,2021-06-08,2021-06-09,30789.0,29865.329999999998,155,-162304.60044075828,-0.03397068711421569,1,stop
001440,2021-06-09,2021-06-10,28351.0,27500.469999999998,138,-133061.07152622333,-0.03397068711421569,1,stop
000150,2021-06-09,2021-06-10,99000.0,96030.0,39,-131311.67756849993,-0.03397068711421558,1,stop
032820,2021-06-10,2021-06-11,2395.0,2323.15,1584,-129022.1406262801,-0.03397068711421558,1,stop
145020,2021-06-10,2021-06-11,242500.0,235225.0,15,-123710.4965437497,-0.03397068711421547,1,stop
064350,2021-06-02,2021-06-14,22050.0,26460.0,175,753660.9131625001,0.1950878097556097,8,target
180640,2021-06-11,2021-06-14,78700.0,76339.0,46,-123122.12772170082,-0.0339706871142158,1,stop
307950,2021-06-11,2021-06-14,123500.0,119795.0,29,-121805.95006774971,-0.03397068711421547,1,stop
005940,2021-06-01,2021-06-15,13150.0,12800.0,292,-117634.97764999932,-0.03060050919697055,10,time
007660,2021-06-14,2021-06-15,3597.0,3489.0899999999997,1084,-132609.0818357584,-0.03397068711421569,1,stop
035720,2021-06-02,2021-06-16,128000.0,143000.0,30,432936.2895000004,0.112614302051121,10,time
214150,2021-06-14,2021-06-17,16500.0,18975.0,236,566419.6531950007,0.14529248434912612,3,target
145020,2021-06-16,2021-06-17,249000.0,241530.0,16,-135494.87786399992,-0.03397068711421558,1,stop
007660,2021-06-17,2021-06-21,3713.0,3601.61,1110,-140168.83897465514,-0.03397068711421558,2,stop
214450,2021-06-14,2021-06-23,92700.0,92000.0,42,-45269.25921000028,-0.011613821489427578,7,time
352820,2021-06-17,2021-06-23,292000.0,335800.0,14,594638.8141400004,0.1452924843491259,4,target
214150,2021-06-21,2021-06-23,19300.0,18721.0,211,-138497.93953955034,-0.03397068711421569,2,stop
263750,2021-06-15,2021-06-24,64300.0,62371.0,58,-126835.9933499,-0.03397068711421558,7,stop
001440,2021-06-23,2021-06-24,32547.0,31570.59,127,-140578.28245723667,-0.03397068711421558,1,stop
095340,2021-06-23,2021-06-25,24500.0,23765.0,169,-140817.40506924968,-0.03397068711421547,2,stop
028050,2021-06-24,2021-06-25,26500.0,25705.0,143,-128879.97983575054,-0.03397068711421569,1,stop
035720,2021-06-24,2021-06-25,172000.0,166840.0,22,-128692.92616399983,-0.03397068711421558,1,stop
064760,2021-06-17,2021-06-28,193900.0,194000.0,21,-14593.651484999806,-0.0035798732482883455,7,time
307950,2021-06-25,2021-06-28,143000.0,138710.0,26,-126448.28210299974,-0.03397068711421547,1,stop
298380,2021-06-25,2021-06-29,22300.0,21631.0,170,-128930.99447349971,-0.03397068711421547,2,stop
039490,2021-06-29,2021-06-30,135000.0,130950.0,28,-128556.8871299997,-0.03397068711421547,1,stop
005830,2021-06-29,2021-07-01,55600.0,53932.0,68,-128584.09493680019,-0.03397068711421558,2,stop
263750,2021-06-30,2021-07-01,74500.0,85675.0,49,531000.2424212499,0.1452924843491259,1,target
043260,2021-06-23,2021-07-02,1800.0,1870.0,2308,144058.15096200025,0.03463620566805092,7,time
010170,2021-06-25,2021-07-06,3112.0,3138.0,1218,16040.758301400114,0.004227063788855734,7,time
263750,2021-07-05,2021-07-06,83800.0,77934.0,48,-297222.52313759923,-0.07380694743940241,1,stop
277810,2021-06-29,2021-07-07,23450.0,22746.5,161,-128402.14272882557,-0.03397068711421569,6,stop
032820,2021-07-06,2021-07-07,3070.0,2855.1,1237,-280610.8993740352,-0.07380694743940264,1,stop
000150,2021-07-07,2021-07-09,104500.0,97185.0,34,-262537.6950845001,-0.07380694743940264,2,stop
058470,2021-07-02,2021-07-16,36081.0,37303.0,112,119899.39681440033,0.029636109663292443,10,time
010950,2021-07-07,2021-07-16,106500.0,99045.0,33,-259692.85937924962,-0.07380694743940241,7,stop
047050,2021-07-05,2021-07-19,23550.0,23400.0,172,-42324.109230000526,-0.010436845425291552,10,time
012450,2021-07-06,2021-07-20,54496.0,52562.0,69,-148462.7445164998,-0.03943706179697659,10,time
078600,2021-07-20,2021-07-21,61700.0,57380.99999999999,58,-264429.32609890075,-0.07380694743940275,1,stop
032820,2021-07-16,2021-07-22,3065.0,2850.45,1221,-276530.22270332277,-0.07380694743940264,4,stop
035420,2021-07-09,2021-07-23,420000.0,452000.0,8,241475.3472000002,0.07178509922526888,10,time
086520,2021-07-19,2021-07-26,11249.0,13498.8,356,782155.7898103595,0.19508780975560946,5,target
067310,2021-07-16,2021-07-28,11881.0,11049.33,315,-276541.30647879746,-0.07380694743940253,8,stop
047050,2021-07-26,2021-08-02,27200.0,25296.0,176,-353734.9996927995,-0.07380694743940253,5,stop
042700,2021-07-21,2021-08-04,18950.0,18600.0,176,-75086.71675999975,-0.022487543471664928,10,time
010130,2021-07-22,2021-08-05,517000.0,525000.0,6,35145.877200000454,0.01131705371001801,10,time
316140,2021-07-23,2021-08-06,11400.0,11050.0,349,-138094.99421249982,-0.0346695688743065,10,time
012450,2021-08-05,2021-08-10,56228.0,52292.03999999999,55,-228513.46004971024,-0.07380694743940264,3,stop
138040,2021-07-28,2021-08-11,23250.0,24450.0,149,164075.69931000005,0.04730813435572245,10,time
036930,2021-08-06,2021-08-11,15200.0,14135.999999999998,256,-287527.91418880085,-0.07380694743940275,3,stop
086520,2021-08-10,2021-08-12,18258.0,21909.6,157,559863.5645081401,0.1950878097556097,2,target
131970,2021-08-04,2021-08-13,56200.0,52266.0,58,-240857.8302554004,-0.07380694743940264,7,stop
005830,2021-08-02,2021-08-17,58300.0,62700.0,76,315255.86751999985,0.07106926346021614,10,time
267260,2021-08-13,2021-08-20,24600.0,22878.0,124,-225399.65805959934,-0.07380694743940241,4,stop
222800,2021-08-11,2021-08-26,31000.0,32700.0,116,181881.5173399998,0.0505207359948503,10,time
006400,2021-08-11,2021-08-26,785184.0,748960.0,4,-157340.20362239983,-0.05003905030056499,10,time
016360,2021-08-12,2021-08-27,46800.0,48950.0,83,162004.87239750056,0.041658623353580726,10,time
079550,2021-08-17,2021-08-31,46100.0,52100.0,103,596718.6220399998,0.12552557643288598,10,time
138040,2021-08-26,2021-09-02,25950.0,31140.0,130,658885.6729650004,0.1950878097556097,5,target
353200,2021-08-20,2021-09-03,17350.0,18500.0,163,175307.47351749986,0.061917602328471544,10,time
263750,2021-08-27,2021-09-06,92300.0,85839.0,40,-272808.6603580001,-0.07380694743940264,6,stop
078600,2021-09-06,2021-09-08,70000.0,84000.0,49,669920.8117,0.19508780975560946,2,target
067310,2021-08-31,2021-09-10,12155.0,14586.0,443,1051690.7135663508,0.1950878097556097,8,target
016360,2021-08-30,2021-09-13,49300.0,48850.0,75,-48803.59781249985,-0.013183916386721894,10,time
247540,2021-09-10,2021-09-14,90778.0,108933.59999999999,71,1258833.548851219,0.19508780975560946,2,target
067310,2021-09-13,2021-09-15,14278.0,13278.539999999999,256,-270087.07623603195,-0.07380694743940253,2,stop
028300,2021-09-02,2021-09-16,55880.0,60097.0,72,286240.36731480015,0.07106287435699832,10,time
005940,2021-09-03,2021-09-17,13350.0,13400.0,225,-1093.133812500164,-0.00036350494849146653,10,time
058470,2021-09-15,2021-09-17,42869.0,39868.17,79,-250245.86197456205,-0.07380694743940275,2,stop
066970,2021-09-14,2021-09-24,150400.0,180480.0,51,1498122.622175999,0.19508780975560946,5,target
267260,2021-09-08,2021-09-27,26500.0,26200.0,154,-62788.55429000035,-0.015367905169906604,10,time
028050,2021-09-17,2021-09-29,27350.0,25435.5,113,-228366.41529507516,-0.07380694743940264,5,stop
247540,2021-09-16,2021-10-06,110001.0,102300.93,39,-316998.86036662385,-0.07380694743940264,10,stop
003490,2021-09-24,2021-10-06,34450.0,32038.499999999996,271,-689850.4909721762,-0.07380694743940275,7,stop
028300,2021-10-05,2021-10-06,49509.0,48023.729999999996,58,-97659.76974743698,-0.03397068711421558,1,stop
000810,2021-09-17,2021-10-07,225500.0,242000.0,13,201853.76997500006,0.0687777160416021,10,time
078600,2021-09-27,2021-10-07,97800.0,90954.0,41,-296291.48599769967,-0.07380694743940253,7,stop
028300,2021-10-08,2021-10-12,45834.0,44458.979999999996,97,-151203.91729563288,-0.03397068711421558,1,stop
028300,2021-10-15,2021-10-18,46550.0,45153.5,94,-148816.50026845,-0.03397068711421558,1,stop
000150,2021-11-30,2021-12-01,110500.0,107185.0,39,-146565.0542557491,-0.03397068711421536,1,stop
086520,2021-12-03,2021-12-07,22405.0,21732.85,194,-147825.7960033454,-0.03397068711421569,2,stop
352820,2021-12-03,2021-12-08,333500.0,341000.0,13,79444.81902500056,0.018303206213550416,3,time
000150,2021-12-03,2021-12-08,110500.0,114500.0,39,137878.91130000073,0.031957422451110995,3,time
066970,2021-12-07,2021-12-10,203000.0,205900.0,21,43249.83715500031,0.010133743960098585,3,time
277810,2022-01-18,2022-01-21,22000.0,23100.0,199,200312.7522550011,0.045701833536158754,3,time
108490,2022-01-25,2022-01-26,23079.0,22386.63,191,-149918.04233650677,-0.03397068711421569,1,stop
277810,2022-01-26,2022-01-27,21800.0,21146.0,201,-149023.95979530085,-0.0339706871142158,1,stop
319400,2022-01-27,2022-01-28,3365.0,3264.0499999999997,1294,-148089.03153413534,-0.03397068711421569,1,stop
058610,2022-01-26,2022-02-03,11300.0,12430.000000000002,388,419179.3088780008,0.09549715894264232,3,target
108490,2022-01-28,2022-02-03,21716.0,23887.600000000002,198,411087.8976771608,0.09549715894264232,1,target
138040,2022-02-03,2022-02-04,44450.0,48895.00000000001,102,433472.5546305012,0.09549715894264232,1,target
319400,2022-02-03,2022-02-04,3350.0,3685.0000000000005,1357,434624.6189202517,0.09549715894264255,1,target
031980,2022-01-28,2022-02-07,14450.0,14016.5,298,-146449.4210768505,-0.03397068711421569,3,stop
138040,2022-02-11,2022-02-15,41550.0,40303.5,111,-156854.70668992493,-0.03397068711421558,2,stop
298380,2022-02-14,2022-02-15,23800.0,26180.000000000004,195,443712.0637950003,0.0954971589426421,1,target
298380,2022-02-18,2022-02-23,24500.0,26050.0,191,275999.7028975012,0.05891283823583793,3,time
032820,2022-04-11,2022-04-12,2215.0,2148.5499999999997,2146,-161661.6459563151,-0.03397068711421558,1,stop
214370,2022-05-09,2022-05-10,20820.0,20195.399999999998,226,-160026.7968652211,-0.0339706871142158,1,stop
329180,2022-05-12,2022-05-13,124500.0,120765.0,37,-156665.95253024995,-0.03397068711421558,1,stop
214370,2022-05-13,2022-05-17,18400.0,20240.0,253,445069.6831239993,0.09549715894264188,2,target
028300,2022-06-09,2022-06-10,34486.0,33451.42,137,-160681.89283344708,-0.03397068711421558,1,stop
028300,2022-06-13,2022-06-15,32334.0,31363.98,145,-159452.37204415537,-0.03397068711421569,2,stop
257720,2022-07-27,2022-07-28,4050.0,3928.5,1156,-159226.88734530006,-0.03397068711421558,1,stop
214370,2022-08-30,2022-09-02,23940.0,26334.000000000004,194,444033.3032982014,0.09549715894264232,3,target
277810,2022-09-08,2022-09-13,27600.0,30360.000000000004,171,451226.77360200044,0.0954971589426421,1,target
000150,2022-09-08,2022-09-14,73000.0,70810.0,64,-158893.59171199985,-0.03397068711421558,2,stop
298040,2022-09-19,2022-09-20,63700.0,61789.0,75,-162481.6212337492,-0.03397068711421547,1,stop
012450,2022-09-27,2022-09-28,67535.0,65508.95,70,-160779.4328208249,-0.03397068711421558,1,stop
078600,2022-09-27,2022-09-28,81600.0,79152.0,58,-160961.3850288,-0.03397068711421558,1,stop
009830,2022-09-27,2022-09-30,57888.0,58887.0,82,62223.10030889977,0.013093327533031829,3,time
064350,2022-09-29,2022-09-30,25900.0,25123.0,181,-159434.34687214997,-0.03397068711421558,1,stop
003670,2022-09-30,2022-10-06,145881.0,153636.0,32,228297.2274575997,0.048848666262300666,3,time
377300,2023-01-02,2023-01-03,54700.0,53059.0,86,-159988.70593569987,-0.03397068711421558,1,stop
257720,2023-01-02,2023-01-03,2480.0,2405.6,1906,-160760.04725848045,-0.03397068711421569,1,stop
298040,2023-01-05,2023-01-06,72100.0,69937.0,64,-156934.6296223998,-0.03397068711421558,1,stop
257720,2023-01-06,2023-01-11,2425.0,2600.0,1910,314282.7764375005,0.06777604995346564,3,time
042660,2023-03-09,2023-03-10,20033.0,19432.01,234,-159428.2931351373,-0.03397068711421569,1,stop
058610,2023-03-10,2023-03-13,23850.0,22180.5,195,-343652.4586023744,-0.07380694743940241,1,stop
007660,2023-03-10,2023-03-13,8771.0,8157.03,531,-344143.9132069368,-0.07380694743940264,1,stop
000250,2023-03-10,2023-03-13,56000.0,52080.0,83,-343449.25605200045,-0.07380694743940264,1,stop
042660,2023-03-13,2023-03-15,19589.0,21547.9,225,421390.2206373755,0.09549715894264232,2,target
086520,2023-03-14,2023-03-15,72791.0,87349.2,60,853018.1773374006,0.1950878097556097,1,target
080220,2023-03-15,2023-03-16,4550.0,5005.0,1139,495478.4712377498,0.0954971589426421,1,target
108490,2023-03-20,2023-03-21,40608.0,37765.439999999995,133,-399079.7596467361,-0.07380694743940264,1,stop
277810,2023-03-20,2023-03-23,124000.0,148800.0,43,1041404.5970800007,0.1950878097556097,3,target
028050,2023-03-10,2023-03-24,28650.0,29250.0,162,77892.47388000041,0.016763188928202055,10,time
403870,2023-03-23,2023-03-24,22650.0,27180.0,253,1119226.7391855,0.1950878097556097,1,target
000810,2023-03-14,2023-03-27,215500.0,200415.0,20,-318473.81531500025,-0.07380694743940264,9,stop
058610,2023-03-23,2023-03-27,33500.0,40200.0,171,1118845.880415001,0.1950878097556097,2,target
247540,2023-03-24,2023-03-27,245000.0,227849.99999999997,23,-416380.4986775005,-0.07380694743940264,1,stop
086520,2023-03-24,2023-03-27,94374.0,87767.81999999999,61,-425381.55884891097,-0.07380694743940253,1,stop
051910,2023-03-14,2023-03-28,708000.0,704000.0,6,-41338.40039999876,-0.0097200823117356,10,time
000250,2023-03-27,2023-03-28,67400.0,80880.0,80,1053123.3284799997,0.19508780975560946,1,target
007660,2023-03-27,2023-03-28,8888.0,10665.6,607,1053712.3900450394,0.19508780975560946,1,target
403870,2023-03-27,2023-04-03,26650.0,24784.5,202,-397781.9234304512,-0.07380694743940275,5,stop
042700,2023-03-27,2023-04-04,20400.0,18972.0,264,-397951.87465440016,-0.07380694743940264,6,stop
078600,2023-03-29,2023-04-07,100200.0,120240.0,58,1135076.3234040001,0.1950878097556097,7,target
028050,2023-04-03,2023-04-07,31900.0,29666.999999999996,158,-372429.6343272999,-0.07380694743940253,4,stop
066970,2023-03-28,2023-04-11,295500.0,317500.0,19,393758.37120000087,0.07005183191597886,10,time
006260,2023-03-28,2023-04-11,77400.0,83800.0,73,442667.02139999997,0.07825536668303279,10,time
078600,2023-04-10,2023-04-11,132300.0,123038.99999999999,43,-420363.26866485085,-0.07380694743940275,1,stop
086520,2023-04-11,2023-04-12,148134.0,137764.62,39,-426889.83901554905,-0.07380694743940253,1,stop
003670,2023-04-11,2023-04-13,296609.0,275846.37,19,-416422.6909161415,-0.07380694743940253,2,stop
214370,2023-04-04,2023-04-18,42700.0,44200.0,117,154508.4198449999,0.030891514270061426,10,time
267260,2023-04-18,2023-04-21,49950.0,46453.5,104,-383853.3122502016,-0.07380694743940286,3,stop
128940,2023-04-10,2023-04-24,305621.0,308566.0,19,31992.618200450204,0.0055031806961602925,10,time
051910,2023-04-11,2023-04-25,768000.0,742000.0,7,-203495.3780999994,-0.037809076780965234,10,time
000270,2023-04-12,2023-04-26,86200.0,85700.0,70,-59625.35704999976,-0.009870211755068192,10,time
012330,2023-04-25,2023-04-26,234500.0,218084.99999999997,22,-381207.98450349923,-0.07380694743940241,1,stop
005380,2023-04-13,2023-04-27,199000.0,202000.0,26,56565.96530000027,0.010920174081378242,10,time
064350,2023-04-21,2023-05-09,32050.0,33700.0,151,228582.0495325001,0.04717782602090592,10,time
267260,2023-04-24,2023-05-10,51800.0,48174.0,112,-428690.87863839976,-0.07380694743940253,10,stop
000810,2023-04-26,2023-05-12,226500.0,225500.0,23,-44281.76774999965,-0.008490430096063317,10,time
010120,2023-04-26,2023-05-12,13000.0,12780.0,415,-113140.63203500025,-0.02094729431559683,10,time
043260,2023-05-09,2023-05-12,1657.0,1541.01,3066,-375397.2782648131,-0.07380694743940264,3,stop
042700,2023-04-27,2023-05-15,21500.0,19995.0,252,-400345.9701569993,-0.07380694743940241,10,stop
319400,2023-05-12,2023-05-15,4825.0,4487.25,1052,-375067.57289034966,-0.07380694743940253,1,stop
005380,2023-05-11,2023-05-25,211500.0,203500.0,25,-221079.6224999996,-0.04176371440005289,10,time
000270,2023-05-12,2023-05-26,90000.0,87400.0,56,-165825.69191999827,-0.03286412432740449,10,time
042660,2023-05-25,2023-05-26,27007.0,25116.51,189,-377167.80055919103,-0.07380694743940286,1,stop
000810,2023-05-15,2023-05-30,224000.0,225500.0,22,12706.784749999642,0.002575524925185757,10,time
043260,2023-05-17,2023-05-30,1645.0,1974.0,3013,968042.4088331498,0.19508780975560946,8,target
007660,2023-05-26,2023-05-31,12895.0,15474.0,373,939419.4073886508,0.1950878097556097,2,target
042700,2023-05-26,2023-05-31,28150.0,26179.5,170,-353609.3835707493,-0.07380694743940241,2,stop
214450,2023-05-17,2023-06-01,114000.0,120000.0,43,237150.02670000028,0.048322640136499784,10,time
010140,2023-05-30,2023-06-14,6130.0,6570.0,888,367259.83209599927,0.0673908251895532,10,time
402340,2023-05-30,2023-06-14,46500.0,47150.0,117,53529.5436975006,0.009827781899229393,10,time
066570,2023-05-31,2023-06-15,125200.0,123600.0,40,-84335.11039999872,-0.016820731590832083,10,time
000660,2023-05-31,2023-06-15,110000.0,119000.0,46,392042.61530000065,0.07738976788573915,10,time
086520,2023-06-14,2023-06-15,147545.0,143118.65,38,-190682.85307953507,-0.03397068711421558,1,stop
067310,2023-06-14,2023-06-15,17608.0,17079.76,321,-192228.86868142895,-0.0339706871142158,1,stop
403870,2023-06-01,2023-06-16,26750.0,31450.0,196,896997.3937400002,0.17088821236180451,10,time
007660,2023-06-15,2023-06-16,18720.0,21528.0,284,773333.0143344011,0.14529248434912612,1,target
214150,2023-06-15,2023-06-16,32300.0,31331.0,164,-180156.49272620026,-0.03397068711421558,1,stop
031980,2023-06-15,2023-06-16,12810.0,14731.499999999998,415,773285.0126688741,0.14529248434912567,1,target
010170,2023-06-16,2023-06-19,2217.0,2150.49,2654,-200110.63021380268,-0.03397068711421558,1,stop
222800,2023-06-16,2023-06-19,35050.0,33998.5,167,-199071.0199159747,-0.03397068711421558,1,stop
031980,2023-06-19,2023-06-20,15750.0,18112.5,361,827046.8780568754,0.1452924843491259,1,target
007660,2023-06-19,2023-06-20,22076.0,21413.72,257,-192955.45316202193,-0.03397068711421558,1,stop
214370,2023-06-20,2023-06-21,46100.0,44717.0,130,-203820.48269049916,-0.03397068711421547,1,stop
042660,2023-06-21,2023-06-22,34159.0,33134.229999999996,174,-202142.64526466187,-0.03397068711421569,1,stop
086280,2023-06-15,2023-06-26,94186.0,96388.0,56,101332.85840720031,0.01919007607928025,7,time
012450,2023-06-20,2023-06-26,139860.0,135664.19999999998,42,-199777.40260002017,-0.03397068711421558,4,stop
087010,2023-06-22,2023-06-26,9303.0,10698.449999999999,617,834930.9334299667,0.14529248434912567,2,target
353200,2023-06-16,2023-06-27,29200.0,31200.0,201,376761.7284599999,0.06411928265910438,7,time
042700,2023-06-16,2023-06-27,28700.0,30100.0,205,262042.14995000046,0.044487313404292905,7,time
082920,2023-06-26,2023-06-27,11683.0,11332.51,502,-199462.67629486043,-0.03397068711421547,1,stop
031980,2023-06-26,2023-06-27,17780.0,17246.6,330,-199548.8570228992,-0.03397068711421547,1,stop
145020,2023-06-27,2023-06-28,114100.0,110677.0,52,-201786.69913220033,-0.03397068711421569,1,stop
087010,2023-06-28,2023-06-29,11105.0,10771.85,529,-199791.85674738232,-0.03397068711421558,1,stop
310210,2023-06-26,2023-06-30,40378.0,39166.659999999996,145,-199120.67416338623,-0.0339706871142158,4,stop
131970,2023-06-27,2023-06-30,42900.0,41613.0,138,-201344.5722716991,-0.03397068711421547,3,stop
098460,2023-06-29,2023-06-30,16930.0,16422.1,343,-197494.32751191594,-0.0339706871142158,1,stop
084370,2023-06-30,2023-07-06,34250.0,31852.499999999996,166,-420112.0364207495,-0.07380694743940253,4,stop
036930,2023-06-30,2023-07-07,19150.0,17809.5,298,-421678.54335454945,-0.07380694743940253,5,stop
267270,2023-06-29,2023-07-10,82600.0,85100.0,70,150788.2988499999,0.02604895692294562,7,time
031980,2023-06-30,2023-07-10,20800.0,19344.0,274,-421124.35458080005,-0.07380694743940264,6,stop
042660,2023-07-10,2023-07-12,36824.0,44188.799999999996,152,1093210.764853119,0.19508780975560946,2,target
307950,2023-06-30,2023-07-14,139200.0,159000.0,41,786017.5259700008,0.13756562351018897,10,time
086520,2023-07-06,2023-07-18,185609.0,222730.8,28,1015047.6076638801,0.1950878097556097,8,target
087010,2023-07-12,2023-07-18,15922.0,19106.399999999998,422,1312319.010833959,0.19508780975560946,4,target
000270,2023-07-07,2023-07-21,88100.0,84500.0,61,-240976.74484000076,-0.044788876992536975,10,time
003670,2023-07-11,2023-07-21,399841.0,479809.19999999995,14,1093313.4990650592,0.19508780975560946,8,target
095610,2023-07-18,2023-07-21,23300.0,21669.0,305,-525112.3360872511,-0.07380694743940275,3,stop
247540,2023-07-21,2023-07-25,348500.0,418200.0,17,1157127.0696550002,0.1950878097556097,2,target
003490,2023-07-21,2023-07-26,26250.0,24412.5,234,-453880.6057012491,-0.07380694743940241,3,stop
047050,2023-07-25,2023-07-26,70500.0,84600.0,103,1418259.467684999,0.19508780975560946,1,target
036930,2023-07-18,2023-07-27,21450.0,25740.0,332,1390896.229865999,0.19508780975560946,7,target
086520,2023-07-26,2023-07-27,255653.0,237757.28999999998,28,-528938.750948566,-0.07380694743940253,1,stop
096770,2023-07-26,2023-07-27,205153.0,190792.28999999998,35,-530569.6176719582,-0.07380694743940264,1,stop
042700,2023-07-14,2023-07-28,43250.0,47150.0,150,556688.3182500005,0.08571079441188822,10,time
247540,2023-07-27,2023-07-28,445000.0,413850.0,16,-526109.8758799993,-0.07380694743940241,1,stop
009540,2023-07-27,2023-07-28,126800.0,117923.99999999999,57,-534060.6374874003,-0.07380694743940264,1,stop
095340,2023-07-28,2023-08-01,106500.0,99045.0,64,-503646.7575839991,-0.07380694743940241,2,stop
096770,2023-08-01,2023-08-02,222864.0,207263.52,29,-477567.0772423437,-0.07380694743940253,1,stop
084370,2023-07-28,2023-08-03,35050.0,32596.499999999996,195,-505032.22951837536,-0.07380694743940264,4,stop
036930,2023-08-02,2023-08-03,29000.0,26970.0,208,-445715.55776799936,-0.07380694743940253,1,stop
138040,2023-07-21,2023-08-04,47250.0,50200.0,130,357196.2293250002,0.058084798055231035,10,time
039030,2023-07-28,2023-08-09,156100.0,145173.0,43,-495984.1741389502,-0.07380694743940264,8,stop
326030,2023-07-27,2023-08-10,83400.0,100080.0,87,1417146.1882019984,0.19508780975560946,10,target
267250,2023-08-09,2023-08-16,63800.0,59333.99999999999,100,-471429.9168700008,-0.07380694743940275,4,stop
257720,2023-08-03,2023-08-17,8130.0,7560.9,734,-440943.6229668297,-0.07380694743940253,9,stop
005940,2023-08-03,2023-08-18,10130.0,10270.0,589,57764.70662300009,0.009670270334823261,10,time
298040,2023-08-04,2023-08-21,181300.0,190900.0,35,309004.32710000034,0.048640664103446696,10,time
087010,2023-08-10,2023-08-25,33676.0,37698.0,257,995137.9136429001,0.1148498498477395,10,time
042700,2023-08-21,2023-08-25,58800.0,54683.99999999999,108,-469242.71850960143,-0.07380694743940275,4,stop
003230,2023-08-16,2023-08-30,179200.0,189900.0,33,327823.9280249998,0.05537190788964952,10,time
214150,2023-08-17,2023-08-31,35800.0,38850.0,154,445721.10467500053,0.08075329164351586,10,time
087010,2023-08-31,2023-09-01,43997.0,40917.21,140,-455142.6782686692,-0.07380694743940241,1,stop
138040,2023-08-24,2023-09-07,51000.0,54200.0,124,369713.1969600003,0.05839475962016416,10,time
307950,2023-08-31,2023-09-07,176000.0,211200.0,35,1203123.0904,0.1950878097556097,5,target
039030,2023-08-25,2023-09-08,161100.0,157100.0,48,-223124.5353600001,-0.028821151910789045,10,time
018260,2023-08-25,2023-09-08,139400.0,147200.0,55,396314.3871499989,0.051631549474089544,10,time
042700,2023-09-01,2023-09-08,58500.0,54405.0,98,-423621.8986544991,-0.07380694743940241,5,stop
277810,2023-09-07,2023-09-08,176000.0,211200.0,39,1340622.8721599998,0.19508780975560946,1,target
277810,2023-09-11,2023-09-12,220000.0,204600.0,33,-536454.7329899995,-0.07380694743940253,1,stop
067310,2023-09-07,2023-09-13,25515.0,23728.949999999997,275,-518471.30728181265,-0.07380694743940264,4,stop
058610,2023-09-08,2023-09-13,39800.0,37014.0,183,-538183.8019641014,-0.07380694743940275,3,stop
196170,2023-09-12,2023-09-13,51900.0,62280.0,132,1338044.7512520002,0.1950878097556097,1,target
131970,2023-09-08,2023-09-20,54400.0,50592.0,134,-538641.9313503997,-0.07380694743940253,8,stop
267250,2023-09-08,2023-09-22,63500.0,67200.0,115,394318.4992249999,0.05393570624116739,10,time
000100,2023-09-13,2023-09-22,74556.0,69337.08,95,-523362.5773989288,-0.07380694743940241,7,stop
196170,2023-09-20,2023-09-22,76200.0,70866.0,89,-501119.65677569807,-0.0738069474394023,2,stop
257720,2023-09-25,2023-09-26,9460.0,8797.8,728,-508884.2109551197,-0.07380694743940253,1,stop
016360,2023-09-14,2023-10-04,38300.0,35619.0,187,-529220.7221966498,-0.07380694743940253,10,stop
005830,2023-09-14,2023-10-04,89200.0,89600.0,80,2660.907200000249,0.0003724565966238824,10,time
138040,2023-09-26,2023-10-04,58200.0,54126.0,109,-468755.03238869924,-0.07380694743940241,2,stop
087010,2023-10-04,2023-10-05,31737.0,30784.89,206,-222349.74733598717,-0.03397068711421558,1,stop
277810,2023-10-05,2023-10-06,157800.0,153066.0,40,-214669.59565199912,-0.03397068711421547,1,stop
067310,2023-10-05,2023-10-06,21369.0,20727.93,301,-218753.1133453371,-0.03397068711421569,1,stop
000250,2023-10-04,2023-10-10,73700.0,75700.0,89,150593.9238400003,0.022932464931022745,3,time
058610,2023-10-06,2023-10-10,32850.0,31864.5,189,-211154.68711102474,-0.03397068711421558,1,stop
277810,2023-10-10,2023-10-11,139900.0,135703.0,45,-214108.43463675026,-0.03397068711421558,1,stop
226950,2023-10-10,2023-10-11,16930.0,16422.1,379,-218222.59512249567,-0.03397068711421569,1,stop
307950,2023-10-06,2023-10-12,170500.0,180100.0,36,319426.4023199994,0.051981009467181094,3,time
087010,2023-10-11,2023-10-12,32367.0,35603.700000000004,191,591051.7169685159,0.09549715894264232,1,target
024110,2023-09-22,2023-10-13,11460.0,11750.0,598,144823.4567130003,0.021108330761228533,10,time
000810,2023-09-22,2023-10-13,262500.0,258000.0,26,-144625.29314999934,-0.02116617486683392,10,time
277810,2023-10-13,2023-10-16,140900.0,136673.0,47,-225222.82371454965,-0.03397068711421558,1,stop
196170,2023-10-18,2023-10-19,61100.0,59267.0,107,-222345.59814545047,-0.03397068711421569,1,stop
277810,2023-10-18,2023-10-19,143000.0,138710.0,46,-223716.19141299836,-0.03397068711421536,1,stop
196170,2023-10-23,2023-10-24,54900.0,53253.0,118,-220322.01751469914,-0.03397068711421547,1,stop
196170,2023-10-26,2023-10-27,53700.0,59070.00000000001,120,616091.4757800009,0.09549715894264232,1,target
247540,2024-01-04,2024-01-05,265500.0,292050.0,24,609207.772140001,0.09549715894264232,1,target
454910,2024-01-17,2024-01-18,92700.0,89919.0,72,-226994.73213239945,-0.03397068711421547,1,stop
310210,2024-01-18,2024-01-19,43700.0,42389.0,152,-225906.41986040026,-0.03397068711421558,1,stop
028300,2024-01-18,2024-01-19,43450.0,47795.00000000001,152,631426.8377780011,0.09549715894264232,1,target
068270,2024-01-18,2024-01-23,163750.0,167063.0,40,105286.11441400088,0.0160557494208724,3,time
454910,2024-01-22,2024-01-23,86300.0,83711.0,78,-228933.28836689983,-0.03397068711421558,1,stop
141080,2024-01-22,2024-01-23,50000.0,55000.00000000001,135,645347.2162500015,0.09549715894264232,1,target
454910,2024-01-25,2024-01-26,81700.0,79249.0,83,-230623.57336435,-0.03397068711421558,1,stop
078930,2024-02-02,2024-02-15,50500.0,46965.0,134,-500026.05759549886,-0.07380694743940241,7,stop
028260,2024-02-02,2024-02-20,152900.0,162300.0,44,384809.63620000053,0.057132938322081106,10,time
000810,2024-02-02,2024-02-20,292000.0,303000.0,23,224730.63214999996,0.033423534120861076,10,time
006800,2024-02-02,2024-02-20,8313.0,8662.0,816,256144.67986320052,0.03771709051115635,10,time
024110,2024-02-02,2024-02-20,13210.0,13660.0,513,202397.0477714995,0.029832165106082886,10,time
030200,2024-02-20,2024-02-21,42200.0,39246.0,166,-517627.0930498,-0.07380694743940253,1,stop
178320,2024-02-15,2024-02-23,22750.0,21157.5,282,-474053.0770657491,-0.07380694743940241,6,stop
003550,2024-02-20,2024-02-26,102900.0,95697.0,68,-517035.9583577998,-0.07380694743940253,4,stop
031980,2024-02-23,2024-02-26,41900.0,38967.0,142,-439641.64880769886,-0.07380694743940241,1,stop
012450,2024-02-20,2024-02-27,155242.0,186290.4,45,1364429.474999099,0.19508780975560946,5,target
267260,2024-02-21,2024-02-28,130500.0,121364.99999999999,50,-482144.2331625009,-0.07380694743940275,5,stop
098460,2024-02-26,2024-02-28,21000.0,19530.0,286,-443794.3700189991,-0.07380694743940241,2,stop
196170,2024-02-26,2024-02-29,143000.0,171600.0,42,1173045.0131400004,0.1950878097556097,3,target
145020,2024-02-27,2024-03-04,180200.0,216240.0,46,1618981.8053480005,0.1950878097556097,3,target
042700,2024-02-28,2024-03-04,82100.0,98520.0,71,1138494.2867290005,0.1950878097556097,2,target
015760,2024-02-20,2024-03-06,23300.0,24650.0,301,376410.1538224993,0.05360924572517067,10,time
039030,2024-03-04,2024-03-07,211500.0,196695.0,39,-609496.8133702502,-0.07380694743940264,3,stop
079550,2024-03-06,2024-03-08,154100.0,184920.0,49,1474782.815471,0.1950878097556097,2,target
012450,2024-02-29,2024-03-13,199656.0,185680.08,36,-531106.1462967843,-0.07380694743940264,8,stop
316140,2024-02-28,2024-03-14,14460.0,15160.0,403,257386.58637900092,0.04411774987869088,10,time
319660,2024-03-04,2024-03-18,25850.0,27850.0,326,615541.9301800001,0.0729592360313902,10,time
298380,2024-03-07,2024-03-20,26750.0,24877.5,287,-567286.1017696243,-0.07380694743940253,9,stop
012330,2024-03-18,2024-03-20,269500.0,250634.99999999997,33,-657157.0479127504,-0.07380694743940264,2,stop
055550,2024-03-08,2024-03-22,45800.0,50600.0,197,905835.9046,0.1002809893310379,10,time
950160,2024-03-20,2024-03-22,13320.0,15984.0,585,1521911.6469179997,0.19508780975560946,2,target
267260,2024-03-14,2024-03-26,146000.0,175200.0,41,1169138.76934,0.1950878097556097,8,target
005290,2024-03-22,2024-03-26,47200.0,43896.0,204,-711489.7152912002,-0.07380694743940264,2,stop
024110,2024-03-13,2024-03-27,14790.0,14790.0,451,-27336.18247800041,-0.004093491870325372,10,time
000250,2024-03-26,2024-03-27,118100.0,141720.0,68,1568513.1354519986,0.19508780975560946,1,target
042700,2024-03-27,2024-03-28,110300.0,132360.0,73,1572634.2226610007,0.1950878097556097,1,target
257720,2024-03-22,2024-04-01,10830.0,12996.0,889,1880440.3747352995,0.19508780975560946,6,target
039030,2024-04-01,2024-04-03,210000.0,195300.0,55,-853450.7115749996,-0.07380694743940253,2,stop
240810,2024-03-21,2024-04-04,37550.0,41150.0,207,711148.4192699995,0.09138622661880458,10,time
042700,2024-04-03,2024-04-04,141300.0,137061.0,76,-365223.9945797995,-0.03397068711421558,1,stop
095610,2024-04-04,2024-04-05,24850.0,24104.5,380,-321154.1495155003,-0.03397068711421558,1,stop
064760,2024-04-04,2024-04-05,132300.0,128331.0,71,-319463.8645180501,-0.03397068711421558,1,stop
039030,2024-04-05,2024-04-08,252000.0,244440.0,36,-308536.52911199816,-0.03397068711421536,1,stop
067310,2024-04-05,2024-04-08,27567.0,26739.989999999998,331,-310328.06116050296,-0.03397068711421547,1,stop
440110,2024-04-08,2024-04-09,20600.0,19982.0,428,-299857.23874279857,-0.03397068711421547,1,stop
005930,2024-03-27,2024-04-11,79200.0,84100.0,102,465219.6657299986,0.05752193603163658,10,time
000660,2024-03-27,2024-04-11,176700.0,188400.0,45,492361.01437500026,0.06184938388019634,10,time
259960,2024-03-28,2024-04-11,255500.0,237614.99999999997,38,-717415.8405785002,-0.07380694743940264,9,stop
010120,2024-04-09,2024-04-12,24560.0,28243.999999999996,347,1239653.1943545993,0.1452924843491259,2,target
039030,2024-04-11,2024-04-12,244000.0,280600.0,35,1242224.919950001,0.1452924843491259,1,target
267260,2024-04-11,2024-04-12,210500.0,242074.99999999997,41,1255389.0130712502,0.1452924843491259,1,target
001440,2024-04-08,2024-04-16,12790.0,12406.3,689,-299704.53492713533,-0.03397068711421558,5,stop
006260,2024-04-12,2024-04-16,116200.0,112714.0,85,-335914.38470450044,-0.03397068711421558,2,stop
298040,2024-04-12,2024-04-16,325000.0,315250.0,30,-331595.14537499845,-0.03397068711421547,2,stop
267260,2024-04-16,2024-04-17,234000.0,226980.0,39,-310373.0560710002,-0.03397068711421558,1,stop
010120,2024-04-16,2024-04-17,28180.0,27334.6,327,-313395.1632113103,-0.03397068711421558,1,stop
214450,2024-04-11,2024-04-18,114600.0,131790.0,75,1250225.1975375004,0.1452924843491259,5,target
095610,2024-04-17,2024-04-18,30000.0,29100.0,296,-302006.6554799974,-0.03397068711421525,1,stop
161390,2024-04-12,2024-04-19,60000.0,58200.0,164,-334656.02363999933,-0.03397068711421547,5,stop
440110,2024-04-18,2024-04-19,20500.0,19885.0,444,-309556.82186699845,-0.03397068711421547,1,stop
278470,2024-04-18,2024-04-19,50700.0,49179.0,179,-308648.7613150496,-0.03397068711421558,1,stop
003230,2024-04-16,2024-04-22,242500.0,278875.0,38,1340410.1448874995,0.1452924843491259,4,target
031980,2024-04-18,2024-04-22,47300.0,45881.0,192,-308863.0227936022,-0.0339706871142158,2,stop
042660,2024-04-19,2024-04-22,33250.0,32252.5,272,-307584.2558739986,-0.03397068711421547,1,stop
010120,2024-04-19,2024-04-22,31420.0,30477.399999999998,288,-307752.94427615963,-0.03397068711421558,1,stop
090430,2024-04-19,2024-04-22,145000.0,140650.0,62,-305747.7289149966,-0.03397068711421525,1,stop
095610,2024-04-22,2024-04-23,26600.0,25802.0,342,-309393.5750262011,-0.03397068711421569,1,stop
042660,2024-04-24,2024-04-25,35050.0,33998.5,257,-306354.8031042274,-0.0339706871142158,1,stop
010120,2024-04-24,2024-04-29,31000.0,35650.0,291,1312190.9839424994,0.1452924843491259,3,target
440110,2024-04-22,2024-05-02,18800.0,18236.0,484,-309461.5945431981,-0.03397068711421536,7,stop
267260,2024-04-24,2024-05-02,245000.0,237650.0,36,-299966.0699699987,-0.03397068711421547,5,stop
087010,2024-04-25,2024-05-03,26844.0,30870.6,334,1304175.5785573795,0.1452924843491259,5,target
003230,2024-04-24,2024-05-07,282000.0,305500.0,32,712800.9096000008,0.07889871714048091,7,time
079550,2024-05-03,2024-05-08,177700.0,165261.0,58,-761573.6020709015,-0.07380694743940275,2,stop
105560,2024-04-29,2024-05-10,74100.0,79300.0,139,678458.0992799997,0.06579468413877465,7,time
001440,2024-05-08,2024-05-13,14150.0,16980.0,678,1873766.5572030004,0.1950878097556097,3,target
058470,2024-05-07,2024-05-17,56965.0,52977.45,171,-719781.487724049,-0.07380694743940275,7,stop
090430,2024-05-02,2024-05-20,172400.0,179700.0,50,328597.4777499996,0.03807656328829778,10,time
009150,2024-05-02,2024-05-20,154500.0,154600.0,56,-29874.135479999706,-0.0034488921886879353,10,time
257720,2024-05-13,2024-05-20,26000.0,31200.0,441,2239449.5705399998,0.19508780975560946,4,target
000810,2024-05-20,2024-05-23,365500.0,339915.0,28,-756209.0547409989,-0.07380694743940241,3,stop
032820,2024-05-20,2024-05-23,1970.0,2364.0,5297,2038100.2807470988,0.19508780975560946,3,target
214150,2024-05-10,2024-05-27,48500.0,49000.0,226,67746.50015000068,0.006173585533073345,10,time
298040,2024-05-20,2024-05-27,373000.0,447600.0,27,1966989.06549,0.1950878097556097,5,target
007660,2024-05-17,2024-05-31,49209.0,46681.0,183,-498165.46457220055,-0.05525591444651712,10,time
005380,2024-05-23,2024-05-31,273500.0,254354.99999999997,41,-828586.1085927505,-0.07380694743940264,6,stop
090430,2024-05-31,2024-06-04,191300.0,177909.0,50,-706775.4161224999,-0.07380694743940253,2,stop
257720,2024-06-04,2024-06-05,43000.0,39990.0,207,-657711.2366864979,-0.0738069474394023,1,stop
009150,2024-05-23,2024-06-07,156400.0,151000.0,71,-427777.7697100006,-0.03847901069321702,10,time
267260,2024-05-27,2024-06-07,285000.0,265050.0,40,-842366.9360999987,-0.07380694743940241,8,stop
003230,2024-05-27,2024-06-07,505000.0,606000.0,23,2268551.0868500005,0.1950878097556097,8,target
031980,2024-06-07,2024-06-10,65000.0,78000.0,181,2297847.9153499994,0.19508780975560946,1,target
078600,2024-05-31,2024-06-11,117600.0,141120.0,81,1860465.7970640007,0.1950878097556097,6,target
196170,2024-06-05,2024-06-11,230500.0,276600.0,35,1575681.0928250002,0.1950878097556097,3,target
000100,2024-06-07,2024-06-12,80200.0,74586.0,146,-865214.2919458002,-0.07380694743940253,3,stop
145020,2024-06-12,2024-06-14,240000.0,223199.99999999997,44,-780297.7934400011,-0.07380694743940264,2,stop
042700,2024-06-14,2024-06-19,190200.0,176886.0,51,-716765.5924173016,-0.07380694743940275,3,stop
272210,2024-06-19,2024-06-20,21400.0,19902.0,425,-672046.2529674992,-0.07380694743940253,1,stop
402340,2024-06-10,2024-06-24,88100.0,91200.0,146,398552.20525000244,0.030949756429356823,10,time
000660,2024-06-10,2024-06-24,206000.0,223000.0,62,998550.544900002,0.07809296753843431,10,time
257720,2024-06-24,2024-06-25,52500.0,48825.0,257,-996985.6039762478,-0.07380694743940241,1,stop
278470,2024-06-12,2024-06-26,72800.0,80500.0,147,1084705.8050849997,0.10124277341262089,10,time
214150,2024-06-13,2024-06-27,53800.0,51400.0,201,-525294.9758400004,-0.04852054799506922,10,time
009540,2024-06-20,2024-07-04,147200.0,159700.0,57,676013.9770950004,0.08047737329014293,10,time
021240,2024-06-26,2024-07-05,61000.0,56729.99999999999,195,-878943.3951674998,-0.07380694743940253,7,stop
267250,2024-06-24,2024-07-08,72500.0,72700.0,186,-18173.894459998235,-0.0013461635720364296,10,time
329180,2024-06-25,2024-07-09,152000.0,152400.0,82,-18376.660839999095,-0.0014726852699840087,10,time
087010,2024-07-04,2024-07-10,59891.0,71869.2,155,1813103.5675499495,0.19508780975560946,4,target
298380,2024-07-05,2024-07-10,29400.0,27341.999999999996,374,-812485.0774194039,-0.07380694743940297,3,stop
000660,2024-06-27,2024-07-11,229500.0,241000.0,44,463124.66310000233,0.04581032008388508,10,time
032820,2024-07-10,2024-07-11,2925.0,2720.25,3639,-786510.2495937366,-0.07380694743940253,1,stop
034020,2024-07-10,2024-07-12,22350.0,20785.5,476,-786105.6917889006,-0.07380694743940264,2,stop
000250,2024-07-11,2024-07-12,212000.0,197160.0,48,-751923.3282239977,-0.07380694743940241,1,stop
141080,2024-07-09,2024-07-19,81800.0,76074.0,153,-924785.8905320987,-0.07380694743940253,8,stop
000100,2024-07-08,2024-07-22,90000.0,96500.0,149,910687.9515750017,0.06783308927237353,10,time
267270,2024-07-19,2024-07-23,60900.0,70035.0,191,1691971.4340007491,0.14529248434912567,2,target
226950,2024-07-22,2024-07-23,13860.0,15938.999999999998,1035,2086632.400371749,0.1452924843491259,1,target
064350,2024-07-11,2024-07-25,41700.0,43800.0,244,469191.0538199991,0.04606007328728401,10,time
009540,2024-07-23,2024-07-25,186600.0,181002.0,79,-501351.4539519008,-0.03397068711421569,2,stop
005930,2024-07-12,2024-07-26,85900.0,80900.0,112,-597777.0545599982,-0.06206243879289064,10,time
016360,2024-07-12,2024-07-26,44500.0,44450.0,217,-50392.28195749782,-0.005212487946875344,10,time
090430,2024-07-23,2024-07-26,177700.0,172369.0,83,-501613.32909234986,-0.03397068711421558,3,stop
010120,2024-07-25,2024-07-26,49900.0,48403.0,252,-427665.91118580103,-0.03397068711421569,1,stop
226950,2024-07-25,2024-08-05,14660.0,14220.199999999999,857,-427285.6820857711,-0.03397068711421569,7,stop
012450,2024-07-26,2024-08-05,303559.0,282309.87,37,-829929.6838558298,-0.07380694743940264,6,stop
145020,2024-07-26,2024-08-05,242500.0,225524.99999999997,46,-824263.4361575004,-0.07380694743940264,6,stop
087010,2024-08-06,2024-08-07,56208.0,61828.8,201,1080149.4729669616,0.09549715894264232,1,target
310210,2024-08-06,2024-08-07,64600.0,71060.0,175,1080837.0784750003,0.0954971589426421,1,target
017670,2024-07-26,2024-08-09,54400.0,54900.0,206,56770.28237000108,0.005060060594101801,10,time
207940,2024-07-26,2024-08-09,1284832.0,1412874.0,8,979192.2182359993,0.09515517341349367,10,time
000250,2024-08-06,2024-08-09,158400.0,163800.0,71,336179.7211500015,0.029857866361368224,3,time
087010,2024-08-09,2024-08-12,63961.0,62042.17,184,-400254.86206900515,-0.03397068711421569,1,stop
047810,2024-08-16,2024-08-22,59000.0,54869.99999999999,198,-863204.4339930005,-0.07380694743940264,4,stop
214450,2024-08-16,2024-08-26,184600.0,171678.0,63,-859347.2801277023,-0.07380694743940275,6,stop
000100,2024-08-23,2024-08-27,95300.0,114360.0,114,2121910.6945979986,0.19508780975560946,2,target
055550,2024-08-27,2024-08-28,61800.0,57473.99999999999,210,-958968.2540970016,-0.07380694743940275,1,stop
259960,2024-08-16,2024-08-30,334500.0,327000.0,35,-309705.8133749999,-0.026423234205071422,10,time
138040,2024-08-19,2024-09-02,89200.0,92500.0,132,386061.98334000073,0.03275058298200584,10,time
326030,2024-08-19,2024-09-02,108200.0,112400.0,109,408117.0315499995,0.0345646165783311,10,time
298380,2024-09-02,2024-09-03,33300.0,30968.999999999996,366,-900578.9248947017,-0.07380694743940275,1,stop
000100,2024-08-30,2024-09-06,135000.0,125549.99999999999,88,-877835.0176200029,-0.07380694743940286,5,stop
017670,2024-08-26,2024-09-09,56000.0,56500.0,192,51653.1408000011,0.004798530523689726,10,time
207940,2024-08-28,2024-09-11,1440837.0,1443781.0,8,-23756.138020800427,-0.0020585991240024137,10,time
180640,2024-09-27,2024-09-30,91900.0,85467.0,123,-835251.1522450503,-0.07380694743940264,1,stop
347850,2024-09-27,2024-09-30,10635.0,9890.55,1068,-839276.7794975713,-0.07380694743940264,1,stop
086280,2024-09-27,2024-10-07,123300.0,114668.99999999999,92,-838199.4365214016,-0.07380694743940275,4,stop
138040,2024-09-27,2024-10-16,99400.0,102800.0,114,340018.17269999906,0.029971720681393865,10,time
030200,2024-09-27,2024-10-16,41500.0,42700.0,273,280203.66191999987,0.024703804750291658,10,time
226950,2024-11-04,2024-11-05,21900.0,21243.0,501,-373151.6692861486,-0.03397068711421547,1,stop
000100,2024-11-04,2024-11-07,133900.0,129883.0,82,-373420.3463782985,-0.03397068711421547,3,stop
226950,2024-11-07,2024-11-08,19800.0,19206.0,547,-368346.0904101003,-0.03397068711421558,1,stop
226950,2024-11-11,2024-11-12,22350.0,21679.5,481,-365616.8072904758,-0.03397068711421569,1,stop
180640,2024-11-12,2024-11-13,77200.0,74884.0,138,-362326.36315560155,-0.03397068711421569,1,stop
347850,2024-11-13,2024-11-14,9809.0,9514.73,1082,-360957.062258875,-0.0339706871142158,1,stop
440110,2024-11-13,2024-11-15,17720.0,17188.399999999998,599,-360989.0994513817,-0.03397068711421569,2,stop
226950,2024-11-14,2024-11-15,20200.0,22220.0,521,1006187.1367789991,0.0954971589426421,1,target
226950,2024-11-18,2024-11-19,20150.0,19545.5,529,-362521.91926697455,-0.03397068711421558,1,stop
141080,2024-11-19,2024-11-20,113900.0,110483.0,93,-360255.16886295006,-0.03397068711421558,1,stop
310210,2024-11-19,2024-11-20,99000.0,96030.0,107,-360265.3717904985,-0.03397068711421547,1,stop
440110,2024-11-19,2024-11-21,17570.0,17042.899999999998,603,-360323.5284775384,-0.033970687114215914,2,stop
010130,2024-11-20,2024-11-21,990000.0,960300.0,10,-336696.6091499999,-0.03397068711421558,1,stop
087010,2024-11-25,2024-11-26,81500.0,79055.0,126,-349246.2100364994,-0.03397068711421558,1,stop
010130,2024-11-25,2024-11-26,940000.0,911800.0,10,-319691.72989999875,-0.03397068711421547,1,stop
298040,2024-11-26,2024-11-29,391000.0,403500.0,26,282379.5825500004,0.02774495148420386,3,time
087010,2024-11-28,2024-12-03,81100.0,89210.0,125,969215.911812501,0.09549715894264232,3,target
000150,2024-11-29,2024-12-03,192800.0,212080.00000000003,53,976950.5177080017,0.09549715894264232,2,target
298040,2024-12-03,2024-12-04,386000.0,424600.00000000006,27,996416.1018900033,0.09549715894264255,1,target
272210,2024-12-05,2024-12-06,22650.0,21970.5,478,-368213.452351952,-0.0339706871142158,1,stop
443060,2024-12-06,2024-12-09,126800.0,122996.0,84,-362244.739735201,-0.03397068711421569,1,stop
042660,2024-12-06,2024-12-09,32600.0,31622.0,330,-365876.9819430001,-0.03397068711421558,1,stop
272210,2024-12-09,2024-12-10,20600.0,19982.0,515,-360809.5279265009,-0.03397068711421569,1,stop
087010,2024-12-09,2024-12-10,82400.0,79928.0,128,-358707.72485120036,-0.03397068711421558,1,stop
272210,2024-12-13,2024-12-17,21200.0,20564.0,493,-355456.3919386007,-0.03397068711421569,2,stop
010130,2024-12-18,2024-12-19,1123000.0,1089310.0,9,-343736.62915949896,-0.03397068711421547,1,stop
010130,2024-12-24,2024-12-26,1128000.0,1240800.0,9,970602.2132399995,0.0954971589426421,1,target
