code,entry_date,exit_date,entry_price,exit_price,shares,pnl_krw,pnl_pct,hold_days,reason
000500,2014-04-01,2014-04-07,23770.0,23056.899999999998,84,-67906.60460177995,-0.03397068711421558,4,stop
131970,2014-04-02,2014-04-09,7094.0,7170.0,281,13123.632189399796,0.006575932237068871,5,time
086520,2014-04-02,2014-04-09,1010.0,1054.0,1978,78588.12331639975,0.03929253422641277,5,time
039030,2014-04-03,2014-04-10,54900.0,56500.0,36,49330.509839999955,0.024931105816514032,5,time
031980,2014-04-07,2014-04-14,11103.0,11781.0,178,112228.80553499982,0.05672111792089485,5,time
068270,2014-04-07,2014-04-14,33551.0,35705.0,58,116588.76914179977,0.059844471782362074,5,time
030200,2014-04-10,2014-04-17,32700.0,31900.0,62,-57762.467399999965,-0.02845817708450693,5,time
080220,2014-04-18,2014-04-21,3995.0,3875.15,511,-69429.05144103244,-0.03397068711421558,1,stop
058610,2014-04-16,2014-04-23,6730.0,6950.0,306,58681.78615800035,0.02846214435382466,5,time
005290,2014-04-22,2014-04-23,4135.0,4010.95,489,-68768.2418333774,-0.03397068711421558,1,stop
080220,2014-04-23,2014-04-24,4030.0,3909.1,504,-69077.90068452014,-0.03397068711421569,1,stop
067310,2014-04-24,2014-04-25,4106.0,3982.8199999999997,490,-68425.59351649019,-0.03397068711421569,1,stop
098460,2014-04-22,2014-04-29,4800.0,4770.0,422,-20923.991607000353,-0.01031790754613604,5,time
084370,2014-04-29,2014-04-30,21769.0,21115.93,91,-67372.61738357134,-0.03397068711421547,1,stop
064760,2014-04-29,2014-05-07,9850.0,9554.5,202,-67669.21648745006,-0.03397068711421558,3,stop
003670,2014-04-30,2014-05-12,13544.0,13857.0,146,37459.40097429999,0.018921772235152234,5,time
068270,2014-05-16,2014-05-19,35979.0,34899.63,55,-67300.04055893281,-0.03397068711421569,1,stop
028300,2014-05-15,2014-05-20,1992.0,1932.24,993,-67273.2068594764,-0.0339706871142158,3,stop
034730,2014-05-15,2014-05-22,158000.0,168000.0,12,111876.04680000013,0.05893856560623645,5,time
028050,2014-05-21,2014-05-22,53298.0,51699.06,37,-67068.12801572122,-0.03397068711421569,1,stop
032830,2014-05-19,2014-05-26,103500.0,102500.0,19,-27003.09735000017,-0.013715776973027616,5,time
016360,2014-05-20,2014-05-27,41902.0,40644.94,46,-65553.53743068199,-0.03397068711421558,5,stop
180640,2014-05-22,2014-05-29,23671.0,23965.0,83,16278.356831300072,0.00827592697087809,5,time
035720,2014-05-29,2014-05-30,21054.0,20422.38,92,-65875.81390222814,-0.03397068711421569,1,stop
082740,2014-05-26,2014-06-02,4959.0,5114.0,395,53016.93098775041,0.027034862386601688,5,time
000250,2014-05-30,2014-06-02,7350.0,7129.5,261,-65242.62021847512,-0.03397068711421569,1,stop
011070,2014-05-30,2014-06-02,132000.0,128040.0,14,-62850.033707999624,-0.03397068711421536,1,stop
035720,2014-06-02,2014-06-03,19730.0,19138.1,97,-65088.21591488505,-0.03397068711421558,1,stop
086520,2014-05-28,2014-06-05,977.0,1004.0,1976,45282.927430000156,0.023429001189553267,5,time
086280,2014-06-05,2014-06-09,139804.0,135609.88,13,-61811.1036053421,-0.03397068711421569,1,stop
180640,2014-06-03,2014-06-12,26263.0,26263.0,72,-7749.433915199945,-0.004093491870325261,5,time
047050,2014-06-12,2014-06-16,34900.0,33853.0,54,-64094.79086910025,-0.03397068711421569,2,stop
028300,2014-06-12,2014-06-19,2065.0,2188.0,920,105040.63830199977,0.055226847354831854,5,time
066970,2014-06-17,2014-06-19,5535.0,5368.95,339,-63814.7205078525,-0.03397068711421558,2,stop
067310,2014-06-13,2014-06-20,4805.0,5314.0,396,193171.80625380017,0.10140420066620015,5,time
095340,2014-06-16,2014-06-23,14301.0,13871.97,131,-63714.935876413714,-0.03397068711421569,5,stop
064760,2014-06-20,2014-06-23,11100.0,10767.0,177,-66818.97252494982,-0.03397068711421547,1,stop
086520,2014-06-17,2014-06-24,1106.0,1072.82,1700,-63945.14793170011,-0.03397068711421569,5,stop
141080,2014-07-03,2014-07-07,8607.0,8348.789999999999,220,-64398.83811009023,-0.03397068711421569,2,stop
131970,2014-07-03,2014-07-07,5836.0,5660.92,324,-64307.827996344306,-0.03397068711421569,2,stop
000250,2014-07-03,2014-07-09,8590.0,9878.5,220,274889.5379064998,0.14529248434912567,4,target
080220,2014-07-03,2014-07-10,3490.0,3580.0,543,40959.552922500065,0.021588910918119097,5,time
047040,2014-07-04,2014-07-11,9330.0,9260.0,204,-22038.08786999993,-0.011565459241073106,5,time
000250,2014-07-14,2014-07-16,9850.0,9554.5,195,-65324.24363887496,-0.03397068711421558,2,stop
058470,2014-07-15,2014-07-16,7498.0,7273.0599999999995,257,-65536.32849288126,-0.03397068711421569,1,stop
095340,2014-07-10,2014-07-17,16741.0,18348.0,115,176370.26950674993,0.09150544239670699,5,time
011200,2014-07-17,2014-07-18,64508.0,62572.759999999995,30,-65817.04503954016,-0.03397068711421569,1,stop
036930,2014-07-21,2014-07-22,4195.0,4069.15,458,-65343.28910363512,-0.03397068711421569,1,stop
005940,2014-07-18,2014-07-25,9800.0,10800.0,196,187550.35963999992,0.09752962120413122,5,time
000990,2014-07-25,2014-07-28,4800.0,4656.0,409,-66767.95788719994,-0.03397068711421558,1,stop
001440,2014-07-25,2014-07-28,48408.0,46955.76,40,-65853.77557872003,-0.03397068711421558,1,stop
010140,2014-07-24,2014-07-30,21001.0,20370.97,90,-64281.5044432648,-0.03397068711421547,4,stop
039030,2014-07-29,2014-07-30,72700.0,70519.0,26,-64285.24551669974,-0.03397068711421547,1,stop
039490,2014-07-29,2014-07-30,47800.0,46366.0,40,-65026.65825200011,-0.03397068711421569,1,stop
007660,2014-07-28,2014-08-01,3740.0,4301.0,516,280713.7399901997,0.14529248434912567,4,target
095340,2014-08-01,2014-08-04,19983.0,19383.51,112,-76117.10445981612,-0.03397068711421569,1,stop
039490,2014-08-04,2014-08-05,51000.0,49470.0,42,-72848.9027069998,-0.03397068711421547,1,stop
024110,2014-07-30,2014-08-06,15250.0,16050.0,122,89687.56922000018,0.0481507839659856,5,time
138040,2014-07-30,2014-08-06,7573.0,7413.0,247,-47069.30320820003,-0.02513469632044396,5,time
055550,2014-07-30,2014-08-06,51400.0,50900.0,36,-25530.24438000028,-0.01378129836964137,5,time
007660,2014-08-05,2014-08-06,4377.0,4245.69,478,-71155.42079225113,-0.03397068711421569,1,stop
030200,2014-07-31,2014-08-07,33500.0,33650.0,56,687.013180000009,0.0003657910018970423,5,time
035720,2014-08-06,2014-08-07,29143.0,33514.45,65,275543.37877478753,0.1452924843491259,1,target
095340,2014-08-06,2014-08-08,19681.0,19090.57,96,-64257.22147569596,-0.03397068711421558,2,stop
031980,2014-08-07,2014-08-08,11653.0,11303.41,169,-66977.35597028467,-0.03397068711421569,1,stop
035720,2014-08-11,2014-08-12,32314.0,31344.579999999998,59,-64840.48883397132,-0.0339706871142158,1,stop
000990,2014-08-11,2014-08-13,5200.0,5979.999999999999,372,281377.03573200013,0.1452924843491259,2,target
034730,2014-08-07,2014-08-14,190000.0,201500.0,10,106874.39425000013,0.05618505993752354,5,time
131970,2014-08-13,2014-08-18,7044.0,6832.679999999999,282,-67557.25636246824,-0.03397068711421569,2,stop
058470,2014-08-14,2014-08-18,8038.0,7796.86,262,-71623.0549716265,-0.0339706871142158,1,stop
000990,2014-08-18,2014-08-19,6480.0,6285.599999999999,307,-67657.65316956025,-0.03397068711421569,1,stop
011200,2014-08-13,2014-08-21,69735.0,74651.0,28,129240.14345759992,0.06611338263982702,5,time
090430,2014-08-13,2014-08-21,200051.0,216456.0,9,139831.09408395016,0.07757491401551042,5,time
035720,2014-08-14,2014-08-22,34723.0,33681.31,60,-70855.25066373008,-0.03397068711421558,5,stop
086280,2014-08-21,2014-08-22,162063.0,157201.11,12,-66140.68190142605,-0.03397068711421558,1,stop
131290,2014-08-18,2014-08-25,8470.0,8600.0,235,22302.6748825002,0.011191968112774786,5,time
066970,2014-08-19,2014-08-25,6591.0,6393.2699999999995,292,-65454.22893586196,-0.03397068711421558,4,stop
034730,2014-08-21,2014-08-28,219000.0,215000.0,9,-43971.42239999981,-0.022283565078173195,5,time
131290,2014-08-27,2014-08-28,9390.0,9108.3,209,-66744.49115383509,-0.03397068711421558,1,stop
095340,2014-08-26,2014-08-29,22589.0,21911.329999999998,87,-66837.4398238156,-0.03397068711421558,3,stop
083650,2014-09-01,2014-09-02,6466.0,6272.0199999999995,298,-65532.31534137833,-0.0339706871142158,1,stop
032820,2014-09-01,2014-09-02,450.0,436.5,4292,-65686.44756689994,-0.03397068711421558,1,stop
039030,2014-08-27,2014-09-03,80900.0,80700.0,24,-12742.914479999803,-0.0065555598755902,5,time
028050,2014-09-02,2014-09-03,44883.0,43536.51,42,-64111.319611730985,-0.03397068711421558,1,stop
042700,2014-09-02,2014-09-03,3480.0,3375.6,545,-64502.90797110018,-0.03397068711421569,1,stop
010140,2014-09-02,2014-09-03,20748.0,20125.559999999998,91,-64212.73671157798,-0.03397068711421558,1,stop
032820,2014-09-04,2014-09-05,495.0,480.15,3770,-63467.31082477514,-0.03397068711421569,1,stop
032640,2014-09-15,2014-09-16,12600.0,12222.0,147,-62992.87469369988,-0.03397068711421547,1,stop
068270,2014-09-15,2014-09-16,31576.0,30628.719999999998,58,-62285.74379496835,-0.0339706871142158,1,stop
032820,2014-09-11,2014-09-18,523.0,535.0,3544,34806.562451200094,0.01875713546725799,5,time
042700,2014-09-11,2014-09-18,3350.0,3410.0,553,25490.06329099997,0.013743639618564396,5,time
028300,2014-09-12,2014-09-18,1861.0,2140.1499999999996,996,269617.5004359295,0.14529248434912567,4,target
131290,2014-09-16,2014-09-23,10750.0,11200.0,166,67166.5427649999,0.03759561777231224,5,time
180640,2014-09-22,2014-09-23,28513.0,27657.61,67,-64971.25635540346,-0.03397068711421558,1,stop
086520,2014-09-23,2014-09-25,1072.0,1039.84,1758,-64093.974634896265,-0.03397068711421569,2,stop
035420,2014-09-19,2014-09-26,157423.0,164433.0,12,76130.19877080014,0.040253932724486186,5,time
028300,2014-09-22,2014-09-29,2378.0,2433.0,812,36614.97817180003,0.01894051063057134,5,time
083650,2014-09-25,2014-09-30,7019.0,6808.429999999999,264,-63020.62665663613,-0.03397068711421569,3,stop
034730,2014-09-24,2014-10-01,234500.0,248500.0,8,103981.5952000001,0.05536361309264026,5,time
000250,2014-09-29,2014-10-07,9560.0,9880.0,202,56535.32206400018,0.0292422908285761,5,time
039490,2015-02-27,2015-03-02,65100.0,63147.0,29,-64207.02307214984,-0.03397068711421547,1,stop
028050,2015-02-27,2015-03-02,28020.0,27179.399999999998,68,-64800.83345556026,-0.03397068711421569,1,stop
018260,2015-03-02,2015-03-03,290500.0,281785.0,6,-59279.00906549976,-0.03397068711421547,1,stop
067310,2015-03-02,2015-03-03,8183.0,7937.51,230,-64009.426375265,-0.03397068711421558,1,stop
047040,2015-02-27,2015-03-04,8160.0,7915.2,235,-65217.11289960006,-0.03397068711421558,3,stop
042660,2015-03-03,2015-03-04,96615.0,93716.55,18,-59145.350714594824,-0.03397068711421547,1,stop
000880,2015-02-27,2015-03-06,30107.0,32637.0,63,151146.88634430012,0.07959613066158022,5,time
000720,2015-02-27,2015-03-06,48843.0,51470.0,39,94344.39651194983,0.04947091647594015,5,time
032820,2015-03-05,2015-03-06,640.0,620.8,2853,-62099.09824031987,-0.03397068711421547,1,stop
066970,2015-03-06,2015-03-09,7601.0,7372.969999999999,254,-65661.07628705911,-0.03397068711421569,1,stop
000990,2015-03-06,2015-03-09,7290.0,7071.3,265,-65701.75195822492,-0.03397068711421558,1,stop
006260,2015-03-06,2015-03-09,55100.0,53447.0,35,-65587.81926725013,-0.03397068711421569,1,stop
009830,2015-03-03,2015-03-10,17897.0,18926.0,101,96214.71808615001,0.05316681973862791,5,time
010140,2015-03-04,2015-03-11,14710.0,14268.699999999999,123,-61534.87634680513,-0.03397068711421569,5,stop
032820,2015-03-09,2015-03-16,560.0,554.0,3341,-27654.471661699703,-0.01476391874314309,5,time
000250,2015-03-16,2015-03-17,12150.0,11785.5,152,-62809.22199780005,-0.03397068711421558,1,stop
086520,2015-03-17,2015-03-19,1197.0,1161.09,1539,-62652.19894280587,-0.0339706871142158,2,stop
005940,2015-03-19,2015-03-20,13400.0,12998.0,136,-61979.38389039994,-0.03397068711421558,1,stop
024110,2015-03-19,2015-03-20,14200.0,13774.0,128,-61816.137049600016,-0.03397068711421558,1,stop
009150,2015-03-16,2015-03-23,78400.0,78400.0,23,-7389.874239999801,-0.004093491870325261,5,time
028300,2015-03-20,2015-03-24,6322.0,6132.34,279,-59987.70441312296,-0.03397068711421558,2,stop
000250,2015-03-23,2015-03-24,13050.0,12658.5,136,-60360.519385799766,-0.03397068711421547,1,stop
090430,2015-03-18,2015-03-25,307079.0,337487.0,6,174359.3072267999,0.09452453508432512,5,time
180640,2015-03-18,2015-03-25,31252.0,32083.0,58,40627.446994900005,0.02238795918099168,5,time
131970,2015-03-24,2015-03-25,13484.0,13079.48,127,-58240.623118977994,-0.03397068711421558,1,stop
005940,2015-03-24,2015-03-27,13800.0,13386.0,124,-58197.49874519999,-0.03397068711421558,3,stop
068270,2015-03-26,2015-03-27,54551.0,52914.47,33,-61223.789085805416,-0.03397068711421558,1,stop
034730,2015-03-26,2015-03-27,244000.0,236680.0,7,-58088.667517999886,-0.03397068711421547,1,stop
047810,2015-03-23,2015-03-30,51700.0,53400.0,34,50425.78674999997,0.02865391748790369,5,time
131970,2015-03-27,2015-03-30,12277.0,11908.69,142,-59290.36832483881,-0.03397068711421547,1,stop
078600,2015-03-26,2015-04-01,5323.0,6121.45,347,268675.6495744928,0.14529248434912612,4,target
000500,2015-03-27,2015-04-01,22779.0,22095.63,76,-58877.82995423395,-0.03397068711421558,3,stop
010950,2015-04-02,2015-04-03,68000.0,65960.0,27,-62441.916605999926,-0.03397068711421558,1,stop
036930,2015-03-31,2015-04-07,6000.0,6100.0,291,21858.754544999916,0.01250494993183593,5,time
138040,2015-03-31,2015-04-07,12850.0,12950.0,136,6397.892199999886,0.0036567533291274046,5,time
180640,2015-04-06,2015-04-07,36191.0,35105.27,50,-61542.358493675245,-0.03397068711421569,1,stop
003490,2015-04-06,2015-04-07,32674.0,31693.78,55,-61117.91670759511,-0.03397068711421569,1,stop
039490,2015-04-07,2015-04-08,81200.0,78764.0,21,-57993.440194200026,-0.03397068711421558,1,stop
021240,2015-04-08,2015-04-09,101500.0,98455.0,17,-58683.83829175006,-0.03397068711421558,1,stop
006800,2015-04-06,2015-04-10,13675.0,15726.249999999998,133,264558.2703491871,0.14529248434912567,4,target
028300,2015-04-07,2015-04-10,6562.0,7546.299999999999,269,256762.0725699647,0.14529248434912567,3,target
064760,2015-04-10,2015-04-13,14500.0,16675.0,143,301610.46504875016,0.1452924843491259,1,target
058470,2015-04-07,2015-04-14,8619.0,9000.0,204,70289.09905859991,0.03993022081065911,5,time
028050,2015-04-07,2015-04-14,26805.0,28987.0,65,134271.48175350018,0.0769760101158321,5,time
028300,2015-04-13,2015-04-14,7858.0,7622.26,315,-84183.33492229506,-0.03397068711421558,1,stop
196170,2015-04-14,2015-04-15,6376.0,6184.72,318,-68957.09802232799,-0.03397068711421558,1,stop
005290,2015-04-14,2015-04-15,5520.0,5354.4,368,-69086.06302656024,-0.03397068711421569,1,stop
009540,2015-04-09,2015-04-16,124452.0,135809.0,13,140575.36752675008,0.08678901875890288,5,time
064760,2015-04-15,2015-04-16,16650.0,16150.5,119,-67385.23500397522,-0.03397068711421569,1,stop
010170,2015-04-15,2015-04-16,982.0,952.54,2025,-67630.10526517499,-0.03397068711421558,1,stop
096770,2015-04-10,2015-04-17,110693.0,107372.20999999999,18,-67763.55955752917,-0.03397068711421569,5,stop
068270,2015-04-14,2015-04-17,64009.0,62088.729999999996,31,-67484.84958662163,-0.03397068711421569,3,stop
051910,2015-04-16,2015-04-17,277000.0,268690.0,6,-56524.218626999995,-0.03397068711421558,1,stop
034020,2015-04-16,2015-04-17,24710.0,23968.7,75,-63028.584940125,-0.03397068711421558,1,stop
016360,2015-04-16,2015-04-20,64697.0,62756.09,28,-61609.2216788861,-0.03397068711421569,2,stop
024110,2015-04-17,2015-04-20,15150.0,14695.5,123,-63375.48447682499,-0.03397068711421558,1,stop
028260,2015-04-17,2015-04-20,159000.0,154230.0,11,-59483.06761649996,-0.03397068711421558,1,stop
090430,2015-04-17,2015-04-22,380097.0,368694.08999999997,4,-51708.02870629821,-0.03397068711421569,3,stop
068270,2015-04-20,2015-04-22,63206.0,61309.82,30,-64488.62387252995,-0.03397068711421558,2,stop
000100,2015-04-20,2015-04-22,31718.0,30766.46,60,-64723.29120618012,-0.03397068711421569,2,stop
141080,2015-04-22,2015-04-23,13262.0,12864.14,129,-58183.82682228298,-0.03397068711421558,1,stop
009830,2015-04-22,2015-04-23,22130.0,21466.1,77,-57952.96858158521,-0.03397068711421569,1,stop
028260,2015-04-22,2015-04-23,164000.0,159080.0,10,-55776.00393999973,-0.03397068711421547,1,stop
078600,2015-04-17,2015-04-24,6330.0,6210.0,296,-43094.000639999984,-0.0229732361002718,5,time
064760,2015-04-20,2015-04-24,17400.0,16878.0,110,-65094.67776899994,-0.03397068711421558,4,stop
032820,2015-04-23,2015-04-24,705.0,683.85,2363,-56657.366831527324,-0.03397068711421547,1,stop
000990,2015-04-24,2015-04-27,7710.0,7478.7,223,-58473.998081805184,-0.03397068711421569,1,stop
039030,2015-04-24,2015-04-27,116900.0,113393.0,14,-55660.37076109974,-0.03397068711421547,1,stop
009830,2015-04-27,2015-04-28,22613.0,21934.61,75,-57679.70017203735,-0.03397068711421547,1,stop
078930,2015-04-27,2015-04-30,50100.0,48597.0,33,-56228.333728050115,-0.03397068711421569,3,stop
066970,2015-04-28,2015-05-04,7981.0,7741.57,212,-57543.55910876207,-0.03397068711421558,3,stop
067310,2015-04-29,2015-05-04,7223.0,7006.3099999999995,235,-57728.3341266925,-0.03397068711421558,2,stop
095340,2015-04-30,2015-05-04,39459.0,38275.229999999996,41,-55021.63348671165,-0.03397068711421569,1,stop
000990,2015-04-29,2015-05-06,8280.0,8031.599999999999,205,-57728.16407790012,-0.03397068711421569,3,stop
047810,2015-04-30,2015-05-07,64800.0,62856.0,25,-55095.80877,-0.03397068711421558,3,stop
000100,2015-05-06,2015-05-07,35457.0,34393.29,46,-55470.664328187006,-0.03397068711421558,1,stop
000990,2015-05-12,2015-05-13,10050.0,9748.5,160,-54687.69166800007,-0.03397068711421558,1,stop
080220,2015-05-12,2015-05-13,4555.0,4418.349999999999,353,-54684.8008385275,-0.03397068711421558,1,stop
000250,2015-05-13,2015-05-15,12600.0,12222.0,125,-53565.369637499796,-0.03397068711421547,2,stop
028300,2015-05-12,2015-05-18,8991.0,10339.65,179,234101.06811398268,0.1452924843491259,4,target
036930,2015-05-13,2015-05-18,6740.0,6537.8,235,-53868.05648815003,-0.03397068711421558,3,stop
000990,2015-05-15,2015-05-18,11800.0,11446.0,128,-51368.339238400105,-0.03397068711421569,1,stop
084370,2015-05-18,2015-05-19,18216.0,17669.52,88,-54517.91495356802,-0.03397068711421558,1,stop
039030,2015-05-18,2015-05-19,112300.0,108931.0,14,-53470.14231369994,-0.03397068711421558,1,stop
058470,2015-05-18,2015-05-19,10451.0,10137.47,154,-54737.141856859205,-0.03397068711421569,1,stop
005290,2015-05-13,2015-05-20,5850.0,6000.0,270,33907.49707500008,0.02144257244069192,5,time
090430,2015-05-19,2015-05-20,443000.0,429710.0,3,-45198.969046500046,-0.03397068711421558,1,stop
007660,2015-05-14,2015-05-21,5672.0,5674.0,282,-5992.749992999714,-0.0037423259647787477,5,time
009830,2015-05-20,2015-05-22,22552.0,25934.8,69,226347.92637413996,0.1452924843491259,2,target
028300,2015-05-21,2015-05-22,11676.0,11325.72,135,-53608.22193321027,-0.0339706871142158,1,stop
141080,2015-05-21,2015-05-22,12561.0,12184.17,125,-53399.572064812295,-0.03397068711421547,1,stop
058470,2015-05-21,2015-05-22,10572.0,10254.84,149,-53573.123862437904,-0.03397068711421547,1,stop
035720,2015-05-20,2015-05-27,22981.0,22291.57,67,-52365.74342592922,-0.03397068711421536,4,stop
009830,2015-05-26,2015-05-27,24185.0,23459.45,65,-53464.190605962416,-0.03397068711421558,1,stop
028260,2015-05-27,2015-05-28,198000.0,192060.0,7,-47137.52528099995,-0.03397068711421558,1,stop
010170,2015-05-27,2015-05-28,1113.0,1079.61,1402,-53069.711417121114,-0.03397068711421569,1,stop
064760,2015-05-29,2015-06-01,21700.0,21049.0,74,-54612.87019929988,-0.03397068711421547,1,stop
058610,2015-05-29,2015-06-02,6680.0,6479.599999999999,243,-55206.00038754009,-0.03397068711421569,2,stop
086280,2015-06-01,2015-06-02,126049.0,122267.53,12,-51442.75258999807,-0.03397068711421558,1,stop
018260,2015-05-28,2015-06-03,320000.0,310400.0,4,-43532.49087999994,-0.03397068711421558,4,stop
028260,2015-06-01,2015-06-03,188000.0,182360.0,8,-51150.67678399966,-0.03397068711421536,2,stop
028300,2015-06-02,2015-06-03,12812.0,12427.64,125,-54466.628237749916,-0.03397068711421558,1,stop
034730,2015-06-02,2015-06-03,287000.0,278390.0,5,-48804.00344750006,-0.03397068711421558,1,stop
080220,2015-05-28,2015-06-04,4740.0,5220.0,325,149226.8271000001,0.09675780009217338,5,time
196170,2015-06-03,2015-06-04,6042.0,5860.74,240,-49316.87060568016,-0.03397068711421569,1,stop
003670,2015-06-03,2015-06-04,11280.0,10941.6,128,-49104.64971263986,-0.03397068711421547,1,stop
064760,2015-06-03,2015-06-04,19800.0,22770.0,73,210247.29499950004,0.1452924843491259,1,target
067310,2015-06-04,2015-06-05,7634.0,7404.98,202,-52445.36027057795,-0.03397068711421558,1,stop
005290,2015-06-04,2015-06-05,6680.0,6479.599999999999,230,-52252.59295940003,-0.03397068711421558,1,stop
012450,2015-06-03,2015-06-10,30558.0,34124.0,47,161221.9595307,0.11212493237178545,5,time
141080,2015-06-05,2015-06-10,12936.0,12547.92,117,-51474.17760685203,-0.03397068711421558,3,stop
034730,2015-06-05,2015-06-10,272000.0,263840.0,5,-46253.27156000002,-0.03397068711421558,3,stop
080220,2015-06-09,2015-06-10,5890.0,6773.499999999999,271,232181.14695257484,0.14529248434912567,1,target
064760,2015-06-08,2015-06-11,23400.0,22698.0,68,-54116.32772519975,-0.03397068711421547,3,stop
068270,2015-06-10,2015-06-11,56517.0,54821.49,27,-51897.49707090156,-0.03397068711421558,1,stop
006800,2015-06-10,2015-06-11,15281.0,14822.57,101,-52490.01508348854,-0.03397068711421558,1,stop
005290,2015-06-10,2015-06-12,7230.0,7013.099999999999,214,-52620.57854637015,-0.03397068711421569,2,stop
080220,2015-06-12,2015-06-15,6500.0,7474.999999999999,233,220298.55284124985,0.14529248434912567,1,target
012450,2015-06-12,2015-06-16,34734.0,33691.979999999996,43,-50795.6829247775,-0.033970687114215914,2,stop
141080,2015-06-12,2015-06-16,14613.0,16804.949999999997,103,218936.90559585695,0.14529248434912545,2,target
080220,2015-06-17,2015-06-18,8880.0,8613.6,179,-54059.19133092021,-0.03397068711421569,1,stop
000100,2015-06-19,2015-06-22,37289.0,36170.33,42,-53263.97515767277,-0.03397068711421547,1,stop
141080,2015-06-18,2015-06-23,17466.0,16942.02,90,-53461.29977648938,-0.03397068711421525,3,stop
028300,2015-06-17,2015-06-24,13629.0,14985.0,116,150353.17686240003,0.09499295798100915,5,time
080220,2015-06-24,2015-06-25,9840.0,9544.8,161,-53879.619806039846,-0.03397068711421547,1,stop
000880,2015-06-25,2015-06-26,46887.0,45480.39,33,-52622.31304405327,-0.03397068711421547,1,stop
000250,2015-06-25,2015-06-29,12350.0,11979.5,128,-53762.62623679987,-0.03397068711421547,2,stop
196170,2015-06-26,2015-06-29,7838.0,7602.86,201,-53580.26591172302,-0.03397068711421558,1,stop
006800,2015-06-26,2015-06-29,15475.0,15010.75,102,-53682.703304325,-0.03397068711421558,1,stop
035720,2015-06-26,2015-07-01,24185.0,27812.749999999996,65,228666.1158998122,0.14529248434912567,3,target
005830,2015-06-25,2015-07-02,57000.0,55290.0,27,-52341.0183315,-0.03397068711421558,5,stop
080220,2015-10-21,2015-10-22,8020.0,7779.4,196,-53460.61958132032,-0.0339706871142158,1,stop
028300,2015-10-21,2015-10-22,10325.0,10015.25,152,-53374.91498990008,-0.03397068711421558,1,stop
066570,2015-10-22,2015-10-23,54500.0,52865.0,28,-51898.89147099992,-0.03397068711421558,1,stop
042660,2015-10-22,2015-10-23,31183.0,30247.51,49,-51965.788665969856,-0.0339706871142158,1,stop
086520,2015-10-21,2015-10-27,1203.0,1383.4499999999998,1308,228884.15982896998,0.1452924843491259,4,target
131290,2015-10-26,2015-10-27,15100.0,14647.0,99,-50841.18798165023,-0.03397068711421569,1,stop
000810,2015-10-21,2015-10-28,314000.0,317000.0,5,8521.605250000022,0.005421538462123898,5,time
011070,2015-10-22,2015-10-29,94700.0,95000.0,16,-1423.7432800000533,-0.0009385610103580522,5,time
058610,2015-10-27,2015-10-29,5960.0,5781.2,276,-55944.69234216004,-0.03397068711421558,2,stop
066570,2015-10-26,2015-10-30,53900.0,52283.0,27,-49494.40154505009,-0.03397068711421569,4,stop
086520,2015-10-29,2015-10-30,1549.0,1502.53,1002,-52786.47814833303,-0.03397068711421558,1,stop
010170,2015-10-29,2015-10-30,998.0,968.06,1555,-52779.40411856538,-0.0339706871142158,1,stop
214450,2015-10-27,2015-11-02,73000.0,70810.0,22,-54619.67215099977,-0.03397068711421547,4,stop
131290,2015-10-30,2015-11-02,12400.0,12028.0,118,-49763.078637200175,-0.03397068711421569,1,stop
086520,2015-11-02,2015-11-03,1517.0,1471.49,973,-50199.79794609826,-0.03397068711421547,1,stop
012450,2015-10-28,2015-11-04,35294.0,38810.0,46,154605.66812840034,0.09511904517800995,5,time
010170,2015-11-04,2015-11-05,1133.0,1099.01,1347,-51904.02694453322,-0.03397068711421536,1,stop
039030,2015-11-04,2015-11-05,104900.0,101753.0,14,-49946.731333100004,-0.03397068711421558,1,stop
000150,2015-11-05,2015-11-06,95316.0,92456.52,15,-48625.11211778992,-0.03397068711421558,1,stop
087010,2015-11-09,2015-11-10,25249.0,24491.53,59,-50664.03114962345,-0.03397068711421558,1,stop
196170,2015-11-09,2015-11-10,4503.0,4367.91,334,-51150.744803517126,-0.03397068711421569,1,stop
028300,2015-11-09,2015-11-10,10942.0,10613.74,137,-50982.46451845905,-0.03397068711421558,1,stop
036930,2015-11-05,2015-11-12,6030.0,6550.0,249,122944.96213200013,0.0817889930761806,5,time
161390,2015-11-06,2015-11-13,48600.0,49250.0,30,13467.337425000267,0.009226245378322728,5,time
011200,2015-11-27,2015-11-30,37764.0,36631.08,39,-50089.43627976603,-0.03397068711421558,1,stop
034020,2015-11-27,2015-11-30,18551.0,17994.47,80,-50473.20239467989,-0.03397068711421547,1,stop
079550,2015-11-27,2015-11-30,121000.0,117370.0,12,-49382.169341999805,-0.03397068711421547,1,stop
034220,2015-11-27,2015-12-03,23430.0,22727.1,63,-50201.46442426508,-0.03397068711421569,4,stop
036930,2015-11-27,2015-12-04,6900.0,7470.0,216,116649.07880400005,0.07817704575777817,5,time
001440,2016-03-21,2016-03-22,37899.0,43583.85,38,209485.37765398482,0.14529248434912567,1,target
047050,2016-03-21,2016-03-22,23100.0,22407.0,63,-49494.40154505009,-0.03397068711421569,1,stop
001440,2016-03-24,2016-03-25,43222.0,41925.34,34,-49978.97258415818,-0.03397068711421569,1,stop
034220,2016-03-24,2016-03-25,24632.0,23893.04,61,-51101.43065369199,-0.03397068711421558,1,stop
001440,2016-03-28,2016-03-29,38333.0,37183.01,38,-49540.45075805881,-0.03397068711421547,1,stop
042700,2016-03-28,2016-03-29,2940.0,2851.7999999999997,504,-50394.29975496023,-0.03397068711421569,1,stop
028050,2016-03-23,2016-03-30,10450.0,10900.0,144,58441.99500000011,0.03879243431707691,5,time
141080,2016-03-31,2016-04-01,15264.0,14806.08,96,-49835.99555942416,-0.03397068711421569,1,stop
064760,2016-04-01,2016-04-04,37650.0,36520.5,38,-48657.76148594986,-0.03397068711421547,1,stop
028300,2016-04-01,2016-04-06,7100.0,8164.999999999999,206,212749.19999049976,0.14529248434912567,3,target
086520,2016-04-05,2016-04-06,1586.0,1538.4199999999998,920,-49624.31882252032,-0.0339706871142158,1,stop
042700,2016-03-31,2016-04-07,2900.0,3000.0,510,44788.41165000014,0.030248111858284243,5,time
012450,2016-04-01,2016-04-07,41100.0,39867.0,35,-48923.037602249766,-0.03397068711421547,4,stop
196170,2016-04-01,2016-04-08,5248.0,5430.0,279,44627.75226269988,0.03044442437959849,5,time
082740,2016-04-14,2016-04-19,2298.0,2642.7,653,218275.79174794513,0.1452924843491259,3,target
141080,2016-04-19,2016-04-20,17365.0,16844.05,100,-59057.94563525007,-0.03397068711421558,1,stop
000150,2016-04-14,2016-04-21,78143.0,84682.0,19,117790.06411054963,0.07924388520324399,5,time
034020,2016-04-14,2016-04-21,18627.0,19623.0,80,73338.12566399993,0.04915839421423773,5,time
010170,2016-04-14,2016-04-21,1244.0,1377.0,1206,153776.75675130007,0.10238204316283128,5,time
028050,2016-04-14,2016-04-21,12000.0,12650.0,125,74863.1709375002,0.04985144398669883,5,time
042700,2016-04-21,2016-04-22,3470.0,3365.9,461,-54404.39037969522,-0.03397068711421569,1,stop
039490,2016-04-21,2016-04-26,70100.0,67997.0,22,-52449.84955870011,-0.03397068711421569,3,stop
141080,2016-04-22,2016-04-26,17691.0,17160.27,91,-54751.664023738354,-0.03397068711421547,2,stop
000880,2016-04-20,2016-04-27,38132.0,37792.0,44,-21791.88991759997,-0.012973388355274729,5,time
066970,2016-04-26,2016-04-27,8816.0,8551.52,172,-51570.7653209921,-0.03397068711421569,1,stop
086790,2016-04-21,2016-04-28,25900.0,25650.0,61,-21679.78841750021,-0.01370648905304439,5,time
058470,2016-04-26,2016-04-28,8649.0,8389.53,176,-51770.47062290413,-0.03397068711421569,2,stop
033780,2016-04-28,2016-04-29,126000.0,122220.0,12,-51422.754851999925,-0.03397068711421558,1,stop
086520,2016-04-25,2016-05-02,1792.0,1849.0,904,44737.14002199983,0.027584337908352907,5,time
058610,2016-05-02,2016-05-03,6160.0,5975.2,252,-52794.02831472014,-0.03397068711421569,1,stop
032820,2016-05-02,2016-05-03,770.0,746.9,2018,-52846.403342809994,-0.03397068711421558,1,stop
028300,2016-05-11,2016-05-13,7956.0,7717.32,192,-51951.674616192,-0.03397068711421558,2,stop
010170,2016-05-17,2016-05-18,1331.0,1291.07,1143,-51740.16792808054,-0.03397068711421558,1,stop
006800,2016-05-17,2016-05-18,8399.0,8147.03,181,-51702.28105711145,-0.03397068711421558,1,stop
005290,2016-05-17,2016-05-24,6050.0,6340.0,251,66352.08983049984,0.043644175461510226,5,time
006260,2016-05-17,2016-05-24,52800.0,53200.0,28,5108.202960000141,0.0034512544033844517,5,time
141080,2016-06-09,2016-06-10,20919.0,20291.43,72,-51224.40994042787,-0.03397068711421547,1,stop
028300,2016-06-09,2016-06-10,9391.0,9109.27,161,-51421.0883738338,-0.0339706871142158,1,stop
240810,2016-06-09,2016-06-10,24350.0,23619.5,62,-51344.53240744979,-0.03397068711421547,1,stop
084370,2016-06-09,2016-06-13,16300.0,15811.0,93,-51555.39291014988,-0.03397068711421547,2,stop
196170,2016-06-10,2016-06-13,5568.0,5400.96,265,-50182.07886191993,-0.03397068711421558,1,stop
047050,2016-06-13,2016-06-14,26600.0,25802.0,55,-49756.27668549982,-0.03397068711421547,1,stop
087010,2016-06-10,2016-06-15,25387.0,24625.39,58,-50077.53286429099,-0.03397068711421558,3,stop
141080,2016-06-13,2016-06-16,19668.0,19077.96,74,-49498.890833172016,-0.03397068711421558,3,stop
028300,2016-06-13,2016-06-16,8912.0,8644.64,164,-49707.57471132814,-0.03397068711421569,3,stop
011200,2016-06-24,2016-06-27,15208.0,14751.76,93,-48101.49787592376,-0.03397068711421547,1,stop
083650,2016-06-24,2016-06-27,3310.0,3210.7,430,-48406.08927304996,-0.03397068711421558,1,stop
032820,2016-06-24,2016-06-27,940.0,911.8,1516,-48465.26625283994,-0.03397068711421558,1,stop
067310,2016-06-24,2016-06-27,3695.0,3584.15,385,-48381.43219813774,-0.0339706871142158,1,stop
082740,2016-06-24,2016-06-27,2138.0,2073.86,666,-48426.76720621786,-0.03397068711421547,1,stop
032820,2016-07-18,2016-07-19,965.0,936.05,1427,-46833.30799121759,-0.03397068711421569,1,stop
080220,2016-07-19,2016-07-20,4900.0,4753.0,278,-46328.09302870021,-0.03397068711421569,1,stop
066970,2016-07-18,2016-07-21,13164.0,12769.08,104,-46561.26393297594,-0.03397068711421558,3,stop
036930,2016-07-18,2016-07-25,9800.0,11100.0,140,175840.7245,0.12801655512646826,5,time
010140,2016-07-18,2016-07-25,7552.0,7518.0,182,-11802.585831400007,-0.008577181128324396,5,time
011070,2016-07-18,2016-07-25,90700.0,90100.0,15,-14549.06865000003,-0.010681627536012317,5,time
080220,2016-07-22,2016-07-25,4730.0,4588.099999999999,278,-44720.79184199008,-0.03397068711421569,1,stop
098460,2016-07-25,2016-07-26,9260.0,8982.199999999999,149,-46924.62419279036,-0.0339706871142158,1,stop
240810,2016-07-26,2016-07-27,25150.0,24395.5,54,-46188.6530188499,-0.03397068711421547,1,stop
005290,2016-07-27,2016-07-28,12100.0,11737.0,112,-46090.0247192001,-0.03397068711421569,1,stop
083650,2016-07-27,2016-07-28,3500.0,3395.0,387,-46066.217888250016,-0.03397068711421558,1,stop
064350,2016-07-22,2016-07-29,20250.0,21300.0,65,62654.53983750008,0.04754610484750965,5,time
031980,2016-07-25,2016-08-01,11738.0,12374.0,117,68564.38312619994,0.04986770587805367,5,time
009540,2016-07-29,2016-08-01,114459.0,111025.23,11,-42819.95242966665,-0.03397068711421569,1,stop
086790,2016-07-26,2016-08-02,27600.0,27250.0,49,-22641.846622500103,-0.01672274106762206,5,time
043260,2016-08-01,2016-08-02,1540.0,1493.8,885,-46351.89985965006,-0.03397068711421558,1,stop
000720,2016-07-29,2016-08-03,35464.0,34400.08,37,-44626.51679142774,-0.03397068711421536,3,stop
067310,2016-08-02,2016-08-04,4997.0,4847.09,268,-45545.732544166036,-0.03397068711421558,2,stop
180640,2016-08-03,2016-08-04,18250.0,17702.5,72,-44688.8226689999,-0.03397068711421547,1,stop
131290,2016-08-04,2016-08-05,10500.0,12074.999999999998,124,189388.3894349998,0.14529248434912567,1,target
080220,2016-08-04,2016-08-05,4905.0,5640.75,267,190498.9734237378,0.14529248434912612,1,target
131290,2016-08-08,2016-08-09,11550.0,11203.5,126,-49494.40154505009,-0.03397068711421569,1,stop
000990,2016-08-09,2016-08-10,20300.0,19691.0,74,-51089.45921869972,-0.03397068711421536,1,stop
012450,2016-08-04,2016-08-11,59997.0,62443.0,21,46051.09665029985,0.03650832686869787,5,time
084370,2016-08-04,2016-08-11,19950.0,20850.0,65,53013.198225000175,0.04083462127838189,5,time
080220,2016-08-08,2016-08-16,5380.0,5870.0,270,125956.92766500008,0.08661174771769331,5,time
006400,2016-08-08,2016-08-16,113566.0,113078.0,12,-11423.730393600184,-0.008372962627130165,5,time
068270,2016-08-11,2016-08-17,84919.0,82371.43,16,-46209.19491298427,-0.0339706871142158,3,stop
180640,2016-08-12,2016-08-17,19300.0,18721.0,71,-46603.57207255019,-0.03397068711421569,2,stop
086520,2016-08-16,2016-08-17,1754.0,1701.3799999999999,819,-48855.90233897092,-0.03397068711421558,1,stop
003490,2016-08-16,2016-08-17,19110.0,18536.7,75,-48744.486370124854,-0.03397068711421547,1,stop
131970,2016-08-17,2016-08-24,5081.0,5384.0,269,75665.3386088498,0.05529632744935409,5,time
006260,2016-08-17,2016-08-24,58000.0,61200.0,23,67916.02472000034,0.050853074095450035,5,time
080220,2016-08-18,2016-08-25,6400.0,6730.0,216,65404.51131600002,0.04725793745511098,5,time
028050,2016-08-23,2016-08-25,12050.0,11688.5,115,-47129.022841374855,-0.03397068711421547,2,stop
145020,2016-08-19,2016-08-26,138110.0,143328.0,10,46366.14673099993,0.03353332848606194,5,time
086280,2016-08-26,2016-08-29,92535.0,89758.95,15,-47206.39504196262,-0.03397068711421569,1,stop
180640,2016-08-31,2016-09-01,19800.0,19206.0,70,-47137.52528099995,-0.03397068711421558,1,stop
066970,2016-08-26,2016-09-02,14509.0,15576.0,97,97426.18374444987,0.0691460314720389,5,time
011200,2016-09-01,2016-09-02,8518.0,8262.46,163,-47220.30503318901,-0.03397068711421558,1,stop
011200,2016-09-05,2016-09-06,8500.0,8245.0,165,-47698.68629624974,-0.03397068711421536,1,stop
180640,2016-09-05,2016-09-06,20000.0,19400.0,70,-47613.66189999995,-0.03397068711421558,1,stop
003490,2016-08-31,2016-09-07,19536.0,20574.0,71,67796.30171190016,0.04882168807636811,5,time
012450,2016-09-05,2016-09-07,64377.0,62445.689999999995,21,-45978.37068204465,-0.03397068711421569,2,stop
012330,2016-09-07,2016-09-09,284000.0,275480.0,4,-38635.085655999836,-0.03397068711421547,2,stop
021240,2016-09-19,2016-09-20,99400.0,96418.0,13,-43947.409933700226,-0.0339706871142158,1,stop
003230,2016-09-20,2016-09-21,32450.0,31476.5,42,-46351.89985965006,-0.03397068711421558,1,stop
010170,2016-09-13,2016-09-23,1429.0,1442.0,966,6863.76573330001,0.004966539344290366,5,time
003230,2016-09-23,2016-09-26,35050.0,40307.5,39,198835.98996787495,0.1452924843491259,1,target
036930,2016-09-20,2016-09-27,10200.0,10900.0,134,87922.05315000005,0.06425303319739739,5,time
058470,2016-09-20,2016-09-27,8569.0,9130.0,159,83352.35823585,0.061107062577188564,5,time
028300,2016-09-23,2016-09-28,8156.0,7911.32,168,-46600.44317476777,-0.03397068711421547,3,stop
083650,2016-09-22,2016-09-29,3490.0,3610.0,387,40767.94069199986,0.030149711847600402,5,time
010170,2016-09-27,2016-09-29,1639.0,1589.83,909,-50669.47271098336,-0.03397068711421547,2,stop
003230,2016-09-28,2016-09-29,43000.0,41710.0,32,-46797.42769599985,-0.03397068711421547,1,stop
087010,2016-09-27,2016-09-30,22623.0,21944.309999999998,65,-50011.17982545751,-0.03397068711421558,3,stop
003490,2016-09-29,2016-10-04,21609.0,20960.73,64,-47034.67977129575,-0.03397068711421536,2,stop
237690,2016-09-30,2016-10-04,57500.0,55775.0,24,-46933.466729999986,-0.03397068711421558,1,stop
010170,2016-10-04,2016-10-05,1603.0,1554.9099999999999,859,-46830.655230054865,-0.0339706871142158,1,stop
131970,2016-10-04,2016-10-06,5459.0,5295.23,252,-46786.136456178036,-0.03397068711421558,2,stop
031980,2016-09-29,2016-10-07,12459.0,12459.0,112,-5718.661065600114,-0.004093491870325372,5,time
003230,2016-10-04,2016-10-07,45300.0,43941.0,30,-46219.26180149987,-0.03397068711421547,3,stop
047050,2016-09-30,2016-10-10,25250.0,25350.0,56,-211.36387999984436,-0.00014930767971266246,5,time
005290,2016-10-05,2016-10-10,9680.0,9389.6,139,-45760.81025691982,-0.03397068711421547,3,stop
028260,2016-10-07,2016-10-10,166500.0,161505.0,8,-45300.99832200003,-0.03397068711421558,1,stop
018260,2016-10-06,2016-10-11,163000.0,158110.0,8,-44348.7250839998,-0.03397068711421547,3,stop
043260,2016-10-10,2016-10-11,1495.0,1450.1499999999999,903,-45912.66382862255,-0.03397068711421558,1,stop
222800,2016-10-10,2016-10-11,8686.0,8425.42,155,-45788.358161304845,-0.03397068711421547,1,stop
064760,2016-10-11,2016-10-12,37200.0,36084.0,35,-44280.70556699997,-0.03397068711421558,1,stop
066570,2016-10-12,2016-10-13,53700.0,52089.0,24,-43831.7767548,-0.03397068711421558,1,stop
000720,2016-10-12,2016-10-13,41691.0,40440.27,31,-43954.92609032849,-0.03397068711421558,1,stop
011200,2016-10-17,2016-10-18,8072.0,7829.84,159,-43649.75652730791,-0.03397068711421547,1,stop
131970,2016-10-17,2016-10-20,5887.0,5710.389999999999,218,-43646.96772711119,-0.03397068711421569,3,stop
009830,2016-10-21,2016-10-26,34887.0,33840.39,36,-42713.94401242188,-0.03397068711421547,3,stop
095340,2016-12-23,2016-12-28,15669.0,15198.93,80,-42631.91247492004,-0.03397068711421558,3,stop
078600,2016-12-29,2017-01-02,3880.0,4462.0,323,182295.7797047,0.1452924843491259,1,target
087010,2017-01-06,2017-01-09,19812.0,19217.64,65,-43797.08680113009,-0.03397068711421569,1,stop
035720,2017-01-06,2017-01-10,16940.0,16431.8,76,-43785.52348323981,-0.03397068711421547,2,stop
006800,2017-01-06,2017-01-10,7816.0,7581.5199999999995,165,-43860.34495194,-0.03397068711421558,2,stop
028300,2017-01-10,2017-01-11,6444.0,6250.679999999999,193,-42297.66456838185,-0.03397068711421547,1,stop
011200,2017-01-06,2017-01-12,6555.0,7538.249999999999,196,186883.57525214995,0.1452924843491259,4,target
000990,2017-01-06,2017-01-13,17850.0,19000.0,72,77288.89481999981,0.06006855207080197,5,time
131290,2017-01-09,2017-01-13,10800.0,10476.0,116,-42607.42544879997,-0.03397068711421558,4,stop
000660,2017-01-12,2017-01-13,51600.0,50052.0,28,-49137.29908080003,-0.03397068711421558,1,stop
222800,2017-01-10,2017-01-16,12368.0,11996.96,100,-42063.26931280014,-0.03397068711421569,4,stop
095340,2017-01-13,2017-01-16,17767.0,17233.989999999998,74,-44714.602065943414,-0.033970687114215914,1,stop
078600,2017-01-13,2017-01-17,4590.0,4452.3,290,-45270.38953935006,-0.03397068711421558,2,stop
028300,2017-01-16,2017-01-17,6822.0,6617.34,182,-42226.652192634065,-0.03397068711421569,1,stop
010140,2017-01-11,2017-01-18,8744.0,8663.0,139,-16206.825756250182,-0.013319066796961265,5,time
064760,2017-01-13,2017-01-20,34950.0,37850.0,38,104432.30547000002,0.0785425274022371,5,time
083650,2017-01-16,2017-01-20,4050.0,4657.5,306,180268.07298525004,0.1452924843491259,4,target
006800,2017-01-18,2017-01-20,8623.0,8364.31,142,-41643.79295146116,-0.03397068711421569,2,stop
005940,2017-01-18,2017-01-24,11200.0,10864.0,109,-41519.113176799845,-0.03397068711421547,4,stop
083650,2017-01-23,2017-01-25,4850.0,5577.5,272,191890.29442599975,0.14529248434912567,2,target
007660,2017-01-26,2017-01-31,4393.0,4261.21,305,-45568.485072602285,-0.03397068711421547,1,stop
083650,2017-01-31,2017-02-01,5600.0,6439.999999999999,240,195497.69231999991,0.1452924843491259,1,target
036930,2017-01-24,2017-02-02,10850.0,11350.0,118,53579.139590000035,0.04180081726007434,5,time
067310,2017-01-26,2017-02-02,4244.0,4116.68,316,-45610.62316338392,-0.03397068711421558,3,stop
131970,2017-02-01,2017-02-02,7874.0,7637.78,196,-52487.39633208397,-0.03397068711421558,1,stop
011070,2017-01-26,2017-02-06,99500.0,104000.0,13,53026.517375000054,0.04094750598478569,5,time
028050,2017-01-31,2017-02-07,12050.0,12500.0,111,44321.19749250007,0.0330980374789156,5,time
003230,2017-02-02,2017-02-07,43500.0,50024.99999999999,31,196152.26048624958,0.14529248434912545,3,target
207940,2017-02-06,2017-02-08,250175.0,242669.75,5,-42541.95666368748,-0.03397068711421558,2,stop
064350,2017-02-07,2017-02-08,21100.0,20467.0,73,-52385.23101754999,-0.03397068711421558,1,stop
000720,2017-02-02,2017-02-09,43200.0,45243.0,31,57657.9817093499,0.043004586743307094,5,time
006400,2017-02-02,2017-02-09,114546.0,123358.0,12,99799.07239440014,0.07252138904772254,5,time
145020,2017-02-07,2017-02-09,118161.0,114616.17,13,-52242.151963540586,-0.03397068711421569,2,stop
000250,2017-02-08,2017-02-09,13450.0,13046.5,100,-45743.12518250011,-0.03397068711421569,1,stop
003230,2017-02-09,2017-02-10,49100.0,56464.99999999999,28,199977.8477690001,0.1452924843491259,1,target
003230,2017-02-13,2017-02-14,57100.0,55387.0,25,-48548.930258749984,-0.03397068711421558,1,stop
032640,2017-02-09,2017-02-16,12550.0,12600.0,111,-175.35918750008568,-0.00012573685785655098,5,time
010170,2017-02-15,2017-02-16,1273.0,1234.81,1144,-49528.819420652,-0.03397068711421558,1,stop
047040,2017-02-10,2017-02-17,5920.0,6220.0,245,67339.28904499998,0.046374743338948754,5,time
006260,2017-02-13,2017-02-20,70400.0,68288.0,20,-47885.73996799998,-0.03397068711421558,5,stop
145020,2017-02-17,2017-02-22,130096.0,126193.12,11,-48669.86895997613,-0.03397068711421569,3,stop
095340,2017-02-20,2017-02-22,16130.0,15646.1,87,-47726.23420063476,-0.03397068711421547,2,stop
000990,2017-02-16,2017-02-23,18900.0,18333.0,75,-48208.83267374989,-0.03397068711421547,5,stop
086520,2017-02-17,2017-02-24,1516.0,1470.52,957,-49341.765748902224,-0.03397068711421569,5,stop
000100,2017-02-20,2017-02-27,31277.0,32971.0,45,70237.19708550023,0.04984600439759279,5,time
039030,2017-02-22,2017-02-28,83900.0,81383.0,16,-45654.69981040014,-0.03397068711421569,4,stop
083650,2017-02-22,2017-03-02,6850.0,7030.0,201,30430.732881000033,0.02207631418271716,5,time
011070,2017-02-23,2017-03-03,120500.0,125000.0,11,43921.9074250001,0.0330980374789156,5,time
028050,2017-03-07,2017-03-09,13200.0,12804.0,106,-47586.45409319992,-0.03397068711421558,2,stop
010140,2017-03-08,2017-03-09,10327.0,10017.19,136,-47765.753540012054,-0.03397068711421558,1,stop
082740,2017-03-07,2017-03-10,1940.0,1881.8,725,-47834.72533024987,-0.03397068711421547,3,stop
003230,2017-03-15,2017-03-16,63200.0,61304.0,21,-45137.7514812001,-0.03397068711421569,1,stop
039490,2017-03-17,2017-03-20,86000.0,83420.0,15,-43872.588464999804,-0.03397068711421547,1,stop
000250,2017-03-17,2017-03-20,15000.0,14550.0,91,-46423.32035249984,-0.03397068711421547,1,stop
086790,2017-03-14,2017-03-21,39950.0,39050.0,34,-36076.37473000027,-0.026529433229942723,5,time
010170,2017-03-15,2017-03-22,1422.0,1496.0,973,66119.44039470004,0.04773286649929198,5,time
078600,2017-03-17,2017-03-24,4670.0,4730.0,293,11920.565239000134,0.008701880825130903,5,time
018260,2017-03-20,2017-03-24,139500.0,135315.0,9,-42699.251796749886,-0.03397068711421547,4,stop
005380,2017-03-22,2017-03-24,167500.0,162475.0,8,-45573.07638999983,-0.03397068711421547,2,stop
009150,2017-03-20,2017-03-27,66700.0,66300.0,19,-12771.24367999984,-0.010065944692692064,5,time
207940,2017-03-22,2017-03-27,274904.0,266656.88,5,-46747.09325341997,-0.03397068711421558,3,stop
015760,2017-03-24,2017-03-27,48850.0,47384.5,27,-44857.170973574976,-0.03397068711421558,1,stop
047040,2017-03-24,2017-03-27,7290.0,7071.3,186,-46115.19194049016,-0.03397068711421569,1,stop
180640,2017-03-24,2017-03-30,19150.0,18575.5,70,-45590.081269249786,-0.03397068711421547,4,stop
095340,2017-03-29,2017-03-30,19597.0,22536.55,66,188137.72785868496,0.1452924843491259,1,target
028300,2017-04-04,2017-04-05,6661.0,6461.17,202,-45760.878276437055,-0.03397068711421558,1,stop
098460,2017-04-05,2017-04-06,11179.0,10843.63,118,-44863.02065203688,-0.03397068711421547,1,stop
087010,2017-03-31,2017-04-07,19260.0,20411.0,69,73738.60690905014,0.05542303932683246,5,time
095340,2017-04-03,2017-04-10,20800.0,20176.0,64,-45273.7905152,-0.03397068711421558,5,stop
214370,2017-04-06,2017-04-10,10768.0,10444.96,118,-43213.615384303965,-0.03397068711421558,2,stop
067310,2017-04-07,2017-04-10,3839.0,3723.83,367,-47916.79087751056,-0.03397068711421558,1,stop
141080,2017-04-04,2017-04-11,14213.0,14764.0,94,46166.02333789994,0.03451514008488821,5,time
005290,2017-04-04,2017-04-11,9800.0,10200.0,137,49136.2035399999,0.036555753359457155,5,time
010170,2017-04-19,2017-04-20,1689.0,1942.35,787,193351.14511347748,0.1452924843491259,1,target
237690,2017-04-18,2017-04-25,45850.0,45900.0,29,-4003.4463025000878,-0.0030074433336518824,5,time
090430,2017-04-21,2017-04-25,310500.0,301185.0,4,-42240.12005700008,-0.03397068711421569,2,stop
010170,2017-04-24,2017-04-25,2071.0,2008.87,761,-53600.43369851331,-0.03397068711421547,1,stop
145020,2017-04-19,2017-04-26,144930.0,143976.0,9,-13906.257176700048,-0.01064903460651323,5,time
047810,2017-04-21,2017-04-28,63100.0,63800.0,22,9665.478789999848,0.006954599345059265,5,time
005380,2017-04-27,2017-04-28,150000.0,145500.0,8,-40811.710199999856,-0.03397068711421547,1,stop
000880,2017-04-25,2017-05-04,39200.0,40050.0,34,23352.72039499972,0.017501419657996564,5,time
078600,2017-05-04,2017-05-08,5240.0,5082.8,259,-46156.683845860185,-0.03397068711421569,1,stop
082740,2017-04-27,2017-05-10,2074.0,2183.0,644,64515.27326299995,0.048246821237743376,5,time
005940,2017-04-27,2017-05-10,13500.0,13450.0,98,-10307.473155000014,-0.007782034493027834,5,time
071050,2017-04-28,2017-05-11,50800.0,54500.0,26,90503.49502999987,0.06844300576904061,5,time
080220,2017-05-02,2017-05-12,3690.0,3690.0,375,-5670.884249999886,-0.004093491870325261,5,time
078600,2017-05-10,2017-05-12,5120.0,4966.4,265,-46144.44033280015,-0.03397068711421569,2,stop
009540,2017-05-11,2017-05-12,169459.0,164375.22999999998,10,-57632.59665651526,-0.03397068711421569,1,stop
086520,2017-05-08,2017-05-16,1916.0,1993.0,684,47141.86068179994,0.03592989076327835,5,time
090430,2017-05-10,2017-05-17,350000.0,357500.0,3,18130.55887499987,0.017247361875310396,5,time
066570,2017-05-12,2017-05-19,80200.0,81400.0,18,15620.160600000061,0.010807852390966488,5,time
095340,2017-05-12,2017-05-19,22534.0,23835.0,64,77108.20788160013,0.05340514872063529,5,time
131970,2017-05-12,2017-05-19,8579.0,9434.0,168,137309.92118760035,0.09516050794910269,5,time
031980,2017-05-16,2017-05-22,13349.0,15351.349999999999,103,199999.23032909725,0.14529248434912567,4,target
009830,2017-05-17,2017-05-24,34888.0,35312.0,30,8393.160756000085,0.008009935080115715,5,time
131290,2017-05-19,2017-05-25,11600.0,13339.999999999998,131,221040.3967629997,0.14529248434912567,4,target
131970,2017-05-22,2017-05-25,9358.0,9077.26,166,-52831.711127138,-0.03397068711421558,3,stop
005290,2017-05-19,2017-05-26,11650.0,12050.0,131,45991.054250000045,0.03010072300107991,5,time
083650,2017-05-22,2017-05-29,6480.0,6450.0,240,-13552.294679999817,-0.008704170148703394,5,time
010140,2017-05-26,2017-05-29,10495.0,10180.15,151,-53896.79473408265,-0.03397068711421569,1,stop
012330,2017-05-24,2017-05-31,274500.0,274500.0,3,-3374.8676999999443,-0.004093491870325261,5,time
214450,2017-05-25,2017-06-01,39150.0,40800.0,44,65326.41224999982,0.03787957935353048,5,time
141080,2017-05-25,2017-06-01,16189.0,17066.0,107,86463.36163745006,0.04985733941200987,5,time
078600,2017-05-31,2017-06-01,5910.0,5732.7,141,-28340.67185563501,-0.03397068711421558,1,stop
084370,2017-05-29,2017-06-05,18950.0,19800.0,81,62356.494667500025,0.04057777630435666,5,time
207940,2017-05-29,2017-06-05,306175.0,338174.0,5,153249.49481524993,0.09999081401239351,5,time
222800,2017-06-01,2017-06-05,10370.0,10058.9,141,-49728.04858594504,-0.03397068711421558,2,stop
240810,2017-06-05,2017-06-07,31550.0,30603.5,49,-52577.38615307491,-0.03397068711421558,1,stop
145020,2017-06-05,2017-06-07,173917.0,168699.49,9,-53233.87652140041,-0.03397068711421558,1,stop
087010,2017-06-07,2017-06-08,21425.0,20782.25,71,-51734.794386237394,-0.03397068711421547,1,stop
131970,2017-06-01,2017-06-09,10491.0,10541.0,140,960.1733820000663,0.0006529884848822665,5,time
034220,2017-06-01,2017-06-09,30085.0,33922.0,48,177714.91128719994,0.12292307026009053,5,time
207940,2017-06-08,2017-06-09,361447.0,350603.58999999997,4,-49170.90072219842,-0.033970687114215914,1,stop
042700,2017-06-09,2017-06-12,4480.0,4345.599999999999,336,-51194.20927488012,-0.03397068711421569,1,stop
011070,2017-06-09,2017-06-12,152500.0,147925.0,9,-46678.39354124991,-0.03397068711421547,1,stop
039030,2017-06-09,2017-06-12,101500.0,98455.0,14,-48327.86682850006,-0.03397068711421558,1,stop
036930,2017-06-05,2017-06-13,12100.0,12450.0,130,38919.39512500004,0.024713721174747905,5,time
000990,2017-06-12,2017-06-13,22500.0,21825.0,64,-48974.05224000011,-0.03397068711421569,1,stop
035420,2017-06-12,2017-06-13,185463.0,179899.11,7,-44152.86288479855,-0.03397068711421558,1,stop
000250,2017-06-07,2017-06-14,15500.0,16200.0,98,62172.59797,0.04088293107746632,5,time
010170,2017-06-13,2017-06-15,2520.0,2444.4,590,-50565.70893779979,-0.03397068711421547,2,stop
005290,2017-06-14,2017-06-15,15150.0,14695.5,100,-51524.78412750014,-0.03397068711421569,1,stop
042700,2017-06-14,2017-06-15,4455.0,4321.349999999999,341,-51666.094674067805,-0.0339706871142158,1,stop
034220,2017-06-12,2017-06-19,33274.0,34430.0,43,43697.827538199956,0.030506133164173166,5,time
010140,2017-06-15,2017-06-20,11242.0,10904.74,129,-49321.56395235285,-0.03397068711421547,3,stop
267270,2017-06-14,2017-06-21,79697.0,79352.0,19,-12741.346194850048,-0.008404667263436028,5,time
039030,2017-06-15,2017-06-21,97400.0,94478.0,14,-46375.70669059991,-0.03397068711421547,4,stop
028300,2017-06-20,2017-06-21,6383.0,6191.51,225,-48843.96491373726,-0.03397068711421547,1,stop
078600,2017-06-20,2017-06-21,6300.0,6111.0,228,-48851.61710939999,-0.03397068711421558,1,stop
086520,2017-06-16,2017-06-23,2373.0,2463.0,660,52806.366953999735,0.033677930688322144,5,time
009150,2017-06-21,2017-06-26,93200.0,107179.99999999999,15,203352.51031499985,0.14529248434912567,3,target
087010,2017-06-23,2017-06-26,24604.0,23865.88,60,-50206.56588804,-0.03397068711421558,1,stop
068270,2017-06-21,2017-06-28,89901.0,89588.0,15,-10207.643078250112,-0.007560847484218369,5,time
031980,2017-06-26,2017-06-29,16824.0,16319.279999999999,89,-50924.03575335629,-0.0339706871142158,3,stop
006400,2017-06-27,2017-06-29,169861.0,164765.16999999998,8,-46215.452708547935,-0.03397068711421558,2,stop
087010,2017-06-28,2017-06-29,24881.0,24134.57,72,-60926.169689171715,-0.03397068711421547,1,stop
078600,2017-06-23,2017-06-30,6380.0,6630.0,233,51986.13785950001,0.03493105782127626,5,time
018260,2017-06-29,2017-06-30,189000.0,183330.0,7,-44994.91049549985,-0.03397068711421547,1,stop
131290,2017-06-29,2017-06-30,13900.0,13483.0,108,-51055.449460200034,-0.03397068711421558,1,stop
064760,2017-06-29,2017-07-03,43300.0,42001.0,34,-50069.16646370012,-0.03397068711421569,2,stop
207940,2017-06-27,2017-07-04,399992.0,420355.0,3,55991.16493035015,0.04660663269477738,5,time
145020,2017-07-04,2017-07-05,198265.0,192317.05,7,-47200.61338301771,-0.03397068711421569,1,stop
218410,2017-07-05,2017-07-06,11242.0,10904.74,122,-46645.20001695375,-0.03397068711421536,1,stop
083650,2017-06-30,2017-07-07,7370.0,8030.0,202,126825.81170600024,0.08509216557412325,5,time
006800,2017-06-30,2017-07-07,10706.0,10463.0,139,-39776.0944739501,-0.02669813239671348,5,time
047040,2017-07-04,2017-07-11,7810.0,7860.0,178,3176.5266790001187,0.0022823500511195416,5,time
064760,2017-07-10,2017-07-11,49700.0,48209.0,29,-49018.26492605009,-0.03397068711421569,1,stop
267270,2017-07-10,2017-07-11,87771.0,85137.87,16,-47761.12821285636,-0.0339706871142158,1,stop
083650,2017-07-11,2017-07-12,8220.0,7973.4,171,-47804.79674277012,-0.03397068711421569,1,stop
086520,2017-07-11,2017-07-17,2823.0,3246.45,500,205316.21481375,0.1452924843491259,4,target
064760,2017-07-13,2017-07-17,52200.0,50634.0,26,-46158.04423619993,-0.03397068711421558,2,stop
003670,2017-07-12,2017-07-19,14964.0,15921.0,93,83035.35237554996,0.059598203417037476,5,time
066970,2017-07-14,2017-07-21,22158.0,23874.0,64,103688.52675840002,0.07303330513078143,5,time
031980,2017-07-17,2017-07-24,17968.0,18604.0,80,44839.0866080001,0.03115787384486124,5,time
051910,2017-07-17,2017-07-24,322000.0,335000.0,4,46568.21980000008,0.036113913737394476,5,time
086520,2017-07-19,2017-07-24,3332.0,3831.7999999999997,443,214709.41345902998,0.1452924843491259,3,target
005290,2017-07-18,2017-07-25,16700.0,17000.0,98,22606.213209999958,0.013797044203860409,5,time
036930,2017-07-24,2017-07-25,17600.0,17072.0,85,-50878.59871599986,-0.03397068711421547,1,stop
178320,2017-07-24,2017-07-25,9633.0,9344.01,156,-51108.096566358116,-0.03397068711421569,1,stop
131290,2017-07-24,2017-07-25,14650.0,14210.5,102,-50820.782126549864,-0.03397068711421547,1,stop
095340,2017-07-25,2017-07-26,26145.0,25360.649999999998,57,-50683.5527510026,-0.03397068711421569,1,stop
042700,2017-07-25,2017-07-26,4760.0,4617.2,315,-50994.231894900324,-0.0339706871142158,1,stop
086520,2017-07-26,2017-07-27,4125.0,4001.25,356,-49943.330357249826,-0.03397068711421547,1,stop
207940,2017-07-26,2017-07-27,425446.0,412682.62,3,-43407.947144372854,-0.03397068711421547,1,stop
010170,2017-07-21,2017-07-28,3153.0,3165.0,482,-461.2745783999562,-0.000303172143856556,5,time
078600,2017-07-25,2017-07-28,8300.0,8051.0,181,-51092.86019455013,-0.03397068711421569,3,stop
003670,2017-07-26,2017-07-31,18786.0,18222.42,78,-49834.771208117716,-0.03397068711421536,3,stop
095340,2017-07-28,2017-07-31,26097.0,25314.09,59,-52365.607386895455,-0.03397068711421558,1,stop
035720,2017-08-01,2017-08-02,24385.0,23653.45,60,-49759.67766135,-0.03397068711421558,1,stop
079550,2017-07-27,2017-08-03,80100.0,80300.0,17,-2190.5423100001644,-0.0016068339224361017,5,time
010950,2017-07-27,2017-08-03,115000.0,112500.0,12,-35567.07449999987,-0.02574363335140517,5,time
003230,2017-08-02,2017-08-03,52700.0,51119.0,27,-48392.48536964995,-0.03397068711421558,1,stop
267270,2017-08-02,2017-08-09,94230.0,93192.0,15,-21316.699651499977,-0.015063999728105237,5,time
267250,2017-08-02,2017-08-09,92000.0,95000.0,15,39211.82175000012,0.028381720351294604,5,time
087010,2017-08-08,2017-08-09,21770.0,21116.899999999998,65,-48125.5087654253,-0.0339706871142158,1,stop
180640,2017-08-09,2017-08-10,25950.0,25171.5,54,-47657.87458604993,-0.03397068711421558,1,stop
001440,2017-08-10,2017-08-11,11754.0,11401.38,118,-47170.582766262116,-0.03397068711421569,1,stop
012450,2017-08-11,2017-08-14,40337.0,39126.89,34,-46642.95537289325,-0.0339706871142158,1,stop
222800,2017-08-11,2017-08-17,10370.0,11925.499999999998,133,200619.32457192475,0.14529248434912567,3,target
214450,2017-08-11,2017-08-21,40800.0,40350.0,33,-20324.03793750005,-0.015077754827637957,5,time
066970,2017-08-30,2017-08-31,34627.0,33588.19,40,-47106.23630317999,-0.03397068711421558,1,stop
031980,2017-08-30,2017-08-31,20934.0,20305.98,67,-47701.33905741293,-0.03397068711421558,1,stop
003670,2017-08-30,2017-08-31,26155.0,30078.249999999996,54,205442.76465922478,0.14529248434912567,1,target
082740,2017-08-31,2017-09-04,2291.0,2222.27,632,-49243.137449252186,-0.03397068711421569,2,stop
007660,2017-08-31,2017-09-04,4488.0,4353.36,323,-49301.362155803945,-0.03397068711421558,2,stop
010170,2017-08-29,2017-09-05,3544.0,3614.0,398,21997.307048600167,0.015577347737202318,5,time
178320,2017-08-30,2017-09-06,9471.0,9748.0,149,35368.03135455004,0.025033960642811603,5,time
214450,2017-08-31,2017-09-07,44350.0,45250.0,32,22898.93071999983,0.016116561282249586,5,time
214370,2017-09-20,2017-09-21,12640.0,12260.8,113,-48576.81826072,-0.03397068711421558,1,stop
006400,2017-09-20,2017-09-21,218813.0,212248.61,6,-44650.66371996305,-0.03397068711421558,1,stop
207940,2017-09-20,2017-09-22,493808.0,478993.76,2,-33588.58165073593,-0.03397068711421547,2,stop
035720,2017-09-21,2017-09-22,28901.0,28033.969999999998,57,-56026.2137332845,-0.03397068711421558,1,stop
237690,2017-09-21,2017-09-22,34900.0,33853.0,47,-55786.206867550034,-0.03397068711421558,1,stop
068270,2017-09-20,2017-09-27,110176.0,117250.0,12,79219.46653319988,0.05985004064591504,5,time
078600,2017-09-20,2017-09-27,8220.0,9160.0,174,157216.24344599992,0.1097936270642117,5,time
267270,2017-09-25,2017-09-27,92626.0,89847.22,14,-44102.63047149405,-0.03397068711421558,2,stop
028300,2017-10-16,2017-10-17,9469.0,9184.93,150,-48305.76048547472,-0.03397068711421536,1,stop
068270,2017-10-16,2017-10-18,136503.0,156978.44999999998,10,198556.7075502749,0.14529248434912567,2,target
005940,2017-10-16,2017-10-18,14900.0,14453.0,95,-48140.81315674982,-0.03397068711421547,2,stop
207940,2017-10-16,2017-10-19,574535.0,557298.95,2,-39079.59319959488,-0.03397068711421547,3,stop
028260,2017-10-17,2017-10-19,149000.0,144530.0,11,-55741.99418150005,-0.03397068711421558,2,stop
034020,2017-10-16,2017-10-20,14191.0,16319.65,100,206421.70771674998,0.1452924843491259,4,target
196170,2017-10-19,2017-10-20,4454.0,4320.38,327,-49533.78484539315,-0.03397068711421569,1,stop
083650,2017-10-19,2017-10-20,5350.0,5189.5,272,-49491.000569200376,-0.0339706871142158,1,stop
012450,2017-10-20,2017-10-23,38758.0,37595.26,38,-50089.70835783379,-0.03397068711421547,1,stop
047810,2017-10-20,2017-10-24,56800.0,55096.0,25,-48293.85706999991,-0.03397068711421547,2,stop
032820,2017-10-23,2017-10-24,675.0,654.75,2267,-52042.582700662315,-0.03397068711421547,1,stop
018260,2017-10-18,2017-10-25,189000.0,193000.0,7,22495.53600000008,0.016983894545117506,5,time
196170,2017-10-24,2017-10-25,4552.0,4415.44,320,-49539.974621440284,-0.0339706871142158,1,stop
028300,2017-10-25,2017-10-26,10942.0,10613.74,127,-47261.116743389284,-0.0339706871142158,1,stop
068270,2017-10-20,2017-10-27,136661.0,132561.16999999998,10,-46478.07606368512,-0.03397068711421569,5,stop
084370,2017-10-26,2017-10-27,22200.0,21534.0,61,-46056.01496070018,-0.03397068711421569,1,stop
090430,2017-10-27,2017-10-30,325000.0,315250.0,4,-44212.6860499999,-0.03397068711421547,1,stop
005290,2017-10-24,2017-10-31,19000.0,21850.0,76,210043.65157000022,0.1452924843491259,5,target
098460,2017-10-24,2017-10-31,15100.0,15360.0,96,18945.665951999836,0.013054567210053047,5,time
214450,2017-10-30,2017-10-31,47000.0,45590.0,30,-47953.759485000046,-0.03397068711421558,1,stop
047810,2017-10-26,2017-11-02,55200.0,56300.0,24,20892.876119999913,0.015752471153997805,5,time
087010,2017-10-31,2017-11-02,22622.0,21943.34,66,-50778.337947942084,-0.03397068711421569,2,stop
011070,2017-10-27,2017-11-03,175000.0,173000.0,7,-18979.022299999837,-0.015475280534664404,5,time
006400,2017-11-02,2017-11-03,221261.0,214623.16999999998,6,-45150.19905281137,-0.033970687114215914,1,stop
082740,2017-11-02,2017-11-03,2340.0,2269.7999999999997,620,-49341.35763180023,-0.03397068711421569,1,stop
086520,2017-11-03,2017-11-06,3872.0,3755.8399999999997,345,-45431.595794640016,-0.03397068711421558,1,stop
035420,2017-11-01,2017-11-08,174247.0,169019.59,8,-47408.78711479623,-0.0339706871142158,5,stop
064350,2017-11-01,2017-11-08,19300.0,19900.0,77,39973.46506999992,0.02686733221660753,5,time
066970,2017-11-03,2017-11-09,34396.0,39555.399999999994,38,190122.6694579397,0.14529248434912567,4,target
080220,2017-11-03,2017-11-10,3625.0,3650.0,369,3715.949463750003,0.0027748288753965955,5,time
214150,2017-11-08,2017-11-10,3380.0,3278.6,433,-49774.64195508999,-0.03397068711421558,2,stop
010140,2017-11-09,2017-11-10,10786.0,10462.42,137,-50255.607959796675,-0.03397068711421536,1,stop
000250,2017-11-09,2017-11-10,14350.0,13919.5,103,-50268.12355092494,-0.03397068711421558,1,stop
006400,2017-11-06,2017-11-13,211470.0,208044.0,6,-25695.278008199995,-0.020228053258949052,5,time
042660,2017-11-10,2017-11-13,18612.0,18053.64,75,-47474.22189014987,-0.03397068711421547,1,stop
058470,2017-11-10,2017-11-13,11933.0,11575.01,117,-47483.098437118344,-0.03397068711421547,1,stop
033780,2017-11-10,2017-11-13,116000.0,112520.0,12,-47341.58383199992,-0.03397068711421558,1,stop
066970,2017-11-13,2017-11-14,40979.0,39749.63,32,-44597.94859428797,-0.03397068711421558,1,stop
078600,2017-11-14,2017-11-16,8620.0,9913.0,152,190586.97647719993,0.1452924843491259,2,target
087010,2017-11-10,2017-11-17,23729.0,24651.0,59,48500.1068959001,0.03460286282205782,5,time
028300,2017-11-16,2017-11-17,16912.0,16404.64,91,-52340.74625343224,-0.03397068711421569,1,stop
141080,2017-11-13,2017-11-20,16790.0,18467.0,79,126656.54002984986,0.09537852803041691,5,time
039490,2017-11-14,2017-11-21,80000.0,83500.0,16,50589.213200000115,0.039477417860348085,5,time
067310,2017-11-14,2017-11-21,3975.0,4334.0,331,113086.5819715499,0.0858512720085558,5,time
031980,2017-11-17,2017-11-21,23604.0,22895.88,62,-49771.51305730804,-0.03397068711421558,2,stop
028300,2017-11-20,2017-11-21,15618.0,17960.699999999997,100,227178.79156649974,0.14529248434912567,1,target
078600,2017-11-21,2017-11-22,12000.0,13799.999999999998,124,216443.8736399999,0.1452924843491259,1,target
218410,2017-11-21,2017-11-22,10215.0,11747.25,146,216936.9816585749,0.14529248434912567,1,target
082740,2017-11-21,2017-11-22,2859.0,2773.23,521,-50658.86166633153,-0.03397068711421558,1,stop
068270,2017-11-17,2017-11-23,170296.0,165187.12,8,-46333.80666812789,-0.03397068711421547,4,stop
196170,2017-11-21,2017-11-23,5520.0,6347.999999999999,270,216792.9766619997,0.14529248434912567,2,target
086520,2017-11-23,2017-11-24,4842.0,4696.74,325,-53519.456463525305,-0.0339706871142158,1,stop
064760,2017-11-23,2017-11-24,74500.0,72265.0,21,-53208.26717324997,-0.03397068711421558,1,stop
066970,2017-11-23,2017-11-24,44270.0,42941.9,35,-52696.42030782462,-0.03397068711421536,1,stop
042700,2017-11-23,2017-11-27,6450.0,6256.5,244,-53524.55792730022,-0.03397068711421569,2,stop
214150,2017-11-23,2017-11-27,3830.0,3715.1,411,-53535.78114760504,-0.03397068711421558,2,stop
218410,2017-11-24,2017-11-27,12831.0,12446.07,118,-51492.74693499296,-0.03397068711421558,1,stop
067310,2017-11-24,2017-11-27,4504.0,4368.88,338,-51774.82387199206,-0.03397068711421558,1,stop
078600,2017-11-27,2017-11-28,14000.0,13580.0,106,-50470.48161399993,-0.03397068711421558,1,stop
263750,2017-11-27,2017-11-28,39180.0,38004.6,38,-50635.08884514007,-0.03397068711421558,1,stop
095340,2017-11-27,2017-11-28,21571.0,20923.87,69,-50620.09054164146,-0.03397068711421558,1,stop
003230,2017-11-27,2017-11-29,71500.0,69355.0,20,-48633.954654999776,-0.03397068711421547,2,stop
131970,2017-11-28,2017-11-29,8151.0,7906.469999999999,180,-49898.43747603032,-0.0339706871142158,1,stop
010170,2017-11-24,2017-12-01,3506.0,3839.0,434,137860.1044051,0.09049774235876229,5,time
214450,2017-11-30,2017-12-01,60500.0,58685.0,23,-47324.578952749725,-0.03397068711421536,1,stop
145020,2017-11-30,2017-12-01,166926.0,161918.22,8,-45416.90357896779,-0.03397068711421547,1,stop
267270,2017-12-01,2017-12-04,94844.0,91998.68,15,-48384.32302761031,-0.0339706871142158,1,stop
003230,2017-12-01,2017-12-05,71800.0,82570.0,20,208879.97482999973,0.14529248434912567,2,target
028300,2017-12-04,2017-12-05,16314.0,15824.58,90,-49935.16801520996,-0.03397068711421558,1,stop
010170,2017-12-05,2017-12-06,4375.0,4243.75,343,-51035.89384906227,-0.03397068711421547,1,stop
196170,2017-12-05,2017-12-06,6682.0,6481.54,224,-50904.71821052814,-0.03397068711421569,1,stop
028050,2017-12-05,2017-12-06,14050.0,13628.5,106,-50650.73333405005,-0.03397068711421558,1,stop
087010,2017-11-30,2017-12-07,28152.0,27307.44,50,-47872.13606459997,-0.03397068711421558,5,stop
034020,2017-12-06,2017-12-07,13425.0,13022.25,109,-49767.32985701272,-0.03397068711421569,1,stop
003230,2017-12-07,2017-12-08,79100.0,76727.0,18,-48423.09415229992,-0.03397068711421558,1,stop
000250,2017-12-08,2017-12-11,14600.0,14162.0,97,-48164.619987700135,-0.03397068711421569,1,stop
032820,2017-12-08,2017-12-11,640.0,620.8,2225,-48429.896104000276,-0.0339706871142158,1,stop
000250,2017-12-13,2017-12-14,15400.0,14938.0,91,-47661.27556190011,-0.03397068711421569,1,stop
214150,2017-12-11,2017-12-15,4500.0,4365.0,312,-47749.70093399985,-0.03397068711421547,4,stop
078600,2017-12-14,2017-12-15,14400.0,13968.0,96,-47015.0901504003,-0.0339706871142158,1,stop
080220,2017-12-14,2017-12-19,4460.0,4326.2,312,-47325.25914791995,-0.03397068711421558,3,stop
214450,2017-12-18,2017-12-19,57800.0,56066.0,23,-45212.572949899826,-0.03397068711421547,1,stop
064760,2017-12-18,2017-12-19,72400.0,70228.0,18,-44321.51727720024,-0.0339706871142158,1,stop
066570,2017-12-18,2017-12-19,106500.0,103305.0,12,-43464.47136299964,-0.03397068711421536,1,stop
058610,2017-12-15,2017-12-22,6230.0,6200.0,220,-12197.53579000011,-0.008889189341254822,5,time
218410,2017-12-21,2017-12-22,15269.0,14810.93,88,-45697.96022321214,-0.03397068711421569,1,stop
263750,2017-12-19,2017-12-27,43280.0,49771.99999999999,30,188864.73490199982,0.14529248434912567,5,target
039030,2017-12-26,2018-01-04,99800.0,103300.0,13,40048.859044999816,0.030833089076105935,5,time
145020,2017-12-26,2018-01-04,180055.0,187558.0,7,47200.855658950284,0.03740653051448484,5,time
000250,2018-01-09,2018-01-10,21950.0,21291.5,63,-47030.39454172482,-0.03397068711421547,1,stop
068270,2018-01-09,2018-01-10,243650.0,236340.5,5,-41432.38829262485,-0.03397068711421547,1,stop
028300,2018-01-09,2018-01-10,19598.0,19010.059999999998,70,-46656.62729581026,-0.0339706871142158,1,stop
018260,2018-01-09,2018-01-10,250000.0,242500.0,5,-42512.19812500011,-0.03397068711421569,1,stop
078600,2018-01-09,2018-01-10,17250.0,16732.5,80,-46933.46672999975,-0.03397068711421536,1,stop
267270,2018-01-11,2018-01-12,103375.0,100273.75,13,-45704.86420418741,-0.03397068711421547,1,stop
032820,2018-01-11,2018-01-12,673.0,652.81,2002,-45822.91207594122,-0.03397068711421569,1,stop
028050,2018-01-11,2018-01-16,15450.0,14986.5,87,-45714.21688777511,-0.03397068711421569,3,stop
010140,2018-01-11,2018-01-16,7521.0,7295.37,179,-45785.9434684515,-0.03397068711421558,3,stop
071050,2018-01-10,2018-01-17,76700.0,79900.0,17,48895.9831000003,0.03745671446624543,5,time
000250,2018-01-12,2018-01-19,26200.0,27900.0,49,77793.15827500005,0.06052639606175281,5,time
087010,2018-01-12,2018-01-19,33358.0,34373.0,39,34136.69897234999,0.026209437134759428,5,time
180640,2018-01-29,2018-01-30,23350.0,22649.5,57,-45265.28807557514,-0.03397068711421569,1,stop
028050,2018-01-29,2018-01-31,17650.0,17120.5,75,-45020.4178143749,-0.03397068711421547,2,stop
006800,2018-01-29,2018-01-31,11101.0,10767.97,120,-45305.079493020196,-0.03397068711421569,2,stop
083650,2018-01-30,2018-01-31,5200.0,5044.0,252,-44566.38753840001,-0.03397068711421558,1,stop
178320,2018-02-01,2018-02-02,9575.0,9287.75,133,-43310.57720578741,-0.03397068711421547,1,stop
042660,2018-01-29,2018-02-05,19545.0,19545.0,68,-5446.753691999707,-0.00409349187032515,5,time
047050,2018-01-29,2018-02-05,24200.0,23474.0,55,-45266.98856349988,-0.03397068711421547,5,stop
000990,2018-02-02,2018-02-05,15700.0,15229.0,81,-43250.20988445007,-0.03397068711421569,1,stop
003230,2018-02-01,2018-02-06,95600.0,92732.0,13,-42267.327863799874,-0.03397068711421547,3,stop
067310,2018-03-14,2018-03-15,4209.0,4082.73,300,-42944.122057950124,-0.03397068711421569,1,stop
005290,2018-03-14,2018-03-15,18050.0,17508.5,69,-42357.45372382505,-0.03397068711421558,1,stop
066970,2018-03-14,2018-03-21,36435.0,37642.0,34,35840.20874610008,0.028898388335864222,5,time
086520,2018-03-14,2018-03-21,5141.0,5105.0,245,-13955.865517999977,-0.011067355766973486,5,time
006400,2018-03-14,2018-03-21,201190.0,200212.0,6,-10797.80199060007,-0.008934669687069907,5,time
082740,2018-03-15,2018-03-22,2995.0,3134.0,421,53179.08317305008,0.04212721084420723,5,time
010120,2018-03-15,2018-03-22,12420.0,12520.0,101,4929.360650999937,0.003925079048593183,5,time
032820,2018-03-21,2018-03-22,753.0,730.41,1648,-42204.20575202396,-0.03397068711421558,1,stop
214150,2018-03-22,2018-03-23,6890.0,6683.3,181,-42413.22972776485,-0.03397068711421547,1,stop
000720,2018-04-25,2018-04-26,49816.0,48321.52,24,-40661.52310646395,-0.03397068711421558,1,stop
043260,2018-04-25,2018-04-26,1265.0,1227.05,982,-42247.942301454954,-0.03397068711421558,1,stop
064350,2018-04-25,2018-04-26,20000.0,19400.0,62,-42172.100540000014,-0.03397068711421558,1,stop
180640,2018-04-25,2018-04-26,25300.0,24541.0,49,-42161.89761245018,-0.03397068711421569,1,stop
267260,2018-04-25,2018-04-27,38099.0,36956.03,32,-41463.60925092804,-0.03397068711421558,2,stop
007660,2018-04-27,2018-04-30,3640.0,3530.7999999999997,329,-40728.72638926003,-0.03397068711421558,1,stop
032820,2018-04-30,2018-05-02,2650.0,2570.5,450,-40556.63701124978,-0.03397068711421536,1,stop
064350,2018-04-30,2018-05-02,24500.0,28174.999999999996,48,171060.48077999987,0.14529248434912567,1,target
000720,2018-05-02,2018-05-03,61783.0,59929.509999999995,19,-39923.27327870461,-0.03397068711421569,1,stop
011200,2018-05-02,2018-05-03,6300.0,6111.0,193,-41352.465360149974,-0.03397068711421558,1,stop
083650,2018-05-02,2018-05-03,7290.0,7071.3,167,-41404.50029065483,-0.03397068711421547,1,stop
001440,2018-05-02,2018-05-03,14770.0,14326.9,82,-41190.578909690026,-0.03397068711421558,1,stop
196170,2018-05-03,2018-05-04,11180.0,10844.6,106,-40304.28460318013,-0.03397068711421569,1,stop
010120,2018-05-03,2018-05-04,15380.0,14918.6,77,-40276.39660120988,-0.03397068711421547,1,stop
000500,2018-05-03,2018-05-04,24801.0,24056.969999999998,47,-39643.372966249706,-0.0339706871142158,1,stop
064350,2018-05-04,2018-05-08,27400.0,31509.999999999996,42,167394.89904899988,0.14529248434912567,1,target
267260,2018-05-03,2018-05-09,39961.0,38762.17,29,-39412.8548231367,-0.0339706871142158,3,stop
083650,2018-05-08,2018-05-09,7110.0,6896.7,171,-41349.40448188479,-0.03397068711421547,1,stop
000720,2018-05-08,2018-05-09,61200.0,59364.0,19,-39546.54718380002,-0.03397068711421558,1,stop
000500,2018-05-08,2018-05-09,24183.0,23457.51,50,-41122.89949027519,-0.03397068711421569,1,stop
010170,2018-05-04,2018-05-14,6199.0,6013.03,187,-39424.55418006051,-0.03397068711421558,5,stop
012450,2018-05-11,2018-05-14,30048.0,29146.559999999998,38,-38833.1584895039,-0.03397068711421547,1,stop
058610,2018-05-11,2018-05-14,11750.0,11397.5,99,-39561.85157512454,-0.03397068711421525,1,stop
010140,2018-05-14,2018-05-15,7597.0,7369.09,148,-38239.076028026175,-0.03397068711421569,1,stop
131970,2018-05-11,2018-05-16,9560.0,9273.199999999999,121,-39341.12824246008,-0.03397068711421569,3,stop
218410,2018-05-11,2018-05-16,23172.0,22476.84,50,-39403.7061981,-0.03397068711421558,3,stop
066970,2018-05-14,2018-05-16,38104.0,36960.88,29,-37581.32729863585,-0.03397068711421547,2,stop
047050,2018-05-15,2018-05-16,26200.0,25414.0,42,-37424.338253400056,-0.03397068711421558,1,stop
064350,2018-05-16,2018-05-17,35750.0,34677.5,30,-36475.465991249774,-0.03397068711421536,1,stop
000720,2018-05-16,2018-05-17,68108.0,66064.76,16,-37061.386110688094,-0.03397068711421569,1,stop
222800,2018-05-14,2018-05-21,8771.0,8819.0,128,1524.8872192001436,0.0013566862610423502,5,time
001440,2018-05-16,2018-05-23,15379.0,14917.63,71,-37135.561393976444,-0.03397068711421558,4,stop
011200,2018-05-16,2018-05-23,5900.0,5723.0,185,-37121.65140274982,-0.03397068711421547,4,stop
028050,2018-05-21,2018-05-23,19350.0,18769.5,56,-36852.974310599966,-0.03397068711421558,1,stop
047050,2018-05-21,2018-05-23,25700.0,24929.0,42,-36710.13332490018,-0.03397068711421569,1,stop
003230,2018-05-23,2018-05-24,104500.0,101365.0,10,-35540.19763249997,-0.03397068711421558,1,stop
066970,2018-05-25,2018-05-28,39774.0,45740.1,27,156208.76546656503,0.1452924843491259,1,target
005290,2018-05-21,2018-05-29,15400.0,15550.0,70,6051.185875000199,0.005606896195873068,5,time
028300,2018-05-28,2018-05-29,52540.0,50963.799999999996,24,-42884.945078159915,-0.03397068711421547,1,stop
031980,2018-05-24,2018-05-31,23731.0,25257.0,43,61242.616334500024,0.05994735476091151,5,time
000660,2018-05-24,2018-05-31,95300.0,93400.0,10,-22849.57164999994,-0.023948920678786845,5,time
131970,2018-05-25,2018-06-01,10717.0,11774.0,102,103016.27717850031,0.09413112127636403,5,time
032640,2018-06-12,2018-06-15,13700.0,13289.0,80,-37274.69531599991,-0.03397068711421547,2,stop
017670,2018-06-14,2018-06-15,42443.0,41169.71,28,-40417.333040433936,-0.03397068711421558,1,stop
051910,2018-06-12,2018-06-18,380000.0,368600.0,2,-25847.416459999862,-0.03397068711421536,3,stop
083650,2019-02-28,2019-03-04,4625.0,4486.25,233,-36649.76600356237,-0.03397068711421547,1,stop
032820,2019-02-28,2019-03-04,1600.0,1552.0,676,-36784.9547935999,-0.03397068711421547,1,stop
178320,2019-04-04,2019-04-05,11114.0,10780.58,96,-36286.50777302403,-0.03397068711421558,1,stop
028300,2019-04-04,2019-04-05,35263.0,34205.11,30,-35978.583419564995,-0.03397068711421558,1,stop
039490,2019-04-04,2019-04-09,93100.0,90307.0,11,-34829.39367984992,-0.03397068711421547,3,stop
084370,2019-04-05,2019-04-09,14750.0,14307.5,71,-35616.719589125016,-0.03397068711421558,2,stop
180640,2019-04-09,2019-04-10,31600.0,30652.0,31,-33315.959426599904,-0.03397068711421547,1,stop
178320,2019-04-09,2019-04-10,11064.0,10732.08,91,-34241.841092003975,-0.03397068711421558,1,stop
214150,2019-04-04,2019-04-11,7150.0,8222.5,149,154965.376869875,0.1452924843491259,5,target
005940,2019-04-04,2019-04-11,14450.0,14400.0,73,-7962.225887499866,-0.007539535151050769,5,time
298380,2019-04-10,2019-04-11,37550.0,36423.5,25,-31926.660791874863,-0.03397068711421547,1,stop
036930,2019-04-05,2019-04-12,8310.0,8690.0,127,43792.60977299977,0.041447359283618646,5,time
180640,2019-04-12,2019-04-15,34700.0,39905.0,31,156470.88365224982,0.14529248434912567,1,target
034220,2019-04-12,2019-04-16,20288.0,19679.36,53,-36569.46896374412,-0.03397068711421569,2,stop
214150,2019-04-15,2019-04-16,9630.0,9341.1,132,-43231.8446148599,-0.03397068711421547,1,stop
095340,2019-04-10,2019-04-17,10700.0,11400.0,91,59521.79187500011,0.06105927034376557,5,time
003490,2019-04-16,2019-04-17,23699.0,22988.03,47,-37881.871534500504,-0.03397068711421558,1,stop
000270,2019-04-11,2019-04-18,40150.0,42550.0,26,57937.930700000026,0.0554376568099042,5,time
180640,2019-04-17,2019-04-18,41550.0,40303.5,28,-39566.95303890016,-0.03397068711421569,1,stop
141080,2019-04-17,2019-04-18,30427.0,29514.19,38,-39322.96703142114,-0.03397068711421569,1,stop
131970,2019-04-12,2019-04-19,18516.0,18919.0,58,18903.920549699804,0.017582373477279756,5,time
035720,2019-04-18,2019-04-19,23883.0,23166.51,46,-37363.73286375287,-0.03397068711421547,1,stop
098460,2019-04-18,2019-04-19,20240.0,19632.8,55,-37859.663162200246,-0.0339706871142158,1,stop
090430,2019-04-16,2019-04-23,232000.0,235500.0,4,10155.597700000042,0.010930959760941272,5,time
141080,2019-04-22,2019-04-23,31328.0,30388.16,34,-36225.562285791966,-0.03397068711421558,1,stop
240810,2019-04-22,2019-04-24,27450.0,26626.5,39,-36409.1469621748,-0.03397068711421536,2,stop
011200,2019-04-24,2019-04-25,4205.0,4078.85,247,-35323.72551964747,-0.03397068711421558,1,stop
080220,2019-04-24,2019-04-25,4410.0,4277.7,235,-35246.01322147495,-0.03397068711421558,1,stop
000990,2019-04-22,2019-04-26,15000.0,14550.0,72,-36730.53917999973,-0.03397068711421536,4,stop
131970,2019-04-24,2019-04-26,20931.0,20303.07,49,-34881.05450301152,-0.03397068711421558,2,stop
042700,2019-04-24,2019-04-26,4575.0,4437.75,227,-35319.98444621253,-0.03397068711421558,2,stop
067310,2019-04-30,2019-05-03,3648.0,3538.56,277,-34366.72492521594,-0.03397068711421547,2,stop
042700,2019-04-30,2019-05-03,4715.0,4573.55,214,-34316.18642408494,-0.03397068711421558,2,stop
237690,2019-11-05,2019-11-07,19650.0,19060.5,50,-33414.58772624994,-0.03397068711421558,2,stop
298380,2019-11-06,2019-11-07,22900.0,22213.0,43,-33489.4091949499,-0.03397068711421547,1,stop
087010,2019-11-06,2019-11-07,15020.0,14569.4,66,-33714.553796220105,-0.03397068711421569,1,stop
090430,2019-11-06,2019-11-08,203000.0,196910.0,4,-27615.923902000068,-0.03397068711421569,2,stop
141080,2019-11-07,2019-11-08,26974.0,26164.78,38,-34860.41057960212,-0.03397068711421569,1,stop
226950,2019-11-07,2019-11-08,19217.0,18640.489999999998,53,-34638.9730420087,-0.0339706871142158,1,stop
098460,2019-11-07,2019-11-08,20340.0,19729.8,50,-34587.92439450009,-0.03397068711421569,1,stop
028050,2019-11-05,2019-11-12,18800.0,18700.0,53,-9367.821815000032,-0.009390866913568274,5,time
222800,2019-11-11,2019-11-12,10322.0,10012.34,92,-32296.482905803947,-0.03397068711421558,1,stop
196170,2019-11-11,2019-11-13,13989.0,13569.33,68,-32351.850792641984,-0.03397068711421558,2,stop
047040,2019-11-11,2019-11-14,4785.0,4641.45,199,-32384.60219007742,-0.03397068711421547,3,stop
161390,2019-11-08,2019-11-15,35000.0,35850.0,26,18305.486094999942,0.02009280904139521,5,time
082740,2019-11-13,2019-11-15,3506.0,3400.8199999999997,268,-31955.84116466809,-0.03397068711421569,2,stop
336260,2019-11-18,2019-11-19,8997.0,8727.09,103,-31516.53711412358,-0.03397068711421569,1,stop
131290,2019-11-18,2019-11-19,9060.0,8788.199999999999,102,-31429.098025020212,-0.0339706871142158,1,stop
226950,2019-11-18,2019-11-19,20819.0,20194.43,44,-31154.163137305877,-0.03397068711421547,1,stop
214150,2019-11-19,2019-11-20,17650.0,17120.5,51,-30613.884113774984,-0.03397068711421558,1,stop
009830,2019-11-14,2019-11-21,22372.0,22130.0,41,-13651.831594300107,-0.014866304983474965,5,time
237690,2019-11-15,2019-11-22,21100.0,20750.0,44,-19159.36890999996,-0.020613268071528412,5,time
080220,2019-11-21,2019-11-28,3755.0,3755.0,238,-3662.520358000067,-0.004093491870325372,5,time
267260,2019-11-28,2019-11-29,9500.0,9215.0,94,-30370.71434049995,-0.03397068711421558,1,stop
196170,2019-11-28,2019-11-29,13349.0,12948.529999999999,67,-30417.749836505507,-0.03397068711421558,1,stop
032820,2019-11-29,2019-12-02,1190.0,1154.3,743,-30070.40817294491,-0.03397068711421547,1,stop
237690,2019-11-29,2019-12-02,23800.0,27369.999999999996,37,128091.71715549997,0.1452924843491259,1,target
083650,2019-11-29,2019-12-02,2135.0,2070.95,414,-30060.885440565064,-0.03397068711421569,1,stop
180640,2019-11-29,2019-12-06,36150.0,41572.5,24,126200.74245300016,0.14529248434912612,5,target
131290,2019-12-11,2019-12-12,11200.0,12879.999999999998,82,133590.08975199983,0.14529248434912567,1,target
267260,2019-12-13,2019-12-16,10000.0,9700.0,96,-32649.36816000007,-0.03397068711421569,1,stop
087010,2019-12-11,2019-12-17,14005.0,16105.749999999998,65,132415.50354256236,0.14529248434912567,4,target
000990,2019-12-12,2019-12-17,21600.0,24839.999999999996,44,138244.7967119997,0.14529248434912545,3,target
131290,2019-12-16,2019-12-18,12600.0,12222.0,74,-31710.698825399973,-0.03397068711421558,2,stop
031980,2019-12-17,2019-12-18,8970.0,8700.9,119,-36303.036515654996,-0.03397068711421558,1,stop
131970,2019-12-13,2019-12-19,19875.0,22856.25,48,138768.451245,0.1452924843491259,4,target
319660,2019-12-18,2019-12-19,10825.0,10500.25,89,-32765.851582862553,-0.03397068711421569,1,stop
100790,2019-12-13,2019-12-20,2979.0,3063.0,323,23108.655797999934,0.02398846404873889,5,time
000990,2019-12-19,2019-12-20,26850.0,26044.5,38,-34700.15659755003,-0.03397068711421558,1,stop
067310,2019-12-19,2019-12-20,4031.0,3910.0699999999997,253,-34684.614137915545,-0.03397068711421558,1,stop
084370,2019-12-18,2019-12-23,15900.0,15423.0,60,-32445.30960899999,-0.03397068711421558,3,stop
064760,2019-12-20,2019-12-23,65100.0,63147.0,15,-33210.52917524986,-0.03397068711421547,1,stop
042700,2019-12-17,2019-12-24,3700.0,3885.0,289,48925.17724674987,0.04570183353615831,5,time
319660,2019-12-23,2019-12-24,11600.0,11252.0,83,-32744.595483800047,-0.03397068711421558,1,stop
000990,2019-12-23,2019-12-24,26550.0,25753.5,36,-32506.527174299932,-0.03397068711421547,1,stop
178320,2019-12-23,2019-12-24,14768.0,14324.96,65,-32646.647379320115,-0.03397068711421569,1,stop
180640,2019-12-24,2019-12-26,47750.0,46317.5,20,-32479.319367499906,-0.03397068711421547,1,stop
028300,2019-12-24,2019-12-26,43346.0,42045.619999999995,22,-32432.11382270197,-0.03397068711421558,1,stop
000660,2019-12-20,2019-12-30,94100.0,94100.0,10,-3856.4061999999685,-0.004093491870325261,5,time
319660,2019-12-27,2019-12-30,11975.0,11615.75,80,-32581.348643000005,-0.03397068711421558,1,stop
087010,2019-12-26,2020-01-03,17140.0,16625.8,56,-32643.926598640042,-0.03397068711421558,4,stop
131290,2019-12-27,2020-01-06,13850.0,13434.5,69,-32501.425710524898,-0.03397068711421547,4,stop
086520,2020-01-03,2020-01-06,2893.0,2806.21,341,-33551.06888711057,-0.03397068711421569,1,stop
298380,2019-12-30,2020-01-07,22750.0,22067.5,41,-31722.60224087513,-0.03397068711421569,4,stop
131970,2019-12-30,2020-01-08,26164.0,27171.0,36,32285.016318600043,0.034236956596521706,5,time
039030,2019-12-30,2020-01-08,101400.0,103500.0,9,15104.264535000082,0.016531790842419403,5,time
083650,2020-01-07,2020-01-08,2340.0,2269.7999999999997,386,-30718.97426754015,-0.0339706871142158,1,stop
090430,2020-01-08,2020-01-09,219500.0,212915.0,4,-29860.567963000038,-0.03397068711421558,1,stop
080220,2020-01-06,2020-01-13,4260.0,4345.0,220,14804.038424999919,0.015777882118177544,5,time
011200,2020-01-06,2020-01-13,3725.0,3780.0,252,9972.159686999861,0.0106111679812535,5,time
083650,2020-01-10,2020-01-14,2495.0,2420.15,367,-31141.545516902464,-0.03397068711421558,2,stop
267260,2020-01-13,2020-01-14,12800.0,12416.0,74,-32214.043251199997,-0.03397068711421558,1,stop
131290,2020-01-08,2020-01-15,14950.0,14501.5,61,-31015.199264075025,-0.03397068711421558,5,stop
247540,2020-01-13,2020-01-15,14157.0,13732.289999999999,67,-32258.902122661588,-0.03397068711421569,2,stop
095340,2020-01-14,2020-01-15,11000.0,10670.0,82,-30676.802167000133,-0.03397068711421569,1,stop
064350,2020-01-14,2020-01-16,17450.0,16926.5,52,-30860.45486290008,-0.03397068711421569,2,stop
003230,2020-01-10,2020-01-17,100500.0,101000.0,9,779.9118749999907,0.0008612668765883846,5,time
006400,2020-01-15,2020-01-22,262870.0,280003.0,3,48015.59167604998,0.06081641113795144,5,time
067310,2020-01-15,2020-01-22,4339.0,4662.0,205,62374.46646024997,0.07004289949309594,5,time
078600,2020-01-15,2020-01-22,19300.0,19400.0,46,948.0570099999895,0.001066645477496797,5,time
005290,2020-01-16,2020-01-23,17950.0,19200.0,54,63328.62136499991,0.06525932903006981,5,time
095340,2020-01-17,2020-01-28,12800.0,12416.0,72,-31343.39343359985,-0.03397068711421547,5,stop
131290,2020-01-23,2020-01-28,16350.0,15859.5,57,-31695.394434074988,-0.03397068711421558,1,stop
058470,2020-01-22,2020-01-29,14436.0,16601.399999999998,61,128091.1353171299,0.14529248434912567,3,target
086280,2020-01-28,2020-01-29,77280.0,74961.59999999999,11,-28911.015505680116,-0.03397068711421569,1,stop
042700,2020-01-23,2020-01-30,4835.0,4689.95,195,-32065.25055776257,-0.03397068711421569,3,stop
131970,2020-01-29,2020-01-30,35020.0,33969.4,30,-35730.65228009992,-0.03397068711421547,1,stop
003670,2020-01-29,2020-01-30,55858.0,54182.26,18,-34194.907625274034,-0.03397068711421558,1,stop
005380,2020-01-23,2020-01-31,130000.0,126100.0,7,-30948.880235000048,-0.03397068711421569,4,stop
058470,2020-01-31,2020-02-03,16538.0,16041.859999999999,58,-32622.29639223416,-0.0339706871142158,1,stop
207940,2020-01-28,2020-02-04,693805.0,716351.0,1,19636.1816137,0.028269647819200827,5,time
247540,2020-02-04,2020-02-07,16035.0,18440.25,56,130616.89568129997,0.1452924843491259,3,target
000250,2020-02-07,2020-02-10,34250.0,33222.5,27,-31450.5241728751,-0.03397068711421569,1,stop
196170,2020-02-07,2020-02-11,22583.0,25970.449999999997,41,134681.47307452734,0.14529248434912567,2,target
247540,2020-02-10,2020-02-11,18333.0,21082.949999999997,50,133335.53546512476,0.14529248434912567,1,target
214150,2020-02-07,2020-02-13,14250.0,13822.5,65,-31501.538810624974,-0.03397068711421558,4,stop
010130,2020-02-11,2020-02-13,434000.0,420980.0,2,-29520.47037799994,-0.03397068711421547,2,stop
222800,2020-02-07,2020-02-14,13509.0,13462.0,68,-6951.233730599866,-0.007558411988919822,5,time
086520,2020-02-07,2020-02-14,3262.0,3511.0,285,66945.81803774997,0.07192757512056636,5,time
218410,2020-02-13,2020-02-14,34587.0,33549.39,28,-32936.274482706096,-0.03397068711421569,1,stop
247540,2020-02-13,2020-02-17,21372.0,20730.84,45,-32708.54513978993,-0.03397068711421547,2,stop
098460,2020-02-14,2020-02-17,21419.0,20776.43,44,-32052.02076170605,-0.03397068711421569,1,stop
267250,2020-02-11,2020-02-18,59700.0,58900.0,17,-17719.169700000086,-0.01743897271628425,5,time
180640,2020-02-14,2020-02-18,48600.0,47142.0,19,-31404.610998900025,-0.03397068711421558,2,stop
319660,2020-02-14,2020-02-18,13800.0,13386.0,69,-32384.092043700046,-0.03397068711421558,2,stop
095340,2020-02-17,2020-02-18,14800.0,14356.0,64,-32214.043251199997,-0.03397068711421558,1,stop
218410,2020-02-17,2020-02-18,33367.0,32365.989999999998,28,-31774.501132346108,-0.03397068711421569,1,stop
141080,2020-02-18,2020-02-19,25273.0,24514.809999999998,36,-30943.030556538026,-0.03397068711421558,1,stop
064760,2020-02-18,2020-02-19,77200.0,74884.0,12,-31506.640274400008,-0.03397068711421558,1,stop
067310,2020-02-18,2020-02-19,4799.0,4655.03,193,-31500.076391009614,-0.03397068711421569,1,stop
178320,2020-02-18,2020-02-19,16170.0,15684.9,57,-31346.454311865033,-0.03397068711421558,1,stop
036930,2020-02-18,2020-02-19,7800.0,7566.0,119,-31567.85783969995,-0.03397068711421558,1,stop
214450,2020-02-19,2020-02-24,44900.0,43553.0,19,-29013.72497634997,-0.03397068711421558,3,stop
000250,2020-02-20,2020-02-24,43200.0,41904.0,21,-30853.65291120007,-0.03397068711421569,2,stop
035720,2020-02-20,2020-02-24,38235.0,37087.95,23,-29908.35167369258,-0.03397068711421569,2,stop
087010,2020-02-21,2020-02-24,14512.0,14076.64,65,-32080.724997879937,-0.03397068711421547,1,stop
009830,2020-02-24,2020-02-25,23943.0,23224.71,36,-29314.643319557887,-0.03397068711421547,1,stop
180640,2020-02-20,2020-02-26,49600.0,57039.99999999999,18,129866.3241839998,0.14529248434912567,4,target
087010,2020-02-26,2020-02-28,14144.0,13719.68,63,-30305.143526111962,-0.03397068711421558,2,stop
000250,2020-02-26,2020-02-28,41650.0,40400.5,21,-29746.63527202513,-0.03397068711421569,2,stop
336260,2020-05-27,2020-05-28,13982.0,16079.3,63,128130.40940710506,0.1452924843491259,1,target
078600,2020-05-27,2020-05-28,33200.0,32204.0,26,-29357.223537200014,-0.03397068711421558,1,stop
095340,2020-05-27,2020-05-28,17900.0,17363.0,49,-29829.95918034995,-0.03397068711421558,1,stop
034730,2020-05-27,2020-05-28,267500.0,259475.0,3,-27292.831196250045,-0.03397068711421569,1,stop
010170,2020-05-27,2020-05-28,3479.0,3374.63,253,-29934.947304839385,-0.03397068711421547,1,stop
011200,2020-05-28,2020-05-29,4930.0,4782.099999999999,179,-30012.591583495145,-0.0339706871142158,1,stop
042660,2020-05-28,2020-05-29,19411.0,18828.67,45,-29707.35400095745,-0.03397068711421558,1,stop
247540,2020-05-28,2020-05-29,29798.0,28904.059999999998,29,-29389.26072970708,-0.03397068711421569,1,stop
082740,2020-05-28,2020-06-02,3427.0,3941.0499999999997,257,128111.93603885744,0.14529248434912567,3,target
079550,2020-05-28,2020-06-02,34900.0,33853.0,25,-29673.51429125003,-0.03397068711421558,3,stop
042660,2020-06-01,2020-06-02,19456.0,22374.399999999998,44,124522.72059391974,0.14529248434912545,1,target
011200,2020-06-01,2020-06-02,4885.0,4738.45,175,-29074.092297687428,-0.03397068711421547,1,stop
010140,2020-06-02,2020-06-03,5625.0,6468.749999999999,163,133368.2638734372,0.14529248434912545,1,target
141080,2020-06-02,2020-06-04,35782.0,41149.299999999996,25,130120.87847087497,0.1452924843491259,2,target
028300,2020-06-02,2020-06-05,51871.0,50314.869999999995,17,-29990.04311360966,-0.0339706871142158,3,stop
042660,2020-06-04,2020-06-05,26608.0,25809.76,38,-34387.40285838407,-0.03397068711421569,1,stop
214370,2020-06-01,2020-06-08,14640.0,16220.0,58,87889.97711400001,0.10338822143875159,5,time
086790,2020-06-02,2020-06-09,30050.0,30900.0,30,21730.297424999997,0.024076908526021512,5,time
010140,2020-06-05,2020-06-09,6540.0,6343.8,141,-31361.758703189902,-0.03397068711421547,2,stop
083650,2020-06-08,2020-06-09,2450.0,2376.5,383,-31913.056888474966,-0.03397068711421558,1,stop
034020,2020-06-03,2020-06-10,4406.0,4690.0,256,67867.15765760001,0.060100209516154024,5,time
141080,2020-06-09,2020-06-10,46192.0,53120.799999999996,19,127662.32043843996,0.1452924843491259,1,target
241560,2020-06-09,2020-06-10,30650.0,29730.5,29,-30229.573842725018,-0.03397068711421558,1,stop
000150,2020-06-09,2020-06-10,49300.0,47821.0,18,-30180.2596929,-0.03397068711421558,1,stop
000880,2020-06-10,2020-06-11,28950.0,28081.5,34,-33475.805291549885,-0.03397068711421547,1,stop
034220,2020-06-10,2020-06-11,11738.0,11385.86,84,-33533.34980293189,-0.03397068711421547,1,stop
272210,2020-06-10,2020-06-11,8878.0,8611.66,112,-33817.12722785608,-0.03397068711421569,1,stop
086520,2020-06-05,2020-06-12,4087.0,3964.39,225,-31274.523672637646,-0.03397068711421569,5,stop
068270,2020-06-10,2020-06-12,225057.0,258815.55,4,130946.79803708999,0.1452924843491259,2,target
298380,2020-06-11,2020-06-12,29150.0,28275.5,34,-33707.07164934999,-0.03397068711421558,1,stop
336260,2020-06-11,2020-06-12,20212.0,19605.64,49,-33682.856701298035,-0.03397068711421558,1,stop
226950,2020-06-11,2020-06-12,25373.0,24611.809999999998,39,-33654.25449439953,-0.03397068711421558,1,stop
141080,2020-06-12,2020-06-15,55000.0,53350.0,17,-31799.124197499943,-0.03397068711421558,1,stop
087010,2020-06-12,2020-06-15,18521.0,21299.149999999998,51,137396.91274731758,0.1452924843491259,1,target
237690,2020-06-12,2020-06-15,38200.0,37054.0,25,-32479.31936749979,-0.03397068711421536,1,stop
298040,2020-06-12,2020-06-15,19250.0,22137.5,49,137204.76062562503,0.1452924843491259,1,target
298380,2020-06-15,2020-06-16,31300.0,30361.0,32,-34064.17411359993,-0.03397068711421547,1,stop
000880,2020-06-15,2020-06-16,24800.0,24056.0,40,-33737.680431999965,-0.03397068711421558,1,stop
068270,2020-06-15,2020-06-16,254523.0,246887.31,3,-25968.79728808638,-0.03397068711421547,1,stop
011070,2020-06-15,2020-06-16,171000.0,165870.0,5,-29078.343517499976,-0.03397068711421558,1,stop
141080,2020-06-17,2020-06-18,65900.0,63923.0,14,-31377.4031921,-0.03397068711421558,1,stop
237690,2020-06-17,2020-06-18,41100.0,39867.0,23,-32149.424710049992,-0.03397068711421558,1,stop
034730,2020-06-17,2020-06-19,309000.0,299730.0,3,-31527.04612949991,-0.03397068711421547,2,stop
012450,2020-06-18,2020-06-19,29641.0,28751.77,33,-33266.7473060505,-0.03397068711421558,1,stop
003670,2020-06-18,2020-06-19,67325.0,65305.25,14,-32055.897874175105,-0.03397068711421569,1,stop
003230,2020-06-18,2020-06-22,137500.0,133375.0,7,-32734.392556250095,-0.03397068711421569,2,stop
298380,2020-06-19,2020-06-22,36300.0,35211.0,25,-30863.855838750023,-0.03397068711421558,1,stop
196170,2020-06-19,2020-06-22,75373.0,86678.95,12,131564.71038603003,0.1452924843491259,1,target
298040,2020-06-17,2020-06-23,23900.0,27484.999999999996,40,139059.37042999978,0.14529248434912567,4,target
145020,2020-06-23,2020-06-24,170506.0,196081.9,6,148810.3996728299,0.14529248434912567,1,target
005290,2020-06-23,2020-06-24,24200.0,27829.999999999996,43,151365.25195549976,0.14529248434912567,1,target
196170,2020-06-24,2020-06-25,91504.0,88758.88,13,-40456.376243192004,-0.03397068711421558,1,stop
336260,2020-06-24,2020-06-25,32183.0,31217.51,36,-39403.298080997774,-0.03397068711421536,1,stop
084370,2020-06-19,2020-06-26,26100.0,26950.0,35,25918.589812500053,0.028340244984472518,5,time
078600,2020-06-22,2020-06-26,36050.0,34968.5,27,-33103.398435975076,-0.03397068711421569,4,stop
131290,2020-06-25,2020-06-26,23650.0,22940.5,48,-38607.877849200275,-0.0339706871142158,1,stop
066970,2020-06-25,2020-06-26,25773.0,29638.949999999997,44,164952.92341010994,0.1452924843491259,1,target
003670,2020-06-22,2020-06-29,69143.0,69418.0,14,-128.41578889999073,-0.00013250826047817021,5,time
005290,2020-06-26,2020-06-29,29800.0,28906.0,36,-36485.66891879984,-0.03397068711421547,1,stop
145020,2020-06-26,2020-06-29,182953.0,177464.41,5,-31110.936734252376,-0.03397068711421547,1,stop
066970,2020-06-29,2020-06-30,29945.0,29046.649999999998,34,-34626.35542160517,-0.0339706871142158,1,stop
131290,2020-06-29,2020-06-30,23950.0,27542.499999999996,43,149801.5613361249,0.14529248434912567,1,target
178320,2020-06-29,2020-07-02,14893.0,17126.949999999997,69,149476.75006607233,0.14529248434912567,3,target
005290,2020-07-01,2020-07-02,28600.0,27742.0,37,-35989.126444699825,-0.03397068711421547,1,stop
042660,2020-07-01,2020-07-02,23409.0,22706.73,46,-36622.18408941908,-0.03397068711421569,1,stop
298040,2020-06-29,2020-07-06,27350.0,29100.0,38,62044.69541499985,0.05962995928970849,5,time
066970,2020-07-02,2020-07-07,31383.0,36090.45,35,159773.54369996232,0.14529248434912567,3,target
039030,2020-07-01,2020-07-08,96200.0,103600.0,11,76823.31348999985,0.0725147010627265,5,time
043260,2020-07-03,2020-07-08,641.0,737.15,1726,160931.54751585494,0.14529248434912567,3,target
161390,2020-07-07,2020-07-08,27650.0,26820.5,42,-39495.532546049915,-0.03397068711421547,1,stop
036930,2020-07-02,2020-07-09,6690.0,7200.0,164,78897.04398599989,0.07182763206781129,5,time
237690,2020-07-07,2020-07-10,49400.0,47918.0,23,-38641.88760770019,-0.0339706871142158,3,stop
035720,2020-07-08,2020-07-10,62623.0,72016.45,19,173073.20516142272,0.14529248434912612,2,target
095340,2020-07-08,2020-07-10,18450.0,17896.5,64,-40158.72283679969,-0.03397068711421536,2,stop
353200,2020-07-08,2020-07-13,8720.0,8458.4,137,-40629.417894440005,-0.03397068711421558,3,stop
043260,2020-07-10,2020-07-13,751.0,728.47,1603,-40942.74979950045,-0.03397068711421558,1,stop
035720,2020-07-13,2020-07-14,72057.0,69895.29,16,-39210.2586917521,-0.03397068711421569,1,stop
007660,2020-07-13,2020-07-14,3701.0,3589.97,316,-39774.956721886294,-0.0339706871142158,1,stop
336260,2020-07-14,2020-07-15,40867.0,39640.99,27,-37526.67361672688,-0.033970687114215914,1,stop
298040,2020-07-14,2020-07-15,33050.0,32058.5,34,-38216.76562645007,-0.03397068711421569,1,stop
178320,2020-07-09,2020-07-16,19099.0,19324.0,62,9056.040350900032,0.0076390053457162654,5,time
222800,2020-07-15,2020-07-16,13650.0,15697.499999999998,80,158841.87500999984,0.14529248434912567,1,target
009830,2020-07-10,2020-07-17,27390.0,28903.0,43,60040.46580105019,0.050919525537495014,5,time
042700,2020-07-10,2020-07-17,4250.0,4887.5,283,174951.52487937524,0.14529248434912612,5,target
007660,2020-07-16,2020-07-17,3935.0,3816.95,313,-41888.28910531732,-0.03397068711421547,1,stop
180640,2020-07-15,2020-07-20,97700.0,94769.0,11,-36550.28745995008,-0.03397068711421569,3,stop
095340,2020-07-17,2020-07-22,20350.0,23402.5,62,183526.3678572497,0.14529248434912567,3,target
353200,2020-07-16,2020-07-23,11600.0,12950.0,106,137638.98732499988,0.11180942071373146,5,time
034020,2020-07-22,2020-07-23,6986.0,8033.9,207,210349.40763343475,0.14529248434912567,1,target
005380,2020-07-17,2020-07-24,109500.0,125924.99999999999,11,175206.07916624984,0.14529248434912567,5,target
066570,2020-07-17,2020-07-24,75100.0,74100.0,16,-20877.228319999995,-0.01735456388270451,5,time
222800,2020-07-20,2020-07-24,15750.0,15277.5,75,-40174.027228124905,-0.03397068711421547,4,stop
001440,2020-07-23,2020-07-24,7230.0,8314.5,209,219799.6264389751,0.1452924843491259,1,target
042700,2020-07-23,2020-07-24,6050.0,5868.5,249,-51234.00069232471,-0.03397068711421536,1,stop
141080,2020-07-24,2020-07-27,59500.0,57715.0,23,-46542.35450724978,-0.03397068711421547,1,stop
196170,2020-07-24,2020-07-27,101317.0,98277.48999999999,13,-44794.96712527843,-0.03397068711421558,1,stop
000250,2020-07-24,2020-07-27,46100.0,44717.0,29,-45467.6461386499,-0.03397068711421547,1,stop
006260,2020-07-24,2020-07-28,43550.0,42243.5,31,-45914.874462924665,-0.03397068711421536,2,stop
001440,2020-07-27,2020-07-28,9410.0,9127.699999999999,143,-45764.55133035523,-0.0339706871142158,1,stop
298040,2020-07-27,2020-07-28,42800.0,49219.99999999999,31,192995.78732899972,0.14529248434912567,1,target
267260,2020-07-28,2020-07-29,10450.0,10136.5,132,-46913.06087490008,-0.03397068711421569,1,stop
058470,2020-07-28,2020-07-29,28612.0,27753.64,48,-46708.18608969613,-0.03397068711421569,1,stop
131970,2020-07-28,2020-07-29,42819.0,41534.43,32,-46600.44317476777,-0.03397068711421547,1,stop
141080,2020-07-29,2020-07-30,63200.0,61304.0,21,-45137.7514812001,-0.03397068711421569,1,stop
226950,2020-07-24,2020-07-31,26774.0,27826.0,51,47897.845674599754,0.03503751756242335,5,time
042700,2020-07-27,2020-07-31,6000.0,5820.0,224,-45709.11542399973,-0.03397068711421536,4,stop
010130,2020-07-29,2020-07-31,433500.0,420495.0,3,-44229.69092924986,-0.03397068711421547,2,stop
034020,2020-07-30,2020-08-03,9176.0,8900.72,145,-45250.66387941991,-0.03397068711421547,2,stop
267260,2020-07-31,2020-08-03,12400.0,12028.0,106,-44702.426572400145,-0.03397068711421569,1,stop
131970,2020-07-31,2020-08-03,45285.0,43926.45,29,-44663.82549650245,-0.03397068711421558,1,stop
222800,2020-07-31,2020-08-03,20300.0,19691.0,65,-44875.87634074991,-0.03397068711421547,1,stop
353200,2020-07-29,2020-08-04,13650.0,13240.5,97,-45030.62074192497,-0.03397068711421558,4,stop
131290,2020-08-03,2020-08-04,41150.0,39915.5,31,-43384.548430525,-0.03397068711421558,1,stop
035720,2020-08-04,2020-08-05,75971.0,73691.87,16,-41340.08580805594,-0.03397068711421558,1,stop
240810,2020-08-03,2020-08-06,38700.0,37539.0,33,-43433.862580350135,-0.03397068711421569,3,stop
006800,2020-08-05,2020-08-06,9020.0,8749.4,204,-62580.67642068025,-0.03397068711421569,1,stop
066970,2020-08-03,2020-08-07,39769.0,45734.35,32,185113.04109224002,0.1452924843491259,4,target
051910,2020-08-04,2020-08-07,652000.0,749800.0,1,94839.65431000001,0.1452924843491259,3,target
096770,2020-08-06,2020-08-07,157924.0,181612.59999999998,9,206744.04617372993,0.1452924843491259,1,target
011200,2020-08-03,2020-08-10,5920.0,6807.999999999999,216,186002.0901215996,0.14529248434912545,5,target
067310,2020-08-07,2020-08-10,5072.0,4919.84,266,-45884.33369979169,-0.03397068711421536,1,stop
298380,2020-08-07,2020-08-10,35850.0,34774.5,37,-45112.24416232505,-0.03397068711421558,1,stop
096770,2020-08-10,2020-08-11,188426.0,182773.22,7,-44858.25928584696,-0.03397068711421558,1,stop
051910,2020-08-10,2020-08-11,747000.0,724590.0,1,-25405.289599499898,-0.03397068711421547,1,stop
039490,2020-08-11,2020-08-12,119500.0,115915.0,11,-44705.82754824986,-0.03397068711421547,1,stop
006400,2020-08-06,2020-08-13,457208.0,461124.0,3,6092.176831800025,0.004436476734414274,5,time
003670,2020-08-07,2020-08-13,80789.0,92907.34999999999,16,188024.56029572012,0.1452924843491259,4,target
178320,2020-08-12,2020-08-13,22929.0,22241.13,63,-49128.0144167291,-0.03397068711421536,1,stop
005380,2020-08-11,2020-08-14,171500.0,166355.0,7,-40828.71507925005,-0.03397068711421558,3,stop
032830,2020-08-13,2020-08-14,61100.0,70265.0,23,204414.36534025008,0.1452924843491259,1,target
086520,2020-08-13,2020-08-14,5718.0,5546.46,248,-48228.01417754381,-0.03397068711421547,1,stop
131290,2020-08-13,2020-08-14,43750.0,42437.5,32,-47613.66189999995,-0.03397068711421558,1,stop
071050,2020-08-10,2020-08-18,61700.0,59849.0,22,-46164.84618790005,-0.03397068711421558,5,stop
028300,2020-08-14,2020-08-18,45801.0,44426.97,30,-46730.428471755,-0.03397068711421558,1,stop
007660,2020-08-14,2020-08-18,4294.0,4165.18,322,-47024.20476567792,-0.03397068711421547,1,stop
028260,2020-08-14,2020-08-18,127500.0,123675.0,10,-43362.44208749989,-0.03397068711421547,1,stop
105560,2020-08-14,2020-08-18,40850.0,39624.5,33,-45846.85494592483,-0.03397068711421547,1,stop
032830,2020-08-18,2020-08-19,64500.0,62565.0,20,-43872.588464999804,-0.03397068711421547,1,stop
090430,2020-08-18,2020-08-19,192500.0,186725.0,6,-39281.271067500114,-0.03397068711421569,1,stop
066570,2020-08-18,2020-08-19,88300.0,85651.0,15,-45045.92513324972,-0.03397068711421536,1,stop
000810,2020-08-18,2020-08-19,186500.0,180905.0,7,-44399.73972174968,-0.03397068711421536,1,stop
005380,2020-08-18,2020-08-19,163500.0,158595.0,8,-44484.764117999934,-0.03397068711421558,1,stop
064760,2020-08-20,2020-08-21,109000.0,105730.0,11,-40777.70044149994,-0.03397068711421558,1,stop
007660,2020-08-20,2020-08-21,4146.0,4021.62,314,-44275.400044674054,-0.03397068711421558,1,stop
000990,2020-08-20,2020-08-21,37900.0,36763.0,34,-43824.97480310011,-0.03397068711421569,1,stop
000500,2020-08-20,2020-08-21,15970.0,15490.9,81,-43994.00330284494,-0.03397068711421558,1,stop
214450,2020-08-19,2020-08-26,68400.0,70600.0,18,34437.55337999994,0.027938588800512143,5,time
237690,2020-08-26,2020-08-27,65800.0,63826.0,19,-42519.000076700235,-0.0339706871142158,1,stop
078600,2020-08-26,2020-08-27,52500.0,50925.0,24,-42852.29570999998,-0.03397068711421558,1,stop
009830,2020-08-26,2020-08-27,42808.0,41523.76,29,-42220.802514171926,-0.03397068711421558,1,stop
298380,2020-08-27,2020-08-28,34300.0,33271.0,36,-41995.24979579984,-0.03397068711421547,1,stop
034220,2020-08-25,2020-08-31,14049.0,13627.529999999999,89,-42524.47564781853,-0.03397068711421558,4,stop
051910,2020-08-27,2020-08-31,774000.0,750780.0,1,-26323.553078999976,-0.03397068711421558,2,stop
035720,2020-08-28,2020-08-31,82994.0,80504.18,20,-56452.11793898023,-0.03397068711421569,1,stop
034020,2020-08-31,2020-09-01,11969.0,13764.349999999999,99,172359.58040061733,0.14529248434912567,1,target
000250,2020-08-26,2020-09-02,58100.0,58200.0,21,-2906.4047250000294,-0.0023793670714791215,5,time
086280,2020-08-31,2020-09-02,72778.0,70594.66,16,-39602.59526580805,-0.03397068711421558,2,stop
178320,2020-08-27,2020-09-03,24430.0,25332.0,50,39961.09164500027,0.032677186407733316,5,time
009830,2020-08-31,2020-09-03,46377.0,53333.549999999996,25,168649.48803431238,0.14529248434912567,3,target
298040,2020-09-02,2020-09-03,49400.0,56809.99999999999,23,165271.18899849989,0.14529248434912567,1,target
006260,2020-09-01,2020-09-04,45350.0,52152.49999999999,31,204494.368116125,0.1452924843491259,3,target
145020,2020-09-02,2020-09-04,178000.0,172660.0,6,-36322.42207799968,-0.03397068711421525,2,stop
034020,2020-09-03,2020-09-04,14894.0,14447.18,90,-45588.72087891004,-0.03397068711421558,1,stop
272210,2020-09-03,2020-09-04,11444.0,11100.68,117,-45537.29812405794,-0.03397068711421558,1,stop
196170,2020-09-03,2020-09-04,123171.0,119475.87,10,-41890.15964203491,-0.03397068711421547,1,stop
000500,2020-09-04,2020-09-07,17415.0,20027.25,75,189988.41025406262,0.1452924843491259,1,target
267260,2020-09-04,2020-09-07,12850.0,14777.499999999998,102,190653.8878897496,0.14529248434912545,1,target
067310,2020-09-04,2020-09-08,4778.0,5494.7,274,190431.62563241017,0.1452924843491259,2,target
298040,2020-09-07,2020-09-08,68600.0,66542.0,21,-48994.45809510001,-0.03397068711421558,1,stop
006260,2020-09-07,2020-09-08,61900.0,60043.0,24,-50524.89722759975,-0.03397068711421547,1,stop
087010,2020-09-04,2020-09-09,20089.0,19486.329999999998,65,-44409.4325029226,-0.03397068711421569,3,stop
336260,2020-09-08,2020-09-09,58675.0,56914.75,25,-49888.0644996874,-0.03397068711421547,1,stop
032820,2020-09-08,2020-09-09,938.0,1078.6999999999998,1567,213803.20019775466,0.14529248434912567,1,target
071050,2020-09-08,2020-09-09,84100.0,81577.0,17,-48623.75172745017,-0.03397068711421569,1,stop
267260,2020-09-09,2020-09-10,17150.0,19722.5,84,209549.08895550016,0.1452924843491259,1,target
222800,2020-09-04,2020-09-11,19250.0,20700.0,68,92944.77847000002,0.07092284250827352,5,time
010170,2020-09-09,2020-09-14,3777.0,3663.69,383,-49198.210558273364,-0.03397068711421547,3,stop
307950,2020-09-14,2020-09-15,53200.0,61179.99999999999,26,201199.7083459997,0.14529248434912567,1,target
001440,2020-09-09,2020-09-16,7566.0,7430.0,191,-31821.754862400237,-0.021995062727533488,5,time
000500,2020-09-09,2020-09-16,20386.0,21006.0,70,37423.841265999945,0.02619504119356142,5,time
067310,2020-09-11,2020-09-16,6148.0,5963.5599999999995,231,-48300.25090459804,-0.03397068711421558,3,stop
006260,2020-09-10,2020-09-17,59200.0,58300.0,28,-31918.885460000252,-0.01923396243310771,5,time
080220,2020-09-16,2020-09-17,4545.0,4408.65,311,-48072.623590957606,-0.03397068711421569,1,stop
141080,2020-09-16,2020-09-17,64100.0,62177.0,22,-47960.56143670017,-0.03397068711421569,1,stop
267270,2020-09-16,2020-09-18,27250.0,26432.5,51,-47265.061875374755,-0.03397068711421536,2,stop
237690,2020-09-17,2020-09-18,75300.0,73041.0,19,-48657.76148594986,-0.03397068711421547,1,stop
226950,2020-09-17,2020-09-18,31529.0,30583.129999999997,46,-49325.50908433902,-0.03397068711421558,1,stop
011200,2020-09-15,2020-09-22,7270.0,7051.9,220,-54395.20774490014,-0.03397068711421569,5,stop
307950,2020-09-18,2020-09-22,59900.0,58103.0,23,-46855.244285450084,-0.03397068711421569,2,stop
237690,2020-09-21,2020-09-22,76700.0,74399.0,18,-46953.87258510012,-0.03397068711421569,1,stop
066970,2020-09-21,2020-09-22,44145.0,42820.65,31,-46542.18445845763,-0.03397068711421569,1,stop
000270,2020-09-17,2020-09-23,47200.0,45784.0,31,-49763.078637200175,-0.03397068711421569,4,stop
028300,2020-09-22,2020-09-23,53435.0,51831.95,26,-47250.09758163523,-0.0339706871142158,1,stop
043260,2020-09-24,2020-09-25,1115.0,1081.55,1245,-47211.49650573754,-0.03397068711421558,1,stop
032820,2020-09-25,2020-09-28,1260.0,1449.0,1094,200507.32068570005,0.1452924843491259,1,target
032820,2020-10-05,2020-10-06,1475.0,1430.75,962,-48258.14682357502,-0.03397068711421558,1,stop
267270,2020-10-06,2020-10-07,30200.0,29294.0,46,-47246.35650820006,-0.03397068711421558,1,stop
226950,2020-10-05,2020-10-13,34031.0,33831.0,41,-13893.925602199975,-0.00994642894610731,5,time
307950,2020-10-06,2020-10-14,66600.0,66500.0,21,-7825.551615000004,-0.005588846987637175,5,time
214150,2020-10-13,2020-10-14,15500.0,15035.0,90,-47443.61310749967,-0.03397068711421536,1,stop
000270,2020-10-07,2020-10-15,49850.0,48900.0,28,-32241.849429999944,-0.023072653008202715,5,time
241560,2020-10-07,2020-10-15,28550.0,27693.5,49,-47577.95165357506,-0.03397068711421558,5,stop
003490,2020-10-07,2020-10-15,15158.0,16051.0,92,76198.71256899997,0.054578134449756455,5,time
357780,2020-10-14,2020-10-15,250900.0,243373.0,5,-42665.24203824974,-0.03397068711421536,1,stop
086280,2020-10-14,2020-10-16,84533.0,97212.95,16,196738.17172483983,0.14529248434912567,2,target
095340,2020-10-15,2020-10-16,20900.0,20273.0,66,-46913.06087490008,-0.03397068711421569,1,stop
058610,2020-10-15,2020-10-16,7300.0,7081.0,189,-46923.26380245015,-0.03397068711421569,1,stop
336260,2020-10-15,2020-10-19,46165.0,44780.049999999996,29,-45531.75453342288,-0.033970687114215914,2,stop
043260,2020-10-16,2020-10-19,1080.0,1047.6,1307,-48006.81470826012,-0.03397068711421569,1,stop
086280,2020-10-19,2020-10-20,92786.0,90002.42,14,-44178.812330534216,-0.0339706871142158,1,stop
214150,2020-10-16,2020-10-23,14400.0,15550.0,98,106584.37492500013,0.07544070843169748,5,time
086280,2020-10-22,2020-10-23,98287.0,95338.39,13,-43455.322737963405,-0.03397068711421547,1,stop
010170,2020-10-22,2020-10-23,3794.0,3680.18,359,-46322.855525891064,-0.03397068711421558,1,stop
145020,2020-10-23,2020-10-26,219900.0,213303.0,6,-44872.47536489996,-0.03397068711421558,1,stop
047050,2020-10-23,2020-10-26,15150.0,14695.5,91,-46887.55355602503,-0.03397068711421558,1,stop
034020,2020-10-21,2020-10-27,12885.0,12498.449999999999,105,-46012.652518612565,-0.03397068711421558,4,stop
241560,2020-10-22,2020-10-27,31150.0,30215.5,43,-45554.3710228249,-0.03397068711421547,3,stop
086790,2020-10-26,2020-10-27,33050.0,32058.5,41,-46084.923255424714,-0.03397068711421536,1,stop
055550,2020-10-26,2020-10-27,31550.0,30603.5,43,-46139.33886902523,-0.0339706871142158,1,stop
011200,2020-10-26,2020-10-28,8190.0,9418.5,166,197758.13438745006,0.1452924843491259,2,target
028260,2020-10-27,2020-10-28,120000.0,116400.0,10,-40811.710199999856,-0.03397068711421547,1,stop
043260,2020-11-09,2020-11-10,1230.0,1193.1,1097,-45889.70724163507,-0.03397068711421569,1,stop
078600,2020-11-09,2020-11-10,45600.0,44232.0,29,-44974.50464040018,-0.03397068711421569,1,stop
353200,2020-11-09,2020-11-10,11750.0,11397.5,114,-45556.07151074987,-0.03397068711421547,1,stop
051910,2020-11-09,2020-11-10,739000.0,716830.0,1,-25133.211531499866,-0.03397068711421536,1,stop
011200,2020-11-10,2020-11-11,12950.0,12561.5,101,-44483.06363007496,-0.03397068711421558,1,stop
096770,2020-11-10,2020-11-11,159399.0,154617.03,8,-43368.971961131785,-0.03397068711421547,1,stop
006400,2020-11-10,2020-11-11,515949.0,500470.52999999997,2,-35094.60177663306,-0.03397068711421569,1,stop
003490,2020-11-11,2020-11-12,19307.0,18727.79,66,-43337.34288572683,-0.03397068711421547,1,stop
010950,2020-11-11,2020-11-12,66900.0,64893.0,19,-43229.80402935017,-0.03397068711421569,1,stop
247540,2020-11-10,2020-11-13,36914.0,35806.58,35,-43940.267884414876,-0.03397068711421547,3,stop
087010,2020-11-12,2020-11-13,17923.0,17385.31,68,-41449.86930849403,-0.03397068711421558,1,stop
178320,2020-11-09,2020-11-16,20976.0,21227.0,64,10514.956559999846,0.007823581620356679,5,time
034020,2020-11-12,2020-11-16,15732.0,15260.039999999999,78,-41733.23861631611,-0.03397068711421569,2,stop
011200,2020-11-13,2020-11-16,14400.0,13968.0,85,-41627.94440399995,-0.03397068711421558,1,stop
307950,2020-11-16,2020-11-17,81200.0,78764.0,15,-41423.885852999985,-0.03397068711421558,1,stop
003490,2020-11-16,2020-11-17,18764.0,21578.6,66,180140.65038221958,0.14529248434912545,1,target
010140,2020-11-11,2020-11-18,5568.0,5692.0,229,23086.787101799855,0.018085460537734743,5,time
000270,2020-11-16,2020-11-18,59700.0,57909.0,20,-40607.65164899989,-0.03397068711421547,2,stop
010950,2020-11-17,2020-11-18,68300.0,66251.0,19,-44134.46360545,-0.03397068711421558,1,stop
047040,2020-11-13,2020-11-19,3600.0,3492.0,340,-41627.94440399995,-0.03397068711421558,4,stop
131290,2020-11-18,2020-11-19,50000.0,57499.99999999999,24,174551.5109999997,0.14529248434912567,1,target
016360,2020-11-18,2020-11-19,38700.0,37539.0,32,-42117.68492639996,-0.03397068711421558,1,stop
307950,2020-11-19,2020-11-20,81800.0,79346.0,15,-41729.97367949993,-0.03397068711421558,1,stop
237690,2020-11-19,2020-11-20,79600.0,77212.0,16,-43314.82842560019,-0.03397068711421569,1,stop
032820,2020-11-20,2020-11-23,1765.0,1712.05,706,-42379.21996926493,-0.03397068711421558,1,stop
319660,2020-11-17,2020-11-24,18400.0,18900.0,72,30464.5748399999,0.022969184981024515,5,time
001440,2020-11-23,2020-11-24,11091.0,10758.27,109,-41115.043236061465,-0.03397068711421558,1,stop
084370,2020-11-18,2020-11-25,31650.0,33000.0,39,47436.17199750012,0.038385932647054144,5,time
240810,2020-11-20,2020-11-25,38750.0,37587.5,32,-42172.100540000014,-0.03397068711421558,3,stop
131290,2020-11-24,2020-11-25,58200.0,56454.0,21,-41566.72683870024,-0.0339706871142158,1,stop
237690,2020-11-24,2020-11-25,77000.0,74690.0,16,-41900.02247199998,-0.03397068711421558,1,stop
000660,2020-11-19,2020-11-26,96200.0,99400.0,13,36352.15220000013,0.029034375343967467,5,time
226950,2020-11-25,2020-11-26,47644.0,54790.6,25,173256.92062674998,0.1452924843491259,1,target
032820,2020-11-25,2020-11-26,1645.0,1595.6499999999999,747,-41791.70139117772,-0.0339706871142158,1,stop
100790,2020-11-25,2020-11-26,4222.0,4095.3399999999997,291,-41784.457312616985,-0.03397068711421558,1,stop
010140,2020-11-26,2020-11-27,6578.0,6380.66,192,-42953.50875129597,-0.03397068711421558,1,stop
043260,2020-11-26,2020-12-01,1750.0,1697.5,724,-43090.36401949986,-0.03397068711421547,3,stop
082740,2020-11-25,2020-12-02,5294.0,5429.0,232,26194.22504840023,0.02130268844654415,5,time
336260,2020-11-27,2020-12-02,47700.0,46269.0,28,-45423.43345260015,-0.03397068711421569,3,stop
267270,2020-11-26,2020-12-03,33650.0,33300.0,37,-18014.28666250012,-0.014452103396191296,5,time
068270,2020-11-26,2020-12-03,286123.0,299793.0,4,49828.44351160014,0.04348759027313287,5,time
319400,2020-12-01,2020-12-03,3500.0,3395.0,359,-42733.2615552498,-0.03397068711421547,2,stop
066970,2020-12-02,2020-12-03,53186.0,51590.42,23,-41603.38935836335,-0.033970687114215914,1,stop
096770,2020-12-02,2020-12-03,180554.0,175137.38,7,-42984.18555346271,-0.03397068711421536,1,stop
036930,2020-12-03,2020-12-04,8660.0,8400.199999999999,140,-41233.431205400266,-0.0339706871142158,1,stop
226950,2020-12-03,2020-12-04,58500.0,56745.0,20,-39791.41744500003,-0.03397068711421558,1,stop
006260,2020-12-03,2020-12-07,67800.0,65766.0,17,-39199.64764710027,-0.0339706871142158,2,stop
307950,2020-12-04,2020-12-07,95000.0,92150.0,12,-38771.124689999735,-0.03397068711421536,1,stop
003670,2020-12-04,2020-12-07,93253.0,90455.41,13,-41229.656122206245,-0.03397068711421536,1,stop
047040,2020-12-07,2020-12-08,4100.0,3977.0,281,-39182.64276785008,-0.03397068711421569,1,stop
237690,2020-12-07,2020-12-09,111000.0,107670.0,10,-37750.831934999675,-0.03397068711421525,2,stop
068270,2020-12-08,2020-12-09,338225.0,328078.25,3,-34508.85170598759,-0.03397068711421569,1,stop
039490,2020-12-03,2020-12-10,135000.0,133000.0,9,-22926.248099999735,-0.01884766236113511,5,time
000660,2020-12-03,2020-12-10,110500.0,116500.0,11,60824.06660000002,0.0499828796118289,5,time
036930,2020-12-09,2020-12-10,8830.0,8565.1,124,-37237.96477682027,-0.0339706871142158,1,stop
082740,2020-12-07,2020-12-11,6369.0,7324.349999999999,181,167684.21817848226,0.14529248434912567,4,target
141080,2020-12-10,2020-12-15,68700.0,66639.0,17,-39719.99695215002,-0.03397068711421558,3,stop
003670,2020-12-10,2020-12-15,99354.0,96373.37999999999,12,-40548.066552108154,-0.03397068711421569,3,stop
263750,2020-12-09,2020-12-16,47900.0,54000.0,22,129485.68852999993,0.12273385050109442,5,time
307950,2020-12-15,2020-12-16,112000.0,128799.99999999999,10,162914.74359999993,0.1452924843491259,1,target
047040,2020-12-10,2020-12-17,4260.0,4330.0,280,14653.88526000036,0.012271169061383258,5,time
095340,2020-12-11,2020-12-17,23400.0,26909.999999999996,57,194014.00447649998,0.1452924843491259,4,target
034220,2020-12-16,2020-12-17,16729.0,16227.13,75,-42671.19374598772,-0.0339706871142158,1,stop
066970,2020-12-17,2020-12-18,70017.0,67916.49,18,-42862.70269610081,-0.03397068711421547,1,stop
001440,2020-12-17,2020-12-18,13398.0,12996.06,98,-44654.94894953398,-0.03397068711421558,1,stop
272210,2020-12-16,2020-12-21,13501.0,13095.97,93,-42702.41470429045,-0.03397068711421558,3,stop
319660,2020-12-18,2020-12-21,21100.0,20467.0,60,-43056.35426099971,-0.03397068711421536,1,stop
357780,2020-12-18,2020-12-21,280000.0,271600.0,4,-38090.92951999977,-0.03397068711421536,1,stop
336260,2020-12-15,2020-12-22,53700.0,54600.0,21,14222.741715000244,0.01259767865698791,5,time
066970,2020-12-21,2020-12-22,66651.0,64651.47,18,-40802.11944810278,-0.03397068711421536,1,stop
015760,2020-12-21,2020-12-22,28600.0,27742.0,42,-40852.521910199896,-0.03397068711421547,1,stop
000250,2020-12-22,2020-12-23,91100.0,88367.0,13,-40277.75699154986,-0.03397068711421547,1,stop
000100,2020-12-22,2020-12-23,66821.0,64816.369999999995,17,-38633.62323638471,-0.0339706871142158,1,stop
042700,2020-12-17,2020-12-24,7925.0,8450.0,166,81501.69043249986,0.061881387217129324,5,time
000990,2020-12-23,2020-12-24,39450.0,45367.5,29,166413.04679962504,0.1452924843491259,1,target
066570,2020-12-24,2020-12-28,125000.0,121250.0,10,-42512.19812500011,-0.03397068711421569,1,stop
319400,2020-12-24,2020-12-28,4455.0,5123.25,284,184038.38562284992,0.14529248434912567,1,target
011070,2020-12-24,2020-12-28,184500.0,178965.0,6,-37648.802659499925,-0.03397068711421547,1,stop
000990,2020-12-28,2020-12-29,43300.0,49794.99999999999,29,182653.61030224967,0.14529248434912567,1,target
218410,2020-12-22,2020-12-30,41466.0,43564.0,28,53812.61283720005,0.04629506391166616,5,time
003550,2020-12-29,2021-01-04,82185.0,94512.74999999999,16,191273.54575379984,0.14529248434912567,2,target
000250,2020-12-29,2021-01-05,79800.0,77406.0,16,-43423.65965280007,-0.03397068711421569,3,stop
064760,2020-12-29,2021-01-06,122300.0,118631.0,10,-41593.9346454998,-0.03397068711421547,4,stop
066570,2020-12-30,2021-01-06,128000.0,147200.0,10,186188.27840000018,0.14529248434912612,3,target
319400,2021-01-04,2021-01-07,5920.0,6807.999999999999,270,232502.6126519998,0.14529248434912567,3,target
067310,2021-01-05,2021-01-07,7770.0,7536.9,159,-42016.675943655195,-0.03397068711421569,2,stop
272210,2020-12-30,2021-01-08,15423.0,15871.0,89,34129.07341499999,0.024835128737993095,5,time
096770,2021-01-06,2021-01-08,251891.0,289674.64999999997,5,183199.81107208738,0.14529248434912567,2,target
047040,2021-01-07,2021-01-08,6080.0,5897.599999999999,255,-52728.7295784005,-0.033970687114215914,1,stop
064350,2021-01-06,2021-01-11,21850.0,21194.5,60,-44586.79339350015,-0.03397068711421569,3,stop
003670,2021-01-07,2021-01-11,126494.0,122699.18,12,-51624.36470038816,-0.03397068711421569,2,stop
034730,2021-01-08,2021-01-11,304000.0,294880.0,4,-41355.86633599992,-0.03397068711421547,1,stop
003550,2021-01-08,2021-01-11,101551.0,98504.47,14,-48352.149796069134,-0.03397068711421569,1,stop
012330,2021-01-08,2021-01-11,358500.0,347745.0,4,-48769.99368899991,-0.03397068711421547,1,stop
096770,2021-01-11,2021-01-12,285345.0,276784.64999999997,4,-38818.05815673014,-0.03397068711421569,1,stop
018260,2021-01-11,2021-01-12,223000.0,216310.0,6,-45505.05687299976,-0.03397068711421536,1,stop
267260,2021-01-11,2021-01-12,20400.0,19788.0,68,-47178.33699119999,-0.03397068711421558,1,stop
051910,2021-01-11,2021-01-12,1012000.0,981640.0,1,-34417.87560199993,-0.03397068711421547,1,stop
039490,2021-01-12,2021-01-13,162500.0,157625.0,8,-44212.6860499999,-0.03397068711421547,1,stop
086520,2021-01-12,2021-01-13,8060.0,7818.2,171,-46874.28975020978,-0.03397068711421547,1,stop
005380,2021-01-11,2021-01-14,256500.0,248805.0,5,-43617.51527624973,-0.03397068711421536,3,stop
267270,2021-01-12,2021-01-14,37500.0,36375.0,36,-45913.173974999925,-0.03397068711421558,2,stop
353200,2021-01-13,2021-01-14,16000.0,15520.0,84,-45709.11542399973,-0.03397068711421536,1,stop
000990,2021-01-13,2021-01-14,61300.0,59461.0,22,-45865.560313099995,-0.03397068711421558,1,stop
086790,2021-01-14,2021-01-15,39900.0,38703.0,32,-43423.65965280007,-0.03397068711421569,1,stop
012330,2021-01-14,2021-01-18,328500.0,318645.0,3,-33516.61700175004,-0.03397068711421558,2,stop
000270,2021-01-14,2021-01-18,71200.0,69064.0,18,-43586.90649359999,-0.03397068711421558,2,stop
009150,2021-01-14,2021-01-18,205000.0,198850.0,6,-41832.00295500015,-0.03397068711421569,2,stop
100790,2021-01-15,2021-01-18,5948.0,5769.5599999999995,271,-54820.60180421779,-0.03397068711421547,1,stop
080220,2021-01-12,2021-01-19,4275.0,4455.0,323,52309.70335799991,0.03783941373513455,5,time
003490,2021-01-18,2021-01-19,24502.0,23766.94,50,-41665.355138350045,-0.03397068711421558,1,stop
064760,2021-01-18,2021-01-19,133100.0,129107.0,9,-40740.28970715008,-0.03397068711421569,1,stop
083650,2021-01-19,2021-01-20,3245.0,3147.65,389,-42930.68820334249,-0.03397068711421558,1,stop
012450,2021-01-19,2021-01-20,40490.0,39275.299999999996,31,-42688.708771615056,-0.03397068711421558,1,stop
145020,2021-01-19,2021-01-20,226100.0,219317.0,5,-38448.03198424983,-0.03397068711421547,1,stop
000270,2021-01-20,2021-01-21,96000.0,93120.0,12,-39179.2417919999,-0.03397068711421547,1,stop
036930,2021-01-18,2021-01-25,9350.0,10600.0,132,159455.57331000012,0.12904908943043347,5,time
352820,2021-01-20,2021-01-25,172260.0,198098.99999999997,7,175398.0858283497,0.14529248434912567,3,target
042700,2021-01-19,2021-01-26,10050.0,10525.0,125,54051.59578125016,0.04297671622535604,5,time
080220,2021-01-25,2021-01-26,5860.0,6738.999999999999,238,202869.58446789952,0.14529248434912545,1,target
079550,2021-01-25,2021-01-26,41200.0,39964.0,33,-46239.66765659978,-0.03397068711421547,1,stop
100790,2021-01-20,2021-01-27,5671.0,5748.0,216,11562.935317200143,0.009428779532599352,5,time
108490,2021-01-26,2021-01-27,19622.0,19033.34,72,-48048.442652663914,-0.03397068711421558,1,stop
000270,2021-01-26,2021-01-27,91700.0,88949.0,15,-46780.42281674966,-0.03397068711421536,1,stop
003490,2021-01-26,2021-01-27,30550.0,29633.5,46,-47793.913620050065,-0.03397068711421558,1,stop
066570,2021-01-21,2021-01-28,168500.0,163445.0,7,-40114.510150749935,-0.03397068711421558,5,stop
011070,2021-01-27,2021-01-28,225500.0,218735.0,5,-38346.00270874961,-0.03397068711421525,1,stop
214150,2021-01-27,2021-01-28,17400.0,16878.0,77,-45566.27443830017,-0.03397068711421569,1,stop
000880,2021-01-27,2021-01-28,35950.0,34871.5,37,-45238.08026877511,-0.03397068711421569,1,stop
352820,2021-01-27,2021-01-29,205920.0,199742.4,6,-42019.73682191991,-0.03397068711421547,2,stop
035420,2021-01-29,2021-02-01,362000.0,351140.0,3,-36934.59773099981,-0.03397068711421547,1,stop
226950,2021-01-28,2021-02-03,47000.0,54049.99999999999,27,184588.2228824997,0.14529248434912567,4,target
068270,2021-02-02,2021-02-03,321809.0,312154.73,3,-32833.9391193795,-0.03397068711421558,1,stop
263750,2021-01-28,2021-02-04,61960.0,70000.0,20,155247.4641199999,0.12513646819040058,5,time
047050,2021-02-02,2021-02-04,18600.0,21390.0,67,181271.74417350022,0.14529248434912612,2,target
096770,2021-02-02,2021-02-04,318799.0,309235.02999999997,3,-32526.831000124454,-0.03397068711421558,2,stop
298040,2021-02-05,2021-02-08,86300.0,83711.0,15,-44025.632378249895,-0.03397068711421547,1,stop
272210,2021-02-05,2021-02-08,17479.0,16954.63,76,-45178.69923043391,-0.03397068711421547,1,stop
079550,2021-02-05,2021-02-09,43600.0,42292.0,30,-44484.764117999934,-0.03397068711421558,2,stop
263750,2021-02-08,2021-02-09,78600.0,76242.0,16,-42770.67228960013,-0.03397068711421569,1,stop
352820,2021-02-03,2021-02-10,229185.0,229185.0,6,-5635.4758019999135,-0.004093491870325261,5,time
047810,2021-02-05,2021-02-10,38800.0,37636.0,34,-44865.67341320007,-0.03397068711421558,3,stop
032820,2021-02-09,2021-02-10,1325.0,1285.25,969,-43665.979182112496,-0.03397068711421558,1,stop
298040,2021-02-10,2021-02-15,88300.0,85651.0,14,-42042.863457700005,-0.03397068711421558,1,stop
047050,2021-02-08,2021-02-16,21800.0,21146.0,60,-44484.764117999934,-0.03397068711421558,4,stop
047810,2021-02-15,2021-02-16,40150.0,38945.5,32,-43695.7377208001,-0.03397068711421569,1,stop
353200,2021-02-10,2021-02-17,16300.0,15811.0,80,-44348.7250839998,-0.03397068711421547,3,stop
080220,2021-02-16,2021-02-17,6970.0,6760.9,181,-42905.69103084481,-0.03397068711421547,1,stop
064760,2021-02-16,2021-02-17,185600.0,180032.0,6,-37873.26706560003,-0.03397068711421558,1,stop
010950,2021-02-09,2021-02-18,81000.0,85300.0,15,59330.53777500009,0.04877561905507721,5,time
357780,2021-02-17,2021-02-18,312600.0,303222.0,3,-31894.35152129992,-0.03397068711421547,1,stop
319400,2021-02-17,2021-02-18,5920.0,5742.4,208,-41878.2562265601,-0.03397068711421569,1,stop
035720,2021-02-17,2021-02-19,103367.0,100265.98999999999,11,-38670.35377556458,-0.03397068711421569,2,stop
222800,2021-02-18,2021-02-19,25400.0,24638.0,49,-42328.54542909982,-0.03397068711421547,1,stop
108490,2021-02-18,2021-02-19,18307.0,17757.79,68,-42337.93212244613,-0.03397068711421569,1,stop
138040,2021-02-15,2021-02-22,11000.0,11800.0,118,88802.24048000015,0.06833607235728745,5,time
003670,2021-02-18,2021-02-22,154605.0,177795.75,8,179910.24238770013,0.1452924843491259,2,target
272210,2021-02-19,2021-02-22,19581.0,18993.57,60,-39956.70487130992,-0.03397068711421547,1,stop
178320,2021-02-19,2021-02-22,23404.0,22701.88,50,-39798.21939670015,-0.03397068711421569,1,stop
043260,2021-02-19,2021-02-23,1870.0,1813.8999999999999,632,-40194.09298564005,-0.03397068711421558,2,stop
042700,2021-02-22,2021-02-23,12175.0,11809.75,104,-43063.156212700065,-0.03397068711421569,1,stop
087010,2021-02-22,2021-02-23,15020.0,14569.4,84,-42909.432104279986,-0.03397068711421558,1,stop
067310,2021-02-22,2021-02-23,8388.0,8136.36,151,-43076.351998998085,-0.03397068711421569,1,stop
267270,2021-02-23,2021-02-24,38750.0,37587.5,31,-40854.2223981251,-0.03397068711421569,1,stop
003670,2021-02-24,2021-02-25,167205.0,162188.85,7,-39806.21168994764,-0.03397068711421569,1,stop
138040,2021-02-24,2021-02-26,12250.0,11882.5,98,-40828.715079249814,-0.03397068711421547,2,stop
011200,2021-02-22,2021-03-02,16600.0,19090.0,76,183511.82189799985,0.14529248434912567,5,target
000660,2021-02-26,2021-03-05,143500.0,139195.0,8,-39043.202758,-0.03397068711421558,4,stop
141080,2021-03-04,2021-03-05,57400.0,55678.0,21,-40995.36289589992,-0.03397068711421547,1,stop
086520,2021-03-05,2021-03-08,8968.0,8698.96,133,-40564.93539232388,-0.03397068711421547,1,stop
100790,2021-03-05,2021-03-08,6339.0,6148.83,189,-40746.10537585337,-0.03397068711421547,1,stop
011200,2021-03-04,2021-03-09,20150.0,23172.5,62,181722.66891025007,0.1452924843491259,3,target
098460,2021-03-04,2021-03-10,22439.0,21765.829999999998,55,-41972.973403982585,-0.03397068711421569,4,stop
083650,2021-03-09,2021-03-10,3590.0,3482.2999999999997,348,-42489.07148922025,-0.0339706871142158,1,stop
105560,2021-03-09,2021-03-10,51900.0,50343.0,24,-42362.5551876002,-0.03397068711421569,1,stop
005490,2021-03-05,2021-03-12,299500.0,301000.0,4,1072.6681000001263,0.0008943537463508289,5,time
083650,2021-03-12,2021-03-15,3800.0,3686.0,319,-41226.62925370014,-0.03397068711421569,1,stop
319400,2021-03-12,2021-03-15,6200.0,6014.0,195,-41117.798026499804,-0.03397068711421547,1,stop
100790,2021-03-15,2021-03-16,8064.0,7822.08,149,-40863.949189055944,-0.03397068711421558,1,stop
047040,2021-03-16,2021-03-17,6400.0,6208.0,187,-40702.87897279975,-0.03397068711421536,1,stop
105560,2021-03-12,2021-03-18,51100.0,49567.0,23,-39971.66916504991,-0.03397068711421547,4,stop
267270,2021-03-12,2021-03-19,46100.0,49650.0,26,87115.79246499995,0.07259779020907464,5,time
196170,2021-03-15,2021-03-22,83412.0,86359.0,14,36350.62253549998,0.031092530278264086,5,time
131290,2021-03-15,2021-03-22,54300.0,56400.0,22,41168.09037000011,0.03442222943855722,5,time
237690,2021-03-17,2021-03-22,85000.0,82450.0,13,-37580.78314249986,-0.03397068711421547,3,stop
087010,2021-03-22,2021-03-23,16571.0,16073.869999999999,71,-40013.875275348546,-0.03397068711421558,1,stop
226950,2021-03-22,2021-03-23,44950.0,43601.5,26,-39747.20475895004,-0.03397068711421558,1,stop
078600,2021-03-22,2021-03-23,43150.0,41855.5,27,-39623.06914042472,-0.03397068711421536,1,stop
042700,2021-03-23,2021-03-24,13225.0,12828.25,86,-38680.998829975026,-0.03397068711421558,1,stop
100790,2021-03-18,2021-03-25,7911.0,8674.0,150,109249.4666474997,0.09195968291199552,5,time
039030,2021-03-19,2021-03-26,114100.0,116400.0,11,20081.763515,0.015981748871990664,5,time
011200,2021-03-23,2021-03-26,27350.0,31452.499999999996,41,163111.1140498747,0.14529248434912567,3,target
214450,2021-03-25,2021-03-26,70300.0,68191.0,20,-47817.72045100015,-0.03397068711421569,1,stop
000500,2021-03-24,2021-03-31,22863.0,24803.0,49,90188.5981836,0.0804124183676822,5,time
090430,2021-03-24,2021-03-31,249500.0,258500.0,4,31803.86659999995,0.03183099138886125,5,time
031980,2021-04-07,2021-04-08,11000.0,10670.0,112,-41900.02247199998,-0.03397068711421558,1,stop
034220,2021-04-07,2021-04-08,24031.0,23310.07,51,-41681.713832188165,-0.03397068711421536,1,stop
277810,2021-04-07,2021-04-08,26450.0,25656.5,46,-41379.67316695,-0.03397068711421558,1,stop
100790,2021-04-08,2021-04-09,11152.0,10817.44,107,-40582.620466744294,-0.0339706871142158,1,stop
131290,2021-04-08,2021-04-09,63500.0,61595.0,18,-38873.15396549995,-0.03397068711421558,1,stop
042700,2021-04-07,2021-04-14,15475.0,15875.0,80,26832.09080000012,0.02164884113464205,5,time
319660,2021-04-07,2021-04-14,21850.0,22225.0,56,15923.533430000069,0.012998725088422036,5,time
066970,2021-04-08,2021-04-15,85309.0,94446.0,14,122646.30452690017,0.10257283600575873,5,time
237690,2021-04-14,2021-04-15,104800.0,120519.99999999999,11,167685.81823399966,0.14529248434912545,1,target
098460,2021-04-14,2021-04-15,27850.0,27014.5,43,-40728.38629167504,-0.03397068711421558,1,stop
319400,2021-04-15,2021-04-16,5350.0,5189.5,247,-44942.19536982523,-0.0339706871142158,1,stop
080220,2021-04-15,2021-04-16,7620.0,7391.4,173,-44833.70424021012,-0.03397068711421569,1,stop
096770,2021-04-14,2021-04-19,276489.0,268194.33,4,-37613.2964716258,-0.03397068711421536,3,stop
036930,2021-04-15,2021-04-20,12800.0,14719.999999999998,103,191773.92675199988,0.14529248434912567,3,target
298380,2021-04-14,2021-04-21,25000.0,24900.0,48,-9703.689360000193,-0.008077117902844155,5,time
031980,2021-04-20,2021-04-21,14900.0,14453.0,106,-53715.01257489994,-0.03397068711421558,1,stop
353200,2021-04-21,2021-04-22,16450.0,15956.5,82,-45875.76324065006,-0.03397068711421558,1,stop
003550,2021-04-16,2021-04-23,102968.0,108164.0,12,57104.38169519999,0.04616222074176579,5,time
095340,2021-04-16,2021-04-23,24050.0,24500.0,53,18555.918377500027,0.014540933437714232,5,time
237690,2021-04-19,2021-04-23,131800.0,127846.0,8,-35859.88936239993,-0.03397068711421547,4,stop
226950,2021-04-21,2021-04-26,47050.0,45638.5,28,-44804.455847899895,-0.03397068711421547,3,stop
267270,2021-04-23,2021-04-26,56500.0,54805.0,21,-40352.57846025005,-0.03397068711421558,1,stop
067310,2021-04-23,2021-04-26,9449.0,10866.349999999999,127,174554.85657062707,0.14529248434912545,1,target
007660,2021-04-22,2021-04-27,3463.0,3359.11,391,-46050.33533103019,-0.03397068711421536,3,stop
042700,2021-04-26,2021-04-28,18025.0,17484.25,71,-43524.83868433768,-0.03397068711421569,2,stop
064760,2021-04-23,2021-04-29,229000.0,222130.0,5,-38941.173482499784,-0.03397068711421536,4,stop
086520,2021-04-26,2021-04-29,9186.0,8910.42,140,-43737.909821340116,-0.03397068711421569,3,stop
028050,2021-04-27,2021-04-29,16650.0,16150.5,79,-44734.73584297486,-0.03397068711421547,2,stop
067310,2021-04-28,2021-04-29,11196.0,10860.119999999999,111,-42265.8314344259,-0.03397068711421547,1,stop
058610,2021-04-26,2021-04-30,10900.0,10573.0,118,-43743.35138270003,-0.03397068711421558,4,stop
011200,2021-04-29,2021-05-03,39600.0,38412.0,30,-40403.59309799969,-0.03397068711421536,2,stop
042660,2021-04-30,2021-05-04,31183.0,30247.51,41,-43481.578271525446,-0.03397068711421558,2,stop
267250,2021-04-29,2021-05-07,68000.0,78200.0,17,168151.28893000027,0.14529248434912612,5,target
000150,2021-04-29,2021-05-07,61100.0,65300.0,19,74807.14522999991,0.06436489330389117,5,time
082740,2021-05-03,2021-05-07,8236.0,9471.4,144,172512.74935151986,0.14529248434912567,3,target
010950,2021-04-30,2021-05-10,88400.0,96500.0,14,107993.75881000003,0.08716038500581003,5,time
082740,2021-05-10,2021-05-11,8668.0,8407.96,154,-45398.67434841208,-0.03397068711421569,1,stop
267270,2021-05-10,2021-05-12,66900.0,64893.0,19,-43229.80402935017,-0.03397068711421569,2,stop
000250,2021-05-11,2021-05-12,58900.0,57133.0,23,-46073.01983995037,-0.0339706871142158,1,stop
042660,2021-05-06,2021-05-13,31627.0,33404.0,39,64043.75420624972,0.051862680543954376,5,time
267260,2021-05-07,2021-05-13,23400.0,22698.0,55,-43770.559189500054,-0.03397068711421558,4,stop
000880,2021-05-12,2021-05-13,34100.0,33077.0,37,-42910.11229945021,-0.03397068711421569,1,stop
138040,2021-05-07,2021-05-14,19200.0,19600.0,68,21769.203120000195,0.01665456038237645,5,time
011200,2021-05-13,2021-05-14,47800.0,46366.0,26,-42267.327863799874,-0.03397068711421547,1,stop
180640,2021-05-12,2021-05-17,58400.0,67160.0,21,178391.64424200007,0.1452924843491259,3,target
145020,2021-05-13,2021-05-18,206300.0,200111.0,6,-42097.27907130006,-0.03397068711421558,3,stop
207940,2021-05-13,2021-05-21,1227614.0,1252341.0,1,19623.095872849924,0.015966380554168325,5,time
319400,2021-05-18,2021-05-21,5870.0,5693.9,223,-44519.11397408508,-0.03397068711421569,2,stop
021240,2021-05-14,2021-05-24,76600.0,80800.0,17,65852.83318999992,0.05051234800101456,5,time
180640,2021-05-20,2021-05-24,65700.0,63729.0,20,-44688.8226689999,-0.03397068711421547,2,stop
083650,2021-05-21,2021-05-24,5090.0,5853.5,248,183616.55280459998,0.1452924843491259,1,target
000150,2021-05-21,2021-05-24,78700.0,76339.0,16,-42825.08790320018,-0.03397068711421569,1,stop
031980,2021-05-24,2021-05-25,12400.0,12028.0,106,-44702.426572400145,-0.03397068711421569,1,stop
034020,2021-05-24,2021-05-25,14333.0,13903.01,92,-44846.49190940615,-0.03397068711421569,1,stop
032820,2021-05-24,2021-05-25,1455.0,1411.35,911,-45080.10494054272,-0.0339706871142158,1,stop
214450,2021-05-18,2021-05-26,76000.0,83000.0,17,113354.30765000009,0.08763473914161835,5,time
138040,2021-05-26,2021-05-27,19850.0,19254.5,66,-44556.184610849945,-0.03397068711421558,1,stop
012450,2021-05-26,2021-05-27,50116.0,48612.52,26,-44315.259481635876,-0.03397068711421547,1,stop
083650,2021-05-26,2021-05-28,5550.0,5383.5,236,-44545.98168329988,-0.03397068711421547,2,stop
079550,2021-05-26,2021-05-28,46600.0,45202.0,28,-44375.93289080006,-0.03397068711421558,2,stop
001440,2021-05-26,2021-05-28,12263.0,14102.449999999999,107,190863.49516254244,0.1452924843491259,2,target
032820,2021-05-27,2021-05-28,1505.0,1459.85,850,-43506.98356112512,-0.03397068711421569,1,stop
034020,2021-05-27,2021-05-31,15780.0,18147.0,81,185923.54194164998,0.1452924843491259,2,target
035720,2021-05-28,2021-05-31,125000.0,121250.0,10,-42512.19812500011,-0.03397068711421569,1,stop
000150,2021-05-28,2021-06-01,86000.0,83420.0,15,-43872.588464999804,-0.03397068711421547,2,stop
001440,2021-05-31,2021-06-01,15025.0,17278.75,89,194512.20358081232,0.14529248434912567,1,target
034020,2021-06-02,2021-06-03,18628.0,21422.199999999997,73,197802.35410356964,0.14529248434912567,1,target
000500,2021-06-02,2021-06-03,25669.0,29519.35,53,197891.52083377237,0.14529248434912567,1,target
087010,2021-06-02,2021-06-03,12985.0,12595.449999999999,105,-46369.75498286262,-0.03397068711421569,1,stop
001440,2021-06-03,2021-06-04,18712.0,21518.8,76,206859.83200935996,0.1452924843491259,1,target
336260,2021-06-03,2021-06-04,46800.0,45396.0,30,-47749.70093400008,-0.03397068711421569,1,stop
178320,2021-06-04,2021-06-08,22128.0,21464.16,66,-49669.48378180829,-0.0339706871142158,2,stop
001440,2021-06-07,2021-06-08,29814.0,28919.579999999998,49,-49684.38005603128,-0.0339706871142158,1,stop
000500,2021-06-07,2021-06-08,37017.0,35906.49,40,-50357.569215780124,-0.03397068711421569,1,stop
034020,2021-06-07,2021-06-08,25046.0,28802.899999999998,59,214947.676271545,0.1452924843491259,1,target
032820,2021-06-08,2021-06-09,2620.0,2541.4,570,-50790.173343900125,-0.03397068711421569,1,stop
083650,2021-06-08,2021-06-09,7670.0,7439.9,194,-50605.84045282984,-0.03397068711421547,1,stop
000150,2021-06-08,2021-06-09,102500.0,99425.0,14,-48804.003447499825,-0.03397068711421547,1,stop
047040,2021-06-03,2021-06-10,8870.0,8880.0,162,-4273.64334900002,-0.0029707111396267694,5,time
161390,2021-06-09,2021-06-10,54600.0,52962.0,26,-48280.25316660013,-0.03397068711421569,1,stop
001440,2021-06-10,2021-06-11,28269.0,27420.93,50,-48071.093151825015,-0.03397068711421558,1,stop
145020,2021-06-10,2021-06-11,242500.0,235225.0,5,-41236.832181249745,-0.03397068711421536,1,stop
034020,2021-06-10,2021-06-11,24612.0,23873.64,58,-48548.79421971599,-0.03397068711421558,1,stop
010140,2021-06-08,2021-06-14,6710.0,6508.7,222,-50661.616456770105,-0.03397068711421569,4,stop
032820,2021-06-11,2021-06-14,2170.0,2104.9,637,-47011.34907696489,-0.03397068711421547,1,stop
180640,2021-06-11,2021-06-14,78700.0,76339.0,17,-45501.65589715005,-0.03397068711421558,1,stop
007660,2021-06-14,2021-06-15,3597.0,3489.0899999999997,381,-46608.91160463472,-0.03397068711421569,1,stop
028050,2021-06-09,2021-06-16,21350.0,22150.0,67,47579.71432999987,0.0332238480127538,5,time
064350,2021-06-11,2021-06-16,24650.0,23910.5,56,-46947.07063340023,-0.0339706871142158,3,stop
145020,2021-06-16,2021-06-17,249000.0,241530.0,5,-42342.14933249983,-0.03397068711421547,1,stop
307950,2021-06-14,2021-06-21,124000.0,132500.0,11,87634.41252500005,0.06417429296114441,5,time
214450,2021-06-14,2021-06-21,92700.0,90400.0,14,-37423.71674999967,-0.028803146333089447,5,time
007660,2021-06-17,2021-06-21,3713.0,3601.61,386,-48743.39805785287,-0.03397068711421547,2,stop
035720,2021-06-15,2021-06-22,143500.0,159000.0,9,133795.92172500002,0.10347829123775809,5,time
214150,2021-06-16,2021-06-23,17950.0,18700.0,81,54612.32807249995,0.03751820066991174,5,time
095340,2021-06-22,2021-06-23,24900.0,24153.0,69,-58432.16607884993,-0.03397068711421558,1,stop
028050,2021-06-21,2021-06-24,23750.0,27312.499999999996,57,196915.92334687477,0.14529248434912567,3,target
001440,2021-06-23,2021-06-24,32547.0,31570.59,48,-53131.94927517604,-0.03397068711421558,1,stop
035720,2021-06-24,2021-06-25,172000.0,166840.0,8,-46797.42769599985,-0.03397068711421547,1,stop
078600,2021-06-24,2021-06-25,50900.0,49373.0,30,-51932.90122950007,-0.03397068711421558,1,stop
064760,2021-06-21,2021-06-28,198600.0,192642.0,6,-40526.028228600044,-0.03397068711421558,5,stop
352820,2021-06-21,2021-06-28,313000.0,312000.0,4,-9119.154199999757,-0.007275301800451883,5,time
307950,2021-06-25,2021-06-28,143000.0,138710.0,10,-48633.954654999776,-0.03397068711421547,1,stop
043260,2021-06-23,2021-06-30,1800.0,1895.0,881,76949.3373952501,0.04846824050318532,5,time
039490,2021-06-29,2021-06-30,135000.0,130950.0,9,-41321.8565775,-0.03397068711421558,1,stop
005830,2021-06-29,2021-07-01,55600.0,53932.0,23,-43491.6791697999,-0.03397068711421547,2,stop
263750,2021-06-30,2021-07-01,74500.0,85675.0,19,205898.05318375002,0.1452924843491259,1,target
031980,2021-06-30,2021-07-01,13300.0,12901.0,109,-49303.946897450136,-0.03397068711421569,1,stop
010170,2021-06-25,2021-07-02,3112.0,3304.0,480,85766.58048,0.05735061145901188,5,time
277810,2021-06-29,2021-07-06,23450.0,23650.0,54,5578.610400000121,0.004400380267241211,5,time
237690,2021-07-02,2021-07-06,116400.0,112908.0,12,-47504.83067279984,-0.03397068711421547,2,stop
263750,2021-07-05,2021-07-06,83800.0,81286.0,19,-54150.33748370013,-0.03397068711421569,1,stop
032820,2021-07-06,2021-07-07,3070.0,2977.9,453,-47297.71124353516,-0.03397068711421569,1,stop
138040,2021-07-01,2021-07-08,21300.0,22550.0,67,77654.5595925001,0.054351725742918466,5,time
141080,2021-07-02,2021-07-08,60400.0,58588.0,24,-49300.54592160019,-0.03397068711421569,4,stop
196170,2021-07-06,2021-07-08,80159.0,77754.23,17,-46345.199937225785,-0.0339706871142158,2,stop
012450,2021-07-07,2021-07-08,55005.0,53354.85,25,-46767.669157312484,-0.03397068711421558,1,stop
226950,2021-07-06,2021-07-09,49950.0,48451.5,27,-45867.2608010252,-0.03397068711421569,3,stop
032820,2021-07-12,2021-07-13,2915.0,2827.5499999999997,472,-46793.34652498015,-0.03397068711421569,1,stop
131970,2021-07-08,2021-07-15,51400.0,52700.0,27,29309.04148500017,0.02109480502789607,5,time
086520,2021-07-15,2021-07-16,10052.0,11559.8,142,207626.69498101994,0.1452924843491259,1,target
298040,2021-07-16,2021-07-19,82100.0,79637.0,20,-55844.0234569998,-0.03397068711421547,1,stop
003670,2021-07-13,2021-07-20,157997.0,153257.09,8,-42987.51850979589,-0.03397068711421547,5,stop
078600,2021-07-15,2021-07-20,58200.0,56454.0,24,-47504.83067279984,-0.03397068711421547,3,stop
066970,2021-07-14,2021-07-21,110500.0,113500.0,12,30459.657000000123,0.02294469387075182,5,time
247540,2021-07-15,2021-07-22,64241.0,65699.0,22,26189.444091800135,0.018509389293621004,5,time
010130,2021-07-20,2021-07-23,475500.0,546825.0,2,138332.0724675001,0.1452924843491259,3,target
336260,2021-07-22,2021-07-23,53500.0,51895.0,28,-50946.618232999695,-0.03397068711421536,1,stop
086520,2021-07-19,2021-07-26,11249.0,12936.349999999999,145,237259.86862471234,0.14529248434912567,5,target
043260,2021-07-23,2021-07-26,2040.0,1978.8,631,-43778.72153153992,-0.03397068711421558,1,stop
047050,2021-07-26,2021-07-27,27200.0,26384.0,53,-49028.46785360016,-0.03397068711421569,1,stop
357780,2021-07-21,2021-07-28,350000.0,342000.0,4,-37643.14240000001,-0.026857069199003658,5,time
042700,2021-07-21,2021-07-28,18950.0,19125.0,78,7552.209697500104,0.005103533930344462,5,time
021240,2021-07-26,2021-08-02,86800.0,84196.0,16,-47232.75260479981,-0.03397068711421547,5,stop
131290,2021-07-26,2021-08-02,73300.0,77400.0,20,75750.29870000016,0.05161205633338106,5,time
010130,2021-07-27,2021-08-03,539000.0,522830.0,2,-36662.51966299978,-0.03397068711421536,5,stop
005490,2021-07-28,2021-08-03,363000.0,352110.0,4,-49382.169341999805,-0.03397068711421547,4,stop
138040,2021-08-02,2021-08-03,25350.0,24589.5,60,-51728.842678499874,-0.03397068711421547,1,stop
086520,2021-07-28,2021-08-04,13004.0,13026.0,125,-3919.7312374999747,-0.0024086300448213915,5,time
000250,2021-08-03,2021-08-04,62000.0,60140.0,22,-46389.31059399992,-0.03397068711421558,1,stop
214370,2021-08-06,2021-08-09,15120.0,14666.4,93,-47823.16201236006,-0.03397068711421558,1,stop
196170,2021-08-09,2021-08-10,75488.0,73223.36,18,-46211.91569366376,-0.03397068711421536,1,stop
095340,2021-08-09,2021-08-11,29100.0,28227.0,48,-47504.83067279984,-0.03397068711421547,2,stop
319660,2021-08-09,2021-08-11,23375.0,22673.75,59,-46903.70819131262,-0.03397068711421569,2,stop
086520,2021-08-10,2021-08-12,18258.0,20996.699999999997,75,199185.09298987477,0.14529248434912567,2,target
222800,2021-08-06,2021-08-13,29800.0,30950.0,47,48150.718977499986,0.03433914183266551,5,time
267260,2021-08-12,2021-08-13,24300.0,23571.0,60,-49586.22789299977,-0.03397068711421547,1,stop
066970,2021-08-10,2021-08-18,116100.0,122100.0,11,60571.61747999978,0.04737454472552338,5,time
196170,2023-02-03,2023-02-06,41700.0,40449.0,34,-48219.03560130019,-0.03397068711421569,1,stop
010140,2023-02-03,2023-02-07,5830.0,5655.099999999999,243,-48181.28476936533,-0.0339706871142158,2,stop
086520,2023-02-06,2023-02-07,27174.0,31250.1,52,205541.38626294,0.1452924843491259,1,target
007660,2023-02-03,2023-02-08,7293.0,8386.949999999999,195,206863.17757998756,0.1452924843491259,3,target
196170,2023-02-08,2023-02-09,43650.0,42340.5,38,-56411.986423949944,-0.03397068711421558,1,stop
214370,2023-02-03,2023-02-10,35760.0,37140.0,39,47945.82230099989,0.03433914183266529,5,time
042660,2023-02-03,2023-02-10,20700.0,21988.0,68,81557.17166879983,0.057874024191076456,5,time
247540,2023-02-07,2023-02-10,119500.0,137425.0,12,208589.0556450002,0.1452924843491259,3,target
086520,2023-02-09,2023-02-10,33883.0,38965.45,48,236573.15388851962,0.14529248434912567,1,target
257720,2023-02-07,2023-02-13,3260.0,3162.2,459,-50890.162033890374,-0.0339706871142158,4,stop
100790,2023-02-10,2023-02-13,5990.0,5810.3,269,-54800.263968634885,-0.03397068711421547,1,stop
078600,2023-02-10,2023-02-13,98000.0,95060.0,16,-53327.301327999914,-0.03397068711421558,1,stop
086520,2023-02-13,2023-02-15,36690.0,42193.5,42,224150.32285064994,0.1452924843491259,2,target
082740,2023-02-14,2023-02-16,8740.0,8477.8,182,-54098.6426507805,-0.033970687114215914,2,stop
080220,2023-02-15,2023-02-16,5110.0,4956.7,323,-56134.12669700477,-0.03397068711421547,1,stop
042660,2023-02-15,2023-02-16,23498.0,22793.059999999998,70,-55941.29136631009,-0.03397068711421569,1,stop
066970,2023-02-15,2023-02-16,251000.0,243470.0,6,-51218.69630099996,-0.03397068711421558,1,stop
031980,2023-02-16,2023-02-17,9600.0,9312.0,164,-53544.963782400126,-0.03397068711421569,1,stop
247540,2023-02-13,2023-02-20,132600.0,147300.0,11,155245.66579500027,0.10631243323907325,5,time
214150,2023-02-17,2023-02-21,20100.0,19497.0,78,-53320.499376300024,-0.03397068711421558,2,stop
005490,2023-02-20,2023-02-22,341000.0,330770.0,4,-46389.31059399992,-0.03397068711421558,2,stop
031980,2023-02-20,2023-02-22,9260.0,8982.199999999999,172,-54168.02255812008,-0.03397068711421569,2,stop
028300,2023-02-21,2023-02-22,36339.0,35248.83,45,-55614.62763591739,-0.03397068711421547,1,stop
034220,2023-02-21,2023-02-22,14890.0,14443.3,112,-56717.394055280136,-0.03397068711421569,1,stop
247540,2023-02-22,2023-02-23,159100.0,154327.0,9,-48698.57319615013,-0.03397068711421569,1,stop
086520,2023-02-17,2023-02-24,44244.0,47481.0,35,106614.77404725016,0.06876948089017909,5,time
267270,2023-02-23,2023-02-24,59900.0,58103.0,26,-52966.797887900146,-0.03397068711421569,1,stop
010130,2023-02-22,2023-02-27,604000.0,585880.0,2,-41083.78826799989,-0.03397068711421547,3,stop
108490,2023-02-23,2023-02-27,29847.0,34324.049999999996,53,230101.22023941693,0.14529248434912545,2,target
214370,2023-02-24,2023-02-27,38680.0,37519.6,41,-53935.39580998011,-0.03397068711421569,1,stop
007660,2023-02-27,2023-02-28,9345.0,9064.65,166,-52758.31806829502,-0.03397068711421558,1,stop
277810,2023-02-27,2023-02-28,81100.0,93265.0,19,224138.68608324998,0.1452924843491259,1,target
257720,2023-02-27,2023-02-28,3735.0,3622.95,415,-52715.97591896239,-0.03397068711421547,1,stop
007660,2023-03-02,2023-03-03,8878.0,8611.66,177,-53443.13856545091,-0.03397068711421558,1,stop
277810,2023-03-02,2023-03-06,91300.0,88561.0,17,-52786.54616785003,-0.03397068711421558,2,stop
257720,2023-03-02,2023-03-06,3780.0,3666.6,417,-53608.221933210036,-0.03397068711421558,2,stop
108490,2023-03-02,2023-03-07,37784.0,36650.479999999996,41,-52686.01332172402,-0.03397068711421558,3,stop
005830,2023-03-03,2023-03-07,77100.0,74787.0,21,-55065.19998735003,-0.03397068711421558,2,stop
000250,2023-03-06,2023-03-07,57800.0,56066.0,26,-51109.86507380009,-0.03397068711421569,1,stop
403870,2023-03-07,2023-03-08,17175.0,16659.75,90,-52570.58420137479,-0.03397068711421547,1,stop
006400,2023-03-07,2023-03-08,762666.0,739786.02,2,-51876.17295232206,-0.03397068711421558,1,stop
000150,2023-03-02,2023-03-09,101000.0,107200.0,15,86517.05835000006,0.057041363084169516,5,time
078600,2023-03-07,2023-03-09,101800.0,98746.0,15,-51932.90122950007,-0.03397068711421558,2,stop
003670,2023-03-08,2023-03-09,251051.0,243519.47,6,-51229.103287101025,-0.03397068711421558,1,stop
096770,2023-03-08,2023-03-09,171207.0,166070.79,8,-46581.66978807608,-0.03397068711421569,1,stop
247540,2023-03-06,2023-03-10,199800.0,193806.0,7,-47566.048238099786,-0.03397068711421547,4,stop
310210,2023-03-09,2023-03-10,26248.0,25460.559999999998,57,-50883.22404315602,-0.03397068711421558,1,stop
000990,2023-03-09,2023-03-10,52100.0,50537.0,28,-49613.4356997998,-0.03397068711421547,1,stop
086520,2023-03-09,2023-03-10,65139.0,63184.83,23,-50953.31815542444,-0.03397068711421558,1,stop
226950,2023-03-09,2023-03-10,24950.0,24201.5,60,-50912.60847449978,-0.03397068711421547,1,stop
058610,2023-03-10,2023-03-13,23850.0,23134.5,59,-47856.83167327498,-0.03397068711421558,1,stop
178320,2023-03-10,2023-03-13,18680.0,18119.6,76,-48282.97394728032,-0.0339706871142158,1,stop
298380,2023-03-10,2023-03-13,22050.0,21388.5,64,-47994.571195200086,-0.03397068711421569,1,stop
086520,2023-03-14,2023-03-15,72791.0,83709.65,19,201174.8347556824,0.14529248434912567,1,target
086520,2023-03-20,2023-03-21,72006.0,82806.9,20,209479.26835109992,0.1452924843491259,1,target
058610,2023-03-20,2023-03-21,31200.0,30264.0,46,-48810.80539919995,-0.03397068711421558,1,stop
403870,2023-03-20,2023-03-21,18600.0,21390.0,77,208327.2283785001,0.1452924843491259,1,target
277810,2023-03-20,2023-03-23,124000.0,142600.0,11,198406.88416999998,0.1452924843491259,3,target
067310,2023-03-20,2023-03-24,10889.0,12522.349999999999,132,209076.05436069006,0.1452924843491259,4,target
403870,2023-03-23,2023-03-24,22650.0,26047.499999999996,69,227331.52413862478,0.14529248434912567,1,target
058610,2023-03-23,2023-03-27,33500.0,38525.0,47,229026.12839125004,0.1452924843491259,2,target
036930,2023-03-24,2023-03-27,13390.0,15398.499999999998,130,253201.51266474975,0.14529248434912567,1,target
000250,2023-03-24,2023-03-27,60500.0,69575.0,28,246408.54969500029,0.14529248434912612,1,target
403870,2023-03-27,2023-03-28,26650.0,25850.5,72,-65257.9246098001,-0.03397068711421569,1,stop
000990,2023-03-27,2023-03-29,57800.0,66470.0,33,277449.62673450005,0.1452924843491259,2,target
066970,2023-03-28,2023-03-29,295500.0,286635.0,6,-60299.30182049982,-0.03397068711421547,1,stop
319660,2023-03-23,2023-03-30,20500.0,21650.0,77,81819.94147249986,0.05177443419548555,5,time
240810,2023-03-23,2023-03-30,33300.0,35200.0,47,82622.64631500025,0.05273000258752414,5,time
042700,2023-03-27,2023-03-30,20400.0,23460.0,94,278933.31457800046,0.14529248434912612,3,target
067310,2023-03-30,2023-03-31,14805.0,14360.85,125,-62939.30932406243,-0.03397068711421558,1,stop
036930,2023-03-29,2023-04-03,16130.0,15646.1,124,-68023.59817101993,-0.03397068711421558,3,stop
131970,2023-03-30,2023-04-04,39400.0,38218.0,47,-62979.270790299866,-0.03397068711421547,3,stop
000990,2023-03-31,2023-04-04,70200.0,80730.0,25,255281.58483750024,0.1452924843491259,2,target
000250,2023-03-29,2023-04-05,78500.0,85000.0,25,153978.22437499976,0.07837010434423353,5,time
005490,2023-04-04,2023-04-05,392000.0,380240.0,4,-53327.301327999914,-0.03397068711421558,1,stop
218410,2023-03-30,2023-04-06,26050.0,25900.0,71,-18198.429077500245,-0.009828078289498277,5,time
196170,2023-04-05,2023-04-06,45400.0,52209.99999999999,43,283966.2164784996,0.14529248434912567,1,target
310210,2023-04-05,2023-04-07,30590.0,29672.3,64,-66582.9448009599,-0.03397068711421558,2,stop
214450,2023-04-06,2023-04-07,89800.0,87106.0,22,-67189.67889260012,-0.03397068711421569,1,stop
083650,2023-04-03,2023-04-10,7770.0,8620.0,255,207991.04159249994,0.10485380953382184,5,time
298380,2023-04-06,2023-04-10,25250.0,24492.5,81,-69558.45857212506,-0.03397068711421558,2,stop
272210,2023-04-04,2023-04-11,14390.0,14420.0,132,-3836.1232139999047,-0.0020172448068166426,5,time
078600,2023-04-07,2023-04-12,124900.0,121153.0,15,-63717.28254975029,-0.03397068711421569,3,stop
086520,2023-04-11,2023-04-12,148134.0,143689.98,13,-65494.02035330678,-0.03397068711421547,1,stop
247540,2023-04-12,2023-04-13,290000.0,281300.0,6,-59176.97978999978,-0.03397068711421547,1,stop
036930,2023-04-12,2023-04-13,19100.0,18527.0,97,-63009.879572949605,-0.03397068711421536,1,stop
141080,2023-04-07,2023-04-14,41300.0,45100.0,47,170118.46225000033,0.0875395524612188,5,time
196170,2023-04-10,2023-04-17,50900.0,50500.0,41,-24904.185559999896,-0.011919869144428885,5,time
214450,2023-04-10,2023-04-17,86300.0,99244.99999999999,24,301275.9079859997,0.14529248434912567,5,target
326030,2023-04-14,2023-04-17,76900.0,74593.0,29,-75845.16243084986,-0.03397068711421547,1,stop
047050,2023-04-17,2023-04-18,27450.0,31567.499999999996,80,319429.2651300002,0.1452924843491259,1,target
032820,2023-04-18,2023-04-19,1845.0,1789.6499999999999,1392,-87345.22217004001,-0.03397068711421558,1,stop
310210,2023-04-13,2023-04-20,40705.0,39483.85,44,-60912.15766866994,-0.03397068711421558,5,stop
352820,2023-04-13,2023-04-20,238000.0,257000.0,7,125780.30815000017,0.07541164953498503,5,time
267260,2023-04-17,2023-04-21,47800.0,46366.0,46,-74780.65698980028,-0.03397068711421569,4,stop
006260,2023-04-17,2023-04-21,94600.0,91762.0,23,-73998.43254429987,-0.03397068711421558,4,stop
047050,2023-04-20,2023-04-21,31100.0,30167.0,60,-63462.20936099999,-0.03397068711421558,1,stop
319400,2023-04-20,2023-04-21,4995.0,4845.15,377,-64044.28637772775,-0.03397068711421569,1,stop
003670,2023-04-19,2023-04-24,372701.0,361519.97,6,-76052.826016251,-0.03397068711421558,3,stop
257720,2023-04-21,2023-04-24,3430.0,3327.1,573,-66842.43925831513,-0.03397068711421569,1,stop
042660,2023-04-21,2023-04-24,26474.0,25679.78,74,-66627.70164314611,-0.03397068711421569,1,stop
064350,2023-04-21,2023-04-25,32050.0,36857.5,61,284380.77631712495,0.1452924843491259,2,target
319400,2023-04-24,2023-04-25,4180.0,4054.6,476,-67668.53629228007,-0.03397068711421558,1,stop
032820,2023-04-21,2023-04-26,1696.0,1645.12,1159,-66851.75793214422,-0.03397068711421569,3,stop
047810,2023-04-24,2023-04-26,58100.0,56357.0,34,-67182.8769409,-0.03397068711421558,2,stop
000880,2023-04-25,2023-04-26,29300.0,28421.0,70,-69754.01468349993,-0.03397068711421558,1,stop
079550,2023-04-26,2023-04-27,87300.0,84681.0,22,-65319.142175100045,-0.03397068711421558,1,stop
064350,2023-04-27,2023-04-28,33900.0,32883.0,58,-66869.98716270016,-0.03397068711421569,1,stop
267270,2023-04-28,2023-05-02,67600.0,65572.0,28,-64373.670888800174,-0.03397068711421569,1,stop
086520,2023-04-28,2023-05-02,147153.0,142738.41,13,-65060.29390315642,-0.03397068711421558,1,stop
214150,2023-05-03,2023-05-08,24600.0,23862.0,78,-65257.9246098001,-0.03397068711421569,2,stop
042700,2023-05-04,2023-05-08,22650.0,21970.5,86,-66247.60858214996,-0.03397068711421558,1,stop
352820,2023-05-04,2023-05-08,295000.0,286150.0,6,-60197.27254500007,-0.03397068711421558,1,stop
043260,2023-05-08,2023-05-09,1720.0,1668.3999999999999,1091,-63819.992020420264,-0.03397068711421569,1,stop
267270,2023-05-08,2023-05-09,70300.0,68191.0,26,-62163.03658630024,-0.03397068711421569,1,stop
237690,2023-05-03,2023-05-10,90200.0,87494.0,21,-64421.28455069987,-0.03397068711421547,4,stop
058610,2023-05-09,2023-05-10,31700.0,30749.0,57,-61452.23263365007,-0.03397068711421558,1,stop
319400,2023-05-03,2023-05-11,4400.0,5060.0,438,280329.72666599974,0.14529248434912567,5,target
257720,2023-05-10,2023-05-11,3895.0,4479.25,466,264019.34255897487,0.14529248434912567,1,target
043260,2023-05-11,2023-05-12,1623.0,1574.31,1257,-69383.68242319347,-0.03397068711421558,1,stop
277810,2023-05-10,2023-05-15,112600.0,109222.0,16,-61271.98091359995,-0.03397068711421558,3,stop
058610,2023-05-12,2023-05-15,31750.0,30797.5,63,-68028.01943962486,-0.03397068711421547,1,stop
323410,2023-05-09,2023-05-16,24300.0,25150.0,75,56093.09231250011,0.030742744010753942,5,time
257720,2023-05-15,2023-05-16,4610.0,5301.5,418,280297.7255556502,0.1452924843491259,1,target
214150,2023-05-18,2023-05-22,26500.0,25705.0,74,-66693.13641849998,-0.03397068711421558,2,stop
043260,2023-05-19,2023-05-22,1742.0,1689.74,1151,-68190.99420235679,-0.03397068711421547,1,stop
214450,2023-05-17,2023-05-24,114000.0,115900.0,17,24262.466385000153,0.01250494993183593,5,time
000500,2023-05-18,2023-05-24,18090.0,17547.3,109,-67060.78190788487,-0.03397068711421547,4,stop
067310,2023-05-22,2023-05-24,15045.0,14593.65,128,-65494.63252896024,-0.03397068711421569,2,stop
095340,2023-05-19,2023-05-25,42750.0,49162.49999999999,46,286046.28865124984,0.14529248434912567,4,target
005290,2023-05-24,2023-05-25,36400.0,35308.0,52,-64373.67088879994,-0.03397068711421558,1,stop
007660,2023-05-24,2023-05-25,10589.0,12177.349999999999,181,278789.16412183223,0.14529248434912567,1,target
042660,2023-05-25,2023-05-26,27007.0,26196.79,77,-70724.61918133171,-0.03397068711421569,1,stop
083650,2023-05-25,2023-05-26,8350.0,8099.5,251,-71279.35235222476,-0.03397068711421547,1,stop
082740,2023-05-25,2023-05-26,8970.0,8700.9,234,-71385.80289633013,-0.03397068711421569,1,stop
042700,2023-05-22,2023-05-30,25950.0,27200.0,74,84357.53191499994,0.04387888328042977,5,time
039030,2023-05-26,2023-05-30,94800.0,91956.0,21,-67706.62722180015,-0.03397068711421569,1,stop
257720,2023-05-26,2023-05-30,5350.0,5189.5,379,-68959.88682252518,-0.03397068711421569,1,stop
007660,2023-05-30,2023-05-31,13887.0,13470.39,142,-67065.67931310902,-0.03397068711421558,1,stop
000660,2023-05-30,2023-05-31,113200.0,109804.0,17,-65448.379257400054,-0.03397068711421558,1,stop
131290,2023-05-24,2023-06-01,40600.0,43500.0,47,128077.99554500007,0.06704268728179441,5,time
180640,2023-06-01,2023-06-02,50000.0,48500.0,39,-66319.02907499997,-0.03397068711421558,1,stop
353200,2023-05-26,2023-06-05,24100.0,25450.0,84,104769.29504999984,0.05169380215353603,5,time
196170,2023-06-02,2023-06-05,53400.0,51798.0,36,-65380.35974039999,-0.03397068711421558,1,stop
082740,2023-05-30,2023-06-07,8670.0,9280.0,228,130568.82737399964,0.06597605483775992,5,time
000660,2023-06-02,2023-06-08,111000.0,107670.0,17,-64176.414289499866,-0.03397068711421547,3,stop
047050,2023-06-07,2023-06-08,33550.0,38582.5,68,331851.51432950003,0.1452924843491259,1,target
403870,2023-06-01,2023-06-09,26750.0,28800.0,73,141206.0642675003,0.07222831529475271,5,time
003670,2023-06-05,2023-06-13,368823.0,380940.0,5,52848.8402977502,0.028625181203228323,5,time
180640,2023-06-05,2023-06-13,47150.0,48350.0,42,42135.75281999982,0.021253015229475425,5,time
086520,2023-06-08,2023-06-14,128513.0,147789.94999999998,17,317788.62638619216,0.14529248434912567,4,target
007660,2023-06-13,2023-06-14,18127.0,17583.19,108,-66581.44837158616,-0.03397068711421569,1,stop
003230,2023-06-08,2023-06-15,118300.0,114751.0,18,-72420.3797499002,-0.03397068711421569,5,stop
031980,2023-06-14,2023-06-15,12130.0,13949.499999999998,181,319360.8991215243,0.14529248434912545,1,target
078600,2023-06-14,2023-06-15,111000.0,107670.0,19,-71726.58067649999,-0.03397068711421558,1,stop
067310,2023-06-09,2023-06-16,16488.0,17737.0,136,160173.55989719974,0.0713484797850581,5,time
214150,2023-06-15,2023-06-16,32300.0,31331.0,69,-75797.5487689497,-0.03397068711421547,1,stop
010170,2023-06-16,2023-06-19,2217.0,2150.49,1049,-79094.21668963134,-0.033970687114215914,1,stop
034020,2023-06-13,2023-06-20,18580.0,19270.0,105,64241.23539750022,0.03289119546064767,5,time
031980,2023-06-19,2023-06-20,15750.0,18112.5,143,327611.36720812507,0.1452924843491259,1,target
086280,2023-06-15,2023-06-22,94186.0,94537.0,23,-828.6401072498411,-0.0003820784505652597,5,time
047050,2023-06-15,2023-06-22,36950.0,39200.0,60,125516.30385000026,0.05655034150698923,5,time
353200,2023-06-16,2023-06-23,29200.0,30150.0,79,65375.0210874998,0.028307576031153747,5,time
042660,2023-06-22,2023-06-23,34204.0,33177.88,67,-77939.07524217805,-0.03397068711421558,1,stop
012450,2023-06-20,2023-06-26,139860.0,135664.19999999998,16,-76105.67718096031,-0.03397068711421569,4,stop
087010,2023-06-22,2023-06-26,9303.0,10698.449999999999,247,334243.01548979245,0.1452924843491259,2,target
064350,2023-06-23,2023-06-26,38550.0,37393.5,59,-77353.49522032496,-0.03397068711421558,1,stop
178320,2023-06-23,2023-06-26,20350.0,19739.5,113,-78207.14015867561,-0.0339706871142158,1,stop
131290,2023-06-20,2023-06-27,51700.0,54800.0,44,126675.30061999988,0.055622372253504304,5,time
031980,2023-06-26,2023-06-27,17780.0,17246.6,129,-78005.46229076991,-0.03397068711421558,1,stop
145020,2023-06-27,2023-06-28,114100.0,110677.0,20,-77610.26889700023,-0.03397068711421569,1,stop
087010,2023-06-28,2023-06-29,11105.0,10771.85,207,-78179.42220549751,-0.03397068711421558,1,stop
310210,2023-06-26,2023-06-30,40378.0,39166.659999999996,57,-78275.02363664098,-0.03397068711421558,4,stop
131970,2023-06-27,2023-06-30,42900.0,41613.0,53,-77327.98790145013,-0.03397068711421569,3,stop
098460,2023-06-29,2023-06-30,16930.0,16422.1,134,-77155.21832826966,-0.03397068711421547,1,stop
031980,2023-06-30,2023-07-03,20800.0,23919.999999999996,107,323734.86906799953,0.14529248434912567,1,target
007660,2023-06-30,2023-07-04,27911.0,32097.649999999998,80,324793.8149013999,0.1452924843491259,2,target
267270,2023-06-29,2023-07-06,82600.0,83300.0,27,9704.476214999799,0.0043463937917904705,5,time
036930,2023-06-30,2023-07-06,19150.0,18575.5,116,-75549.27753189998,-0.03397068711421558,4,stop
257720,2023-07-04,2023-07-06,7750.0,7517.5,330,-86979.95736374985,-0.03397068711421558,2,stop
307950,2023-06-30,2023-07-07,139200.0,146400.0,16,105732.87360000052,0.04741891372258911,5,time
298040,2023-07-06,2023-07-07,123500.0,119795.0,18,-75603.69314549956,-0.03397068711421536,1,stop
095340,2023-07-06,2023-07-07,61800.0,59946.0,36,-75664.91071080044,-0.0339706871142158,1,stop
087010,2023-07-03,2023-07-10,13257.0,13112.0,195,-38785.96217924962,-0.014986336682786705,5,time
047050,2023-07-07,2023-07-10,43900.0,42583.0,51,-76144.44830565015,-0.03397068711421569,1,stop
003670,2023-07-10,2023-07-11,395480.0,383615.6,6,-80701.07574948017,-0.03397068711421569,1,stop
086520,2023-07-06,2023-07-12,185609.0,180040.72999999998,12,-75750.20718511846,-0.0339706871142158,4,stop
087010,2023-07-12,2023-07-13,15922.0,15444.34,144,-77976.48597652791,-0.03397068711421558,1,stop
083650,2023-07-12,2023-07-13,8780.0,10097.0,262,334609.4282033001,0.1452924843491259,1,target
247540,2023-07-07,2023-07-14,272500.0,281500.0,8,62853.66440000059,0.02879883316882026,5,time
082740,2023-07-07,2023-07-14,11310.0,12250.0,200,178175.63819999993,0.07867857865504102,5,time
272210,2023-07-12,2023-07-17,17070.0,16557.899999999998,134,-77793.24139773054,-0.0339706871142158,3,stop
042700,2023-07-14,2023-07-17,43250.0,49737.49999999999,54,339720.8782837498,0.1452924843491259,1,target
095340,2023-07-14,2023-07-17,85400.0,82838.0,27,-78419.7011493002,-0.03397068711421569,1,stop
083650,2023-07-17,2023-07-18,11040.0,10708.8,216,-81101.03050944023,-0.03397068711421569,1,stop
007660,2023-07-17,2023-07-19,36226.0,35139.22,65,-80082.43824236514,-0.03397068711421569,2,stop
353200,2023-07-18,2023-07-19,38800.0,37636.0,60,-79174.71778800013,-0.03397068711421569,1,stop
042660,2023-07-13,2023-07-20,41267.0,40028.99,59,-82805.36153715011,-0.03397068711421547,5,stop
010140,2023-07-13,2023-07-20,8250.0,8530.0,295,72382.49682,0.02970697143589396,5,time
087010,2023-07-19,2023-07-20,21126.0,24294.899999999998,107,328808.79057358485,0.14529248434912567,1,target
095340,2023-07-20,2023-07-21,87800.0,85166.0,29,-86595.6470927,-0.03397068711421558,1,stop
403870,2023-07-17,2023-07-24,34350.0,33319.5,69,-80608.22910877503,-0.03397068711421558,5,stop
005490,2023-07-19,2023-07-24,496000.0,570400.0,4,288591.8315199998,0.14529248434912567,3,target
042700,2023-07-20,2023-07-24,43800.0,42486.0,59,-87888.01791569963,-0.03397068711421547,2,stop
247540,2023-07-20,2023-07-24,347000.0,399049.99999999994,7,353321.35018249974,0.14529248434912567,2,target
087010,2023-07-24,2023-07-25,28104.0,27260.88,87,-83155.49200090859,-0.0339706871142158,1,stop
003670,2023-07-24,2023-07-25,494350.0,568502.5,4,287631.7982095005,0.14529248434912612,1,target
310210,2023-07-24,2023-07-25,49453.0,47969.409999999996,49,-82412.3447679244,-0.03397068711421558,1,stop
000250,2023-07-24,2023-07-25,64900.0,62953.0,38,-83874.86641270015,-0.03397068711421569,1,stop
066970,2023-07-21,2023-07-26,263000.0,302450.0,10,382558.7282750001,0.1452924843491259,3,target
047050,2023-07-25,2023-07-26,70500.0,81075.0,35,358921.5444937502,0.1452924843491259,1,target
096770,2023-07-25,2023-07-26,198758.0,192795.25999999998,12,-81116.53895931644,-0.0339706871142158,1,stop
086520,2023-07-25,2023-07-26,225242.0,259028.3,10,327636.0953388498,0.14529248434912567,1,target
000100,2023-07-25,2023-07-26,63453.0,61549.409999999996,39,-84162.82703792024,-0.033970687114215914,1,stop
247540,2023-07-26,2023-07-27,483000.0,468510.0,5,-82133.56677749939,-0.03397068711421536,1,stop
006260,2023-07-26,2023-07-27,138000.0,133860.0,19,-89173.58678699983,-0.03397068711421547,1,stop
005490,2023-07-26,2023-07-27,666000.0,646020.0,4,-90601.99664400006,-0.03397068711421558,1,stop
010120,2023-07-26,2023-07-27,24480.0,23745.6,109,-90748.91880072001,-0.03397068711421558,1,stop
267260,2023-07-26,2023-07-27,82800.0,80316.0,32,-90112.25612160005,-0.03397068711421558,1,stop
031980,2023-07-27,2023-07-28,27550.0,31682.499999999996,94,376696.7066972498,0.14529248434912567,1,target
003670,2023-07-27,2023-07-28,530215.0,514308.55,4,-72129.93641231,-0.03397068711421558,1,stop
036930,2023-07-27,2023-07-28,23750.0,27312.499999999996,109,376558.5200843746,0.14529248434912567,1,target
047050,2023-07-28,2023-07-31,64900.0,74635.0,42,396493.75723650027,0.1452924843491259,1,target
095340,2023-07-28,2023-07-31,106500.0,103305.0,25,-90550.98200624948,-0.03397068711421536,1,stop
031980,2023-07-31,2023-08-01,33600.0,32592.0,85,-97131.87027599989,-0.03397068711421558,1,stop
036930,2023-07-31,2023-08-01,28250.0,27402.5,101,-97038.34344012477,-0.03397068711421547,1,stop
039030,2023-07-28,2023-08-02,156100.0,151417.0,17,-90251.69613144966,-0.03397068711421547,3,stop
006260,2023-07-31,2023-08-02,113200.0,130179.99999999999,25,411650.64677500026,0.1452924843491259,2,target
298040,2023-08-01,2023-08-02,174500.0,169265.0,16,-94955.2457320001,-0.03397068711421558,1,stop
310210,2023-08-02,2023-08-03,55908.0,54230.76,50,-95070.8789109001,-0.03397068711421558,1,stop
323410,2023-08-02,2023-08-03,30150.0,29245.5,94,-96387.0565648498,-0.03397068711421547,1,stop
277810,2023-08-02,2023-08-03,122300.0,118631.0,23,-95666.0496846498,-0.03397068711421547,1,stop
000100,2023-07-28,2023-08-04,66133.0,70345.0,41,161070.8186647999,0.05933563144545029,5,time
000150,2023-08-01,2023-08-04,106500.0,103305.0,26,-94173.02128649969,-0.03397068711421547,3,stop
257720,2023-08-03,2023-08-04,8130.0,7886.099999999999,338,-93456.77577248961,-0.03397068711421547,1,stop
010120,2023-08-03,2023-08-04,21800.0,21146.0,126,-93418.00464780023,-0.03397068711421569,1,stop
298040,2023-08-04,2023-08-07,181300.0,175861.0,15,-92489.53824074985,-0.03397068711421558,1,stop
326030,2023-08-04,2023-08-07,95700.0,92829.0,28,-91132.54887659987,-0.03397068711421558,1,stop
039030,2023-08-04,2023-08-07,168900.0,163833.0,16,-91907.9713704004,-0.03397068711421569,1,stop
257720,2023-08-07,2023-08-08,9010.0,8739.699999999999,296,-90702.6655291603,-0.03397068711421569,1,stop
087010,2023-08-08,2023-08-09,25972.0,29867.8,106,400454.9128594599,0.1452924843491259,1,target
090430,2023-08-03,2023-08-10,120900.0,130500.0,22,199676.9794800002,0.07498593309282509,5,time
310210,2023-08-07,2023-08-10,57081.0,65643.15,46,381937.033976655,0.1452924843491259,3,target
298040,2023-08-09,2023-08-11,189200.0,183524.0,16,-102954.34093119996,-0.03397068711421558,2,stop
108490,2023-08-10,2023-08-11,28094.0,27251.18,106,-101279.83646169445,-0.03397068711421569,1,stop
277810,2023-08-07,2023-08-14,134000.0,139000.0,19,84285.91804999998,0.03306719873152808,5,time
000150,2023-08-07,2023-08-14,106200.0,108600.0,25,48942.39600000018,0.018412869895316986,5,time
196170,2023-08-10,2023-08-14,47400.0,45978.0,63,-101559.94083270011,-0.03397068711421558,2,stop
214150,2023-08-11,2023-08-14,35500.0,34435.0,82,-99002.40699349996,-0.03397068711421558,1,stop
087010,2023-08-11,2023-08-16,36002.0,34921.94,80,-97953.54604136012,-0.03397068711421558,2,stop
310210,2023-08-14,2023-08-16,72924.0,70736.28,37,-91764.72226759791,-0.03397068711421558,1,stop
180640,2023-08-14,2023-08-16,48950.0,47481.5,56,-93227.55000020051,-0.0339706871142158,1,stop
003230,2023-08-14,2023-08-22,161400.0,185610.0,17,399112.0299015003,0.1452924843491259,5,target
196170,2023-09-20,2023-09-21,76200.0,73914.0,36,-93295.56951719988,-0.03397068711421558,1,stop
032820,2023-09-20,2023-09-21,1493.0,1448.21,1884,-95663.05682590231,-0.03397068711421569,1,stop
257720,2023-09-20,2023-09-21,8950.0,8681.5,314,-95577.6243125503,-0.03397068711421569,1,stop
218410,2023-09-20,2023-09-21,18210.0,17663.7,154,-95374.92615188984,-0.03397068711421558,1,stop
083650,2023-09-20,2023-09-21,7980.0,7740.599999999999,352,-95532.0512361601,-0.03397068711421558,1,stop
011200,2023-09-21,2023-09-22,17100.0,16587.0,158,-91887.56551530026,-0.03397068711421569,1,stop
080220,2023-12-13,2023-12-14,12900.0,12513.0,209,-91693.70989185013,-0.03397068711421558,1,stop
098460,2023-12-13,2023-12-14,15860.0,15384.199999999999,170,-91697.11086770007,-0.03397068711421558,1,stop
079550,2023-12-13,2023-12-14,131800.0,127846.0,20,-89649.7234059996,-0.03397068711421547,1,stop
440110,2023-12-14,2023-12-15,22800.0,22116.0,114,-88398.16429320024,-0.03397068711421569,1,stop
068270,2023-12-14,2023-12-15,168074.0,163031.78,15,-85742.34225193504,-0.03397068711421558,1,stop
007660,2023-12-14,2023-12-15,29807.0,28912.79,87,-88194.41183002666,-0.03397068711421569,1,stop
028300,2023-12-15,2023-12-19,40400.0,46460.0,62,364347.1872939998,0.1452924843491259,2,target
277810,2023-12-15,2023-12-19,179100.0,173727.0,14,-85276.06846290082,-0.033970687114215914,2,stop
218410,2023-12-13,2023-12-20,15840.0,16800.0,170,151683.24527999992,0.056264478319351774,5,time
108490,2023-12-13,2023-12-20,27121.0,26974.0,99,-25513.67796614999,-0.00949145863759282,5,time
180640,2023-12-19,2023-12-20,61500.0,70725.0,43,384667.89236625005,0.1452924843491259,1,target
011200,2023-12-20,2023-12-21,18440.0,21206.0,156,418434.8821692001,0.1452924843491259,1,target
086520,2023-12-20,2023-12-21,145386.0,141024.41999999998,19,-93946.31223633979,-0.033970687114215914,1,stop
078600,2023-12-20,2023-12-21,91700.0,88949.0,31,-96679.54048794974,-0.03397068711421547,1,stop
031980,2023-12-15,2023-12-22,27200.0,27300.0,92,-1082.4577400004491,-0.00043207088455465836,5,time
028300,2023-12-21,2023-12-26,49850.0,48354.5,59,-100027.8012122754,-0.03397068711421569,2,stop
454910,2023-12-19,2023-12-27,108700.0,105439.0,24,-88724.6579748001,-0.03397068711421558,5,stop
011200,2023-12-26,2023-12-27,19610.0,19021.7,147,-98038.91053519491,-0.03397068711421558,1,stop
196170,2023-12-22,2023-12-28,87000.0,100049.99999999999,29,366994.55187749956,0.14529248434912567,3,target
009830,2023-12-21,2024-01-02,36700.0,38600.0,80,139519.58120000036,0.047465700648649856,5,time
241560,2023-12-21,2024-01-02,49400.0,49500.0,59,-6062.007215000223,-0.0020774867931397933,5,time
307950,2023-12-28,2024-01-02,213000.0,206610.0,13,-94173.02128649969,-0.03397068711421547,1,stop
196170,2024-01-02,2024-01-03,96900.0,93993.0,30,-98866.36795949982,-0.03397068711421558,1,stop
087010,2024-01-02,2024-01-03,39878.0,38681.659999999996,73,-99005.60391079914,-0.03397068711421558,1,stop
298380,2024-01-02,2024-01-03,24850.0,24104.5,118,-99726.81484955037,-0.03397068711421569,1,stop
141080,2023-12-27,2024-01-04,61100.0,59267.0,43,-89353.83850705018,-0.03397068711421569,4,stop
310210,2023-12-27,2024-01-04,50800.0,49276.0,52,-89840.17805359978,-0.03397068711421547,4,stop
080220,2024-01-03,2024-01-04,16500.0,18975.0,172,412814.3235150003,0.1452924843491259,1,target
068270,2024-01-03,2024-01-04,210208.0,203901.75999999998,13,-92938.60309198452,-0.0339706871142158,1,stop
272210,2024-01-04,2024-01-05,19110.0,18536.7,145,-94239.34031557525,-0.03397068711421569,1,stop
237690,2024-01-04,2024-01-05,68500.0,66445.0,40,-93186.73829000024,-0.03397068711421569,1,stop
326030,2024-01-04,2024-01-05,102800.0,99716.0,27,-94397.48569259979,-0.03397068711421547,1,stop
066970,2024-01-05,2024-01-08,211500.0,205155.0,12,-86316.76707299985,-0.03397068711421558,1,stop
005290,2024-01-05,2024-01-08,42600.0,41322.0,62,-89826.5741502,-0.03397068711421558,1,stop
180640,2024-01-08,2024-01-09,82600.0,80122.0,31,-87085.38761510001,-0.03397068711421558,1,stop
222800,2024-01-03,2024-01-10,41100.0,39867.0,69,-96448.27413015021,-0.03397068711421569,5,stop
440110,2024-01-09,2024-01-10,26700.0,25899.0,96,-87173.81298719998,-0.03397068711421558,1,stop
950160,2024-01-04,2024-01-11,10240.0,11776.0,271,403656.1875712001,0.1452924843491259,5,target
080220,2024-01-10,2024-01-11,20350.0,19739.5,128,-88588.61894079996,-0.03397068711421558,1,stop
100790,2024-01-05,2024-01-12,6210.0,6590.0,432,152681.72500800015,0.056847647113455135,5,time
267260,2024-01-08,2024-01-15,90200.0,95600.0,28,140403.84091999987,0.05552840551216076,5,time
377300,2024-01-12,2024-01-15,56900.0,55193.0,50,-96757.7629324994,-0.03397068711421536,1,stop
226950,2024-01-12,2024-01-15,17650.0,17120.5,163,-97844.37471657526,-0.03397068711421569,1,stop
214450,2024-01-11,2024-01-16,121100.0,117467.0,23,-94727.38035004959,-0.03397068711421547,3,stop
257720,2024-01-10,2024-01-17,8690.0,8570.0,301,-46733.13719200017,-0.01784594077430246,5,time
000880,2024-02-02,2024-02-05,31000.0,30070.0,87,-91724.31867449963,-0.03397068711421547,1,stop
028260,2024-02-02,2024-02-05,152900.0,148313.0,17,-88401.56526904972,-0.03397068711421547,1,stop
034730,2024-02-02,2024-02-05,195600.0,189732.0,13,-86480.01391380001,-0.03397068711421558,1,stop
000270,2024-02-05,2024-02-06,119600.0,116012.0,22,-89486.4765651999,-0.03397068711421558,1,stop
086790,2024-02-05,2024-02-06,55800.0,54126.0,47,-89193.99264209997,-0.03397068711421558,1,stop
006260,2024-02-05,2024-02-06,104000.0,100880.0,25,-88425.3720999998,-0.03397068711421547,1,stop
000810,2024-02-02,2024-02-13,292000.0,335800.0,9,382267.8090900006,0.14529248434912612,5,target
003550,2024-02-02,2024-02-13,89900.0,93000.0,30,81672.98595000012,0.030248111858284243,5,time
042700,2024-02-13,2024-02-14,82200.0,79734.0,36,-100641.67735320004,-0.03397068711421558,1,stop
031980,2024-02-13,2024-02-14,34400.0,33368.0,88,-102954.34093119996,-0.03397068711421558,1,stop
005380,2024-02-06,2024-02-15,234000.0,240000.0,10,50233.329000000376,0.021442572440692143,5,time
032830,2024-02-06,2024-02-15,76000.0,79400.0,33,101590.94319000049,0.04046022033547603,5,time
402340,2024-02-06,2024-02-15,59300.0,62400.0,42,119609.18696999969,0.047969074321950966,5,time
131290,2024-02-14,2024-02-16,55300.0,53641.0,53,-99679.20118765067,-0.0339706871142158,2,stop
080220,2024-02-15,2024-02-16,33500.0,32495.0,75,-85449.51823124941,-0.03397068711421536,1,stop
178320,2024-02-15,2024-02-16,22750.0,22067.5,111,-85883.1426521251,-0.03397068711421558,1,stop
403870,2024-02-14,2024-02-19,57500.0,55775.0,51,-99733.6168012498,-0.03397068711421547,3,stop
214370,2024-02-16,2024-02-19,26100.0,25317.0,99,-87877.8149881498,-0.03397068711421547,1,stop
003670,2024-02-16,2024-02-19,300487.0,291472.39,8,-81755.9224191159,-0.03397068711421558,1,stop
196170,2024-02-19,2024-02-20,91800.0,89046.0,28,-87418.68324840069,-0.0339706871142158,1,stop
214150,2024-02-19,2024-02-20,32650.0,31670.5,80,-88833.48920199974,-0.03397068711421547,1,stop
042700,2024-02-16,2024-02-21,75500.0,73235.0,34,-87303.05006950023,-0.03397068711421569,3,stop
098460,2024-02-20,2024-02-21,19460.0,18876.2,131,-86699.71695370972,-0.03397068711421547,1,stop
079550,2024-02-15,2024-02-22,129300.0,138000.0,19,154744.6393950004,0.06291645879269248,5,time
298040,2024-02-21,2024-02-22,186000.0,180420.0,13,-82235.59605299961,-0.03397068711421547,1,stop
178320,2024-02-19,2024-02-23,21750.0,21097.5,121,-89505.18193237484,-0.03397068711421547,4,stop
257720,2024-02-22,2024-02-23,10230.0,9923.1,252,-87675.79702265933,-0.03397068711421536,1,stop
310210,2024-02-22,2024-02-26,42450.0,41176.5,60,-86622.85489950003,-0.03397068711421558,2,stop
031980,2024-02-23,2024-02-26,41900.0,40643.0,60,-85500.53286899999,-0.03397068711421558,1,stop
196170,2024-02-23,2024-02-26,119800.0,137770.0,21,365947.24281149963,0.14529248434912567,1,target
267260,2024-02-20,2024-02-27,127000.0,129000.0,20,29472.650000000373,0.01159007518683497,5,time
257720,2024-02-26,2024-02-27,9840.0,9544.8,264,-88349.1902409601,-0.03397068711421558,1,stop
032830,2024-02-26,2024-02-27,93600.0,90792.0,27,-85949.46168120019,-0.03397068711421569,1,stop
145020,2024-02-21,2024-02-28,179500.0,185900.0,13,73391.57254000008,0.03141515243067694,5,time
087010,2024-02-27,2024-02-28,28248.0,27400.559999999998,89,-85502.98157161195,-0.03397068711421558,1,stop
298040,2024-02-27,2024-02-28,197000.0,191090.0,12,-80399.06909399992,-0.03397068711421558,1,stop
298380,2024-02-27,2024-02-28,23950.0,23231.5,106,-86340.5739039504,-0.03397068711421569,1,stop
226950,2024-02-26,2024-02-29,16600.0,16102.0,156,-88071.67061159993,-0.03397068711421558,3,stop
064350,2024-02-28,2024-03-04,33500.0,32495.0,72,-82031.53750200011,-0.03397068711421558,2,stop
043260,2024-02-28,2024-03-04,1570.0,1522.8999999999999,1556,-83083.1192348199,-0.03397068711421558,2,stop
036930,2024-02-29,2024-03-04,39450.0,38266.5,69,-92576.26312492508,-0.03397068711421558,1,stop
196170,2024-02-28,2024-03-05,153300.0,176295.0,15,334484.33295375016,0.1452924843491259,3,target
039030,2024-03-04,2024-03-05,211500.0,205155.0,11,-79123.70315024955,-0.03397068711421536,1,stop
042700,2024-03-05,2024-03-06,96000.0,93120.0,26,-84888.35721600009,-0.03397068711421558,1,stop
012450,2024-02-28,2024-03-07,183458.0,210976.69999999998,13,346914.4369712444,0.14529248434912567,5,target
298040,2024-03-06,2024-03-07,237000.0,229890.0,10,-80603.12764499988,-0.03397068711421558,1,stop
141080,2024-03-07,2024-03-08,75000.0,72750.0,33,-84174.15228749998,-0.03397068711421558,1,stop
010120,2024-03-07,2024-03-08,16060.0,15578.199999999999,158,-86299.08199858014,-0.03397068711421569,1,stop
319660,2024-03-04,2024-03-11,25850.0,25400.0,94,-52133.51366499998,-0.021430355648211385,5,time
082740,2024-03-04,2024-03-11,9040.0,9200.0,270,33069.75768000027,0.013533171990377069,5,time
240810,2024-03-08,2024-03-11,35300.0,34241.0,69,-82837.56877845014,-0.03397068711421569,1,stop
007660,2024-03-05,2024-03-12,36274.0,36469.0,69,3157.9246180499904,0.001260253762505048,5,time
079550,2024-03-08,2024-03-12,178700.0,173339.0,13,-79008.06997135002,-0.03397068711421558,2,stop
141080,2024-03-11,2024-03-12,81500.0,79055.0,30,-83153.85953249969,-0.03397068711421547,1,stop
028300,2024-03-12,2024-03-13,99300.0,96321.0,24,-81052.05645720009,-0.03397068711421558,1,stop
298380,2024-03-12,2024-03-13,27850.0,27014.5,86,-81456.77258335007,-0.03397068711421558,1,stop
237690,2024-03-12,2024-03-13,78000.0,75660.0,30,-79582.83489000006,-0.03397068711421558,1,stop
095340,2024-03-11,2024-03-14,91500.0,88755.0,26,-80909.2154714996,-0.03397068711421547,3,stop
010120,2024-03-11,2024-03-14,15840.0,18216.0,154,354828.31156079983,0.14529248434912567,3,target
000150,2024-03-13,2024-03-14,116400.0,133860.0,19,321698.4347730004,0.14529248434912612,1,target
078600,2024-03-13,2024-03-15,93500.0,90695.0,24,-76317.89807399968,-0.03397068711421547,2,stop
006400,2024-03-13,2024-03-15,443990.0,430670.3,5,-75499.96338207508,-0.03397068711421558,2,stop
214370,2024-03-14,2024-03-15,25350.0,24589.5,104,-89663.32730939984,-0.03397068711421547,1,stop
058470,2024-03-14,2024-03-15,46353.0,53305.95,56,377579.3555045398,0.14529248434912567,1,target
032820,2024-03-14,2024-03-18,1519.0,1473.43,1736,-89683.18900836352,-0.03397068711421536,2,stop
028300,2024-03-15,2024-03-18,104200.0,101074.0,23,-81507.78722110018,-0.03397068711421569,1,stop
083650,2024-03-15,2024-03-18,10420.0,10107.4,236,-83634.07732251985,-0.03397068711421558,1,stop
267260,2024-03-15,2024-03-19,153600.0,148992.0,16,-83582.38248959975,-0.03397068711421547,2,stop
950160,2024-03-15,2024-03-20,12530.0,12154.1,197,-83950.02797898464,-0.03397068711421547,3,stop
000150,2024-03-18,2024-03-20,144300.0,139971.0,16,-78521.73042479996,-0.03397068711421558,2,stop
237690,2024-03-19,2024-03-20,94100.0,91277.0,26,-83208.27514609974,-0.03397068711421547,1,stop
214150,2024-03-20,2024-03-21,35900.0,34823.0,65,-79361.77145974943,-0.03397068711421536,1,stop
000250,2024-03-20,2024-03-22,87100.0,84487.0,27,-79980.74906444969,-0.03397068711421547,2,stop
042660,2024-03-18,2024-03-25,28050.0,30000.0,87,159148.82094749995,0.0651406504060692,5,time
058470,2024-03-18,2024-03-25,50357.0,48846.29,48,-82206.21162165608,-0.03397068711421558,5,stop
237690,2024-03-22,2024-03-25,91900.0,89143.0,24,-75011.9233475998,-0.03397068711421547,1,stop
950160,2024-03-25,2024-03-26,15280.0,14821.6,155,-80548.71203139983,-0.03397068711421547,1,stop
402340,2024-03-25,2024-03-26,79300.0,76921.0,30,-80909.2154714996,-0.03397068711421547,1,stop
277810,2024-03-20,2024-03-27,191900.0,189900.0,12,-33366.581759999506,-0.014472923950884509,5,time
005290,2024-03-25,2024-03-27,44550.0,43213.5,53,-80302.14128227532,-0.03397068711421569,2,stop
000250,2024-03-26,2024-03-27,118100.0,135815.0,19,326396.77961075027,0.1452924843491259,1,target
257720,2024-03-21,2024-03-28,10670.0,11410.0,218,151311.76148199989,0.06497593793435685,5,time
043260,2024-03-26,2024-03-28,1957.0,2250.5499999999997,1180,335904.01857654937,0.14529248434912567,2,target
042700,2024-03-27,2024-03-28,110300.0,126844.99999999999,21,336928.05410774983,0.14529248434912567,1,target
031980,2024-03-27,2024-03-29,47450.0,46026.5,50,-80688.15204124991,-0.03397068711421558,2,stop
007660,2024-03-28,2024-03-29,41964.0,40705.08,63,-89912.68685872201,-0.03397068711421558,1,stop
267260,2024-03-27,2024-04-01,180000.0,174600.0,13,-79582.83489000006,-0.03397068711421558,3,stop
095340,2024-03-29,2024-04-01,99600.0,96612.0,25,-84684.29866499966,-0.03397068711421547,1,stop
352820,2024-03-28,2024-04-02,226500.0,219705.0,11,-84735.31330274977,-0.03397068711421547,3,stop
000250,2024-03-29,2024-04-02,136600.0,132502.0,18,-83623.19419980049,-0.0339706871142158,2,stop
064760,2024-04-01,2024-04-02,131500.0,127555.0,17,-76028.81512674969,-0.03397068711421547,1,stop
080220,2024-04-02,2024-04-03,28750.0,27887.5,82,-80178.00566374976,-0.03397068711421547,1,stop
240810,2024-04-02,2024-04-03,42500.0,41225.0,56,-80943.22522999998,-0.03397068711421558,1,stop
084370,2024-03-28,2024-04-04,42450.0,46500.0,62,239573.69206500007,0.09092232339292994,5,time
067310,2024-04-03,2024-04-04,23935.0,27525.249999999996,96,334231.2332627997,0.14529248434912567,1,target
042700,2024-04-01,2024-04-05,134100.0,130077.0,17,-77532.04645244963,-0.03397068711421547,4,stop
064350,2024-04-02,2024-04-05,38400.0,37248.0,62,-80970.43303680047,-0.0339706871142158,3,stop
064760,2024-04-04,2024-04-05,132300.0,128331.0,20,-89989.82099100016,-0.03397068711421569,1,stop
353200,2024-04-03,2024-04-08,26150.0,25365.5,88,-78263.25626019994,-0.03397068711421558,3,stop
012450,2024-04-05,2024-04-08,229706.0,222814.82,10,-78122.45586000988,-0.03397068711421558,1,stop
039030,2024-04-04,2024-04-09,222500.0,255874.99999999997,12,388377.1119749993,0.14529248434912567,3,target
267260,2024-04-05,2024-04-09,193100.0,222064.99999999997,12,337058.96774099953,0.14529248434912567,2,target
440110,2024-04-08,2024-04-09,20600.0,19982.0,113,-79167.91583630024,-0.03397068711421569,1,stop
084370,2024-04-09,2024-04-11,49050.0,47578.5,54,-90081.64733895008,-0.03397068711421558,1,stop
010120,2024-04-08,2024-04-12,23160.0,26633.999999999996,100,336884.4162299996,0.14529248434912567,3,target
000500,2024-04-09,2024-04-12,35750.0,41112.5,74,384813.3519587498,0.1452924843491259,2,target
039030,2024-04-11,2024-04-12,244000.0,280600.0,10,354921.4057,0.1452924843491259,1,target
267260,2024-04-11,2024-04-12,210500.0,242074.99999999997,12,367430.9306549998,0.1452924843491259,1,target
001440,2024-04-05,2024-04-15,12630.0,13380.0,191,132941.4810314998,0.05504584946754121,5,time
214450,2024-04-12,2024-04-15,127500.0,123675.0,22,-95397.37259249948,-0.03397068711421536,1,stop
006260,2024-04-12,2024-04-16,116200.0,112714.0,25,-98798.34844249999,-0.03397068711421558,2,stop
298040,2024-04-12,2024-04-16,325000.0,315250.0,8,-88425.3720999998,-0.03397068711421547,2,stop
000500,2024-04-15,2024-04-16,45100.0,43747.0,63,-96631.92682605004,-0.03397068711421558,1,stop
010120,2024-04-15,2024-04-16,27860.0,27024.2,102,-96646.21092461981,-0.03397068711421547,1,stop
267260,2024-04-16,2024-04-17,234000.0,226980.0,11,-87541.11837900011,-0.03397068711421558,1,stop
161390,2024-04-12,2024-04-19,60000.0,58200.0,48,-97948.10447999975,-0.03397068711421547,5,stop
440110,2024-04-18,2024-04-19,20500.0,19885.0,131,-91333.20645174943,-0.03397068711421536,1,stop
010120,2024-04-18,2024-04-19,29180.0,33557.0,92,390495.0036418,0.1452924843491259,1,target
003230,2024-04-16,2024-04-22,242500.0,278875.0,11,388013.46299375035,0.1452924843491259,4,target
042660,2024-04-19,2024-04-22,33250.0,32252.5,84,-94989.25549049955,-0.03397068711421547,1,stop
031980,2024-04-19,2024-04-22,51100.0,49567.0,55,-95584.42626424972,-0.03397068711421547,1,stop
090430,2024-04-19,2024-04-22,145000.0,140650.0,19,-93696.88466749992,-0.03397068711421558,1,stop
082740,2024-04-16,2024-04-23,10840.0,11610.0,250,180826.37837500032,0.0666489445927605,5,time
010120,2024-04-22,2024-04-23,33420.0,32417.399999999998,84,-95474.91484188009,-0.03397068711421558,1,stop
042660,2024-04-24,2024-04-25,35050.0,33998.5,80,-95363.36283400003,-0.03397068711421558,1,stop
226950,2024-04-24,2024-04-25,16400.0,15908.0,171,-95376.96673740027,-0.03397068711421569,1,stop
003670,2024-04-25,2024-04-26,281100.0,272667.0,10,-95601.43114349991,-0.03397068711421558,1,stop
440110,2024-04-22,2024-04-29,18800.0,20100.0,149,181649.08487500018,0.06477238369183302,5,time
082740,2024-04-26,2024-04-30,13010.0,12619.699999999999,216,-95572.8629463599,-0.03397068711421558,2,stop
131290,2024-04-29,2024-04-30,79000.0,76630.0,37,-99410.52409549989,-0.03397068711421558,1,stop
267260,2024-04-24,2024-05-02,245000.0,237650.0,11,-91656.2991574998,-0.03397068711421547,5,stop
003230,2024-04-24,2024-05-02,282000.0,302500.0,9,173554.8531750003,0.06830396705399511,5,time
000500,2024-04-30,2024-05-02,50300.0,48791.0,55,-94087.99689024966,-0.03397068711421547,1,stop
272210,2024-04-30,2024-05-02,20150.0,19545.5,138,-94570.93546095025,-0.03397068711421569,1,stop
087010,2024-04-25,2024-05-03,26844.0,30870.6,108,421709.46851555957,0.14529248434912567,5,target
131290,2024-05-02,2024-05-03,82000.0,79540.0,32,-89241.60630399967,-0.03397068711421547,1,stop
090430,2024-05-02,2024-05-07,172400.0,167228.0,15,-87949.23548100004,-0.03397068711421558,2,stop
218410,2024-05-03,2024-05-07,17670.0,17139.899999999998,170,-102161.91355814971,-0.03397068711421547,1,stop
214450,2024-05-07,2024-05-08,139000.0,134830.0,19,-89819.77219849918,-0.03397068711421525,1,stop
131290,2024-05-07,2024-05-08,82000.0,79540.0,33,-92030.40650099935,-0.03397068711421536,1,stop
257720,2024-05-03,2024-05-09,14850.0,17077.5,203,438495.2145708748,0.1452924843491259,3,target
278470,2024-05-02,2024-05-10,57900.0,66585.0,46,387417.0786644998,0.14529248434912567,5,target
011070,2024-05-02,2024-05-10,222500.0,234000.0,12,126650.97509999992,0.047380327650983656,5,time
043260,2024-05-08,2024-05-10,1911.0,2197.6499999999996,1370,380823.3953364738,0.14529248434912545,2,target
214150,2024-05-10,2024-05-13,48500.0,47045.0,63,-103916.81709674979,-0.03397068711421547,1,stop
005290,2024-05-10,2024-05-13,47950.0,46511.5,64,-104369.1468848004,-0.03397068711421569,1,stop
259960,2024-05-10,2024-05-13,265000.0,257050.0,11,-99138.44602749962,-0.03397068711421547,1,stop
257720,2024-05-13,2024-05-14,26000.0,25220.0,114,-100804.92419399973,-0.03397068711421547,1,stop
000500,2024-05-13,2024-05-14,66800.0,64796.0,44,-99961.4821832003,-0.03397068711421569,1,stop
043260,2024-05-13,2024-05-14,2125.0,2061.25,1403,-101395.84374793759,-0.03397068711421558,1,stop
009830,2024-05-08,2024-05-16,28250.0,30000.0,92,149874.14214999974,0.057599831642132227,5,time
001440,2024-05-14,2024-05-16,18430.0,17877.1,156,-97780.77646818012,-0.03397068711421558,1,stop
032820,2024-05-14,2024-05-16,1738.0,1998.6999999999998,1658,419156.9435863695,0.14529248434912567,1,target
011200,2024-05-14,2024-05-16,18560.0,18003.2,155,-97839.27325279964,-0.03397068711421547,1,stop
218410,2024-05-10,2024-05-17,17600.0,17072.0,174,-104151.48443039926,-0.03397068711421536,4,stop
083650,2024-05-16,2024-05-17,9960.0,9661.199999999999,291,-98572.52364606038,-0.03397068711421569,1,stop
007660,2024-05-17,2024-05-20,49209.0,47732.729999999996,58,-97067.99994953722,-0.03397068711421569,1,stop
214150,2024-05-17,2024-05-20,49250.0,47772.5,58,-97148.87515524961,-0.03397068711421547,1,stop
010120,2024-05-17,2024-05-20,38900.0,44735.0,74,418719.9829704999,0.1452924843491259,1,target
001440,2024-05-20,2024-05-22,19200.0,18624.0,154,-100560.05393279996,-0.03397068711421558,2,stop
000810,2024-05-20,2024-05-22,365500.0,354535.0,8,-99444.53385399934,-0.03397068711421536,2,stop
257720,2024-05-16,2024-05-23,28400.0,31450.0,102,298311.1958850003,0.1028612563619109,5,time
263750,2024-05-16,2024-05-23,38700.0,40900.0,75,152618.54625000013,0.05252134838510836,5,time
032820,2024-05-20,2024-05-23,1970.0,2265.5,1506,431552.42822084995,0.1452924843491259,3,target
007660,2024-05-22,2024-05-23,51543.0,49996.71,55,-96413.0740301027,-0.03397068711421569,1,stop
003230,2024-05-22,2024-05-24,493500.0,478695.0,5,-83919.0790987499,-0.03397068711421558,2,stop
336260,2024-05-23,2024-05-24,25000.0,24250.0,128,-108831.22720000008,-0.03397068711421558,1,stop
196170,2024-05-23,2024-05-24,192300.0,186531.0,16,-104641.2249528002,-0.03397068711421569,1,stop
005380,2024-05-23,2024-05-27,273500.0,265295.0,11,-102318.35844724951,-0.03397068711421547,2,stop
178320,2024-05-24,2024-05-27,30050.0,34557.5,99,432735.0147078745,0.14529248434912567,1,target
950160,2024-05-24,2024-05-27,15660.0,15190.199999999999,191,-101725.22825901024,-0.03397068711421569,1,stop
000150,2024-05-24,2024-05-28,193000.0,221949.99999999997,15,421105.52028749976,0.14529248434912567,2,target
010120,2024-05-27,2024-05-28,47000.0,45590.0,65,-103899.81221749913,-0.03397068711421536,1,stop
336260,2024-05-27,2024-05-28,26400.0,25608.0,116,-104151.48443039926,-0.03397068711421536,1,stop
083650,2024-05-27,2024-05-28,11070.0,10737.9,278,-104663.6713934103,-0.03397068711421569,1,stop
034020,2024-05-28,2024-05-29,21900.0,21243.0,142,-105763.54698329931,-0.03397068711421536,1,stop
178320,2024-05-29,2024-05-30,32400.0,31428.0,95,-104682.036663,-0.03397068711421558,1,stop
084370,2024-05-29,2024-05-31,56500.0,54805.0,54,-103763.77318349993,-0.03397068711421558,2,stop
267260,2024-05-27,2024-06-03,285000.0,291000.0,10,48143.24700000044,0.016872960932404757,5,time
087010,2024-05-28,2024-06-04,34015.0,38571.0,91,400688.32541919965,0.1292991305326967,5,time
950160,2024-05-29,2024-06-05,14090.0,14190.0,219,9189.580982999876,0.00297468774734444,5,time
310210,2024-05-30,2024-06-05,41350.0,47552.49999999999,73,439077.05294087436,0.14529248434912567,4,target
078600,2024-05-31,2024-06-10,117600.0,123100.0,25,125045.93512500031,0.04248376828880063,5,time
272210,2024-06-19,2024-06-20,21400.0,20758.0,149,-108443.51595310029,-0.03397068711421569,1,stop
047050,2024-06-19,2024-06-20,67000.0,64990.0,47,-107096.72951649968,-0.03397068711421547,1,stop
003230,2024-06-19,2024-06-20,695000.0,674150.0,4,-94547.12863000017,-0.03397068711421569,1,stop
007660,2024-06-19,2024-06-20,55044.0,53392.68,58,-108577.92251869151,-0.03397068711421547,1,stop
000250,2024-06-20,2024-06-21,161600.0,156752.0,19,-104423.56249839952,-0.03397068711421547,1,stop
012450,2024-06-20,2024-06-21,258228.0,250481.16,12,-105387.26301525533,-0.03397068711421536,1,stop
082740,2024-06-20,2024-06-21,15880.0,15403.6,197,-106394.7681010603,-0.03397068711421569,1,stop
000990,2024-06-21,2024-06-24,55900.0,54223.0,54,-102661.85700810002,-0.03397068711421558,1,stop
141080,2024-06-21,2024-06-24,74900.0,72653.0,40,-101893.23646599986,-0.03397068711421558,1,stop
096770,2024-06-21,2024-06-24,124800.0,121056.0,24,-101866.02865919983,-0.03397068711421558,1,stop
078930,2024-06-24,2024-06-25,50800.0,49276.0,58,-100206.35244440008,-0.03397068711421558,1,stop
310210,2024-06-24,2024-06-25,51000.0,49470.0,57,-98866.36795949982,-0.03397068711421558,1,stop
145020,2024-06-24,2024-06-25,248000.0,240560.0,11,-92778.62118799984,-0.03397068711421558,1,stop
079550,2024-06-19,2024-06-26,203000.0,200000.0,15,-57346.3567499998,-0.01881132203972935,5,time
000250,2024-06-25,2024-06-26,147300.0,142881.0,19,-95183.11111395014,-0.03397068711421569,1,stop
034220,2024-06-25,2024-06-26,11800.0,11446.0,242,-97118.2663726001,-0.03397068711421558,1,stop
086280,2024-06-20,2024-06-27,106291.0,114795.0,29,233256.51219139947,0.07558577490799778,5,time
028300,2024-06-26,2024-06-27,72000.0,69840.0,39,-95499.4018679997,-0.03397068711421547,1,stop
000500,2024-06-28,2024-07-01,55500.0,53835.0,53,-100039.70462774951,-0.03397068711421547,1,stop
087010,2024-06-28,2024-07-01,44967.0,51712.049999999996,66,431698.17873253487,0.1452924843491259,1,target
010120,2024-06-28,2024-07-01,43600.0,42292.0,68,-100832.13200080022,-0.03397068711421569,1,stop
329180,2024-06-25,2024-07-02,152000.0,153300.0,18,12118.340430000331,0.004424129580783864,5,time
007660,2024-07-01,2024-07-02,56794.0,55090.18,54,-104303.71210944606,-0.03397068711421558,1,stop
021240,2024-06-26,2024-07-03,61000.0,63700.0,47,114776.3530550003,0.039987615866561965,5,time
298380,2024-07-02,2024-07-03,24250.0,23522.5,122,-100617.87052224996,-0.03397068711421558,1,stop
036930,2024-07-02,2024-07-03,38550.0,37393.5,76,-99641.79045329988,-0.03397068711421558,1,stop
347850,2024-07-03,2024-07-04,7870.0,7633.9,371,-99300.67257554457,-0.03397068711421547,1,stop
000250,2024-07-03,2024-07-04,162500.0,186875.0,17,401832.1242812504,0.14529248434912612,1,target
000500,2024-07-03,2024-07-04,49700.0,48209.0,58,-98036.52985210018,-0.03397068711421569,1,stop
087010,2024-07-03,2024-07-05,57468.0,66088.2,50,417963.5930894995,0.14529248434912567,2,target
178320,2024-07-04,2024-07-05,34150.0,33125.5,88,-102206.1262442004,-0.03397068711421569,1,stop
028300,2024-07-04,2024-07-05,78400.0,90160.0,38,433353.21797600016,0.1452924843491259,1,target
207940,2024-07-04,2024-07-08,1192113.0,1156349.6099999999,2,-81086.95046942122,-0.03397068711421569,2,stop
298380,2024-07-05,2024-07-08,29400.0,28518.0,116,-115986.88038840005,-0.03397068711421558,1,stop
310210,2024-07-05,2024-07-08,57000.0,65550.0,60,497471.8063500002,0.1452924843491259,1,target
000150,2024-07-05,2024-07-08,229500.0,222615.0,14,-109273.35406049946,-0.03397068711421547,1,stop
003490,2024-07-02,2024-07-09,23200.0,22504.0,127,-100206.35244440008,-0.03397068711421558,5,stop
028300,2024-07-08,2024-07-09,95400.0,92538.0,33,-107069.52170970012,-0.03397068711421558,1,stop
000250,2024-07-08,2024-07-10,196700.0,226204.99999999997,16,457790.42951599974,0.14529248434912567,2,target
087010,2024-07-08,2024-07-10,64058.0,73666.7,50,465892.5288182497,0.14529248434912567,2,target
086520,2024-07-09,2024-07-10,103006.0,99915.81999999999,29,-101593.06633747928,-0.03397068711421569,1,stop
347850,2024-07-08,2024-07-11,8758.0,8495.26,366,-109015.8321691379,-0.03397068711421558,3,stop
032820,2024-07-10,2024-07-11,2925.0,2837.25,1160,-115395.11059049983,-0.03397068711421558,1,stop
310210,2024-07-10,2024-07-11,70900.0,68773.0,47,-113330.71824955009,-0.03397068711421558,1,stop
006260,2024-07-11,2024-07-12,159800.0,155006.0,20,-108695.18816599995,-0.03397068711421558,1,stop
298040,2024-07-11,2024-07-12,394000.0,382180.0,8,-107198.75879199989,-0.03397068711421558,1,stop
353200,2024-07-11,2024-07-12,24900.0,24153.0,130,-110089.58826449933,-0.03397068711421536,1,stop
131970,2024-07-09,2024-07-15,42400.0,41128.0,71,-102382.97698839987,-0.03397068711421558,4,stop
039030,2024-07-10,2024-07-15,207500.0,201275.0,16,-112912.39821999939,-0.03397068711421536,3,stop
058610,2024-07-12,2024-07-15,27550.0,26723.5,113,-105877.47967427457,-0.03397068711421547,1,stop
403870,2024-07-12,2024-07-15,42000.0,40740.0,74,-105702.32941799983,-0.03397068711421558,1,stop
032820,2024-07-15,2024-07-16,2885.0,2798.45,1055,-103514.65170248738,-0.03397068711421558,1,stop
454910,2024-07-15,2024-07-16,103600.0,100492.0,29,-102178.9184373999,-0.03397068711421558,1,stop
310210,2024-07-15,2024-07-16,83300.0,80801.0,36,-101988.46378980065,-0.0339706871142158,1,stop
950160,2024-07-15,2024-07-17,18490.0,17935.3,164,-103129.83128506038,-0.03397068711421569,2,stop
047040,2024-07-16,2024-07-17,4270.0,4141.9,690,-100202.95146855013,-0.03397068711421558,1,stop
226950,2024-07-12,2024-07-18,10280.0,11821.999999999998,305,456074.00632449985,0.1452924843491259,4,target
079550,2024-07-16,2024-07-18,235500.0,228435.0,12,-96111.57752099959,-0.03397068711421547,2,stop
267270,2024-07-17,2024-07-18,63800.0,61886.0,46,-99811.8392458004,-0.03397068711421569,1,stop
009540,2024-07-17,2024-07-19,180000.0,174600.0,16,-97948.10448000021,-0.03397068711421569,2,stop
443060,2024-07-18,2024-07-19,133500.0,129495.0,23,-104426.96347424947,-0.03397068711421547,1,stop
010140,2024-07-18,2024-07-19,10930.0,10602.1,283,-105198.64489461482,-0.03397068711421558,1,stop
096770,2024-07-18,2024-07-19,127500.0,123675.0,24,-104069.86101000011,-0.03397068711421558,1,stop
000100,2024-07-16,2024-07-23,96500.0,96800.0,30,-2890.821450000163,-0.0009974094616320706,5,time
226950,2024-07-22,2024-07-23,13860.0,15938.999999999998,212,427406.8298345995,0.14529248434912567,1,target
079550,2024-07-22,2024-07-23,232500.0,225525.0,12,-94887.22621499933,-0.03397068711421536,1,stop
267270,2024-07-22,2024-07-23,59400.0,68310.0,49,423374.6899305,0.1452924843491259,1,target
012450,2024-07-22,2024-07-23,288789.0,280125.33,10,-98216.4414745653,-0.03397068711421569,1,stop
009540,2024-07-23,2024-07-25,186600.0,181002.0,16,-101539.53497759998,-0.03397068711421558,2,stop
082740,2024-07-24,2024-07-25,16900.0,16393.0,183,-105181.98011295032,-0.03397068711421569,1,stop
010120,2024-07-24,2024-07-25,51600.0,50052.0,60,-105294.2123159999,-0.03397068711421558,1,stop
090430,2024-07-23,2024-07-26,177700.0,172369.0,17,-102740.07945264969,-0.03397068711421547,3,stop
272210,2024-07-25,2024-07-26,22000.0,21340.0,136,-101757.19743199972,-0.03397068711421547,1,stop
347850,2024-07-25,2024-07-29,9522.0,9236.34,314,-101686.04901721794,-0.03397068711421558,2,stop
226950,2024-07-25,2024-08-01,14660.0,15100.0,204,77239.14218400046,0.02579729009263909,5,time
145020,2024-07-25,2024-08-01,240000.0,246500.0,12,65967.23609999986,0.022878976058186673,5,time
047810,2024-08-01,2024-08-02,56500.0,54805.0,54,-103763.77318349993,-0.03397068711421558,1,stop
329180,2024-07-29,2024-08-05,207000.0,200790.0,14,-98560.28013300011,-0.03397068711421558,5,stop
064350,2024-07-29,2024-08-05,49500.0,48015.0,59,-99325.4996992494,-0.03397068711421536,5,stop
009540,2024-07-29,2024-08-05,200000.0,194000.0,14,-95227.3237999999,-0.03397068711421558,5,stop
042660,2024-08-02,2024-08-05,32050.0,31088.5,95,-103551.21219287487,-0.03397068711421558,1,stop
084370,2024-08-02,2024-08-05,45850.0,44474.5,66,-102916.9301968501,-0.03397068711421558,1,stop
