code,entry_date,exit_date,entry_price,exit_price,shares,pnl_krw,pnl_pct,hold_days,reason
237690,2020-05-04,2020-05-06,34150.0,32784.0,58,-87111.73663459998,-0.04392975219551232,1,stop
218410,2020-04-27,2020-05-07,37124.0,37856.0,53,30618.1238818001,0.015543496707169702,5,time
087010,2020-05-04,2020-05-07,13821.0,14650.26,145,111675.24128926522,0.05566089861745516,2,target
180640,2020-05-14,2020-05-15,77700.0,74592.0,25,-85431.69001500006,-0.04392975219551232,1,stop
064350,2020-05-18,2020-05-21,16100.0,17066.0,123,110352.05313510005,0.05566089861745516,3,target
180640,2020-05-18,2020-05-25,77000.0,78800.0,25,36978.30275000003,0.019187439488550284,5,time
064350,2020-05-25,2020-05-29,16400.0,15744.0,123,-88717.01678159996,-0.04392975219551232,4,stop
015760,2020-05-25,2020-06-01,21400.0,21750.0,94,24559.070034999866,0.012194698683197336,5,time
141080,2020-05-29,2020-06-01,25373.0,26895.38,78,110284.84888519812,0.05566089861745516,1,target
005830,2020-06-01,2020-06-02,43700.0,46322.0,46,112018.22815340012,0.05566089861745516,1,target
064350,2020-06-01,2020-06-08,15700.0,15650.0,129,-14731.06953749992,-0.007265168647808351,5,time
064350,2020-06-10,2020-06-11,14750.0,15635.0,138,113428.06855350011,0.05566089861745516,1,target
042700,2020-06-10,2020-06-12,4250.0,4080.0,482,-90093.59948300011,-0.04392975219551243,2,stop
131970,2020-06-11,2020-06-12,31498.0,30238.079999999998,65,-90043.90176885994,-0.04392975219551232,1,stop
042700,2020-06-15,2020-06-16,4060.0,3897.6,501,-89458.52426868002,-0.04392975219551232,1,stop
131970,2020-06-15,2020-06-16,30944.0,29706.239999999998,65,-88460.17195808003,-0.04392975219551232,1,stop
067310,2020-06-15,2020-06-16,3288.0,3156.48,619,-89511.82836561627,-0.04392975219551243,1,stop
039030,2020-06-15,2020-06-16,83200.0,79872.0,24,-87819.81911040004,-0.04392975219551232,1,stop
307950,2020-06-15,2020-06-17,40000.0,38400.0,50,-87960.5560000001,-0.04392975219551243,2,stop
222800,2020-06-16,2020-06-18,10500.0,11130.0,186,108830.76290100021,0.05566089861745516,2,target
108490,2020-06-16,2020-06-18,11685.0,12386.1,167,108741.32440921525,0.05566089861745516,2,target
095340,2020-06-16,2020-06-18,15200.0,16112.0,128,108418.39851520001,0.05566089861745516,2,target
319660,2020-06-17,2020-06-18,10900.0,11554.0,177,107510.08236810006,0.05566089861745516,1,target
007660,2020-06-18,2020-06-22,2884.0,3057.04,712,114425.99036713573,0.055660898617454935,2,target
001440,2020-06-16,2020-06-23,5949.0,5841.0,328,-43316.271187200444,-0.022173488992195622,5,time
071050,2020-06-18,2020-06-23,49150.0,47184.0,41,-88626.85721169994,-0.04392975219551232,3,stop
108490,2020-06-22,2020-06-24,11978.0,12696.68,184,122815.04227198474,0.05566089861745538,2,target
012330,2020-06-23,2020-06-24,187000.0,198220.0,10,104205.59479000024,0.05566089861745516,1,target
267260,2020-06-18,2020-06-25,7800.0,7740.0,263,-24140.527250999818,-0.01175431116363046,5,time
043260,2020-06-18,2020-06-25,574.0,564.0,3580,-44115.93295399984,-0.021443779468403257,5,time
011200,2020-06-23,2020-06-25,4530.0,4348.8,424,-84473.79956015968,-0.043929752195512206,2,stop
047040,2020-06-24,2020-06-26,3530.0,3388.7999999999997,616,-95634.23490544036,-0.04392975219551254,2,stop
082740,2020-06-24,2020-06-29,3506.0,3365.7599999999998,621,-95755.00474882801,-0.04392975219551232,3,stop
079550,2020-06-25,2020-06-29,31200.0,29952.0,62,-85075.44976320001,-0.04392975219551232,2,stop
267250,2020-06-25,2020-06-29,50200.0,48192.0,39,-86104.58826840017,-0.04392975219551243,2,stop
010140,2020-06-29,2020-06-30,5351.0,5672.06,362,107942.61917385436,0.05566089861745538,1,target
028300,2020-06-29,2020-06-30,43782.0,42030.72,44,-84723.95938142436,-0.04392975219551254,1,stop
034020,2020-06-29,2020-06-30,3958.0,4195.4800000000005,489,107853.45930665429,0.05566089861745538,1,target
214370,2020-06-30,2020-07-01,14100.0,13536.0,140,-86817.06877200003,-0.04392975219551232,1,stop
000250,2020-06-30,2020-07-01,37750.0,36240.0,52,-86333.28571399976,-0.043929752195512206,1,stop
024110,2020-06-25,2020-07-02,8280.0,8150.0,236,-38597.76448199991,-0.019729705162216282,5,time
087010,2020-07-01,2020-07-02,17875.0,17160.0,106,-83331.63174049999,-0.04392975219551232,1,stop
003490,2020-06-26,2020-07-03,13724.0,13802.0,153,3293.5323609001935,0.0015667170799891217,5,time
226950,2020-07-02,2020-07-03,22345.0,23685.7,83,103349.3814402949,0.05566089861745516,1,target
214370,2020-07-03,2020-07-06,13760.0,13209.6,148,-89564.95654143998,-0.04392975219551232,1,stop
108490,2020-06-30,2020-07-07,11637.0,11345.0,170,-57601.08687599981,-0.02908315418654639,5,time
141080,2020-07-03,2020-07-07,51100.0,49056.0,39,-87648.29602619982,-0.043929752195512206,2,stop
079550,2020-07-01,2020-07-08,30000.0,29650.0,63,-29730.593497500056,-0.01571240113183825,5,time
034730,2020-07-07,2020-07-08,267500.0,256800.0,7,-82353.07055499987,-0.04392975219551232,1,stop
214150,2020-07-02,2020-07-09,14100.0,14946.0,132,103715.21552040009,0.05566089861745516,5,target
214370,2020-07-08,2020-07-09,13600.0,13056.0,136,-81345.9221888003,-0.04392975219551254,1,stop
000250,2020-07-06,2020-07-10,37550.0,36048.0,53,-87527.3502617001,-0.04392975219551243,4,stop
298380,2020-07-07,2020-07-10,28500.0,27360.0,67,-83980.34084099997,-0.04392975219551232,3,stop
141080,2020-07-09,2020-07-10,49000.0,47040.0,38,-81891.27763599996,-0.04392975219551232,1,stop
042660,2020-07-09,2020-07-10,20966.0,20127.36,89,-82066.05526077165,-0.043929752195512206,1,stop
010140,2020-07-08,2020-07-13,5370.0,5155.2,344,-81243.88794384012,-0.04392975219551243,3,stop
207940,2020-07-10,2020-07-13,1087979.0,1044459.84,1,-47849.618878161884,-0.043929752195512206,1,stop
034730,2020-07-10,2020-07-14,244500.0,234720.0,7,-75272.2457969999,-0.04392975219551232,2,stop
141080,2020-07-13,2020-07-14,46650.0,44784.0,39,-80015.51877929992,-0.04392975219551232,1,stop
298380,2020-07-13,2020-07-14,27950.0,26832.0,65,-79901.17005649977,-0.043929752195512206,1,stop
226950,2020-07-10,2020-07-17,22020.0,22671.0,82,45824.75334690022,0.025349520699720962,5,time
028260,2020-07-10,2020-07-17,107000.0,110000.0,17,43395.023650000105,0.023829120507142143,5,time
087010,2020-07-14,2020-07-17,18383.0,17647.68,93,-75189.51889408194,-0.04392975219551232,3,stop
141080,2020-07-17,2020-07-20,42500.0,45050.0,41,97100.66787249991,0.05566089861745516,1,target
042660,2020-07-14,2020-07-21,20700.0,21942.0,83,95740.97989770002,0.05566089861745516,5,target
010140,2020-07-15,2020-07-21,5379.0,5701.740000000001,322,96517.67379084602,0.05566089861745516,4,target
298380,2020-07-17,2020-07-21,28800.0,30528.0,61,97897.53418560023,0.05566089861745538,2,target
096770,2020-07-21,2020-07-22,121025.0,128286.5,15,101161.62119887513,0.05566089861745516,1,target
035420,2020-07-21,2020-07-22,273000.0,262080.0,6,-72039.69536399981,-0.043929752195512206,1,stop
087010,2020-07-20,2020-07-23,17831.0,18900.86,103,102343.99248778075,0.055660898617454935,3,target
011070,2020-07-21,2020-07-24,162500.0,156000.0,11,-78614.74692499987,-0.043929752195512206,3,stop
066970,2020-07-27,2020-07-28,32171.0,34101.26,57,102185.39937399887,0.05566089861745516,1,target
003670,2020-07-27,2020-07-31,64048.0,67890.88,28,99933.94555244804,0.05566089861745516,4,target
145020,2020-07-30,2020-07-31,160100.0,153696.0,11,-77453.66758579994,-0.04392975219551232,1,stop
068270,2020-07-31,2020-08-03,256231.0,245981.75999999998,7,-78883.77428552625,-0.04392975219551243,1,stop
145020,2020-08-03,2020-08-04,155000.0,148800.0,11,-74986.37398999976,-0.043929752195512206,1,stop
082740,2020-07-31,2020-08-06,3607.0,3823.42,519,104318.88354626112,0.05566089861745516,4,target
007660,2020-08-04,2020-08-06,3481.0,3689.86,525,101838.67894042516,0.05566089861745516,2,target
036930,2020-08-03,2020-08-07,6980.0,7398.8,265,103074.37897489988,0.05566089861745516,4,target
083650,2020-08-04,2020-08-11,2250.0,2200.0,813,-48026.79411749984,-0.026224747606540255,5,time
145020,2020-08-06,2020-08-12,157300.0,166738.0,12,105186.35332919983,0.05566089861745516,4,target
007660,2020-08-13,2020-08-14,3545.0,3757.7000000000003,540,106674.20861310023,0.05566089861745516,1,target
001440,2020-08-12,2020-08-18,6485.0,6225.599999999999,295,-84137.57033485011,-0.04392975219551243,3,stop
141080,2020-08-13,2020-08-18,51900.0,49824.0,36,-82172.75141520007,-0.04392975219551232,2,stop
042700,2020-08-18,2020-08-19,5425.0,5208.0,350,-83507.55285249976,-0.043929752195512206,1,stop
353200,2020-08-19,2020-08-20,11000.0,10560.0,171,-82726.902918,-0.04392975219551232,1,stop
336260,2020-08-19,2020-08-20,38266.0,40561.96,49,104486.11402217811,0.05566089861745516,1,target
095340,2020-08-19,2020-08-20,19400.0,18624.0,97,-82762.08714039996,-0.04392975219551232,1,stop
226950,2020-08-19,2020-08-20,24923.0,26418.38,75,104162.40797932516,0.05566089861745516,1,target
036930,2020-08-19,2020-08-20,6690.0,6422.4,282,-82972.31286924006,-0.04392975219551232,1,stop
298380,2020-08-20,2020-08-21,30500.0,29280.0,61,-81825.30721899983,-0.043929752195512206,1,stop
196170,2020-08-20,2020-08-21,94366.0,90591.36,19,-78854.61536121229,-0.04392975219551254,1,stop
010120,2020-08-20,2020-08-21,10360.0,9945.6,181,-82470.05809447961,-0.043929752195512095,1,stop
298040,2020-08-20,2020-08-24,41450.0,39792.0,45,-82034.21353950026,-0.04392975219551243,2,stop
084370,2020-08-21,2020-08-24,28850.0,27696.0,63,-79936.35427889996,-0.04392975219551232,1,stop
222800,2020-08-21,2020-08-24,16900.0,16224.0,107,-79529.53670740011,-0.04392975219551243,1,stop
267260,2020-08-21,2020-08-24,10650.0,11289.0,171,101483.43259454961,0.055660898617454935,1,target
353200,2020-08-24,2020-08-25,10600.0,11236.0,169,99825.61631379975,0.055660898617454935,1,target
336260,2020-08-24,2020-08-25,37383.0,39625.98,48,99991.89946612832,0.05566089861745538,1,target
011200,2020-08-25,2020-08-27,5670.0,5443.2,335,-83538.33904709993,-0.04392975219551232,2,stop
042700,2020-08-21,2020-08-28,5000.0,4985.0,364,-12902.6276469999,-0.007081211394714293,5,time
131970,2020-08-24,2020-08-28,38240.0,40534.4,47,100153.27882576035,0.05566089861745538,4,target
353200,2020-08-27,2020-08-28,11600.0,11136.0,158,-80607.05351840006,-0.04392975219551232,1,stop
319660,2020-08-24,2020-08-31,13525.0,12984.0,132,-78517.99031340005,-0.04392975219551232,5,stop
298040,2020-08-28,2020-08-31,39800.0,42188.0,45,99803.32634699997,0.05566089861745516,1,target
058470,2020-08-25,2020-09-01,25568.0,25209.0,74,-34241.60764609999,-0.018077003933003377,5,time
222800,2020-08-28,2020-09-01,17650.0,16944.0,103,-79953.94639009982,-0.043929752195512206,2,stop
353200,2020-08-31,2020-09-02,11050.0,11713.0,165,101600.45492024999,0.05566089861745516,2,target
131290,2020-08-28,2020-09-03,36500.0,38690.0,49,99664.01405450003,0.05566089861745516,4,target
042700,2020-08-31,2020-09-03,5100.0,5406.0,358,101742.55345859984,0.055660898617454935,3,target
096770,2020-09-01,2020-09-04,143164.0,151753.84,12,95733.62420865614,0.05566089861745516,3,target
010130,2020-09-01,2020-09-08,397000.0,406000.0,4,29385.928599999985,0.018483733754780518,5,time
096770,2020-09-07,2020-09-09,150543.0,144521.28,13,-86071.99888240197,-0.04392975219551232,2,stop
039030,2020-09-08,2020-09-09,108000.0,103680.0,17,-80747.79040799965,-0.043929752195512095,1,stop
078600,2020-09-10,2020-09-11,46900.0,45024.0,39,-80444.32648980012,-0.04392975219551243,1,stop
003550,2020-09-07,2020-09-14,75384.0,73873.0,26,-47202.589336499805,-0.024055482926569782,5,time
021240,2020-09-08,2020-09-15,78900.0,79700.0,23,10908.752340000356,0.006004419492206425,5,time
005290,2020-09-10,2020-09-15,32250.0,34185.0,57,102436.32867525029,0.05566089861745538,3,target
078600,2020-09-14,2020-09-15,46100.0,48866.0,39,100187.82827429986,0.05566089861745516,1,target
247540,2020-09-10,2020-09-17,36790.0,35950.0,50,-49414.82079999987,-0.026832319454693998,5,time
051910,2020-09-17,2020-09-21,671000.0,644160.0,2,-59021.533075999934,-0.04392975219551232,2,stop
035420,2020-09-15,2020-09-22,304000.0,291840.0,6,-80220.02707200008,-0.04392975219551243,5,stop
003550,2020-09-16,2020-09-22,73117.0,70192.31999999999,26,-83608.3556496764,-0.04392975219551254,4,stop
064760,2020-09-17,2020-09-22,98000.0,94080.0,19,-81891.27763599996,-0.04392975219551232,3,stop
178320,2020-09-22,2020-09-23,23479.0,22539.84,76,-78478.58398431214,-0.04392975219551243,1,stop
009830,2020-09-22,2020-09-23,46134.0,44288.64,39,-79130.45966482791,-0.04392975219551232,1,stop
007660,2020-09-22,2020-09-23,4302.0,4129.92,420,-79465.32550151995,-0.04392975219551232,1,stop
000880,2020-09-22,2020-09-23,25550.0,24528.0,70,-78658.72720299987,-0.04392975219551232,1,stop
051910,2020-09-23,2020-09-24,660000.0,633600.0,2,-58053.966959999874,-0.043929752195512206,1,stop
000250,2020-09-23,2020-09-24,51900.0,49824.0,33,-75325.02213059994,-0.04392975219551232,1,stop
196170,2020-09-23,2020-09-24,104987.0,100787.51999999999,16,-73877.71914217621,-0.04392975219551243,1,stop
035720,2020-09-22,2020-09-25,72458.0,69559.68,24,-76481.35159977642,-0.04392975219551254,3,stop
000500,2020-09-23,2020-09-25,17250.0,16560.0,101,-76624.63934550015,-0.04392975219551243,2,stop
336260,2020-09-24,2020-09-25,40818.0,39185.28,41,-73602.6664835636,-0.043929752195512095,1,stop
086520,2020-09-24,2020-09-25,5713.0,5484.48,293,-73618.98316670186,-0.043929752195512206,1,stop
034020,2020-09-24,2020-09-28,11525.0,12216.5,145,93123.30192162516,0.05566089861745516,2,target
009830,2020-09-25,2020-09-28,45046.0,43244.159999999996,36,-71320.88170036813,-0.04392975219551243,1,stop
272210,2020-09-25,2020-09-28,9969.0,9570.24,164,-71904.06018664781,-0.043929752195512206,1,stop
298040,2020-09-25,2020-09-29,55600.0,58936.0,29,89850.85617080005,0.05566089861745516,2,target
032830,2020-09-25,2020-09-29,58300.0,61798.0,28,90965.35451079998,0.05566089861745516,2,target
086520,2020-09-28,2020-09-29,5502.0,5832.12,297,91059.752520198,0.05566089861745516,1,target
000500,2020-09-28,2020-09-29,16919.0,17934.14,96,90509.74758940749,0.05566089861745471,1,target
006260,2020-09-28,2020-10-05,51700.0,54802.0,31,89310.32447590004,0.05566089861745516,2,target
298040,2020-10-05,2020-10-06,57300.0,60738.0,30,95791.13232300011,0.05566089861745516,1,target
178320,2020-09-29,2020-10-07,23254.0,22323.84,74,-75681.08646128792,-0.04392975219551232,3,stop
222800,2020-09-29,2020-10-08,18550.0,19663.0,93,96133.84056255012,0.05566089861745516,4,target
086520,2020-10-06,2020-10-08,5769.0,6115.14,318,102229.70068301423,0.05566089861745516,2,target
071050,2020-09-29,2020-10-12,71000.0,71400.0,24,2588.365920000244,0.0015172490205461742,5,time
267260,2020-10-07,2020-10-12,15200.0,16112.0,108,91478.02374719991,0.05566089861745516,2,target
034020,2020-10-05,2020-10-13,11969.0,11490.24,144,-75801.59242300806,-0.04392975219551232,5,stop
028300,2020-10-08,2020-10-13,44814.0,43021.439999999995,41,-80808.21930997213,-0.04392975219551243,2,stop
218410,2020-10-12,2020-10-13,38539.0,36997.439999999995,45,-76273.0170228905,-0.04392975219551265,1,stop
071050,2020-10-14,2020-10-15,70200.0,67392.0,24,-74097.97237440036,-0.04392975219551254,1,stop
000150,2020-10-08,2020-10-16,45950.0,45250.0,40,-35449.94619999989,-0.019265081765663106,5,time
034020,2020-10-15,2020-10-16,11823.0,11350.08,143,-74356.972231542,-0.04392975219551232,1,stop
267260,2020-10-15,2020-10-16,15700.0,15072.0,107,-73882.4690121999,-0.04392975219551232,1,stop
086520,2020-10-15,2020-10-20,5687.0,5459.5199999999995,298,-74534.52061382844,-0.04392975219551254,3,stop
267260,2020-10-19,2020-10-20,14700.0,14112.0,114,-73702.14987239987,-0.043929752195512206,1,stop
034020,2020-10-19,2020-10-20,11823.0,12532.380000000001,142,93554.66850412195,0.05566089861745516,1,target
071050,2020-10-19,2020-10-21,67800.0,71868.0,24,90675.58494240022,0.05566089861745538,2,target
237690,2020-10-20,2020-10-21,66300.0,63648.0,25,-72897.31078499998,-0.04392975219551232,1,stop
226950,2020-10-20,2020-10-21,29777.0,31563.620000000003,56,92921.96779650403,0.05566089861745516,1,target
005380,2020-10-20,2020-10-21,157000.0,166420.0,10,87488.11968999985,0.055660898617454935,1,target
067310,2020-10-20,2020-10-23,5449.0,5231.04,309,-74051.3972599979,-0.04392975219551232,3,stop
032820,2020-10-23,2020-10-26,1210.0,1161.6,1403,-74662.23934114003,-0.04392975219551232,1,stop
000270,2020-10-23,2020-10-26,45250.0,47965.0,37,93297.44228725019,0.05566089861745516,1,target
267260,2020-10-22,2020-10-27,14650.0,14064.0,117,-75384.39550590003,-0.04392975219551232,3,stop
067310,2020-10-26,2020-10-27,5215.0,5006.4,328,-75229.14512456022,-0.04392975219551243,1,stop
080220,2020-10-27,2020-10-28,3380.0,3582.8,495,93233.35863269982,0.055660898617454935,1,target
226950,2020-10-23,2020-10-29,30478.0,32306.68,55,93411.12111792993,0.05566089861745516,4,target
298040,2020-10-28,2020-10-29,56100.0,59466.0,30,93785.03531099996,0.05566089861745516,1,target
000500,2020-10-27,2020-11-03,17291.0,17911.0,96,52541.782348799985,0.03161653271127185,5,time
067310,2020-10-29,2020-11-03,5052.0,5355.12,348,97969.75367803173,0.055660898617454935,3,target
032820,2020-10-28,2020-11-04,1140.0,1094.3999999999999,1499,-75156.13786308025,-0.04392975219551243,5,stop
267270,2020-10-30,2020-11-06,25750.0,26500.0,68,43673.70125000016,0.024913493803354614,5,time
006260,2020-10-30,2020-11-06,53600.0,56816.0,32,95579.3776384003,0.05566089861745538,5,target
298040,2020-11-05,2020-11-06,59600.0,63176.0,29,96314.94654279994,0.05566089861745516,1,target
009830,2020-11-05,2020-11-06,55627.0,58964.62,31,96094.10869672918,0.05566089861745516,1,target
011200,2020-12-08,2020-12-09,12300.0,13038.0,147,100756.22242769971,0.055660898617454935,1,target
009830,2020-12-04,2020-12-11,56292.0,55991.0,32,-16985.87236320018,-0.00941872207971639,5,time
034020,2020-12-08,2020-12-15,13898.0,13802.0,130,-19847.590204000007,-0.010972684903887697,5,time
032820,2020-12-18,2020-12-21,1415.0,1358.3999999999999,1289,-80217.16835393012,-0.04392975219551243,1,stop
226950,2020-12-23,2020-12-24,49750.0,47760.0,36,-78768.677898,-0.04392975219551232,1,stop
043260,2020-12-24,2020-12-28,1525.0,1464.0,1181,-79209.58018495003,-0.04392975219551232,1,stop
226950,2020-12-28,2020-12-29,48300.0,51198.0,36,96894.48567960015,0.05566089861745516,1,target
039490,2020-12-22,2020-12-30,124000.0,126500.0,14,27782.343050000025,0.015985268374224537,5,time
028050,2020-12-23,2021-01-04,12750.0,13515.0,143,101600.45492024999,0.05566089861745516,5,target
001440,2020-12-24,2021-01-04,11491.0,12180.460000000001,156,99892.26331453212,0.05566089861745516,4,target
068270,2020-12-29,2021-01-04,313547.0,301005.12,5,-68949.42113033007,-0.04392975219551243,2,stop
043260,2020-12-30,2021-01-04,1480.0,1568.8000000000002,1373,113235.26034068037,0.05566089861745538,1,target
267270,2020-12-24,2021-01-05,32600.0,34556.0,55,99914.77618100028,0.05566089861745538,5,target
226950,2021-01-04,2021-01-05,50800.0,48768.0,36,-80431.13240640005,-0.04392975219551232,1,stop
267250,2021-01-05,2021-01-08,55000.0,58300.0,33,101140.72435499984,0.05566089861745516,3,target
226950,2021-01-07,2021-01-08,48750.0,46800.0,38,-81473.46499500005,-0.04392975219551232,1,stop
226950,2021-01-11,2021-01-12,46200.0,44352.0,40,-81275.55374399992,-0.04392975219551232,1,stop
237690,2021-01-11,2021-01-12,94000.0,90240.0,19,-78548.77650799998,-0.04392975219551232,1,stop
141080,2021-01-12,2021-01-13,63100.0,60576.0,28,-77704.35517039988,-0.04392975219551232,1,stop
298380,2021-01-11,2021-01-15,27700.0,26592.0,67,-81622.99794020015,-0.04392975219551243,4,stop
267250,2021-01-12,2021-01-18,55800.0,53568.0,32,-78531.18439680012,-0.04392975219551243,4,stop
000250,2021-01-13,2021-01-18,69700.0,66912.0,25,-76635.63441499975,-0.043929752195512206,3,stop
226950,2021-01-15,2021-01-18,44400.0,42624.0,40,-78108.97372800019,-0.04392975219551243,1,stop
082740,2021-01-12,2021-01-19,6220.0,6158.0,292,-25493.94327080017,-0.014020534234318927,5,time
237690,2021-01-14,2021-01-19,87400.0,83904.0,21,-80721.40224119998,-0.04392975219551232,3,stop
068270,2021-01-18,2021-01-19,284844.0,273450.24,5,-62637.591533159604,-0.043929752195512095,1,stop
001440,2021-01-18,2021-01-20,11409.0,12093.54,148,94093.30555184418,0.05566089861745516,2,target
319660,2021-01-19,2021-01-20,18500.0,19610.0,93,95874.71969850012,0.05566089861745516,1,target
237690,2021-01-21,2021-01-22,88000.0,84480.0,20,-77405.28927999991,-0.04392975219551232,1,stop
141080,2021-01-21,2021-01-22,59700.0,57312.0,29,-76143.0553013999,-0.04392975219551232,1,stop
000250,2021-01-20,2021-01-25,67300.0,64608.0,26,-76956.69044439984,-0.043929752195512206,3,stop
015760,2021-01-19,2021-01-26,24900.0,24350.0,69,-44879.23892250005,-0.026091426788852345,5,time
082740,2021-01-21,2021-01-28,6086.0,5842.5599999999995,290,-77622.55185331986,-0.043929752195512206,5,stop
009540,2021-01-25,2021-01-28,105500.0,101280.0,15,-69598.78993500001,-0.04392975219551232,3,stop
005490,2021-01-25,2021-01-28,262000.0,251520.0,6,-69136.99701599986,-0.043929752195512206,3,stop
000250,2021-01-27,2021-01-28,65500.0,62880.0,27,-77779.12164300005,-0.04392975219551232,1,stop
319400,2021-01-27,2021-01-28,5460.0,5241.599999999999,326,-78283.13562888,-0.04392975219551232,1,stop
095340,2021-01-28,2021-01-29,23050.0,22128.0,70,-70962.17855299986,-0.043929752195512206,1,stop
005290,2021-01-28,2021-01-29,32250.0,30960.0,50,-70918.19827499986,-0.043929752195512206,1,stop
015760,2021-01-28,2021-01-29,23800.0,22848.0,68,-71177.68191520008,-0.04392975219551243,1,stop
039030,2021-01-28,2021-01-29,103000.0,98880.0,15,-67949.52951000002,-0.04392975219551232,1,stop
011200,2021-01-28,2021-01-29,14600.0,14016.0,111,-71274.43852680014,-0.04392975219551243,1,stop
098460,2021-01-29,2021-02-01,22020.0,21139.2,70,-67791.20050919987,-0.043929752195512206,1,stop
000100,2021-01-29,2021-02-01,59753.0,57362.88,25,-65698.83878335007,-0.04392975219551243,1,stop
028260,2021-01-29,2021-02-01,135500.0,130080.0,11,-65552.60435899999,-0.04392975219551232,1,stop
272210,2021-01-29,2021-02-01,15423.0,14806.08,100,-67830.78275940008,-0.04392975219551243,1,stop
067310,2021-02-01,2021-02-02,7393.0,7836.580000000001,201,82806.83658758109,0.05566089861745516,1,target
058610,2021-02-01,2021-02-02,8690.0,9211.4,171,82806.66941282991,0.05566089861745516,1,target
064350,2021-02-02,2021-02-04,19700.0,20882.0,79,86724.6883270999,0.05566089861745516,2,target
214370,2021-01-29,2021-02-05,14120.0,14240.0,109,6733.981850000098,0.004370302816329108,5,time
319400,2021-02-01,2021-02-05,5120.0,5427.200000000001,290,82740.35676160012,0.05566089861745516,4,target
095340,2021-02-02,2021-02-05,23700.0,22752.0,66,-68793.95084759989,-0.04392975219551232,3,stop
010120,2021-02-01,2021-02-08,12100.0,12826.0,123,82935.39397109998,0.05566089861745516,5,target
098460,2021-02-04,2021-02-08,21800.0,20928.0,76,-72866.52459039981,-0.043929752195512206,2,stop
067310,2021-02-05,2021-02-08,7703.0,7394.88,200,-67756.01628680015,-0.04392975219551243,1,stop
028260,2021-02-05,2021-02-10,134500.0,129120.0,11,-65068.82130099996,-0.04392975219551232,3,stop
319400,2021-02-08,2021-02-15,5250.0,5565.0,298,87181.63264650013,0.05566089861745516,3,target
000990,2021-02-09,2021-02-15,61200.0,64872.0,25,85259.12300999998,0.05566089861745516,2,target
218410,2021-02-09,2021-02-15,42344.0,40650.24,37,-68905.13299038424,-0.04392975219551254,2,stop
131970,2021-02-05,2021-02-16,51000.0,52300.0,30,32614.780050000176,0.021292360297685997,5,time
098460,2021-02-10,2021-02-16,21300.0,22578.0,68,80711.96978279995,0.05566089861745516,2,target
067310,2021-02-15,2021-02-16,7704.0,8166.240000000001,206,88436.78067700844,0.05566089861745538,1,target
034730,2021-02-16,2021-02-18,304500.0,292320.0,5,-66959.97325500008,-0.04392975219551243,2,stop
000270,2021-02-18,2021-02-19,83400.0,80064.0,18,-66023.19333359995,-0.04392975219551232,1,stop
000880,2021-02-19,2021-02-23,32000.0,30720.0,48,-67553.707008,-0.04392975219551232,2,stop
034730,2021-02-22,2021-02-23,289000.0,277440.0,5,-63551.50170999998,-0.04392975219551232,1,stop
000270,2021-02-22,2021-02-23,81600.0,78336.0,20,-71775.81369600003,-0.04392975219551232,1,stop
000990,2021-02-22,2021-02-23,61200.0,58752.0,27,-72673.01136719994,-0.04392975219551232,1,stop
012330,2021-02-19,2021-02-24,323000.0,310080.0,4,-56822.5191759998,-0.043929752195512206,3,stop
066970,2021-02-23,2021-02-24,70017.0,67216.31999999999,22,-67746.07674397225,-0.04392975219551254,1,stop
263750,2021-02-23,2021-02-24,62820.0,60307.2,24,-66308.18553504045,-0.04392975219551265,1,stop
247540,2021-02-23,2021-02-24,42522.0,40821.119999999995,36,-67324.65772017627,-0.04392975219551254,1,stop
336260,2021-02-24,2021-02-25,56000.0,53760.0,25,-61572.38919999986,-0.043929752195512206,1,stop
006400,2021-02-24,2021-02-26,687280.0,659788.7999999999,2,-60453.53092767997,-0.04392975219551232,2,stop
000270,2021-02-25,2021-02-26,76500.0,81090.0,18,76733.21070900024,0.05566089861745538,1,target
012450,2021-02-25,2021-02-26,39675.0,38088.0,36,-62817.03106740001,-0.04392975219551232,1,stop
263750,2021-02-26,2021-03-02,57000.0,60420.0,24,76231.68645599997,0.05566089861745516,1,target
352820,2021-02-26,2021-03-02,200475.0,212503.5,7,78200.16914902488,0.055660898617454935,1,target
096770,2021-02-26,2021-03-02,255335.0,270655.10000000003,5,71142.6084109752,0.05566089861745538,1,target
003550,2021-02-23,2021-03-03,89837.0,88987.0,17,-20666.2905652998,-0.013516341385672148,5,time
012450,2021-03-02,2021-03-03,39471.0,37892.159999999996,37,-64229.98545870604,-0.04392975219551232,1,stop
298040,2021-02-25,2021-03-04,71500.0,75790.0,20,79686.63131000008,0.05566089861745516,4,target
066570,2021-03-02,2021-03-05,150500.0,144480.0,9,-59571.286551000085,-0.04392975219551243,3,stop
079550,2021-03-02,2021-03-05,38000.0,36480.0,39,-65178.77199600008,-0.04392975219551243,3,stop
006400,2021-03-03,2021-03-05,672595.0,645691.2,2,-59161.83016282017,-0.04392975219551243,2,stop
000990,2021-03-03,2021-03-05,55800.0,53568.0,27,-66260.68683479982,-0.043929752195512206,2,stop
263750,2021-03-04,2021-03-05,59520.0,57139.2,28,-73295.77210367983,-0.043929752195512206,1,stop
096770,2021-03-05,2021-03-08,254842.0,244648.31999999998,5,-56040.11003038031,-0.04392975219551254,1,stop
000270,2021-03-05,2021-03-08,77700.0,82362.0,18,77936.86891620024,0.05566089861745538,1,target
047810,2021-03-05,2021-03-09,33700.0,32352.0,41,-60767.550112600205,-0.04392975219551243,2,stop
352820,2021-03-05,2021-03-09,207405.0,199108.8,6,-54730.37735154014,-0.04392975219551243,2,stop
263750,2021-03-08,2021-03-09,59000.0,56640.0,26,-67465.74645199976,-0.043929752195512206,1,stop
079550,2021-03-08,2021-03-09,37600.0,36096.0,40,-66146.33811199968,-0.043929752195512095,1,stop
298040,2021-03-09,2021-03-10,71600.0,68736.0,19,-59830.77019120031,-0.04392975219551254,1,stop
012450,2021-03-05,2021-03-11,37891.0,40164.46,37,78124.49471173878,0.055660898617454935,4,target
108490,2021-03-10,2021-03-11,15581.0,14957.76,88,-60302.590613584034,-0.04392975219551232,1,stop
066570,2021-03-09,2021-03-12,143500.0,152110.0,9,71968.73030550033,0.05566089861745538,3,target
047810,2021-03-11,2021-03-12,32400.0,34344.0,43,77635.95436440012,0.05566089861745516,1,target
272210,2021-03-11,2021-03-12,16138.0,17106.280000000002,86,77338.82910695625,0.05566089861745538,1,target
080220,2021-03-09,2021-03-16,5600.0,5680.0,243,13805.859348000027,0.010133743960098585,5,time
036930,2021-03-09,2021-03-16,9840.0,10150.0,138,37088.85467699985,0.027281611536198902,5,time
353200,2021-03-12,2021-03-19,14100.0,14300.0,102,14445.828540000133,0.010032841578322627,5,time
079550,2021-03-12,2021-03-19,37200.0,38650.0,38,49144.34692499996,0.03472544460247118,5,time
263750,2021-03-12,2021-03-19,60000.0,59000.0,23,-28587.710849999916,-0.020691933672486562,5,time
161390,2021-03-16,2021-03-19,45400.0,43584.0,31,-61897.843257200206,-0.04392975219551243,3,stop
108490,2021-03-17,2021-03-19,15435.0,16361.1,93,79990.61073223478,0.055660898617454935,2,target
080220,2021-03-19,2021-03-25,5550.0,5883.0,257,79483.23536295025,0.05566089861745538,4,target
047050,2021-03-24,2021-03-25,19800.0,20988.0,75,82751.50174500002,0.05566089861745516,1,target
003670,2021-03-19,2021-03-26,139580.0,141520.0,10,13622.540269999998,0.009748452718953748,5,time
010950,2021-03-22,2021-03-29,79500.0,80500.0,18,12082.410900000017,0.008433634018098157,5,time
161390,2021-03-22,2021-03-29,45000.0,45750.0,31,17464.468837500084,0.01250494993183593,5,time
047050,2021-03-29,2021-04-05,20000.0,19750.0,73,-24179.570087499917,-0.016542323221946265,5,time
100790,2021-04-26,2021-04-29,8388.0,8052.48,174,-64189.743504336104,-0.04392975219551243,3,stop
240810,2021-04-29,2021-04-30,52100.0,50016.0,27,-61867.05706260004,-0.04392975219551232,1,stop
039030,2021-04-29,2021-05-04,118200.0,113472.0,12,-62381.62631519977,-0.043929752195512206,3,stop
100790,2021-05-03,2021-05-04,8007.0,7686.719999999999,181,-63739.16555622616,-0.04392975219551243,1,stop
032820,2021-04-30,2021-05-06,1325.0,1404.5,1089,80406.87586222496,0.05566089861745516,3,target
064760,2021-05-03,2021-05-06,192100.0,184416.0,7,-59140.279826600105,-0.04392975219551243,2,stop
066970,2021-05-04,2021-05-07,80981.0,85839.86,17,76715.21156080859,0.055660898617454935,2,target
319660,2021-04-30,2021-05-10,21075.0,22339.5,68,79859.37855270016,0.05566089861745516,5,target
034020,2021-05-04,2021-05-10,12016.0,12736.960000000001,118,79011.69111529598,0.05566089861745516,3,target
237690,2021-05-07,2021-05-10,110700.0,117342.0,13,80193.72805469995,0.05566089861745516,1,target
066970,2021-05-10,2021-05-11,86559.0,83096.64,17,-64717.11101783416,-0.04392975219551243,1,stop
039030,2021-05-10,2021-05-11,117400.0,112704.0,12,-61959.41564639984,-0.043929752195512206,1,stop
083650,2021-05-10,2021-05-11,4175.0,4008.0,363,-66653.21081595006,-0.04392975219551232,1,stop
034220,2021-05-06,2021-05-12,22229.0,21339.84,64,-62568.806378368055,-0.04392975219551232,4,stop
095340,2021-05-11,2021-05-12,21800.0,20928.0,66,-63278.82398639992,-0.04392975219551232,1,stop
031980,2021-05-11,2021-05-12,11250.0,10800.0,129,-63826.378447499825,-0.043929752195512206,1,stop
298380,2021-05-11,2021-05-12,22100.0,21216.0,65,-63177.66934699984,-0.043929752195512206,1,stop
100790,2021-05-06,2021-05-13,8083.0,7807.0,176,-54262.92762879981,-0.03809945453812058,5,time
084370,2021-05-12,2021-05-13,46600.0,44736.0,29,-59434.94768919982,-0.043929752195512206,1,stop
042700,2021-05-12,2021-05-13,15625.0,15000.0,88,-60472.88224999979,-0.043929752195512206,1,stop
319660,2021-05-12,2021-05-13,21125.0,20280.0,65,-60390.419228749815,-0.043929752195512206,1,stop
036930,2021-05-12,2021-05-14,12900.0,13674.0,107,76917.10293509997,0.05566089861745516,2,target
078600,2021-05-13,2021-05-14,43900.0,46534.0,30,73389.71568899998,0.05566089861745516,1,target
066970,2021-05-13,2021-05-14,81077.0,85941.62000000001,16,72288.14552974422,0.05566089861745538,1,target
083650,2021-05-13,2021-05-17,3970.0,3811.2,336,-58666.17242975999,-0.04392975219551232,2,stop
237690,2021-05-14,2021-05-17,109000.0,115540.0,13,78962.2073890001,0.05566089861745516,1,target
034020,2021-05-13,2021-05-20,11775.0,12481.5,113,74146.1814372749,0.05566089861745516,4,target
031980,2021-05-14,2021-05-20,10850.0,11501.0,131,79204.61077794991,0.05566089861745516,3,target
138040,2021-05-18,2021-05-20,16550.0,17543.0,90,83002.2638714998,0.055660898617454935,1,target
035720,2021-05-17,2021-05-21,109000.0,115540.0,12,72888.19143600017,0.05566089861745538,3,target
083650,2021-05-20,2021-05-21,4450.0,4717.0,335,83071.92001775024,0.05566089861745538,1,target
098460,2021-05-14,2021-05-24,24800.0,25200.0,57,16939.56893999991,0.0119695163253144,5,time
007660,2021-05-20,2021-05-24,3161.0,3034.56,472,-65618.22293377598,-0.04392975219551232,2,stop
078600,2021-05-20,2021-05-27,44300.0,46900.0,33,79555.89873000002,0.05435700296347057,5,time
082740,2021-05-24,2021-05-27,7569.0,8023.14,194,81825.68797396193,0.05566089861745516,3,target
071050,2021-05-21,2021-05-28,103000.0,104500.0,14,15028.48655000003,0.010410000966514676,5,time
267270,2021-05-24,2021-05-28,55200.0,58512.0,26,79976.40087839984,0.055660898617454935,4,target
009540,2021-05-24,2021-05-31,143000.0,142500.0,10,-10845.685749999946,-0.007575682458191291,5,time
003550,2021-05-28,2021-05-31,109000.0,104640.0,14,-67113.90422799997,-0.04392975219551232,1,stop
042660,2021-05-27,2021-06-01,29140.0,30888.4,54,87686.50039452035,0.05566089861745538,3,target
086520,2021-06-01,2021-06-02,9061.0,8698.56,170,-67745.90082286042,-0.04392975219551265,1,stop
005490,2021-05-27,2021-06-03,352000.0,346500.0,4,-27705.408499999903,-0.019654531059851488,5,time
005490,2021-06-07,2021-06-08,348500.0,334560.0,4,-61308.50753199984,-0.043929752195512206,1,stop
003550,2021-06-02,2021-06-09,101000.0,97900.0,15,-52571.6886750001,-0.03466091934757287,5,time
237690,2021-06-03,2021-06-09,107200.0,102912.0,13,-61290.91542079998,-0.04392975219551232,4,stop
086520,2021-06-04,2021-06-09,8753.0,8402.88,174,-66982.93096011621,-0.04392975219551243,3,stop
011200,2021-06-08,2021-06-09,41750.0,44255.0,35,81428.03496625018,0.05566089861745516,1,target
319400,2021-06-09,2021-06-16,5220.0,5130.0,280,-31115.638260000153,-0.021264293734630235,5,time
009540,2021-06-09,2021-06-16,139500.0,137500.0,10,-25658.027999999933,-0.018371721377560823,5,time
138040,2021-06-14,2021-06-18,17400.0,18444.0,85,82417.15224299999,0.05566089861745516,4,target
241560,2021-06-18,2021-06-21,47150.0,45264.0,31,-64283.77333870018,-0.04392975219551243,1,stop
011200,2021-06-22,2021-06-24,43700.0,41952.0,33,-63423.958903799765,-0.043929752195512206,2,stop
241560,2021-06-23,2021-06-30,47600.0,48000.0,30,6112.393799999962,0.004275470382865132,5,time
000500,2021-06-24,2021-07-01,28144.0,27444.0,51,-41477.08139579999,-0.028863764599531327,5,time
047040,2021-06-29,2021-07-01,8170.0,7843.2,181,-65036.715698060114,-0.04392975219551243,2,stop
180640,2021-06-25,2021-07-02,66200.0,65200.0,21,-26635.408590000123,-0.019137396826967024,5,time
180640,2021-07-05,2021-07-06,65000.0,68900.0,21,76064.51170500019,0.05566089861745538,1,target
047040,2021-07-05,2021-07-07,7960.0,7641.599999999999,179,-62664.859305520076,-0.04392975219551243,2,stop
001440,2021-07-02,2021-07-08,26061.0,25018.559999999998,54,-61893.18134773197,-0.04392975219551232,4,stop
042660,2021-07-02,2021-07-08,31227.0,29977.92,45,-61801.74634977011,-0.04392975219551243,4,stop
000500,2021-07-05,2021-07-12,27731.0,29394.86,51,78810.69133967697,0.05566089861745516,5,target
214450,2021-07-12,2021-07-14,86000.0,82560.0,16,-60516.862527999794,-0.043929752195512206,2,stop
001440,2021-07-13,2021-07-14,25188.0,24180.48,57,-63143.18880904792,-0.04392975219551232,1,stop
180640,2021-07-09,2021-07-16,64100.0,65300.0,21,19609.122119999956,0.014550623726486078,5,time
307950,2021-07-15,2021-07-19,125500.0,120480.0,11,-60714.77377899992,-0.04392975219551232,2,stop
001440,2021-07-16,2021-07-19,24362.0,23387.52,56,-60001.061827615835,-0.043929752195512206,1,stop
028050,2021-07-13,2021-07-20,22950.0,22032.0,62,-62579.5375661999,-0.043929752195512206,5,stop
064350,2021-07-15,2021-07-22,22650.0,22650.0,61,-5662.278030000161,-0.004093491870325483,5,time
001440,2021-07-21,2021-07-22,23326.0,22392.96,57,-58475.385983796325,-0.04392975219551254,1,stop
035720,2021-07-22,2021-07-23,144500.0,153170.0,9,72470.25455850014,0.05566089861745516,1,target
226950,2021-07-22,2021-07-23,44600.0,47276.0,30,74559.93894600007,0.05566089861745516,1,target
307950,2021-07-21,2021-07-28,126000.0,120960.0,10,-55415.15027999994,-0.04392975219551232,5,stop
034020,2021-07-23,2021-07-28,22585.0,21681.6,61,-60590.969296430005,-0.04392975219551232,3,stop
032820,2021-07-27,2021-07-30,2520.0,2419.2,560,-62064.96831360017,-0.04392975219551243,3,stop
196170,2021-07-27,2021-07-30,68731.0,65981.76,20,-60456.169744359795,-0.043929752195512206,3,stop
083650,2021-07-28,2021-07-30,5520.0,5299.2,231,-56080.13208336034,-0.04392975219551254,2,stop
001440,2021-07-26,2021-08-02,22464.0,22038.0,62,-32041.977921000216,-0.022979539433682028,5,time
034020,2021-07-30,2021-08-02,21620.0,20755.2,60,-57051.21662160009,-0.04392975219551243,1,stop
000150,2021-08-02,2021-08-03,96700.0,92832.0,13,-55287.60747379996,-0.04392975219551232,1,stop
141080,2021-07-28,2021-08-04,54400.0,54800.0,23,4045.210099999793,0.0032293501012161663,5,time
010170,2021-07-30,2021-08-06,2899.0,2891.0,450,-8935.693830000004,-0.006841767849986358,5,time
196170,2021-08-02,2021-08-06,67230.0,71263.8,19,71181.33722829004,0.05566089861745516,4,target
032820,2021-08-02,2021-08-09,2500.0,2400.0,522,-57394.262790000066,-0.04392975219551243,5,stop
035720,2021-08-03,2021-08-10,146000.0,146500.0,8,-798.4897999998648,-0.0006828531438537455,5,time
263750,2021-08-04,2021-08-11,71000.0,68600.0,19,-50994.04071999993,-0.03775793721555376,5,time
032820,2021-08-11,2021-08-12,2350.0,2256.0,546,-56431.0947017998,-0.043929752195512206,1,stop
000150,2021-08-06,2021-08-13,95200.0,93400.0,13,-28402.947949999943,-0.022923656940003978,5,time
000990,2021-08-18,2021-08-19,60000.0,57600.0,20,-52776.33360000001,-0.04392975219551232,1,stop
131290,2021-08-20,2021-08-23,71000.0,68160.0,17,-53084.1955459998,-0.043929752195512206,1,stop
010120,2021-08-23,2021-08-24,12280.0,13016.800000000001,105,71851.70797980018,0.05566089861745538,1,target
131290,2021-08-25,2021-08-26,71200.0,68352.0,18,-56365.12428479991,-0.043929752195512206,1,stop
010130,2021-08-20,2021-08-27,496000.0,507000.0,2,17869.72849999997,0.017993144398679606,5,time
131290,2021-08-30,2021-08-31,68000.0,65280.0,18,-53831.86027200008,-0.04392975219551243,1,stop
078600,2021-08-30,2021-09-01,54900.0,58194.0,22,67304.55475259991,0.05566089861745516,2,target
066970,2021-08-31,2021-09-01,109700.0,116282.0,11,67243.25734390016,0.05566089861745516,1,target
095340,2021-08-27,2021-09-02,25350.0,26871.0,49,69218.70565155009,0.05566089861745516,4,target
131970,2021-08-31,2021-09-06,50900.0,53954.0,24,68073.55860719993,0.05566089861745516,4,target
066970,2021-09-03,2021-09-07,109100.0,115646.0,11,66875.47289169999,0.05566089861745516,2,target
214150,2021-09-02,2021-09-09,22400.0,22100.0,57,-22282.170104999794,-0.01743152546134763,5,time
131290,2021-09-02,2021-09-09,69700.0,73882.0,18,69912.48086820007,0.05566089861745516,5,target
086520,2021-09-09,2021-09-10,18331.0,17597.76,71,-57240.37579727825,-0.04392975219551254,1,stop
222800,2021-09-16,2021-09-28,28850.0,29150.0,45,8139.713175000157,0.006262555007972903,5,time
353200,2021-09-17,2021-09-29,17050.0,16800.0,76,-24254.43460999988,-0.018696226593634235,5,time
028300,2021-09-29,2021-09-30,49869.0,52861.14,25,69473.64714682498,0.05566089861745516,1,target
067310,2021-09-29,2021-10-01,11298.0,11975.880000000001,114,71772.1327983241,0.05566089861745516,2,target
263750,2021-09-30,2021-10-01,81500.0,86390.0,16,72665.29176800023,0.05566089861745538,1,target
007660,2021-09-29,2021-10-05,3573.0,3430.08,362,-56885.23505242774,-0.043929752195512095,3,stop
100790,2021-09-29,2021-10-05,8274.0,7943.04,156,-56767.27994683222,-0.04392975219551254,3,stop
222800,2021-09-30,2021-10-05,28000.0,26880.0,47,-57878.04584799986,-0.043929752195512206,2,stop
028300,2021-10-05,2021-10-06,49509.0,47528.64,26,-56612.909171052044,-0.04392975219551232,1,stop
138040,2021-10-05,2021-10-06,31150.0,33019.0,41,71169.07774654985,0.055660898617454935,1,target
028050,2021-10-07,2021-10-12,23950.0,25387.0,54,72069.03515609982,0.055660898617454935,2,target
028300,2021-10-08,2021-10-12,45834.0,44000.64,28,-56442.177731856005,-0.04392975219551232,1,stop
007660,2021-10-08,2021-10-12,3534.0,3392.64,371,-57663.15820969199,-0.04392975219551232,1,stop
067310,2021-10-05,2021-10-13,11709.0,11848.0,111,10057.088094749954,0.007729123607514321,5,time
086520,2021-10-12,2021-10-14,17341.0,18381.46,74,71508.1081415778,0.055660898617454935,2,target
028300,2021-10-15,2021-10-18,46550.0,44688.0,28,-57323.894345200155,-0.04392975219551243,1,stop
138040,2021-10-12,2021-10-19,32500.0,33450.0,39,31746.306247500237,0.025017621444234583,5,time
267260,2021-10-12,2021-10-19,24550.0,23568.0,52,-56145.222894799896,-0.043929752195512206,5,stop
028300,2021-10-20,2021-10-21,45564.0,43741.439999999995,28,-56109.68683017604,-0.04392975219551232,1,stop
247540,2021-10-22,2021-10-26,98808.0,104736.48000000001,13,71578.87878616806,0.05566089861745516,2,target
010950,2021-10-25,2021-10-27,102500.0,108650.0,12,68541.64791000029,0.05566089861745538,2,target
010170,2021-10-28,2021-11-01,2784.0,2672.64,472,-57792.196345344186,-0.04392975219551243,2,stop
247540,2021-10-29,2021-11-03,99697.0,105678.82,13,72222.89165193704,0.05566089861745516,3,target
010950,2021-10-29,2021-11-05,102000.0,100500.0,12,-22963.13189999992,-0.01873917581340878,5,time
005290,2021-11-10,2021-11-12,31500.0,33390.0,41,71968.7303055001,0.05566089861745516,2,target
298380,2021-11-17,2021-11-24,21300.0,20448.0,62,-58080.355126800016,-0.04392975219551232,5,stop
034020,2021-11-22,2021-11-26,23406.0,22469.76,56,-57646.53366460814,-0.04392975219551243,4,stop
034020,2021-11-29,2021-11-30,19593.0,18809.28,66,-56872.5687323641,-0.04392975219551243,1,stop
000150,2021-11-29,2021-11-30,113500.0,108960.0,11,-54909.377082999796,-0.043929752195512206,1,stop
086520,2021-11-30,2021-12-01,24592.0,23608.32,52,-56241.27582195215,-0.04392975219551243,1,stop
067310,2021-12-01,2021-12-02,14972.0,15870.320000000002,84,70082.33041521604,0.05566089861745516,1,target
352820,2021-12-01,2021-12-02,365000.0,350400.0,3,-48158.404410000076,-0.04392975219551243,1,stop
034220,2021-12-01,2021-12-06,18485.0,19594.100000000002,68,70045.10617066035,0.05566089861745538,3,target
000150,2021-12-02,2021-12-06,110000.0,116600.0,11,67427.14956999989,0.05566089861745516,2,target
066970,2021-12-02,2021-12-06,209000.0,200640.0,6,-55151.26861199993,-0.04392975219551232,2,stop
005290,2021-12-01,2021-12-08,34000.0,33900.0,37,-8844.627814999782,-0.007022628658941876,5,time
316140,2021-12-02,2021-12-08,12400.0,13144.0,103,71171.8639924,0.05566089861745516,4,target
247540,2021-12-07,2021-12-08,125270.0,132786.2,12,83767.92423108034,0.05566089861745538,1,target
066970,2021-12-08,2021-12-09,206900.0,219314.0,6,69176.91196379997,0.05566089861745516,1,target
263750,2021-12-08,2021-12-09,121000.0,128260.0,11,74169.86452700011,0.05566089861745516,1,target
086520,2021-12-06,2021-12-10,22350.0,21456.0,58,-57011.63437139988,-0.043929752195512206,4,stop
352820,2021-12-06,2021-12-13,347500.0,337500.0,3,-34183.93200000003,-0.032752671960388,5,time
005290,2021-12-10,2021-12-13,33550.0,32208.0,42,-61972.60972979991,-0.04392975219551232,1,stop
000150,2021-12-08,2021-12-14,116000.0,111360.0,12,-61220.54697600007,-0.04392975219551243,4,stop
066970,2021-12-13,2021-12-14,207000.0,198720.0,6,-54623.50527600013,-0.04392975219551243,1,stop
078600,2021-12-14,2021-12-15,106000.0,101760.0,12,-55942.91361599974,-0.043929752195512095,1,stop
066970,2021-12-16,2021-12-17,208600.0,200256.0,6,-55045.71594479983,-0.043929752195512206,1,stop
222800,2021-12-13,2021-12-20,39250.0,39900.0,33,16078.570777500048,0.012399227372586585,5,time
263750,2021-12-15,2021-12-21,119700.0,126882.0,10,66702.72564900015,0.05566089861745516,4,target
141080,2021-12-24,2021-12-27,51800.0,54908.0,24,69277.2168143997,0.055660898617454935,1,target
218410,2021-12-23,2021-12-28,32900.0,34874.0,39,71500.64100269973,0.055660898617454935,3,target
180640,2022-01-06,2022-01-07,58900.0,56544.0,22,-56989.644232399995,-0.04392975219551232,1,stop
141080,2022-01-06,2022-01-11,51200.0,49152.0,25,-56294.755839999765,-0.043929752195512206,3,stop
237690,2022-01-07,2022-01-14,125000.0,127300.0,10,17809.444850000087,0.014231187879260698,5,time
080220,2022-01-07,2022-01-14,6210.0,6300.0,211,13564.104088500142,0.010339935783727938,5,time
098460,2022-01-10,2022-01-17,21050.0,20800.0,63,-21138.396142499987,-0.015921360137898688,5,time
319660,2022-01-11,2022-01-17,23500.0,24910.0,55,72024.45522250002,0.05566089861745516,4,target
277810,2022-01-17,2022-01-18,23150.0,22224.0,56,-57016.0323991999,-0.043929752195512206,1,stop
237690,2022-01-18,2022-01-19,125600.0,120576.0,10,-55239.2291679997,-0.043929752195512095,1,stop
108490,2022-01-19,2022-01-20,22592.0,23947.52,56,70500.490192384,0.05566089861745516,1,target
079550,2022-01-19,2022-01-20,61400.0,65084.0,20,68430.19807599974,0.055660898617454935,1,target
098460,2022-01-20,2022-01-21,20950.0,20112.0,63,-58047.36991830007,-0.04392975219551243,1,stop
277810,2022-01-20,2022-01-24,23100.0,22176.0,57,-57908.83204260003,-0.04392975219551232,2,stop
031980,2022-01-20,2022-01-24,15600.0,14976.0,84,-57631.75629119994,-0.04392975219551232,2,stop
005290,2022-01-18,2022-01-25,39350.0,38700.0,33,-26708.481937499717,-0.020544298230789848,5,time
237690,2022-01-24,2022-01-25,119800.0,115008.0,10,-52688.37304400001,-0.04392975219551232,1,stop
108490,2022-01-25,2022-01-26,23079.0,22155.84,54,-54811.12514194776,-0.043929752195512095,1,stop
079550,2022-01-25,2022-01-27,60600.0,58176.0,20,-53304.096936000045,-0.04392975219551232,2,stop
353200,2022-01-24,2022-01-28,21550.0,20688.0,59,-55918.72446310008,-0.04392975219551243,4,stop
222800,2022-01-24,2022-01-28,43700.0,46322.0,29,70620.1873141001,0.05566089861745516,4,target
277810,2022-01-26,2022-01-28,21800.0,20928.0,57,-54649.8934427998,-0.043929752195512206,2,stop
319400,2022-01-27,2022-01-28,3365.0,3230.4,348,-51501.7851435598,-0.043929752195512206,1,stop
058610,2022-01-24,2022-02-03,11550.0,12243.0,110,70798.50704850024,0.05566089861745538,5,target
108490,2022-01-28,2022-02-03,21716.0,23018.960000000003,55,66556.72636646009,0.05566089861745516,1,target
031980,2022-01-28,2022-02-03,14450.0,15317.0,84,67638.90425459994,0.05566089861745516,1,target
138040,2022-01-28,2022-02-04,44700.0,47382.0,27,67254.40232730005,0.05566089861745516,2,target
319400,2022-02-03,2022-02-04,3350.0,3551.0,395,73737.99642025004,0.05566089861745516,1,target
277810,2022-02-03,2022-02-04,22150.0,23479.0,59,72824.10778145003,0.05566089861745516,1,target
012450,2022-02-03,2022-02-04,51847.0,49773.119999999995,25,-57006.13683665008,-0.04392975219551243,1,stop
000990,2022-01-28,2022-02-08,72400.0,69504.0,16,-50946.75403519999,-0.04392975219551232,4,stop
031980,2022-02-07,2022-02-08,14300.0,13728.0,93,-58489.37171219988,-0.043929752195512206,1,stop
138040,2022-02-07,2022-02-10,45350.0,43536.0,29,-57840.66261170013,-0.04392975219551243,3,stop
036930,2022-02-09,2022-02-10,20250.0,21465.0,62,69962.63329349994,0.05566089861745516,1,target
011070,2022-02-09,2022-02-11,333000.0,319680.0,3,-43936.29772200005,-0.04392975219551243,2,stop
298380,2022-02-09,2022-02-11,26950.0,25872.0,47,-55707.61912869988,-0.043929752195512206,2,stop
082740,2022-02-10,2022-02-11,6808.0,6535.679999999999,202,-60482.3819900481,-0.04392975219551243,1,stop
298380,2022-02-14,2022-02-15,23800.0,25228.0,52,68965.15727920015,0.05566089861745516,1,target
138040,2022-02-14,2022-02-15,42200.0,40512.0,29,-53823.06421640003,-0.04392975219551232,1,stop
108490,2022-02-15,2022-02-16,22446.0,23792.760000000002,55,68794.08178400993,0.05566089861745516,1,target
319400,2022-02-15,2022-02-17,3345.0,3545.7000000000003,373,69527.14306714479,0.055660898617454935,2,target
007660,2022-02-15,2022-02-17,6242.0,6616.52,200,69566.98638280015,0.05566089861745516,2,target
298380,2022-02-17,2022-02-18,25800.0,24768.0,50,-56734.55861999979,-0.043929752195512206,1,stop
298380,2022-02-21,2022-02-22,25800.0,24768.0,49,-55599.8674476,-0.04392975219551232,1,stop
108490,2022-02-23,2022-02-25,22495.0,23844.7,56,70197.79244324006,0.05566089861745516,2,target
047810,2022-02-23,2022-02-28,33750.0,35775.0,37,69586.49010375002,0.05566089861745516,3,target
298380,2022-02-25,2022-02-28,25600.0,27136.0,50,71327.89376000036,0.05566089861745538,1,target
007660,2022-03-08,2022-03-10,6233.0,6606.9800000000005,210,72940.01560881012,0.05566089861745516,1,target
100790,2022-03-10,2022-03-17,9220.0,9550.0,143,41647.568748499965,0.0315517519130577,5,time
011200,2022-03-28,2022-04-01,30050.0,28848.0,44,-58150.72357160016,-0.04392975219551243,4,stop
011200,2022-04-04,2022-04-06,28700.0,27552.0,46,-58062.763015600154,-0.04392975219551243,2,stop
034020,2022-03-31,2022-04-07,20150.0,20500.0,66,17581.703865000047,0.013205132340363912,5,time
028050,2022-04-06,2022-04-11,25000.0,24000.0,52,-57174.36139999982,-0.043929752195512206,3,stop
032820,2022-04-08,2022-04-11,2345.0,2251.2,562,-57961.16857342026,-0.04392975219551254,1,stop
035720,2022-04-11,2022-04-12,97100.0,93216.0,13,-55516.30491939979,-0.043929752195512206,1,stop
108490,2022-04-12,2022-04-14,24929.0,26424.74,50,69458.32279465022,0.05566089861745538,2,target
047040,2022-04-08,2022-04-15,6570.0,6590.0,200,-1396.8269999998156,-0.0010618130023505312,5,time
079550,2022-04-08,2022-04-15,70600.0,74836.0,18,70815.22452360019,0.05566089861745538,5,target
298040,2022-04-08,2022-04-15,56900.0,56300.0,23,-19122.631250000326,-0.014595142219671953,5,time
036930,2022-04-14,2022-04-15,23700.0,22752.0,56,-58370.62496160017,-0.04392975219551243,1,stop
000720,2022-04-11,2022-04-18,44600.0,43750.0,28,-28847.66856999998,-0.023073772854859453,5,time
222800,2022-04-15,2022-04-18,50600.0,53636.0,25,70492.02000500029,0.05566089861745538,1,target
298040,2022-04-18,2022-04-19,56200.0,59572.0,23,72030.02771420009,0.05566089861745516,1,target
352820,2022-04-19,2022-04-20,280500.0,269280.0,4,-49345.87191600003,-0.04392975219551232,1,stop
032820,2022-04-19,2022-04-21,2175.0,2305.5,614,74417.84040764999,0.05566089861745516,2,target
035720,2022-04-15,2022-04-22,95000.0,92000.0,13,-43946.30304999999,-0.03554317107442029,5,time
180640,2022-04-19,2022-04-25,57600.0,55296.0,23,-58265.07229440007,-0.04392975219551243,4,stop
086520,2022-04-25,2022-04-27,15987.0,15347.519999999999,81,-56952.12905526627,-0.04392975219551254,2,stop
214150,2022-04-27,2022-05-02,20650.0,19824.0,62,-56307.949923399836,-0.043929752195512206,3,stop
066970,2022-04-28,2022-05-04,222500.0,235850.0,5,61993.97016250016,0.05566089861745538,4,target
214450,2022-04-28,2022-05-06,91000.0,87360.0,14,-56030.87417199975,-0.043929752195512095,5,stop
003230,2022-05-02,2022-05-06,96700.0,92832.0,13,-55287.60747379996,-0.04392975219551232,3,stop
039030,2022-05-03,2022-05-09,108000.0,103680.0,12,-56998.44028799981,-0.043929752195512206,3,stop
214370,2022-05-09,2022-05-10,20820.0,19987.2,60,-54940.16327759996,-0.04392975219551232,1,stop
329180,2022-05-10,2022-05-11,129500.0,124320.0,9,-51259.014009000035,-0.04392975219551232,1,stop
066970,2022-05-10,2022-05-11,210000.0,222600.0,5,58511.16284999973,0.055660898617454935,1,target
307950,2022-05-10,2022-05-11,124000.0,131440.0,10,69098.89708000002,0.05566089861745516,1,target
353200,2022-05-10,2022-05-11,27800.0,29468.0,44,68162.7184744,0.05566089861745516,1,target
000250,2022-05-11,2022-05-12,37850.0,40121.0,33,69603.20757884998,0.05566089861745516,1,target
214370,2022-05-12,2022-05-13,20580.0,19756.8,62,-56117.075516880024,-0.04392975219551232,1,stop
066970,2022-05-13,2022-05-16,214000.0,226840.0,6,71550.79342800006,0.05566089861745516,1,target
329180,2022-05-13,2022-05-17,126500.0,121440.0,10,-55635.051669999724,-0.043929752195512095,2,stop
214370,2022-05-16,2022-05-17,19740.0,20924.4,72,79200.71003376017,0.05566089861745516,1,target
178320,2022-05-11,2022-05-18,18200.0,18150.0,70,-8710.788624999812,-0.006829498760791308,5,time
082740,2022-05-12,2022-05-18,7640.0,7334.4,169,-56785.57574248011,-0.04392975219551243,4,stop
034730,2022-05-12,2022-05-19,240500.0,247000.0,5,27476.1028750001,0.022822900241287636,5,time
079550,2022-05-17,2022-05-19,75700.0,72672.0,17,-56598.219758200226,-0.04392975219551254,2,stop
000250,2022-05-18,2022-05-19,38450.0,40757.0,34,72849.18399409996,0.05566089861745516,1,target
214370,2022-05-19,2022-05-20,19440.0,20606.4,66,71497.29750768025,0.05566089861745538,1,target
047050,2022-05-19,2022-05-25,22400.0,23744.0,57,71149.57402560022,0.05566089861745538,4,target
214370,2022-05-23,2022-05-26,20400.0,21624.0,64,72754.45163520006,0.05566089861745516,3,target
064760,2022-05-25,2022-05-30,132000.0,139920.0,10,73556.89043999999,0.05566089861745516,3,target
267260,2022-05-25,2022-06-02,21850.0,22400.0,60,27529.97415000014,0.020975093002504108,5,time
028300,2022-06-08,2022-06-09,36056.0,34613.76,37,-58672.85743201617,-0.04392975219551243,1,stop
005290,2022-06-08,2022-06-10,39550.0,37968.0,34,-59140.279826600105,-0.04392975219551243,2,stop
353200,2022-06-13,2022-06-15,29500.0,31270.0,45,73974.82731750025,0.05566089861745538,2,target
001440,2022-06-14,2022-06-15,16941.0,17957.46,78,73634.79387396574,0.055660898617454935,1,target
066970,2022-06-14,2022-06-15,232600.0,246556.0,5,64808.078471000306,0.05566089861745538,1,target
028300,2022-06-13,2022-06-16,32334.0,31040.64,41,-58304.39066293184,-0.043929752195512206,3,stop
131290,2022-06-15,2022-06-17,78700.0,75552.0,17,-58841.2139361999,-0.043929752195512206,2,stop
058610,2022-06-16,2022-06-17,16600.0,15936.0,82,-59865.9544135998,-0.043929752195512206,1,stop
095340,2022-06-17,2022-06-21,34150.0,32784.0,39,-58575.13325429987,-0.043929752195512206,2,stop
058610,2022-06-21,2022-06-22,16100.0,15456.0,82,-58062.763015600154,-0.04392975219551243,1,stop
247540,2022-06-24,2022-06-27,120588.0,127823.28000000001,10,67197.56291196006,0.05566089861745516,1,target
047810,2022-06-24,2022-06-28,50700.0,53742.0,25,70631.33229749999,0.05566089861745516,2,target
009830,2022-06-24,2022-06-29,45412.0,48136.72,28,70856.2380625119,0.05566089861745516,3,target
047810,2022-07-05,2022-07-06,50500.0,48480.0,26,-57746.105013999855,-0.043929752195512206,1,stop
009830,2022-07-05,2022-07-06,44601.0,42816.96,30,-58846.93137233984,-0.043929752195512206,1,stop
047810,2022-07-08,2022-07-11,50600.0,48576.0,26,-57860.4537368,-0.04392975219551232,1,stop
083650,2022-07-18,2022-07-19,6350.0,6731.0,208,73601.47037360002,0.05566089861745516,1,target
083650,2022-07-25,2022-07-26,6710.0,7112.6,199,74408.92442092998,0.05566089861745516,1,target
257720,2022-07-26,2022-07-27,4170.0,4003.2,324,-59420.87400024012,-0.04392975219551243,1,stop
257720,2022-07-29,2022-08-02,3035.0,2913.6,441,-58864.74338492984,-0.043929752195512206,2,stop
141080,2022-08-03,2022-08-04,42200.0,44732.0,31,72899.33641939983,0.055660898617454935,1,target
214370,2022-08-22,2022-08-25,25340.0,24326.399999999998,52,-57951.9327150404,-0.04392975219551265,3,stop
196170,2022-08-24,2022-08-25,53467.0,56675.020000000004,25,74486.10343097523,0.05566089861745538,1,target
145020,2022-08-23,2022-08-29,121600.0,116736.0,11,-58828.01985280006,-0.04392975219551243,4,stop
141080,2022-08-24,2022-08-31,44300.0,45100.0,30,18482.73900000006,0.013891275770842704,5,time
214370,2022-08-29,2022-08-31,24320.0,25779.2,54,73182.41899775993,0.05566089861745516,2,target
058610,2022-08-29,2022-08-31,15150.0,16059.0,88,74292.4593444001,0.05566089861745516,2,target
010170,2022-08-31,2022-09-01,2238.0,2372.28,629,78444.07711073384,0.055660898617454935,1,target
237690,2022-08-29,2022-09-05,93700.0,93100.0,14,-13751.255140000023,-0.010470694697196303,5,time
196170,2022-08-29,2022-09-05,51882.0,50298.0,25,-44798.82752999989,-0.034499334144667104,5,time
214370,2022-09-02,2022-09-06,25320.0,26839.2,59,83246.33900795993,0.05566089861745516,2,target
108490,2022-09-05,2022-09-06,20499.0,19679.04,62,-55896.20656076376,-0.043929752195512095,1,stop
068270,2022-08-31,2022-09-07,164382.0,157806.72,8,-57836.52846556809,-0.04392975219551243,5,stop
034020,2022-09-02,2022-09-07,19400.0,18624.0,77,-65697.73927639984,-0.043929752195512206,3,stop
336260,2022-09-05,2022-09-07,35100.0,33696.0,36,-55573.47928080009,-0.04392975219551243,2,stop
277810,2022-09-06,2022-09-07,28300.0,27168.0,49,-60987.451502599986,-0.04392975219551232,1,stop
000150,2022-09-06,2022-09-07,77100.0,74016.0,18,-61035.829808400245,-0.04392975219551254,1,stop
058610,2022-09-08,2022-09-13,15850.0,16801.0,83,73308.91455935012,0.05566089861745516,1,target
336260,2022-09-13,2022-09-14,35000.0,33600.0,38,-58493.7697399999,-0.04392975219551232,1,stop
082740,2022-09-13,2022-09-14,8350.0,8016.0,160,-58757.65140799992,-0.04392975219551232,1,stop
000150,2022-09-14,2022-09-15,70600.0,74836.0,18,70815.22452360019,0.05566089861745538,1,target
298040,2022-09-15,2022-09-16,66900.0,64224.0,19,-55903.3313658,-0.04392975219551232,1,stop
047050,2022-09-15,2022-09-16,25350.0,24336.0,52,-57974.80245960015,-0.04392975219551243,1,stop
000720,2022-09-08,2022-09-19,44350.0,43300.0,29,-35631.131807500264,-0.027671887214996582,5,time
083650,2022-09-15,2022-09-19,8570.0,8227.199999999999,155,-58421.20228129998,-0.04392975219551232,2,stop
028300,2022-09-16,2022-09-19,38568.0,37025.28,33,-55975.63494283217,-0.04392975219551243,1,stop
336260,2022-09-16,2022-09-19,33900.0,32544.0,37,-55164.4626954,-0.04392975219551232,1,stop
082740,2022-09-19,2022-09-20,8100.0,7776.0,153,-54504.75852539996,-0.04392975219551232,1,stop
298040,2022-09-19,2022-09-21,63700.0,61152.0,19,-53229.33046340011,-0.04392975219551243,2,stop
000880,2022-09-15,2022-09-22,29350.0,28176.0,45,-58086.95216849982,-0.043929752195512206,5,stop
218410,2022-09-20,2022-09-22,23550.0,22608.0,53,-54893.983985699946,-0.04392975219551232,2,stop
083650,2022-09-21,2022-09-23,8510.0,8169.599999999999,135,-50526.742380300304,-0.04392975219551254,2,stop
047050,2022-09-19,2022-09-26,24150.0,23184.0,51,-54168.30939870025,-0.04392975219551254,5,stop
079550,2022-09-19,2022-09-26,94400.0,90624.0,13,-53972.59716160013,-0.04392975219551243,5,stop
012450,2022-09-22,2022-09-26,76704.0,73635.84,16,-53975.41189939226,-0.04392975219551254,2,stop
078600,2022-09-22,2022-09-26,86000.0,82560.0,14,-52952.25471199979,-0.043929752195512206,2,stop
298040,2022-09-23,2022-09-26,64300.0,61728.0,17,-48074.841881800094,-0.04392975219551243,1,stop
095340,2022-09-26,2022-09-27,34450.0,33072.0,33,-49998.97904430004,-0.04392975219551232,1,stop
064350,2022-09-26,2022-09-28,27150.0,26064.0,42,-50150.71100339969,-0.043929752195512095,2,stop
009830,2022-09-27,2022-09-28,57888.0,61361.280000000006,19,61290.27591062407,0.05566089861745516,1,target
010170,2022-09-27,2022-09-28,2289.0,2197.44,498,-50134.08645831584,-0.043929752195512206,1,stop
214370,2022-09-27,2022-09-28,25340.0,24326.399999999998,45,-50150.71100339992,-0.04392975219551232,1,stop
267260,2022-09-27,2022-09-29,29000.0,30740.0,39,63024.881126999855,0.055660898617454935,2,target
012450,2022-09-28,2022-09-29,66313.0,63660.479999999996,16,-46663.426800224115,-0.04392975219551243,1,stop
078600,2022-09-28,2022-09-29,83500.0,80160.0,13,-47740.59176900005,-0.04392975219551243,1,stop
373220,2022-09-28,2022-09-30,444000.0,426240.0,2,-39054.48686399998,-0.04392975219551232,2,stop
003670,2022-09-29,2022-09-30,157028.0,150746.88,7,-48342.945656487485,-0.04392975219551187,1,stop
079550,2022-09-28,2022-10-04,89600.0,94976.0,12,59915.43075840012,0.05566089861745516,3,target
009830,2022-09-30,2022-10-04,57264.0,60699.840000000004,19,60629.60129467212,0.05566089861745516,1,target
086520,2022-09-30,2022-10-04,21362.0,22643.72,50,59519.783847700106,0.05566089861745516,1,target
010130,2022-09-29,2022-10-05,579000.0,613740.0,2,64529.45388600021,0.05566089861745538,3,target
058610,2022-10-04,2022-10-05,17750.0,17040.0,64,-49961.59580799984,-0.043929752195512206,1,stop
277810,2022-10-04,2022-10-05,31750.0,30480.0,36,-50269.45775400009,-0.04392975219551243,1,stop
373220,2022-10-05,2022-10-06,455000.0,482300.0,2,50709.67446999997,0.05566089861745516,1,target
003670,2022-10-04,2022-10-07,147819.0,156688.14,7,57660.410542161204,0.05566089861745538,3,target
086520,2022-10-06,2022-10-07,21838.0,23148.280000000002,54,65713.71982208407,0.05566089861745516,1,target
064350,2022-09-30,2022-10-11,25950.0,24912.0,41,-46792.81677809998,-0.04392975219551232,5,stop
086520,2022-10-11,2022-10-12,22221.0,23554.260000000002,51,63151.43241350702,0.05566089861745516,1,target
009830,2022-10-11,2022-10-18,57888.0,61361.280000000006,19,61290.27591062407,0.05566089861745516,5,target
277810,2022-10-14,2022-10-18,32250.0,34185.0,36,64696.62863700022,0.05566089861745538,2,target
058610,2022-10-14,2022-10-18,18450.0,19557.0,64,65799.98199360003,0.05566089861745516,2,target
003670,2022-10-14,2022-10-18,157028.0,166449.68000000002,7,61252.60586673231,0.05566089861745538,2,target
058610,2022-10-24,2022-10-26,18200.0,17472.0,66,-52829.10993360006,-0.04392975219551243,2,stop
086520,2022-11-11,2022-11-16,25555.0,24532.8,47,-52824.05220163008,-0.04392975219551243,3,stop
006400,2022-11-23,2022-11-30,675532.0,713715.0,1,35301.96936445008,0.05219799128652802,5,time
241560,2022-12-01,2022-12-05,36150.0,34704.0,33,-52466.27264009975,-0.043929752195512095,2,stop
267260,2022-12-05,2022-12-06,38200.0,36672.0,31,-52081.445207600016,-0.04392975219551232,1,stop
000150,2022-12-05,2022-12-07,87900.0,84384.0,13,-50256.26367060025,-0.04392975219551254,2,stop
001440,2022-12-05,2022-12-08,15124.0,14519.039999999999,78,-51882.30250881589,-0.043929752195512206,3,stop
003670,2022-12-06,2022-12-09,197739.0,189829.44,6,-52179.697148651816,-0.043929752195512206,3,stop
373220,2022-12-09,2022-12-12,533000.0,511680.0,2,-46882.976347999764,-0.043929752195512095,1,stop
336260,2022-12-07,2022-12-14,32200.0,33200.0,36,31143.23676,0.02683528167407445,5,time
241560,2022-12-07,2022-12-14,35000.0,36300.0,33,38040.10765499994,0.03289732128877687,5,time
131970,2022-12-07,2022-12-14,29400.0,30100.0,39,22520.522115000058,0.019618567847047963,5,time
319660,2022-12-08,2022-12-15,16600.0,17100.0,70,30134.709850000218,0.0259036921094844,5,time
319400,2022-12-12,2022-12-15,3180.0,3370.8,342,60604.190732520074,0.05566089861745516,3,target
298380,2022-12-14,2022-12-21,22300.0,21850.0,53,-28623.351587499958,-0.02419025997159674,5,time
058470,2022-12-14,2022-12-21,31595.0,31836.0,37,4099.854965149891,0.003503073043719551,5,time
051910,2022-12-15,2022-12-22,640000.0,626000.0,1,-16581.57529999991,-0.025878946735661823,5,time
131970,2022-12-16,2022-12-23,28700.0,28300.0,50,-25821.956000000006,-0.01797372194878777,5,time
064350,2022-12-19,2022-12-26,27450.0,27600.0,53,1964.2967325001955,0.001348620195957162,5,time
098460,2022-12-22,2022-12-26,13500.0,12960.0,66,-39186.427697999985,-0.04392975219551232,2,stop
336260,2022-12-23,2022-12-26,30900.0,29664.0,37,-50282.651837399695,-0.043929752195512095,1,stop
319400,2022-12-21,2022-12-27,3220.0,3091.2,363,-51406.78774307994,-0.04392975219551232,4,stop
298380,2022-12-26,2022-12-27,21600.0,22896.0,52,62590.22677439987,0.055660898617454935,1,target
323410,2022-12-26,2022-12-29,25300.0,24288.0,45,-50071.54650299996,-0.04392975219551232,3,stop
131970,2022-12-26,2022-12-29,28300.0,27168.0,40,-49785.67469599983,-0.043929752195512206,3,stop
007660,2022-12-27,2022-12-29,5727.0,5497.92,208,-52390.010838047834,-0.043929752195512206,2,stop
257720,2022-12-29,2023-01-02,2570.0,2467.2,438,-49506.83973348024,-0.04392975219551254,1,stop
377300,2022-12-26,2023-01-03,54700.0,52512.0,20,-48114.42413199984,-0.043929752195512206,5,stop
086790,2022-12-29,2023-01-03,42050.0,40368.0,26,-48083.63793740014,-0.04392975219551243,2,stop
323410,2023-01-02,2023-01-03,24450.0,23472.0,45,-48389.3008694998,-0.043929752195512206,1,stop
218410,2023-01-02,2023-01-03,22700.0,21792.0,49,-48919.26321939984,-0.043929752195512206,1,stop
298040,2023-01-03,2023-01-04,74500.0,71520.0,14,-45871.42995400005,-0.04392975219551243,1,stop
214150,2023-01-03,2023-01-04,17650.0,16944.0,60,-46575.11440199986,-0.043929752195512206,1,stop
000250,2023-01-02,2023-01-05,43700.0,41952.0,25,-48048.453714999836,-0.043929752195512206,3,stop
267270,2023-01-03,2023-01-05,57300.0,55008.0,18,-45361.25872920011,-0.04392975219551243,2,stop
218410,2023-01-05,2023-01-06,22750.0,21840.0,44,-44024.25827800005,-0.04392975219551243,1,stop
257720,2023-01-04,2023-01-09,2465.0,2612.9,421,57829.36849050503,0.05566089861745516,3,target
326030,2023-01-04,2023-01-09,69100.0,73246.0,15,57758.87647050014,0.05566089861745516,3,target
010170,2023-01-05,2023-01-09,2532.0,2430.72,402,-44765.94168619206,-0.04392975219551243,2,stop
015760,2023-01-03,2023-01-10,19650.0,19700.0,54,-1656.559755000053,-0.0015593786180870817,5,time
138040,2023-01-09,2023-01-12,38150.0,40439.0,27,57399.45075585018,0.05566089861745538,3,target
178320,2023-01-06,2023-01-13,16500.0,16200.0,59,-21637.417215000023,-0.02220088292722855,5,time
267270,2023-01-09,2023-01-13,57000.0,60420.0,18,57173.76484200009,0.05566089861745516,4,target
003230,2023-01-09,2023-01-16,115500.0,120500.0,9,40607.258849999984,0.03901934397944418,5,time
298040,2023-01-11,2023-01-16,73800.0,78228.0,15,61687.483119000215,0.05566089861745538,3,target
015760,2023-01-12,2023-01-19,19650.0,20300.0,56,31783.031699999934,0.02884998040877318,5,time
257720,2023-01-13,2023-01-19,2600.0,2756.0,392,56794.83540640015,0.05566089861745538,4,target
178320,2023-01-17,2023-01-19,16550.0,15888.0,65,-47311.78405850008,-0.04392975219551243,2,stop
310210,2023-01-20,2023-01-25,25184.0,26695.04,43,60345.18131830427,0.05566089861745538,1,target
010170,2023-01-17,2023-01-26,2473.0,2489.0,441,2565.730326599907,0.002349898396587058,5,time
000500,2023-01-19,2023-01-30,17497.0,17813.0,62,15088.457069600001,0.01389281758666594,5,time
310210,2023-01-27,2023-02-02,25880.0,27432.800000000003,42,60570.755782320164,0.05566089861745538,4,target
377300,2023-02-01,2023-02-03,61500.0,65190.0,17,58260.40072350006,0.05566089861745516,2,target
145020,2023-02-13,2023-02-14,140000.0,134400.0,8,-49257.911359999795,-0.043929752195512206,1,stop
055550,2023-02-10,2023-02-15,40300.0,38688.0,27,-47854.94049179985,-0.043929752195512206,3,stop
105560,2023-02-10,2023-02-15,54200.0,52032.0,20,-47674.62135199981,-0.043929752195512206,3,stop
086790,2023-02-15,2023-02-16,46550.0,44688.0,23,-47087.484640700044,-0.04392975219551243,1,stop
277810,2023-02-20,2023-02-21,70900.0,75154.0,15,59263.44922950026,0.05566089861745538,1,target
108490,2023-02-16,2023-02-22,26682.0,28282.920000000002,40,59474.089415760245,0.05566089861745538,4,target
000250,2023-02-28,2023-03-02,48650.0,51569.0,22,59642.378665100085,0.05566089861745516,1,target
272210,2023-02-27,2023-03-07,12460.0,12760.0,89,22076.62915699999,0.019884995484321655,5,time
035720,2023-03-03,2023-03-08,61600.0,59136.0,18,-48765.33224639972,-0.043929752195512095,3,stop
010140,2023-03-07,2023-03-08,5390.0,5174.4,236,-55944.67282712017,-0.04392975219551243,1,stop
042660,2023-03-08,2023-03-09,20700.0,19872.0,55,-50071.54650299996,-0.04392975219551232,1,stop
131970,2023-03-03,2023-03-10,32200.0,30912.0,34,-48149.60835439991,-0.043929752195512206,5,stop
067310,2023-03-03,2023-03-10,9103.0,8738.88,123,-49243.3538879822,-0.04392975219551254,5,stop
035420,2023-03-03,2023-03-10,207500.0,199200.0,5,-45629.538425000035,-0.04392975219551232,5,stop
009540,2023-03-09,2023-03-10,78700.0,75552.0,14,-48457.4703003997,-0.043929752195512095,1,stop
039490,2023-03-10,2023-03-14,97700.0,93792.0,10,-42968.73160599999,-0.04392975219551232,2,stop
257720,2023-03-13,2023-03-14,3145.0,3019.2,343,-47443.06518833013,-0.04392975219551243,1,stop
042660,2023-03-13,2023-03-15,19589.0,20764.34,55,60037.7469512152,0.05566089861745538,2,target
098460,2023-03-13,2023-03-16,15850.0,16801.0,68,60060.31554260012,0.05566089861745516,3,target
080220,2023-03-15,2023-03-16,4550.0,4823.0,228,57809.02889579977,0.055660898617454935,1,target
031980,2023-03-15,2023-03-16,8450.0,8112.0,123,-45710.90193929989,-0.043929752195512206,1,stop
078600,2023-03-13,2023-03-17,88200.0,84672.0,12,-46548.72623519995,-0.04392975219551232,4,stop
042700,2023-03-15,2023-03-17,14770.0,15656.2,70,57613.991686300025,0.05566089861745516,2,target
257720,2023-03-16,2023-03-20,3125.0,3312.5,345,60078.42614062503,0.05566089861745516,2,target
066970,2023-03-21,2023-03-22,226000.0,239560.0,4,50375.32496799994,0.05566089861745516,1,target
034220,2023-03-16,2023-03-23,13013.0,13793.78,83,60187.31262844312,0.05566089861745516,5,target
161390,2023-03-16,2023-03-23,34150.0,32784.0,31,-46559.72130470001,-0.04392975219551232,5,stop
078600,2023-03-22,2023-03-23,89400.0,94764.0,12,59781.69095760002,0.05566089861745516,1,target
257720,2023-03-23,2023-03-29,3150.0,3339.0,351,61612.25448104995,0.05566089861745516,4,target
180640,2023-03-27,2023-03-30,43150.0,45739.0,26,62517.784382299986,0.05566089861745516,3,target
000150,2023-03-24,2023-03-31,95700.0,97900.0,11,19814.48204999999,0.018800910615414335,5,time
277810,2023-04-07,2023-04-10,114900.0,121794.0,9,57625.13666970015,0.05566089861745538,1,target
403870,2023-04-13,2023-04-14,21950.0,23267.0,52,63604.42026380007,0.05566089861745516,1,target
108490,2023-04-11,2023-04-18,35203.0,35155.0,32,-6148.077702400042,-0.00545143046619001,5,time
277810,2023-04-13,2023-04-18,111500.0,107040.0,10,-49038.00996999978,-0.043929752195512095,3,stop
403870,2023-04-17,2023-04-18,21800.0,20928.0,54,-51773.5832616,-0.04392975219551232,1,stop
058610,2023-04-17,2023-04-20,31500.0,30240.0,37,-51259.014009000035,-0.04392975219551232,3,stop
007660,2023-04-19,2023-04-21,9082.0,8718.72,124,-49529.18171470426,-0.04392975219551254,2,stop
277810,2023-04-20,2023-04-21,103500.0,109710.0,10,57675.289095000015,0.05566089861745516,1,target
108490,2023-04-20,2023-04-21,34278.0,32906.88,32,-48241.79101708811,-0.04392975219551243,1,stop
080220,2023-04-19,2023-04-24,5160.0,4953.599999999999,219,-49699.47335112002,-0.04392975219551232,3,stop
000250,2023-04-21,2023-04-24,79500.0,76320.0,14,-48950.04941400001,-0.04392975219551232,1,stop
403870,2023-04-20,2023-04-25,20850.0,20016.0,54,-49517.39500020002,-0.04392975219551232,3,stop
277810,2023-04-24,2023-04-25,105400.0,101184.0,10,-46355.2130120002,-0.04392975219551254,1,stop
084370,2023-04-21,2023-04-26,28300.0,29998.0,39,61503.590892900014,0.05566089861745516,3,target
058610,2023-04-24,2023-04-26,28500.0,27360.0,38,-47630.64107399993,-0.04392975219551232,2,stop
000990,2023-04-25,2023-04-26,63500.0,60960.0,16,-44683.96244799998,-0.04392975219551232,1,stop
066970,2023-04-26,2023-04-27,271500.0,260640.0,3,-35821.93643100001,-0.04392975219551232,1,stop
000250,2023-04-26,2023-04-27,75400.0,72384.0,14,-46425.58145680011,-0.04392975219551243,1,stop
131970,2023-04-21,2023-04-28,36100.0,35600.0,30,-19394.12984999991,-0.01788721081948974,5,time
083650,2023-04-27,2023-04-28,7200.0,7632.0,148,59380.47155520017,0.05566089861745538,1,target
247540,2023-04-27,2023-04-28,241500.0,255990.0,4,53830.26982200006,0.05566089861745516,1,target
007660,2023-04-25,2023-05-02,8800.0,9328.0,121,59335.89162160014,0.05566089861745538,4,target
000990,2023-04-28,2023-05-02,61700.0,59232.0,17,-46130.91359420004,-0.04392975219551243,1,stop
058610,2023-04-28,2023-05-02,29650.0,28464.0,37,-48248.56397989998,-0.04392975219551232,1,stop
196170,2023-04-28,2023-05-02,44500.0,42720.0,24,-46970.93690399977,-0.043929752195512095,1,stop
078600,2023-04-26,2023-05-03,100000.0,96000.0,10,-43980.27800000005,-0.04392975219551243,4,stop
066970,2023-05-02,2023-05-03,266500.0,255840.0,4,-46882.976347999764,-0.043929752195512095,1,stop
000250,2023-05-02,2023-05-03,70100.0,67296.0,15,-46245.26231700019,-0.04392975219551254,1,stop
067310,2023-05-02,2023-05-04,13206.0,12677.76,81,-47045.08765270817,-0.04392975219551254,2,stop
196170,2023-05-04,2023-05-08,42350.0,44891.0,24,56638.805638800026,0.05566089861745516,1,target
083650,2023-05-02,2023-05-09,7280.0,6988.8,147,-47065.934304479975,-0.04392975219551232,4,stop
277810,2023-05-03,2023-05-09,100500.0,106530.0,10,56003.541585,0.05566089861745516,3,target
131970,2023-05-03,2023-05-09,35100.0,33696.0,28,-43223.81721840019,-0.04392975219551254,3,stop
141080,2023-05-03,2023-05-09,38550.0,40863.0,26,55853.08430910017,0.05566089861745538,3,target
247540,2023-05-09,2023-05-10,239000.0,229440.0,4,-42045.14576799993,-0.043929752195512206,1,stop
003670,2023-05-09,2023-05-10,306788.0,294516.48,3,-40477.864581192145,-0.04392975219551254,1,stop
000990,2023-05-09,2023-05-12,60900.0,58464.0,16,-42854.382883199956,-0.04392975219551232,3,stop
036930,2023-05-10,2023-05-12,15570.0,14947.199999999999,73,-49988.42377758003,-0.04392975219551232,2,stop
067310,2023-05-08,2023-05-15,12754.0,12243.84,87,-48800.42850824399,-0.04392975219551232,5,stop
086520,2023-05-12,2023-05-15,105361.0,101146.56,9,-41704.25463322201,-0.04392975219551232,1,stop
005490,2023-05-09,2023-05-16,363000.0,370500.0,2,11980.486050000065,0.01648308887615557,5,time
047810,2023-05-10,2023-05-17,51000.0,51600.0,22,8562.905340000289,0.007623055284141644,5,time
003670,2023-05-12,2023-05-18,290309.0,307727.54000000004,3,48532.334788059234,0.05566089861745538,4,target
086520,2023-05-17,2023-05-18,106146.0,112514.76000000001,10,59149.77039882005,0.05566089861745516,1,target
036930,2023-05-15,2023-05-19,15320.0,16239.2,72,61466.81244768016,0.05566089861745538,4,target
032820,2023-05-16,2023-05-19,1510.0,1600.6000000000001,622,52337.956544740126,0.05566089861745538,3,target
006260,2023-05-18,2023-05-19,84700.0,81312.0,12,-44701.55455920007,-0.04392975219551243,1,stop
247540,2023-05-15,2023-05-22,226000.0,236500.0,4,38171.40909999993,0.0421765007640178,5,time
310210,2023-05-19,2023-05-22,40132.0,38526.72,26,-45890.429434095975,-0.04392975219551232,1,stop
086520,2023-05-22,2023-05-23,103006.0,109186.36,9,51660.007204517955,0.05566089861745516,1,target
267260,2023-05-22,2023-05-23,45500.0,48230.0,22,55780.641916999826,0.055660898617454935,1,target
006260,2023-05-22,2023-05-24,82400.0,87344.0,12,55100.79792959988,0.055660898617454935,2,target
064350,2023-05-18,2023-05-25,31250.0,31550.0,33,5644.545554999961,0.005467210607719597,5,time
310210,2023-05-24,2023-05-25,38494.0,36954.24,27,-45710.37417596404,-0.04392975219551232,1,stop
950160,2023-05-19,2023-05-26,9990.0,9750.0,106,-29704.749516000156,-0.028019173747314663,5,time
086520,2023-05-25,2023-05-26,109481.0,105101.76,9,-43335.043341462035,-0.04392975219551232,1,stop
310210,2023-05-30,2023-05-31,35749.0,37893.94,30,59763.301734989975,0.05566089861745516,1,target
259960,2023-05-25,2023-06-02,187300.0,189000.0,5,4636.977274999954,0.004945702277140862,5,time
006260,2023-05-26,2023-06-05,83900.0,87300.0,12,36553.651799999876,0.03626505553898207,5,time
267270,2023-05-31,2023-06-05,60000.0,63600.0,19,63526.40538000013,0.05566089861745516,3,target
310210,2023-06-02,2023-06-05,37429.0,35931.84,28,-46091.85910733603,-0.04392975219551232,1,stop
086520,2023-05-30,2023-06-07,107519.0,113970.14,9,53923.38615830697,0.05566089861745516,5,target
310210,2023-06-13,2023-06-14,36609.0,35144.64,29,-46692.145921757794,-0.043929752195512095,1,stop
241560,2023-06-22,2023-06-26,55500.0,58830.0,19,58761.924976499984,0.05566089861745516,2,target
003670,2023-06-29,2023-07-04,340229.0,360642.74,3,56877.69835797907,0.05566089861745516,3,target
043260,2023-06-30,2023-07-04,1625.0,1722.5,666,60308.29142325022,0.05566089861745538,2,target
214450,2023-07-07,2023-07-10,128000.0,122880.0,8,-45035.804672,-0.04392975219551232,1,stop
084370,2023-07-07,2023-07-10,31250.0,30000.0,34,-46729.04537499987,-0.043929752195512206,1,stop
034020,2023-07-07,2023-07-11,17330.0,18369.8,63,60839.907131429994,0.05566089861745516,2,target
095340,2023-07-11,2023-07-12,50100.0,53106.0,22,61420.00351740001,0.05566089861745516,1,target
131290,2023-07-11,2023-07-12,48150.0,51039.0,22,59029.40457809996,0.05566089861745516,1,target
403870,2023-07-07,2023-07-13,27250.0,28885.0,40,60740.159530000295,0.05566089861745538,4,target
010170,2023-07-07,2023-07-13,1845.0,1955.7,592,60864.98334407993,0.05566089861745516,4,target
326030,2023-07-10,2023-07-17,74500.0,76400.0,14,22247.159270000062,0.021305466055129507,5,time
084370,2023-07-12,2023-07-17,30850.0,32701.0,37,63607.20650964999,0.05566089861745516,3,target
064350,2023-07-17,2023-07-18,34750.0,33360.0,33,-50434.38379650004,-0.04392975219551232,1,stop
214450,2023-07-12,2023-07-19,126500.0,121440.0,9,-50071.54650299996,-0.04392975219551232,5,stop
326030,2023-07-19,2023-07-20,75600.0,80136.0,14,58979.25215279986,0.055660898617454935,1,target
178320,2023-07-17,2023-07-24,18290.0,17558.399999999998,63,-50677.15493106004,-0.04392975219551232,5,stop
257720,2023-07-24,2023-07-25,6820.0,6547.2,166,-49790.95232936018,-0.04392975219551254,1,stop
267270,2023-07-24,2023-07-25,78200.0,82892.0,14,61007.63913160004,0.05566089861745516,1,target
214450,2023-07-24,2023-07-25,124500.0,131970.0,9,62439.76949850004,0.05566089861745516,1,target
010170,2023-07-25,2023-07-26,1841.0,1767.36,624,-50523.83968195203,-0.04392975219551232,1,stop
214150,2023-07-25,2023-07-27,28300.0,29998.0,40,63080.60604400025,0.05566089861745538,2,target
257720,2023-07-27,2023-07-28,6280.0,6656.8,188,65791.06600688002,0.05566089861745516,1,target
067310,2023-07-27,2023-07-28,16565.0,17558.9,71,65538.91075745528,0.05566089861745538,1,target
131290,2023-07-27,2023-07-28,49200.0,52152.0,24,65799.98199360003,0.05566089861745516,1,target
214370,2023-07-26,2023-07-31,44600.0,42816.0,25,-49038.00996999978,-0.043929752195512095,3,stop
086280,2023-07-26,2023-07-31,90685.0,87057.59999999999,12,-47860.218125160085,-0.04392975219551243,3,stop
267270,2023-07-28,2023-07-31,77100.0,81726.0,16,68742.25761119998,0.05566089861745516,1,target
329180,2023-07-28,2023-07-31,129500.0,137270.0,9,64947.39076350024,0.05566089861745538,1,target
012450,2023-07-28,2023-07-31,128043.0,122921.28,9,-50682.300623585936,-0.04392975219551232,1,stop
267270,2023-08-03,2023-08-07,77900.0,74784.0,15,-51390.95484300004,-0.04392975219551232,2,stop
007660,2023-08-04,2023-08-07,32043.0,30761.28,38,-53551.881822251715,-0.043929752195512095,1,stop
353200,2023-08-04,2023-08-07,31950.0,30672.0,38,-53396.45551979984,-0.043929752195512206,1,stop
131290,2023-08-03,2023-08-08,48100.0,46176.0,25,-52886.2842949999,-0.043929752195512206,3,stop
012450,2023-08-02,2023-08-09,123459.0,118520.64,9,-48867.85027441778,-0.043929752195512095,5,stop
067310,2023-08-07,2023-08-10,16634.0,15968.64,69,-50478.18815338798,-0.04392975219551232,3,stop
007660,2023-08-09,2023-08-10,30342.0,29128.32,43,-57381.33258826798,-0.04392975219551232,1,stop
353200,2023-08-09,2023-08-10,30650.0,29424.0,43,-57963.80739009986,-0.043929752195512206,1,stop
247540,2023-08-08,2023-08-11,340000.0,326400.0,3,-44859.88355999999,-0.04392975219551232,3,stop
031980,2023-08-11,2023-08-14,24200.0,25652.0,47,63381.52059580013,0.05566089861745516,1,target
131970,2023-08-11,2023-08-14,44250.0,42480.0,26,-50599.309838999994,-0.04392975219551232,1,stop
003670,2023-08-08,2023-08-16,425529.0,408507.83999999997,2,-37429.767434124136,-0.04392975219551254,5,stop
267270,2023-08-11,2023-08-16,74900.0,71904.0,15,-49411.84233299969,-0.043929752195512095,2,stop
247540,2023-08-14,2023-08-16,316500.0,303840.0,3,-41759.27396100003,-0.04392975219551232,1,stop
403870,2023-08-11,2023-08-17,32000.0,30720.0,36,-50665.28025599988,-0.043929752195512206,3,stop
007660,2023-08-14,2023-08-17,30342.0,29128.32,38,-50709.08461288805,-0.04392975219551243,2,stop
095340,2023-08-16,2023-08-17,91000.0,96460.0,11,55780.641916999826,0.055660898617454935,1,target
131970,2023-08-16,2023-08-17,44450.0,47117.0,22,54493.396334299934,0.05566089861745516,1,target
222800,2023-08-16,2023-08-18,33600.0,35616.0,30,56170.716335999896,0.055660898617454935,2,target
042660,2023-08-17,2023-08-18,35314.0,33901.44,30,-46593.58611876017,-0.04392975219551254,1,stop
086520,2023-08-17,2023-08-18,202678.0,214838.68000000002,5,56471.073638630216,0.05566089861745538,1,target
036930,2023-08-17,2023-08-18,23700.0,25122.0,45,59430.62398050027,0.05566089861745538,1,target
247540,2023-08-18,2023-08-22,319500.0,338670.0,3,53412.33294449991,0.055660898617454935,2,target
000250,2023-08-21,2023-08-23,59000.0,56640.0,22,-57086.400843999814,-0.043929752195512206,2,stop
006260,2023-08-22,2023-08-23,106500.0,112890.0,9,53412.33294449991,0.055660898617454935,1,target
005490,2023-08-17,2023-08-24,543000.0,575580.0,2,60517.259862000355,0.05566089861745538,5,target
003670,2023-08-18,2023-08-24,408081.0,432565.86000000004,2,45480.559708554065,0.05566089861745516,4,target
247540,2023-08-24,2023-08-25,326000.0,345560.0,3,54498.96882600011,0.05566089861745516,1,target
031980,2023-08-24,2023-08-25,27300.0,26208.0,38,-45625.14039720001,-0.04392975219551232,1,stop
010140,2023-08-21,2023-08-28,8300.0,8610.0,158,43461.22503099986,0.03310301626463841,5,time
277810,2023-08-23,2023-08-29,109900.0,116494.0,10,61241.6837830001,0.05566089861745516,4,target
403870,2023-08-23,2023-08-30,31900.0,32650.0,36,22214.029769999906,0.019321237944635472,5,time
028050,2023-08-28,2023-08-30,33700.0,35722.0,36,67605.4693043998,0.055660898617454935,2,target
031980,2023-08-29,2023-08-31,25300.0,26818.0,46,64852.65840460011,0.05566089861745516,2,target
326030,2023-08-25,2023-09-01,84200.0,82100.0,12,-29266.530420000083,-0.028932015232229435,5,time
267260,2023-08-28,2023-09-01,67500.0,64800.0,18,-53436.03777000005,-0.04392975219551243,4,stop
006260,2023-08-30,2023-09-01,107500.0,103200.0,11,-52006.67873499985,-0.043929752195512206,2,stop
277810,2023-08-31,2023-09-01,116600.0,123596.0,10,64975.25322200009,0.05566089861745516,1,target
047050,2023-09-01,2023-09-05,79900.0,84694.0,14,62333.89215620002,0.05566089861745516,2,target
006260,2023-09-04,2023-09-07,100900.0,96864.0,11,-48813.71055219998,-0.04392975219551232,3,stop
086520,2023-09-06,2023-09-07,214254.0,205683.84,5,-47114.75241306005,-0.04392975219551243,1,stop
000100,2023-09-06,2023-09-08,66708.0,70710.48000000001,18,66911.35973824817,0.05566089861745538,2,target
028050,2023-09-04,2023-09-11,33150.0,32850.0,35,-15223.982025000034,-0.013106220450684436,5,time
298040,2023-09-08,2023-09-11,174700.0,185182.0,6,58410.8579994,0.05566089861745516,1,target
095340,2023-09-11,2023-09-13,88000.0,84480.0,13,-50313.43803199986,-0.043929752195512206,2,stop
047050,2023-09-13,2023-09-15,75900.0,80454.0,15,63442.81800450012,0.05566089861745516,2,target
310210,2023-09-14,2023-09-15,59900.0,57504.0,20,-52688.37304400001,-0.04392975219551232,1,stop
005490,2023-09-14,2023-09-15,533000.0,564980.0,2,59402.76152200019,0.05566089861745538,1,target
298040,2023-09-14,2023-09-15,174600.0,185076.0,6,58377.42304919986,0.055660898617454935,1,target
042700,2023-09-13,2023-09-18,53500.0,51360.0,21,-49411.84233299992,-0.04392975219551232,3,stop
095340,2023-09-15,2023-09-18,87300.0,83808.0,13,-49913.217502200045,-0.04392975219551232,1,stop
039030,2023-09-15,2023-09-18,153300.0,147168.0,7,-47195.23632179992,-0.043929752195512206,1,stop
257720,2023-09-15,2023-09-18,7830.0,8299.800000000001,155,67630.54551704996,0.05566089861745516,1,target
310210,2023-09-18,2023-09-20,57300.0,55008.0,20,-50401.3985880001,-0.04392975219551243,2,stop
087010,2023-09-19,2023-09-20,35857.0,38008.420000000006,33,65938.23551267711,0.05566089861745516,1,target
214150,2023-09-19,2023-09-21,36000.0,34560.0,33,-52248.57026399998,-0.04392975219551232,2,stop
226950,2023-09-21,2023-09-22,17640.0,16934.399999999998,66,-51203.598858719924,-0.04392975219551232,1,stop
087010,2023-09-22,2023-09-25,33531.0,32189.76,34,-50139.89185501193,-0.04392975219551232,1,stop
131970,2023-09-22,2023-09-25,46650.0,44784.0,24,-49240.31924879993,-0.04392975219551232,1,stop
214150,2023-09-25,2023-09-26,35450.0,37577.0,34,67165.24246009998,0.05566089861745516,1,target
042700,2023-09-20,2023-09-27,49300.0,52258.0,24,65933.7217943999,0.05566089861745516,5,target
307950,2023-09-22,2023-09-27,173000.0,183380.0,6,57842.46384599991,0.05566089861745516,3,target
000250,2023-09-22,2023-10-04,78000.0,74880.0,14,-48026.463575999835,-0.043929752195512206,4,stop
000150,2023-09-26,2023-10-04,109500.0,116070.0,12,73222.54093799996,0.05566089861745516,2,target
087010,2023-09-27,2023-10-04,29364.0,31125.84,41,67088.56497430778,0.055660898617454935,1,target
298040,2023-10-04,2023-10-05,169400.0,162624.0,7,-52151.81365239993,-0.04392975219551232,1,stop
277810,2023-10-04,2023-10-05,166900.0,160224.0,7,-51382.158787399996,-0.04392975219551232,1,stop
090430,2023-09-25,2023-10-06,121800.0,116928.0,9,-48211.18074360001,-0.04392975219551232,5,stop
307950,2023-10-05,2023-10-06,180500.0,173280.0,7,-55569.08125299984,-0.043929752195512206,1,stop
214150,2023-10-05,2023-10-06,36000.0,34560.0,36,-56998.44028799981,-0.043929752195512206,1,stop
067310,2023-09-27,2023-10-10,20986.0,22245.16,57,66658.25716523407,0.05566089861745516,4,target
000250,2023-10-06,2023-10-10,74100.0,78546.0,15,61938.245245500235,0.05566089861745538,1,target
058610,2023-10-06,2023-10-10,32850.0,31536.0,36,-52011.076762800105,-0.04392975219551243,1,stop
010130,2023-10-04,2023-10-11,502000.0,481920.0,2,-44156.19911200006,-0.04392975219551243,4,stop
277810,2023-10-10,2023-10-11,139900.0,134304.0,8,-49222.727137600305,-0.04392975219551265,1,stop
226950,2023-10-10,2023-10-11,16930.0,16252.8,71,-52865.61356433993,-0.04392975219551232,1,stop
087010,2023-10-10,2023-10-11,33579.0,32235.84,35,-51688.48142366996,-0.04392975219551232,1,stop
307950,2023-10-10,2023-10-11,180300.0,173088.0,6,-47577.86474039976,-0.043929752195512095,1,stop
277810,2023-10-13,2023-10-16,140900.0,135264.0,8,-49574.56936160009,-0.04392975219551243,1,stop
058610,2023-10-13,2023-10-16,33400.0,32064.0,33,-48475.062411600025,-0.04392975219551232,1,stop
000250,2023-10-12,2023-10-18,76600.0,73536.0,14,-47164.45012719999,-0.04392975219551232,4,stop
196170,2023-10-16,2023-10-18,60300.0,57888.0,18,-47736.193741200026,-0.04392975219551232,2,stop
307950,2023-10-17,2023-10-19,173300.0,166368.0,6,-45730.69306439988,-0.043929752195512206,2,stop
277810,2023-10-18,2023-10-19,143000.0,137280.0,7,-44024.25827800005,-0.04392975219551243,1,stop
257720,2023-10-18,2023-10-19,8520.0,8179.2,127,-47588.42000712,-0.04392975219551232,1,stop
196170,2023-10-20,2023-10-24,55600.0,53376.0,18,-44015.462222400005,-0.04392975219551232,2,stop
067310,2023-10-24,2023-10-25,21455.0,22742.300000000003,48,57387.74852327991,0.055660898617454935,1,target
196170,2023-10-26,2023-10-27,53700.0,56922.0,19,56856.13281510002,0.05566089861745516,1,target
005830,2023-10-24,2023-10-31,85900.0,87900.0,12,19704.82224000024,0.019094086898701068,5,time
003230,2023-10-30,2023-11-02,183800.0,194828.0,5,51211.19872300001,0.05566089861745516,3,target
084370,2023-11-01,2023-11-02,38600.0,40916.0,28,60227.49029360013,0.05566089861745516,1,target
067310,2023-11-01,2023-11-02,21198.0,22469.88,52,61425.35310943215,0.05566089861745538,1,target
031980,2023-11-22,2023-11-23,27850.0,26736.0,39,-47769.17894969997,-0.04392975219551232,1,stop
067310,2023-11-30,2023-12-04,24874.0,23879.04,43,-47040.5137037962,-0.04392975219551254,2,stop
031980,2023-12-01,2023-12-04,27050.0,25968.0,40,-47586.66079599981,-0.043929752195512206,1,stop
090430,2023-12-04,2023-12-11,129000.0,127400.0,8,-16991.607359999907,-0.016445820653329002,5,time
036930,2023-12-06,2023-12-12,32200.0,34132.0,33,59213.29680420016,0.05566089861745538,4,target
298040,2023-12-07,2023-12-12,186000.0,178560.0,5,-40901.658539999975,-0.04392975219551232,3,stop
042700,2023-12-06,2023-12-13,58400.0,58600.0,18,-718.6408200000878,-0.0006828531438539676,5,time
267260,2023-12-08,2023-12-15,80100.0,84906.0,16,71417.05362719996,0.05566089861745516,5,target
196170,2023-12-14,2023-12-15,70700.0,67872.0,14,-43531.67916440009,-0.04392975219551243,1,stop
009830,2023-12-14,2023-12-15,32250.0,34185.0,31,55710.98577075021,0.05566089861745538,1,target
082740,2023-12-27,2023-12-28,9150.0,9699.0,119,60676.075875449926,0.05566089861745516,1,target
247540,2023-12-27,2024-01-03,288000.0,276480.0,3,-37998.96019199991,-0.043929752195512206,3,stop
259960,2023-12-28,2024-01-04,188500.0,199810.0,6,63024.88112700009,0.05566089861745516,3,target
000500,2023-12-28,2024-01-08,20850.0,21000.0,55,3526.0677374999505,0.0030713031521902856,5,time
247540,2024-01-05,2024-01-08,282000.0,298920.0,3,47143.279782,0.05566089861745516,1,target
403870,2024-01-03,2024-01-10,42100.0,41900.0,25,-9298.615250000032,-0.008824639177354654,5,time
003670,2024-01-09,2024-01-10,323265.0,310334.39999999997,3,-42651.85370301013,-0.04392975219551243,1,stop
000500,2024-01-10,2024-01-11,20550.0,19728.0,54,-48804.91449659993,-0.04392975219551232,1,stop
079550,2024-01-09,2024-01-12,120600.0,127836.0,9,60483.82491179998,0.05566089861745516,3,target
003670,2024-01-12,2024-01-15,309696.0,297308.16,3,-40861.54852646403,-0.04392975219551232,1,stop
034730,2024-01-11,2024-01-16,165200.0,158592.0,6,-43593.25155360007,-0.04392975219551243,3,stop
454910,2024-01-12,2024-01-17,96300.0,92448.0,11,-46588.30848540005,-0.04392975219551243,3,stop
000150,2024-01-12,2024-01-17,86100.0,82656.0,13,-49227.12516539986,-0.043929752195512206,3,stop
028300,2024-01-16,2024-01-17,44000.0,42240.0,21,-40637.77687199984,-0.043929752195512206,1,stop
000500,2024-01-15,2024-01-18,19500.0,20670.0,61,66284.78877150035,0.05566089861745538,3,target
310210,2024-01-17,2024-01-18,44650.0,42864.0,22,-43201.827079399955,-0.04392975219551232,1,stop
141080,2024-01-17,2024-01-18,52800.0,50688.0,18,-41798.856211200124,-0.04392975219551243,1,stop
098460,2024-01-12,2024-01-19,15550.0,16483.0,73,63256.13953254977,0.055660898617454935,5,target
009830,2024-01-18,2024-01-19,34100.0,32736.0,31,-46491.551873799996,-0.04392975219551232,1,stop
454910,2024-01-19,2024-01-22,88200.0,84672.0,13,-50427.78675480001,-0.04392975219551232,1,stop
141080,2024-01-22,2024-01-23,50000.0,53000.0,22,61297.40870000026,0.05566089861745538,1,target
079550,2024-01-17,2024-01-24,120100.0,119000.0,8,-12711.60771999997,-0.013215033576758684,5,time
298380,2024-01-19,2024-01-24,21850.0,20976.0,53,-50931.36093789991,-0.043929752195512206,3,stop
068270,2024-01-18,2024-01-25,163750.0,167431.0,6,17994.407867699978,0.018293878245249084,5,time
307950,2024-01-18,2024-01-25,174000.0,175000.0,6,1703.7909000000218,0.0016301087511096934,5,time
066970,2024-01-23,2024-01-25,175500.0,168480.0,6,-46311.232734000194,-0.04392975219551254,2,stop
454910,2024-01-24,2024-01-25,80300.0,77088.0,13,-45911.01220420003,-0.04392975219551232,1,stop
141080,2024-01-25,2024-01-26,51100.0,54166.0,20,56950.86517400015,0.05566089861745538,1,target
180640,2024-01-25,2024-01-26,72700.0,77062.0,14,56716.82052259997,0.05566089861745516,1,target
272210,2024-01-25,2024-01-29,16780.0,16108.8,62,-45755.32202008006,-0.04392975219551243,2,stop
079550,2024-01-26,2024-01-29,116000.0,111360.0,9,-45915.41023199994,-0.04392975219551232,1,stop
298380,2024-01-26,2024-01-30,21500.0,22790.0,50,59904.285775,0.05566089861745516,2,target
141080,2024-01-29,2024-01-30,54000.0,51840.0,19,-45123.76522799989,-0.043929752195512206,1,stop
108490,2024-01-26,2024-01-31,27023.0,25942.079999999998,40,-47539.16209576023,-0.04392975219551254,3,stop
068270,2024-01-29,2024-01-31,169270.0,162499.19999999998,6,-44667.24994235998,-0.04392975219551232,2,stop
226950,2024-01-30,2024-01-31,14390.0,15253.400000000001,74,59339.235116620315,0.05566089861745538,1,target
326030,2024-01-25,2024-02-01,90400.0,90000.0,11,-8462.278659999953,-0.008500157835500843,5,time
377300,2024-01-31,2024-02-01,47400.0,45504.0,22,-45862.6338984,-0.04392975219551232,1,stop
035720,2024-01-31,2024-02-01,53700.0,51552.0,19,-44873.07764340006,-0.04392975219551243,1,stop
047810,2024-01-30,2024-02-02,51400.0,49344.0,20,-45211.72578399989,-0.043929752195512206,3,stop
180640,2024-01-31,2024-02-02,71800.0,76108.0,14,56014.68656840024,0.05566089861745538,2,target
141080,2024-02-01,2024-02-02,50200.0,48192.0,20,-44156.19911200018,-0.04392975219551254,1,stop
100790,2024-02-01,2024-02-05,5910.0,6264.6,173,56974.82688831014,0.05566089861745538,2,target
323410,2024-02-02,2024-02-05,27250.0,28885.0,37,56184.64756525005,0.05566089861745516,1,target
058470,2024-02-01,2024-02-06,39765.0,38174.4,25,-43721.89386675018,-0.04392975219551254,3,stop
377300,2024-02-05,2024-02-06,48350.0,46416.0,21,-44655.37526729982,-0.043929752195512206,1,stop
218410,2024-02-05,2024-02-07,17410.0,16713.6,60,-45941.79839879996,-0.04392975219551232,2,stop
180640,2024-02-06,2024-02-08,71000.0,75260.0,14,55390.56749799999,0.05566089861745516,2,target
011200,2024-02-13,2024-02-14,18510.0,17769.6,55,-44774.12201790011,-0.04392975219551243,1,stop
950160,2024-02-14,2024-02-15,10280.0,10896.800000000001,98,56139.510382480104,0.05566089861745516,1,target
180640,2024-02-15,2024-02-22,70900.0,71800.0,14,8494.981249999953,0.008548480729346108,5,time
950160,2024-02-19,2024-02-26,10220.0,10050.0,101,-21349.625985499937,-0.02065945139890113,5,time
039030,2024-02-20,2024-02-26,171500.0,181790.0,6,57340.93959299999,0.05566089861745516,4,target
080220,2024-02-27,2024-02-28,27200.0,26112.0,37,-44261.75177920004,-0.04392975219551243,1,stop
078930,2024-02-28,2024-02-29,45800.0,48548.0,22,56148.426369199995,0.05566089861745516,1,target
006260,2024-02-29,2024-03-05,89100.0,94446.0,11,54615.99115170003,0.05566089861745516,2,target
080220,2024-03-04,2024-03-05,27500.0,29150.0,38,58232.53826499998,0.05566089861745516,1,target
100790,2024-03-04,2024-03-06,6200.0,5952.0,169,-46082.53528840002,-0.04392975219551232,2,stop
259960,2024-03-07,2024-03-11,214500.0,227370.0,4,47811.97878600005,0.05566089861745516,2,target
080220,2024-03-08,2024-03-11,27450.0,26352.0,39,-47083.086612899904,-0.043929752195512206,1,stop
006800,2024-03-08,2024-03-11,8244.0,7914.24,133,-48222.263773655985,-0.04392975219551232,1,stop
267270,2024-03-12,2024-03-13,51300.0,54378.0,20,57173.76484200009,0.05566089861745516,1,target
080220,2024-03-13,2024-03-14,27200.0,26112.0,38,-45458.01534080005,-0.04392975219551243,1,stop
034730,2024-03-13,2024-03-15,181000.0,191860.0,5,50431.0498850001,0.05566089861745516,2,target
039030,2024-03-15,2024-03-18,172000.0,182320.0,6,57508.11434400012,0.05566089861745516,1,target
098460,2024-03-15,2024-03-18,18700.0,19822.0,55,57313.077134500025,0.05566089861745516,1,target
080220,2024-03-18,2024-03-19,25400.0,26924.0,43,60862.75434740004,0.05566089861745516,1,target
006800,2024-03-14,2024-03-21,8114.0,8363.0,132,28381.734578999924,0.026468588549231953,5,time
161390,2024-03-14,2024-03-21,51100.0,53100.0,21,37478.403480000095,0.03488523643220609,5,time
403870,2024-03-15,2024-03-21,51500.0,54590.0,20,57396.664510000264,0.05566089861745538,4,target
028260,2024-03-19,2024-03-21,152200.0,161332.0,7,59369.326571799815,0.055660898617454935,2,target
000270,2024-03-21,2024-03-22,117300.0,112608.0,9,-46429.97948460013,-0.04392975219551243,1,stop
226950,2024-03-22,2024-03-25,15800.0,16748.0,71,62512.211890600156,0.05566089861745538,1,target
003550,2024-03-19,2024-03-26,89000.0,89900.0,12,6391.28346000053,0.005977472818626817,5,time
145020,2024-03-22,2024-03-27,176200.0,186772.0,6,58912.38225240004,0.05566089861745516,3,target
015760,2024-03-21,2024-03-28,22500.0,22100.0,50,-24551.513999999966,-0.021798496459297323,5,time
000270,2024-03-25,2024-04-01,113100.0,108576.0,10,-49741.69441800006,-0.04392975219551243,5,stop
098460,2024-03-26,2024-04-02,18910.0,18153.6,61,-50731.690475780284,-0.04392975219551254,5,stop
003670,2024-03-29,2024-04-02,290794.0,279162.24,3,-38367.602882195846,-0.043929752195512206,2,stop
032830,2024-03-28,2024-04-04,93200.0,93400.0,12,-2190.5021999997552,-0.001956353440862313,5,time
086790,2024-04-02,2024-04-04,55500.0,58830.0,17,52576.45918949996,0.05566089861745516,2,target
071050,2024-03-29,2024-04-05,66900.0,66400.0,16,-12363.128879999975,-0.011536739315240685,5,time
196170,2024-04-04,2024-04-05,170400.0,163584.0,6,-44965.43622719997,-0.04392975219551232,1,stop
141080,2024-04-04,2024-04-05,66400.0,63744.0,16,-46724.64734719996,-0.04392975219551232,1,stop
024110,2024-04-01,2024-04-08,13500.0,13460.0,104,-9901.608911999734,-0.007044325968487142,5,time
005940,2024-04-02,2024-04-08,11220.0,11893.2,86,53770.0869116399,0.055660898617454935,4,target
298380,2024-04-05,2024-04-08,23600.0,22656.0,43,-44631.18611440004,-0.04392975219551232,1,stop
028300,2024-04-05,2024-04-09,89100.0,94446.0,11,54615.99115170003,0.05566089861745516,2,target
196170,2024-04-08,2024-04-09,160500.0,170130.0,7,62606.944249500055,0.05566089861745516,1,target
141080,2024-04-08,2024-04-09,64600.0,62016.0,18,-51140.2672584001,-0.04392975219551243,1,stop
950160,2024-04-08,2024-04-09,11990.0,11510.4,97,-51150.382722339826,-0.043929752195512206,1,stop
055550,2024-04-05,2024-04-11,43900.0,42144.0,23,-44406.886696600006,-0.04392975219551232,3,stop
006400,2024-04-09,2024-04-11,416088.0,399444.48,2,-36599.33182492806,-0.04392975219551243,1,stop
000100,2024-04-09,2024-04-11,71600.0,68736.0,15,-47234.818571999785,-0.043929752195512095,1,stop
078600,2024-04-09,2024-04-11,89500.0,85920.0,12,-47234.818571999785,-0.043929752195512095,1,stop
237690,2024-04-09,2024-04-12,79200.0,83952.0,14,61787.78796959994,0.05566089861745516,2,target
950160,2024-04-11,2024-04-12,11790.0,11318.4,89,-46148.94550817984,-0.043929752195512206,1,stop
141080,2024-04-11,2024-04-12,61200.0,64872.0,17,57976.2036467999,0.055660898617454935,1,target
196170,2024-04-11,2024-04-12,171200.0,181472.0,6,57240.63474240003,0.05566089861745516,1,target
028300,2024-04-11,2024-04-15,91200.0,96672.0,11,55903.236734400154,0.05566089861745538,2,target
000250,2024-04-12,2024-04-15,98400.0,104304.0,11,60316.65016079997,0.05566089861745516,1,target
042660,2024-04-12,2024-04-15,26450.0,28037.0,42,61904.81029529986,0.055660898617454935,1,target
000810,2024-04-12,2024-04-15,291000.0,279360.0,3,-38394.782693999936,-0.043929752195512206,1,stop
141080,2024-04-15,2024-04-16,63300.0,60768.0,17,-47327.17715579993,-0.04392975219551232,1,stop
078600,2024-04-15,2024-04-16,85200.0,90312.0,13,61720.918069200125,0.05566089861745516,1,target
196170,2024-04-15,2024-04-16,175900.0,168864.0,6,-46416.78540120006,-0.04392975219551243,1,stop
105560,2024-04-15,2024-04-17,66200.0,63552.0,16,-46583.91045760014,-0.04392975219551243,2,stop
032820,2024-04-16,2024-04-17,1370.0,1315.2,862,-51938.0695013199,-0.043929752195512206,1,stop
000250,2024-04-17,2024-04-18,97800.0,103668.0,11,59948.86570860003,0.05566089861745516,1,target
007660,2024-04-17,2024-04-18,36857.0,35382.72,31,-50250.41429362609,-0.04392975219551243,1,stop
012330,2024-04-15,2024-04-19,239500.0,229920.0,4,-42133.10632400005,-0.04392975219551243,4,stop
196170,2024-04-18,2024-04-19,160900.0,170554.0,7,62762.97401709994,0.05566089861745516,1,target
028300,2024-04-18,2024-04-19,92900.0,98474.0,12,62122.13747159997,0.05566089861745516,1,target
000100,2024-04-16,2024-04-22,69000.0,73140.0,17,65365.32764100027,0.05566089861745538,4,target
043260,2024-04-19,2024-04-22,1806.0,1733.76,618,-49086.74011802394,-0.04392975219551232,1,stop
277810,2024-04-16,2024-04-23,171700.0,172100.0,6,-1829.040960000013,-0.0017733835229062356,5,time
141080,2024-04-19,2024-04-23,62100.0,65826.0,17,58828.794876900036,0.05566089861745516,2,target
095340,2024-04-22,2024-04-23,84200.0,80832.0,14,-51843.95170639991,-0.043929752195512206,1,stop
079550,2024-04-19,2024-04-24,159000.0,168540.0,7,62021.83262100001,0.05566089861745516,3,target
000250,2024-04-23,2024-04-24,100600.0,106636.0,11,61665.193152199965,0.05566089861745516,1,target
196170,2024-04-23,2024-04-24,166700.0,176702.0,6,55736.06198340026,0.05566089861745538,1,target
000150,2024-04-22,2024-04-25,133000.0,140980.0,8,59291.3116880001,0.05566089861745516,3,target
240810,2024-04-24,2024-04-25,36400.0,38584.0,32,64908.3833215998,0.055660898617454935,1,target
043260,2024-04-25,2024-04-26,1672.0,1605.12,732,-53827.63816531189,-0.043929752195512206,1,stop
007660,2024-04-23,2024-04-29,35398.0,37521.880000000005,32,63121.619582912186,0.05566089861745538,4,target
298040,2024-04-26,2024-04-29,279500.0,296270.0,4,62300.45720600011,0.05566089861745516,1,target
064760,2024-04-26,2024-04-29,120400.0,127624.0,9,60383.52006120002,0.05566089861745516,1,target
005290,2024-04-24,2024-05-02,44050.0,44450.0,26,5675.67182000028,0.004949927045721836,5,time
058470,2024-04-24,2024-05-02,50057.0,51960.0,23,38921.6640593498,0.03376754824336037,5,time
005930,2024-04-29,2024-05-08,77400.0,81300.0,15,53569.52887500031,0.04608784381062758,5,time
240810,2024-04-29,2024-05-08,37600.0,38250.0,32,15807.7263199999,0.013122977020214144,5,time
067310,2024-04-30,2024-05-09,23763.0,23850.0,56,-595.9523891997524,-0.00044732487931886666,5,time
064350,2024-05-02,2024-05-10,37300.0,37600.0,31,4533.834475000156,0.003916480044926951,5,time
012450,2024-05-02,2024-05-10,215954.0,222067.0,5,26049.779437750112,0.024097588101320122,5,time
039030,2024-05-13,2024-05-14,230500.0,221280.0,5,-50687.27039499977,-0.043929752195512095,1,stop
064760,2024-05-13,2024-05-14,120800.0,115968.0,10,-53128.1758239998,-0.043929752195512206,1,stop
084370,2024-05-13,2024-05-14,50000.0,48000.0,24,-52776.33360000001,-0.04392975219551232,1,stop
319660,2024-05-13,2024-05-16,28200.0,29892.0,43,67572.03435420012,0.05566089861745516,2,target
028300,2024-05-14,2024-05-16,100000.0,96000.0,11,-48378.30579999974,-0.043929752195512095,1,stop
039030,2024-05-16,2024-05-17,228000.0,218880.0,5,-50137.51691999985,-0.043929752195512206,1,stop
064760,2024-05-16,2024-05-20,119500.0,114720.0,10,-52556.432209999766,-0.043929752195512095,2,stop
039030,2024-05-20,2024-05-21,219500.0,232670.0,5,61158.09640749986,0.055660898617454935,1,target
084370,2024-05-16,2024-05-23,48500.0,49300.0,24,14373.09263999993,0.012333831975112508,5,time
012450,2024-05-20,2024-05-23,211370.0,202915.19999999998,5,-46480.55680429994,-0.04392975219551232,3,stop
042660,2024-05-23,2024-05-27,30300.0,32118.0,39,65850.13441889989,0.055660898617454935,2,target
043260,2024-05-29,2024-05-30,1818.0,1745.28,661,-52851.01211204403,-0.04392975219551232,1,stop
000250,2024-05-29,2024-05-30,105500.0,101280.0,11,-51039.11261900002,-0.04392975219551232,1,stop
237690,2024-05-30,2024-06-04,88600.0,93916.0,13,64183.959400600055,0.05566089861745516,3,target
000500,2024-06-03,2024-06-04,53000.0,50880.0,22,-51281.00414799969,-0.043929752195512095,1,stop
001440,2024-06-05,2024-06-07,16070.0,15427.199999999999,74,-52300.466992040165,-0.04392975219551243,1,stop
042660,2024-05-31,2024-06-10,29900.0,30300.0,39,10775.099399999948,0.009229672118031385,5,time
010140,2024-06-03,2024-06-11,9220.0,9220.0,129,-4874.317115999758,-0.00409349187032515,5,time
214450,2024-06-04,2024-06-12,130800.0,134800.0,9,31069.469160000095,0.026362364647401826,5,time
000500,2024-06-07,2024-06-12,47650.0,45744.0,24,-50295.845920799766,-0.043929752195512095,3,stop
001440,2024-06-10,2024-06-13,15170.0,14563.199999999999,87,-58044.731101620244,-0.04392975219551254,3,stop
006260,2024-06-07,2024-06-14,147600.0,145700.0,7,-17495.05117500003,-0.016913426595571823,5,time
010120,2024-06-12,2024-06-14,38840.0,41170.4,30,64930.67328840005,0.05566089861745516,2,target
000500,2024-06-14,2024-06-18,48300.0,46368.0,24,-50981.93825759995,-0.04392975219551232,2,stop
006260,2024-06-17,2024-06-18,147200.0,141312.0,8,-51791.17537280009,-0.04392975219551243,1,stop
298040,2024-06-13,2024-06-20,372500.0,357600.0,3,-49147.96066499967,-0.043929752195512095,5,stop
006260,2024-06-20,2024-06-21,141200.0,149672.0,7,55078.5079628001,0.05566089861745516,1,target
001440,2024-06-17,2024-06-24,16000.0,15680.0,74,-28462.45897600008,-0.024011622032918956,5,time
336260,2024-06-17,2024-06-24,22000.0,22500.0,54,22051.74105000007,0.018540746950803655,5,time
178320,2024-06-19,2024-06-24,28250.0,27120.0,39,-48455.27128649969,-0.043929752195512095,3,stop
010120,2024-06-21,2024-06-24,37700.0,39962.0,30,63024.88112700009,0.05566089861745516,1,target
032820,2024-06-18,2024-06-25,2235.0,2145.6,503,-49442.84842898999,-0.04392975219551232,5,stop
950160,2024-06-24,2024-06-25,13310.0,14108.6,86,63786.08349321992,0.05566089861745516,1,target
298040,2024-06-24,2024-06-25,376500.0,361440.0,3,-49675.72400099994,-0.04392975219551232,1,stop
006260,2024-06-24,2024-06-26,147200.0,141312.0,7,-45317.27845119999,-0.04392975219551232,2,stop
083650,2024-06-25,2024-06-27,10100.0,9696.0,120,-53304.096936000045,-0.04392975219551232,2,stop
090430,2024-06-24,2024-06-28,173600.0,166656.0,6,-45809.85756479995,-0.04392975219551232,4,stop
298040,2024-06-27,2024-06-28,359500.0,345120.0,3,-47432.7298229998,-0.043929752195512206,1,stop
009830,2024-06-27,2024-06-28,28800.0,27648.0,39,-49398.648249600315,-0.04392975219551265,1,stop
178320,2024-06-27,2024-06-28,28000.0,29680.0,40,62411.907040000195,0.05566089861745538,1,target
032820,2024-06-27,2024-07-02,2125.0,2040.0,538,-50280.452823499916,-0.04392975219551232,3,stop
083650,2024-07-01,2024-07-02,9800.0,9408.0,114,-49134.766581600066,-0.04392975219551243,1,stop
090430,2024-07-01,2024-07-02,169700.0,162912.0,6,-44780.71905960003,-0.04392975219551232,1,stop
257720,2024-07-02,2024-07-03,43000.0,45580.0,25,59904.285775,0.05566089861745516,1,target
031980,2024-07-02,2024-07-03,66800.0,64128.0,16,-47006.12112639984,-0.043929752195512206,1,stop
440110,2024-07-03,2024-07-04,20300.0,21518.0,53,59954.438200300094,0.05566089861745516,1,target
180640,2024-06-28,2024-07-05,64800.0,68688.0,16,57775.59394560021,0.05566089861745538,5,target
032820,2024-07-04,2024-07-05,1977.0,1897.9199999999998,567,-49300.088446602225,-0.04392975219551254,1,stop
278470,2024-07-04,2024-07-05,67500.0,64800.0,16,-47498.7002399998,-0.043929752195512206,1,stop
031980,2024-07-05,2024-07-08,65300.0,62688.0,16,-45950.59445440001,-0.04392975219551232,1,stop
257720,2024-07-05,2024-07-08,43500.0,41760.0,25,-47828.55232499994,-0.04392975219551232,1,stop
003230,2024-07-05,2024-07-09,589000.0,624340.0,1,32821.97611300007,0.05566089861745516,2,target
032820,2024-07-08,2024-07-09,1982.0,2100.92,653,72121.75092758215,0.05566089861745516,1,target
440110,2024-07-08,2024-07-09,20000.0,21200.0,64,71327.89376000012,0.05566089861745516,1,target
454910,2024-07-03,2024-07-10,76200.0,80000.0,14,48671.20397999999,0.045571137144015283,5,time
047050,2024-07-04,2024-07-11,57400.0,55104.0,19,-47964.89118679997,-0.04392975219551232,5,stop
078600,2024-07-09,2024-07-11,137100.0,131616.0,8,-48237.56891039992,-0.043929752195512206,2,stop
257720,2024-07-10,2024-07-11,45450.0,48177.0,26,65850.13441889966,0.055660898617454935,1,target
042700,2024-07-09,2024-07-12,165200.0,158592.0,6,-43593.25155360007,-0.04392975219551243,3,stop
031980,2024-07-10,2024-07-12,66000.0,63360.0,18,-52248.57026399998,-0.04392975219551232,2,stop
440110,2024-07-11,2024-07-12,20200.0,19392.0,55,-48862.088858,-0.04392975219551232,1,stop
078600,2024-07-15,2024-07-16,125800.0,120768.0,8,-44261.75177919993,-0.043929752195512206,1,stop
031980,2024-07-15,2024-07-16,63600.0,67416.0,16,56705.67553919996,0.05566089861745516,1,target
257720,2024-07-15,2024-07-16,43500.0,41760.0,24,-45915.41023199994,-0.04392975219551232,1,stop
003230,2024-07-15,2024-07-16,597000.0,632820.0,1,33267.775449000066,0.05566089861745516,1,target
047050,2024-07-15,2024-07-17,55000.0,52800.0,19,-45959.390510000056,-0.04392975219551243,2,stop
042700,2024-07-16,2024-07-18,159600.0,153216.0,6,-42115.514212799724,-0.043929752195512095,2,stop
031980,2024-07-18,2024-07-19,58000.0,61480.0,18,58176.81334799994,0.05566089861745516,1,target
007660,2024-07-18,2024-07-19,45902.0,48656.12,22,56273.473082947894,0.055660898617454935,1,target
011200,2024-07-16,2024-07-22,17740.0,17030.399999999998,61,-47592.81803492014,-0.04392975219551243,4,stop
078600,2024-07-18,2024-07-22,121500.0,116640.0,8,-42748.83021599997,-0.04392975219551232,2,stop
402340,2024-07-19,2024-07-22,88200.0,84672.0,13,-50427.78675480001,-0.04392975219551232,1,stop
319660,2024-07-18,2024-07-23,31350.0,30096.0,33,-45499.796604900155,-0.04392975219551243,3,stop
000150,2024-07-22,2024-07-23,206000.0,197760.0,5,-45299.686340000015,-0.04392975219551232,1,stop
000660,2024-07-19,2024-07-24,208500.0,200160.0,5,-45849.43981500005,-0.04392975219551243,3,stop
047050,2024-07-23,2024-07-24,53200.0,51072.0,19,-44455.26500240003,-0.04392975219551232,1,stop
267260,2024-07-23,2024-07-24,298500.0,316410.0,3,49901.6631735001,0.05566089861745516,1,target
307950,2024-07-24,2024-07-26,158500.0,152160.0,6,-41825.244377999916,-0.043929752195512206,2,stop
011070,2024-07-26,2024-07-29,256000.0,245760.0,3,-33776.853504,-0.04392975219551232,1,stop
000250,2024-07-26,2024-07-29,174900.0,185394.0,5,48731.43991650012,0.05566089861745538,1,target
005930,2024-07-26,2024-08-01,80700.0,85542.0,12,53964.00962279993,0.05566089861745516,4,target
028300,2024-07-30,2024-08-01,77200.0,81832.0,13,55925.526701200055,0.05566089861745516,2,target
087010,2024-07-31,2024-08-02,65415.0,62798.399999999994,16,-46031.51816592016,-0.04392975219551254,2,stop
032820,2024-08-01,2024-08-02,2390.0,2294.4,438,-46039.434615959995,-0.04392975219551232,1,stop
034220,2024-07-29,2024-08-05,11370.0,10915.199999999999,91,-45505.074238260044,-0.04392975219551243,5,stop
079550,2024-08-01,2024-08-05,200000.0,192000.0,5,-43980.27800000005,-0.04392975219551243,2,stop
347850,2024-08-02,2024-08-05,8045.0,7723.2,128,-45289.131073280005,-0.04392975219551232,1,stop
263750,2024-08-02,2024-08-05,42400.0,40704.0,24,-44754.33089279989,-0.043929752195512206,1,stop
087010,2024-08-05,2024-08-06,60569.0,58146.24,16,-42621.46333091217,-0.04392975219551254,1,stop
000990,2024-08-05,2024-08-06,47200.0,45312.0,20,-41517.3824319999,-0.043929752195512206,1,stop
000250,2024-08-05,2024-08-06,172000.0,165120.0,5,-37823.0390799999,-0.043929752195512206,1,stop
086280,2024-08-05,2024-08-06,112500.0,108000.0,8,-39582.25020000001,-0.04392975219551232,1,stop
310210,2024-08-06,2024-08-07,64600.0,68476.0,14,50397.61493480019,0.05566089861745538,1,target
141080,2024-08-06,2024-08-07,77300.0,81938.0,12,51690.43300920003,0.05566089861745516,1,target
950160,2024-08-06,2024-08-07,16400.0,17384.0,58,53005.54105039977,0.055660898617454935,1,target
012450,2024-08-07,2024-08-08,269943.0,286139.58,3,45127.653809193056,0.05566089861745516,1,target
016360,2024-08-06,2024-08-09,41500.0,43990.0,23,53189.43327650009,0.05566089861745516,3,target
087010,2024-08-08,2024-08-09,57662.0,61121.72,17,54624.57278891816,0.05566089861745538,1,target
000100,2024-08-06,2024-08-13,86400.0,87400.0,11,7072.642170000006,0.007433203825619961,5,time
000250,2024-08-08,2024-08-13,162500.0,156000.0,6,-42880.77104999998,-0.04392975219551232,3,stop
079550,2024-08-08,2024-08-13,198800.0,210728.0,5,55390.56749799976,0.055660898617454935,3,target
347850,2024-08-09,2024-08-13,8608.0,8263.68,126,-47701.36136102397,-0.04392975219551232,2,stop
087010,2024-08-12,2024-08-14,58825.0,62354.5,18,59004.32836545003,0.05566089861745516,2,target
226950,2024-08-14,2024-08-16,13290.0,12758.4,77,-45006.33788573998,-0.04392975219551232,1,stop
310210,2024-08-14,2024-08-16,71500.0,68640.0,14,-44024.25827800005,-0.04392975219551243,1,stop
086280,2024-08-14,2024-08-19,110400.0,105984.0,9,-43698.80422079982,-0.043929752195512206,2,stop
087010,2024-08-16,2024-08-19,59019.0,56658.24,17,-44126.424463793985,-0.04392975219551232,1,stop
347850,2024-08-16,2024-08-19,8008.0,7687.679999999999,125,-44024.25827800017,-0.04392975219551254,1,stop
950160,2024-08-14,2024-08-21,16250.0,15600.0,63,-45024.809602500056,-0.04392975219551243,4,stop
310210,2024-08-20,2024-08-21,68400.0,65664.0,14,-42115.51421279996,-0.04392975219551232,1,stop
310210,2024-08-23,2024-08-26,65300.0,69218.0,14,50943.719121400034,0.05566089861745516,1,target
012450,2024-08-23,2024-08-28,280130.0,296937.8,3,46830.66299762996,0.05566089861745516,3,target
010140,2024-08-27,2024-09-03,10190.0,10280.0,98,4701.453714999952,0.0047025420581996435,5,time
329180,2024-08-27,2024-09-03,190900.0,183264.0,5,-41979.175350999925,-0.043929752195512206,5,stop
009540,2024-08-27,2024-09-03,185500.0,178080.0,5,-40791.70784499985,-0.043929752195512206,5,stop
145020,2024-09-04,2024-09-05,239000.0,229440.0,4,-42045.14576799993,-0.043929752195512206,1,stop
298380,2024-09-05,2024-09-06,29300.0,28128.0,32,-41235.90865280002,-0.04392975219551232,1,stop
329180,2024-09-05,2024-09-06,187500.0,180000.0,5,-41231.510624999995,-0.04392975219551232,1,stop
141080,2024-09-05,2024-09-06,88700.0,85152.0,10,-39010.506585999974,-0.04392975219551232,1,stop
141080,2024-09-09,2024-09-10,81800.0,86708.0,11,50141.280316599994,0.05566089861745516,1,target
064350,2024-09-09,2024-09-13,48000.0,50880.0,19,50821.12430399994,0.05566089861745516,4,target
141080,2024-09-12,2024-09-13,84500.0,89570.0,12,56505.06583800004,0.05566089861745516,1,target
298380,2024-09-09,2024-09-19,28500.0,30210.0,32,50821.12430399994,0.05566089861745516,5,target
145020,2024-09-10,2024-09-19,248000.0,262880.0,3,41459.338248000015,0.05566089861745516,4,target
237690,2024-09-12,2024-09-19,98700.0,104622.0,10,55000.493079000036,0.05566089861745516,2,target
237690,2024-09-30,2024-10-04,99900.0,105894.0,10,55669.19208299997,0.05566089861745516,2,target
015760,2024-09-27,2024-10-07,20450.0,19632.0,48,-43171.04088480002,-0.04392975219551232,4,stop
033780,2024-10-14,2024-10-17,103000.0,109180.0,9,51656.99805900024,0.05566089861745538,3,target
006400,2024-10-16,2024-10-17,345598.0,331774.08,2,-30398.992232487886,-0.043929752195512206,1,stop
003670,2024-10-21,2024-10-22,221973.0,213094.08,4,-39049.736993976054,-0.04392975219551243,1,stop
373220,2024-10-23,2024-10-24,381500.0,404390.0,2,42518.11167100002,0.05566089861745516,1,target
051910,2024-10-24,2024-10-29,328000.0,314880.0,3,-43276.593552000006,-0.04392975219551232,3,stop
066970,2024-10-28,2024-10-29,101500.0,107590.0,9,50904.71167950006,0.05566089861745516,1,target
214150,2024-10-28,2024-10-30,52800.0,50688.0,19,-44121.01488959999,-0.04392975219551232,2,stop
347850,2024-10-29,2024-10-30,10410.0,11034.6,100,58009.63859700004,0.05566089861745516,1,target
000100,2024-10-30,2024-10-31,143300.0,137568.0,7,-44116.616861799965,-0.04392975219551232,1,stop
403870,2024-10-31,2024-11-01,28900.0,30634.0,35,56365.753545499756,0.055660898617454935,1,target
003670,2024-10-28,2024-11-04,220034.0,233236.04,4,49045.5055487121,0.05566089861745516,5,target
082740,2024-10-31,2024-11-04,14010.0,13449.6,73,-44979.949718939955,-0.04392975219551232,2,stop
347850,2024-11-01,2024-11-04,10222.0,10835.32,102,58101.25036054803,0.05566089861745516,1,target
226950,2024-11-01,2024-11-04,23500.0,22560.0,44,-45475.607452000026,-0.04392975219551232,1,stop
196170,2024-11-04,2024-11-05,353000.0,374180.0,2,39341.791402,0.05566089861745516,1,target
298380,2024-11-04,2024-11-05,35950.0,38107.0,28,56092.70145219995,0.05566089861745516,1,target
226950,2024-11-06,2024-11-07,21450.0,20592.0,49,-46225.47119189997,-0.04392975219551232,1,stop
082740,2024-11-06,2024-11-07,14020.0,14861.2,75,58594.75022549997,0.05566089861745516,1,target
095340,2024-11-06,2024-11-07,58400.0,56064.0,18,-46232.06823360012,-0.04392975219551243,1,stop
218410,2024-11-06,2024-11-07,12150.0,12879.0,86,58226.965773300035,0.05566089861745516,1,target
087010,2024-11-07,2024-11-08,82200.0,87132.0,12,54967.05812880001,0.05566089861745516,1,target
000100,2024-11-04,2024-11-11,133900.0,132500.0,7,-13612.351970000076,-0.014506255958313008,5,time
347850,2024-11-07,2024-11-11,10435.0,11061.1,101,58730.44039839506,0.05566089861745516,2,target
298380,2024-11-08,2024-11-11,36400.0,38584.0,30,60851.60936400015,0.05566089861745538,1,target
180640,2024-11-07,2024-11-12,80100.0,76896.0,13,-45796.6634814,-0.04392975219551232,3,stop
226950,2024-11-11,2024-11-12,22350.0,21456.0,48,-47182.04223839985,-0.043929752195512206,1,stop
326030,2024-11-11,2024-11-12,114000.0,109440.0,9,-45123.76522799989,-0.043929752195512206,1,stop
440110,2024-11-11,2024-11-12,18900.0,18144.0,56,-46548.72623519995,-0.04392975219551232,1,stop
347850,2024-11-13,2024-11-14,9809.0,9416.64,105,-45297.26742470998,-0.04392975219551232,1,stop
036930,2024-11-13,2024-11-14,27450.0,29097.0,37,56597.01195104979,0.055660898617454935,1,target
214450,2024-11-13,2024-11-14,216500.0,207840.0,4,-38086.92074799992,-0.043929752195512206,1,stop
950160,2024-11-13,2024-11-15,15350.0,16271.0,67,57310.29088864988,0.055660898617454935,2,target
226950,2024-11-14,2024-11-15,20200.0,21412.0,50,56282.16616999975,0.055660898617454935,1,target
440110,2024-11-14,2024-11-15,18190.0,17462.399999999998,56,-44800.0703819202,-0.04392975219551254,1,stop
010130,2024-11-14,2024-11-15,951000.0,1008060.0,1,52994.396066999994,0.05566089861745516,1,target
141080,2024-11-14,2024-11-15,121700.0,116832.0,8,-42819.198660799884,-0.043929752195512206,1,stop
226950,2024-11-18,2024-11-19,20150.0,19344.0,51,-45196.33268670004,-0.04392975219551232,1,stop
010130,2024-11-18,2024-11-19,1020000.0,979200.0,1,-44859.88355999987,-0.043929752195512206,1,stop
440110,2024-11-18,2024-11-19,18590.0,17846.399999999998,56,-45785.22860912001,-0.04392975219551232,1,stop
141080,2024-11-18,2024-11-19,115400.0,110784.0,9,-45677.916730799945,-0.04392975219551232,1,stop
310210,2024-11-19,2024-11-20,99000.0,95040.0,10,-43540.475219999906,-0.043929752195512206,1,stop
214450,2024-11-19,2024-11-20,208500.0,200160.0,4,-36679.551851999946,-0.04392975219551232,1,stop
079550,2024-11-19,2024-11-21,238000.0,228480.0,4,-41869.224656000035,-0.04392975219551232,2,stop
036930,2024-11-19,2024-11-21,28100.0,29786.0,35,54805.45586950006,0.05566089861745516,2,target
196170,2024-11-20,2024-11-21,402000.0,385920.0,2,-35360.14351199998,-0.04392975219551232,1,stop
403870,2024-11-20,2024-11-21,31400.0,30144.0,32,-44191.383334400016,-0.04392975219551232,1,stop
440110,2024-11-21,2024-11-22,17200.0,16512.0,56,-42361.80376959988,-0.043929752195512206,1,stop
066970,2024-11-21,2024-11-25,103400.0,109604.0,9,51857.60776019993,0.05566089861745516,2,target
010130,2024-11-22,2024-11-25,970000.0,931200.0,1,-42660.86965999997,-0.04392975219551232,1,stop
012450,2024-11-22,2024-11-26,355478.0,341258.88,2,-31268.04252576793,-0.043929752195512206,2,stop
087010,2024-11-25,2024-11-26,81500.0,78240.0,12,-43012.711884000106,-0.04392975219551243,1,stop
298040,2024-11-25,2024-11-26,419500.0,402720.0,2,-36899.45324199984,-0.043929752195512095,1,stop
079550,2024-11-25,2024-11-26,229500.0,220320.0,4,-40373.89520399994,-0.04392975219551232,1,stop
064350,2024-11-26,2024-11-27,59200.0,56832.0,15,-39054.48686399998,-0.04392975219551232,1,stop
000150,2024-11-28,2024-11-29,198100.0,190176.0,4,-34849.972287199926,-0.043929752195512206,1,stop
298040,2024-11-28,2024-11-29,411000.0,394560.0,2,-36151.78851599991,-0.043929752195512206,1,stop
087010,2024-11-28,2024-12-02,81100.0,85966.0,11,49712.19845569995,0.05566089861745516,2,target
218410,2024-11-29,2024-12-02,12660.0,12153.6,74,-41202.48364151991,-0.043929752195512206,1,stop
000150,2024-12-02,2024-12-03,196000.0,207760.0,4,43688.334928,0.05566089861745516,1,target
298040,2024-12-02,2024-12-03,403500.0,387360.0,2,-35492.08434599999,-0.04392975219551232,1,stop
047810,2024-11-27,2024-12-04,59000.0,60400.0,15,17311.183949999977,0.019538187983599187,5,time
272210,2024-12-02,2024-12-04,23300.0,22368.0,39,-39964.87861859996,-0.04392975219551232,2,stop
267260,2024-12-03,2024-12-04,339000.0,359340.0,2,37781.49372599996,0.05566089861745516,1,target
443060,2024-11-29,2024-12-05,132000.0,126720.0,7,-40637.77687199996,-0.04392975219551232,4,stop
087010,2024-12-04,2024-12-05,90400.0,95824.0,10,50375.32496799994,0.05566089861745516,1,target
352820,2024-12-03,2024-12-06,195400.0,187584.0,4,-34374.98528479994,-0.04392975219551232,3,stop
083650,2024-12-05,2024-12-06,15010.0,14409.6,64,-42249.214257920044,-0.04392975219551243,1,stop
042660,2024-12-05,2024-12-06,33750.0,32400.0,28,-41561.362710000016,-0.04392975219551232,1,stop
272210,2024-12-06,2024-12-09,21650.0,20784.0,41,-39039.09376670001,-0.04392975219551232,1,stop
047810,2024-12-06,2024-12-09,56900.0,54624.0,15,-37537.167273000116,-0.04392975219551243,1,stop
010140,2024-12-06,2024-12-09,10870.0,10435.199999999999,83,-39679.446614379995,-0.04392975219551232,1,stop
082740,2024-12-06,2024-12-09,15340.0,14726.4,58,-39130.13294216001,-0.04392975219551232,1,stop
083650,2024-12-09,2024-12-10,13250.0,12720.0,65,-37878.01442749996,-0.04392975219551232,1,stop
087010,2024-12-09,2024-12-10,82400.0,79104.0,10,-36239.74907199992,-0.043929752195512206,1,stop
443060,2024-12-09,2024-12-10,123100.0,130486.0,7,48018.160978900036,0.05566089861745516,1,target
352820,2024-12-09,2024-12-10,184000.0,195040.0,4,41013.53891200002,0.05566089861745516,1,target
267270,2024-12-09,2024-12-10,56000.0,59360.0,15,46808.93028000009,0.05566089861745516,1,target
329180,2024-12-10,2024-12-11,211000.0,223660.0,4,47031.82994800003,0.05566089861745516,1,target
083650,2024-12-12,2024-12-13,14150.0,13584.0,63,-39206.218823099975,-0.04392975219551232,1,stop
272210,2024-12-13,2024-12-17,21200.0,20352.0,42,-39160.03953119996,-0.04392975219551232,2,stop
083650,2024-12-16,2024-12-17,13250.0,14045.0,67,49469.795066750026,0.05566089861745516,1,target
042660,2024-12-12,2024-12-19,33400.0,32064.0,26,-38192.47341520002,-0.04392975219551232,5,stop
000810,2024-12-17,2024-12-24,358000.0,370000.0,2,20994.935599999968,0.029288849184300636,5,time
083650,2024-12-23,2024-12-24,14600.0,15476.0,63,51255.77865659993,0.05566089861745516,1,target
035720,2024-12-24,2024-12-30,39750.0,38160.0,22,-38460.75311099994,-0.04392975219551232,3,stop
377300,2024-12-23,2025-01-02,26800.0,25728.0,34,-40074.82931359997,-0.04392975219551232,5,stop
035420,2025-01-03,2025-01-06,193200.0,204792.0,4,43064.215857600095,0.05566089861745516,1,target
035720,2025-01-07,2025-01-08,39400.0,37824.0,22,-38122.10497039999,-0.04392975219551232,1,stop
377300,2025-01-06,2025-01-13,27100.0,26450.0,32,-24292.63960000011,-0.027980548338380373,5,time
241560,2025-01-08,2025-01-15,41600.0,44096.0,21,48681.28749120014,0.05566089861745538,5,target
003230,2025-01-24,2025-02-03,698000.0,670080.0,1,-30698.234043999924,-0.043929752195512206,2,stop
214370,2025-01-31,2025-02-03,28200.0,29892.0,35,55000.493079000036,0.05566089861745516,1,target
095340,2025-02-03,2025-02-04,63300.0,60768.0,14,-38975.322363600135,-0.04392975219551243,1,stop
214450,2025-01-24,2025-02-05,241000.0,255460.0,3,40289.11499100004,0.05566089861745516,4,target
000500,2025-02-04,2025-02-05,55300.0,58618.0,17,52386.99447170005,0.05566089861745516,1,target
402340,2025-02-04,2025-02-05,87900.0,93174.0,10,48982.20204300003,0.05566089861745516,1,target
000150,2025-02-04,2025-02-06,273500.0,289910.0,3,45722.2943985,0.05566089861745516,2,target
031980,2025-02-05,2025-02-06,47200.0,50032.0,20,52604.32164800004,0.05566089861745516,1,target
000660,2025-02-05,2025-02-06,191900.0,203414.0,5,53468.05786150007,0.05566089861745516,1,target
039030,2025-02-03,2025-02-07,138600.0,146916.0,6,46340.84097719996,0.05566089861745516,4,target
347850,2025-02-06,2025-02-07,13138.0,13926.28,73,53444.319046858116,0.05566089861745516,1,target
095340,2025-02-06,2025-02-07,68400.0,72504.0,14,53362.18051920016,0.05566089861745538,1,target
067310,2025-02-07,2025-02-10,10190.0,10801.4,95,53944.505901849945,0.05566089861745516,1,target
039030,2025-02-10,2025-02-11,139900.0,148294.0,7,54571.411218099995,0.05566089861745516,1,target
347850,2025-02-10,2025-02-11,13638.0,14456.28,72,54718.30209931207,0.05566089861745516,1,target
000500,2025-02-10,2025-02-12,57100.0,54816.0,17,-42691.6558545999,-0.043929752195512206,2,stop
082740,2025-02-11,2025-02-12,21450.0,22737.0,47,56179.075073550106,0.05566089861745516,1,target
009540,2025-02-11,2025-02-12,219500.0,232670.0,4,48926.47712599998,0.05566089861745516,1,target
042700,2025-02-11,2025-02-18,100900.0,98400.0,10,-29061.382550000097,-0.02876907433141751,5,time
443060,2025-02-11,2025-02-18,157300.0,155500.0,6,-14636.042219999945,-0.0154897519760685,5,time
108490,2025-02-12,2025-02-18,33012.0,34992.72,31,57027.319760123966,0.05566089861745516,4,target
031980,2025-02-13,2025-02-18,48200.0,46272.0,21,-44516.8373915999,-0.043929752195512206,3,stop
000500,2025-02-18,2025-02-19,57900.0,61374.0,17,54850.03580309998,0.05566089861745516,1,target
347850,2025-02-14,2025-02-20,13113.0,13899.78,83,60649.829439542955,0.05566089861745516,4,target
214370,2025-02-19,2025-02-20,28250.0,27120.0,37,-45970.3855795,-0.04392975219551232,1,stop
090430,2025-02-19,2025-02-20,115200.0,122112.0,9,57775.59394560021,0.05566089861745538,1,target
086280,2025-02-18,2025-02-21,126100.0,133666.0,7,49188.38423590001,0.05566089861745516,3,target
031980,2025-02-20,2025-02-21,48400.0,46464.0,22,-46830.20001439995,-0.04392975219551232,1,stop
108490,2025-02-21,2025-02-24,32769.0,31458.239999999998,31,-44676.88162324217,-0.04392975219551254,1,stop
141080,2025-02-20,2025-02-25,112200.0,107712.0,9,-44411.284724400146,-0.04392975219551243,3,stop
329180,2025-02-24,2025-02-26,306500.0,294240.0,3,-40439.865620999946,-0.04392975219551232,2,stop
298040,2025-02-25,2025-02-26,446500.0,473290.0,2,49762.35088100005,0.05566089861745516,1,target
058610,2025-02-21,2025-02-27,28850.0,27696.0,36,-45677.916730799945,-0.04392975219551232,4,stop
010170,2025-02-24,2025-02-27,796.0,764.16,1294,-45300.74186667206,-0.04392975219551243,3,stop
108490,2025-02-26,2025-02-27,33110.0,31785.6,30,-43685.610137399985,-0.04392975219551232,1,stop
031980,2025-02-24,2025-02-28,43500.0,41760.0,23,-44002.26813900005,-0.04392975219551243,4,stop
218410,2025-02-27,2025-02-28,16730.0,16060.8,59,-43411.61300546001,-0.04392975219551232,1,stop
214370,2025-02-26,2025-03-04,27550.0,26448.0,36,-43619.6397204001,-0.04392975219551243,3,stop
083650,2025-02-27,2025-03-04,20300.0,19488.0,48,-42854.38288320007,-0.04392975219551243,2,stop
098460,2025-02-28,2025-03-04,16960.0,16281.599999999999,57,-42516.6143481601,-0.04392975219551243,1,stop
329180,2025-02-28,2025-03-04,295500.0,313230.0,3,49400.13892050006,0.05566089861745516,1,target
298040,2025-02-28,2025-03-04,445000.0,427200.0,2,-39142.44741999998,-0.04392975219551232,1,stop
108490,2025-03-04,2025-03-05,29312.0,31070.72,32,52269.08054732811,0.05566089861745516,1,target
277810,2025-03-04,2025-03-05,342500.0,363050.0,2,38171.56814500003,0.05566089861745516,1,target
218410,2025-03-04,2025-03-05,15600.0,16536.0,61,53027.83101720002,0.05566089861745516,1,target
319400,2025-03-04,2025-03-06,3690.0,3911.4,258,53051.23548233998,0.05566089861745516,2,target
080220,2025-03-05,2025-03-06,15390.0,14774.4,65,-43995.6710972999,-0.043929752195512206,1,stop
058470,2025-03-05,2025-03-06,41146.0,39500.159999999996,24,-43430.70044611208,-0.04392975219551243,1,stop
098460,2025-03-06,2025-03-07,16860.0,16185.599999999999,58,-43007.434250639984,-0.04392975219551232,1,stop
454910,2025-03-06,2025-03-07,64700.0,62112.0,15,-42682.85979899997,-0.04392975219551232,1,stop
298040,2025-03-06,2025-03-07,458500.0,440160.0,2,-40329.91492599982,-0.043929752195512095,1,stop
007660,2025-03-07,2025-03-10,35350.0,37471.0,26,51216.77121470019,0.05566089861745538,1,target
010120,2025-03-07,2025-03-10,45200.0,43392.0,20,-39758.17131200002,-0.04392975219551232,1,stop
131970,2025-03-04,2025-03-11,29200.0,28032.0,32,-41095.17176319996,-0.04392975219551232,5,stop
353200,2025-03-05,2025-03-11,17600.0,16896.0,57,-44121.01488959999,-0.04392975219551232,4,stop
277810,2025-03-07,2025-03-11,320500.0,307680.0,2,-28191.358197999885,-0.043929752195512206,2,stop
098460,2025-03-10,2025-03-11,16240.0,15590.4,67,-47854.06088623998,-0.04392975219551232,1,stop
080220,2025-03-10,2025-03-11,15080.0,14476.8,72,-47752.02664128004,-0.04392975219551243,1,stop
000150,2025-03-11,2025-03-12,288000.0,305280.0,3,48146.32828799996,0.05566089861745516,1,target
083650,2025-03-11,2025-03-12,18640.0,19758.4,48,49858.197738240124,0.05566089861745538,1,target
009150,2025-03-11,2025-03-12,130000.0,137800.0,6,43465.43526000006,0.05566089861745516,1,target
240810,2025-03-11,2025-03-12,23550.0,24963.0,38,49868.22822329996,0.05566089861745516,1,target
226950,2025-03-12,2025-03-13,43500.0,46110.0,21,50904.711679499946,0.05566089861745516,1,target
028300,2025-03-12,2025-03-13,78600.0,75456.0,12,-41482.198209600174,-0.04392975219551254,1,stop
277810,2025-03-13,2025-03-14,325500.0,312480.0,2,-28631.160977999913,-0.043929752195512206,1,stop
042660,2025-03-13,2025-03-17,72100.0,76426.0,13,52230.964704099926,0.05566089861745516,2,target
218410,2025-03-12,2025-03-19,16030.0,16991.8,59,52702.95475109003,0.05566089861745516,5,target
078600,2025-03-12,2025-03-19,100000.0,106000.0,9,50152.4253,0.05566089861745516,5,target
080220,2025-03-13,2025-03-19,15650.0,15024.0,61,-41985.772392699844,-0.043929752195512206,4,stop
277810,2025-03-17,2025-03-19,320000.0,307200.0,3,-42221.06688000006,-0.04392975219551243,2,stop
226950,2025-03-19,2025-03-20,46350.0,44496.0,20,-40769.71770599985,-0.043929752195512206,1,stop
083650,2025-03-19,2025-03-20,19310.0,20468.600000000002,49,52726.35921623011,0.05566089861745516,1,target
098460,2025-03-14,2025-03-21,16440.0,15782.4,59,-42659.110448880005,-0.04392975219551232,5,stop
263750,2025-03-19,2025-03-21,30300.0,32118.0,31,52342.41453810001,0.05566089861745516,2,target
000150,2025-03-20,2025-03-21,327000.0,313920.0,3,-43144.652718,-0.04392975219551232,1,stop
277810,2025-03-21,2025-03-24,297000.0,285120.0,3,-39186.427697999985,-0.04392975219551232,1,stop
000250,2025-03-21,2025-03-24,174700.0,185182.0,5,48675.71499950008,0.05566089861745516,1,target
226950,2025-03-24,2025-03-25,39300.0,41658.0,27,59129.70942869992,0.05566089861745516,1,target
012450,2025-03-24,2025-03-25,627257.0,664892.42,1,34953.84426266898,0.05566089861745516,1,target
352820,2025-03-19,2025-03-26,228500.0,242210.0,4,50932.574138000025,0.05566089861745516,5,target
098460,2025-03-25,2025-03-26,15550.0,14928.0,73,-49924.2125717001,-0.04392975219551243,1,stop
310210,2025-03-25,2025-03-26,122200.0,117312.0,9,-48369.50974439969,-0.043929752195512095,1,stop
079550,2025-03-21,2025-03-27,260000.0,249600.0,3,-34304.61684000003,-0.04392975219551243,4,stop
042660,2025-03-26,2025-03-27,67900.0,71974.0,15,56755.827964499826,0.055660898617454935,1,target
267270,2025-03-21,2025-03-28,69000.0,66240.0,13,-39450.30936600012,-0.04392975219551243,5,stop
000880,2025-03-26,2025-03-28,42100.0,40416.0,24,-44437.67289119994,-0.04392975219551232,2,stop
226950,2025-03-27,2025-03-28,43650.0,41904.0,25,-47993.47836750001,-0.04392975219551232,1,stop
310210,2025-03-28,2025-03-31,111900.0,107424.0,8,-39371.14486560004,-0.04392975219551243,1,stop
272210,2025-03-28,2025-03-31,33300.0,31968.0,29,-42471.7544646,-0.04392975219551232,1,stop
080220,2025-03-28,2025-03-31,14300.0,13728.0,69,-43395.34030259994,-0.04392975219551232,1,stop
042660,2025-03-31,2025-04-01,64900.0,68794.0,15,54248.20669950009,0.05566089861745516,1,target
000880,2025-03-31,2025-04-01,40150.0,42559.0,25,55933.885438749916,0.05566089861745516,1,target
196170,2025-03-26,2025-04-02,362000.0,362500.0,2,-1970.0448499999475,-0.002717930395008006,5,time
047050,2025-03-31,2025-04-02,49950.0,47952.0,20,-43936.29772199993,-0.043929752195512206,2,stop
226950,2025-04-01,2025-04-02,38800.0,41128.0,27,58377.42304919986,0.055660898617454935,1,target
012450,2025-04-01,2025-04-02,633165.0,671154.9,1,35283.06707230513,0.05566089861745538,1,target
310210,2025-04-02,2025-04-03,114400.0,109824.0,8,-40250.75042559998,-0.04392975219551232,1,stop
005490,2025-04-02,2025-04-03,280000.0,268800.0,3,-36943.433519999846,-0.043929752195512206,1,stop
272210,2025-04-02,2025-04-03,34750.0,33360.0,28,-42792.81049400009,-0.04392975219551243,1,stop
007660,2025-04-02,2025-04-03,36600.0,35136.0,26,-41851.63254479994,-0.04392975219551232,1,stop
003230,2025-03-28,2025-04-04,840000.0,806400.0,1,-36943.43351999996,-0.04392975219551232,5,stop
950160,2025-04-03,2025-04-04,42000.0,44520.0,22,51489.82330800011,0.05566089861745516,1,target
047810,2025-04-03,2025-04-04,73700.0,78122.0,12,49283.11659480003,0.05566089861745516,1,target
222800,2025-04-03,2025-04-04,18300.0,17568.0,51,-41046.793457400054,-0.04392975219551243,1,stop
042660,2025-04-03,2025-04-07,68600.0,65856.0,13,-39221.61192040006,-0.04392975219551243,2,stop
047050,2025-04-04,2025-04-07,48000.0,46080.0,19,-40110.01353600004,-0.04392975219551243,1,stop
000990,2025-04-07,2025-04-08,40000.0,38400.0,22,-38702.64464000007,-0.04392975219551243,1,stop
950160,2025-04-07,2025-04-09,42300.0,40608.0,21,-39067.68094740005,-0.04392975219551243,2,stop
005290,2025-04-07,2025-04-09,26150.0,25104.0,35,-40252.94943949999,-0.04392975219551232,2,stop
278470,2025-04-04,2025-04-10,62100.0,65826.0,14,48447.24283979996,0.05566089861745516,4,target
222800,2025-04-07,2025-04-10,17210.0,18242.600000000002,53,50828.36854321009,0.05566089861745516,3,target
064350,2025-04-08,2025-04-10,93900.0,99534.0,9,47093.12735670013,0.05566089861745538,2,target
036930,2025-04-10,2025-04-11,38850.0,37296.0,24,-41007.211207200075,-0.04392975219551243,1,stop
145020,2025-04-10,2025-04-11,328000.0,347680.0,2,36555.545552000054,0.05566089861745516,1,target
047810,2025-04-09,2025-04-14,72900.0,77274.0,12,48748.15739159996,0.05566089861745516,3,target
000880,2025-04-09,2025-04-14,40050.0,42453.0,22,49099.22436870006,0.05566089861745516,3,target
950160,2025-04-11,2025-04-14,42850.0,45421.0,21,50144.066562450025,0.05566089861745516,1,target
005290,2025-04-11,2025-04-14,26450.0,28037.0,35,51587.34191274992,0.05566089861745516,1,target
222800,2025-04-14,2025-04-15,18320.0,17587.2,51,-41091.653340960154,-0.04392975219551254,1,stop
036930,2025-04-14,2025-04-16,36550.0,35088.0,26,-41794.4581834001,-0.04392975219551243,2,stop
298380,2025-05-13,2025-05-14,62400.0,59904.0,14,-38421.17086079996,-0.04392975219551232,1,stop
298380,2025-05-19,2025-05-20,59800.0,63388.0,15,49985.25054899999,0.05566089861745516,1,target
319400,2025-05-20,2025-05-27,4040.0,4175.0,231,27268.460892750067,0.02918556223796842,5,time
009830,2025-05-26,2025-05-30,28650.0,30369.0,32,51088.60390560003,0.05566089861745516,4,target
319400,2025-05-30,2025-06-04,3940.0,4176.400000000001,241,52913.03768817999,0.05566089861745516,2,target
009830,2025-06-02,2025-06-04,30300.0,32118.0,31,52342.41453810001,0.05566089861745516,1,target
098460,2025-05-30,2025-06-09,15250.0,16165.0,62,52687.90902349993,0.05566089861745516,4,target
087010,2025-06-05,2025-06-09,154100.0,163346.0,6,51523.258258200134,0.05566089861745538,1,target
347850,2025-06-09,2025-06-10,19669.0,20849.14,50,54802.669623650145,0.05566089861745538,1,target
009830,2025-06-09,2025-06-11,31150.0,33019.0,31,53810.76610104996,0.05566089861745516,2,target
082740,2025-06-10,2025-06-11,27000.0,28620.0,37,55669.19208299997,0.05566089861745516,1,target
108490,2025-06-16,2025-06-17,52489.0,55638.340000000004,20,58498.903368260246,0.05566089861745538,1,target
214450,2025-06-16,2025-06-17,450000.0,432000.0,2,-39582.25020000001,-0.04392975219551232,1,stop
015760,2025-06-11,2025-06-18,27950.0,28900.0,36,29975.56785000011,0.029756639890790693,5,time
087010,2025-06-16,2025-06-19,186800.0,198008.0,5,52047.072478000075,0.05566089861745516,3,target
000500,2025-06-13,2025-06-20,65100.0,64300.0,15,-15966.515699999989,-0.016331974305098584,5,time
214370,2025-06-18,2025-06-20,30700.0,32542.0,35,59876.42331650015,0.05566089861745538,2,target
214450,2025-06-19,2025-06-20,430000.0,455800.0,2,47923.42862000002,0.05566089861745516,1,target
298380,2025-06-19,2025-06-23,71000.0,68160.0,14,-43716.39633200003,-0.04392975219551232,2,stop
141080,2025-06-19,2025-06-23,107000.0,102720.0,9,-42353.00771399995,-0.04392975219551232,2,stop
180640,2025-06-23,2025-06-25,128000.0,122880.0,8,-45035.804672,-0.04392975219551232,2,stop
298380,2025-06-25,2025-06-26,66800.0,64128.0,15,-44068.23855599994,-0.04392975219551232,1,stop
000500,2025-06-23,2025-06-30,63600.0,66200.0,16,37307.03280000016,0.03661966726705135,5,time
010140,2025-06-30,2025-07-01,16250.0,17225.0,64,57953.91368000023,0.05566089861745538,1,target
180640,2025-06-27,2025-07-02,121500.0,116640.0,8,-42748.83021599997,-0.04392975219551232,3,stop
131970,2025-07-01,2025-07-02,26500.0,25440.0,41,-47784.57204699982,-0.043929752195512206,1,stop
012450,2025-07-01,2025-07-02,853000.0,818880.0,1,-37515.177134,-0.04392975219551232,1,stop
298380,2025-06-30,2025-07-03,66800.0,70808.0,15,55836.36683399987,0.055660898617454935,3,target
083650,2025-07-03,2025-07-04,39350.0,37776.0,26,-44996.2224217999,-0.043929752195512206,1,stop
000150,2025-07-03,2025-07-04,589000.0,565440.0,1,-25904.38374199986,-0.043929752195512095,1,stop
329180,2025-07-03,2025-07-04,408000.0,391680.0,2,-35887.90684800001,-0.04392975219551232,1,stop
009540,2025-07-04,2025-07-07,322000.0,309120.0,3,-42484.94854799996,-0.04392975219551232,1,stop
272210,2025-07-04,2025-07-07,54200.0,52032.0,18,-42907.15921679989,-0.043929752195512206,1,stop
000500,2025-07-04,2025-07-07,63300.0,60768.0,16,-44543.225558400154,-0.04392975219551243,1,stop
083650,2025-07-07,2025-07-08,36100.0,38266.0,27,54315.07659990003,0.05566089861745516,1,target
257720,2025-07-07,2025-07-08,49850.0,52841.0,19,52779.855136549915,0.055660898617454935,1,target
000880,2025-07-07,2025-07-08,81200.0,86072.0,12,54298.35912479996,0.05566089861745516,1,target
100790,2025-07-04,2025-07-09,6680.0,7080.8,151,56208.60927956004,0.05566089861745516,3,target
352820,2025-07-08,2025-07-09,282000.0,270720.0,3,-37207.31518799986,-0.043929752195512206,1,stop
000150,2025-07-08,2025-07-09,558000.0,591480.0,1,31094.503686000127,0.05566089861745538,1,target
180640,2025-07-04,2025-07-10,120500.0,127730.0,8,53718.81998800009,0.05566089861745516,4,target
272210,2025-07-09,2025-07-10,57100.0,54816.0,18,-45202.92972840008,-0.04392975219551243,1,stop
032820,2025-07-09,2025-07-10,3770.0,3996.2000000000003,278,58403.056511020055,0.05566089861745516,1,target
083650,2025-07-10,2025-07-11,38400.0,36864.0,27,-45598.75223039999,-0.04392975219551232,1,stop
047040,2025-07-08,2025-07-15,4045.0,4130.0,257,17520.254564750125,0.016834086174426943,5,time
222800,2025-07-10,2025-07-15,22500.0,23850.0,47,58929.09972750023,0.05566089861745538,3,target
083650,2025-07-14,2025-07-15,37000.0,39220.0,27,55669.19208299997,0.05566089861745516,1,target
009540,2025-07-09,2025-07-16,325000.0,330500.0,3,12455.612175000017,0.012760310574946088,5,time
377300,2025-07-15,2025-07-16,68000.0,65280.0,16,-47850.542463999824,-0.043929752195512206,1,stop
272210,2025-07-15,2025-07-16,53000.0,56180.0,20,59068.41202000016,0.05566089861745538,1,target
032820,2025-07-15,2025-07-16,3980.0,3820.7999999999997,273,-47786.33125812013,-0.04392975219551243,1,stop
403870,2025-07-10,2025-07-17,26600.0,25536.0,40,-46795.01579199976,-0.043929752195512095,5,stop
000720,2025-07-17,2025-07-18,71800.0,68928.0,15,-47366.75940599991,-0.043929752195512206,1,stop
377300,2025-07-18,2025-07-21,58900.0,56544.0,18,-46627.89073560003,-0.04392975219551232,1,stop
064400,2025-07-16,2025-07-22,75400.0,72384.0,13,-43109.46849560004,-0.04392975219551243,4,stop
035720,2025-07-16,2025-07-23,56900.0,54624.0,18,-45044.600727600046,-0.04392975219551243,5,stop
263750,2025-07-16,2025-07-23,39300.0,37728.0,26,-44939.04806040018,-0.04392975219551254,5,stop
402340,2025-07-18,2025-07-24,158800.0,152448.0,6,-41904.40887840011,-0.04392975219551243,4,stop
257720,2025-07-22,2025-07-24,51900.0,49824.0,18,-41086.37570760003,-0.04392975219551232,2,stop
377300,2025-07-23,2025-07-25,58400.0,61904.0,16,52069.362444799975,0.05566089861745516,2,target
032820,2025-07-21,2025-07-28,3785.0,3715.0,306,-26103.428991000168,-0.022511842086726297,5,time
000720,2025-07-23,2025-07-29,67200.0,64512.0,14,-41376.645542400074,-0.04392975219551243,4,stop
402340,2025-07-28,2025-07-29,153000.0,146880.0,7,-47102.877737999894,-0.043929752195512206,1,stop
064400,2025-07-24,2025-07-31,71400.0,70300.0,13,-18061.792125000036,-0.019436589334508092,5,time
035420,2025-07-24,2025-07-31,233000.0,235000.0,4,4156.89320000005,0.004455061847526087,5,time
058470,2025-07-25,2025-08-01,46100.0,45150.0,22,-24994.780195,-0.024616511018333842,5,time
006800,2025-07-29,2025-08-01,19117.0,18352.32,51,-42879.31970082619,-0.04392975219551254,3,stop
402340,2025-07-31,2025-08-01,148300.0,142368.0,6,-39133.651364399935,-0.043929752195512206,1,stop
377300,2025-07-31,2025-08-01,63500.0,60960.0,15,-41891.214795000036,-0.04392975219551232,1,stop
310210,2025-08-01,2025-08-04,115100.0,110496.0,8,-40497.03998240002,-0.04392975219551232,1,stop
096770,2025-08-01,2025-08-04,107000.0,102720.0,8,-37647.117968000006,-0.04392975219551232,1,stop
005940,2025-08-01,2025-08-04,19900.0,19104.0,47,-41134.75401339994,-0.04392975219551232,1,stop
018260,2025-07-29,2025-08-05,157300.0,154800.0,6,-18823.660409999895,-0.01992163090607979,5,time
347850,2025-08-04,2025-08-05,30030.0,31831.800000000003,30,50202.5777253001,0.05566089861745516,1,target
039490,2025-08-04,2025-08-05,198800.0,210728.0,4,44312.4539983999,0.055660898617454935,1,target
086790,2025-08-01,2025-08-08,84400.0,84900.0,11,1679.0168450000929,0.0018064282015330946,5,time
034730,2025-08-04,2025-08-11,188000.0,191300.0,4,10079.239340000087,0.013387845772376616,5,time
005490,2025-08-05,2025-08-12,294500.0,306000.0,3,30777.532575000077,0.034795896392803005,5,time
005830,2025-08-05,2025-08-12,123300.0,127200.0,8,27065.556360000046,0.027407200600929604,5,time
032830,2025-08-05,2025-08-12,120800.0,123900.0,8,20766.387879999937,0.021463711566777066,5,time
214370,2025-08-12,2025-08-13,45700.0,48442.0,21,53479.20284490008,0.05566089861745516,1,target
064350,2025-08-12,2025-08-13,182700.0,175392.0,5,-40175.98395299993,-0.043929752195512206,1,stop
039490,2025-08-12,2025-08-13,202000.0,214120.0,4,45025.732935999986,0.05566089861745516,1,target
310210,2025-08-08,2025-08-18,117400.0,112704.0,9,-46469.56173479988,-0.043929752195512206,5,stop
218410,2025-08-13,2025-08-18,26200.0,27772.0,39,56939.72019059991,0.055660898617454935,2,target
071050,2025-08-11,2025-08-19,136100.0,130656.0,5,-29928.579178999877,-0.043929752195512206,5,stop
000250,2025-08-13,2025-08-19,186300.0,178848.0,5,-40967.62895699998,-0.04392975219551232,3,stop
267260,2025-08-19,2025-08-20,464500.0,445920.0,2,-40857.678261999856,-0.043929752195512206,1,stop
010120,2025-08-19,2025-08-20,57200.0,54912.0,16,-40250.75042559998,-0.04392975219551232,1,stop
000100,2025-08-13,2025-08-21,111900.0,113700.0,9,12024.944370000158,0.011926451960178941,5,time
051910,2025-08-19,2025-08-21,276500.0,293090.0,3,46223.81865150004,0.05566089861745516,2,target
214370,2025-08-19,2025-08-22,46350.0,49131.0,20,51656.99805900012,0.05566089861745538,3,target
007660,2025-08-20,2025-08-22,55900.0,59254.0,16,49840.36576479999,0.05566089861745516,2,target
108490,2025-08-22,2025-08-25,73815.0,78243.90000000001,13,53473.35172861512,0.05566089861745516,1,target
267250,2025-08-20,2025-08-26,126000.0,133560.0,7,49149.37679400004,0.05566089861745516,4,target
267270,2025-08-22,2025-08-26,90600.0,86976.0,11,-43830.74505479983,-0.043929752195512206,2,stop
000250,2025-08-21,2025-08-27,177800.0,188468.0,5,49539.45121299999,0.05566089861745516,4,target
357780,2025-08-27,2025-08-28,219500.0,210720.0,4,-38614.68408399995,-0.04392975219551232,1,stop
066970,2025-08-29,2025-09-01,68200.0,65472.0,14,-41992.369434399996,-0.04392975219551232,1,stop
003670,2025-09-01,2025-09-03,140300.0,134688.0,6,-37022.59802040004,-0.04392975219551243,2,stop
267270,2025-08-28,2025-09-04,87900.0,89200.0,11,10295.293305000057,0.010635500855141977,5,time
066970,2025-09-03,2025-09-04,64200.0,61632.0,19,-53647.14310440002,-0.04392975219551232,1,stop
373220,2025-09-01,2025-09-08,352000.0,337920.0,2,-30962.11571199994,-0.043929752195512206,5,stop
086520,2025-09-01,2025-09-08,50200.0,49600.0,19,-15275.255390000064,-0.015996756907731835,5,time
015760,2025-09-01,2025-09-08,36250.0,37600.0,26,31133.96994500002,0.03299544015657285,5,time
247540,2025-09-04,2025-09-08,121300.0,116448.0,8,-42678.46177120006,-0.04392975219551243,2,stop
214450,2025-09-08,2025-09-09,641000.0,679460.0,1,35719.671797000105,0.05566089861745538,1,target
062040,2025-09-04,2025-09-10,104600.0,110876.0,10,58288.263182000024,0.05566089861745516,4,target
039030,2025-09-08,2025-09-10,200500.0,212530.0,4,44691.38343399996,0.05566089861745516,2,target
357780,2025-09-09,2025-09-10,208500.0,221010.0,5,58093.22597249993,0.05566089861745516,1,target
087010,2025-09-09,2025-09-11,288500.0,305810.0,3,48229.91566350008,0.05566089861745516,2,target
006400,2025-09-08,2025-09-15,197900.0,201500.0,4,11113.412960000103,0.014023048954671324,5,time
066970,2025-09-15,2025-09-16,67100.0,71126.0,13,48608.84509909991,0.055660898617454935,1,target
086520,2025-09-10,2025-09-17,49350.0,49750.0,21,4128.066809999989,0.003978698671759151,5,time
247540,2025-09-10,2025-09-17,116900.0,123914.0,9,58628.18517570011,0.05566089861745516,5,target
373220,2025-09-10,2025-09-17,347500.0,350000.0,3,3205.5161249999655,0.0030713031521902856,5,time
083650,2025-09-16,2025-09-17,49400.0,47424.0,19,-41279.88893080002,-0.04392975219551232,1,stop
214450,2025-09-16,2025-09-19,626000.0,600960.0,1,-27531.654027999844,-0.043929752195512095,3,stop
083650,2025-09-19,2025-09-22,47500.0,45600.0,21,-43870.327304999926,-0.043929752195512206,1,stop
087010,2025-09-18,2025-09-23,293500.0,311110.0,3,49065.78941850015,0.05566089861745538,3,target
214450,2025-09-23,2025-09-24,595000.0,571200.0,1,-26168.265409999876,-0.043929752195512095,1,stop
083650,2025-09-24,2025-09-25,48500.0,46560.0,20,-42660.86965999997,-0.04392975219551232,1,stop
086280,2025-09-25,2025-09-30,171700.0,164832.0,5,-37757.068662999896,-0.043929752195512206,3,stop
082740,2025-09-29,2025-09-30,41800.0,44308.0,25,58232.53826499998,0.05566089861745516,1,target
083650,2025-09-30,2025-10-01,46800.0,49608.0,21,54766.44842759997,0.05566089861745516,1,target
034730,2025-09-29,2025-10-02,210000.0,222600.0,5,58511.16284999973,0.055660898617454935,3,target
298380,2025-09-26,2025-10-10,93100.0,93900.0,10,4160.991400000057,0.004464243967523762,5,time
010170,2025-10-02,2025-10-13,1334.0,1280.6399999999999,778,-45645.019482856034,-0.04392975219551232,2,stop
218410,2025-10-14,2025-10-15,29000.0,30740.0,34,54944.76816199999,0.05566089861745516,1,target
298380,2025-10-13,2025-10-16,91000.0,87360.0,11,-44024.25827800005,-0.04392975219551243,3,stop
039490,2025-10-14,2025-10-16,241500.0,255990.0,4,53830.26982200006,0.05566089861745516,2,target
010170,2025-10-15,2025-10-16,1340.0,1420.4,860,64217.394350799965,0.05566089861745516,1,target
000250,2025-10-14,2025-10-17,205500.0,197280.0,4,-36151.78851599991,-0.043929752195512206,3,stop
012450,2025-10-16,2025-10-17,955000.0,916800.0,1,-42001.16549000004,-0.04392975219551243,1,stop
347850,2025-10-16,2025-10-17,43318.0,41585.28,25,-47628.44206010003,-0.04392975219551232,1,stop
347850,2025-10-20,2025-10-21,40790.0,43237.4,24,54552.46474632004,0.05566089861745516,1,target
214370,2025-10-20,2025-10-21,59400.0,62964.0,16,52960.96111679997,0.05566089861745516,1,target
064350,2025-10-15,2025-10-22,207000.0,219420.0,5,57675.289095000015,0.05566089861745516,5,target
226950,2025-10-21,2025-10-22,89100.0,94446.0,11,54615.99115170003,0.05566089861745516,1,target
950160,2025-10-16,2025-10-23,44300.0,43500.0,24,-23500.60368000006,-0.022078259511493337,5,time
000250,2025-10-22,2025-10-23,208500.0,200160.0,5,-45849.43981500005,-0.04392975219551243,1,stop
047810,2025-10-17,2025-10-24,98000.0,101600.0,10,31877.63419999997,0.03249082883647891,5,time
347850,2025-10-23,2025-10-27,42567.0,45121.020000000004,25,59301.06354847527,0.05566089861745538,2,target
100790,2025-10-24,2025-10-27,7530.0,7981.8,143,60004.03337642993,0.05566089861745516,1,target
214370,2025-10-27,2025-10-28,58000.0,61480.0,19,61408.858534000115,0.05566089861745516,1,target
950160,2025-10-27,2025-10-28,43750.0,46375.0,25,60949.127968750196,0.05566089861745538,1,target
039030,2025-10-22,2025-10-29,229000.0,235000.0,4,20175.29560000007,0.02200012843001553,5,time
131290,2025-10-29,2025-10-31,49650.0,52629.0,22,60868.326839100104,0.05566089861745516,2,target
064760,2025-11-03,2025-11-04,166000.0,159360.0,6,-43804.35688799992,-0.043929752195512206,1,stop
010130,2025-11-03,2025-11-05,1037000.0,995520.0,1,-45607.548286000034,-0.04392975219551232,2,stop
031980,2025-11-05,2025-11-07,47700.0,45792.0,22,-46152.903733200044,-0.04392975219551232,2,stop
005290,2025-11-06,2025-11-07,40000.0,38400.0,27,-47498.7002399998,-0.043929752195512206,1,stop
064760,2025-11-06,2025-11-07,162000.0,155520.0,6,-42748.83021599986,-0.043929752195512206,1,stop
403870,2025-11-06,2025-11-07,33450.0,32112.0,32,-47076.489571199985,-0.04392975219551232,1,stop
319400,2025-11-06,2025-11-07,9750.0,9360.0,113,-48455.27128649992,-0.04392975219551232,1,stop
080220,2025-11-07,2025-11-10,18900.0,20034.0,55,57926.051221500034,0.05566089861745516,1,target
278470,2025-11-07,2025-11-10,237500.0,228000.0,4,-41781.26409999991,-0.043929752195512206,1,stop
042700,2025-11-07,2025-11-11,125000.0,132500.0,8,55724.917000000016,0.05566089861745516,2,target
329180,2025-11-07,2025-11-11,521000.0,552260.0,2,58065.363514000084,0.05566089861745516,2,target
010130,2025-11-07,2025-11-12,1026000.0,1087560.0,1,57173.76484200009,0.05566089861745516,3,target
067310,2025-11-11,2025-11-12,24600.0,26076.0,44,60316.65016079997,0.05566089861745516,1,target
403870,2025-11-11,2025-11-12,33300.0,31968.0,32,-46865.38423680002,-0.04392975219551232,1,stop
031980,2025-11-10,2025-11-13,45800.0,48548.0,23,58700.627567799995,0.05566089861745516,3,target
222800,2025-11-12,2025-11-13,51200.0,54272.0,21,59915.43075840012,0.05566089861745516,1,target
034020,2025-11-12,2025-11-13,78900.0,83634.0,13,57157.04736690002,0.05566089861745516,1,target
319400,2025-11-10,2025-11-14,9190.0,8822.4,118,-47693.09306875989,-0.043929752195512206,4,stop
178320,2025-11-12,2025-11-14,25200.0,24192.0,43,-47657.02924079995,-0.04392975219551232,2,stop
042700,2025-11-13,2025-11-14,131300.0,126048.0,8,-46196.88401119993,-0.04392975219551232,1,stop
032820,2025-11-14,2025-11-17,4135.0,3969.6,264,-48010.63067592005,-0.04392975219551243,1,stop
222800,2025-11-17,2025-11-18,51000.0,54060.0,21,59681.38610700006,0.05566089861745516,1,target
319400,2025-11-17,2025-11-18,9080.0,8716.8,119,-47521.56998456002,-0.04392975219551232,1,stop
042700,2025-11-17,2025-11-18,127300.0,122208.0,8,-44789.51511519996,-0.04392975219551232,1,stop
319660,2025-11-17,2025-11-18,34800.0,33408.0,31,-47445.923906399985,-0.04392975219551232,1,stop
336260,2025-11-18,2025-11-19,33550.0,32208.0,31,-45741.68813389994,-0.04392975219551232,1,stop
006800,2025-11-18,2025-11-19,22552.0,21649.92,47,-46616.631784431986,-0.04392975219551232,1,stop
084370,2025-11-18,2025-11-19,87300.0,83808.0,12,-46073.73923279997,-0.04392975219551232,1,stop
010170,2025-11-18,2025-11-19,2050.0,1968.0,519,-46792.81677809998,-0.04392975219551232,1,stop
009150,2025-11-19,2025-11-20,208000.0,220480.0,4,46363.130943999975,0.05566089861745516,1,target
178320,2025-11-17,2025-11-21,22850.0,21936.0,47,-47232.61955810001,-0.04392975219551232,4,stop
247540,2025-11-19,2025-11-21,145000.0,139200.0,7,-44639.98217000009,-0.04392975219551243,2,stop
071050,2025-11-19,2025-11-21,158300.0,151968.0,6,-41772.46804439998,-0.04392975219551232,2,stop
319660,2025-11-20,2025-11-21,34100.0,32736.0,34,-50990.734313199995,-0.04392975219551232,1,stop
086520,2025-11-19,2025-11-24,81700.0,78432.0,12,-43118.26455119997,-0.04392975219551232,3,stop
010170,2025-11-21,2025-11-24,1863.0,1788.48,540,-44245.03927355993,-0.04392975219551232,1,stop
108490,2025-11-21,2025-11-24,189400.0,200764.0,5,52771.496399000054,0.05566089861745516,1,target
084370,2025-11-21,2025-11-25,77100.0,81726.0,13,55853.08430910017,0.05566089861745538,2,target
222800,2025-11-24,2025-11-25,49650.0,52629.0,20,55334.842580999946,0.05566089861745516,1,target
067310,2025-11-24,2025-11-25,23000.0,24380.0,43,55111.94291299989,0.055660898617454935,1,target
240810,2025-11-24,2025-11-25,57600.0,61056.0,17,54565.83872640005,0.05566089861745516,1,target
000500,2025-11-25,2025-11-26,68300.0,72398.0,15,57090.177466500085,0.05566089861745516,1,target
066970,2025-11-25,2025-11-26,115200.0,122112.0,9,57775.59394560021,0.05566089861745538,1,target
003670,2025-11-25,2025-11-26,190500.0,201930.0,5,53077.98344250012,0.05566089861745516,1,target
006800,2025-11-21,2025-11-27,21158.0,22427.48,47,55414.30631264206,0.05566089861745516,4,target
010170,2025-11-26,2025-11-27,1825.0,1934.5,645,65595.19292362523,0.05566089861745538,1,target
086520,2025-11-26,2025-11-27,76600.0,81196.0,15,64027.92963300017,0.05566089861745538,1,target
000150,2025-11-26,2025-11-27,827000.0,876620.0,1,46084.50635900011,0.05566089861745538,1,target
108490,2025-11-27,2025-11-28,201500.0,213590.0,5,56142.85387750005,0.05566089861745516,1,target
001440,2025-11-27,2025-12-01,22500.0,21600.0,52,-51456.92525999993,-0.04392975219551232,2,stop
373220,2025-11-25,2025-12-02,419500.0,415000.0,2,-12411.857349999947,-0.014776636772789065,5,time
267250,2025-12-01,2025-12-02,199100.0,191136.0,6,-52538.840098799905,-0.043929752195512206,1,stop
000150,2025-12-02,2025-12-03,837000.0,887220.0,1,46641.755529000075,0.05566089861745516,1,target
267260,2025-12-02,2025-12-03,742000.0,786520.0,1,41347.888414000045,0.05566089861745516,1,target
084370,2025-11-27,2025-12-04,80100.0,76896.0,14,-49319.48374919989,-0.043929752195512206,5,stop
000660,2025-11-27,2025-12-04,535000.0,542000.0,2,9573.653300000122,0.008937060572492994,5,time
226950,2025-12-04,2025-12-08,121400.0,116544.0,9,-48052.85174279986,-0.043929752195512206,2,stop
373220,2025-12-04,2025-12-08,420500.0,445730.0,2,46864.65519700013,0.05566089861745538,2,target
353200,2025-12-05,2025-12-08,45950.0,48707.0,26,66574.5583399001,0.05566089861745516,1,target
347850,2025-12-09,2025-12-10,85100.0,81696.0,13,-48655.38155139983,-0.043929752195512206,1,stop
010170,2025-12-09,2025-12-10,1940.0,2056.4,582,62917.889286360005,0.05566089861745516,1,target
310210,2025-12-12,2025-12-15,218500.0,209760.0,5,-48048.45371499995,-0.04392975219551232,1,stop
347850,2025-12-15,2025-12-16,87800.0,93068.0,12,58711.77255119989,0.055660898617454935,1,target
214370,2025-12-16,2025-12-17,68000.0,65280.0,16,-47850.542463999824,-0.043929752195512206,1,stop
007660,2025-12-17,2025-12-18,124400.0,119424.0,9,-49240.31924879993,-0.04392975219551232,1,stop
310210,2025-12-17,2025-12-18,214000.0,205440.0,5,-47058.897459999775,-0.043929752195512095,1,stop
141080,2025-12-17,2025-12-18,171600.0,164736.0,6,-45282.09422879992,-0.043929752195512206,1,stop
353200,2025-12-16,2025-12-19,45800.0,48548.0,24,61252.82876639976,0.055660898617454935,3,target
402340,2025-12-17,2025-12-19,281500.0,298390.0,4,62746.25654199999,0.05566089861745516,2,target
950160,2025-12-18,2025-12-19,70000.0,74200.0,15,58511.16284999973,0.055660898617454935,1,target
095340,2025-12-19,2025-12-22,101000.0,107060.0,11,61910.382787000155,0.05566089861745538,1,target
214370,2025-12-22,2025-12-23,68000.0,65280.0,16,-47850.542463999824,-0.043929752195512206,1,stop
141080,2025-12-22,2025-12-23,176700.0,169632.0,6,-46627.890735600144,-0.04392975219551243,1,stop
007660,2025-12-22,2025-12-24,124900.0,119904.0,9,-49438.23049979983,-0.043929752195512206,2,stop
310210,2025-12-23,2025-12-26,209500.0,222070.0,5,58371.85055750003,0.05566089861745516,2,target
058470,2025-12-19,2025-12-29,61800.0,60900.0,18,-20711.07926999987,-0.0185969847071652,5,time
006400,2025-12-23,2025-12-29,283000.0,271680.0,4,-49785.67469599983,-0.043929752195512206,3,stop
950160,2025-12-26,2025-12-29,73600.0,78016.0,15,61520.3083680002,0.05566089861745538,1,target
098460,2025-12-24,2025-12-30,23650.0,22704.0,48,-49926.41158560035,-0.04392975219551265,3,stop
214150,2025-12-29,2026-01-02,53800.0,57028.0,21,62958.011226600036,0.05566089861745516,2,target
086520,2025-12-30,2026-01-02,95100.0,91296.0,11,-46007.768815799966,-0.04392975219551232,1,stop
098460,2026-01-02,2026-01-05,23750.0,25175.0,48,63526.40538000013,0.05566089861745516,1,target
007660,2025-12-26,2026-01-06,119200.0,114432.0,9,-47182.04223839997,-0.04392975219551232,5,stop
015760,2025-12-30,2026-01-06,47500.0,50350.0,23,60879.471822499996,0.05566089861745516,3,target
108490,2026-01-02,2026-01-06,261500.0,251040.0,4,-46003.37078800006,-0.04392975219551243,2,stop
086520,2026-01-05,2026-01-06,87000.0,92220.0,15,72721.01668499992,0.05566089861745516,1,target
326030,2025-12-29,2026-01-07,124200.0,124600.0,9,-991.5809400000144,-0.0008860635027579944,5,time
950160,2026-01-06,2026-01-07,71700.0,68832.0,15,-47300.788988999906,-0.043929752195512206,1,stop
353200,2026-01-07,2026-01-08,45500.0,43680.0,24,-48026.463575999835,-0.043929752195512206,1,stop
086520,2026-01-08,2026-01-09,93400.0,89664.0,12,-49293.09558239998,-0.04392975219551232,1,stop
108490,2026-01-08,2026-01-09,253500.0,243360.0,4,-44596.001891999855,-0.043929752195512206,1,stop
011070,2026-01-12,2026-01-13,267000.0,283020.0,4,59514.21135600004,0.05566089861745516,1,target
108490,2026-01-12,2026-01-14,238000.0,252280.0,4,53050.12098400004,0.05566089861745516,2,target
100790,2026-01-14,2026-01-15,12870.0,12355.199999999999,87,-49244.27747382014,-0.04392975219551243,1,stop
100790,2026-01-19,2026-01-21,13210.0,12681.6,84,-48802.2756799201,-0.04392975219551243,2,stop
095340,2026-01-21,2026-01-22,98700.0,104622.0,11,60500.542386899935,0.05566089861745516,1,target
347850,2026-01-21,2026-01-22,86800.0,83328.0,12,-45809.85756479995,-0.04392975219551232,1,stop
298380,2026-01-22,2026-01-23,180500.0,191330.0,6,60350.08511100011,0.05566089861745516,1,target
237690,2026-01-22,2026-01-23,117900.0,124974.0,9,59129.70942869992,0.05566089861745516,1,target
100790,2026-01-23,2026-01-26,12740.0,13504.400000000001,88,62474.31894704024,0.05566089861745538,1,target
180640,2026-01-30,2026-02-02,114100.0,109536.0,10,-50181.497198000085,-0.04392975219551243,1,stop
079550,2026-02-02,2026-02-03,477500.0,458400.0,2,-42001.16549000004,-0.04392975219551243,1,stop
267270,2026-02-02,2026-02-03,105100.0,111406.0,10,58566.88776699989,0.055660898617454935,1,target
010140,2026-02-03,2026-02-06,28250.0,27120.0,40,-49697.71413999982,-0.043929752195512206,3,stop
079550,2026-02-05,2026-02-06,460000.0,441600.0,2,-40461.85575999983,-0.043929752195512206,1,stop
298380,2026-02-05,2026-02-06,196100.0,188256.0,5,-43122.662578999996,-0.04392975219551232,1,stop
307950,2026-02-06,2026-02-09,396000.0,419760.0,2,44134.13426399999,0.05566089861745516,1,target
064350,2026-02-06,2026-02-09,201000.0,213060.0,5,56003.541585,0.05566089861745516,1,target
028300,2026-02-06,2026-02-10,50600.0,53636.0,21,59213.29680420016,0.05566089861745538,2,target
042660,2026-02-09,2026-02-11,135300.0,129888.0,8,-47604.25290720002,-0.04392975219551232,2,stop
079550,2026-02-10,2026-02-11,451000.0,478060.0,2,50263.87513399997,0.05566089861745516,1,target
319400,2026-02-10,2026-02-11,31400.0,30144.0,37,-51096.28698039986,-0.043929752195512206,1,stop
010140,2026-02-09,2026-02-19,28450.0,28900.0,40,13283.183500000043,0.011658983653694222,5,time
000500,2026-02-09,2026-02-19,85700.0,90842.0,13,62083.1300297,0.05566089861745516,5,target
064350,2026-02-11,2026-02-20,203500.0,215710.0,5,56700.103047500015,0.05566089861745516,4,target
012450,2026-02-12,2026-02-20,1139000.0,1207340.0,1,63470.68046299997,0.05566089861745516,3,target
079550,2026-02-19,2026-02-20,466000.0,493960.0,2,51935.62264399999,0.05566089861745516,1,target
454910,2026-02-12,2026-02-24,102200.0,105700.0,11,33779.30363500002,0.03001289539438945,5,time
319400,2026-02-19,2026-02-24,27500.0,26400.0,44,-53216.13638000004,-0.04392975219551232,3,stop
058610,2026-02-24,2026-02-25,131800.0,139708.0,9,66100.89654539968,0.055660898617454935,1,target
108490,2026-02-24,2026-02-25,270500.0,286730.0,4,60294.36019400018,0.05566089861745538,1,target
257720,2026-02-20,2026-02-26,44150.0,42384.0,27,-52426.6903899,-0.04392975219551232,4,stop
403870,2026-02-25,2026-02-26,42000.0,44520.0,30,70213.39542000042,0.05566089861745538,1,target
000990,2026-02-20,2026-02-27,92500.0,95700.0,12,33737.792880000314,0.03035949003253946,5,time
263750,2026-02-25,2026-02-27,49850.0,52841.0,25,69447.17781125032,0.05566089861745538,2,target
028300,2026-02-24,2026-03-03,52400.0,50304.0,22,-50700.46447839984,-0.043929752195512206,4,stop
000990,2026-03-04,2026-03-05,90400.0,86784.0,13,-51685.62270559999,-0.04392975219551232,1,stop
247540,2026-03-04,2026-03-05,188200.0,199492.0,6,62924.57627639966,0.055660898617454935,1,target
058610,2026-03-05,2026-03-06,120500.0,127730.0,10,67148.52498500003,0.05566089861745516,1,target
100790,2026-03-05,2026-03-06,19660.0,20839.600000000002,65,71210.8714343002,0.05566089861745538,1,target
090430,2026-03-04,2026-03-09,132100.0,126816.0,9,-52288.15251419996,-0.04392975219551232,3,stop
454910,2026-03-04,2026-03-09,89200.0,85632.0,13,-50999.53036880004,-0.04392975219551232,3,stop
082740,2026-03-04,2026-03-09,48050.0,46128.0,25,-52831.30894749984,-0.043929752195512206,3,stop
323410,2026-03-06,2026-03-09,23550.0,22608.0,57,-59036.92617330002,-0.04392975219551232,1,stop
138040,2026-03-06,2026-03-09,112300.0,107808.0,11,-54328.837413399946,-0.04392975219551232,1,stop
086790,2026-03-09,2026-03-10,101000.0,107060.0,11,61910.382787000155,0.05566089861745538,1,target
316140,2026-03-09,2026-03-10,30900.0,32754.0,38,65432.19754139986,0.055660898617454935,1,target
068270,2026-03-09,2026-03-10,199900.0,211894.0,5,55697.05454150017,0.05566089861745538,1,target
307950,2026-03-09,2026-03-10,372000.0,394320.0,3,62189.007372000255,0.05566089861745538,1,target
402340,2026-03-10,2026-03-11,549000.0,581940.0,2,61185.95886600041,0.0556608986174556,1,target
071050,2026-03-10,2026-03-13,231000.0,221760.0,5,-50797.22109000012,-0.04392975219551243,3,stop
001440,2026-03-10,2026-03-13,30350.0,29136.0,42,-56061.660366599914,-0.043929752195512206,3,stop
028050,2026-03-11,2026-03-13,32550.0,31248.0,42,-60125.43805379979,-0.043929752195512206,2,stop
033780,2026-03-09,2026-03-16,153000.0,152500.0,7,-7878.854024999775,-0.007348088302121414,5,time
323410,2026-03-11,2026-03-16,24600.0,23616.0,56,-60587.23097279994,-0.04392975219551232,3,stop
067310,2026-03-13,2026-03-16,30450.0,32277.0,40,67872.94890600024,0.05566089861745538,1,target
034730,2026-03-13,2026-03-17,323500.0,342910.0,3,54081.03194850008,0.05566089861745516,2,target
071050,2026-03-16,2026-03-17,218500.0,231610.0,6,73055.36618700018,0.05566089861745538,1,target
316140,2026-03-13,2026-03-18,31500.0,33390.0,38,66702.72564900015,0.05566089861745516,3,target
086790,2026-03-16,2026-03-18,107000.0,113420.0,12,71550.79342800006,0.05566089861745516,2,target
214370,2026-03-17,2026-03-18,116200.0,111552.0,10,-51105.08303599991,-0.043929752195512206,1,stop
010950,2026-03-17,2026-03-18,104400.0,110664.0,12,69812.17601759988,0.055660898617454935,1,target
067310,2026-03-18,2026-03-19,32000.0,33920.0,40,71327.89376000036,0.05566089861745538,1,target
028050,2026-03-18,2026-03-20,32000.0,33920.0,40,71327.89376000036,0.05566089861745538,2,target
086520,2026-03-16,2026-03-23,150700.0,144672.0,8,-53022.623156799935,-0.04392975219551232,5,stop
323410,2026-03-18,2026-03-23,24400.0,23424.0,53,-56875.29550960031,-0.04392975219551254,3,stop
096770,2026-03-19,2026-03-23,111800.0,107328.0,12,-59003.94096479984,-0.043929752195512206,2,stop
086280,2026-03-19,2026-03-23,229000.0,219840.0,5,-50357.41830999986,-0.043929752195512206,2,stop
214370,2026-03-20,2026-03-23,111200.0,106752.0,13,-63577.88987679989,-0.043929752195512206,1,stop
277810,2026-03-23,2026-03-24,626000.0,600960.0,1,-27531.654027999844,-0.043929752195512095,1,stop
058610,2026-03-23,2026-03-24,115300.0,110688.0,10,-50709.260533999885,-0.043929752195512206,1,stop
950160,2026-03-24,2026-03-25,95400.0,101124.0,13,69110.04206340015,0.05566089861745516,1,target
000880,2026-03-23,2026-03-26,114200.0,109632.0,10,-50225.477475999855,-0.043929752195512206,3,stop
005380,2026-03-24,2026-03-26,508000.0,487680.0,2,-44683.96244799998,-0.04392975219551232,2,stop
214370,2026-03-25,2026-03-26,105400.0,101184.0,16,-74168.34081920004,-0.04392975219551232,1,stop
071050,2026-03-24,2026-03-27,217000.0,208320.0,5,-47718.60163000005,-0.04392975219551243,3,stop
066570,2026-03-24,2026-03-27,114200.0,109632.0,11,-55248.02522359998,-0.04392975219551232,3,stop
440110,2026-03-26,2026-03-27,53400.0,51264.0,23,-54016.57743960037,-0.04392975219551265,1,stop
263750,2026-03-26,2026-03-27,54900.0,52704.0,22,-53119.37976839999,-0.04392975219551232,1,stop
009830,2026-03-26,2026-03-27,45350.0,43536.0,27,-53851.65139709995,-0.04392975219551232,1,stop
357780,2026-03-27,2026-03-30,393500.0,377760.0,2,-34612.47878600005,-0.04392975219551243,1,stop
042700,2026-03-27,2026-03-30,269000.0,258240.0,4,-47322.77912799979,-0.043929752195512095,1,stop
086520,2026-03-27,2026-03-30,141100.0,149566.0,8,62902.28630960011,0.05566089861745516,1,target
272210,2026-03-27,2026-03-30,123000.0,118080.0,9,-48686.16774599999,-0.04392975219551232,1,stop
058470,2026-03-27,2026-03-31,100900.0,96864.0,11,-48813.71055219998,-0.04392975219551232,2,stop
440110,2026-03-30,2026-03-31,49750.0,47760.0,23,-50324.43310149992,-0.04392975219551232,1,stop
084370,2026-03-30,2026-03-31,110000.0,105600.0,10,-48378.30579999974,-0.043929752195512095,1,stop
080220,2026-03-30,2026-03-31,37900.0,36384.0,30,-50005.576086000074,-0.04392975219551243,1,stop
336260,2026-03-30,2026-03-31,36850.0,35376.0,31,-50240.87057329994,-0.04392975219551232,1,stop
005830,2026-03-31,2026-04-01,160000.0,169600.0,6,53495.92031999992,0.05566089861745516,1,target
240810,2026-03-31,2026-04-01,111400.0,118084.0,9,55869.80178420001,0.05566089861745516,1,target
000660,2026-03-31,2026-04-01,817000.0,866020.0,1,45527.25718899991,0.055660898617454935,1,target
178320,2026-03-31,2026-04-01,41900.0,44414.0,26,60706.72457979992,0.05566089861745516,1,target
039030,2026-03-31,2026-04-01,382500.0,405450.0,2,42629.56150499999,0.05566089861745516,1,target
272210,2026-04-01,2026-04-02,118600.0,125716.0,9,59480.776405800134,0.05566089861745516,1,target
042700,2026-04-01,2026-04-02,265500.0,254880.0,4,-46707.05523599975,-0.043929752195512095,1,stop
079550,2026-04-01,2026-04-02,643000.0,681580.0,1,35831.121631000075,0.05566089861745516,1,target
043260,2026-04-01,2026-04-02,41350.0,43831.0,27,62214.083584649954,0.05566089861745516,1,target
032820,2026-04-01,2026-04-02,22100.0,21216.0,52,-50542.13547760015,-0.04392975219551243,1,stop
000250,2026-04-02,2026-04-03,790000.0,758400.0,1,-34744.41962000006,-0.04392975219551243,1,stop
440110,2026-04-02,2026-04-03,54000.0,51840.0,21,-49873.63525199983,-0.043929752195512206,1,stop
357780,2026-04-02,2026-04-03,392500.0,376800.0,2,-34524.51822999993,-0.043929752195512206,1,stop
058470,2026-04-02,2026-04-03,105000.0,100800.0,11,-50797.22109000012,-0.04392975219551243,1,stop
310210,2026-04-03,2026-04-06,284500.0,273120.0,3,-37537.167273,-0.04392975219551232,1,stop
036930,2026-04-03,2026-04-06,63600.0,61056.0,17,-47551.476573600085,-0.04392975219551243,1,stop
083650,2026-04-03,2026-04-07,93500.0,89760.0,12,-49345.8719159998,-0.043929752195512206,2,stop
000250,2026-04-06,2026-04-07,681000.0,653760.0,1,-29950.569317999994,-0.04392975219551232,1,stop
440110,2026-04-06,2026-04-07,50600.0,48576.0,24,-53409.64960319991,-0.04392975219551232,1,stop
240810,2026-04-03,2026-04-08,113100.0,119886.0,9,56722.393014299916,0.05566089861745516,3,target
032820,2026-04-07,2026-04-08,21050.0,22313.0,54,63342.51315389993,0.05566089861745516,1,target
042700,2026-04-07,2026-04-08,260500.0,276130.0,4,58065.363514000084,0.05566089861745516,1,target
031980,2026-04-07,2026-04-08,95000.0,100700.0,12,63526.40538000013,0.05566089861745516,1,target
310210,2026-04-08,2026-04-09,289500.0,277920.0,4,-50929.1619239999,-0.043929752195512206,1,stop
043260,2026-04-08,2026-04-09,43750.0,42000.0,26,-50027.566224999726,-0.043929752195512095,1,stop
005830,2026-04-03,2026-04-10,165000.0,169300.0,6,21666.7223100001,0.021860435311235937,5,time
087010,2026-04-09,2026-04-10,281500.0,270240.0,4,-49521.79302799981,-0.043929752195512206,1,stop
036930,2026-04-08,2026-04-13,65200.0,62592.0,17,-48747.74013520009,-0.04392975219551243,3,stop
226950,2026-04-09,2026-04-13,164000.0,157440.0,7,-50489.35914399987,-0.043929752195512206,2,stop
032820,2026-04-10,2026-04-13,22650.0,21744.0,47,-46819.20494489989,-0.043929752195512206,1,stop
006800,2026-04-08,2026-04-14,66600.0,70596.0,17,63091.75102739991,0.05566089861745516,4,target
131970,2026-04-10,2026-04-14,87500.0,92750.0,12,58511.16284999973,0.055660898617454935,2,target
083650,2026-04-13,2026-04-15,89000.0,94340.0,12,59514.21135600004,0.05566089861745516,2,target
310210,2026-04-13,2026-04-16,285000.0,302100.0,3,47644.804035000154,0.05566089861745538,3,target
032820,2026-04-15,2026-04-16,21500.0,22790.0,55,65894.71435250016,0.05566089861745538,1,target
226950,2026-04-16,2026-04-17,168100.0,178186.0,6,56204.15128620004,0.05566089861745516,1,target
095340,2026-04-14,2026-04-21,224000.0,237440.0,5,62411.907040000195,0.05566089861745538,5,target
226950,2026-04-22,2026-04-24,166300.0,176278.0,6,55602.322182599804,0.055660898617454935,2,target
010170,2026-04-27,2026-04-28,13430.0,14235.800000000001,87,65109.55027196999,0.05566089861745516,1,target
043260,2026-04-28,2026-04-29,43400.0,41664.0,27,-51536.08976039966,-0.043929752195512095,1,stop
218410,2026-04-29,2026-04-30,88600.0,93916.0,13,64183.959400600055,0.05566089861745516,1,target
043260,2026-05-04,2026-05-06,41200.0,39552.0,28,-50735.648700800026,-0.04392975219551232,1,stop
000720,2026-05-04,2026-05-07,163100.0,172886.0,7,63621.137738900026,0.05566089861745516,2,target
043260,2026-05-08,2026-05-11,41800.0,44308.0,28,65220.442856800044,0.05566089861745516,1,target
079550,2026-05-08,2026-05-11,891000.0,855360.0,1,-39186.427697999985,-0.04392975219551232,1,stop
032820,2026-05-08,2026-05-11,20900.0,20064.0,57,-52393.70518139959,-0.043929752195511984,1,stop
028300,2026-05-12,2026-05-13,56000.0,53760.0,21,-51720.80692799995,-0.04392975219551232,1,stop
064350,2026-05-12,2026-05-13,225000.0,216000.0,5,-49477.81275000004,-0.04392975219551232,1,stop
007660,2026-05-13,2026-05-14,126100.0,133666.0,9,63242.208303299965,0.05566089861745516,1,target
066970,2026-05-13,2026-05-15,171300.0,164448.0,6,-45202.929728400195,-0.04392975219551254,2,stop
079550,2026-05-13,2026-05-15,884000.0,848640.0,1,-38878.565751999966,-0.04392975219551232,2,stop
047040,2026-05-14,2026-05-15,29650.0,28464.0,44,-57376.67067879997,-0.04392975219551232,1,stop
373220,2026-05-14,2026-05-15,447000.0,429120.0,2,-39318.36853199999,-0.04392975219551232,1,stop
278470,2026-05-14,2026-05-15,409000.0,433540.0,3,68374.47315900028,0.05566089861745538,1,target
043260,2026-05-15,2026-05-18,43000.0,41280.0,26,-49169.95080399979,-0.043929752195512095,1,stop
443060,2026-05-15,2026-05-18,223500.0,214560.0,5,-49147.960664999904,-0.043929752195512206,1,stop
096770,2026-05-15,2026-05-18,130000.0,124800.0,8,-45739.48912000004,-0.04392975219551243,1,stop
267270,2026-05-15,2026-05-18,174500.0,167520.0,6,-46047.35106599983,-0.043929752195512206,1,stop
047040,2026-05-18,2026-05-19,26950.0,28567.0,41,61573.24703914998,0.05566089861745516,1,target
007660,2026-05-18,2026-05-19,129300.0,124128.0,8,-45493.1995632,-0.04392975219551232,1,stop
079550,2026-05-18,2026-05-19,852000.0,903120.0,1,47477.629284000024,0.05566089861745516,1,target
066970,2026-05-18,2026-05-20,157100.0,150816.0,7,-48365.1117165999,-0.043929752195512206,2,stop
034020,2026-05-18,2026-05-20,108100.0,103776.0,10,-47542.68051799992,-0.04392975219551232,2,stop
003670,2026-05-19,2026-05-20,235000.0,225600.0,4,-41341.46132,-0.04392975219551232,1,stop
082740,2026-05-19,2026-05-20,70100.0,67296.0,16,-49328.27980479994,-0.04392975219551232,1,stop
042700,2026-05-19,2026-05-20,303000.0,290880.0,3,-39978.072702000034,-0.04392975219551232,1,stop
