code,entry_date,exit_date,entry_price,exit_price,shares,pnl_krw,pnl_pct,hold_days,reason
068270,2020-04-01,2020-04-02,199857.0,187865.58,9,-114976.10386502114,-0.0638478823581059,1,stop
237690,2020-04-07,2020-04-09,39200.0,36848.0,50,-125285.78131999983,-0.06384788235810579,2,stop
180640,2020-04-08,2020-04-09,89000.0,83660.0,22,-125157.93868599995,-0.06384788235810579,1,stop
000100,2020-04-10,2020-04-14,41920.0,39404.799999999996,45,-120581.17238880019,-0.0638478823581059,2,stop
207940,2020-04-13,2020-04-14,829074.0,779329.5599999999,2,-105991.00394091615,-0.0638478823581059,1,stop
001440,2020-04-14,2020-04-21,5541.0,5208.54,339,-120069.73793148296,-0.06384788235810579,4,stop
180640,2020-04-20,2020-04-21,109500.0,102930.0,17,-118989.53159549995,-0.06384788235810579,1,stop
196170,2020-05-06,2020-05-08,33958.0,39051.7,55,271673.4263163246,0.14529248434912567,2,target
064350,2020-04-22,2020-05-11,17350.0,17500.0,105,8237.67236249987,0.004516650851256854,10,time
207940,2020-04-22,2020-05-11,833438.0,852347.0,2,30875.31942189997,0.018501585582615387,10,time
196170,2020-05-11,2020-05-12,40884.0,47016.6,46,273560.6190694198,0.14529248434912567,1,target
336260,2020-05-12,2020-05-13,10891.0,10237.539999999999,201,-139929.5797528471,-0.0638478823581059,1,stop
035720,2020-05-07,2020-05-15,40042.0,46048.299999999996,47,273751.17113559484,0.14529248434912567,6,target
001440,2020-05-11,2020-05-15,6912.0,6497.28,275,-121501.63935359986,-0.06384788235810579,4,stop
141080,2020-05-07,2020-05-18,28426.0,26720.44,66,-119923.8055647721,-0.0638478823581059,7,stop
196170,2020-05-14,2020-05-19,51453.0,48365.82,39,-128268.79742043861,-0.06384788235810568,3,stop
214150,2020-05-19,2020-05-22,16600.0,15604.0,123,-130514.54505059985,-0.06384788235810579,3,stop
263750,2020-05-11,2020-05-25,42000.0,41800.0,45,-16719.065550000174,-0.008835903813800061,10,time
078600,2020-05-22,2020-05-26,27600.0,31739.999999999996,69,277013.2479569998,0.14529248434912567,2,target
095340,2020-05-25,2020-05-27,18350.0,17249.0,102,-119641.52902889997,-0.06384788235810579,2,stop
336260,2020-05-27,2020-05-28,13982.0,16079.3,126,256260.81881421013,0.1452924843491259,1,target
011200,2020-05-28,2020-05-29,4930.0,4634.2,411,-129519.2901449101,-0.0638478823581059,1,stop
064760,2020-05-18,2020-06-01,81000.0,88500.0,23,164356.51477500005,0.08812007369723718,10,time
214450,2020-05-18,2020-06-01,50900.0,55700.0,37,169358.28625999996,0.08982303541891712,10,time
003230,2020-05-18,2020-06-01,121500.0,127500.0,15,82265.706,0.04508707643237475,10,time
214150,2020-06-01,2020-06-03,16500.0,15510.0,120,-126564.20766000007,-0.0638478823581059,2,stop
214370,2020-05-29,2020-06-04,14020.0,16122.999999999998,135,275311.3707247502,0.1452924843491259,4,target
141080,2020-06-02,2020-06-04,35782.0,41149.299999999996,56,291470.76777476026,0.1452924843491259,2,target
042660,2020-06-04,2020-06-05,26608.0,25011.519999999997,83,-141167.92742708838,-0.06384788235810601,1,stop
247540,2020-05-26,2020-06-09,29031.0,29304.0,75,11491.525361250155,0.005271754821810859,10,time
098460,2020-06-04,2020-06-09,22460.0,21112.399999999998,99,-142131.6052021801,-0.0638478823581059,3,stop
082740,2020-06-03,2020-06-10,4172.0,3921.68,452,-120539.24000484776,-0.06384788235810568,5,stop
141080,2020-06-09,2020-06-10,46192.0,53120.799999999996,46,309077.1968509597,0.14529248434912567,1,target
028300,2020-06-02,2020-06-11,51871.0,48758.74,38,-125995.18009606609,-0.0638478823581059,7,stop
000880,2020-06-10,2020-06-11,28950.0,27213.0,73,-135088.11528194998,-0.06384788235810579,1,stop
226950,2020-06-11,2020-06-12,25373.0,23850.62,78,-126506.29494679812,-0.0638478823581059,1,stop
214450,2020-06-11,2020-06-12,60600.0,56964.0,32,-123956.21792639978,-0.06384788235810568,1,stop
086520,2020-06-05,2020-06-15,4087.0,3841.7799999999997,513,-134019.41478302702,-0.06384788235810579,6,stop
000100,2020-06-09,2020-06-15,46780.0,43973.2,45,-134560.7644167,-0.06384788235810579,4,stop
298380,2020-06-11,2020-06-15,29150.0,27401.0,68,-126704.83455740009,-0.0638478823581059,2,stop
207940,2020-06-12,2020-06-15,1045799.0,1202668.8499999999,1,152121.49637690734,0.14529248434912567,1,target
087010,2020-06-15,2020-06-16,21240.0,19965.6,94,-127622.7446695203,-0.06384788235810601,1,stop
003670,2020-06-15,2020-06-17,57497.0,66121.54999999999,34,284358.6664590647,0.14529248434912567,2,target
298380,2020-06-17,2020-06-18,32700.0,37605.0,65,309174.3638587501,0.1452924843491259,1,target
068270,2020-06-12,2020-06-23,239147.0,275019.05,7,243503.57617318234,0.14529248434912567,7,target
028260,2020-06-17,2020-06-23,123000.0,115620.0,17,-133659.47384700016,-0.0638478823581059,4,stop
196170,2020-06-23,2020-06-24,96010.0,90249.4,20,-122741.71290339995,-0.06384788235810579,1,stop
145020,2020-06-23,2020-06-24,170506.0,196081.9,11,272819.0660668551,0.1452924843491259,1,target
336260,2020-06-24,2020-06-25,32183.0,30252.019999999997,62,-127545.1441906821,-0.0638478823581059,1,stop
226950,2020-06-24,2020-06-25,26774.0,25167.559999999998,75,-128357.2006018504,-0.06384788235810601,1,stop
247540,2020-06-18,2020-06-26,32614.0,30657.16,82,-170947.84627631633,-0.0638478823581059,6,stop
005290,2020-06-25,2020-06-26,26050.0,29957.499999999996,72,272824.01169299963,0.14529248434912567,1,target
034730,2020-06-15,2020-06-29,289000.0,293000.0,6,16822.96800000011,0.009690681252576772,10,time
066970,2020-06-26,2020-06-29,31058.0,29194.519999999997,75,-148895.1197539498,-0.06384788235810579,1,stop
131290,2020-06-25,2020-06-30,23650.0,27197.499999999996,80,275209.54900999996,0.1452924843491259,3,target
051910,2020-06-17,2020-07-01,484000.0,491500.0,4,21977.443299999926,0.011338943689535252,10,time
066970,2020-07-02,2020-07-07,31383.0,36090.45,66,301287.25383421476,0.14529248434912567,3,target
178320,2020-07-02,2020-07-08,16245.0,18681.75,128,302462.85826080013,0.1452924843491259,4,target
247540,2020-07-07,2020-07-08,34937.0,32840.78,62,-138459.581225798,-0.06384788235810579,1,stop
095340,2020-07-07,2020-07-08,19350.0,18189.0,112,-138530.27820240008,-0.0638478823581059,1,stop
237690,2020-07-07,2020-07-10,49400.0,46436.0,44,-138939.3746312,-0.06384788235810579,3,stop
064760,2020-07-06,2020-07-13,93700.0,88078.0,22,-131767.40286379983,-0.06384788235810579,5,stop
336260,2020-07-14,2020-07-15,40867.0,38414.979999999996,51,-133225.8955537891,-0.0638478823581059,1,stop
035720,2020-07-10,2020-07-16,70450.0,66223.0,30,-135097.70347950002,-0.06384788235810579,4,stop
035420,2020-07-10,2020-07-16,291500.0,274010.0,7,-130431.44733850006,-0.0638478823581059,4,stop
005290,2020-07-13,2020-07-16,30650.0,28811.0,68,-133224.8088914,-0.06384788235810579,3,stop
009830,2020-07-10,2020-07-21,27390.0,31498.499999999996,77,306778.6443702746,0.14529248434912567,7,target
034020,2020-07-22,2020-07-23,6986.0,8033.9,359,364808.87604059465,0.14529248434912567,1,target
086520,2020-07-23,2020-07-24,4873.0,4580.62,589,-183466.77228944888,-0.06384788235810579,1,stop
058470,2020-07-15,2020-07-27,24588.0,28276.199999999997,80,286124.8368311997,0.14529248434912567,8,target
196170,2020-07-24,2020-07-27,101317.0,95237.98,26,-168384.21793671418,-0.0638478823581059,1,stop
001440,2020-07-27,2020-07-28,9410.0,8845.4,253,-152179.39702141006,-0.0638478823581059,1,stop
131970,2020-07-27,2020-07-28,38240.0,43976.0,62,344867.23866639985,0.14529248434912567,1,target
095340,2020-07-16,2020-07-30,20800.0,22600.0,93,158978.9383500002,0.08209072517935811,10,time
222800,2020-07-16,2020-07-30,15150.0,17422.5,128,282075.24177600024,0.1452924843491259,10,target
066570,2020-07-16,2020-07-30,75100.0,72100.0,25,-82473.26675000018,-0.0438767079074629,10,time
214450,2020-07-30,2020-07-31,63000.0,59220.0,32,-128865.37507200008,-0.0638478823581059,1,stop
034020,2020-07-30,2020-08-03,9176.0,8625.439999999999,223,-130798.86706861621,-0.0638478823581059,2,stop
336260,2020-07-28,2020-08-04,45282.0,42565.079999999994,54,-156302.19412527606,-0.0638478823581059,5,stop
131290,2020-08-03,2020-08-04,41150.0,38681.0,46,-120996.66094930004,-0.06384788235810579,1,stop
084370,2020-07-31,2020-08-06,34250.0,32194.999999999996,56,-122601.08600600017,-0.0638478823581059,4,stop
051910,2020-08-04,2020-08-07,652000.0,749800.0,3,284518.9629299997,0.14529248434912567,3,target
078600,2020-08-04,2020-08-10,45950.0,52842.49999999999,44,294090.20411649975,0.14529248434912567,4,target
319660,2020-07-28,2020-08-11,15550.0,15650.0,159,5720.531415000092,0.002311051590315749,10,time
096770,2020-08-10,2020-08-11,188426.0,177120.44,12,-144533.25692450395,-0.06384788235810579,1,stop
039490,2020-08-11,2020-08-12,119500.0,112330.0,19,-145133.35024849977,-0.06384788235810579,1,stop
100790,2020-07-30,2020-08-13,3679.0,3842.0,558,82272.74204789964,0.04003066165648539,10,time
000100,2020-08-06,2020-08-14,57599.0,54143.06,33,-121499.52995013935,-0.06384788235810601,6,stop
005380,2020-08-11,2020-08-14,171500.0,161210.0,13,-142512.57625149982,-0.06384788235810579,3,stop
051910,2020-08-12,2020-08-14,746000.0,701240.0,3,-143055.9074459998,-0.06384788235810579,2,stop
131290,2020-08-13,2020-08-14,43750.0,41125.0,50,-139827.88093749946,-0.06384788235810557,1,stop
000250,2020-08-07,2020-08-18,53200.0,50008.0,42,-142825.7907048005,-0.06384788235810601,6,stop
007660,2020-08-14,2020-08-18,4294.0,4036.3599999999997,466,-127906.81100226799,-0.06384788235810579,1,stop
000990,2020-08-14,2020-08-18,37200.0,34968.0,53,-126027.26859720005,-0.0638478823581059,1,stop
028260,2020-08-14,2020-08-18,127500.0,119850.0,15,-122249.51876250003,-0.06384788235810579,1,stop
017670,2020-08-14,2020-08-18,41926.0,39410.439999999995,47,-125958.36141747423,-0.0638478823581059,1,stop
178320,2020-08-18,2020-08-19,22102.0,20775.879999999997,86,-121499.84955672431,-0.06384788235810601,1,stop
214450,2020-08-18,2020-08-19,64500.0,74175.0,29,272082.16777125,0.1452924843491259,1,target
035720,2020-08-19,2020-08-20,77173.0,72542.62,25,-123324.99492102489,-0.06384788235810579,1,stop
064760,2020-08-20,2020-08-21,109000.0,102460.0,17,-118446.20040099998,-0.06384788235810579,1,stop
000990,2020-08-20,2020-08-21,37900.0,35626.0,50,-121130.89571499988,-0.06384788235810579,1,stop
066570,2020-08-24,2020-08-31,90000.0,84600.0,20,-115058.37060000002,-0.06384788235810579,5,stop
009830,2020-08-26,2020-08-31,42808.0,49229.2,44,273980.70637255977,0.14529248434912567,3,target
034020,2020-08-31,2020-09-01,11969.0,13764.349999999999,161,280301.9438838321,0.14529248434912567,1,target
272210,2020-09-02,2020-09-03,10237.0,11772.55,199,296324.8998360776,0.1452924843491259,1,target
298040,2020-09-02,2020-09-03,49400.0,56809.99999999999,41,294613.8586494997,0.14529248434912567,1,target
034020,2020-09-03,2020-09-04,14894.0,14000.359999999999,156,-148518.87888208777,-0.06384788235810568,1,stop
086520,2020-09-01,2020-09-07,6055.0,6963.249999999999,329,289769.3269212877,0.1452924843491259,4,target
009830,2020-09-04,2020-09-07,52301.0,60146.149999999994,43,327130.3323357268,0.14529248434912545,1,target
267260,2020-09-04,2020-09-07,12850.0,14777.499999999998,175,327102.25863437494,0.1452924843491259,1,target
006260,2020-09-07,2020-09-08,61900.0,58186.0,40,-158269.18089199997,-0.06384788235810579,1,stop
298040,2020-09-07,2020-09-08,68600.0,64483.99999999999,36,-157860.08446320007,-0.0638478823581059,1,stop
010120,2020-09-07,2020-09-08,14020.0,13178.8,177,-158623.30498817982,-0.06384788235810579,1,stop
237690,2020-08-26,2020-09-09,65800.0,61852.0,28,-117768.63444079994,-0.06384788235810579,10,stop
336260,2020-09-08,2020-09-09,58675.0,55154.5,39,-146272.74772402504,-0.06384788235810579,1,stop
000500,2020-09-08,2020-09-09,23522.0,22110.68,98,-147348.60741045186,-0.06384788235810579,1,stop
071050,2020-09-08,2020-09-09,84100.0,79054.0,27,-145146.13451189967,-0.06384788235810568,1,stop
067310,2020-09-09,2020-09-10,5407.0,6218.049999999999,382,300443.0063593446,0.14529248434912567,1,target
267260,2020-09-11,2020-09-14,19050.0,17907.0,116,-141253.3263065999,-0.06384788235810579,1,stop
196170,2020-09-01,2020-09-15,112995.0,117834.0,17,74148.19070984982,0.038556108491101915,10,time
145020,2020-09-10,2020-09-15,195000.0,183300.0,11,-137111.2249649996,-0.06384788235810568,3,stop
067310,2020-09-14,2020-09-16,6379.0,5996.259999999999,325,-132520.07637147536,-0.06384788235810601,2,stop
087010,2020-09-15,2020-09-16,24052.0,22608.879999999997,83,-127607.14786817227,-0.0638478823581059,1,stop
000250,2020-09-16,2020-09-17,60700.0,57058.0,31,-120280.74219889985,-0.06384788235810579,1,stop
010170,2020-09-09,2020-09-18,3777.0,3550.3799999999997,547,-132062.6554270233,-0.06384788235810601,7,stop
218410,2020-09-10,2020-09-22,43612.0,40995.28,49,-136599.08737319638,-0.06384788235810601,8,stop
237690,2020-09-17,2020-09-22,75300.0,70782.0,24,-115518.60408239998,-0.06384788235810579,3,stop
000270,2020-09-18,2020-09-23,48450.0,45543.0,39,-120782.52453734982,-0.06384788235810568,3,stop
005380,2020-09-18,2020-09-23,184000.0,172960.0,10,-117615.2232799998,-0.06384788235810568,3,stop
000100,2020-09-22,2020-09-23,59608.0,56031.52,31,-118116.87777581601,-0.06384788235810579,1,stop
043260,2020-09-24,2020-09-25,1115.0,1048.1,1611,-114819.62448100513,-0.0638478823581059,1,stop
307950,2020-09-15,2020-09-29,58100.0,61900.0,34,120723.5276599999,0.06104325048583226,10,time
032820,2020-09-28,2020-09-29,1540.0,1447.6,1148,-113007.77475063992,-0.06384788235810579,1,stop
226950,2020-09-29,2020-10-06,32530.0,37409.5,55,260249.02992137475,0.14529248434912567,2,target
032820,2020-10-05,2020-10-06,1475.0,1386.5,1231,-116063.533309825,-0.06384788235810579,1,stop
000250,2020-10-12,2020-10-13,63400.0,59596.0,29,-117525.73343620007,-0.0638478823581059,1,stop
000270,2020-10-06,2020-10-16,51300.0,48222.0,35,-114770.72467350005,-0.0638478823581059,7,stop
086280,2020-10-14,2020-10-16,84533.0,97212.95,21,258218.85038885265,0.1452924843491259,2,target
066570,2020-10-07,2020-10-19,94400.0,88736.0,19,-114649.27417120035,-0.06384788235810601,7,stop
086280,2020-10-19,2020-10-20,92786.0,87218.84,19,-112689.0630640781,-0.0638478823581059,1,stop
058610,2020-10-12,2020-10-26,7370.0,6927.799999999999,253,-119188.32689137035,-0.06384788235810601,10,stop
011200,2020-10-22,2020-10-26,7690.0,8843.5,231,258392.9655210746,0.14529248434912567,2,target
086280,2020-10-22,2020-10-26,98287.0,92389.78,18,-113087.42071162211,-0.0638478823581059,2,stop
145020,2020-10-23,2020-10-26,219900.0,206706.0,8,-112450.38086639997,-0.06384788235810579,1,stop
011200,2020-10-28,2020-11-05,8890.0,10223.5,200,258627.15546500008,0.1452924843491259,6,target
043260,2020-11-06,2020-11-10,1275.0,1198.5,1457,-118745.03255797504,-0.06384788235810579,2,stop
000270,2020-10-28,2020-11-11,52600.0,58100.0,33,173851.27336500003,0.10004121905578134,10,time
011200,2020-11-10,2020-11-11,12950.0,12173.0,149,-123339.37721735006,-0.0638478823581059,1,stop
009830,2020-11-10,2020-11-12,62642.0,58883.479999999996,30,-120124.77418542001,-0.06384788235810579,2,stop
307950,2020-11-12,2020-11-13,71400.0,82110.0,25,259645.3726125001,0.1452924843491259,1,target
003490,2020-11-11,2020-11-16,19307.0,22203.05,98,275222.05853495514,0.1452924843491259,3,target
011200,2020-11-13,2020-11-17,14400.0,13536.0,135,-124263.04024800006,-0.0638478823581059,2,stop
034020,2020-11-10,2020-11-18,15201.0,14288.939999999999,127,-123401.82834405918,-0.0638478823581059,6,stop
131290,2020-11-18,2020-11-19,50000.0,57499.99999999999,36,261827.26649999968,0.14529248434912567,1,target
006400,2020-11-09,2020-11-23,501264.0,514971.0,3,34836.93286154978,0.023139444280950938,10,time
001440,2020-11-23,2020-11-24,11091.0,10425.539999999999,139,-98544.23443173291,-0.06384788235810579,1,stop
058610,2020-11-19,2020-11-25,7900.0,7426.0,262,-132304.3419266001,-0.0638478823581059,4,stop
226950,2020-11-25,2020-11-26,47644.0,54790.6,40,277211.0730027999,0.1452924843491259,1,target
000270,2020-11-13,2020-11-27,59000.0,58700.0,33,-17850.009704999626,-0.009157423267594722,10,time
307950,2020-11-16,2020-11-30,81200.0,80400.0,26,-29390.800400000066,-0.013905378649928135,10,time
319660,2020-11-17,2020-12-01,18400.0,18000.0,103,-48845.4489800001,-0.025743633351405282,10,time
319400,2020-11-30,2020-12-01,3600.0,3384.0,580,-133467.70989599987,-0.06384788235810579,1,stop
043260,2020-11-26,2020-12-03,1750.0,1645.0,1266,-141617.6778134997,-0.06384788235810568,5,stop
082740,2020-11-24,2020-12-04,5208.0,5989.2,277,209842.33549397974,0.14529248434912567,8,target
066970,2020-12-02,2020-12-04,53186.0,49994.84,38,-129189.32830655598,-0.06384788235810579,2,stop
068270,2020-12-01,2020-12-07,295520.0,339848.0,6,257917.3126536,0.1452924843491259,4,target
263750,2020-12-04,2020-12-07,47480.0,44631.2,37,-112294.41285292013,-0.0638478823581059,1,stop
237690,2020-12-07,2020-12-09,111000.0,104340.0,16,-113524.25899200002,-0.06384788235810579,2,stop
039490,2020-11-27,2020-12-11,128000.0,134000.0,15,81866.13150000013,0.0425896256982532,10,time
082740,2020-12-07,2020-12-11,6369.0,7324.349999999999,295,273297.482666587,0.14529248434912567,4,target
307950,2020-12-04,2020-12-14,95000.0,109249.99999999999,18,248735.90317499987,0.1452924843491259,6,target
036930,2020-12-03,2020-12-15,8660.0,8140.4,240,-132854.0652528,-0.06384788235810579,8,stop
042700,2020-12-09,2020-12-16,6750.0,7762.499999999999,261,256263.43708687485,0.14529248434912567,5,target
095340,2020-12-11,2020-12-17,23400.0,26909.999999999996,88,299530.39287600014,0.1452924843491259,4,target
307950,2020-12-16,2020-12-18,130000.0,122200.0,15,-124646.56814999995,-0.06384788235810579,2,stop
066970,2020-12-17,2020-12-18,70017.0,65815.98,34,-152169.68098122627,-0.0638478823581059,1,stop
319660,2020-12-18,2020-12-21,21100.0,19834.0,97,-130827.75950389984,-0.06384788235810579,1,stop
096770,2020-12-11,2020-12-22,189408.0,178043.52,10,-121072.08810336026,-0.06384788235810601,7,stop
000250,2020-12-22,2020-12-23,91100.0,85634.0,19,-110641.40759530035,-0.06384788235810601,1,stop
028260,2020-12-14,2020-12-29,132500.0,136500.0,16,55123.140800000634,0.025971610261891653,10,time
263750,2020-12-15,2020-12-30,52020.0,52060.0,38,-6585.638867999893,-0.003327704474608506,10,time
032830,2020-12-23,2021-01-05,80800.0,75952.0,20,-103296.84827199997,-0.06384788235810579,6,stop
042700,2020-12-18,2021-01-06,8400.0,8800.0,244,88912.5996000003,0.04333062756442119,10,time
000990,2020-12-29,2021-01-06,48150.0,55372.49999999999,46,322178.4514282495,0.14529248434912567,4,target
006400,2020-12-30,2021-01-06,589377.0,677783.5499999999,3,257191.61474661715,0.14529248434912567,3,target
096770,2021-01-05,2021-01-06,224832.0,258556.8,7,228927.7977067202,0.1452924843491259,1,target
000100,2020-12-21,2021-01-07,61790.0,65627.0,31,110746.27717865026,0.057749739586117066,10,time
064350,2021-01-06,2021-01-11,21850.0,20539.0,99,-138271.39686855022,-0.0638478823581059,3,stop
071050,2021-01-07,2021-01-12,89000.0,83660.0,23,-130846.93589900015,-0.0638478823581059,3,stop
012330,2021-01-11,2021-01-12,368500.0,346390.0,5,-117775.02657250012,-0.0638478823581059,1,stop
005380,2021-01-12,2021-01-15,263500.0,247690.0,7,-117902.8692065,-0.06384788235810579,3,stop
100790,2021-01-15,2021-01-18,5948.0,5591.12,307,-116722.62600941211,-0.0638478823581059,1,stop
047040,2021-01-06,2021-01-20,5900.0,6540.0,367,225313.72955599986,0.10393704460475783,10,time
000660,2021-01-06,2021-01-20,132500.0,130500.0,16,-40593.84639999946,-0.019126042936433385,10,time
009830,2021-01-06,2021-01-20,65181.0,71363.0,33,194589.4625630998,0.09036185605710201,10,time
000270,2021-01-20,2021-01-21,96000.0,90240.0,24,-147274.71436800016,-0.0638478823581059,1,stop
098460,2021-01-20,2021-01-22,27000.0,25380.0,85,-146699.42251499975,-0.06384788235810568,2,stop
080220,2021-01-22,2021-01-25,6400.0,6016.0,360,-147274.7143679997,-0.06384788235810568,1,stop
058470,2021-01-12,2021-01-26,30054.0,31436.0,64,80304.5434944001,0.041702169081135665,10,time
064760,2021-01-18,2021-01-26,133100.0,153065.0,12,232328.06114100013,0.1452924843491259,6,target
108490,2021-01-26,2021-01-27,19622.0,18444.68,98,-122917.88005305221,-0.0638478823581059,1,stop
336260,2021-01-25,2021-01-28,62400.0,58656.0,34,-135615.46614719974,-0.06384788235810568,3,stop
011070,2021-01-27,2021-01-28,225500.0,211970.0,8,-115314.05586800002,-0.06384788235810579,1,stop
036930,2021-01-20,2021-01-29,10300.0,9682.0,224,-147479.26258239988,-0.06384788235810579,7,stop
066570,2021-01-21,2021-01-29,168500.0,158390.0,12,-129248.90297399997,-0.06384788235810579,6,stop
003490,2021-01-26,2021-01-29,30550.0,28717.0,63,-123026.16276405007,-0.0638478823581059,3,stop
241560,2021-01-28,2021-01-29,33150.0,31161.0,55,-116544.54122024984,-0.06384788235810579,1,stop
263750,2021-01-28,2021-02-05,61960.0,71254.0,29,261367.61418769998,0.1452924843491259,6,target
096770,2021-02-02,2021-02-05,318799.0,299671.06,5,-101890.25969141512,-0.0638478823581059,3,stop
047050,2021-02-04,2021-02-05,19350.0,22252.5,104,292722.8839470004,0.14529248434912612,1,target
000270,2021-02-04,2021-02-08,100500.0,94470.0,20,-128481.84716999996,-0.06384788235810579,2,stop
263750,2021-02-08,2021-02-09,78600.0,73884.0,25,-125605.38790500001,-0.06384788235810579,1,stop
298040,2021-02-05,2021-02-16,86300.0,81122.0,22,-121361.01245620032,-0.06384788235810601,5,stop
066970,2021-02-04,2021-02-17,81366.0,76484.04,24,-124824.525096528,-0.06384788235810579,7,stop
079550,2021-02-05,2021-02-17,43600.0,40984.0,45,-125413.62395399972,-0.06384788235810568,6,stop
080220,2021-02-16,2021-02-17,6970.0,6551.799999999999,255,-113610.55276995036,-0.06384788235810601,1,stop
047810,2021-02-05,2021-02-19,38800.0,36472.0,50,-124007.35498000006,-0.0638478823581059,8,stop
222800,2021-02-17,2021-02-19,25200.0,23688.0,70,-112757.20318800001,-0.06384788235810579,2,stop
272210,2021-02-19,2021-02-23,19581.0,18406.14,94,-117654.47096863808,-0.0638478823581059,2,stop
043260,2021-02-19,2021-02-24,1870.0,1757.8,994,-118815.66561326012,-0.0638478823581059,3,stop
161390,2021-02-09,2021-02-25,49250.0,50800.0,38,51056.57855499978,0.027249758639339428,10,time
010950,2021-02-24,2021-02-26,90200.0,84788.0,19,-109548.35307459999,-0.06384788235810579,2,stop
011200,2021-02-23,2021-03-02,17100.0,19665.0,101,251223.26220675,0.1452924843491259,4,target
357780,2021-02-17,2021-03-04,312600.0,300600.0,5,-66228.6035999998,-0.04232406799814381,10,time
030200,2021-02-17,2021-03-04,26600.0,26300.0,66,-26936.42853000015,-0.015325520157502215,10,time
084370,2021-03-03,2021-03-05,41550.0,39057.0,46,-122172.81318209996,-0.06384788235810579,2,stop
000660,2021-02-26,2021-03-09,143500.0,134890.0,12,-110072.50787400012,-0.0638478823581059,6,stop
011200,2021-03-04,2021-03-09,20150.0,23172.5,85,249135.91705437494,0.1452924843491259,3,target
100790,2021-03-04,2021-03-09,6310.0,5931.4,271,-109306.09128317027,-0.06384788235810601,3,stop
005490,2021-03-04,2021-03-10,318000.0,298920.0,5,-101634.89402999985,-0.06384788235810568,4,stop
083650,2021-03-09,2021-03-10,3590.0,3374.6,493,-113132.42131879018,-0.0638478823581059,1,stop
267270,2021-03-10,2021-03-11,40450.0,46517.5,41,241237.46118162503,0.1452924843491259,1,target
105560,2021-03-09,2021-03-23,51900.0,51400.0,34,-24181.566870000213,-0.013687966900476467,10,time
086790,2021-03-10,2021-03-24,40700.0,40950.0,41,3381.11614750023,0.0020238699732231247,10,time
055550,2021-03-10,2021-03-24,35650.0,35100.0,46,-31946.052515000105,-0.01945810840528528,10,time
083650,2021-03-12,2021-03-26,3800.0,4125.0,478,147448.04995250003,0.08108272264076533,10,time
100790,2021-03-15,2021-03-26,8064.0,9273.599999999999,225,263921.88463199954,0.14529248434912567,9,target
011200,2021-03-24,2021-03-26,27950.0,32142.499999999996,59,239870.14101212472,0.14529248434912567,2,target
011200,2021-03-29,2021-03-30,32600.0,30644.0,61,-127113.9309862,-0.06384788235810579,1,stop
083650,2021-03-30,2021-03-31,4565.0,4291.099999999999,438,-127808.75570199033,-0.06384788235810601,1,stop
138040,2021-04-01,2021-04-02,17500.0,16450.0,106,-118574.0430350001,-0.0638478823581059,1,stop
084370,2021-03-25,2021-04-08,45950.0,49050.0,36,104491.7551800001,0.06309497766617067,10,time
030200,2021-03-25,2021-04-08,27700.0,27900.0,60,5153.415000000037,0.0030971688381922213,10,time
000500,2021-03-26,2021-04-08,24017.0,22575.98,83,-127421.45644228719,-0.0638478823581059,9,stop
100790,2021-04-08,2021-04-09,11152.0,10482.88,159,-113343.2338222561,-0.0638478823581059,1,stop
352820,2021-04-08,2021-04-09,275220.0,258706.8,6,-105554.5491884402,-0.0638478823581059,1,stop
043260,2021-04-08,2021-04-09,2065.0,1941.1,861,-113649.86437990493,-0.06384788235810579,1,stop
009540,2021-03-29,2021-04-12,133500.0,131500.0,14,-35576.99040000001,-0.019013439557661327,10,time
240810,2021-04-02,2021-04-16,55100.0,55900.0,31,17726.752939999802,0.010366130752246905,10,time
071050,2021-04-09,2021-04-23,99700.0,108000.0,16,125871.05032000015,0.07881547520566579,10,time
047040,2021-04-09,2021-04-23,7000.0,7090.0,238,14529.251569000306,0.0087110203770564,10,time
000720,2021-04-09,2021-04-23,45437.0,48454.0,36,101588.24951099977,0.06203433204030295,10,time
066970,2021-04-13,2021-04-27,92330.0,90696.0,21,-42158.96353830001,-0.021718437546529024,10,time
003550,2021-04-27,2021-04-29,114776.0,107889.43999999999,17,-124722.76235986431,-0.06384788235810601,2,stop
035720,2021-04-16,2021-04-30,115500.0,113500.0,14,-34544.24399999995,-0.02133862621023308,10,time
034220,2021-04-23,2021-04-30,24354.0,22892.76,71,-110528.5225494781,-0.0638478823581059,5,stop
011200,2021-04-29,2021-05-03,39600.0,37224.0,47,-118970.35520040011,-0.0638478823581059,2,stop
047040,2021-04-30,2021-05-03,7610.0,7153.4,210,-102152.65669770027,-0.06384788235810601,1,stop
042700,2021-04-23,2021-05-04,17025.0,16003.5,102,-111002.56303635007,-0.0638478823581059,7,stop
082740,2021-05-04,2021-05-06,9256.0,8700.64,177,-104723.06069690408,-0.0638478823581059,1,stop
267270,2021-04-23,2021-05-07,56500.0,64974.99999999999,30,246554.00928749982,0.14529248434912567,9,target
042660,2021-04-30,2021-05-11,31183.0,35860.45,51,231329.19011930237,0.14529248434912567,6,target
138040,2021-05-03,2021-05-12,17950.0,20642.5,90,234989.97168374993,0.1452924843491259,6,target
058610,2021-05-06,2021-05-13,11650.0,10951.0,132,-98298.20128259994,-0.06384788235810579,5,stop
267250,2021-05-07,2021-05-14,76700.0,72098.0,25,-122569.12534749974,-0.06384788235810568,5,stop
011200,2021-05-13,2021-05-14,47800.0,44932.0,30,-91663.16857800004,-0.0638478823581059,1,stop
005940,2021-05-03,2021-05-18,12850.0,13400.0,126,62460.30451499997,0.03853285672666451,10,time
078930,2021-05-11,2021-05-20,49450.0,46483.0,37,-116953.63764905022,-0.0638478823581059,6,stop
028050,2021-05-12,2021-05-27,19300.0,19100.0,96,-26736.54239999992,-0.014413766565969599,10,time
083650,2021-05-27,2021-05-28,5590.0,5254.599999999999,330,-117915.65346990013,-0.0638478823581059,1,stop
024110,2021-05-14,2021-05-31,10650.0,10800.0,148,15674.970450000139,0.009933360356853216,10,time
000810,2021-05-14,2021-05-31,217500.0,211500.0,7,-48115.691399999894,-0.03156677485321291,10,time
001440,2021-05-31,2021-06-01,15025.0,17278.75,103,225109.62886318727,0.14529248434912567,1,target
214450,2021-05-18,2021-06-02,76000.0,82400.0,22,133532.72416000022,0.07977231934059481,10,time
034020,2021-05-31,2021-06-02,17856.0,20534.399999999998,87,225967.40408015973,0.14529248434912567,2,target
030200,2021-05-20,2021-06-03,32000.0,33700.0,55,86011.52532500029,0.048814041374063866,10,time
000500,2021-06-03,2021-06-04,35491.0,40814.649999999994,51,263287.82626829203,0.14529248434912567,1,target
241560,2021-06-03,2021-06-07,54500.0,51230.0,33,-114962.48862449988,-0.06384788235810579,2,stop
003490,2021-06-03,2021-06-07,33750.0,31725.0,53,-114339.25578374974,-0.06384788235810568,2,stop
001440,2021-06-04,2021-06-07,22473.0,25843.949999999997,93,304008.9482694827,0.1452924843491259,1,target
034020,2021-06-07,2021-06-08,25046.0,28802.899999999998,76,276881.7524853803,0.1452924843491259,1,target
032820,2021-06-07,2021-06-08,1940.0,2231.0,991,279651.88496495015,0.1452924843491259,1,target
083650,2021-06-07,2021-06-08,6070.0,6980.499999999999,316,279008.95356609975,0.14529248434912567,1,target
000150,2021-06-08,2021-06-10,102500.0,96350.0,21,-137590.63484249962,-0.06384788235810568,2,stop
000720,2021-05-28,2021-06-11,54291.0,54097.0,31,-12893.627089499962,-0.0076522007277263215,10,time
145020,2021-06-10,2021-06-11,242500.0,227950.0,8,-124007.35498000006,-0.0638478823581059,1,stop
047040,2021-06-01,2021-06-15,8320.0,8620.0,214,56713.97205399978,0.031816598567042664,10,time
035720,2021-06-11,2021-06-18,134500.0,154675.0,13,254336.0974862501,0.1452924843491259,5,target
058610,2021-06-15,2021-06-21,12800.0,12032.0,148,-121092.54292479996,-0.06384788235810579,4,stop
064350,2021-06-08,2021-06-22,24000.0,24400.0,91,27342.222180000506,0.012504949931836151,10,time
161390,2021-06-08,2021-06-22,53700.0,57300.0,41,138141.8608799996,0.06267119023892631,10,time
214450,2021-06-11,2021-06-25,90600.0,85164.0,20,-115825.42640400003,-0.06384788235810579,10,stop
035720,2021-06-24,2021-06-25,172000.0,161680.0,13,-142928.06481199944,-0.06384788235810557,1,stop
352820,2021-06-21,2021-06-29,313000.0,294220.0,5,-100036.86110499967,-0.06384788235810557,6,stop
028050,2021-06-23,2021-06-29,26400.0,24816.0,90,-151877.04919199971,-0.06384788235810568,4,stop
247540,2021-06-18,2021-07-02,50083.0,52406.0,40,84436.06116999965,0.042099643892013594,10,time
263750,2021-07-02,2021-07-07,80500.0,75670.0,24,-123495.98444400006,-0.0638478823581059,3,stop
032820,2021-07-06,2021-07-07,3070.0,2885.7999999999997,670,-131479.7569373001,-0.0638478823581059,1,stop
011070,2021-06-25,2021-07-09,232000.0,227500.0,8,-43500.129399999976,-0.02341064396766812,10,time
012450,2021-07-07,2021-07-09,55005.0,51704.7,33,-116027.73737230501,-0.06384788235810579,2,stop
005830,2021-06-28,2021-07-12,54000.0,55000.0,38,29478.467700000154,0.014349221243187271,10,time
000720,2021-06-29,2021-07-13,57016.0,56919.0,32,-10572.064331199974,-0.005787804542006558,10,time
010950,2021-07-07,2021-07-15,106500.0,100110.0,17,-115729.54442849988,-0.06384788235810579,6,stop
247540,2021-07-12,2021-07-15,57520.0,66148.0,33,276105.58009980037,0.14529248434912612,3,target
032820,2021-07-12,2021-07-23,2915.0,2740.1,652,-121487.57666386012,-0.0638478823581059,9,stop
066970,2021-07-14,2021-07-28,110500.0,109200.0,16,-27984.298160000006,-0.015810039024792055,10,time
035420,2021-07-14,2021-07-28,436000.0,442000.0,4,16781.986000000034,0.009611643562651873,10,time
067310,2021-07-16,2021-07-28,11881.0,11168.14,171,-129865.80760436715,-0.0638478823581059,8,stop
357780,2021-07-23,2021-07-28,364600.0,342724.0,4,-93222.84871279984,-0.06384788235810568,3,stop
078600,2021-07-15,2021-07-29,58200.0,58100.0,35,-11837.715224999934,-0.005804671437558473,10,time
086520,2021-07-30,2021-08-05,13734.0,12909.96,133,-116760.08390117437,-0.06384788235810601,4,stop
012450,2021-08-05,2021-08-06,56228.0,52854.32,32,-115013.36999283219,-0.0638478823581059,1,stop
064350,2021-08-09,2021-08-10,27000.0,25380.0,66,-113907.78689400014,-0.0638478823581059,1,stop
138040,2021-07-28,2021-08-11,23250.0,24450.0,76,83689.61844000011,0.04730813435572245,10,time
095340,2021-08-06,2021-08-11,29000.0,27260.0,60,-111223.09157999977,-0.06384788235810568,3,stop
086520,2021-08-10,2021-08-12,18258.0,20996.699999999997,92,244333.7140675797,0.14529248434912567,2,target
214450,2021-08-12,2021-08-17,94800.0,89112.0,19,-115135.07618039963,-0.06384788235810557,2,stop
214150,2021-08-03,2021-08-18,23750.0,25300.0,77,111503.56698250026,0.06090251181813788,10,time
066970,2021-08-12,2021-08-18,122600.0,115244.0,14,-109714.54849880026,-0.06384788235810601,3,stop
005830,2021-08-17,2021-08-20,60300.0,56682.0,35,-134905.93952850043,-0.06384788235810601,3,stop
222800,2021-08-06,2021-08-23,29800.0,30800.0,59,51620.60981000005,0.029326189610536346,10,time
207940,2021-08-12,2021-08-27,1405065.0,1377429.0,1,-33312.76507319999,-0.02368181857312679,10,time
000810,2021-08-18,2021-09-01,230500.0,227000.0,7,-31040.218475,-0.019215716505699976,10,time
079550,2021-08-18,2021-09-01,47800.0,52400.0,37,162450.16536999983,0.0917468833890156,10,time
263750,2021-08-27,2021-09-02,92300.0,86762.0,14,-82599.12582740001,-0.06384788235810579,4,stop
086520,2021-09-01,2021-09-02,20555.0,19321.699999999997,87,-114309.53237134544,-0.06384788235810612,1,stop
138040,2021-09-01,2021-09-03,28800.0,33120.0,62,259732.64836799982,0.14529248434912567,2,target
214450,2021-08-24,2021-09-07,98100.0,94000.0,20,-89798.92830000003,-0.04571649577788561,10,time
353200,2021-08-25,2021-09-08,18250.0,18200.0,112,-13960.211720000021,-0.006822002851502584,10,time
078600,2021-09-06,2021-09-08,70000.0,80500.0,25,254554.286875,0.1452924843491259,2,target
067310,2021-09-03,2021-09-10,12599.0,14488.849999999999,138,252905.06601523468,0.14529248434912567,5,target
247540,2021-09-10,2021-09-14,90778.0,104394.7,21,277295.1486472648,0.14529248434912567,2,target
067310,2021-09-13,2021-09-15,14278.0,13421.32,141,-128686.26754176617,-0.0638478823581059,2,stop
028300,2021-09-02,2021-09-16,55880.0,60097.0,26,103364.57708589989,0.0710628743569981,10,time
267260,2021-09-08,2021-09-16,26500.0,24910.0,74,-125349.70263700001,-0.06384788235810579,6,stop
066970,2021-09-14,2021-09-24,150400.0,172960.0,14,306279.7179680001,0.1452924843491259,5,target
028050,2021-09-24,2021-09-27,27850.0,26179.0,70,-124614.60749149998,-0.06384788235810579,1,stop
066970,2021-09-27,2021-09-28,191900.0,180386.0,10,-122665.00732299988,-0.06384788235810579,1,stop
058470,2021-09-13,2021-09-29,38244.0,35949.36,52,-127119.5560620958,-0.06384788235810568,9,stop
005830,2021-09-29,2021-09-30,66500.0,62510.0,28,-119021.49225399992,-0.06384788235810579,1,stop
003670,2021-09-30,2021-10-06,169629.0,159451.25999999998,11,-119271.99989532307,-0.0638478823581059,3,stop
078600,2021-09-27,2021-10-07,97800.0,91932.0,19,-118778.59124940005,-0.0638478823581059,7,stop
010950,2021-09-29,2021-10-07,113000.0,106220.0,16,-115569.74113600003,-0.06384788235810579,5,stop
267260,2021-10-01,2021-10-07,27850.0,26179.0,67,-119273.98145614984,-0.06384788235810579,3,stop
000810,2021-10-06,2021-10-21,242000.0,247000.0,7,27954.467450000113,0.01648308887615557,10,time
066970,2021-10-20,2021-10-21,215600.0,202664.0,8,-110251.48756160005,-0.0638478823581059,1,stop
005830,2021-10-07,2021-10-22,66600.0,66100.0,26,-20058.118470000103,-0.011570267456884498,10,time
010130,2021-10-13,2021-10-27,557000.0,560000.0,3,2125.375350000104,0.0012704570064951959,10,time
024110,2021-10-21,2021-11-04,11150.0,11250.0,159,8587.63213500008,0.004838405063573026,10,time
263750,2021-10-22,2021-11-05,106600.0,110200.0,16,50440.30240000016,0.02953937331979506,10,time
352820,2021-10-22,2021-11-05,331000.0,380649.99999999994,5,240735.62558749947,0.14529248434912545,10,target
086520,2021-11-04,2021-11-05,22257.0,25595.55,80,258999.5320217996,0.14529248434912567,1,target
067310,2021-10-29,2021-11-09,15408.0,17719.199999999997,116,259984.00254383963,0.14529248434912567,7,target
222800,2021-11-08,2021-11-11,37300.0,42895.0,51,276707.78281274973,0.14529248434912567,3,target
086520,2021-11-08,2021-11-11,25546.0,29377.899999999998,74,274977.39550037007,0.1452924843491259,3,target
000150,2021-11-05,2021-11-15,126000.0,144900.0,14,256590.72117000027,0.14529248434912612,6,target
263750,2021-11-11,2021-11-16,115500.0,132825.0,18,302410.49280749983,0.14529248434912567,3,target
353200,2021-11-15,2021-11-16,22300.0,20962.0,97,-138268.20080270013,-0.0638478823581059,1,stop
352820,2021-11-08,2021-11-22,383500.0,392500.0,4,29607.231400000164,0.019278499193995602,10,time
011070,2021-11-16,2021-11-22,257000.0,295550.0,8,299064.9221800002,0.1452924843491259,4,target
259960,2021-11-12,2021-11-23,535000.0,502900.0,4,-136791.61837999965,-0.06384788235810568,7,stop
079550,2021-11-22,2021-11-23,63700.0,59878.0,32,-130297.21257279976,-0.06384788235810568,1,stop
247540,2021-11-10,2021-11-24,134585.0,135105.0,18,-595.6061940002255,-0.00024557877282249674,10,time
319660,2021-11-23,2021-11-24,24975.0,23476.5,78,-124521.92158185015,-0.0638478823581059,1,stop
005290,2021-11-16,2021-11-29,37150.0,34921.0,59,-140105.9386664501,-0.0638478823581059,9,stop
000990,2021-11-22,2021-11-30,72400.0,68056.0,28,-129581.29382240004,-0.0638478823581059,6,stop
007660,2021-11-30,2021-12-01,5153.0,4843.82,398,-131095.84550739825,-0.0638478823581059,1,stop
017670,2021-11-30,2021-12-01,57100.0,53674.0,35,-127746.7520244997,-0.06384788235810568,1,stop
036930,2021-11-23,2021-12-02,16150.0,18572.5,121,284249.86268387525,0.1452924843491259,7,target
078600,2021-11-29,2021-12-02,121500.0,114210.0,17,-132029.48026350024,-0.0638478823581059,3,stop
011070,2021-12-01,2021-12-02,318000.0,298920.0,6,-121961.87283600005,-0.0638478823581059,1,stop
095340,2021-12-03,2021-12-17,29800.0,29250.0,66,-44253.32554499991,-0.022474316684799156,10,time
036930,2021-12-06,2021-12-20,19650.0,19100.0,101,-63519.72845249972,-0.03196873764494712,10,time
031980,2021-12-22,2021-12-27,14450.0,16617.5,136,285857.1911810001,0.1452924843491259,3,target
007660,2021-12-24,2021-12-29,5931.0,6820.65,339,292462.3658168325,0.1452924843491259,3,target
005290,2021-12-22,2021-12-30,42100.0,48414.99999999999,46,281697.0468354996,0.14529248434912567,6,target
108490,2021-12-28,2021-12-30,21959.0,25252.85,102,325803.0135541647,0.14529248434912567,2,target
005940,2021-12-29,2022-01-04,12850.0,12079.0,180,-147850.00622099964,-0.06384788235810568,3,stop
005290,2022-01-03,2022-01-04,48250.0,45355.0,49,-151125.97371724946,-0.06384788235810557,1,stop
036930,2021-12-23,2022-01-05,21000.0,19740.0,94,-126180.67975800019,-0.0638478823581059,8,stop
108490,2022-01-04,2022-01-05,30870.0,29017.8,71,-140100.82496109,-0.06384788235810579,1,stop
222800,2022-01-04,2022-01-05,47900.0,45026.0,46,-140844.22987779998,-0.06384788235810579,1,stop
095340,2022-01-03,2022-01-06,35350.0,33229.0,67,-151394.4432486496,-0.06384788235810568,3,stop
079550,2022-01-05,2022-01-06,71100.0,66834.0,28,-127254.5578836,-0.06384788235810579,1,stop
353200,2021-12-23,2022-01-07,22800.0,23400.0,86,43412.13005999988,0.02211457413308704,10,time
138040,2022-01-05,2022-01-14,47800.0,54969.99999999999,41,285071.7093814993,0.14529248434912545,7,target
058610,2022-01-05,2022-01-17,13400.0,12596.0,149,-127625.3015222,-0.06384788235810579,8,stop
079550,2022-01-14,2022-01-17,71900.0,67586.0,31,-142474.22346130013,-0.0638478823581059,1,stop
011070,2022-01-17,2022-01-19,375000.0,352500.0,5,-119852.4693750001,-0.0638478823581059,2,stop
298380,2022-01-17,2022-01-21,29850.0,34327.5,66,286569.94318425003,0.1452924843491259,4,target
000990,2022-01-10,2022-01-24,78500.0,79000.0,26,4597.249150000047,0.002249861684640697,10,time
316140,2022-01-11,2022-01-25,13850.0,14000.0,147,13641.265207500197,0.0066924991924510735,10,time
105560,2022-01-12,2022-01-25,60100.0,56494.0,34,-130616.8191577997,-0.06384788235810568,9,stop
298380,2022-01-24,2022-01-25,33050.0,31067.0,62,-130981.17066469998,-0.06384788235810579,1,stop
086790,2022-02-14,2022-02-25,50600.0,47564.0,39,-126142.3269677998,-0.06384788235810568,9,stop
007660,2022-02-21,2022-03-02,7322.0,6882.679999999999,275,-128708.76784535032,-0.06384788235810601,6,stop
353200,2022-02-28,2022-03-08,25050.0,23547.0,78,-124895.86128629977,-0.06384788235810568,5,stop
012450,2022-03-07,2022-03-08,58775.0,55248.5,33,-123980.188420275,-0.06384788235810579,1,stop
079550,2022-03-03,2022-03-10,71800.0,67492.0,27,-123917.8651362001,-0.0638478823581059,4,stop
222800,2022-02-28,2022-03-14,52100.0,48974.0,37,-123221.12278089998,-0.06384788235810579,8,stop
036930,2022-02-28,2022-03-14,25100.0,23594.0,78,-125145.15442260029,-0.06384788235810601,8,stop
047810,2022-03-18,2022-03-28,38950.0,44792.5,47,266285.603010125,0.1452924843491259,6,target
058610,2022-03-29,2022-03-30,14000.0,13160.0,142,-127075.57819600007,-0.0638478823581059,1,stop
353200,2022-03-21,2022-04-04,26450.0,28100.0,69,106034.94459750014,0.05803300107538223,10,time
011070,2022-03-22,2022-04-05,403000.0,378820.0,4,-103041.16300399997,-0.06384788235810579,10,stop
214370,2022-03-30,2022-04-08,18800.0,21620.0,102,278933.31457800046,0.14529248434912612,7,target
058610,2022-04-05,2022-04-08,15450.0,14523.0,116,-114559.78432739992,-0.06384788235810579,3,stop
030200,2022-03-28,2022-04-11,34950.0,36800.0,57,96974.89899749984,0.04862258938975739,10,time
214370,2022-04-11,2022-04-13,22100.0,25414.999999999996,99,318251.0424307496,0.14529248434912567,2,target
003230,2022-04-05,2022-04-19,100500.0,107500.0,17,111647.40735,0.065273130586468,10,time
010130,2022-04-07,2022-04-21,631000.0,630000.0,2,-7166.032299999846,-0.005671790615380146,10,time
329180,2022-04-18,2022-04-22,148000.0,139120.0,15,-141905.32373999944,-0.06384788235810557,4,stop
003230,2022-04-21,2022-04-25,109000.0,102460.0,14,-97543.92974200007,-0.0638478823581059,2,stop
007660,2022-04-13,2022-04-27,7516.0,7741.0,306,59221.592970300466,0.025720101042018717,10,time
316140,2022-04-21,2022-04-27,16150.0,15181.0,98,-101168.26841589995,-0.06384788235810579,4,stop
353200,2022-04-18,2022-05-02,29750.0,30700.0,77,63546.398492500186,0.02770856469179872,10,time
095340,2022-04-25,2022-05-02,37000.0,34780.0,38,-89873.3717019998,-0.06384788235810568,5,stop
131290,2022-04-27,2022-05-06,81000.0,76140.0,23,-119085.41357099987,-0.06384788235810579,6,stop
095340,2022-05-04,2022-05-06,38450.0,36143.0,48,-117973.18265520013,-0.0638478823581059,1,stop
058610,2022-04-22,2022-05-09,15750.0,15150.0,135,-89475.00569999963,-0.04203278741812233,10,time
079550,2022-04-28,2022-05-11,83000.0,78020.0,24,-127331.26346400008,-0.0638478823581059,8,stop
012450,2022-05-06,2022-05-11,57349.0,53908.06,30,-109974.7082589902,-0.0638478823581059,3,stop
047810,2022-05-03,2022-05-18,47100.0,47300.0,39,249.02162999962457,0.0001354104996518224,10,time
030200,2022-05-16,2022-05-23,37800.0,35532.0,48,-115978.83756479993,-0.06384788235810579,5,stop
066970,2022-05-20,2022-05-25,270000.0,253800.0,6,-103552.53353999974,-0.06384788235810568,3,stop
353200,2022-05-19,2022-06-03,32150.0,30800.0,56,-82755.52670000005,-0.045912272149487454,10,time
047810,2022-05-26,2022-06-09,51200.0,58879.99999999999,34,253216.05862399982,0.14529248434912567,8,target
058610,2022-05-25,2022-06-10,17750.0,17750.0,99,-7201.561950000003,-0.004093491870325372,10,time
095340,2022-05-26,2022-06-13,38900.0,36566.0,45,-111894.2654085001,-0.0638478823581059,10,stop
131290,2022-05-27,2022-06-13,86800.0,81592.0,21,-116515.77662759996,-0.06384788235810579,9,stop
010950,2022-06-08,2022-06-14,121500.0,114210.0,14,-108730.16021700017,-0.0638478823581059,4,stop
012450,2022-06-10,2022-06-15,59894.0,56300.35999999999,31,-118683.60417233827,-0.06384788235810601,3,stop
083650,2022-06-29,2022-07-01,7320.0,6880.799999999999,234,-109489.54546296038,-0.06384788235810601,2,stop
083650,2022-07-04,2022-07-05,7650.0,7191.0,221,-108068.57458604989,-0.06384788235810579,1,stop
083650,2022-07-08,2022-07-11,7840.0,7369.599999999999,213,-106743.48568464024,-0.06384788235810601,1,stop
012450,2022-08-01,2022-08-09,64989.0,74737.34999999999,25,236331.83642456238,0.14529248434912567,6,target
047810,2022-08-09,2022-08-10,60500.0,56870.0,29,-112149.9506765001,-0.0638478823581059,1,stop
214370,2022-07-28,2022-08-11,27800.0,28700.0,59,46221.59090500022,0.028148085730995254,10,time
003230,2022-08-09,2022-08-12,114000.0,107160.0,15,-109305.45207000012,-0.0638478823581059,3,stop
079550,2022-08-01,2022-08-16,86900.0,88200.0,19,17860.64514499996,0.010804994442316529,10,time
277810,2022-08-03,2022-08-17,29000.0,33350.0,57,240444.70640250016,0.1452924843491259,9,target
083650,2022-08-11,2022-08-17,8280.0,7783.2,207,-109558.58048532018,-0.0638478823581059,3,stop
082740,2022-08-16,2022-08-23,9160.0,8610.4,179,-104807.94820587989,-0.06384788235810579,5,stop
267260,2022-08-11,2022-08-26,29750.0,33000.0,57,177754.3510875001,0.10470301742115184,10,time
003230,2022-08-18,2022-08-29,116500.0,109510.0,14,-104255.6680269998,-0.06384788235810568,7,stop
064350,2022-08-25,2022-08-30,31450.0,29563.0,49,-98505.94556284975,-0.06384788235810568,3,stop
009830,2022-08-17,2022-08-31,59697.0,65624.0,28,158616.54654300027,0.09478480810596479,10,time
083650,2022-08-26,2022-08-31,9510.0,10936.5,197,272514.1827609751,0.1452924843491259,3,target
010130,2022-09-01,2022-09-02,666000.0,626040.0,2,-85143.1942439999,-0.06384788235810579,1,stop
047050,2022-08-22,2022-09-05,27000.0,27100.0,68,-744.341939999722,-0.0004049492476226879,10,time
009830,2022-09-07,2022-09-13,67744.0,63679.35999999999,25,-108257.14247120009,-0.0638478823581059,2,stop
277810,2022-09-14,2022-09-16,33200.0,38180.0,51,246292.1820210002,0.1452924843491259,2,target
214370,2022-09-15,2022-09-16,31700.0,29798.0,54,-109420.51044059987,-0.06384788235810579,1,stop
058610,2022-09-16,2022-09-22,20550.0,19317.0,85,-111654.56046974985,-0.06384788235810579,4,stop
003670,2022-09-14,2022-09-26,169630.0,159452.19999999998,10,-108429.73002710007,-0.0638478823581059,8,stop
277810,2022-09-21,2022-09-28,35500.0,33370.0,49,-111191.13092150004,-0.0638478823581059,5,stop
033780,2022-09-29,2022-10-17,86700.0,87800.0,19,14087.420894999988,0.008542000159001528,10,time
950160,2022-10-26,2022-10-27,22500.0,21150.0,75,-107867.22243749979,-0.06384788235810568,1,stop
003670,2022-10-20,2022-11-03,183200.0,205494.0,9,193297.37339970004,0.11710050208296607,10,time
033780,2022-10-27,2022-11-10,92800.0,94400.0,17,20654.492720000213,0.013077309993979602,10,time
267260,2022-11-02,2022-11-16,37050.0,41800.0,45,206287.13036249974,0.12358682968476109,10,time
006260,2022-11-02,2022-11-16,69400.0,68700.0,24,-23576.434679999948,-0.014138658378837876,10,time
373220,2022-11-03,2022-11-17,560000.0,597000.0,3,103787.7904500002,0.06170747384538533,10,time
267270,2022-11-04,2022-11-18,47100.0,54164.99999999999,40,274045.87226999947,0.14529248434912567,10,target
298040,2022-11-22,2022-11-24,76700.0,88205.0,23,256605.26712924987,0.14529248434912567,2,target
267270,2022-11-21,2022-12-05,57300.0,57900.0,31,11265.53360999981,0.006334848528938064,10,time
032830,2022-12-01,2022-12-05,72700.0,68338.0,26,-120824.07339340006,-0.0638478823581059,2,stop
006260,2022-11-23,2022-12-07,71300.0,68100.0,25,-87069.19750000001,-0.04879055815384514,10,time
000250,2022-12-02,2022-12-07,46900.0,44086.0,42,-125912.21022660029,-0.06384788235810601,3,stop
033780,2022-12-01,2022-12-15,99700.0,98200.0,19,-36179.200835000025,-0.019077040137070678,10,time
010170,2022-12-16,2022-12-21,2814.0,2645.16,645,-116019.1079945101,-0.0638478823581059,3,stop
032830,2022-12-12,2022-12-26,73900.0,73300.0,24,-21626.115600000136,-0.01217933632063406,10,time
267270,2022-12-14,2022-12-28,62600.0,64600.0,28,48651.58424,0.027724607430942294,10,time
000250,2022-12-28,2022-12-29,49600.0,46624.0,36,-114137.90363520011,-0.0638478823581059,1,stop
010170,2022-12-28,2023-01-02,2882.0,2709.08,621,-114401.38730387413,-0.0638478823581059,2,stop
003230,2022-12-21,2023-01-05,123000.0,115620.0,14,-110072.50787399989,-0.06384788235810579,10,stop
277810,2023-01-04,2023-01-05,42550.0,48932.49999999999,40,247572.22643499984,0.14529248434912567,1,target
277810,2023-01-09,2023-01-16,51300.0,58994.99999999999,34,253710.62123849965,0.14529248434912567,5,target
277810,2023-01-18,2023-01-25,63200.0,72680.0,28,257405.29488800024,0.1452924843491259,3,target
086790,2023-01-17,2023-01-31,52600.0,49444.0,34,-114316.88332280028,-0.06384788235810601,8,stop
055550,2023-01-17,2023-02-02,43500.0,41250.0,41,-99287.18208749988,-0.05560589746323952,10,time
108490,2023-02-01,2023-02-03,31844.0,29933.359999999997,58,-118059.60427578422,-0.0638478823581059,2,stop
086520,2023-02-07,2023-02-08,28881.0,33213.149999999994,62,260463.14644153463,0.14529248434912567,1,target
145020,2023-02-10,2023-02-13,165500.0,155570.0,11,-116368.7575985,-0.06384788235810579,1,stop
003670,2023-02-10,2023-02-13,236028.0,221866.31999999998,8,-120697.764871008,-0.06384788235810579,1,stop
214370,2023-02-02,2023-02-16,35720.0,35220.0,50,-32245.683949999977,-0.018033952510438378,10,time
000250,2023-02-02,2023-02-16,50400.0,50900.0,35,10219.184325000038,0.005786533011913564,10,time
086520,2023-02-10,2023-02-16,37886.0,43568.899999999994,50,275544.1060727497,0.14529248434912567,4,target
007660,2023-02-17,2023-02-20,8363.0,7861.219999999999,245,-130970.62364739529,-0.06384788235810601,1,stop
247540,2023-02-14,2023-02-22,141900.0,163185.0,12,247688.59410899994,0.1452924843491259,6,target
028050,2023-02-20,2023-02-23,28250.0,26555.0,70,-126404.40436749998,-0.06384788235810579,3,stop
108490,2023-02-24,2023-02-27,31844.0,36620.6,60,277920.9158142002,0.1452924843491259,1,target
039490,2023-02-15,2023-03-02,105800.0,103700.0,17,-42965.777134999866,-0.02386101235305038,10,time
007660,2023-02-27,2023-03-02,9345.0,8784.3,225,-134402.55915712542,-0.06384788235810601,2,stop
005490,2023-02-16,2023-03-03,329000.0,332000.0,5,8214.240250000032,0.004987722489519841,10,time
277810,2023-02-28,2023-03-06,95200.0,89488.0,22,-133876.8063248,-0.06384788235810579,3,stop
267260,2023-03-03,2023-03-06,45350.0,42629.0,39,-113054.43731205002,-0.06384788235810579,1,stop
006400,2023-03-07,2023-03-09,762666.0,716906.0399999999,2,-97501.23030224419,-0.0638478823581059,2,stop
078600,2023-03-07,2023-03-09,101800.0,95692.0,17,-110622.23120020004,-0.06384788235810579,2,stop
000250,2023-03-03,2023-03-10,54100.0,50854.0,33,-114118.72724010004,-0.0638478823581059,5,stop
005830,2023-02-24,2023-03-13,71900.0,77100.0,26,127140.24855999975,0.06793312624197356,10,time
058610,2023-03-10,2023-03-13,23850.0,22419.0,71,-108241.1621419501,-0.0638478823581059,1,stop
086520,2023-03-14,2023-03-15,72791.0,83709.65,24,254115.58074401994,0.1452924843491259,1,target
247540,2023-03-06,2023-03-20,199800.0,187812.0,9,-114943.31222940003,-0.06384788235810579,10,stop
277810,2023-03-17,2023-03-21,114200.0,131330.0,16,265783.76741600037,0.14529248434912612,2,target
403870,2023-03-20,2023-03-21,18600.0,21390.0,95,257027.09994750004,0.1452924843491259,1,target
058610,2023-03-16,2023-03-22,29500.0,33925.0,65,278918.7686187499,0.1452924843491259,4,target
028050,2023-03-10,2023-03-24,28650.0,29250.0,59,28368.246659999946,0.016763188928201833,10,time
247540,2023-03-24,2023-03-27,245000.0,230300.0,8,-125285.78131999983,-0.06384788235810579,1,stop
003550,2023-03-14,2023-03-28,86200.0,83200.0,20,-66888.41379999998,-0.03875381117878274,10,time
000250,2023-03-27,2023-03-28,67400.0,77510.0,29,284315.31950049987,0.14529248434912567,1,target
042700,2023-03-27,2023-03-30,20400.0,23460.0,97,287835.4416390001,0.1452924843491259,3,target
403870,2023-03-27,2023-03-31,26650.0,25051.0,74,-126059.22925570002,-0.06384788235810579,4,stop
066970,2023-03-28,2023-04-03,295500.0,339825.0,6,257899.85750249983,0.14529248434912567,4,target
007660,2023-03-29,2023-04-03,10210.0,9597.4,215,-140316.87901255023,-0.0638478823581059,3,stop
108490,2023-03-31,2023-04-03,40900.0,38446.0,50,-130719.09326500027,-0.0638478823581059,1,stop
005490,2023-04-03,2023-04-05,385000.0,361900.0,5,-123048.535225,-0.06384788235810579,2,stop
028050,2023-04-03,2023-04-06,31900.0,29986.0,63,-128462.67077490012,-0.0638478823581059,3,stop
078600,2023-04-04,2023-04-07,106300.0,122244.99999999999,19,293784.7389722499,0.1452924843491259,3,target
006260,2023-03-28,2023-04-11,77400.0,83800.0,25,151598.29500000016,0.07825536668303279,10,time
078600,2023-04-10,2023-04-11,132300.0,124362.0,18,-152222.22430379968,-0.06384788235810568,1,stop
086520,2023-04-11,2023-04-12,148134.0,139245.96,14,-132564.88521469198,-0.06384788235810579,1,stop
247540,2023-04-11,2023-04-12,302000.0,283880.0,7,-135129.66413800046,-0.06384788235810601,1,stop
000990,2023-04-05,2023-04-17,75500.0,70970.0,24,-115825.42640400003,-0.06384788235810579,8,stop
214370,2023-04-04,2023-04-18,42700.0,44200.0,48,63388.06968000019,0.030891514270061426,10,time
003670,2023-04-17,2023-04-18,338290.0,389033.49999999994,5,246037.62773412466,0.14529248434912567,1,target
012450,2023-04-06,2023-04-20,115108.0,109709.0,16,-93677.1053384,-0.050805268961336525,10,time
047050,2023-04-18,2023-04-20,31850.0,29939.0,63,-128261.31862634979,-0.06384788235810568,2,stop
267260,2023-04-18,2023-04-21,49950.0,46953.0,40,-127714.7913660002,-0.0638478823581059,3,stop
319400,2023-04-20,2023-04-21,4995.0,4695.3,369,-117816.8950351351,-0.0638478823581059,1,stop
003670,2023-04-20,2023-04-21,390633.0,367195.01999999996,4,-99879.10329464404,-0.0638478823581059,1,stop
051910,2023-04-12,2023-04-25,799000.0,751060.0,2,-102146.26456600009,-0.0638478823581059,9,stop
006260,2023-04-13,2023-04-27,88000.0,92600.0,28,118322.32635999983,0.04796525741827118,10,time
012330,2023-04-26,2023-04-27,237000.0,222780.0,6,-90896.11277400004,-0.0638478823581059,1,stop
267260,2023-04-24,2023-05-09,51800.0,48692.0,34,-112578.22350040008,-0.0638478823581059,9,stop
064350,2023-04-24,2023-05-10,33550.0,33600.0,53,-4645.026662499877,-0.002609279488611893,10,time
267270,2023-04-28,2023-05-10,67600.0,63544.0,31,-133953.51190520008,-0.0638478823581059,6,stop
000810,2023-04-26,2023-05-12,226500.0,225500.0,7,-13477.059750000015,-0.008490430096063428,10,time
043260,2023-05-11,2023-05-15,1623.0,1525.62,1108,-114948.68162002787,-0.06384788235810579,2,stop
319400,2023-05-12,2023-05-15,4825.0,4535.5,364,-112265.00904710009,-0.0638478823581059,1,stop
241560,2023-04-28,2023-05-16,51300.0,51300.0,41,-8619.744060000405,-0.004093491870325483,10,time
214150,2023-05-18,2023-05-23,26500.0,24910.0,70,-118574.04303499986,-0.06384788235810579,3,stop
043260,2023-05-19,2023-05-24,1742.0,1637.48,1067,-118811.44680633792,-0.06384788235810579,3,stop
000270,2023-05-11,2023-05-25,90500.0,87100.0,19,-71456.41087000002,-0.04150876399895398,10,time
005380,2023-05-11,2023-05-25,211500.0,203500.0,8,-70745.47919999994,-0.041763714400053,10,time
007660,2023-05-23,2023-05-25,10755.0,12368.249999999998,161,251871.2846913375,0.1452924843491259,2,target
042660,2023-05-25,2023-05-26,27007.0,25386.579999999998,65,-112210.99553423515,-0.0638478823581059,1,stop
042700,2023-05-26,2023-05-31,28150.0,26461.0,61,-109762.48948655021,-0.0638478823581059,2,stop
007660,2023-05-30,2023-05-31,13887.0,15970.05,126,254519.6674919848,0.14529248434912567,1,target
214450,2023-05-17,2023-06-01,114000.0,120000.0,15,82726.75350000011,0.048322640136499784,10,time
000100,2023-05-24,2023-06-09,57137.0,57807.0,30,13015.97859300021,0.007584708953079611,10,time
095340,2023-05-26,2023-06-13,51300.0,56000.0,33,147704.91466499981,0.08714940458599951,10,time
066570,2023-05-31,2023-06-15,125200.0,123600.0,14,-29517.288639999926,-0.016820731590832305,10,time
005930,2023-05-31,2023-06-15,72400.0,71500.0,25,-29851.41087500006,-0.016473545148180446,10,time
403870,2023-06-01,2023-06-15,26750.0,30762.499999999996,69,268482.0428568749,0.14529248434912567,9,target
047050,2023-06-09,2023-06-15,38400.0,36096.0,45,-110456.03577599977,-0.06384788235810568,4,stop
007660,2023-06-13,2023-06-16,18127.0,20846.05,101,266311.34935799753,0.1452924843491259,3,target
031980,2023-06-15,2023-06-16,12810.0,14731.499999999998,141,262730.5705694249,0.1452924843491259,1,target
007660,2023-06-19,2023-06-20,22076.0,20751.44,89,-125590.30247418815,-0.0638478823581059,1,stop
031980,2023-06-19,2023-06-20,15750.0,18112.5,124,284082.5841525006,0.14529248434912612,1,target
267270,2023-06-20,2023-06-23,75000.0,70500.0,27,-129440.66692500003,-0.06384788235810579,3,stop
012450,2023-06-20,2023-06-26,139860.0,131468.4,14,-125160.49553868012,-0.0638478823581059,4,stop
352820,2023-06-23,2023-06-27,307000.0,288580.0,6,-117743.06591399992,-0.06384788235810579,2,stop
087010,2023-06-27,2023-06-28,11173.0,10502.619999999999,166,-118556.01722360612,-0.0638478823581059,1,stop
214150,2023-06-15,2023-06-29,32300.0,30362.0,56,-115620.87818960007,-0.0638478823581059,10,stop
042700,2023-06-16,2023-06-30,28700.0,30150.0,67,88983.16816250002,0.046222342164100816,10,time
010140,2023-06-16,2023-06-30,6810.0,6670.0,286,-47903.86028999998,-0.024567340789290792,10,time
031980,2023-06-30,2023-07-03,20800.0,23919.999999999996,95,287428.15477999975,0.14529248434912567,1,target
007660,2023-06-30,2023-07-04,27911.0,32097.649999999998,71,288254.5107249927,0.1452924843491259,2,target
047050,2023-06-29,2023-07-05,40050.0,46057.5,43,250503.23722387478,0.14529248434912567,4,target
131970,2023-06-27,2023-07-07,42900.0,40326.0,43,-117915.65346990013,-0.0638478823581059,8,stop
307950,2023-07-07,2023-07-10,154700.0,145418.0,11,-108774.9051388998,-0.06384788235810568,1,stop
087010,2023-07-03,2023-07-11,13257.0,15245.55,172,331677.54465686996,0.1452924843491259,6,target
267270,2023-06-29,2023-07-13,82600.0,83900.0,20,19153.124300000258,0.011580581502175669,10,time
272210,2023-07-12,2023-07-17,17070.0,16045.8,124,-135300.97326756013,-0.0638478823581059,3,stop
086520,2023-07-04,2023-07-18,179919.0,206906.84999999998,12,314051.3330760901,0.1452924843491259,10,target
082740,2023-07-05,2023-07-19,10990.0,11830.0,190,150572.0397999999,0.07202675078926757,10,time
087010,2023-07-19,2023-07-20,21126.0,24294.899999999998,106,325735.8112224294,0.14529248434912567,1,target
247540,2023-07-20,2023-07-24,347000.0,399049.99999999994,7,353321.35018249974,0.14529248434912567,2,target
010120,2023-07-11,2023-07-25,16880.0,19412.0,125,306919.7401749999,0.1452924843491259,10,target
095340,2023-07-17,2023-07-25,85200.0,97979.99999999999,23,285042.6174629999,0.1452924843491259,6,target
036930,2023-07-18,2023-07-25,21450.0,24667.499999999996,116,361932.5580585003,0.1452924843491259,5,target
005490,2023-07-24,2023-07-25,566000.0,650900.0,5,411650.64677500026,0.1452924843491259,1,target
047050,2023-07-25,2023-07-26,70500.0,81075.0,38,389686.24830750003,0.1452924843491259,1,target
003670,2023-07-25,2023-07-26,552509.0,519358.45999999996,4,-141268.41173741245,-0.06384788235810601,1,stop
007660,2023-07-25,2023-07-26,40650.0,38211.0,66,-171494.5013792999,-0.06384788235810579,1,stop
010140,2023-07-13,2023-07-27,8250.0,8200.0,203,-16983.537742499728,-0.010129288889292876,10,time
006260,2023-07-26,2023-07-27,138000.0,129719.99999999999,19,-167601.6931739999,-0.06384788235810579,1,stop
247540,2023-07-26,2023-07-27,483000.0,454020.0,5,-154369.98055499978,-0.06384788235810579,1,stop
086520,2023-07-26,2023-07-27,255653.0,240313.81999999998,10,-163416.7645500102,-0.0638478823581059,1,stop
267260,2023-07-26,2023-07-27,82800.0,77832.0,32,-169365.92152319988,-0.06384788235810579,1,stop
031980,2023-07-27,2023-07-28,27550.0,31682.499999999996,86,344637.4125102493,0.14529248434912545,1,target
095340,2023-07-28,2023-07-31,106500.0,100110.0,23,-156575.26599149965,-0.06384788235810568,1,stop
036930,2023-07-28,2023-07-31,28050.0,26367.0,87,-155990.3859409499,-0.06384788235810579,1,stop
084370,2023-07-31,2023-08-01,37100.0,34874.0,64,-151774.7750848001,-0.0638478823581059,1,stop
240810,2023-07-31,2023-08-02,38050.0,35767.0,62,-150796.77893469995,-0.06384788235810579,2,stop
000660,2023-07-28,2023-08-03,126200.0,118628.0,19,-153270.53390259994,-0.06384788235810579,4,stop
298040,2023-08-01,2023-08-03,174500.0,164030.0,12,-133851.23779799975,-0.06384788235810568,2,stop
310210,2023-08-02,2023-08-03,55908.0,52553.52,42,-150095.94561511232,-0.0638478823581059,1,stop
000500,2023-08-03,2023-08-04,22660.0,21300.399999999998,94,-136154.96206268016,-0.0638478823581059,1,stop
039030,2023-07-28,2023-08-09,156100.0,146734.0,15,-149671.76375549985,-0.06384788235810579,8,stop
257720,2023-08-07,2023-08-09,9010.0,8469.4,231,-133040.07628527004,-0.06384788235810579,2,stop
000100,2023-07-28,2023-08-11,66133.0,72451.0,37,223048.87450150028,0.09105019310333828,10,time
277810,2023-08-09,2023-08-11,145100.0,136394.0,14,-129849.76335379994,-0.06384788235810579,2,stop
214450,2023-08-11,2023-08-14,155100.0,145794.0,15,-148712.9440004998,-0.06384788235810579,1,stop
307950,2023-08-03,2023-08-16,160000.0,150400.0,13,-132956.33935999987,-0.06384788235810579,8,stop
087010,2023-08-11,2023-08-16,36002.0,33841.88,66,-151885.48680584412,-0.0638478823581059,2,stop
310210,2023-08-14,2023-08-16,72924.0,68548.56,31,-144503.34174814774,-0.06384788235810568,1,stop
003230,2023-08-16,2023-08-17,179200.0,168448.0,11,-126001.70007040002,-0.06384788235810579,1,stop
326030,2023-08-03,2023-08-18,92600.0,87044.0,23,-136139.62094659987,-0.06384788235810579,10,stop
042700,2023-08-21,2023-08-23,58800.0,55272.0,34,-127791.4969463998,-0.06384788235810568,2,stop
298040,2023-08-09,2023-08-24,189200.0,190300.0,10,3213.7770500001498,0.0016966622467078363,10,time
214150,2023-08-17,2023-08-31,35800.0,38850.0,57,164974.6945875003,0.08075329164351586,10,time
003230,2023-08-21,2023-09-01,180000.0,206999.99999999997,11,288009.9931499993,0.14529248434912545,9,target
277810,2023-09-01,2023-09-05,155400.0,178710.0,13,293857.4687685,0.1452924843491259,2,target
307950,2023-08-31,2023-09-06,176000.0,202399.99999999997,11,281609.7710799996,0.14529248434912567,4,target
277810,2023-09-07,2023-09-08,176000.0,202399.99999999997,12,307210.65935999947,0.14529248434912567,1,target
018260,2023-09-07,2023-09-12,149800.0,140812.0,15,-143631.19929899974,-0.06384788235810568,3,stop
307950,2023-09-08,2023-09-12,219000.0,205860.0,11,-153986.45265299967,-0.06384788235810568,2,stop
067310,2023-09-04,2023-09-13,25430.0,23904.199999999997,90,-146296.7182179005,-0.06384788235810601,7,stop
000150,2023-09-12,2023-09-13,153500.0,144290.0,14,-137366.91023299983,-0.06384788235810579,1,stop
016360,2023-08-31,2023-09-14,37550.0,38100.0,54,21302.52277499996,0.010493687343291702,10,time
138040,2023-09-01,2023-09-15,55200.0,55500.0,38,2770.0079100001603,0.0013190434999446055,10,time
196170,2023-09-13,2023-09-18,61200.0,70380.0,35,311574.447135,0.1452924843491259,3,target
036930,2023-09-15,2023-09-18,31450.0,29563.0,66,-132681.47769689956,-0.06384788235810557,1,stop
180640,2023-09-15,2023-09-18,45350.0,42629.0,46,-133346.25939370017,-0.0638478823581059,1,stop
267250,2023-09-12,2023-09-21,70900.0,66646.0,32,-145024.68400959997,-0.06384788235810579,7,stop
084370,2023-09-15,2023-09-27,41950.0,39433.0,50,-134074.96240750002,-0.06384788235810579,8,stop
005830,2023-09-18,2023-10-04,93000.0,87420.0,22,-130783.01458199997,-0.06384788235810579,8,stop
016360,2023-09-18,2023-10-04,38600.0,36284.0,55,-135704.9559909997,-0.06384788235810568,8,stop
005940,2023-09-21,2023-10-04,10760.0,10114.4,206,-141685.4344095199,-0.06384788235810579,5,stop
024110,2023-09-18,2023-10-06,11340.0,11380.0,187,-1232.6123699997552,-0.0005805941344181331,10,time
257720,2023-10-10,2023-10-16,9740.0,9155.6,206,-128254.28728147992,-0.06384788235810579,4,stop
222800,2023-10-11,2023-10-16,40200.0,37788.0,50,-128481.84716999996,-0.06384788235810579,3,stop
000660,2023-10-18,2023-10-26,128600.0,120884.0,15,-123304.22049299977,-0.06384788235810568,6,stop
024110,2023-10-16,2023-10-30,11760.0,11054.4,166,-124784.63819472003,-0.06384788235810579,10,stop
403870,2023-11-07,2023-11-13,37900.0,35626.0,50,-121130.89571499988,-0.06384788235810579,4,stop
042700,2023-11-08,2023-11-13,63100.0,59314.0,32,-129069.9232863998,-0.06384788235810568,3,stop
000660,2023-11-07,2023-11-21,132000.0,132000.0,14,-7573.47359999991,-0.004093491870325261,10,time
067310,2023-11-07,2023-11-21,26457.0,25132.0,72,-102925.43360280036,-0.05396974856125114,10,time
016360,2023-11-07,2023-11-21,38500.0,38950.0,49,14253.741197500145,0.007546973809112512,10,time
267260,2023-11-13,2023-11-27,84000.0,86000.0,21,34646.9571,0.019618567847047963,10,time
036930,2023-11-14,2023-11-28,33800.0,35150.0,56,67620.05445999978,0.03568383907568218,10,time
080220,2023-11-27,2023-11-29,6370.0,7325.499999999999,297,275193.54845482484,0.14529248434912567,2,target
403870,2023-11-29,2023-12-01,41000.0,47149.99999999999,53,316083.6945024994,0.14529248434912567,2,target
214150,2023-12-01,2023-12-04,41300.0,38822.0,60,-158397.0235259994,-0.06384788235810557,1,stop
058470,2023-11-21,2023-12-05,36141.0,41562.149999999994,51,268109.811759667,0.14529248434912567,10,target
131970,2023-11-28,2023-12-05,61500.0,57810.0,32,-125797.15185599984,-0.06384788235810579,5,stop
003230,2023-11-24,2023-12-08,216500.0,203510.0,8,-110711.721044,-0.06384788235810579,10,stop
080220,2023-12-07,2023-12-08,8280.0,9522.0,241,290261.70764190005,0.1452924843491259,1,target
018260,2023-11-27,2023-12-11,155200.0,172000.0,12,193373.1854399999,0.10371082086536099,10,time
080220,2023-12-11,2023-12-12,11360.0,13063.999999999998,175,289173.6698899998,0.14529248434912567,1,target
141080,2023-12-04,2023-12-15,49000.0,46060.0,47,-147210.7930509993,-0.06384788235810557,9,stop
068270,2023-12-13,2023-12-15,167062.0,157038.28,13,-138824.69978850195,-0.06384788235810579,2,stop
403870,2023-12-15,2023-12-18,51100.0,48034.0,41,-133921.5512467001,-0.0638478823581059,1,stop
028300,2023-12-15,2023-12-19,40400.0,46460.0,52,305581.511924,0.1452924843491259,2,target
180640,2023-12-13,2023-12-20,56900.0,65434.99999999999,38,314512.73090349976,0.14529248434912567,5,target
079550,2023-12-12,2023-12-22,126000.0,144900.0,16,293246.5384799999,0.1452924843491259,8,target
028260,2023-12-11,2023-12-26,125300.0,128500.0,15,40155.926700000186,0.02134067274272322,10,time
196170,2023-12-22,2023-12-28,87000.0,100049.99999999999,26,329029.5982349999,0.1452924843491259,3,target
000660,2023-12-18,2024-01-04,139000.0,136400.0,14,-44267.788179999916,-0.02272195892886597,10,time
028300,2023-12-21,2024-01-04,49850.0,46859.0,49,-156137.40497004986,-0.06384788235810579,7,stop
141080,2023-12-26,2024-01-05,61600.0,57904.0,32,-126001.70007040002,-0.06384788235810579,6,stop
272210,2024-01-04,2024-01-05,19110.0,17963.399999999998,110,-134369.00046570017,-0.0638478823581059,1,stop
326030,2024-01-04,2024-01-05,102800.0,96632.0,20,-131422.22775199986,-0.06384788235810579,1,stop
000270,2023-12-21,2024-01-09,94300.0,88642.0,26,-156722.28502060054,-0.06384788235810601,10,stop
080220,2024-01-05,2024-01-09,17930.0,20619.5,108,281673.77330070036,0.14529248434912612,2,target
100790,2024-01-08,2024-01-09,6680.0,6279.2,290,-123828.3752923999,-0.06384788235810579,1,stop
005930,2023-12-28,2024-01-11,77700.0,73038.0,33,-163900.6489196997,-0.06384788235810568,8,stop
180640,2024-01-08,2024-01-12,82600.0,77644.0,23,-121437.71803659992,-0.06384788235810579,4,stop
080220,2024-01-16,2024-01-18,21500.0,20210.0,98,-134682.21491900017,-0.0638478823581059,2,stop
950160,2024-01-12,2024-01-19,12010.0,11289.4,175,-134346.62800475047,-0.06384788235810601,5,stop
323410,2024-01-12,2024-01-22,29700.0,27918.0,71,-134790.88115789974,-0.06384788235810568,6,stop
080220,2024-01-22,2024-01-23,27900.0,32084.999999999996,72,292199.22941399994,0.1452924843491259,1,target
039030,2024-01-22,2024-01-26,194000.0,182360.0,10,-124007.35497999983,-0.06384788235810579,4,stop
058470,2024-01-23,2024-01-26,45852.0,43100.88,47,-137753.25067294785,-0.06384788235810579,3,stop
403870,2024-01-24,2024-01-26,50300.0,47282.0,44,-141470.65878439997,-0.06384788235810579,2,stop
098460,2024-01-26,2024-01-29,19850.0,18659.0,99,-125614.97610254982,-0.06384788235810579,1,stop
000500,2024-01-26,2024-01-29,25900.0,24346.0,76,-125822.7203828001,-0.0638478823581059,1,stop
028300,2024-01-26,2024-01-29,55400.0,63709.99999999999,35,282046.14985749987,0.1452924843491259,1,target
138040,2024-01-17,2024-01-31,61300.0,68500.0,34,235536.84892000002,0.11288084513674912,10,time
028300,2024-01-31,2024-02-01,71100.0,66834.0,30,-136344.1691609996,-0.06384788235810568,1,stop
161390,2024-01-19,2024-02-02,46750.0,50800.0,43,165398.1905425,0.0821829008125663,10,time
006800,2024-01-29,2024-02-13,7616.0,8758.4,261,289141.0869412797,0.14529248434912567,9,target
042700,2024-02-13,2024-02-14,82200.0,77268.0,28,-147121.30320719955,-0.06384788235810568,1,stop
024110,2024-01-30,2024-02-15,12100.0,13320.0,164,191357.68607600033,0.09632022217250147,10,time
078930,2024-02-02,2024-02-15,50500.0,47470.0,43,-138805.13986549946,-0.06384788235810557,7,stop
207940,2024-01-31,2024-02-16,1211245.0,1218604.0,1,2373.3810410499573,0.0019572047214675425,10,time
028260,2024-02-01,2024-02-16,140100.0,161115.0,21,427956.66709424974,0.14529248434912567,9,target
178320,2024-02-15,2024-02-19,22750.0,21385.0,93,-135241.52644274966,-0.06384788235810568,2,stop
259960,2024-02-15,2024-02-21,242000.0,227480.0,8,-123751.66971200006,-0.0638478823581059,4,stop
403870,2024-02-14,2024-02-26,57500.0,54050.0,37,-135992.60191750014,-0.0638478823581059,8,stop
100790,2024-02-16,2024-02-26,7000.0,6580.0,340,-152132.73445999995,-0.06384788235810579,6,stop
196170,2024-02-26,2024-02-27,143000.0,164450.0,15,312010.82591250027,0.1452924843491259,1,target
267260,2024-02-21,2024-02-28,130500.0,122670.0,13,-108442.51429049997,-0.06384788235810579,5,stop
145020,2024-02-16,2024-03-04,168500.0,193774.99999999997,14,343139.1787074995,0.14529248434912567,10,target
071050,2024-02-19,2024-03-05,69200.0,74100.0,29,133456.81433499977,0.06642589960128453,10,time
012450,2024-02-28,2024-03-07,183458.0,210976.69999999998,8,213485.80736691994,0.1452924843491259,5,target
138040,2024-02-26,2024-03-12,81300.0,81300.0,26,-8662.775160000194,-0.004093491870325483,10,time
015760,2024-02-27,2024-03-13,24550.0,24000.0,103,-66845.90639750008,-0.026405042968953518,10,time
141080,2024-03-07,2024-03-15,75000.0,70500.0,22,-105470.17304999987,-0.06384788235810579,6,stop
319660,2024-03-04,2024-03-18,25850.0,27850.0,109,205810.0318699996,0.0729592360313902,10,time
042700,2024-03-05,2024-03-19,96000.0,93400.0,22,-65686.76994000026,-0.031065959798837528,10,time
012330,2024-03-18,2024-03-20,269500.0,253330.0,11,-189494.7442464996,-0.06384788235810568,2,stop
000150,2024-03-19,2024-03-20,160900.0,151246.0,13,-133704.21876890003,-0.06384788235810579,1,stop
058470,2024-03-12,2024-03-26,47855.0,49056.0,45,45060.30139275035,0.020900421331299324,10,time
267260,2024-03-15,2024-03-26,153600.0,176640.0,10,223425.93408000004,0.1452924843491259,7,target
024110,2024-03-13,2024-03-27,14790.0,14790.0,168,-10182.879504000302,-0.004093491870325483,10,time
000250,2024-03-26,2024-03-27,118100.0,135815.0,16,274860.4459879999,0.1452924843491259,1,target
042700,2024-03-27,2024-03-28,110300.0,126844.99999999999,20,320883.86105499975,0.14529248434912567,1,target
043260,2024-03-27,2024-03-28,2180.0,2049.2,1030,-143528.9251918001,-0.0638478823581059,1,stop
028300,2024-03-27,2024-03-28,120800.0,113552.0,18,-138990.51168480027,-0.0638478823581059,1,stop
257720,2024-03-21,2024-03-29,10670.0,12270.499999999998,222,344555.95513844956,0.14529248434912567,6,target
031980,2024-03-21,2024-04-02,46250.0,43475.0,51,-150774.40647374978,-0.06384788235810579,8,stop
007660,2024-03-28,2024-04-02,41964.0,39446.159999999996,53,-142166.88976916415,-0.0638478823581059,3,stop
131290,2024-03-29,2024-04-02,62600.0,58844.0,41,-164060.45221220003,-0.06384788235810579,2,stop
064760,2024-04-01,2024-04-03,131500.0,123610.0,20,-168113.06371000037,-0.06384788235810601,2,stop
000100,2024-04-02,2024-04-03,79700.0,74918.0,28,-142646.81101719989,-0.06384788235810579,1,stop
042700,2024-04-02,2024-04-04,145000.0,136300.0,15,-139028.86447499972,-0.06384788235810568,2,stop
012450,2024-04-03,2024-04-04,245496.0,230766.24,9,-141231.84874408809,-0.0638478823581059,1,stop
257720,2024-04-02,2024-04-08,12830.0,12060.199999999999,174,-142699.22649714,-0.06384788235810579,4,stop
131290,2024-04-05,2024-04-08,65600.0,61664.0,34,-142570.10543680028,-0.0638478823581059,1,stop
259960,2024-03-28,2024-04-09,255500.0,240170.0,8,-130655.17194800009,-0.0638478823581059,8,stop
039030,2024-04-04,2024-04-09,222500.0,255874.99999999997,9,291282.8339812497,0.14529248434912567,3,target
000500,2024-04-08,2024-04-09,31400.0,36110.0,66,301450.4594970001,0.1452924843491259,1,target
010120,2024-04-09,2024-04-12,24560.0,28243.999999999996,90,321523.8832619991,0.14529248434912545,2,target
000500,2024-04-11,2024-04-12,36950.0,42492.5,60,322483.9165725005,0.14529248434912612,1,target
064350,2024-04-11,2024-04-15,41200.0,38728.0,53,-139578.58780119987,-0.06384788235810579,2,stop
267260,2024-04-12,2024-04-15,238500.0,224190.0,10,-152452.34104499966,-0.06384788235810568,1,stop
000500,2024-04-15,2024-04-16,45100.0,42394.0,49,-141259.7184383003,-0.0638478823581059,1,stop
005930,2024-04-03,2024-04-17,84300.0,79242.0,27,-145491.30962369964,-0.06384788235810568,9,stop
010120,2024-04-15,2024-04-18,27860.0,32038.999999999996,80,324200.3397639999,0.1452924843491259,3,target
064760,2024-04-16,2024-04-19,135800.0,127652.0,15,-130207.72272900003,-0.06384788235810579,3,stop
084370,2024-04-08,2024-04-22,50000.0,47000.0,41,-131038.69984999998,-0.06384788235810579,9,stop
003230,2024-04-17,2024-04-22,253000.0,290950.0,8,294410.21522000013,0.1452924843491259,3,target
031980,2024-04-19,2024-04-22,51100.0,48034.0,45,-146987.0684414995,-0.06384788235810557,1,stop
161390,2024-04-12,2024-04-23,60000.0,56400.0,42,-161081.71883999975,-0.06384788235810579,7,stop
006260,2024-04-19,2024-04-23,129100.0,121354.0,17,-140288.11441990035,-0.06384788235810601,2,stop
010120,2024-04-22,2024-04-23,33420.0,31414.8,65,-138856.27691909997,-0.06384788235810579,1,stop
267260,2024-04-22,2024-04-23,237000.0,222780.0,9,-136344.1691609996,-0.06384788235810568,1,stop
178320,2024-04-26,2024-04-29,26100.0,24534.0,84,-140141.09539079992,-0.06384788235810579,1,stop
082740,2024-04-26,2024-05-02,13010.0,12229.4,169,-140543.1604747302,-0.0638478823581059,3,stop
267260,2024-04-25,2024-05-03,250500.0,235470.0,8,-128098.31926800008,-0.0638478823581059,5,stop
090430,2024-05-02,2024-05-07,172400.0,162056.0,12,-132240.42060960038,-0.06384788235810601,2,stop
010140,2024-04-22,2024-05-08,9870.0,9670.0,220,-52769.117280000355,-0.024273968225536735,10,time
237690,2024-05-07,2024-05-08,101100.0,95034.0,18,-116324.01267660013,-0.0638478823581059,1,stop
178320,2024-05-07,2024-05-09,27250.0,25615.0,70,-121929.91217749985,-0.06384788235810579,2,stop
084370,2024-04-25,2024-05-13,52000.0,49950.0,40,-90282.5159,-0.04335519074851446,10,time
131290,2024-04-29,2024-05-13,79000.0,74260.0,26,-131294.38511799974,-0.06384788235810568,8,stop
257720,2024-05-10,2024-05-13,22000.0,25299.999999999996,85,272009.43797499966,0.14529248434912567,1,target
058470,2024-05-08,2024-05-14,59268.0,55711.92,33,-125020.12432654807,-0.0638478823581059,4,stop
000500,2024-05-13,2024-05-14,66800.0,62792.0,30,-128098.31926800008,-0.0638478823581059,1,stop
001440,2024-05-14,2024-05-16,18430.0,17324.2,105,-123697.33659254946,-0.06384788235810557,1,stop
032820,2024-05-14,2024-05-16,1738.0,1998.6999999999998,1121,283398.6331485645,0.14529248434912567,1,target
006260,2024-05-14,2024-05-20,153100.0,176065.0,12,267238.36334099993,0.1452924843491259,3,target
298040,2024-05-20,2024-05-21,373000.0,428949.99999999994,6,325538.56801499985,0.1452924843491259,1,target
009540,2024-05-14,2024-05-22,137200.0,128967.99999999999,14,-122780.06569360034,-0.06384788235810601,5,stop
000810,2024-05-17,2024-05-22,373000.0,350620.0,5,-119213.25620499998,-0.06384788235810579,3,stop
214150,2024-05-10,2024-05-27,48500.0,49000.0,38,11391.004450000124,0.006173585533073345,10,time
032820,2024-05-23,2024-05-28,2245.0,2581.75,825,269409.34775906266,0.1452924843491259,3,target
005380,2024-05-23,2024-05-29,273500.0,257089.99999999997,6,-104894.88119699992,-0.06384788235810579,4,stop
034020,2024-05-28,2024-05-29,21900.0,20586.0,100,-139987.68422999978,-0.06384788235810568,1,stop
357780,2024-05-29,2024-05-30,343000.0,322420.0,5,-109625.05865499983,-0.06384788235810568,1,stop
007660,2024-05-17,2024-05-31,49209.0,46256.46,42,-132111.17170662573,-0.06384788235810568,10,stop
003230,2024-05-21,2024-06-03,507000.0,583050.0,5,368740.06698750006,0.1452924843491259,9,target
042700,2024-05-29,2024-06-03,166400.0,156416.0,10,-106365.07148799975,-0.06384788235810568,3,stop
090430,2024-06-03,2024-06-04,194200.0,182548.0,11,-136548.7173754,-0.06384788235810579,1,stop
257720,2024-06-04,2024-06-05,43000.0,40420.0,48,-131933.59828799986,-0.06384788235810579,1,stop
267260,2024-05-27,2024-06-07,285000.0,267900.0,7,-127523.02741500014,-0.0638478823581059,8,stop
196170,2024-06-05,2024-06-07,230500.0,265075.0,8,268227.4885700003,0.14529248434912612,1,target
031980,2024-06-07,2024-06-10,65000.0,74750.0,31,293101.0788875001,0.1452924843491259,1,target
078600,2024-05-31,2024-06-11,117600.0,135240.0,15,256590.72117000027,0.14529248434912612,6,target
000100,2024-06-07,2024-06-12,80200.0,75388.0,25,-128162.24058500002,-0.06384788235810579,3,stop
237690,2024-06-10,2024-06-12,106400.0,100016.0,20,-136024.56257599965,-0.06384788235810568,2,stop
145020,2024-06-12,2024-06-13,240000.0,225600.0,8,-122728.92864000006,-0.0638478823581059,1,stop
078600,2024-06-13,2024-06-14,157200.0,147768.0,12,-120581.17238880019,-0.0638478823581059,1,stop
214150,2024-06-13,2024-06-17,53800.0,50572.0,37,-127241.77362020011,-0.0638478823581059,2,stop
000150,2024-06-14,2024-06-20,225500.0,211970.0,8,-115314.05586800002,-0.06384788235810579,4,stop
196170,2024-06-10,2024-06-24,265000.0,286000.0,8,158816.54360000044,0.07482740122674336,10,time
402340,2024-06-10,2024-06-24,88100.0,91200.0,24,65515.430999999866,0.0309497564293566,10,time
000250,2024-06-20,2024-06-24,161600.0,151904.0,10,-103296.84827199997,-0.06384788235810579,2,stop
042700,2024-06-13,2024-06-25,175900.0,165346.0,11,-123681.35626329994,-0.06384788235810579,8,stop
078930,2024-06-24,2024-06-25,50800.0,47752.0,39,-126640.91324039991,-0.06384788235810579,1,stop
259960,2024-06-24,2024-06-25,299000.0,281060.0,6,-114674.8426979999,-0.06384788235810579,1,stop
082740,2024-06-17,2024-07-01,15300.0,15700.0,132,44367.61823999975,0.021943279584045072,10,time
087010,2024-07-01,2024-07-02,47873.0,55053.95,43,299434.2440853575,0.1452924843491259,1,target
086280,2024-06-25,2024-07-03,110792.0,127410.79999999999,16,257852.14675615984,0.14529248434912567,6,target
000250,2024-07-03,2024-07-04,162500.0,186875.0,13,307283.3891562498,0.14529248434912567,1,target
021240,2024-06-26,2024-07-05,61000.0,57340.0,33,-128673.61112100002,-0.06384788235810579,7,stop
178320,2024-07-04,2024-07-05,34150.0,32100.999999999996,74,-161535.56019070046,-0.06384788235810601,1,stop
009540,2024-06-24,2024-07-08,152000.0,160000.0,13,95595.35960000008,0.048322640136499784,10,time
329180,2024-06-25,2024-07-09,152000.0,152400.0,12,-2689.2674399998505,-0.0014726852699840087,10,time
298380,2024-07-05,2024-07-10,29400.0,27636.0,72,-135308.6438255997,-0.06384788235810568,3,stop
000250,2024-07-08,2024-07-10,196700.0,226204.99999999997,10,286119.01844749996,0.1452924843491259,2,target
032820,2024-07-10,2024-07-11,2925.0,2749.5,705,-131813.74581862497,-0.06384788235810579,1,stop
141080,2024-07-10,2024-07-11,83300.0,78302.0,24,-127791.4969463998,-0.06384788235810568,1,stop
034020,2024-07-10,2024-07-12,22350.0,21009.0,92,-131435.0120154,-0.06384788235810579,2,stop
000150,2024-07-12,2024-07-15,263500.0,247690.0,7,-117902.8692065,-0.06384788235810579,1,stop
105560,2024-07-03,2024-07-17,84300.0,84100.0,26,-14167.104900000151,-0.0064562593866472895,10,time
950160,2024-07-15,2024-07-18,18490.0,17380.6,105,-124100.04088965012,-0.0638478823581059,3,stop
009150,2024-07-05,2024-07-19,162900.0,168000.0,13,57425.78614500025,0.027085901570198745,10,time
039490,2024-07-12,2024-07-19,144600.0,135924.0,13,-120159.29169659992,-0.06384788235810579,5,stop
012450,2024-07-11,2024-07-24,263321.0,302819.14999999997,7,268117.95749684726,0.14529248434912567,9,target
087010,2024-07-22,2024-07-24,79467.0,74698.98,24,-121911.24715293618,-0.0638478823581059,2,stop
010120,2024-07-24,2024-07-25,51600.0,48504.0,38,-125336.91837359988,-0.06384788235810579,1,stop
064350,2024-07-24,2024-07-25,46500.0,43710.0,42,-124838.332101,-0.06384788235810579,1,stop
082740,2024-07-24,2024-07-25,16900.0,15886.0,116,-125311.34984680009,-0.0638478823581059,1,stop
267260,2024-07-25,2024-07-26,351500.0,330410.0,5,-112341.71462749969,-0.06384788235810568,1,stop
196170,2024-07-25,2024-07-26,300500.0,282470.0,6,-115250.13455099985,-0.06384788235810579,1,stop
009540,2024-07-17,2024-07-31,180000.0,206999.99999999997,12,314192.7198000001,0.1452924843491259,10,target
329180,2024-07-26,2024-07-31,184500.0,212174.99999999997,10,268372.94816250005,0.1452924843491259,3,target
010140,2024-07-18,2024-08-01,10930.0,11680.0,169,118806.2625684999,0.06424410017882876,10,time
141080,2024-07-31,2024-08-01,89700.0,84318.0,25,-143343.5533725,-0.06384788235810579,1,stop
316140,2024-07-29,2024-08-02,16110.0,15143.4,135,-139019.2762774499,-0.06384788235810579,4,stop
196170,2024-07-31,2024-08-02,321500.0,302210.0,7,-143854.9239085,-0.06384788235810579,2,stop
005940,2024-08-02,2024-08-05,13880.0,13047.199999999999,149,-132196.95411404036,-0.06384788235810601,1,stop
207940,2024-07-25,2024-08-08,1295135.0,1433479.0,1,132628.43271379988,0.10228745680351303,10,time
145020,2024-08-08,2024-08-19,250000.0,287500.0,7,254554.286875,0.1452924843491259,6,target
214450,2024-08-08,2024-08-23,169900.0,179000.0,11,92145.77421499975,0.049248175133677075,10,time
017670,2024-08-08,2024-08-23,54800.0,56100.0,35,37505.51612500008,0.019532027483115888,10,time
141080,2024-08-08,2024-08-23,88900.0,93700.0,21,92851.90697999997,0.049678738039938386,10,time
033780,2024-08-12,2024-08-27,100600.0,111000.0,21,209098.28856000025,0.09886304574944238,10,time
000100,2024-08-26,2024-08-28,110300.0,126844.99999999999,17,272751.2818967495,0.14529248434912567,2,target
310210,2024-08-27,2024-08-29,87200.0,81968.0,24,-133774.53221759992,-0.06384788235810579,2,stop
138040,2024-08-19,2024-09-02,89200.0,92500.0,23,67268.37588499975,0.032750582982005616,10,time
237690,2024-08-27,2024-09-03,113400.0,106596.0,18,-130476.19226040016,-0.0638478823581059,5,stop
298380,2024-08-30,2024-09-03,33500.0,31490.0,66,-141330.03188699996,-0.06384788235810579,2,stop
326030,2024-08-29,2024-09-04,113700.0,106878.0,18,-130821.36737220013,-0.0638478823581059,4,stop
021240,2024-08-29,2024-09-12,68600.0,64483.99999999999,30,-131550.07038599998,-0.06384788235810579,10,stop
214450,2024-09-11,2024-09-12,195000.0,183300.0,10,-124646.56814999995,-0.06384788235810579,1,stop
017670,2024-09-05,2024-09-24,56900.0,57900.0,35,26735.25295000011,0.013409258711918559,10,time
005940,2024-09-19,2024-09-25,14310.0,13451.4,153,-139951.24907930987,-0.06384788235810579,4,stop
033780,2024-09-09,2024-09-26,109500.0,107200.0,18,-49355.502929999726,-0.025012076059350297,10,time
207940,2024-09-11,2024-09-30,1474687.0,1437894.0,1,-42728.09465975035,-0.028941061662162815,10,time
347850,2024-09-27,2024-09-30,10635.0,9996.9,194,-131881.8220212299,-0.06384788235810579,1,stop
180640,2024-09-26,2024-10-02,84900.0,79806.0,24,-130246.07551920018,-0.0638478823581059,3,stop
010130,2024-09-19,2024-10-04,679000.0,780849.9999999999,3,296301.18992249994,0.1452924843491259,9,target
138040,2024-09-27,2024-10-16,99400.0,102800.0,20,59652.31099999999,0.029971720681393865,10,time
012450,2024-10-07,2024-10-16,335292.0,385585.8,5,243857.18844255013,0.1452924843491259,6,target
010130,2024-10-07,2024-10-22,777000.0,874000.0,2,187059.47549999994,0.120234605026172,10,time
214150,2024-10-08,2024-10-22,59800.0,56212.0,37,-141432.30599419982,-0.06384788235810579,9,stop
064350,2024-10-08,2024-10-23,60600.0,63800.0,36,105919.75151999993,0.04849563067117568,10,time
347850,2024-10-16,2024-10-23,11861.0,11149.34,169,-128130.85521835298,-0.06384788235810579,5,stop
326030,2024-10-16,2024-10-23,125700.0,118158.0,16,-128558.5527503998,-0.06384788235810568,5,stop
105560,2024-10-28,2024-10-30,99400.0,93436.0,19,-120721.79928619997,-0.06384788235810579,2,stop
316140,2024-10-28,2024-10-30,16900.0,15886.0,116,-125311.34984680009,-0.0638478823581059,2,stop
083650,2024-10-25,2024-11-04,11610.0,10913.4,170,-126161.50336289988,-0.06384788235810579,6,stop
047810,2024-10-31,2024-11-04,60000.0,56400.0,31,-118893.64962000004,-0.0638478823581059,2,stop
145020,2024-11-07,2024-11-08,313000.0,294220.0,5,-100036.86110499967,-0.06384788235810557,1,stop
006800,2024-10-28,2024-11-11,9120.0,8572.8,216,-125919.88078464009,-0.0638478823581059,10,stop
003490,2024-10-30,2024-11-13,24150.0,23300.0,78,-73824.32362499973,-0.03914610188731171,10,time
062040,2024-11-11,2024-11-13,61900.0,58186.0,33,-130572.07423589984,-0.06384788235810579,2,stop
083650,2024-11-13,2024-11-14,15920.0,14964.8,117,-119062.40189688024,-0.0638478823581059,1,stop
298040,2024-11-07,2024-11-18,477500.0,448850.0,3,-91567.28660249966,-0.06384788235810557,7,stop
042660,2024-11-15,2024-11-18,39600.0,37224.0,44,-111376.50274080038,-0.06384788235810601,1,stop
012450,2024-11-08,2024-11-19,398805.0,374876.69999999995,5,-127460.70413092524,-0.0638478823581059,7,stop
047810,2024-11-07,2024-11-21,61800.0,62700.0,29,18678.261855000164,0.010410000966514676,10,time
272210,2024-11-13,2024-11-21,27150.0,25521.0,68,-118011.53544539982,-0.06384788235810568,6,stop
083650,2024-11-19,2024-11-22,16450.0,18917.5,98,234495.40906924987,0.14529248434912567,3,target
083650,2024-11-25,2024-11-26,19360.0,18198.399999999998,94,-116326.5695292803,-0.06384788235810601,1,stop
082740,2024-11-26,2024-11-29,17540.0,16487.6,100,-112117.99001800013,-0.0638478823581059,3,stop
009540,2024-11-26,2024-11-29,216500.0,203510.0,8,-110711.721044,-0.06384788235810579,3,stop
329180,2024-11-19,2024-12-02,228000.0,214320.0,7,-102018.42193199997,-0.06384788235810579,9,stop
032830,2024-11-19,2024-12-03,105800.0,109000.0,15,41354.65020000003,0.026028444103351145,10,time
021240,2024-12-03,2024-12-04,70900.0,66646.0,22,-99704.47025659983,-0.06384788235810568,1,stop
032640,2024-11-21,2024-12-05,10500.0,11150.0,171,103464.00614250009,0.05755786339484503,10,time
003490,2024-12-02,2024-12-05,26000.0,24440.0,61,-101379.20876199985,-0.06384788235810568,3,stop
000810,2024-12-04,2024-12-05,418000.0,392920.0,3,-80157.33151799976,-0.06384788235810568,1,stop
016360,2024-12-04,2024-12-06,49800.0,46812.0,31,-98681.72918460006,-0.0638478823581059,2,stop
950160,2024-12-06,2024-12-09,23050.0,21667.0,69,-101663.65862264996,-0.06384788235810579,1,stop
950160,2024-12-12,2024-12-13,24100.0,27714.999999999996,67,234873.60400974983,0.14529248434912567,1,target
950160,2024-12-16,2024-12-17,28350.0,26649.0,63,-114166.66822785023,-0.0638478823581059,1,stop
005940,2024-12-04,2024-12-18,14090.0,13950.0,112,-22101.06203200016,-0.013988943335063175,10,time
003230,2024-12-17,2024-12-18,734000.0,689960.0,2,-93836.4933559997,-0.06384788235810568,1,stop
062040,2024-12-16,2024-12-24,71900.0,67586.0,25,-114898.56730749994,-0.06384788235810579,6,stop
214450,2024-12-11,2024-12-26,238500.0,262500.0,6,137710.95660000015,0.09612351523706342,10,time
000150,2024-12-13,2024-12-30,246500.0,255000.0,6,44788.41165000014,0.030248111858284243,10,time
329180,2024-12-23,2025-01-03,264000.0,303600.0,6,230407.99452000018,0.1452924843491259,6,target
003230,2024-12-20,2025-01-08,754000.0,711000.0,2,-91926.5532999998,-0.06088922111379469,10,time
082740,2024-12-27,2025-01-08,18800.0,21620.0,90,246117.63051000028,0.14529248434912612,6,target
009540,2024-12-24,2025-01-10,230500.0,240000.0,7,59691.50897500012,0.03695254642569168,10,time
042660,2025-01-08,2025-01-15,43250.0,49737.49999999999,40,251645.0950249997,0.14529248434912567,5,target
082740,2025-01-10,2025-01-15,21900.0,25184.999999999996,78,248474.07590849977,0.14529248434912567,3,target
277810,2025-01-03,2025-01-17,225000.0,258749.99999999997,7,229098.85818749992,0.1452924843491259,10,target
086280,2025-01-03,2025-01-17,133000.0,127000.0,12,-78328.46760000009,-0.04902160501903252,10,time
062040,2025-01-16,2025-01-17,81400.0,76516.0,24,-124876.68489120016,-0.0638478823581059,1,stop
108490,2025-01-20,2025-01-21,34522.0,39700.299999999996,50,251077.80261424975,0.14529248434912567,1,target
950160,2025-01-08,2025-01-22,28150.0,28500.0,62,14483.438855000073,0.00828900467835636,10,time
083650,2025-01-23,2025-01-24,20750.0,23862.499999999996,88,265609.2159049995,0.14529248434912567,1,target
083650,2025-01-31,2025-02-03,22050.0,20727.0,95,-133899.17878574994,-0.06384788235810579,1,stop
021240,2025-01-15,2025-02-04,74400.0,78200.0,26,90581.17458000011,0.046772700749201146,10,time
277810,2025-02-03,2025-02-04,294000.0,338100.0,6,256590.72117000027,0.14529248434912612,1,target
010140,2025-01-17,2025-02-06,13370.0,12950.0,130,-61562.11789000011,-0.035378513068116235,10,time
319400,2025-01-22,2025-02-06,4105.0,3858.7,445,-116766.66779682529,-0.06384788235810601,7,stop
034020,2025-01-23,2025-02-12,24050.0,24250.0,76,7664.499679999892,0.004188474933247699,10,time
298040,2025-02-05,2025-02-14,507000.0,476580.0,4,-129632.43087599985,-0.06384788235810579,7,stop
064350,2025-02-07,2025-02-17,74000.0,85100.0,25,269100.24612500006,0.1452924843491259,6,target
012450,2025-02-12,2025-02-17,495307.0,569603.0499999999,4,288188.6175295892,0.14529248434912545,3,target
000880,2025-02-14,2025-02-18,42300.0,48644.99999999999,48,295341.1566120002,0.1452924843491259,2,target
950160,2025-02-18,2025-02-19,38900.0,36566.0,58,-144219.27541539958,-0.06384788235810568,1,stop
226950,2025-02-18,2025-02-19,47000.0,44180.0,48,-144206.49115199968,-0.06384788235810568,1,stop
035420,2025-02-06,2025-02-20,229500.0,221500.0,8,-71335.61999999988,-0.038809187142819335,10,time
298380,2025-02-19,2025-02-20,44550.0,41877.0,47,-133841.64960045018,-0.0638478823581059,1,stop
003230,2025-02-07,2025-02-21,811000.0,906000.0,2,182792.5900999999,0.11256633337297806,10,time
010140,2025-02-20,2025-02-21,14680.0,13799.199999999999,136,-127617.6309641602,-0.0638478823581059,1,stop
010120,2025-02-20,2025-02-24,57800.0,54332.0,34,-125618.17216840014,-0.0638478823581059,2,stop
034020,2025-02-17,2025-02-28,26900.0,25286.0,81,-139278.15761130024,-0.0638478823581059,9,stop
012450,2025-02-19,2025-02-28,629227.0,591473.38,3,-120663.05559587711,-0.0638478823581059,7,stop
000150,2025-02-24,2025-02-28,363000.0,341220.0,5,-116017.19035499985,-0.06384788235810579,4,stop
096770,2025-02-21,2025-03-04,132500.0,124550.0,14,-118574.04303499986,-0.06384788235810579,6,stop
214150,2025-02-28,2025-03-04,67300.0,63262.0,27,-116151.42512070015,-0.0638478823581059,1,stop
138040,2025-02-21,2025-03-10,123800.0,116372.0,15,-118701.88566899998,-0.06384788235810579,10,stop
042660,2025-03-05,2025-03-10,83300.0,78302.0,21,-111817.5598280998,-0.06384788235810568,3,stop
012450,2025-03-05,2025-03-12,677477.0,636828.38,2,-86610.44415441807,-0.0638478823581059,5,stop
272210,2025-03-10,2025-03-12,38250.0,35955.0,53,-129584.4898882499,-0.06384788235810579,2,stop
000880,2025-03-11,2025-03-12,51200.0,48128.0,40,-130910.85721599986,-0.06384788235810579,1,stop
950160,2025-03-12,2025-03-13,42000.0,48299.99999999999,40,244372.11539999954,0.14529248434912567,1,target
310210,2025-03-05,2025-03-17,135500.0,127370.0,13,-112597.39989549993,-0.06384788235810579,8,stop
214450,2025-03-05,2025-03-19,314000.0,315000.0,5,-1448.9142499999143,-0.0009218150928422819,10,time
064350,2025-03-13,2025-03-19,96700.0,111204.99999999999,18,253186.96670549945,0.14529248434912545,4,target
950160,2025-03-17,2025-03-20,51900.0,48786.0,31,-102843.00692129997,-0.06384788235810579,3,stop
272210,2025-03-19,2025-03-20,42150.0,39621.0,42,-113159.90748509998,-0.06384788235810579,1,stop
082740,2025-03-19,2025-03-20,26900.0,25286.0,67,-115205.38962909998,-0.06384788235810579,1,stop
006800,2025-03-13,2025-03-27,9389.0,9907.0,190,90819.03295700019,0.050851611038522426,10,time
024110,2025-03-14,2025-03-28,15730.0,14786.199999999999,116,-116635.94870356005,-0.0638478823581059,10,stop
036930,2025-03-21,2025-03-31,39750.0,37365.0,41,-104175.76638074988,-0.06384788235810579,6,stop
021240,2025-03-21,2025-03-31,85300.0,80182.0,19,-103597.27846189984,-0.06384788235810568,6,stop
012330,2025-03-20,2025-04-03,269500.0,253330.0,6,-103360.76958899992,-0.06384788235810579,10,stop
214450,2025-04-02,2025-04-04,350000.0,329000.0,4,-89489.84379999992,-0.06384788235810579,2,stop
145020,2025-04-02,2025-04-07,355500.0,334170.0,4,-90896.11277400004,-0.0638478823581059,3,stop
298380,2025-04-09,2025-04-10,49850.0,57327.49999999999,32,232037.1419559999,0.1452924843491259,1,target
087010,2025-04-14,2025-04-15,170500.0,160270.0,9,-98087.2609364998,-0.06384788235810568,1,stop
087010,2025-04-21,2025-04-24,177900.0,167226.0,9,-102344.42064870009,-0.0638478823581059,3,stop
000720,2025-04-11,2025-04-25,37200.0,39350.0,44,87613.18071000022,0.05346562083071782,10,time
298380,2025-04-15,2025-04-28,64100.0,73715.0,25,233098.99698125012,0.1452924843491259,9,target
006800,2025-04-24,2025-04-30,10255.0,11793.249999999998,153,228228.28252638713,0.14529248434912567,4,target
347850,2025-04-24,2025-05-02,15190.0,17468.5,103,227581.71463772515,0.1452924843491259,5,target
083650,2025-04-30,2025-05-02,28700.0,26978.0,64,-117410.67506559985,-0.06384788235810579,1,stop
015760,2025-04-22,2025-05-09,25500.0,26950.0,64,85838.1585599999,0.05253648604293071,10,time
329180,2025-04-25,2025-05-14,398500.0,416000.0,4,63261.10569999996,0.039641423794089414,10,time
009540,2025-04-28,2025-05-15,272000.0,289000.0,7,110846.20925000007,0.058150664887779424,10,time
278470,2025-05-09,2025-05-15,97500.0,112124.99999999999,17,241099.27456874982,0.14529248434912567,4,target
180640,2025-05-14,2025-05-15,147200.0,138368.0,11,-103501.39648639993,-0.06384788235810579,1,stop
108490,2025-05-15,2025-05-16,52099.0,59913.85,35,265240.4758380123,0.14529248434912567,1,target
006800,2025-05-02,2025-05-20,11778.0,12814.0,150,147701.5830900001,0.08350704662707176,10,time
016360,2025-05-02,2025-05-20,51700.0,54000.0,34,70765.64653000003,0.040211826673161255,10,time
009830,2025-05-15,2025-05-22,37300.0,35062.0,49,-116828.99108089996,-0.06384788235810579,5,stop
000150,2025-05-15,2025-05-27,398000.0,457699.99999999994,4,231571.67125999974,0.14529248434912567,8,target
071050,2025-05-16,2025-05-29,93000.0,106949.99999999999,25,338193.5525624994,0.14529248434912567,9,target
015760,2025-05-20,2025-06-04,28850.0,29650.0,65,44161.55184999993,0.023522633138469695,10,time
267250,2025-05-29,2025-06-04,101900.0,117184.99999999999,26,385380.6443694993,0.14529248434912567,3,target
000500,2025-05-21,2025-06-05,73700.0,71500.0,26,-64884.34237999981,-0.03382204435180802,10,time
034020,2025-05-22,2025-06-05,38500.0,44275.0,44,246408.54969500005,0.1452924843491259,9,target
064350,2025-05-27,2025-06-10,139700.0,160655.0,13,264169.16593925003,0.1452924843491259,8,target
377300,2025-06-10,2025-06-11,58200.0,54708.0,37,-137648.16402780009,-0.0638478823581059,1,stop
402340,2025-06-05,2025-06-16,126500.0,145475.0,16,294410.21522000013,0.1452924843491259,6,target
272210,2025-06-11,2025-06-16,53000.0,60949.99999999999,39,300664.9776974998,0.14529248434912567,3,target
064400,2025-06-16,2025-06-17,64500.0,74175.0,36,337757.1737850001,0.1452924843491259,1,target
218410,2025-06-04,2025-06-19,21550.0,22200.0,116,64933.03666999936,0.02594545153033745,10,time
329180,2025-06-04,2025-06-19,423000.0,430500.0,5,28721.75512500014,0.013564424940484487,10,time
000880,2025-06-05,2025-06-20,92200.0,93400.0,22,18009.38260000036,0.008868414959996018,10,time
347850,2025-06-17,2025-06-20,32657.0,37555.549999999996,86,408523.5564554343,0.14529248434912567,3,target
032820,2025-06-19,2025-06-20,3870.0,4450.5,611,343949.3886377248,0.14529248434912567,1,target
079550,2025-06-16,2025-06-23,548000.0,630200.0,4,318847.42676000064,0.14529248434912612,5,target
064400,2025-06-19,2025-06-23,81800.0,94070.0,28,333160.6506620003,0.1452924843491259,2,target
035720,2025-06-20,2025-06-24,60100.0,69115.0,44,384653.346407,0.1452924843491259,2,target
377300,2025-06-23,2025-06-24,80500.0,75670.0,32,-164661.31259199977,-0.06384788235810579,1,stop
323410,2025-06-23,2025-06-24,30650.0,35247.5,84,374500.2668504999,0.1452924843491259,1,target
100790,2025-06-20,2025-06-25,8000.0,7520.0,335,-171309.1295599998,-0.06384788235810579,3,stop
108490,2025-06-24,2025-06-25,82190.0,77258.59999999999,34,-178625.56350381998,-0.06384788235810579,1,stop
034020,2025-06-24,2025-06-25,70600.0,66364.0,39,-176000.95422780002,-0.06384788235810579,1,stop
018260,2025-06-24,2025-06-25,197800.0,185932.0,14,-177010.91103640012,-0.0638478823581059,1,stop
010120,2025-06-25,2025-06-26,61400.0,57716.0,42,-164840.29227960063,-0.06384788235810601,1,stop
241560,2025-06-25,2025-06-26,65500.0,61570.0,39,-163287.00427650008,-0.0638478823581059,1,stop
402340,2025-06-26,2025-06-27,190000.0,178600.0,13,-157885.65298999986,-0.06384788235810579,1,stop
319400,2025-06-20,2025-07-01,4750.0,5462.5,565,390377.1813718751,0.1452924843491259,7,target
307950,2025-06-25,2025-07-01,179500.0,168730.0,14,-160634.2696209997,-0.06384788235810568,4,stop
015760,2025-06-25,2025-07-02,38400.0,36096.0,67,-164456.76437760005,-0.06384788235810579,5,stop
000720,2025-06-26,2025-07-02,79000.0,74260.0,31,-156543.30533299968,-0.06384788235810568,4,stop
062040,2025-07-01,2025-07-02,90700.0,85258.0,29,-168132.24010509998,-0.06384788235810579,1,stop
034730,2025-07-02,2025-07-03,223000.0,209620.0,10,-142544.5369099998,-0.06384788235810579,1,stop
000880,2025-07-02,2025-07-03,105700.0,99358.0,22,-148642.63055180013,-0.0638478823581059,1,stop
006260,2025-07-02,2025-07-03,205000.0,192700.0,11,-144142.56983499974,-0.06384788235810568,1,stop
267270,2025-07-03,2025-07-04,84400.0,79336.0,27,-145663.8971795994,-0.06384788235810557,1,stop
218410,2025-06-27,2025-07-07,26600.0,25004.0,89,-151327.3258658005,-0.06384788235810601,6,stop
298040,2025-07-03,2025-07-07,924000.0,868560.0,2,-118126.59381600004,-0.0638478823581059,2,stop
030200,2025-07-01,2025-07-15,55800.0,58400.0,48,113455.46447999962,0.042310754028189734,10,time
214370,2025-07-15,2025-07-16,50300.0,47282.0,66,-212205.9881765996,-0.06384788235810568,1,stop
214450,2025-07-09,2025-07-23,576000.0,583000.0,3,13856.401350000175,0.00800953861041731,10,time
316140,2025-07-09,2025-07-23,25950.0,25150.0,84,-75935.14740000013,-0.03479581196680859,10,time
086790,2025-07-09,2025-07-23,94500.0,90800.0,23,-93756.55864499998,-0.04308665673889467,10,time
024110,2025-07-09,2025-07-23,20400.0,20100.0,107,-40950.918554999866,-0.01873917581340878,10,time
108490,2025-07-16,2025-07-23,82872.0,77899.68,37,-195999.63314968813,-0.0638478823581059,5,stop
214370,2025-07-23,2025-07-25,61300.0,57622.0,35,-137143.1856234998,-0.06384788235810579,2,stop
062040,2025-07-24,2025-07-28,99900.0,114884.99999999999,22,319691.0923964996,0.14529248434912567,2,target
298380,2025-07-25,2025-07-28,87000.0,81780.0,24,-133467.70989599987,-0.06384788235810579,1,stop
267250,2025-07-28,2025-07-29,152400.0,143256.0,15,-146124.1306619998,-0.06384788235810579,1,stop
000250,2025-07-25,2025-07-30,224500.0,211030.0,9,-129153.02099849982,-0.06384788235810579,3,stop
298040,2025-07-29,2025-07-31,1256000.0,1180640.0,1,-80285.17415199964,-0.06384788235810557,2,stop
042660,2025-07-29,2025-08-01,100100.0,115114.99999999999,22,320331.1146034999,0.1452924843491259,3,target
329180,2025-08-01,2025-08-04,496500.0,466710.0,3,-95210.80167150008,-0.0638478823581059,1,stop
082740,2025-07-25,2025-08-05,32750.0,37662.5,66,314410.9091887502,0.1452924843491259,7,target
267270,2025-07-25,2025-08-08,93000.0,104400.0,23,252660.97149000037,0.11798537041653812,10,time
010170,2025-08-06,2025-08-08,1096.0,1030.24,2003,-140325.70015429566,-0.06384788235810568,2,stop
042660,2025-08-04,2025-08-11,114800.0,107912.0,15,-110072.50787399989,-0.06384788235810579,5,stop
007660,2025-07-30,2025-08-13,61900.0,62900.0,48,35681.92175999982,0.011995466257779253,10,time
010120,2025-08-06,2025-08-13,64600.0,60724.0,33,-136267.46358060022,-0.0638478823581059,5,stop
278470,2025-08-08,2025-08-13,217000.0,203980.0,10,-138709.25788999978,-0.06384788235810568,3,stop
108490,2025-08-13,2025-08-14,88520.0,83208.79999999999,28,-158432.81946351985,-0.06384788235810579,1,stop
034220,2025-08-14,2025-08-18,12980.0,12201.199999999999,186,-154323.95720676007,-0.0638478823581059,1,stop
087010,2025-08-14,2025-08-18,344000.0,323360.0,7,-153922.53133599972,-0.06384788235810568,1,stop
336260,2025-08-18,2025-08-20,26500.0,24910.0,85,-143982.76654249988,-0.06384788235810579,2,stop
086280,2025-08-08,2025-08-25,167500.0,171900.0,13,48107.541040000506,0.02206763431337988,10,time
214450,2025-08-11,2025-08-26,665000.0,711000.0,2,86278.1734000002,0.06479628162435902,10,time
240810,2025-08-13,2025-08-28,39250.0,40750.0,63,84087.58522500005,0.033966629459471154,10,time
108490,2025-08-26,2025-08-28,95824.0,90074.56,15,-91877.94420311996,-0.06384788235810579,2,stop
032640,2025-08-19,2025-09-01,15350.0,14429.0,149,-146197.64017655049,-0.06384788235810601,9,stop
138040,2025-08-22,2025-09-05,128000.0,123100.0,16,-86561.98647999996,-0.04221803788466438,10,time
082740,2025-09-01,2025-09-05,46800.0,43992.0,53,-158550.4346868,-0.06384788235810579,4,stop
083650,2025-08-25,2025-09-08,53900.0,50666.0,42,-144705.07742460025,-0.0638478823581059,10,stop
329180,2025-08-28,2025-09-08,527000.0,495380.0,3,-101059.6021769999,-0.06384788235810579,7,stop
010170,2025-09-05,2025-09-10,1255.0,1443.25,1722,314354.17994767474,0.14529248434912567,3,target
010140,2025-08-28,2025-09-11,21600.0,22350.0,90,59334.10582500021,0.030486595217510626,10,time
319400,2025-09-08,2025-09-11,7300.0,8395.0,258,273958.5965144995,0.14529248434912567,3,target
067310,2025-09-10,2025-09-15,16000.0,18400.0,155,360739.7894000001,0.1452924843491259,3,target
226950,2025-09-08,2025-09-16,89500.0,84130.0,21,-120140.11530149984,-0.06384788235810579,6,stop
214370,2025-09-16,2025-09-17,67200.0,63168.0,26,-111683.32506239973,-0.06384788235810568,1,stop
064760,2025-09-15,2025-09-18,138000.0,158700.0,28,562055.8654199992,0.14529248434912567,3,target
009150,2025-09-05,2025-09-19,180200.0,197700.0,11,183809.0483349997,0.092623288885886,10,time
047810,2025-09-18,2025-09-22,112000.0,105280.0,39,-279208.3126559993,-0.06384788235810568,2,stop
108490,2025-09-19,2025-09-22,109165.0,125539.74999999999,20,317581.9283052492,0.14529248434912545,1,target
267260,2025-09-11,2025-09-25,568000.0,587000.0,3,49848.62835000013,0.029220282169223788,10,time
298040,2025-09-11,2025-09-25,1425000.0,1353000.0,1,-77627.67539999983,-0.054412978596877215,10,time
226950,2025-09-22,2025-09-25,100700.0,94658.0,33,-212416.92852269998,-0.06384788235810579,3,stop
353200,2025-09-25,2025-09-26,28800.0,27072.0,72,-132547.24293119996,-0.06384788235810579,1,stop
000990,2025-09-17,2025-10-01,55900.0,58000.0,29,54076.87173500005,0.03331981165511855,10,time
222800,2025-09-25,2025-10-01,41000.0,47149.99999999999,50,298192.1646249995,0.14529248434912567,4,target
319660,2025-09-22,2025-10-10,31350.0,36052.5,106,483376.77183674974,0.14529248434912567,9,target
012450,2025-09-25,2025-10-13,1062000.0,998280.0,1,-67884.43865399982,-0.06384788235810568,7,stop
240810,2025-10-10,2025-10-13,57800.0,54332.0,67,-247541.69221420027,-0.0638478823581059,1,stop
082740,2025-10-02,2025-10-14,49450.0,46483.0,40,-126436.36502600019,-0.0638478823581059,3,stop
108490,2025-10-13,2025-10-14,185400.0,213209.99999999997,12,323618.50139399944,0.14529248434912567,1,target
353200,2025-10-13,2025-10-14,34750.0,32664.999999999996,66,-146603.54053949984,-0.06384788235810579,1,stop
131970,2025-10-02,2025-10-15,44800.0,51519.99999999999,44,286729.9487359999,0.1452924843491259,4,target
067310,2025-10-14,2025-10-15,28300.0,26602.0,78,-141099.91514579998,-0.06384788235810579,1,stop
034220,2025-09-26,2025-10-17,14110.0,14370.0,212,42698.47585999966,0.014257726564381512,10,time
032830,2025-10-15,2025-10-20,165300.0,155382.0,13,-137360.51810130035,-0.06384788235810601,3,stop
319400,2025-10-15,2025-10-22,10780.0,10133.199999999999,206,-141948.79023556015,-0.0638478823581059,5,stop
010170,2025-10-17,2025-10-22,1736.0,1631.84,1798,-199519.3965489762,-0.0638478823581059,3,stop
000150,2025-10-20,2025-10-27,725000.0,833749.9999999999,2,210916.409125,0.1452924843491259,5,target
010140,2025-10-22,2025-10-27,24300.0,27944.999999999996,114,402952.16314349975,0.14529248434912567,3,target
443060,2025-10-14,2025-10-28,236500.0,253000.0,9,139339.1958750002,0.06538835753407057,10,time
058470,2025-10-14,2025-10-28,57700.0,57300.0,38,-24140.90295999963,-0.010997523122524,10,time
066970,2025-10-27,2025-10-28,145200.0,136488.0,18,-167064.7541112001,-0.0638478823581059,1,stop
007660,2025-10-27,2025-10-30,96000.0,110399.99999999999,27,377031.26376,0.1452924843491259,3,target
310210,2025-10-28,2025-10-30,209000.0,196460.0,11,-146955.10778299952,-0.06384788235810568,2,stop
329180,2025-10-22,2025-11-05,582000.0,547080.0,4,-148808.8259759997,-0.06384788235810568,10,stop
039490,2025-10-28,2025-11-05,290000.0,272600.0,8,-148297.4554399997,-0.06384788235810568,6,stop
034020,2025-10-30,2025-11-05,93200.0,87608.0,27,-160851.60209879978,-0.06384788235810579,4,stop
222800,2025-10-30,2025-11-05,63500.0,59690.0,40,-162360.14517999953,-0.06384788235810568,4,stop
039030,2025-11-05,2025-11-06,285000.0,267900.0,8,-145740.6027599997,-0.06384788235810568,1,stop
001440,2025-11-05,2025-11-06,25900.0,24346.0,88,-145689.4657064001,-0.0638478823581059,1,stop
347850,2025-11-05,2025-11-06,79955.0,75157.7,28,-143103.20922057983,-0.06384788235810579,1,stop
353200,2025-11-06,2025-11-07,43950.0,41313.0,49,-137657.75222535036,-0.06384788235810601,1,stop
010170,2025-11-06,2025-11-07,2951.0,2773.94,740,-139587.53678557975,-0.06384788235810568,1,stop
084370,2025-11-06,2025-11-07,108300.0,101802.0,20,-138453.57262199977,-0.06384788235810568,1,stop
196170,2025-11-05,2025-11-10,551000.0,517939.99999999994,4,-140882.5826679999,-0.06384788235810579,3,stop
319660,2025-11-07,2025-11-10,39000.0,36660.0,52,-129632.43087600009,-0.0638478823581059,1,stop
267250,2025-10-28,2025-11-11,210000.0,219500.0,11,94725.0867750002,0.04095942159268384,10,time
161390,2025-11-10,2025-11-11,50500.0,58074.99999999999,41,301174.0862712499,0.1452924843491259,1,target
034730,2025-11-11,2025-11-14,275000.0,258499.99999999997,8,-140626.8973999999,-0.06384788235810579,3,stop
032640,2025-11-11,2025-11-18,16030.0,15068.199999999999,142,-145501.5370344203,-0.06384788235810601,5,stop
011070,2025-11-07,2025-11-19,248500.0,233590.0,8,-127075.57819600007,-0.0638478823581059,8,stop
007660,2025-11-18,2025-11-19,127600.0,119944.0,17,-138658.12083639996,-0.06384788235810579,1,stop
105560,2025-11-07,2025-11-21,128000.0,120320.0,15,-122728.92864000006,-0.0638478823581059,10,stop
095340,2025-11-19,2025-11-21,87100.0,81874.0,22,-122486.02763539972,-0.06384788235810568,2,stop
058610,2025-11-20,2025-11-21,37900.0,43585.0,52,286671.76489900006,0.1452924843491259,1,target
087010,2025-11-21,2025-11-24,376000.0,353440.0,5,-120172.07595999981,-0.06384788235810568,1,stop
353200,2025-11-11,2025-11-25,47300.0,52900.0,48,258703.0108799995,0.11381510105834636,10,time
950160,2025-11-24,2025-11-26,65900.0,61946.0,29,-122160.02891870029,-0.06384788235810601,2,stop
214370,2025-11-24,2025-11-26,77700.0,73038.0,24,-119200.47194160009,-0.0638478823581059,2,stop
058610,2025-11-24,2025-11-26,47550.0,44697.0,40,-121578.34493399994,-0.06384788235810579,2,stop
347850,2025-11-25,2025-11-26,105600.0,99264.0,24,-162002.1858048006,-0.06384788235810601,1,stop
095340,2025-11-26,2025-11-27,109000.0,102460.0,17,-118446.20040099998,-0.06384788235810579,1,stop
298380,2025-11-14,2025-11-28,163500.0,188025.0,13,309174.36385875056,0.14529248434912612,10,target
007660,2025-11-26,2025-12-01,146500.0,137710.0,13,-121738.14822650002,-0.06384788235810579,3,stop
028260,2025-11-27,2025-12-01,237000.0,222780.0,8,-121194.81703199982,-0.06384788235810568,2,stop
440110,2025-11-28,2025-12-01,28900.0,27166.0,87,-160717.36733310018,-0.0638478823581059,1,stop
326030,2025-11-27,2025-12-02,142000.0,133480.0,13,-117998.75118200015,-0.0638478823581059,3,stop
950160,2025-12-01,2025-12-03,85400.0,80276.0,23,-125554.25085139996,-0.06384788235810579,2,stop
058610,2025-12-01,2025-12-04,60800.0,69920.0,32,283006.1831680001,0.1452924843491259,3,target
058470,2025-11-26,2025-12-10,65700.0,63800.0,29,-62745.8629050001,-0.03289444111608464,10,time
043260,2025-12-10,2025-12-11,5310.0,6106.499999999999,361,278832.947459175,0.1452924843491259,1,target
237690,2025-12-01,2025-12-15,118400.0,132100.0,16,210790.15735999984,0.111142311857517,10,time
098460,2025-12-02,2025-12-16,26450.0,24863.0,69,-116659.59959085006,-0.0638478823581059,10,stop
083650,2025-12-15,2025-12-16,61300.0,57622.0,37,-144979.93908769963,-0.06384788235810568,1,stop
316140,2025-12-03,2025-12-17,28500.0,27700.0,65,-59438.61690000002,-0.03204876227396536,10,time
011070,2025-12-04,2025-12-18,270000.0,281000.0,8,78888.45960000064,0.03648047697940249,10,time
100790,2025-12-16,2025-12-18,10560.0,12143.999999999998,181,278025.64672079985,0.14529248434912567,2,target
319400,2025-12-19,2025-12-22,13820.0,15892.999999999998,153,307568.4899575496,0.14529248434912567,1,target
100790,2025-12-22,2025-12-23,18440.0,17333.6,120,-141445.09025760042,-0.06384788235810601,1,stop
319400,2025-12-24,2025-12-26,16830.0,19354.5,135,330491.4671396245,0.14529248434912567,1,target
000810,2025-12-12,2025-12-29,507000.0,496000.0,4,-52181.43539999984,-0.025700930902724517,10,time
058610,2025-12-22,2025-12-30,86300.0,81122.0,25,-137910.2414274998,-0.06384788235810579,5,stop
033780,2025-12-17,2026-01-02,149100.0,140154.0,12,-114368.02037640009,-0.0638478823581059,9,stop
307950,2025-12-22,2026-01-02,298000.0,342700.0,7,303428.7099550001,0.1452924843491259,6,target
005930,2025-12-29,2026-01-05,119400.0,137310.0,19,329989.6315454999,0.1452924843491259,3,target
080220,2026-01-02,2026-01-05,26750.0,30762.499999999996,78,303501.4397512495,0.14529248434912567,1,target
240810,2026-01-05,2026-01-06,83000.0,78020.0,27,-143247.67139699962,-0.06384788235810568,1,stop
095340,2026-01-05,2026-01-06,122000.0,114680.0,18,-140371.21213199943,-0.06384788235810557,1,stop
131290,2026-01-05,2026-01-06,68000.0,63920.0,33,-143439.43534799945,-0.06384788235810557,1,stop
010170,2026-01-06,2026-01-07,3277.0,3080.3799999999997,651,-136365.07143165893,-0.06384788235810579,1,stop
042700,2026-01-06,2026-01-07,169000.0,194349.99999999997,12,294992.05359000014,0.1452924843491259,1,target
319660,2026-01-07,2026-01-08,45600.0,42864.0,49,-142825.7907048005,-0.06384788235810601,1,stop
047810,2026-01-07,2026-01-12,134800.0,155020.0,16,313727.24910400016,0.1452924843491259,3,target
307950,2026-01-08,2026-01-12,416500.0,478974.99999999994,5,302919.60138124996,0.1452924843491259,2,target
272210,2026-01-12,2026-01-13,78300.0,90045.0,31,353074.06887524994,0.1452924843491259,1,target
000990,2026-01-05,2026-01-16,74700.0,85905.0,30,325974.9467925001,0.1452924843491259,9,target
000720,2026-01-13,2026-01-16,88800.0,102119.99999999999,46,594173.3434439995,0.14529248434912567,3,target
068270,2026-01-05,2026-01-19,202500.0,206500.0,11,34741.54530000035,0.015578735450754833,10,time
402340,2026-01-06,2026-01-20,409500.0,427000.0,5,78850.98112500017,0.03846661531470352,10,time
272210,2026-01-16,2026-01-21,95200.0,89488.0,38,-231241.75637919968,-0.06384788235810579,3,stop
032820,2026-01-20,2026-01-21,7430.0,8544.5,296,319906.37259340007,0.1452924843491259,1,target
000990,2026-01-19,2026-01-22,83600.0,96139.99999999999,28,340491.8141239993,0.14529248434912545,3,target
015760,2026-01-21,2026-01-23,65300.0,61382.0,45,-187832.79000449972,-0.06384788235810568,2,stop
005380,2026-01-22,2026-01-23,586000.0,550840.0,4,-149831.5670479997,-0.06384788235810568,1,stop
012450,2026-01-12,2026-01-26,1256000.0,1262000.0,1,834.972500000149,0.0006640232958994297,10,time
454910,2026-01-21,2026-01-26,113100.0,130064.99999999999,26,427738.4777054996,0.14529248434912567,3,target
006400,2026-01-23,2026-01-26,402000.0,377880.0,6,-154178.21660399996,-0.06384788235810579,1,stop
000250,2026-01-23,2026-01-26,326000.0,374900.0,8,379358.61724000005,0.1452924843491259,1,target
000270,2026-01-16,2026-01-27,158000.0,148520.0,22,-222190.49789199978,-0.06384788235810579,7,stop
006800,2026-01-26,2026-01-29,33554.0,38587.1,75,366056.33750587516,0.1452924843491259,3,target
277810,2026-01-27,2026-01-29,650000.0,747500.0,5,472743.67562500015,0.1452924843491259,2,target
237690,2026-01-26,2026-01-30,138300.0,159045.0,18,362107.10956949973,0.14529248434912567,4,target
086520,2026-01-29,2026-01-30,174800.0,164312.0,19,-212295.47802040027,-0.0638478823581059,1,stop
003550,2026-01-26,2026-02-02,93700.0,88078.0,27,-161714.53987829993,-0.06384788235810579,5,stop
010170,2026-01-30,2026-02-02,3910.0,3675.3999999999996,780,-194947.23258660082,-0.06384788235810612,1,stop
218410,2026-01-30,2026-02-02,49950.0,46953.0,61,-194765.05683314987,-0.06384788235810579,1,stop
058470,2026-02-02,2026-02-03,100700.0,94658.0,26,-167358.79216940003,-0.06384788235810579,1,stop
058610,2026-01-29,2026-02-05,154200.0,144948.0,21,-206990.00870940043,-0.0638478823581059,5,stop
353200,2026-02-02,2026-02-05,62400.0,58656.0,43,-171513.67777439998,-0.06384788235810579,3,stop
080220,2026-02-02,2026-02-06,42550.0,39997.0,63,-171350.67841605004,-0.06384788235810579,4,stop
440110,2026-02-05,2026-02-06,41100.0,47264.99999999999,67,400552.0798672498,0.1452924843491259,1,target
100790,2026-02-05,2026-02-06,23450.0,22043.0,119,-178375.63115435047,-0.06384788235810601,1,stop
071050,2026-01-26,2026-02-09,195000.0,224249.99999999997,13,368740.0669874996,0.14529248434912567,10,target
009830,2026-02-09,2026-02-10,41900.0,48184.99999999999,67,408348.71402524924,0.14529248434912567,1,target
095340,2026-02-09,2026-02-11,170000.0,159800.0,16,-173865.9822399998,-0.06384788235810579,2,stop
043260,2026-02-10,2026-02-11,28250.0,26555.0,123,-222110.59624575032,-0.0638478823581059,1,stop
005830,2026-02-06,2026-02-12,159300.0,183195.0,17,393919.12244924996,0.1452924843491259,4,target
066570,2026-02-12,2026-02-13,127800.0,120132.0,23,-187890.31918980042,-0.06384788235810601,1,stop
440110,2026-02-13,2026-02-19,55000.0,51700.0,51,-179299.29418499954,-0.06384788235810568,1,stop
033780,2026-02-03,2026-02-20,156800.0,180320.0,16,364929.02566399984,0.1452924843491259,10,target
009830,2026-02-20,2026-02-23,56500.0,53110.0,51,-184189.27493549976,-0.06384788235810579,1,stop
006800,2026-02-19,2026-02-24,68503.0,64392.82,38,-166394.47518113814,-0.0638478823581059,3,stop
032820,2026-02-23,2026-02-24,15540.0,17871.0,176,397837.80387119995,0.1452924843491259,1,target
047040,2026-02-11,2026-02-25,7480.0,8602.0,388,422158.64773719944,0.14529248434912567,7,target
010170,2026-02-24,2026-02-25,4760.0,4474.4,586,-178299.56478712056,-0.06384788235810601,1,stop
105560,2026-02-09,2026-02-26,150500.0,165300.0,18,254512.61568000028,0.09384282919491849,10,time
316140,2026-02-12,2026-02-27,39750.0,37365.0,75,-190565.42630624957,-0.06384788235810568,8,stop
180640,2026-02-25,2026-03-03,158500.0,148990.0,19,-192499.04614549922,-0.06384788235810557,3,stop
000500,2026-02-26,2026-03-03,118900.0,111766.0,26,-197606.3593738,-0.06384788235810579,2,stop
042700,2026-02-27,2026-03-03,263500.0,303025.0,10,383286.02623750037,0.14529248434912612,1,target
009150,2026-02-24,2026-03-04,425500.0,399970.0,6,-163191.1223009997,-0.06384788235810568,5,stop
006400,2026-02-25,2026-03-04,422000.0,396680.0,7,-188823.57041799976,-0.06384788235810579,4,stop
178320,2026-03-03,2026-03-04,46300.0,43522.0,64,-189411.64653440006,-0.06384788235810579,1,stop
005380,2026-03-03,2026-03-04,654000.0,614760.0,4,-167218.16527199978,-0.06384788235810579,1,stop
226950,2026-03-03,2026-03-04,183100.0,172114.0,16,-187263.89028319996,-0.06384788235810579,1,stop
272210,2026-03-04,2026-03-05,176900.0,166286.0,15,-169615.21465949994,-0.06384788235810579,1,stop
010950,2026-03-04,2026-03-05,168000.0,157920.0,16,-171820.5000959998,-0.06384788235810579,1,stop
012450,2026-03-04,2026-03-05,1526000.0,1434440.0,1,-97543.92974199983,-0.06384788235810568,1,stop
036930,2026-03-04,2026-03-05,58900.0,67735.0,46,394108.2199194995,0.14529248434912567,1,target
263750,2026-03-04,2026-03-05,60500.0,56870.0,44,-170158.54585400037,-0.06384788235810601,1,stop
079550,2026-03-06,2026-03-09,843000.0,792420.0,3,-161657.01069300016,-0.0638478823581059,1,stop
058470,2026-03-06,2026-03-09,123000.0,115620.0,21,-165108.76181099983,-0.06384788235810579,1,stop
039030,2026-03-06,2026-03-09,444500.0,417830.0,6,-170478.15243899962,-0.06384788235810568,1,stop
095340,2026-03-06,2026-03-09,201000.0,188940.0,13,-167026.40132099995,-0.06384788235810579,1,stop
031980,2026-03-06,2026-03-10,110000.0,126499.99999999999,24,384013.3241999997,0.14529248434912567,2,target
043260,2026-03-09,2026-03-10,35500.0,40825.0,70,361467.0873625004,0.14529248434912612,1,target
064760,2026-03-09,2026-03-10,240000.0,225600.0,10,-153411.16079999972,-0.06384788235810568,1,stop
950160,2026-03-09,2026-03-10,113900.0,107066.0,22,-160174.0361386002,-0.0638478823581059,1,stop
272210,2026-03-09,2026-03-10,173100.0,162714.0,14,-154906.9196178005,-0.06384788235810601,1,stop
263750,2026-03-10,2026-03-11,66200.0,62228.0,39,-165032.0562306,-0.06384788235810579,1,stop
010170,2026-03-11,2026-03-12,6020.0,6922.999999999999,426,373034.0341580999,0.1452924843491259,1,target
083650,2026-03-11,2026-03-12,107700.0,101238.0,23,-158339.49434069963,-0.06384788235810568,1,stop
047050,2026-03-10,2026-03-13,72900.0,83835.0,35,371140.15026375046,0.14529248434912612,3,target
032820,2026-03-11,2026-03-13,21600.0,24839.999999999996,118,370747.4093639995,0.14529248434912567,2,target
336260,2026-03-13,2026-03-16,47800.0,44932.0,58,-177215.4592508003,-0.0638478823581059,1,stop
032820,2026-03-16,2026-03-17,25200.0,23688.0,109,-175579.07353559975,-0.06384788235810568,1,stop
047040,2026-03-16,2026-03-18,12700.0,14604.999999999998,218,402719.4277955,0.1452924843491259,2,target
095340,2026-03-17,2026-03-19,217500.0,250124.99999999997,12,379649.5364249996,0.14529248434912567,2,target
141080,2026-03-18,2026-03-19,212000.0,199280.0,16,-216821.107264,-0.06384788235810579,1,stop
319660,2026-03-17,2026-03-20,73900.0,84985.0,36,386980.699887,0.1452924843491259,3,target
131970,2026-03-17,2026-03-20,82400.0,94759.99999999999,32,383547.85350399977,0.14529248434912567,3,target
353200,2026-03-19,2026-03-20,72400.0,83260.0,42,442313.52887400007,0.1452924843491259,1,target
218410,2026-03-11,2026-03-23,80900.0,76046.0,31,-160308.27090430027,-0.0638478823581059,8,stop
032820,2026-03-19,2026-03-23,28800.0,27072.0,107,-196979.9304672,-0.06384788235810579,2,stop
047040,2026-03-20,2026-03-23,16860.0,19389.0,189,463512.8098849505,0.14529248434912612,1,target
403870,2026-03-20,2026-03-23,52700.0,49538.0,60,-202119.2043539998,-0.06384788235810579,1,stop
353200,2026-03-23,2026-03-24,80500.0,75670.0,37,-190389.6426845002,-0.0638478823581059,1,stop
036930,2026-03-23,2026-03-24,71500.0,82225.0,42,436815.1562775001,0.1452924843491259,1,target
000250,2026-03-23,2026-03-25,930000.0,1069500.0,3,405832.26307500014,0.1452924843491259,2,target
178320,2026-03-23,2026-03-27,46500.0,43710.0,64,-190229.83939199988,-0.06384788235810579,4,stop
298040,2026-03-26,2026-03-27,2998000.0,2818120.0,1,-191636.108366,-0.06384788235810579,1,stop
353200,2026-03-26,2026-03-30,86300.0,81122.0,37,-204107.1573126996,-0.06384788235810568,2,stop
950160,2026-03-27,2026-03-30,122100.0,114774.0,24,-187315.02733680047,-0.06384788235810601,1,stop
100790,2026-03-26,2026-03-31,28800.0,27072.0,113,-208025.53404479986,-0.06384788235810579,3,stop
066970,2026-03-30,2026-03-31,154000.0,144760.0,18,-177189.89072400006,-0.0638478823581059,1,stop
131970,2026-03-23,2026-04-03,98500.0,92590.0,30,-188887.4917349997,-0.06384788235810568,9,stop
218410,2026-04-02,2026-04-03,97900.0,92026.0,29,-181479.0110946996,-0.06384788235810568,1,stop
263750,2026-04-02,2026-04-03,72200.0,67868.0,40,-184604.76349600032,-0.0638478823581059,1,stop
047040,2026-04-02,2026-04-03,19650.0,18471.0,148,-185895.9740994,-0.06384788235810579,1,stop
010170,2026-04-03,2026-04-06,11660.0,13408.999999999998,237,401965.94710634975,0.14529248434912567,1,target
066970,2026-04-03,2026-04-07,166100.0,191014.99999999997,16,386573.41302799946,0.14529248434912567,2,target
028050,2026-04-06,2026-04-07,43000.0,49449.99999999999,68,425323.8484700001,0.1452924843491259,1,target
079550,2026-04-06,2026-04-07,856000.0,804640.0,3,-164149.94205599977,-0.06384788235810579,1,stop
047040,2026-04-09,2026-04-10,21500.0,24724.999999999996,140,437833.3734249994,0.14529248434912567,1,target
010170,2026-04-09,2026-04-10,14650.0,16847.5,206,438982.5042057503,0.1452924843491259,1,target
000720,2026-04-09,2026-04-13,182500.0,171550.0,16,-186650.2456399994,-0.06384788235810568,2,stop
010170,2026-04-13,2026-04-14,17810.0,20481.5,203,525898.9745122744,0.14529248434912567,1,target
267270,2026-04-02,2026-04-16,146200.0,159700.0,19,244359.84521499975,0.08786777940019852,10,time
047040,2026-04-16,2026-04-17,28950.0,27213.0,113,-209109.00036795018,-0.0638478823581059,1,stop
064760,2026-04-17,2026-04-20,301500.0,283410.0,10,-192722.77075499948,-0.06384788235810568,1,stop
079550,2026-04-10,2026-04-22,890000.0,1023499.9999999999,3,388377.1119749993,0.14529248434912567,8,target
100790,2026-04-20,2026-04-22,45350.0,52152.49999999999,63,415585.3287521242,0.14529248434912567,2,target
028050,2026-04-09,2026-04-23,50100.0,50300.0,60,-354.5657999999821,-0.00011781718717296386,10,time
036930,2026-04-22,2026-04-23,120000.0,112800.0,26,-199434.50904000038,-0.0638478823581059,1,stop
006400,2026-04-22,2026-04-23,686000.0,644840.0,4,-175400.09384799981,-0.06384788235810579,1,stop
017670,2026-04-10,2026-04-24,95000.0,100000.0,37,170049.43775000004,0.04832264013649956,10,time
000500,2026-04-23,2026-04-24,217500.0,204450.0,13,-180737.5238175001,-0.0638478823581059,1,stop
131970,2026-04-23,2026-04-24,127000.0,119380.0,23,-186714.1669569998,-0.06384788235810579,1,stop
010120,2026-04-24,2026-04-27,221000.0,254149.99999999997,14,450051.9791949997,0.14529248434912567,1,target
039030,2026-04-14,2026-04-28,486000.0,513000.0,8,199429.41960000014,0.051234647470212114,10,time
010140,2026-04-24,2026-04-28,35050.0,32947.0,91,-203880.23663735017,-0.0638478823581059,2,stop
078600,2026-04-27,2026-04-28,175600.0,165064.0,21,-235716.24856920075,-0.06384788235810601,1,stop
011070,2026-04-23,2026-05-06,534000.0,614100.0,5,388377.1119749998,0.14529248434912567,7,target
440110,2026-04-28,2026-05-06,81300.0,76422.0,43,-223462.53210029984,-0.06384788235810579,4,stop
062040,2026-05-06,2026-05-07,329000.0,309260.0,10,-210301.13292999985,-0.06384788235810579,1,stop
016360,2026-05-06,2026-05-07,161100.0,151434.0,20,-205954.48337400006,-0.0638478823581059,1,stop
082740,2026-04-28,2026-05-08,84500.0,79430.0,41,-221455.40274649998,-0.06384788235810579,6,stop
000990,2026-04-24,2026-05-11,155600.0,178940.0,20,452670.2518600002,0.1452924843491259,9,target
336260,2026-05-07,2026-05-11,78200.0,89930.0,40,454997.60534000024,0.1452924843491259,2,target
042700,2026-04-28,2026-05-12,367000.0,422049.99999999994,9,480453.0340274996,0.14529248434912567,8,target
028050,2026-05-08,2026-05-12,62000.0,58280.0,51,-202119.20435399935,-0.06384788235810568,2,stop
222800,2026-05-08,2026-05-12,103900.0,119484.99999999999,30,453397.5498224995,0.14529248434912567,2,target
307950,2026-05-11,2026-05-12,574000.0,660100.0,6,500962.83657000074,0.14529248434912612,1,target
010170,2026-05-12,2026-05-13,30000.0,28200.0,120,-230116.74120000005,-0.06384788235810579,1,stop
000660,2026-05-12,2026-05-13,1944000.0,1827360.0,1,-124263.04024800006,-0.0638478823581059,1,stop
108490,2026-05-12,2026-05-13,378500.0,355790.0,9,-217747.96636050008,-0.0638478823581059,1,stop
402340,2026-05-12,2026-05-13,1220000.0,1146800.0,2,-155968.0134800002,-0.0638478823581059,1,stop
028260,2026-05-12,2026-05-13,459000.0,431460.0,7,-205379.19152099965,-0.06384788235810568,1,stop
000500,2026-05-13,2026-05-14,564000.0,530160.0,6,-216309.73672799952,-0.06384788235810568,1,stop
066570,2026-05-13,2026-05-14,192800.0,221719.99999999997,17,476758.3603779995,0.14529248434912567,1,target
950160,2026-05-13,2026-05-14,144900.0,136206.0,23,-213030.57316590007,-0.0638478823581059,1,stop
218410,2026-05-13,2026-05-15,108100.0,101614.0,31,-214206.72539870022,-0.0638478823581059,2,stop
009150,2026-05-13,2026-05-15,923000.0,1061450.0,3,402777.6116325003,0.1452924843491259,2,target
012330,2026-05-14,2026-05-15,680000.0,639200.0,5,-217332.4778,-0.06384788235810579,1,stop
307950,2026-05-14,2026-05-15,702000.0,659880.0,5,-224363.82266999967,-0.06384788235810579,1,stop
131970,2026-05-14,2026-05-18,175800.0,165252.0,20,-224747.3505719998,-0.06384788235810579,2,stop
080220,2026-05-15,2026-05-18,76000.0,87400.0,44,486416.87732000044,0.1452924843491259,1,target
003550,2026-05-15,2026-05-18,151400.0,142316.0,22,-212909.1226635999,-0.06384788235810579,1,stop
033780,2026-05-15,2026-05-18,187200.0,175968.0,17,-203423.19922079938,-0.06384788235810568,1,stop
067310,2026-05-18,2026-05-19,51500.0,48410.0,65,-213976.60865750024,-0.0638478823581059,1,stop
066570,2026-05-18,2026-05-19,249000.0,234060.0,13,-206913.30312899966,-0.06384788235810568,1,stop
454910,2026-05-18,2026-05-19,132100.0,124174.0,25,-211100.14939250005,-0.06384788235810579,1,stop
131290,2026-05-19,2026-05-20,225000.0,211500.0,14,-201352.14854999958,-0.06384788235810568,1,stop
036930,2026-05-19,2026-05-20,191300.0,179822.0,16,-195650.36707360065,-0.06384788235810601,1,stop
100790,2026-05-19,2026-05-20,67400.0,63356.0,47,-202489.94799260003,-0.06384788235810579,1,stop
178320,2026-05-19,2026-05-20,72500.0,68150.0,44,-203909.0012299996,-0.06384788235810568,1,stop
