code,entry_date,exit_date,entry_price,exit_price,shares,pnl_krw,pnl_pct,hold_days,reason
138040,2020-02-03,2020-02-04,10700.0,10272.0,186,-87529.54927560012,-0.04392975219551243,1,stop
096770,2020-02-03,2020-02-06,126437.0,133817.0,15,102601.18916399986,0.05403656523318867,3,time
034220,2020-02-03,2020-02-06,13956.0,15072.480000000001,143,151007.15371684823,0.07557902878004863,3,target
222800,2020-02-04,2020-02-06,11131.0,12021.480000000001,179,150760.5583662442,0.07557902878004863,2,target
247540,2020-02-04,2020-02-07,16035.0,17317.800000000003,124,150449.6469530405,0.07557902878004885,3,target
086520,2020-02-04,2020-02-07,3020.0,3261.6000000000004,663,151502.9170605603,0.07557902878004885,3,target
196170,2020-02-06,2020-02-07,22945.0,24780.600000000002,91,157990.13779822015,0.07557902878004863,1,target
214450,2020-02-06,2020-02-07,40700.0,39072.0,51,-91289.86304459977,-0.043929752195512206,1,stop
267250,2020-02-07,2020-02-10,61699.0,59231.04,34,-92260.33185894764,-0.043929752195512206,1,stop
009540,2020-02-07,2020-02-10,123000.0,118080.0,17,-91962.76129800011,-0.04392975219551243,1,stop
005830,2020-02-06,2020-02-11,44700.0,45450.0,47,26536.172857500147,0.012616348870105432,3,time
196170,2020-02-10,2020-02-11,25448.0,24430.079999999998,80,-89536.80916352011,-0.04392975219551243,1,stop
047040,2020-02-07,2020-02-12,4770.0,4690.0,449,-44591.34392999997,-0.020796326388223485,3,time
298040,2020-02-07,2020-02-12,24800.0,24600.0,86,-25889.934499999974,-0.012124995968145313,3,time
247540,2020-02-11,2020-02-12,19667.0,21240.36,104,154764.725091808,0.07557902878004863,1,target
047050,2020-02-10,2020-02-13,18300.0,18250.0,112,-13983.161640000064,-0.0068145479034665835,3,time
011200,2020-02-11,2020-02-14,3710.0,3825.0,552,54900.07204200025,0.02677692549757582,3,time
180640,2020-02-13,2020-02-14,42850.0,46278.0,51,165356.59694460034,0.07557902878004885,1,target
006400,2020-02-12,2020-02-17,334339.0,330913.0,6,-28716.528423000127,-0.014298630058967032,3,time
086520,2020-02-12,2020-02-17,3540.0,3398.4,603,-93881.18102435977,-0.043929752195512206,3,stop
009150,2020-02-12,2020-02-17,141000.0,146000.0,15,66111.20325000025,0.031222341751294458,3,time
141080,2020-02-14,2020-02-17,23121.0,24970.68,96,167949.36659289617,0.07557902878004863,1,target
098460,2020-02-14,2020-02-18,21419.0,20562.239999999998,104,-97969.411746128,-0.04392975219551232,2,stop
196170,2020-02-17,2020-02-18,27784.0,26672.64,77,-94089.99938430404,-0.04392975219551232,1,stop
095340,2020-02-17,2020-02-18,14800.0,14208.0,145,-94381.67658800003,-0.04392975219551232,1,stop
087010,2020-02-17,2020-02-18,12854.0,12339.84,167,-94408.85639980412,-0.04392975219551243,1,stop
000250,2020-02-18,2020-02-19,37650.0,40662.0,55,156685.27838700032,0.07557902878004885,1,target
011200,2020-02-18,2020-02-19,3960.0,3801.6,524,-91260.8360611198,-0.043929752195512206,1,stop
034020,2020-02-17,2020-02-20,5071.0,4868.16,423,-94339.14765917393,-0.04392975219551232,3,stop
180640,2020-02-19,2020-02-20,48900.0,52812.0,43,159102.80568120023,0.07557902878004863,1,target
096770,2020-02-18,2020-02-21,134309.0,128936.64,15,-88604.20736852987,-0.04392975219551232,3,stop
058470,2020-02-18,2020-02-21,17499.0,17420.0,118,-17756.817690299824,-0.008589555310650088,3,time
087010,2020-02-20,2020-02-21,13453.0,14529.240000000002,163,165923.25928908447,0.07557902878004885,1,target
214450,2020-02-19,2020-02-24,44900.0,43104.0,47,-92811.5806634,-0.04392975219551232,3,stop
010130,2020-02-20,2020-02-24,458000.0,439680.0,4,-80571.86929599987,-0.04392975219551232,2,stop
336260,2020-02-21,2020-02-24,8536.0,8194.56,261,-97983.48543508817,-0.04392975219551243,1,stop
247540,2020-02-21,2020-02-24,22212.0,21323.52,100,-97688.99349359982,-0.043929752195512206,1,stop
009830,2020-02-21,2020-02-25,23701.0,22752.96,94,-97983.39747453202,-0.04392975219551232,2,stop
012450,2020-02-24,2020-02-25,32290.0,30998.399999999998,62,-88047.63695044024,-0.04392975219551243,1,stop
161390,2020-02-24,2020-02-27,27100.0,26500.0,74,-52487.63685999997,-0.02614308245622221,3,time
319400,2020-02-24,2020-02-27,2595.0,2583.0,774,-17491.976157600293,-0.008698839884798026,3,time
086790,2020-02-24,2020-02-27,32200.0,31800.0,62,-32908.53483999963,-0.016465001288085146,3,time
003670,2020-02-25,2020-02-28,54768.0,52577.28,37,-89122.33902364806,-0.04392975219551232,3,stop
017670,2020-02-25,2020-02-28,37440.0,36664.0,54,-50066.04174479982,-0.024735143855064257,3,time
180640,2020-02-27,2020-02-28,60000.0,64800.00000000001,32,145278.63552000024,0.07557902878004885,1,target
237690,2020-02-27,2020-02-28,33100.0,31776.0,59,-85889.08490619971,-0.043929752195512206,1,stop
226950,2020-02-27,2020-02-28,18091.0,17367.36,109,-86725.54581348179,-0.043929752195512206,1,stop
028300,2020-02-28,2020-03-02,41036.0,39394.56,47,-84824.41033637617,-0.04392975219551243,1,stop
033780,2020-02-28,2020-03-04,85600.0,82176.0,22,-82823.65952960029,-0.04392975219551254,3,stop
000100,2020-02-28,2020-03-04,36637.0,38148.0,53,71889.18638164992,0.03698014226412716,3,time
001440,2020-03-02,2020-03-04,4750.0,5130.0,414,148797.1024740003,0.07557902878004885,2,target
319400,2020-03-02,2020-03-05,2582.0,2570.0,762,-17180.185959600145,-0.00872202715210546,3,time
138040,2020-03-02,2020-03-05,10150.0,10450.0,193,49701.13901500008,0.025342168468482917,3,time
180640,2020-03-04,2020-03-05,83000.0,89640.0,23,144446.31000399985,0.07557902878004863,1,target
222800,2020-03-04,2020-03-05,10512.0,11352.960000000001,188,149535.29954073625,0.07557902878004885,1,target
066970,2020-03-05,2020-03-06,23734.0,22784.64,85,-88725.37303441996,-0.04392975219551232,1,stop
003490,2020-03-05,2020-03-09,15788.0,15156.48,129,-89572.52114925603,-0.04392975219551232,2,stop
018260,2020-03-05,2020-03-09,180500.0,173280.0,11,-87322.84196899994,-0.04392975219551232,2,stop
005930,2020-03-05,2020-03-09,57600.0,55296.0,35,-88664.24044800014,-0.04392975219551243,2,stop
047040,2020-03-06,2020-03-09,4210.0,4041.6,486,-89986.28760468005,-0.04392975219551232,1,stop
017670,2020-03-05,2020-03-10,38044.0,37699.0,53,-26494.426708149957,-0.013124817317300863,3,time
218410,2020-03-09,2020-03-10,32197.0,34772.76,60,146173.0071199201,0.07557902878004863,1,target
010170,2020-03-09,2020-03-10,2430.0,2332.7999999999997,795,-84963.30005430034,-0.04392975219551254,1,stop
058610,2020-03-09,2020-03-10,6400.0,6144.0,302,-85005.08131840033,-0.04392975219551254,1,stop
237690,2020-03-09,2020-03-10,35650.0,34224.0,54,-84666.43317780015,-0.04392975219551243,1,stop
015760,2020-03-10,2020-03-11,22950.0,22032.0,83,-83775.83254830004,-0.04392975219551232,1,stop
010950,2020-03-11,2020-03-12,64400.0,61824.0,29,-82137.56719280011,-0.04392975219551243,1,stop
028300,2020-03-11,2020-03-12,35063.0,33660.479999999996,54,-83272.34632575605,-0.04392975219551232,1,stop
078930,2020-03-11,2020-03-12,40000.0,38400.0,47,-82682.92264,-0.04392975219551232,1,stop
298380,2020-03-11,2020-03-12,20150.0,19344.0,94,-83303.04455980007,-0.04392975219551232,1,stop
035720,2020-03-11,2020-03-12,34523.0,33142.08,55,-83508.21255666995,-0.04392975219551232,1,stop
000250,2020-03-13,2020-03-16,37900.0,36384.0,48,-80008.92173759989,-0.04392975219551232,1,stop
001440,2020-03-16,2020-03-17,4432.0,4254.72,407,-79332.68098307191,-0.04392975219551232,1,stop
145020,2020-03-16,2020-03-17,115092.0,110488.31999999999,15,-75926.67233364028,-0.04392975219551254,1,stop
035420,2020-03-16,2020-03-17,166000.0,159360.0,10,-73007.26147999964,-0.043929752195512095,1,stop
105560,2020-03-16,2020-03-17,33250.0,31920.0,54,-78966.58914899989,-0.04392975219551232,1,stop
031980,2020-03-16,2020-03-17,5600.0,5376.0,322,-79305.23728960007,-0.04392975219551243,1,stop
087010,2020-03-18,2020-03-19,12484.0,11984.64,138,-75768.87109617633,-0.04392975219551254,1,stop
100790,2020-03-18,2020-03-19,1939.0,1861.4399999999998,892,-76067.761065464,-0.04392975219551232,1,stop
034020,2020-03-18,2020-03-19,2805.0,2692.7999999999997,616,-75992.64275063993,-0.04392975219551232,1,stop
237690,2020-03-18,2020-03-19,25850.0,24816.0,66,-75034.75229580002,-0.04392975219551232,1,stop
319400,2020-03-17,2020-03-20,2557.0,2551.0,676,-11127.912551600253,-0.006430386296910617,3,time
180640,2020-03-23,2020-03-24,53300.0,51168.0,31,-72668.61333939969,-0.043929752195512095,1,stop
011070,2020-03-23,2020-03-24,92500.0,99900.0,18,125983.81674000015,0.07557902878004863,1,target
031980,2020-03-23,2020-03-24,4700.0,5076.0,354,125893.01759280008,0.07557902878004863,1,target
005830,2020-03-23,2020-03-24,26750.0,28890.000000000004,62,125491.98802600033,0.07557902878004885,1,target
267260,2020-03-23,2020-03-25,5400.0,5832.0,308,125847.61801919993,0.07557902878004863,2,target
000810,2020-03-24,2020-03-25,134500.0,145260.0,12,122124.85298399976,0.07557902878004841,1,target
032830,2020-03-24,2020-03-25,37100.0,40068.0,47,131938.7274772001,0.07557902878004863,1,target
006400,2020-03-24,2020-03-25,226645.0,244776.6,7,120045.17418333958,0.07557902878004841,1,target
098460,2020-03-25,2020-03-26,17400.0,16704.0,107,-81882.48158040014,-0.04392975219551243,1,stop
034730,2020-03-25,2020-03-26,140000.0,151200.0,13,137712.0399199999,0.07557902878004863,1,target
096770,2020-03-25,2020-03-26,77731.0,83949.48000000001,24,141158.17022006446,0.07557902878004885,1,target
068270,2020-03-24,2020-03-27,152455.0,157155.0,11,44674.883923999965,0.02660907995880102,3,time
222800,2020-03-25,2020-03-27,7510.0,8110.8,248,140926.3297308802,0.07557902878004885,2,target
078930,2020-03-26,2020-03-27,39900.0,38304.0,48,-84231.02842559945,-0.043929752195512095,1,stop
071050,2020-03-26,2020-03-27,48200.0,46272.0,40,-84793.9759839999,-0.04392975219551232,1,stop
007660,2020-03-26,2020-03-30,1966.0,1887.36,982,-84908.85247013601,-0.04392975219551232,2,stop
100790,2020-03-27,2020-03-30,2144.0,2058.24,865,-81564.06436768011,-0.04392975219551243,1,stop
226950,2020-03-27,2020-03-30,14288.0,15431.04,129,139463.85813331231,0.07557902878004885,1,target
032820,2020-03-27,2020-03-30,662.0,635.52,2803,-81609.18813290843,-0.04392975219551254,1,stop
083650,2020-03-27,2020-03-30,1470.0,1411.2,1262,-81589.57292891992,-0.04392975219551232,1,stop
180640,2020-03-30,2020-03-31,62200.0,67176.0,29,136486.25143279973,0.07557902878004841,1,target
222800,2020-03-30,2020-03-31,8340.0,9007.2,219,138200.8419957601,0.07557902878004863,1,target
000100,2020-03-30,2020-04-01,36973.0,39930.840000000004,49,137082.27216821187,0.07557902878004863,2,target
082740,2020-03-31,2020-04-01,2046.0,1964.1599999999999,931,-83774.77702162834,-0.04392975219551254,1,stop
141080,2020-03-31,2020-04-01,24272.0,23301.12,78,-83264.16599404812,-0.04392975219551243,1,stop
068270,2020-04-01,2020-04-02,199857.0,191862.72,9,-79107.89778221399,-0.04392975219551232,1,stop
064350,2020-04-01,2020-04-02,12000.0,11520.0,156,-82331.08041599998,-0.04392975219551232,1,stop
032820,2020-04-01,2020-04-02,723.0,694.0799999999999,2602,-82737.72206638823,-0.04392975219551243,1,stop
207940,2020-04-01,2020-04-02,699623.0,671638.08,2,-61539.22807038808,-0.04392975219551243,1,stop
087010,2020-04-01,2020-04-02,14881.0,14285.76,126,-82463.2851316682,-0.04392975219551243,1,stop
241560,2020-04-02,2020-04-03,21450.0,20592.0,84,-79243.66490040021,-0.04392975219551243,1,stop
034020,2020-04-02,2020-04-03,3133.0,3383.6400000000003,575,136310.32808510028,0.07557902878004885,1,target
010170,2020-04-02,2020-04-03,1880.0,2030.4,959,136419.66539152013,0.07557902878004863,1,target
010950,2020-04-03,2020-04-06,70000.0,67200.0,26,-80044.10596000007,-0.04392975219551232,1,stop
096770,2020-04-03,2020-04-06,94262.0,90491.51999999999,19,-78767.71033188421,-0.04392975219551243,1,stop
178320,2020-04-02,2020-04-07,13967.0,14068.0,129,5606.686693950323,0.003108237729524177,3,time
000150,2020-04-02,2020-04-07,35700.0,36850.0,50,50015.20012500021,0.027987530100238578,3,time
010170,2020-04-06,2020-04-07,2358.0,2263.68,769,-79749.52605795627,-0.04392975219551243,1,stop
000810,2020-04-03,2020-04-08,167000.0,174000.0,11,69244.60675000004,0.03765109230277486,3,time
039490,2020-04-07,2020-04-08,76100.0,73056.0,23,-76978.68058339995,-0.04392975219551232,1,stop
237690,2020-04-07,2020-04-08,39200.0,37632.0,45,-77581.21039199992,-0.04392975219551232,1,stop
180640,2020-04-08,2020-04-09,89000.0,85440.0,20,-78284.89483999996,-0.04392975219551232,1,stop
087010,2020-04-08,2020-04-09,16632.0,15966.72,107,-78268.35825547203,-0.04392975219551232,1,stop
001440,2020-04-08,2020-04-09,4651.0,5023.08,385,135490.10912206,0.07557902878004863,1,target
039030,2020-04-07,2020-04-10,74000.0,71040.0,24,-78108.97372799995,-0.04392975219551232,3,stop
047050,2020-04-07,2020-04-10,13400.0,13750.0,134,39403.00853500003,0.0219189915509721,3,time
336260,2020-04-09,2020-04-10,7113.0,6828.48,250,-78207.92935350025,-0.04392975219551243,1,stop
100790,2020-04-09,2020-04-10,2349.0,2255.04,759,-78412.04182369797,-0.04392975219551232,1,stop
064760,2020-04-09,2020-04-13,69000.0,66240.0,25,-75865.97955000028,-0.04392975219551254,2,stop
086280,2020-04-10,2020-04-13,52770.0,50659.2,33,-76587.69591198023,-0.04392975219551243,1,stop
082740,2020-04-10,2020-04-13,2470.0,2371.2,708,-76910.9509552801,-0.04392975219551243,1,stop
032830,2020-04-13,2020-04-14,50600.0,48576.0,34,-75663.67027120013,-0.04392975219551243,1,stop
207940,2020-04-13,2020-04-14,829074.0,795911.0399999999,2,-72925.81000514422,-0.04392975219551243,1,stop
005490,2020-04-13,2020-04-14,191000.0,183360.0,9,-75602.0978819998,-0.043929752195512206,1,stop
005380,2020-04-10,2020-04-16,97400.0,99100.0,17,22029.001794999698,0.013288859914278639,3,time
012330,2020-04-10,2020-04-16,178500.0,171360.0,9,-70654.31660699961,-0.043929752195512095,3,stop
011200,2020-04-14,2020-04-16,3425.0,3699.0000000000005,487,126208.92295910022,0.07557902878004885,1,target
064350,2020-04-16,2020-04-17,12850.0,13878.000000000002,130,126399.97949800012,0.07557902878004863,1,target
000990,2020-04-16,2020-04-17,22450.0,24246.0,74,125703.85270279995,0.07557902878004863,1,target
001440,2020-04-16,2020-04-20,5731.0,5501.76,291,-73346.83320643823,-0.04392975219551243,2,stop
028300,2020-04-16,2020-04-21,42150.0,40464.0,39,-72296.97999030002,-0.04392975219551232,3,stop
336260,2020-04-16,2020-04-21,7928.0,7610.88,210,-73221.88523664,-0.04392975219551232,3,stop
010170,2020-04-17,2020-04-21,2421.0,2324.16,749,-79750.71352546243,-0.04392975219551254,2,stop
180640,2020-04-20,2020-04-21,109500.0,105120.0,14,-67421.76617399999,-0.04392975219551232,1,stop
003550,2020-04-17,2020-04-22,57341.0,58664.0,31,33607.25015315018,0.01888455717408566,3,time
064350,2020-04-21,2020-04-22,18250.0,17520.0,88,-70632.32646799996,-0.04392975219551232,1,stop
241560,2020-04-21,2020-04-22,24650.0,23664.0,65,-70467.40042550024,-0.04392975219551243,1,stop
032820,2020-04-21,2020-04-22,877.0,841.92,1842,-71047.23641065182,-0.043929752195512206,1,stop
007660,2020-04-22,2020-04-23,2728.0,2946.2400000000002,591,121992.28622908797,0.07557902878004863,1,target
267260,2020-04-22,2020-04-23,7880.0,8510.400000000001,204,121634.53758912045,0.07557902878004885,1,target
030200,2020-04-21,2020-04-24,23000.0,23150.0,70,3870.9434750000946,0.002401550573998712,3,time
012450,2020-04-22,2020-04-24,24649.0,26620.920000000002,65,121230.85971386009,0.07557902878004863,2,target
047810,2020-04-22,2020-04-24,24500.0,26460.0,65,120498.03493000031,0.07557902878004885,2,target
131290,2020-04-24,2020-04-27,12900.0,12384.0,131,-74322.27179219993,-0.04392975219551232,1,stop
058610,2020-04-24,2020-04-27,5580.0,5356.8,305,-74850.03512819973,-0.043929752195512206,1,stop
036930,2020-04-24,2020-04-27,5560.0,5337.599999999999,306,-74826.28577808035,-0.04392975219551254,1,stop
032640,2020-04-23,2020-04-28,12700.0,13050.0,137,40678.18282250012,0.023352750479705087,3,time
180640,2020-04-27,2020-04-28,94200.0,90432.0,17,-70430.01718920004,-0.04392975219551232,1,stop
108490,2020-04-24,2020-04-29,10712.0,10371.0,158,-60655.3520692999,-0.03579663967393054,3,time
067310,2020-04-28,2020-04-29,3429.0,3703.32,488,126615.77880451223,0.07557902878004885,1,target
079550,2020-04-27,2020-05-04,25750.0,24720.0,63,-71347.00598549983,-0.043929752195512206,3,stop
272210,2020-04-27,2020-05-04,7841.0,7527.36,208,-71728.666837984,-0.04392975219551232,3,stop
086790,2020-04-28,2020-05-04,27850.0,26736.0,60,-73491.04453800013,-0.04392975219551243,2,stop
214150,2020-04-29,2020-05-04,11600.0,11136.0,148,-75505.34127039998,-0.04392975219551232,1,stop
000150,2020-04-29,2020-05-04,40750.0,39120.0,42,-75272.2457969999,-0.04392975219551232,1,stop
000880,2020-05-04,2020-05-06,20000.0,19200.0,79,-69488.83924000012,-0.04392975219551243,1,stop
005290,2020-05-04,2020-05-06,15400.0,16632.0,103,120021.3394072,0.07557902878004863,1,target
078600,2020-05-04,2020-05-06,18300.0,19764.0,87,120467.76854760014,0.07557902878004863,1,target
196170,2020-05-06,2020-05-07,33958.0,36674.64,49,125903.76215855218,0.07557902878004863,1,target
005940,2020-05-04,2020-05-08,9460.0,9550.0,169,8613.203891500132,0.005381305775728817,3,time
009540,2020-05-04,2020-05-08,81300.0,81700.0,19,1247.105280000018,0.0008064171487629501,3,time
003230,2020-05-06,2020-05-11,107000.0,112500.0,15,75679.17487500003,0.04709796415503176,3,time
298380,2020-05-06,2020-05-11,19350.0,19450.0,86,1754.8321500001475,0.0010533117892597144,3,time
007660,2020-05-08,2020-05-11,3112.0,2987.52,507,-69391.3789439518,-0.043929752195512206,1,stop
141080,2020-05-07,2020-05-12,28426.0,29477.0,66,61472.80697250017,0.032728352217632484,3,time
161390,2020-05-11,2020-05-12,22550.0,21648.0,71,-70414.62409190019,-0.04392975219551243,1,stop
098460,2020-05-08,2020-05-13,18000.0,17280.0,87,-68873.11534799985,-0.043929752195512206,3,stop
000250,2020-05-11,2020-05-13,36300.0,39204.0,44,120853.66492320038,0.07557902878004885,2,target
336260,2020-05-12,2020-05-13,10891.0,10455.359999999999,161,-77117.26243937854,-0.04392975219551265,1,stop
196170,2020-05-12,2020-05-13,47003.0,50763.240000000005,37,131591.49640511628,0.07557902878004885,1,target
001440,2020-05-11,2020-05-14,6912.0,6635.5199999999995,234,-71134.05347942398,-0.04392975219551232,3,stop
298380,2020-05-13,2020-05-14,20150.0,19344.0,84,-74441.01854280033,-0.04392975219551254,1,stop
035720,2020-05-13,2020-05-15,42451.0,45847.08,39,125271.72442808398,0.07557902878004863,2,target
086520,2020-05-14,2020-05-15,2867.0,2752.3199999999997,564,-71115.58176266425,-0.04392975219551254,1,stop
011070,2020-05-13,2020-05-18,139500.0,138500.0,12,-18825.010199999902,-0.011232606623942987,3,time
032640,2020-05-13,2020-05-18,13900.0,13650.0,122,-37359.81203499995,-0.02200547942661446,3,time
247540,2020-05-14,2020-05-18,20680.0,22334.4,78,122052.21366624022,0.07557902878004885,2,target
015760,2020-05-15,2020-05-18,23400.0,22464.0,71,-73068.83386919997,-0.04392975219551232,1,stop
131290,2020-05-18,2020-05-19,16400.0,17712.0,102,126574.01119680004,0.07557902878004863,1,target
064760,2020-05-18,2020-05-19,81000.0,77760.0,20,-71248.05036,-0.04392975219551232,1,stop
145020,2020-05-15,2020-05-20,134052.0,136440.0,12,21979.057802400086,0.013647569370190737,3,time
131970,2020-05-18,2020-05-20,32303.0,34887.240000000005,51,124656.1062100681,0.07557902878004863,2,target
222800,2020-05-19,2020-05-20,10650.0,11502.0,161,129740.6314553998,0.07557902878004841,1,target
319660,2020-05-18,2020-05-21,11375.0,12285.0,147,126522.9366764999,0.07557902878004863,3,target
095340,2020-05-19,2020-05-21,13950.0,15066.000000000002,123,129831.43060260033,0.07557902878004885,2,target
267270,2020-05-20,2020-05-21,19800.0,21384.0,88,131840.3617343998,0.07557902878004841,1,target
196170,2020-05-20,2020-05-21,53679.0,51531.84,32,-75546.15496838442,-0.04392975219551254,1,stop
042700,2020-05-21,2020-05-22,4835.0,4641.599999999999,372,-79103.80761636025,-0.04392975219551243,1,stop
039030,2020-05-21,2020-05-22,94100.0,90336.0,19,-78632.33903619996,-0.04392975219551232,1,stop
082740,2020-05-21,2020-05-22,2643.0,2537.2799999999997,682,-79275.59458222822,-0.04392975219551243,1,stop
086280,2020-05-20,2020-05-25,52769.0,53521.0,33,17606.329969800077,0.010098963816034479,3,time
066970,2020-05-21,2020-05-25,21833.0,23579.640000000003,82,135465.215022536,0.07557902878004863,2,target
010170,2020-05-22,2020-05-25,3117.0,3366.36,554,130661.33480800805,0.07557902878004863,1,target
108490,2020-05-22,2020-05-25,13633.0,13087.68,126,-75547.47437672433,-0.04392975219551254,1,stop
010120,2020-05-22,2020-05-26,8400.0,9072.0,205,130296.77623199997,0.07557902878004863,2,target
095340,2020-05-25,2020-05-26,18350.0,17616.0,98,-79089.73392740032,-0.04392975219551254,1,stop
336260,2020-05-25,2020-05-26,11431.0,12345.480000000001,157,135795.19425665215,0.07557902878004863,1,target
000250,2020-05-25,2020-05-26,39600.0,42768.0,45,134836.73359199986,0.07557902878004863,1,target
000990,2020-05-26,2020-05-27,32800.0,31488.0,57,-82225.52774880012,-0.04392975219551243,1,stop
247540,2020-05-26,2020-05-27,29031.0,27869.76,64,-81714.65283955215,-0.04392975219551243,1,stop
067310,2020-05-26,2020-05-27,3743.0,4042.44,500,141608.83665399998,0.07557902878004863,1,target
033780,2020-05-25,2020-05-28,83100.0,82700.0,21,-15527.005200000014,-0.00888726567600373,3,time
086520,2020-05-26,2020-05-28,3375.0,3240.0,555,-82380.55822874978,-0.043929752195512206,2,stop
096770,2020-05-27,2020-05-28,120534.0,115712.64,15,-79516.78242678009,-0.04392975219551243,1,stop
180640,2020-05-27,2020-05-29,95300.0,91488.0,19,-79635.08937459975,-0.043929752195512206,2,stop
021240,2020-05-27,2020-05-29,69300.0,66528.0,26,-79243.66490040021,-0.04392975219551243,2,stop
034020,2020-05-28,2020-05-29,4108.0,3943.68,440,-79495.23209056002,-0.04392975219551232,1,stop
010140,2020-05-28,2020-05-29,4690.0,4502.4,386,-79619.25647452031,-0.04392975219551254,1,stop
298040,2020-05-28,2020-05-29,17900.0,17184.0,101,-79511.94459620025,-0.04392975219551243,1,stop
035420,2020-05-29,2020-06-01,240000.0,230400.0,7,-73886.86703999992,-0.04392975219551232,1,stop
336260,2020-05-29,2020-06-01,15061.0,14458.56,114,-75512.11423321208,-0.04392975219551243,1,stop
214370,2020-05-29,2020-06-02,14020.0,15141.6,123,130482.91448376025,0.07557902878004885,2,target
316140,2020-05-29,2020-06-02,8630.0,9320.400000000001,200,130599.44005600014,0.07557902878004863,2,target
028300,2020-06-01,2020-06-02,47337.0,51123.96000000001,35,125362.97757102037,0.07557902878004885,1,target
000270,2020-06-01,2020-06-02,33900.0,36612.0,49,125688.71951159975,0.07557902878004841,1,target
035720,2020-05-29,2020-06-03,52887.0,50771.52,32,-74431.51880275225,-0.04392975219551243,3,stop
141080,2020-06-02,2020-06-03,35782.0,38644.560000000005,51,138081.4411171924,0.07557902878004885,1,target
298380,2020-06-02,2020-06-04,20650.0,22302.0,88,137500.17524320027,0.07557902878004885,2,target
083650,2020-06-02,2020-06-04,2160.0,2332.8,847,138432.37982112006,0.07557902878004863,2,target
086520,2020-06-02,2020-06-04,3515.0,3796.2000000000003,520,138302.2343768,0.07557902878004863,2,target
005290,2020-06-03,2020-06-04,19900.0,19104.0,90,-78768.67789799976,-0.043929752195512206,1,stop
267270,2020-06-04,2020-06-05,24150.0,23184.0,80,-84969.89709600015,-0.04392975219551243,1,stop
010140,2020-06-04,2020-06-05,6908.0,6631.679999999999,281,-85372.22867914452,-0.04392975219551265,1,stop
055550,2020-06-04,2020-06-05,36650.0,35184.0,53,-85429.49100110005,-0.04392975219551232,1,stop
000810,2020-06-03,2020-06-08,203000.0,198500.0,8,-42549.34700000007,-0.02617023712443145,3,time
011200,2020-06-05,2020-06-08,5520.0,5299.2,340,-82542.18575040018,-0.04392975219551243,1,stop
000660,2020-06-04,2020-06-09,90000.0,89800.0,21,-11933.216190000065,-0.006306617443946894,3,time
068270,2020-06-05,2020-06-09,208401.0,225073.08000000002,9,141919.74806720414,0.07557902878004863,2,target
000150,2020-06-08,2020-06-09,45950.0,49626.0,37,128643.4750934001,0.07557902878004863,1,target
003550,2020-06-05,2020-06-10,67826.0,69338.0,27,33198.6069503997,0.01810759090459957,3,time
241560,2020-06-09,2020-06-10,30650.0,29424.0,62,-83575.7222833999,-0.04392975219551232,1,stop
141080,2020-06-09,2020-06-10,46192.0,49887.36,41,143301.6354216321,0.07557902878004863,1,target
100790,2020-06-08,2020-06-11,3298.0,3332.0,520,10599.62940400024,0.006173585533073567,3,time
298040,2020-06-10,2020-06-11,19550.0,21114.0,98,144968.40510039986,0.07557902878004863,1,target
005830,2020-06-10,2020-06-11,50800.0,48768.0,38,-84899.5286512,-0.04392975219551232,1,stop
000100,2020-06-09,2020-06-12,46780.0,44908.799999999996,40,-82295.89619360003,-0.04392975219551232,3,stop
298380,2020-06-11,2020-06-12,29150.0,27984.0,65,-83331.63174049999,-0.04392975219551232,1,stop
226950,2020-06-11,2020-06-12,25373.0,24358.079999999998,74,-82577.45793335629,-0.04392975219551254,1,stop
214450,2020-06-11,2020-06-12,60600.0,58176.0,31,-82621.35025080014,-0.04392975219551243,1,stop
066570,2020-06-10,2020-06-15,67400.0,64704.0,28,-82999.58064159984,-0.043929752195512206,3,stop
237690,2020-06-12,2020-06-15,38200.0,36672.0,47,-78962.1911212001,-0.04392975219551243,1,stop
180640,2020-06-12,2020-06-15,94900.0,91104.0,19,-79300.83926180005,-0.04392975219551232,1,stop
084370,2020-06-12,2020-06-15,21950.0,23706.0,82,136191.15420440002,0.07557902878004863,1,target
034730,2020-06-15,2020-06-16,289000.0,312120.0,6,131204.767704,0.07557902878004863,1,target
298040,2020-06-15,2020-06-16,25850.0,24816.0,70,-79582.31304099993,-0.04392975219551232,1,stop
087010,2020-06-15,2020-06-16,21240.0,20390.399999999998,85,-79401.99390120013,-0.04392975219551243,1,stop
263750,2020-06-12,2020-06-17,40240.0,41380.0,44,42756.01682000002,0.024120559304322553,3,time
012450,2020-06-16,2020-06-17,26178.0,28272.24,76,150539.53810876864,0.07557902878004885,1,target
207940,2020-06-15,2020-06-18,1202887.0,1178160.0,1,-29583.77507105004,-0.024565722617288732,3,time
000150,2020-06-17,2020-06-18,45750.0,43920.0,44,-88532.2996139999,-0.04392975219551232,1,stop
241560,2020-06-17,2020-06-18,29250.0,28080.0,69,-88763.19607349997,-0.04392975219551232,1,stop
028260,2020-06-16,2020-06-19,119500.0,120000.0,16,140.65720000001602,7.348096703729823e-05,3,time
247540,2020-06-18,2020-06-19,32614.0,31309.44,51,-73153.01212129183,-0.043929752195512206,1,stop
047050,2020-06-17,2020-06-22,15050.0,14448.0,134,-88695.02664260007,-0.04392975219551232,3,stop
178320,2020-06-18,2020-06-22,13141.0,12615.359999999999,127,-73398.99381614616,-0.04392975219551243,2,stop
005290,2020-06-19,2020-06-22,22400.0,24192.0,79,133898.47573760012,0.07557902878004863,1,target
298380,2020-06-19,2020-06-22,36300.0,34848.0,49,-78227.72047859966,-0.043929752195512095,1,stop
039030,2020-06-18,2020-06-23,86500.0,85300.0,19,-29468.17616000003,-0.01790953591374278,3,time
078600,2020-06-22,2020-06-23,36050.0,38934.0,49,133660.12797619984,0.07557902878004863,1,target
226950,2020-06-22,2020-06-23,24647.0,26618.760000000002,72,134275.59486230416,0.07557902878004863,1,target
066970,2020-06-22,2020-06-24,23687.0,25581.960000000003,75,134422.46248290036,0.07557902878004885,2,target
196170,2020-06-23,2020-06-24,96010.0,92169.59999999999,19,-80228.38332481985,-0.043929752195512206,1,stop
003670,2020-06-22,2020-06-25,69143.0,71237.0,25,45111.62351750024,0.02606759787156543,3,time
084370,2020-06-23,2020-06-25,28500.0,27360.0,64,-80220.02707200008,-0.04392975219551243,2,stop
336260,2020-06-24,2020-06-25,32183.0,30895.68,60,-84925.03721244005,-0.04392975219551232,1,stop
131290,2020-06-24,2020-06-25,22250.0,24030.0,87,146470.37432700023,0.07557902878004885,1,target
035420,2020-06-23,2020-06-26,272000.0,269000.0,6,-24635.19750000001,-0.015077754827637957,3,time
005290,2020-06-25,2020-06-26,26050.0,28134.000000000004,71,139947.9689197999,0.07557902878004863,1,target
064350,2020-06-25,2020-06-26,16100.0,15456.0,116,-82137.56719280011,-0.04392975219551243,1,stop
012330,2020-06-25,2020-06-29,200500.0,192480.0,9,-79362.41165099991,-0.04392975219551232,2,stop
066970,2020-06-26,2020-06-29,31058.0,29815.68,59,-80590.42897331598,-0.04392975219551232,1,stop
096770,2020-06-25,2020-06-30,131357.0,128897.0,14,-41875.050761600025,-0.022744420332447612,3,time
178320,2020-06-29,2020-06-30,14893.0,16084.44,119,134100.27684225212,0.07557902878004863,1,target
007660,2020-06-29,2020-06-30,3168.0,3041.2799999999997,564,-78581.84967705607,-0.04392975219551232,1,stop
036930,2020-06-29,2020-07-01,5560.0,6004.8,321,135045.5716305601,0.07557902878004863,2,target
141080,2020-06-30,2020-07-01,62000.0,59520.0,29,-79076.53984399978,-0.043929752195512206,1,stop
145020,2020-06-30,2020-07-01,173848.0,166894.08,10,-76458.8336974401,-0.04392975219551243,1,stop
319660,2020-06-30,2020-07-01,13200.0,14256.000000000002,137,136834.31483040028,0.07557902878004885,1,target
218410,2020-06-29,2020-07-02,35612.0,36441.0,50,34030.54840749991,0.019089887194020827,3,time
263750,2020-07-01,2020-07-02,43600.0,41856.0,42,-80536.68507359992,-0.04392975219551232,1,stop
043260,2020-07-01,2020-07-03,600.0,648.0,3056,138741.0969215997,0.07557902878004841,2,target
090430,2020-07-01,2020-07-06,164000.0,163000.0,11,-18360.72424999997,-0.010166092529652615,3,time
083650,2020-07-01,2020-07-06,2450.0,2460.0,748,-52.41273400001228,-2.85673473471304e-05,3,time
180640,2020-07-02,2020-07-06,88300.0,84768.0,20,-77669.17094799993,-0.04392975219551232,2,stop
010130,2020-07-02,2020-07-07,359000.0,366500.0,5,30033.179125000024,0.016712354399793128,3,time
095340,2020-07-03,2020-07-08,18350.0,18300.0,109,-13630.947857500054,-0.006807133581850366,3,time
042700,2020-07-06,2020-07-08,3915.0,4228.200000000001,452,133896.96241848078,0.07557902878004907,2,target
237690,2020-07-07,2020-07-08,49400.0,53352.0,38,142040.13260320015,0.07557902878004863,1,target
064760,2020-07-06,2020-07-09,93700.0,89952.0,18,-74177.13687480032,-0.04392975219551254,3,stop
036930,2020-07-06,2020-07-09,7150.0,7200.0,247,5075.965472500073,0.0028708893054065765,3,time
145020,2020-07-08,2020-07-09,187700.0,180192.0,10,-82550.98180600023,-0.04392975219551243,1,stop
010170,2020-07-08,2020-07-13,3385.0,3411.0,586,7061.853008199949,0.003556011589459507,3,time
353200,2020-07-08,2020-07-13,8720.0,8500.0,227,-57904.91539099999,-0.02921957349745019,3,time
180640,2020-07-09,2020-07-13,90000.0,97200.0,19,129388.78475999995,0.07557902878004863,2,target
043260,2020-07-09,2020-07-13,734.0,704.64,2402,-77540.22077290388,-0.04392975219551232,2,stop
178320,2020-07-09,2020-07-14,19099.0,19349.0,92,15731.214844400296,0.008942616147498805,3,time
036930,2020-07-13,2020-07-14,7890.0,7574.4,237,-82240.0412405401,-0.04392975219551243,1,stop
007660,2020-07-13,2020-07-14,3701.0,3552.96,506,-82362.1304922679,-0.04392975219551232,1,stop
005290,2020-07-13,2020-07-15,30650.0,29424.0,61,-82227.72676270013,-0.04392975219551243,2,stop
336260,2020-07-14,2020-07-15,40867.0,39232.32,43,-77285.70690411795,-0.04392975219551232,1,stop
298040,2020-07-14,2020-07-15,33050.0,31728.0,54,-78491.60214659967,-0.043929752195512206,1,stop
000990,2020-07-13,2020-07-16,30800.0,30900.0,60,-1591.1618999999482,-0.0008600291815925587,3,time
058470,2020-07-15,2020-07-16,24588.0,23604.48,71,-76778.48235794413,-0.04392975219551243,1,stop
353200,2020-07-15,2020-07-16,9800.0,10584.0,180,133474.74638399994,0.07557902878004863,1,target
131970,2020-07-15,2020-07-16,34467.0,33088.32,51,-77309.2803331262,-0.04392975219551243,1,stop
039490,2020-07-14,2020-07-17,90900.0,98172.0,19,130682.67260759999,0.07557902878004863,3,target
007660,2020-07-16,2020-07-21,3935.0,3918.0,452,-14950.487667799927,-0.00839601045690841,3,time
222800,2020-07-16,2020-07-21,15150.0,16150.0,117,109390.8137399999,0.06164291130655086,3,time
079550,2020-07-16,2020-07-21,31200.0,32000.0,57,38177.33003999991,0.02144257244069192,3,time
095340,2020-07-16,2020-07-21,20800.0,19968.0,85,-77757.13150399993,-0.04392975219551232,3,stop
033780,2020-07-17,2020-07-22,83300.0,81800.0,22,-40413.075670000166,-0.022026982412876595,3,time
001440,2020-07-21,2020-07-22,7102.0,6817.92,253,-79024.02739206818,-0.04392975219551243,1,stop
086280,2020-07-21,2020-07-22,62024.0,59543.04,29,-79107.15011748788,-0.04392975219551232,1,stop
009830,2020-07-21,2020-07-22,30474.0,32911.920000000006,59,136044.8162454965,0.07557902878004885,1,target
000150,2020-07-21,2020-07-22,41400.0,44712.0,43,134700.5348712001,0.07557902878004863,1,target
034020,2020-07-22,2020-07-23,6986.0,7544.88,260,137436.61584015982,0.07557902878004863,1,target
042700,2020-07-22,2020-07-23,5525.0,5967.0,329,137539.89987009997,0.07557902878004863,1,target
003490,2020-07-22,2020-07-23,15042.0,14440.32,121,-80047.71234279592,-0.04392975219551232,1,stop
267260,2020-07-22,2020-07-24,9690.0,9302.4,187,-79693.5831443402,-0.04392975219551243,2,stop
086520,2020-07-23,2020-07-24,4873.0,4678.08,389,-83368.88303596596,-0.04392975219551232,1,stop
006260,2020-07-23,2020-07-24,44800.0,43008.0,42,-82753.29108480015,-0.04392975219551243,1,stop
005290,2020-07-23,2020-07-24,31800.0,30528.0,59,-82515.79758359981,-0.043929752195512206,1,stop
241560,2020-07-22,2020-07-27,27250.0,28150.0,66,51854.2731300001,0.028798833168820037,3,time
196170,2020-07-24,2020-07-27,101317.0,97264.31999999999,17,-75751.14704414201,-0.04392975219551232,1,stop
078600,2020-07-24,2020-07-27,41900.0,40224.0,42,-77396.4932244001,-0.04392975219551243,1,stop
141080,2020-07-24,2020-07-27,59500.0,57120.0,30,-78504.79622999998,-0.04392975219551232,1,stop
226950,2020-07-24,2020-07-28,26774.0,28915.920000000002,66,133708.100192304,0.07557902878004863,2,target
001440,2020-07-27,2020-07-28,9410.0,9033.6,186,-76976.92137227999,-0.04392975219551232,1,stop
064350,2020-07-27,2020-07-28,15800.0,17064.0,111,132702.95363280014,0.07557902878004863,1,target
000100,2020-07-27,2020-07-28,48376.0,46440.96,36,-76593.2374270081,-0.04392975219551243,1,stop
298040,2020-07-27,2020-07-28,42800.0,46224.0,41,132778.6195888,0.07557902878004863,1,target
131970,2020-07-28,2020-07-29,42819.0,41106.24,42,-79094.04399464419,-0.04392975219551243,1,stop
010130,2020-07-28,2020-07-29,446000.0,428160.0,4,-78460.81595199998,-0.04392975219551232,1,stop
058470,2020-07-28,2020-07-29,28612.0,27467.52,63,-79276.9139905679,-0.04392975219551232,1,stop
131290,2020-07-28,2020-07-30,34500.0,37260.0,52,135744.72506399988,0.07557902878004863,2,target
141080,2020-07-29,2020-07-30,63200.0,60672.0,27,-75047.94637919986,-0.043929752195512206,1,stop
319660,2020-07-28,2020-07-31,15550.0,15375.0,116,-27632.48774500005,-0.015301442926447084,3,time
000150,2020-07-30,2020-07-31,45300.0,48924.0,39,133679.04446520028,0.07557902878004885,1,target
100790,2020-07-29,2020-08-03,3636.0,3541.0,476,-52179.59145419998,-0.030114151461172134,3,time
240810,2020-07-29,2020-08-03,37650.0,38000.0,46,8954.863814999815,0.005164603158768433,3,time
161390,2020-07-31,2020-08-03,27200.0,26112.0,68,-81345.9221888003,-0.04392975219551254,1,stop
267260,2020-07-30,2020-08-04,11900.0,12450.0,150,74941.49887500005,0.041935800522222566,3,time
080220,2020-07-31,2020-08-04,3115.0,2990.4,596,-81651.14531812002,-0.04392975219551232,2,stop
131290,2020-08-03,2020-08-04,41150.0,39504.0,42,-76011.11446740013,-0.04392975219551243,1,stop
051910,2020-08-03,2020-08-04,578000.0,624240.0,2,87469.84513600008,0.07557902878004863,1,target
071050,2020-08-04,2020-08-05,52000.0,56160.00000000001,34,133777.4102080001,0.07557902878004863,1,target
006400,2020-08-04,2020-08-05,420493.0,454132.44,4,127268.01934523182,0.07557902878004841,1,target
196170,2020-08-03,2020-08-06,108436.0,108325.0,15,-8325.97772475006,-0.005112946870531876,3,time
298380,2020-08-05,2020-08-06,36150.0,34704.0,52,-82674.12658439996,-0.04392975219551232,1,stop
006800,2020-08-05,2020-08-06,9020.0,8659.199999999999,210,-83307.44258760009,-0.04392975219551243,1,stop
068270,2020-08-04,2020-08-07,255803.0,268617.0,7,82095.24282889976,0.04579468768649608,3,time
096770,2020-08-06,2020-08-07,157924.0,170557.92,11,131444.17478878424,0.07557902878004885,1,target
000100,2020-08-06,2020-08-07,57599.0,55295.04,30,-75996.60097565991,-0.04392975219551232,1,stop
178320,2020-08-06,2020-08-07,21527.0,20665.92,81,-76687.83900498622,-0.04392975219551243,1,stop
108490,2020-08-05,2020-08-10,13536.0,14618.880000000001,140,143390.0132582402,0.07557902878004863,3,target
067310,2020-08-07,2020-08-11,5072.0,4869.12,349,-77850.72153558419,-0.04392975219551243,2,stop
051910,2020-08-10,2020-08-11,747000.0,717120.0,2,-65706.53533199988,-0.043929752195512206,1,stop
131290,2020-08-07,2020-08-12,40000.0,43200.0,44,133172.08256000024,0.07557902878004885,3,target
011200,2020-08-07,2020-08-12,6500.0,6240.0,273,-78043.00331100007,-0.04392975219551232,3,stop
033780,2020-08-07,2020-08-12,86500.0,88300.0,20,28803.984200000064,0.016630574194800962,3,time
066570,2020-08-11,2020-08-12,86300.0,82848.0,21,-79705.45781939989,-0.04392975219551232,1,stop
005380,2020-08-11,2020-08-14,171500.0,164640.0,10,-75426.17677000025,-0.04392975219551243,3,stop
021240,2020-08-12,2020-08-14,86700.0,83232.0,20,-76261.80205200007,-0.04392975219551243,2,stop
005830,2020-08-12,2020-08-18,48350.0,46416.0,37,-78678.51832809974,-0.043929752195512206,3,stop
015760,2020-08-12,2020-08-18,21150.0,20550.0,86,-58902.09660000005,-0.03234615876762115,3,time
042660,2020-08-12,2020-08-18,22610.0,21705.6,80,-79551.52684640023,-0.04392975219551243,3,stop
028300,2020-08-14,2020-08-18,45801.0,43968.96,37,-74530.60636908584,-0.043929752195512206,1,stop
007660,2020-08-14,2020-08-18,4294.0,4122.24,399,-75351.67417906784,-0.043929752195512206,1,stop
178320,2020-08-18,2020-08-19,22102.0,21217.92,76,-73875.95993105602,-0.04392975219551232,1,stop
086280,2020-08-18,2020-08-19,65274.0,62663.04,25,-71769.21665429999,-0.04392975219551232,1,stop
009540,2020-08-18,2020-08-19,99300.0,95328.0,17,-74243.10729179997,-0.04392975219551232,1,stop
267250,2020-08-18,2020-08-19,52300.0,50208.0,32,-73605.39326080005,-0.04392975219551232,1,stop
034020,2020-08-18,2020-08-20,8511.0,9191.880000000001,199,128154.59735168424,0.07557902878004885,2,target
064760,2020-08-19,2020-08-20,95000.0,102600.0,17,122200.51893999986,0.07557902878004863,1,target
214450,2020-08-19,2020-08-20,68400.0,73872.0,23,119037.6819792001,0.07557902878004863,1,target
035720,2020-08-19,2020-08-20,77173.0,74086.08,21,-71275.88987597381,-0.043929752195512206,1,stop
032820,2020-08-19,2020-08-20,750.0,720.0,2164,-71379.991194,-0.04392975219551232,1,stop
021240,2020-08-20,2020-08-21,86900.0,83424.0,19,-72615.83700579987,-0.043929752195512206,1,stop
319660,2020-08-20,2020-08-21,15600.0,14976.0,107,-73411.88003759994,-0.04392975219551232,1,stop
000990,2020-08-20,2020-08-21,37900.0,36384.0,44,-73341.51159280003,-0.04392975219551232,1,stop
079550,2020-08-20,2020-08-25,33950.0,33700.0,49,-19031.446997499792,-0.011427118587038598,3,time
034220,2020-08-24,2020-08-25,12616.0,13625.28,129,123143.61941558379,0.07557902878004841,1,target
005290,2020-08-24,2020-08-26,33750.0,36450.0,48,122578.84872000013,0.07557902878004863,2,target
178320,2020-08-25,2020-08-26,22428.0,24222.24,76,128974.74064876838,0.07557902878004885,1,target
003550,2020-08-24,2020-08-27,80390.0,80580.0,20,-2800.288550000172,-0.001739688703953579,3,time
066570,2020-08-24,2020-08-27,90000.0,86400.0,18,-71248.05036,-0.04392975219551232,3,stop
161390,2020-08-26,2020-08-27,32000.0,30720.0,57,-80220.02707200008,-0.04392975219551243,1,stop
196170,2020-08-25,2020-08-28,103319.0,102374.0,16,-21850.17629679991,-0.013202481022200008,3,time
009830,2020-08-26,2020-08-28,42808.0,46232.64,42,136042.54626681586,0.07557902878004863,2,target
066970,2020-08-28,2020-08-31,42462.0,40763.52,42,-78434.60370631213,-0.04392975219551243,1,stop
298380,2020-08-27,2020-09-01,34300.0,34300.0,48,-6747.276480000233,-0.004093491870325483,3,time
031980,2020-08-27,2020-09-01,6890.0,6890.0,239,-6748.546921999659,-0.00409349187032515,3,time
226950,2020-08-27,2020-09-01,26975.0,27225.0,61,8461.55659250007,0.005136410892693011,3,time
034020,2020-08-31,2020-09-01,11969.0,12926.52,146,132224.29079514416,0.07557902878004863,1,target
035720,2020-08-28,2020-09-02,82994.0,82695.0,21,-13403.135420850245,-0.00768141444220749,3,time
196170,2020-09-01,2020-09-02,112995.0,122034.6,15,128248.1204733001,0.07557902878004863,1,target
272210,2020-09-01,2020-09-02,10014.0,10815.12,170,128812.21017528023,0.07557902878004885,1,target
298040,2020-09-01,2020-09-02,45400.0,49032.0,37,127103.67288880027,0.07557902878004885,1,target
006260,2020-09-01,2020-09-03,45350.0,48978.0,37,126963.69087020005,0.07557902878004863,2,target
000500,2020-09-02,2020-09-03,17125.0,18495.0,105,136056.84713250026,0.07557902878004885,1,target
032830,2020-09-02,2020-09-03,66500.0,63840.0,27,-78966.58914899989,-0.04392975219551232,1,stop
095340,2020-09-02,2020-09-04,19900.0,19104.0,91,-79643.88543020003,-0.04392975219551232,2,stop
145020,2020-09-02,2020-09-04,178000.0,170880.0,10,-78284.89483999996,-0.04392975219551232,2,stop
141080,2020-09-03,2020-09-04,57100.0,54816.0,32,-80360.7639615999,-0.04392975219551232,1,stop
058610,2020-09-03,2020-09-04,6390.0,6134.4,288,-80937.78520896006,-0.04392975219551232,1,stop
028300,2020-09-03,2020-09-07,45308.0,48932.64000000001,40,137130.92537792027,0.07557902878004885,2,target
298040,2020-09-04,2020-09-07,60600.0,65448.00000000001,28,128389.99414080009,0.07557902878004863,1,target
009830,2020-09-04,2020-09-07,52301.0,56485.08,33,130594.37043694826,0.07557902878004885,1,target
267260,2020-09-04,2020-09-07,12850.0,13878.000000000002,135,131261.51717100013,0.07557902878004863,1,target
001440,2020-09-04,2020-09-07,6295.0,6798.6,277,131939.86246653995,0.07557902878004863,1,target
010120,2020-09-07,2020-09-08,14020.0,13459.199999999999,134,-82624.86867304007,-0.04392975219551232,1,stop
006260,2020-09-07,2020-09-08,61900.0,59424.0,30,-81671.37624599994,-0.04392975219551232,1,stop
000500,2020-09-07,2020-09-08,21706.0,20837.76,87,-83053.3245413159,-0.04392975219551232,1,stop
000880,2020-09-07,2020-09-08,33550.0,32208.0,56,-82630.14630640019,-0.04392975219551243,1,stop
336260,2020-09-08,2020-09-09,58675.0,56328.0,30,-77416.2843495002,-0.04392975219551243,1,stop
000150,2020-09-08,2020-09-09,58200.0,55872.0,31,-79349.21756760008,-0.04392975219551243,1,stop
032820,2020-09-08,2020-09-09,938.0,1013.0400000000001,1927,136768.18278485606,0.07557902878004863,1,target
071050,2020-09-08,2020-09-09,84100.0,80736.0,21,-77673.56897580018,-0.04392975219551243,1,stop
086520,2020-09-07,2020-09-10,6653.0,6780.0,284,28218.317546200007,0.014917499642145504,3,time
010170,2020-09-09,2020-09-10,3777.0,4079.1600000000003,472,134893.02906326437,0.07557902878004885,1,target
042700,2020-09-09,2020-09-14,5500.0,5650.0,324,41153.7323700001,0.023067594715029394,3,time
319660,2020-09-09,2020-09-14,14500.0,15660.000000000002,123,134950.23252600036,0.07557902878004885,3,target
100790,2020-09-09,2020-09-14,3817.0,3780.0,467,-24533.261973850196,-0.01374728825512972,3,time
307950,2020-09-10,2020-09-14,49850.0,53838.0,38,143334.02045079996,0.07557902878004863,2,target
145020,2020-09-10,2020-09-15,195000.0,187200.0,9,-77185.3878899999,-0.04392975219551232,3,stop
298380,2020-09-14,2020-09-15,37000.0,35520.0,52,-84618.05487199966,-0.043929752195512206,1,stop
131290,2020-09-14,2020-09-16,39200.0,37632.0,49,-84477.31798240007,-0.04392975219551232,2,stop
078600,2020-09-15,2020-09-16,50000.0,48000.0,36,-79164.50040000002,-0.04392975219551232,1,stop
080220,2020-09-15,2020-09-16,3870.0,4179.6,470,137628.8073683998,0.07557902878004863,1,target
087010,2020-09-14,2020-09-17,22944.0,22026.239999999998,84,-84763.01386828814,-0.04392975219551243,3,stop
028260,2020-09-14,2020-09-17,114500.0,109920.0,16,-80571.86929599987,-0.04392975219551232,3,stop
267270,2020-09-16,2020-09-17,27250.0,29430.000000000004,67,138147.11916700006,0.07557902878004863,1,target
000250,2020-09-16,2020-09-17,60700.0,58272.0,30,-80088.08623799984,-0.043929752195512206,1,stop
141080,2020-09-16,2020-09-17,64100.0,61536.0,28,-78935.80295439996,-0.04392975219551232,1,stop
034730,2020-09-17,2020-09-18,218000.0,209280.0,8,-76701.60483199987,-0.043929752195512206,1,stop
237690,2020-09-17,2020-09-21,75300.0,72288.0,24,-79481.15840159985,-0.043929752195512206,2,stop
000270,2020-09-17,2020-09-22,47200.0,46300.0,38,-41449.7082100003,-0.023083234610086212,3,time
012330,2020-09-17,2020-09-22,242500.0,232800.0,7,-74656.52190499962,-0.043929752195512095,3,stop
005380,2020-09-17,2020-09-22,185500.0,178080.0,9,-73425.07412100001,-0.04392975219551232,3,stop
079550,2020-09-18,2020-09-22,34500.0,33120.0,59,-89521.85586900008,-0.04392975219551232,2,stop
043260,2020-09-21,2020-09-22,948.0,910.0799999999999,1852,-77215.998163488,-0.04392975219551232,1,stop
000100,2020-09-22,2020-09-23,59608.0,57223.68,28,-73404.13950867206,-0.04392975219551232,1,stop
247540,2020-09-22,2020-09-23,38099.0,36575.04,45,-75402.20751849026,-0.04392975219551243,1,stop
047050,2020-09-22,2020-09-24,13850.0,13296.0,124,-75531.72943720012,-0.04392975219551243,2,stop
005490,2020-09-23,2020-09-24,196000.0,188160.0,8,-68961.07590400008,-0.04392975219551243,1,stop
043260,2020-09-24,2020-09-25,1115.0,1070.3999999999999,1489,-73017.5968453302,-0.04392975219551243,1,stop
095340,2020-09-24,2020-09-25,18400.0,17664.0,90,-72831.34036799986,-0.043929752195512206,1,stop
039030,2020-09-24,2020-09-28,99000.0,95040.0,16,-69664.7603519999,-0.04392975219551232,2,stop
032820,2020-09-25,2020-09-28,1260.0,1360.8000000000002,1304,124322.19234624016,0.07557902878004863,1,target
226950,2020-09-28,2020-09-29,29427.0,31781.160000000003,56,124690.83688387205,0.07557902878004863,1,target
005830,2020-09-25,2020-10-05,46000.0,45850.0,35,-11832.62473749998,-0.0073410130924873584,3,time
307950,2020-09-29,2020-10-05,63000.0,68040.0,27,128707.79115600022,0.07557902878004885,1,target
267270,2020-09-29,2020-10-05,27250.0,26160.0,64,-76701.60483199987,-0.043929752195512206,1,stop
064350,2020-09-28,2020-10-06,15750.0,15850.0,104,3656.4886799999513,0.002229724054307436,3,time
066570,2020-09-28,2020-10-06,93800.0,94400.0,17,3634.9401700003073,0.0022769122328496483,3,time
000270,2020-10-06,2020-10-07,51300.0,49248.0,31,-69941.83610340022,-0.04392975219551243,1,stop
058610,2020-10-05,2020-10-08,6480.0,6998.400000000001,264,129443.26424832013,0.07557902878004863,3,target
042660,2020-10-05,2020-10-08,21188.0,21588.0,80,24959.049471999984,0.014707839225194252,3,time
047050,2020-10-05,2020-10-08,13500.0,13650.0,127,11967.47574750008,0.006972135997782125,3,time
086790,2020-10-06,2020-10-12,29500.0,30550.0,55,50930.42061250005,0.03135402791056152,3,time
000250,2020-10-08,2020-10-12,60300.0,57888.0,29,-76908.31213859981,-0.043929752195512206,1,stop
226950,2020-10-07,2020-10-13,34782.0,33390.72,45,-68837.49132281984,-0.043929752195512206,3,stop
357780,2020-10-08,2020-10-14,240100.0,241500.0,7,2883.26436999999,0.0017135431625008302,3,time
011070,2020-10-08,2020-10-14,167500.0,163000.0,10,-51731.82275000005,-0.03084918910365997,3,time
058610,2020-10-12,2020-10-15,7370.0,7075.2,239,-77468.18107753992,-0.04392975219551232,3,stop
214150,2020-10-12,2020-10-15,15150.0,14850.0,116,-41899.584540000185,-0.023814412823388365,3,time
042700,2020-10-13,2020-10-15,5625.0,5400.0,268,-66300.2690849998,-0.043929752195512206,2,stop
086280,2020-10-14,2020-10-16,84533.0,91295.64,19,121529.13491241192,0.07557902878004863,2,target
000660,2020-10-14,2020-10-19,88000.0,86700.0,18,-29822.564429999795,-0.018805747104059023,3,time
307950,2020-10-16,2020-10-19,70800.0,67968.0,23,-71617.48469519988,-0.043929752195512206,1,stop
012330,2020-10-16,2020-10-19,234000.0,224640.0,7,-72039.69536399981,-0.043929752195512206,1,stop
028050,2020-10-19,2020-10-20,11250.0,10800.0,143,-70753.27223249967,-0.043929752195512095,1,stop
010170,2020-10-19,2020-10-20,3441.0,3303.3599999999997,469,-70976.64806446224,-0.04392975219551243,1,stop
058610,2020-10-19,2020-10-20,7880.0,7564.799999999999,204,-70699.17649056017,-0.04392975219551243,1,stop
078930,2020-10-16,2020-10-21,34250.0,35250.0,48,41121.05280000018,0.02498407041083306,3,time
241560,2020-10-20,2020-10-21,29400.0,31752.000000000004,52,115678.11353280023,0.07557902878004885,1,target
000720,2020-10-19,2020-10-22,30551.0,31038.0,52,18738.729955400107,0.011781813993939405,3,time
086280,2020-10-21,2020-10-22,101789.0,97717.44,16,-71627.33627747186,-0.043929752195512206,1,stop
307950,2020-10-21,2020-10-22,68500.0,65760.0,24,-72303.5770319996,-0.043929752195512095,1,stop
034020,2020-10-20,2020-10-23,12885.0,13416.0,120,57195.51341400016,0.036948522550851015,3,time
036930,2020-10-20,2020-10-23,7260.0,7450.0,213,34013.31790050003,0.0219701770752172,3,time
047050,2020-10-22,2020-10-23,15200.0,14592.0,105,-70192.52368800016,-0.04392975219551243,1,stop
009830,2020-10-22,2020-10-23,55990.0,53750.4,28,-68948.76142615988,-0.043929752195512206,1,stop
267270,2020-10-22,2020-10-26,30100.0,28896.0,53,-70161.7374934,-0.04392975219551232,2,stop
145020,2020-10-23,2020-10-26,219900.0,211104.0,7,-67698.84192539984,-0.043929752195512206,1,stop
138040,2020-10-23,2020-10-27,9990.0,9590.4,157,-68979.9874235401,-0.04392975219551243,2,stop
010130,2020-10-23,2020-10-27,389000.0,373440.0,4,-68433.31256800005,-0.04392975219551232,2,stop
000250,2020-10-26,2020-10-27,57900.0,55584.0,26,-66207.9105012,-0.04392975219551232,1,stop
047040,2020-10-26,2020-10-27,3205.0,3076.7999999999997,474,-66813.51892926008,-0.04392975219551243,1,stop
005830,2020-10-23,2020-10-28,47450.0,45552.0,33,-68866.51830630004,-0.04392975219551232,3,stop
011200,2020-10-27,2020-10-30,8880.0,8970.0,166,8854.881477000192,0.006000155171529631,3,time
012330,2020-10-27,2020-10-30,242000.0,232320.0,6,-63859.36365599977,-0.043929752195512206,3,stop
000270,2020-10-27,2020-10-30,50600.0,50500.0,29,-8905.149335000198,-0.006061686550423606,3,time
005380,2020-10-27,2020-10-30,173000.0,166080.0,8,-60868.704751999816,-0.043929752195512206,3,stop
084370,2020-10-28,2020-10-30,25750.0,27810.000000000004,62,120800.69875400048,0.07557902878004885,2,target
240810,2020-10-30,2020-11-02,32900.0,31584.0,44,-63665.85043280013,-0.04392975219551243,1,stop
068270,2020-10-30,2020-11-02,216088.0,207444.47999999998,6,-57021.66187478416,-0.04392975219551243,1,stop
028050,2020-11-02,2020-11-03,12000.0,11520.0,138,-72831.34036799986,-0.043929752195512206,1,stop
207940,2020-10-30,2020-11-04,1010891.0,1066162.0,1,50965.22483224992,0.050358223112630496,3,time
319660,2020-10-30,2020-11-04,15375.0,15875.0,96,41809.550400000066,0.02829371164608685,3,time
131290,2020-10-30,2020-11-04,36550.0,39474.0,40,110623.62767200032,0.07557902878004885,3,target
006400,2020-11-02,2020-11-05,438116.0,473165.28,3,99451.39793668827,0.07557902878004885,3,target
180640,2020-11-03,2020-11-06,79100.0,85428.0,24,143644.2508704001,0.07557902878004863,3,target
078600,2020-11-04,2020-11-06,41200.0,44496.0,33,102875.43377760006,0.07557902878004863,2,target
178320,2020-11-04,2020-11-09,20751.0,21527.0,67,46140.927855000366,0.03314921692966655,3,time
068270,2020-11-04,2020-11-09,224629.0,242599.32,6,101980.60818194412,0.07557902878004863,3,target
043260,2020-11-06,2020-11-09,1275.0,1224.0,1401,-78560.87108444981,-0.043929752195512206,1,stop
003230,2020-11-05,2020-11-10,102500.0,99900.0,14,-42173.607979999855,-0.0293555106131268,3,time
100790,2020-11-09,2020-11-10,3608.0,3463.68,431,-68391.44334334391,-0.04392975219551232,1,stop
051910,2020-11-09,2020-11-10,739000.0,709440.0,2,-65002.85088399984,-0.043929752195512206,1,stop
021240,2020-11-06,2020-11-11,74500.0,76800.0,23,45721.782455000095,0.0266526150920674,3,time
011200,2020-11-10,2020-11-11,12950.0,12432.0,112,-63788.99521120009,-0.04392975219551243,1,stop
003550,2020-11-09,2020-11-12,70188.0,71322.0,22,18546.273893399863,0.011996979153482856,3,time
336260,2020-11-11,2020-11-12,45650.0,43824.0,34,-68261.78948380006,-0.04392975219551232,1,stop
010950,2020-11-11,2020-11-12,66900.0,64224.0,23,-67672.45375859994,-0.04392975219551232,1,stop
267260,2020-11-10,2020-11-13,16900.0,16224.0,86,-63920.9360452001,-0.04392975219551243,3,stop
010140,2020-11-10,2020-11-13,5464.0,5673.0,267,49659.67516425019,0.03400029659949588,3,time
087010,2020-11-12,2020-11-13,17923.0,17206.079999999998,85,-67001.97442048998,-0.04392975219551232,1,stop
071050,2020-11-12,2020-11-13,77700.0,74592.0,19,-64928.08441140014,-0.04392975219551243,1,stop
214150,2020-11-13,2020-11-16,16650.0,15984.0,87,-63707.63169689989,-0.043929752195512206,1,stop
000250,2020-11-13,2020-11-16,57900.0,55584.0,25,-63661.452405000106,-0.04392975219551243,1,stop
011200,2020-11-13,2020-11-16,14400.0,13824.0,101,-63964.9163232001,-0.04392975219551243,1,stop
068270,2020-11-12,2020-11-17,251959.0,241880.63999999998,6,-66487.36118761194,-0.04392975219551232,3,stop
307950,2020-11-13,2020-11-17,75800.0,81864.0,19,108974.10983119998,0.07557902878004863,2,target
319660,2020-11-16,2020-11-17,16800.0,18144.0,83,105508.60904639983,0.07557902878004841,1,target
084370,2020-11-16,2020-11-18,30000.0,32400.000000000004,46,104419.01928000012,0.07557902878004863,2,target
352820,2020-11-17,2020-11-18,167310.0,180694.80000000002,9,113937.03988524037,0.07557902878004885,1,target
039490,2020-11-17,2020-11-18,121500.0,116640.0,12,-64123.245323999785,-0.043929752195512206,1,stop
009150,2020-11-16,2020-11-19,154500.0,148320.0,9,-61154.57655900018,-0.04392975219551243,3,stop
131290,2020-11-18,2020-11-19,50000.0,54000.0,30,113498.93400000012,0.07557902878004863,1,target
067310,2020-11-17,2020-11-20,5854.0,5738.0,258,-36029.41336200014,-0.023827887999987585,3,time
267260,2020-11-18,2020-11-20,16800.0,18144.0,90,114406.92547200015,0.07557902878004863,2,target
237690,2020-11-19,2020-11-20,79600.0,76416.0,18,-63014.9423183999,-0.04392975219551232,1,stop
298380,2020-11-19,2020-11-20,24500.0,26460.0,61,113082.77124199993,0.07557902878004863,1,target
090430,2020-11-18,2020-11-23,185500.0,197000.0,8,85647.05060000019,0.05764734286547668,3,time
032820,2020-11-20,2020-11-23,1765.0,1694.3999999999999,873,-67766.7914549103,-0.04392975219551254,1,stop
084370,2020-11-20,2020-11-23,34300.0,32928.0,44,-66375.03555759997,-0.04392975219551232,1,stop
001440,2020-11-23,2020-11-24,11091.0,10647.359999999999,137,-66826.5810718264,-0.04392975219551254,1,stop
161390,2020-11-20,2020-11-25,36000.0,34560.0,42,-66498.18033599993,-0.04392975219551232,3,stop
240810,2020-11-20,2020-11-25,38750.0,37200.0,39,-66465.19512749976,-0.043929752195512206,3,stop
000500,2020-11-23,2020-11-26,19146.0,18380.16,79,-66521.6658044518,-0.043929752195512206,3,stop
178320,2020-11-23,2020-11-26,22778.0,23380.0,67,33960.723778099986,0.02222733163894075,3,time
226950,2020-11-25,2020-11-26,47644.0,51455.520000000004,30,108150.86422992009,0.07557902878004863,1,target
082740,2020-11-24,2020-11-27,5208.0,5460.0,282,64835.6537556001,0.04409553271659439,3,time
336260,2020-11-25,2020-11-30,46800.0,49900.0,30,86971.9585500001,0.06187467426646931,3,time
043260,2020-11-26,2020-12-01,1750.0,1680.0,877,-67498.73166050017,-0.04392975219551243,3,stop
068270,2020-11-26,2020-12-01,286123.0,293814.0,5,32478.686344250105,0.022676522962544965,3,time
267270,2020-11-26,2020-12-01,33650.0,34300.0,45,22958.070187499747,0.015143929534853884,3,time
319400,2020-11-30,2020-12-01,3600.0,3456.0,418,-66181.5223344001,-0.04392975219551243,1,stop
298380,2020-11-27,2020-12-02,27850.0,26736.0,59,-72266.19379570032,-0.04392975219551254,3,stop
141080,2020-12-01,2020-12-02,57800.0,55488.0,25,-63551.50170999998,-0.04392975219551232,1,stop
007660,2020-12-01,2020-12-02,3688.0,3540.48,400,-64879.70610560011,-0.04392975219551243,1,stop
066970,2020-12-02,2020-12-03,53186.0,51058.56,27,-63156.646774116205,-0.04392975219551243,1,stop
006260,2020-12-01,2020-12-04,64200.0,69336.0,23,111728.3506296,0.07557902878004863,3,target
096770,2020-12-02,2020-12-04,180554.0,173331.84,8,-63526.520912095904,-0.04392975219551232,2,stop
196170,2020-12-02,2020-12-07,96201.0,92352.95999999999,15,-63464.20085817017,-0.04392975219551243,3,stop
006800,2020-12-02,2020-12-07,10056.0,10006.0,146,-13295.358118199743,-0.009045294317270636,3,time
036930,2020-12-03,2020-12-08,8660.0,8860.0,168,27538.556304000085,0.018906658432900514,3,time
005380,2020-12-04,2020-12-08,198000.0,190080.0,7,-60956.66530799982,-0.043929752195512206,2,stop
047040,2020-12-04,2020-12-09,3850.0,4158.0,385,112155.86328099994,0.07557902878004863,3,target
237690,2020-12-07,2020-12-09,111000.0,106560.0,13,-63463.54115399998,-0.04392975219551232,2,stop
028300,2020-12-08,2020-12-09,48495.0,46555.2,29,-61851.88386668987,-0.043929752195512206,1,stop
298380,2020-12-08,2020-12-09,28550.0,27408.0,49,-61526.20990810008,-0.04392975219551243,1,stop
083650,2020-12-07,2020-12-10,2550.0,2645.0,575,48454.97701875004,0.03300890745215268,3,time
005290,2020-12-09,2020-12-11,33050.0,31728.0,43,-62502.57207969995,-0.04392975219551232,2,stop
042700,2020-12-09,2020-12-14,6750.0,6875.0,210,20363.41518749995,0.01434922124318705,3,time
066570,2020-12-09,2020-12-14,96800.0,95000.0,14,-30679.58978000004,-0.02261241454215812,3,time
272210,2020-12-09,2020-12-14,11578.0,12160.0,122,65005.903586599976,0.045968486686547294,3,time
095340,2020-12-11,2020-12-14,23400.0,25272.0,58,102693.83548319992,0.07557902878004863,1,target
003670,2020-12-10,2020-12-15,99354.0,98385.0,16,-21973.054437600076,-0.01380657243454686,3,time
082740,2020-12-14,2020-12-15,7922.0,7605.12,180,-62714.11721687997,-0.04392975219551232,1,stop
009540,2020-12-14,2020-12-17,109500.0,110500.0,13,7127.887650000164,0.005001544733598706,3,time
214450,2020-12-14,2020-12-17,59800.0,58800.0,23,-28568.85913000023,-0.020747446855771567,3,time
032830,2020-12-14,2020-12-17,76500.0,75900.0,18,-16411.38245999976,-0.011904523306636383,3,time
336260,2020-12-15,2020-12-17,53700.0,57996.00000000001,28,113771.33144160034,0.07557902878004885,2,target
108490,2020-12-15,2020-12-18,12513.0,12464.0,121,-12116.494980150135,-0.007993389488670677,3,time
066970,2020-12-17,2020-12-18,70017.0,67216.31999999999,20,-61587.342494520126,-0.04392975219551243,1,stop
042700,2020-12-17,2020-12-21,7925.0,8559.0,182,109136.79163660016,0.07557902878004885,2,target
095340,2020-12-17,2020-12-21,26500.0,25440.0,54,-62935.777817999944,-0.04392975219551232,2,stop
298040,2020-12-17,2020-12-21,63200.0,60672.0,22,-61150.17853120016,-0.04392975219551243,2,stop
319660,2020-12-18,2020-12-21,21100.0,20256.0,69,-64030.88674019999,-0.04392975219551232,1,stop
357780,2020-12-18,2020-12-21,280000.0,268800.0,5,-61572.38919999986,-0.043929752195512206,1,stop
000100,2020-12-21,2020-12-22,61790.0,66733.20000000001,22,102858.78726728028,0.07557902878004885,1,target
047040,2020-12-21,2020-12-22,4650.0,4464.0,304,-62170.5209807998,-0.043929752195512206,1,stop
079550,2020-12-21,2020-12-22,30500.0,29280.0,46,-61704.330033999635,-0.043929752195512095,1,stop
214370,2020-12-21,2020-12-22,14860.0,14265.6,95,-62086.95845260029,-0.04392975219551254,1,stop
000250,2020-12-22,2020-12-23,91100.0,87456.0,15,-60099.04988700012,-0.04392975219551243,1,stop
010120,2020-12-22,2020-12-23,12700.0,12192.0,111,-61998.99789660028,-0.04392975219551254,1,stop
033780,2020-12-21,2020-12-24,88500.0,88400.0,15,-6935.938424999826,-0.005218809958607351,3,time
010130,2020-12-22,2020-12-28,417000.0,416000.0,3,-8118.004049999872,-0.00648175687783048,3,time
035720,2020-12-22,2020-12-28,76270.0,74867.0,18,-30805.804797299905,-0.022413366406918045,3,time
009830,2020-12-23,2020-12-28,56233.0,53983.68,25,-61828.57431935007,-0.04392975219551243,2,stop
066570,2020-12-24,2020-12-28,125000.0,120000.0,11,-60472.88224999979,-0.043929752195512206,1,stop
032830,2020-12-23,2020-12-29,80800.0,79100.0,18,-36470.21175000002,-0.02504697038295467,3,time
319400,2020-12-28,2020-12-29,5840.0,5606.4,224,-57533.24046848016,-0.04392975219551243,1,stop
000990,2020-12-28,2020-12-29,43300.0,46764.0,30,98290.07684399979,0.07557902878004841,1,target
131290,2020-12-29,2020-12-30,57700.0,62316.00000000001,24,104782.21586880041,0.07557902878004885,1,target
039030,2020-12-28,2021-01-04,111100.0,117900.0,11,69571.07563999994,0.05686208198459619,3,time
005930,2020-12-28,2021-01-04,79000.0,83000.0,16,58631.200000000186,0.04633215411092406,3,time
272210,2020-12-29,2021-01-05,15334.0,15915.0,91,46996.529957649764,0.033641064098328455,3,time
064760,2020-12-29,2021-01-05,122300.0,123300.0,11,5454.262990000192,0.0040496521045698675,3,time
067310,2021-01-04,2021-01-05,7841.0,7527.36,167,-57589.84308626596,-0.04392975219551232,1,stop
042700,2020-12-30,2021-01-06,8950.0,8800.0,176,-32777.65611999971,-0.0207846623976381,3,time
003670,2021-01-05,2021-01-06,114378.0,123528.24,11,95199.72786904825,0.07557902878004885,1,target
096770,2021-01-05,2021-01-06,224832.0,242818.56000000003,6,102072.76931635197,0.07557902878004863,1,target
064350,2021-01-05,2021-01-06,20250.0,21870.0,66,101127.55019400013,0.07557902878004863,1,target
131970,2021-01-04,2021-01-07,56800.0,54528.0,23,-57455.83517919993,-0.04392975219551232,3,stop
028300,2021-01-06,2021-01-07,44453.0,42674.88,33,-64516.824831821956,-0.04392975219551232,1,stop
018260,2021-01-06,2021-01-07,216000.0,207360.0,6,-56998.44028799981,-0.043929752195512206,1,stop
087010,2021-01-07,2021-01-08,17444.0,16746.239999999998,80,-61375.35755456006,-0.04392975219551243,1,stop
080220,2021-01-07,2021-01-08,3865.0,4174.200000000001,361,105574.06009834004,0.07557902878004863,1,target
010130,2021-01-06,2021-01-11,452500.0,434400.0,3,-59703.22738500009,-0.04392975219551243,3,stop
047040,2021-01-06,2021-01-11,5900.0,5860.0,249,-15951.303041999927,-0.010845400400018024,3,time
034730,2021-01-07,2021-01-11,286000.0,308880.0,4,86561.85366400005,0.07557902878004863,2,target
003550,2021-01-08,2021-01-11,101551.0,97488.95999999999,15,-66993.61816767021,-0.04392975219551243,1,stop
010120,2021-01-08,2021-01-11,15300.0,14688.0,101,-67962.72359339986,-0.043929752195512206,1,stop
035420,2021-01-11,2021-01-12,320000.0,307200.0,4,-56294.755839999765,-0.043929752195512206,1,stop
012450,2021-01-11,2021-01-12,33562.0,32219.52,41,-60518.70969967614,-0.04392975219551243,1,stop
218410,2021-01-11,2021-01-12,46734.0,44864.64,29,-59605.85504950816,-0.04392975219551243,1,stop
078600,2021-01-12,2021-01-13,51700.0,49632.0,26,-59118.28968760022,-0.04392975219551254,1,stop
005930,2021-01-11,2021-01-14,90000.0,89700.0,15,-10019.30377499992,-0.007413180230757543,3,time
035720,2021-01-11,2021-01-14,88515.0,90623.0,15,26085.50006399979,0.01962419348399136,3,time
058470,2021-01-12,2021-01-14,30054.0,28851.84,45,-59480.24737553997,-0.04392975219551232,2,stop
353200,2021-01-13,2021-01-14,16000.0,15360.0,82,-57702.12473599985,-0.043929752195512206,1,stop
000720,2021-01-12,2021-01-15,43394.0,41658.24,31,-59162.88568949187,-0.043929752195512206,3,stop
352820,2021-01-14,2021-01-15,164835.0,158241.6,7,-50746.423868909944,-0.04392975219551232,1,stop
036930,2021-01-14,2021-01-15,8580.0,9266.400000000001,153,99329.72707944037,0.07557902878004885,1,target
007660,2021-01-14,2021-01-18,3419.0,3282.24,384,-57741.531065088,-0.04392975219551232,2,stop
009150,2021-01-14,2021-01-18,205000.0,196800.0,6,-54095.74193999986,-0.043929752195512206,2,stop
100790,2021-01-15,2021-01-18,5948.0,5710.08,226,-59120.40074094385,-0.043929752195512206,1,stop
000150,2021-01-15,2021-01-19,57000.0,54720.0,23,-57658.14445800008,-0.04392975219551243,2,stop
012450,2021-01-18,2021-01-19,36873.0,39822.840000000004,34,94861.04704999225,0.07557902878004885,1,target
145020,2021-01-15,2021-01-20,217200.0,217300.0,6,-4742.543069999898,-0.0036349713785528426,3,time
083650,2021-01-19,2021-01-20,3245.0,3115.2,415,-59227.140875650104,-0.04392975219551243,1,stop
064760,2021-01-18,2021-01-21,133100.0,137700.0,9,36368.7169499998,0.03032551592378785,3,time
042700,2021-01-18,2021-01-21,9625.0,10395.0,131,95405.31227149977,0.07557902878004841,3,target
000270,2021-01-20,2021-01-21,96000.0,92160.0,13,-54887.38694400014,-0.04392975219551243,1,stop
100790,2021-01-20,2021-01-21,5671.0,6124.68,228,97835.17311652796,0.07557902878004863,1,target
047810,2021-01-19,2021-01-22,30500.0,31000.0,44,16435.35850000009,0.012232844328521786,3,time
066570,2021-01-21,2021-01-22,168500.0,181980.0,7,89247.99510199996,0.07557902878004863,1,target
240810,2021-01-21,2021-01-22,49000.0,52920.0,26,96398.42794400034,0.07557902878004885,1,target
080220,2021-01-22,2021-01-25,6400.0,6144.0,219,-61642.7576448,-0.04392975219551232,1,stop
086280,2021-01-22,2021-01-25,108292.0,103960.31999999999,12,-57152.547182112234,-0.04392975219551254,1,stop
000880,2021-01-22,2021-01-25,35500.0,34080.0,39,-60890.69489100017,-0.04392975219551243,1,stop
058470,2021-01-21,2021-01-26,32417.0,31436.0,40,-44438.37249400001,-0.03423151465081742,3,time
000990,2021-01-21,2021-01-26,69500.0,66720.0,18,-55019.32777799992,-0.04392975219551232,3,stop
352820,2021-01-25,2021-01-26,199980.0,215978.40000000002,6,90790.06728528021,0.07557902878004885,1,target
000150,2021-01-25,2021-01-26,58700.0,56352.0,22,-56796.13100920012,-0.04392975219551243,1,stop
336260,2021-01-25,2021-01-27,62400.0,59904.0,21,-57631.75629119994,-0.04392975219551232,2,stop
108490,2021-01-26,2021-01-27,19622.0,18837.12,66,-56956.7469844562,-0.04392975219551254,1,stop
058610,2021-01-26,2021-01-27,10500.0,10080.0,124,-57262.321955999825,-0.043929752195512206,1,stop
000270,2021-01-26,2021-01-28,91700.0,88032.0,14,-56461.88089639996,-0.04392975219551232,2,stop
214150,2021-01-27,2021-01-28,17400.0,16704.0,72,-55098.49227840011,-0.04392975219551243,1,stop
357780,2021-01-27,2021-01-28,301100.0,289056.0,4,-52969.84682320012,-0.04392975219551243,1,stop
226950,2021-01-26,2021-01-29,46250.0,48500.0,28,57507.10385000007,0.044356013930577864,3,time
207940,2021-01-27,2021-01-29,1205795.0,1157563.2,1,-53031.199311010074,-0.04392975219551243,2,stop
071050,2021-01-28,2021-01-29,87500.0,84000.0,14,-53875.84054999985,-0.043929752195512206,1,stop
263750,2021-01-28,2021-02-01,61960.0,66916.8,19,89076.99004143989,0.07557902878004863,2,target
035420,2021-01-29,2021-02-01,362000.0,347520.0,3,-47762.58190799982,-0.043929752195512206,1,stop
047040,2021-01-29,2021-02-01,6390.0,6134.4,194,-54520.59142548009,-0.04392975219551243,1,stop
051910,2021-01-29,2021-02-01,955000.0,916800.0,1,-42001.16549000004,-0.04392975219551243,1,stop
068270,2021-02-02,2021-02-03,321809.0,308936.64,3,-42459.74784870597,-0.04392975219551232,1,stop
237690,2021-02-01,2021-02-04,89300.0,94000.0,13,56162.273764999816,0.04832264013649956,3,time
087010,2021-02-01,2021-02-04,14197.0,14149.0,85,-9013.454315000214,-0.007460647775814344,3,time
047050,2021-02-02,2021-02-04,18600.0,20088.0,66,92887.52758560004,0.07557902878004863,2,target
096770,2021-02-02,2021-02-05,318799.0,306047.04,3,-42062.605938365916,-0.043929752195512206,3,stop
000270,2021-02-04,2021-02-05,100500.0,96480.0,12,-53040.21526800003,-0.04392975219551232,1,stop
298040,2021-02-04,2021-02-05,76000.0,82080.0,16,92009.80249599996,0.07557902878004863,1,target
352820,2021-02-03,2021-02-08,229185.0,247519.80000000002,6,104049.01275515999,0.07557902878004863,3,target
066970,2021-02-04,2021-02-08,81366.0,78111.36,15,-53677.48949621967,-0.043929752195512095,2,stop
272210,2021-02-05,2021-02-08,17479.0,16779.84,68,-52273.726983016124,-0.04392975219551243,1,stop
079550,2021-02-05,2021-02-09,43600.0,41856.0,27,-51773.5832616,-0.04392975219551232,2,stop
263750,2021-02-08,2021-02-09,78600.0,75456.0,16,-55309.59761280008,-0.04392975219551243,1,stop
032820,2021-02-08,2021-02-09,1305.0,1252.8,979,-56188.98327141022,-0.04392975219551254,1,stop
047810,2021-02-05,2021-02-10,38800.0,39600.0,30,19158.94200000004,0.016440662936472172,3,time
009830,2021-02-08,2021-02-10,67619.0,64914.24,18,-53530.24352547573,-0.043929752195512095,2,stop
003490,2021-02-09,2021-02-10,31500.0,30240.0,38,-52644.392766000004,-0.04392975219551232,1,stop
010950,2021-02-09,2021-02-15,81000.0,87480.0,14,85805.19410400023,0.07557902878004885,2,target
161390,2021-02-09,2021-02-16,49250.0,47280.0,24,-51984.68859599996,-0.04392975219551232,3,stop
307950,2021-02-10,2021-02-17,131500.0,135500.0,9,31043.65050000022,0.026200242217269576,3,time
353200,2021-02-10,2021-02-17,16300.0,15750.0,73,-44908.08397250017,-0.03769769919985444,3,time
000250,2021-02-10,2021-02-17,60500.0,59000.0,19,-33126.861474999925,-0.02878538876610237,3,time
080220,2021-02-16,2021-02-17,6970.0,6691.2,162,-49659.89110092004,-0.04392975219551232,1,stop
035720,2021-02-15,2021-02-18,100156.0,100559.0,13,-112.4159835500177,-8.623995554979391e-05,3,time
263750,2021-02-17,2021-02-18,73200.0,70272.0,15,-48290.34524399997,-0.04392975219551232,1,stop
032830,2021-02-18,2021-02-19,77000.0,73920.0,17,-57570.183901999844,-0.043929752195512206,1,stop
108490,2021-02-18,2021-02-19,18307.0,17574.72,74,-59580.87425160385,-0.043929752195512206,1,stop
030200,2021-02-17,2021-02-22,26600.0,26000.0,42,-29704.218180000084,-0.026557548444678947,3,time
018260,2021-02-17,2021-02-22,204000.0,200000.0,5,-24121.20299999998,-0.02362107046110329,3,time
357780,2021-02-17,2021-02-22,312600.0,323600.0,3,29059.42239000008,0.03095120291350839,3,time
272210,2021-02-19,2021-02-22,19581.0,18797.76,66,-56837.73635218828,-0.04392975219551254,1,stop
042700,2021-02-22,2021-02-23,12175.0,11688.0,88,-47120.469849200104,-0.04392975219551243,1,stop
028300,2021-02-22,2021-02-23,32285.0,30993.6,33,-46856.80808258988,-0.043929752195512206,1,stop
058470,2021-02-22,2021-02-23,34238.0,32868.479999999996,31,-46679.699503083946,-0.04392975219551232,1,stop
067310,2021-02-22,2021-02-23,8388.0,8052.48,128,-47220.04119859205,-0.04392975219551243,1,stop
087010,2021-02-19,2021-02-24,14342.0,13768.32,91,-57399.62838391587,-0.043929752195512206,3,stop
082740,2021-02-23,2021-02-24,6040.0,5798.4,170,-45158.949450400076,-0.04392975219551243,1,stop
005830,2021-02-23,2021-02-24,41350.0,39696.0,24,-43646.02788720012,-0.04392975219551243,1,stop
032830,2021-02-23,2021-02-24,80000.0,76800.0,12,-42221.06688000006,-0.04392975219551243,1,stop
000660,2021-02-24,2021-02-25,137500.0,148500.0,7,72828.4826499999,0.07557902878004863,1,target
138040,2021-02-23,2021-02-26,12050.0,11568.0,85,-45046.79974149994,-0.04392975219551232,3,stop
267250,2021-02-24,2021-02-26,56300.0,54048.0,18,-44569.61372520006,-0.04392975219551243,2,stop
028050,2021-02-24,2021-02-26,13550.0,13008.0,77,-45886.823051300016,-0.04392975219551232,2,stop
009540,2021-02-24,2021-03-02,111500.0,110500.0,9,-13086.011249999981,-0.01302538880422377,3,time
011200,2021-02-26,2021-03-02,17900.0,19332.0,55,74493.13368199999,0.07557902878004863,1,target
180640,2021-02-25,2021-03-03,60300.0,60700.0,20,3033.9864000000525,0.002512853125559822,3,time
080220,2021-02-26,2021-03-03,6530.0,6268.8,151,-43365.873516339925,-0.043929752195512206,2,stop
084370,2021-02-26,2021-03-04,40050.0,41250.0,24,24775.906320000067,0.02574640350434665,3,time
000270,2021-03-02,2021-03-04,81600.0,78336.0,12,-43065.48821759992,-0.043929752195512206,2,stop
218410,2021-03-02,2021-03-04,37612.0,36107.52,27,-44663.027835671906,-0.043929752195512206,2,stop
039030,2021-03-03,2021-03-04,106900.0,102624.0,10,-47014.91718199989,-0.043929752195512206,1,stop
009150,2021-03-03,2021-03-05,200000.0,192000.0,5,-43980.27800000005,-0.04392975219551243,2,stop
011200,2021-03-04,2021-03-05,20150.0,21762.0,50,76233.45067000005,0.07557902878004863,1,target
336260,2021-03-04,2021-03-05,53400.0,51264.0,19,-44622.390058799996,-0.04392975219551232,1,stop
005490,2021-03-04,2021-03-05,318000.0,305280.0,3,-41957.18521200004,-0.04392975219551243,1,stop
090430,2021-03-05,2021-03-08,244500.0,234720.0,4,-43012.71188399999,-0.04392975219551232,1,stop
098460,2021-03-04,2021-03-09,22439.0,21840.0,45,-31013.713253249996,-0.030678811999104494,3,time
178320,2021-03-08,2021-03-09,22027.0,21145.92,45,-43593.91125777003,-0.04392975219551232,1,stop
011200,2021-03-08,2021-03-09,22200.0,21312.0,44,-42959.93555040017,-0.04392975219551254,1,stop
083650,2021-03-08,2021-03-09,3135.0,3385.8,318,75433.66151508002,0.07557902878004863,1,target
055550,2021-03-05,2021-03-10,34100.0,35600.0,29,39319.04984500003,0.03971471229960177,3,time
028050,2021-03-09,2021-03-10,13650.0,13104.0,72,-43223.817218399956,-0.04392975219551232,1,stop
267270,2021-03-09,2021-03-10,37800.0,40824.0,26,74364.50155679975,0.07557902878004841,1,target
047040,2021-03-10,2021-03-11,5650.0,6102.0,179,76524.76460060012,0.07557902878004885,1,target
105560,2021-03-09,2021-03-12,51900.0,50400.0,19,-32457.215594999958,-0.032876916960778324,3,time
316140,2021-03-09,2021-03-12,10050.0,10150.0,98,5734.791930000065,0.005816025623502252,3,time
196170,2021-03-11,2021-03-12,77183.0,83357.64,14,81761.7567472721,0.07557902878004863,1,target
010120,2021-03-10,2021-03-15,11780.0,12280.0,86,38721.42939399986,0.03817758232872692,3,time
032640,2021-03-10,2021-03-15,12100.0,12100.0,84,-4165.410480000079,-0.004093491870325372,3,time
319400,2021-03-12,2021-03-15,6200.0,5952.0,167,-45537.17984120012,-0.04392975219551243,1,stop
083650,2021-03-12,2021-03-15,3800.0,3648.0,273,-45625.14039720001,-0.04392975219551232,1,stop
267270,2021-03-12,2021-03-16,46100.0,49788.0,22,76740.41257519997,0.07557902878004863,2,target
100790,2021-03-15,2021-03-17,8064.0,8709.12,126,76881.45391718415,0.07557902878004885,2,target
267260,2021-03-15,2021-03-18,20200.0,21816.0,50,76422.61555999995,0.07557902878004863,3,target
034020,2021-03-15,2021-03-18,11051.0,11245.0,92,13628.77604919998,0.013389619393556318,3,time
000720,2021-03-15,2021-03-18,40913.0,41351.0,24,6456.938339999877,0.006568328347228869,3,time
082740,2021-03-16,2021-03-19,6047.0,6158.0,189,16233.389748449903,0.01418757682529126,3,time
087010,2021-03-18,2021-03-19,15602.0,16850.16,66,77915.65620379208,0.07557902878004863,1,target
298040,2021-03-18,2021-03-19,76800.0,73728.0,13,-43909.90955520002,-0.04392975219551232,1,stop
058470,2021-03-17,2021-03-22,31035.0,31396.0,35,8146.184093249962,0.007490920871250584,3,time
058610,2021-03-18,2021-03-23,9310.0,9010.0,111,-37436.950797000085,-0.0361850012622591,3,time
087010,2021-03-22,2021-03-23,16571.0,15908.16,84,-61218.963685992174,-0.04392975219551243,1,stop
036930,2021-03-19,2021-03-24,10400.0,10950.0,105,53104.515712500084,0.048574640771147815,3,time
035420,2021-03-19,2021-03-24,397000.0,381120.0,2,-34920.34073199995,-0.04392975219551232,3,stop
033780,2021-03-19,2021-03-24,82900.0,80300.0,13,-38116.98605000018,-0.03532819538223331,3,time
011200,2021-03-23,2021-03-24,27350.0,29538.000000000004,42,86917.48365719989,0.07557902878004863,1,target
000500,2021-03-24,2021-03-25,22863.0,24692.04,45,77847.78384126013,0.07557902878004885,1,target
031980,2021-03-23,2021-03-26,8290.0,8190.0,141,-18848.77749300003,-0.016106839374905313,3,time
141080,2021-03-24,2021-03-26,56300.0,60804.00000000001,18,76679.87981040007,0.07557902878004863,2,target
214450,2021-03-24,2021-03-29,66400.0,66400.0,15,-4081.807199999923,-0.004093491870325261,3,time
237690,2021-03-24,2021-03-29,82900.0,83700.0,12,5494.809360000072,0.005517186133338736,3,time
080220,2021-03-26,2021-03-29,6140.0,5894.4,185,-49957.19778020005,-0.04392975219551243,1,stop
084370,2021-03-25,2021-03-30,45950.0,44112.0,27,-54564.13190070004,-0.04392975219551232,3,stop
011200,2021-03-29,2021-03-30,32600.0,31296.0,32,-45880.226009599864,-0.043929752195512206,1,stop
267250,2021-03-29,2021-03-30,58600.0,56256.0,17,-43813.15294359997,-0.04392975219551232,1,stop
066970,2021-03-26,2021-03-31,71652.0,77384.16,15,81324.25618968019,0.07557902878004885,3,target
083650,2021-03-30,2021-03-31,4565.0,4382.4,241,-48385.562545869965,-0.04392975219551232,1,stop
267270,2021-03-30,2021-03-31,56300.0,54048.0,19,-47045.70337660017,-0.04392975219551254,1,stop
001440,2021-03-30,2021-03-31,9710.0,9321.6,113,-48256.480429939926,-0.043929752195512206,1,stop
009540,2021-03-29,2021-04-01,133500.0,128160.0,7,-41099.56979099999,-0.04392975219551232,3,stop
096770,2021-03-31,2021-04-01,220896.0,238567.68000000002,4,66857.22806630412,0.07557902878004885,1,target
272210,2021-04-01,2021-04-02,19760.0,18969.6,56,-48666.816423679935,-0.04392975219551232,1,stop
010140,2021-04-01,2021-04-02,7333.0,7039.679999999999,152,-49021.12154324795,-0.04392975219551232,1,stop
066570,2021-03-31,2021-04-05,154000.0,154500.0,7,-928.1777749997564,-0.0008600291815924477,3,time
161390,2021-03-31,2021-04-05,48300.0,46368.0,22,-46733.443402799894,-0.043929752195512206,3,stop
012330,2021-03-31,2021-04-05,298500.0,304000.0,3,12781.4190750001,0.014256544292868156,3,time
042700,2021-04-02,2021-04-05,13250.0,14310.000000000002,80,80205.91336000036,0.07557902878004907,1,target
031980,2021-04-05,2021-04-06,9300.0,10044.0,112,78813.65976960002,0.07557902878004863,1,target
307950,2021-04-05,2021-04-06,125000.0,120000.0,8,-43980.27800000005,-0.04392975219551243,1,stop
039030,2021-04-02,2021-04-07,128000.0,131600.0,8,24518.539360000053,0.02391637867082186,3,time
100790,2021-04-05,2021-04-07,8960.0,9676.800000000001,117,79322.13499392034,0.07557902878004885,2,target
071050,2021-04-05,2021-04-08,90000.0,97200.0,11,74909.29644000006,0.07557902878004863,3,target
277810,2021-04-06,2021-04-08,25100.0,27108.0,43,81666.26631079987,0.07557902878004841,2,target
034220,2021-04-06,2021-04-09,22737.0,23477.0,48,30942.60814080015,0.028319351337483978,3,time
043260,2021-04-08,2021-04-09,2065.0,1982.3999999999999,548,-49768.962190360064,-0.04392975219551243,1,stop
035720,2021-04-07,2021-04-12,109188.0,104820.48,10,-48021.18594264006,-0.04392975219551243,3,stop
016360,2021-04-07,2021-04-12,41200.0,41350.0,26,-501.48923499998637,-0.0004676186611153321,3,time
237690,2021-04-09,2021-04-12,94100.0,101628.0,11,78321.83105559996,0.07557902878004863,1,target
083650,2021-04-09,2021-04-12,4385.0,4209.599999999999,251,-48406.23327653017,-0.04392975219551254,1,stop
032820,2021-04-08,2021-04-13,1400.0,1475.0,809,55854.50574625004,0.04925864249376444,3,time
298380,2021-04-12,2021-04-13,22700.0,24516.0,47,80728.0084563999,0.07557902878004863,1,target
034730,2021-04-12,2021-04-13,303000.0,290880.0,3,-39978.072702000034,-0.04392975219551232,1,stop
080220,2021-04-13,2021-04-14,7220.0,6931.2,159,-50488.479538440006,-0.04392975219551232,1,stop
086520,2021-04-12,2021-04-15,8411.0,8243.0,129,-26054.73472619988,-0.023985572879216654,3,time
141080,2021-04-12,2021-04-15,57700.0,59200.0,18,22664.012130000046,0.021796625325420038,3,time
098460,2021-04-14,2021-04-15,27850.0,26736.0,41,-50218.88043429982,-0.043929752195512206,1,stop
319660,2021-04-13,2021-04-16,22625.0,22900.0,50,9073.375562500209,0.00801144911246654,3,time
000100,2021-04-13,2021-04-16,58177.0,58704.0,19,5453.482528750086,0.00492798963928065,3,time
319400,2021-04-15,2021-04-16,5350.0,5136.0,201,-47294.1919473001,-0.04392975219551243,1,stop
034020,2021-04-15,2021-04-16,13802.0,13249.92,78,-47347.2321625679,-0.043929752195512206,1,stop
036930,2021-04-15,2021-04-19,12800.0,13824.0,84,81356.03589119995,0.07557902878004863,2,target
352820,2021-04-16,2021-04-19,253500.0,243360.0,4,-44596.001891999855,-0.043929752195512206,1,stop
028050,2021-04-16,2021-04-21,14800.0,15150.0,72,20758.667219999945,0.019458351227335857,3,time
078600,2021-04-16,2021-04-21,46350.0,48100.0,23,35762.45487750019,0.03350815622518577,3,time
066570,2021-04-16,2021-04-21,173000.0,166080.0,6,-45651.52856399992,-0.043929752195512206,3,stop
226950,2021-04-19,2021-04-21,44600.0,48168.0,25,84367.54094000021,0.07557902878004885,2,target
010170,2021-04-19,2021-04-22,2882.0,2869.0,392,-9710.893598000053,-0.008585783544747927,3,time
071050,2021-04-21,2021-04-26,108500.0,114000.0,10,50391.3102500001,0.046390248173114434,3,time
180640,2021-04-21,2021-04-26,56500.0,54240.0,19,-47212.8284329999,-0.043929752195512206,3,stop
039490,2021-04-21,2021-04-26,138000.0,136000.0,7,-17917.588499999954,-0.01852691952437857,3,time
298040,2021-04-21,2021-04-26,76000.0,72960.0,14,-46795.015791999875,-0.043929752195512206,3,stop
007660,2021-04-22,2021-04-27,3463.0,3324.48,384,-58484.621842175955,-0.04392975219551232,3,stop
067310,2021-04-26,2021-04-27,10647.0,11498.76,96,77339.081619072,0.07557902878004863,1,target
003550,2021-04-26,2021-04-28,109581.0,118347.48000000001,9,74623.96011992404,0.07557902878004863,2,target
078600,2021-04-27,2021-04-28,53100.0,50976.0,23,-53713.11352140014,-0.04392975219551243,1,stop
218410,2021-04-26,2021-04-29,39758.0,40588.0,25,16615.42207249999,0.016697352783521247,3,time
086520,2021-04-26,2021-04-29,9186.0,8818.56,112,-45248.31737529603,-0.04392975219551232,3,stop
036930,2021-04-28,2021-04-29,14850.0,14256.0,76,-49636.14175079996,-0.04392975219551232,1,stop
267260,2021-04-28,2021-04-29,20500.0,19680.0,55,-49587.7634449997,-0.043929752195512095,1,stop
010950,2021-04-27,2021-04-30,84900.0,87100.0,14,25838.07953999983,0.021713272769077197,3,time
011200,2021-04-29,2021-05-03,39600.0,38016.0,26,-45282.09422880004,-0.04392975219551232,2,stop
000150,2021-04-29,2021-05-03,61100.0,65988.0,17,78594.22849720018,0.07557902878004885,2,target
090430,2021-04-29,2021-05-04,270000.0,270000.0,3,-3319.542000000016,-0.004093491870325372,3,time
267250,2021-04-29,2021-05-04,68000.0,69500.0,15,18253.5048750001,0.01787503404429991,3,time
082740,2021-05-03,2021-05-04,8236.0,8894.880000000001,136,84753.13465177617,0.07557902878004885,1,target
010130,2021-04-30,2021-05-06,452000.0,464000.0,3,30336.711000000127,0.02234650392072801,3,time
267270,2021-05-04,2021-05-06,57900.0,62532.00000000001,17,74478.00049080024,0.07557902878004885,1,target
000250,2021-05-04,2021-05-06,54700.0,52512.0,18,-43302.981718799914,-0.043929752195512206,1,stop
138040,2021-05-03,2021-05-07,17950.0,19200.0,62,72710.6393449998,0.06525932903006959,3,time
000270,2021-05-04,2021-05-10,80500.0,83000.0,12,25952.6973,0.02683528167407445,3,time
001440,2021-05-06,2021-05-10,10373.0,11202.84,112,87906.89169785613,0.07557902878004885,2,target
058610,2021-05-06,2021-05-11,11650.0,12050.0,100,35107.67500000028,0.030100723001080132,3,time
028300,2021-05-06,2021-05-11,29373.0,29509.0,39,593.6828274000436,0.0005176573178964361,3,time
078600,2021-05-10,2021-05-11,49800.0,47808.0,22,-48184.79257679987,-0.043929752195512206,1,stop
241560,2021-05-07,2021-05-12,50700.0,51100.0,24,4585.008960000239,0.003763758686911034,3,time
068270,2021-05-10,2021-05-12,240487.0,230867.52,4,-42306.74046154402,-0.04392975219551232,2,stop
237690,2021-05-11,2021-05-12,128700.0,123552.0,9,-50942.356007399736,-0.043929752195512095,1,stop
180640,2021-05-11,2021-05-12,55700.0,60156.00000000001,21,88506.4687332001,0.07557902878004863,1,target
000880,2021-05-11,2021-05-12,33750.0,32400.0,35,-51951.70338749979,-0.043929752195512206,1,stop
006260,2021-05-12,2021-05-13,77400.0,74304.0,14,-47657.02924080007,-0.04392975219551243,1,stop
011200,2021-05-13,2021-05-14,47800.0,45888.0,26,-54658.68949839985,-0.043929752195512206,1,stop
028050,2021-05-12,2021-05-17,19300.0,18750.0,59,-37020.956117500085,-0.032474247283347246,3,time
032640,2021-05-12,2021-05-17,14700.0,14800.0,77,3038.547435000073,0.002681382334638549,3,time
030200,2021-05-12,2021-05-17,30650.0,31250.0,37,17486.989580000052,0.015402230964187025,3,time
145020,2021-05-12,2021-05-17,200300.0,201100.0,5,-116.13949999993201,-0.00011583232712142344,3,time
042700,2021-05-17,2021-05-18,17000.0,16320.0,65,-48598.20718999999,-0.04392975219551232,1,stop
084370,2021-05-17,2021-05-18,48450.0,46512.0,22,-46878.578320200206,-0.04392975219551254,1,stop
021240,2021-05-14,2021-05-20,76600.0,81700.0,15,71565.64237500005,0.06221359940201587,3,time
066970,2021-05-17,2021-05-20,86271.0,82820.16,12,-45530.67076005589,-0.043929752195512206,2,stop
039030,2021-05-17,2021-05-21,114000.0,116600.0,9,19126.262430000002,0.01862016533263211,3,time
000250,2021-05-18,2021-05-21,60800.0,58368.0,18,-48132.01624320005,-0.04392975219551243,2,stop
180640,2021-05-18,2021-05-24,65500.0,62880.0,17,-48972.03955299966,-0.043929752195511984,3,stop
237690,2021-05-20,2021-05-24,119800.0,115008.0,9,-47419.535739600076,-0.04392975219551243,2,stop
031980,2021-05-21,2021-05-24,12100.0,11616.0,89,-47362.3613782,-0.04392975219551232,1,stop
047040,2021-05-20,2021-05-25,7660.0,7600.0,149,-13591.084021000192,-0.011894326137659728,3,time
032820,2021-05-24,2021-05-25,1455.0,1396.8,718,-45945.756623819936,-0.04392975219551232,1,stop
034020,2021-05-21,2021-05-26,13416.0,14489.28,80,81210.75725568016,0.07557902878004885,3,target
001440,2021-05-24,2021-05-26,11409.0,12321.720000000001,91,78557.83317236404,0.07557902878004863,2,target
000270,2021-05-24,2021-05-27,82300.0,80800.0,12,-21994.317420000094,-0.022244886307682843,3,time
012450,2021-05-26,2021-05-27,50116.0,48111.36,23,-50694.65908170398,-0.04392975219551232,1,stop
015760,2021-05-25,2021-05-28,25100.0,25450.0,43,10582.444587499835,0.00979365067331539,3,time
214450,2021-05-25,2021-05-28,81600.0,83300.0,13,17687.47753500007,0.016654560382376227,3,time
180640,2021-05-26,2021-05-28,67700.0,64992.0,17,-50616.90195020009,-0.04392975219551243,2,stop
277810,2021-05-27,2021-05-31,22400.0,21504.0,46,-45317.27845119999,-0.04392975219551232,2,stop
030200,2021-05-27,2021-06-01,33200.0,34100.0,31,23599.8819650003,0.022903973711503545,3,time
001440,2021-05-31,2021-06-01,15025.0,16227.000000000002,73,82992.31218970008,0.07557902878004863,1,target
214370,2021-05-28,2021-06-02,13940.0,13382.4,78,-47820.63587495999,-0.04392975219551232,3,stop
307950,2021-05-28,2021-06-02,112000.0,108500.0,9,-35538.12202500005,-0.035215570249377715,3,time
000720,2021-05-28,2021-06-02,54291.0,55849.0,20,26618.231238000095,0.024486242149420745,3,time
034020,2021-06-01,2021-06-02,19496.0,18716.16,57,-48874.051493616076,-0.04392975219551243,1,stop
000500,2021-06-01,2021-06-02,24965.0,26962.2,44,83116.02602776,0.07557902878004863,1,target
042660,2021-06-02,2021-06-03,33537.0,32195.52,32,-47198.930665151915,-0.043929752195512206,1,stop
079550,2021-06-02,2021-06-03,46400.0,44544.0,23,-46935.752681600046,-0.04392975219551232,1,stop
241560,2021-06-03,2021-06-04,54500.0,52320.0,19,-45541.57786900003,-0.04392975219551232,1,stop
267250,2021-06-02,2021-06-07,76600.0,75100.0,14,-25333.00063000014,-0.02359557753866115,3,time
010950,2021-06-02,2021-06-07,101000.0,102500.0,10,10816.597249999992,0.010697198844471734,3,time
009540,2021-06-02,2021-06-07,149500.0,143520.0,7,-46025.36092699994,-0.04392975219551232,3,stop
001440,2021-06-04,2021-06-07,22473.0,24270.84,46,78220.2873426479,0.07557902878004863,1,target
336260,2021-06-03,2021-06-08,46800.0,46950.0,23,-971.4732524999417,-0.0009014838314481688,3,time
032820,2021-06-07,2021-06-08,1940.0,2095.2000000000003,540,79267.65550559992,0.07557902878004863,1,target
083650,2021-06-07,2021-06-08,6070.0,6555.6,172,78998.28470224014,0.07557902878004885,1,target
034020,2021-06-07,2021-06-08,25046.0,27049.68,41,77700.31089301605,0.07557902878004863,1,target
000150,2021-06-08,2021-06-09,102500.0,98400.0,10,-45079.78495,-0.04392975219551232,1,stop
010140,2021-06-07,2021-06-10,6682.0,6598.0,156,-17337.29964719992,-0.016613118730979703,3,time
015760,2021-06-08,2021-06-10,27100.0,26016.0,41,-48866.486885800026,-0.04392975219551232,2,stop
307950,2021-06-08,2021-06-11,120000.0,124000.0,9,31467.81420000014,0.02910339173399734,3,time
066970,2021-06-08,2021-06-11,89156.0,90503.0,12,11731.79828940006,0.010953011634213583,3,time
145020,2021-06-10,2021-06-11,242500.0,232800.0,4,-42660.86965999997,-0.04392975219551232,1,stop
028050,2021-06-09,2021-06-14,21350.0,21400.0,54,-2032.774515000172,-0.0017611581276330002,3,time
180640,2021-06-11,2021-06-14,78700.0,75552.0,13,-44996.2224217999,-0.043929752195512206,1,stop
214150,2021-06-10,2021-06-15,16050.0,17334.0,65,78938.50859700015,0.07557902878004885,3,target
298040,2021-06-14,2021-06-15,79200.0,76032.0,15,-52248.57026399998,-0.04392975219551232,1,stop
352820,2021-06-11,2021-06-16,272500.0,294300.0,3,61856.91903000011,0.07557902878004885,3,target
247540,2021-06-11,2021-06-16,45611.0,48082.0,23,52366.22446975019,0.0498602688801173,3,time
051910,2021-06-14,2021-06-16,841000.0,807360.0,1,-36987.413797999965,-0.04392975219551232,2,stop
058610,2021-06-15,2021-06-18,12800.0,12500.0,104,-36563.54468000005,-0.0274350506546146,3,time
035720,2021-06-15,2021-06-18,143500.0,154980.0,9,97722.58217399986,0.07557902878004863,3,target
028050,2021-06-16,2021-06-18,22500.0,24300.0,41,69801.84441000014,0.07557902878004885,2,target
007660,2021-06-16,2021-06-18,3657.0,3949.5600000000004,258,71391.28348173609,0.07557902878004863,2,target
067310,2021-06-16,2021-06-18,10476.0,11314.08,90,71340.88995503995,0.07557902878004863,2,target
095340,2021-06-18,2021-06-21,22500.0,24300.0,50,85124.20050000004,0.07557902878004863,1,target
218410,2021-06-18,2021-06-22,41000.0,39360.0,27,-48686.16774599999,-0.04392975219551232,2,stop
007660,2021-06-21,2021-06-22,3942.0,3784.3199999999997,347,-60159.478788972134,-0.04392975219551243,1,stop
034220,2021-06-18,2021-06-23,22506.0,22044.0,50,-27643.60450500017,-0.02453732048295809,3,time
247540,2021-06-18,2021-06-23,50083.0,52826.0,22,55652.59366150014,0.05045139465403836,3,time
078600,2021-06-18,2021-06-23,48100.0,50400.0,23,48210.209495000076,0.04352781725022048,3,time
066570,2021-06-22,2021-06-23,163000.0,156480.0,7,-50181.497198000085,-0.04392975219551243,1,stop
001440,2021-06-23,2021-06-24,32547.0,31245.12,36,-51531.339890375966,-0.04392975219551232,1,stop
047040,2021-06-23,2021-06-24,9000.0,8640.0,132,-52248.57026399998,-0.04392975219551232,1,stop
161390,2021-06-23,2021-06-24,57000.0,54720.0,20,-50137.51691999985,-0.043929752195512206,1,stop
068270,2021-06-22,2021-06-25,243530.0,233788.8,4,-42842.06840535998,-0.04392975219551232,3,stop
043260,2021-06-23,2021-06-25,1800.0,1944.0000000000002,660,89891.15572800022,0.07557902878004885,2,target
035420,2021-06-24,2021-06-25,430000.0,412800.0,2,-37823.0390799999,-0.043929752195512206,1,stop
035720,2021-06-24,2021-06-25,172000.0,165120.0,6,-45387.646895999904,-0.043929752195512206,1,stop
298380,2021-06-24,2021-06-28,22600.0,21696.0,50,-49697.71413999982,-0.043929752195512206,2,stop
226950,2021-06-25,2021-06-28,44150.0,42384.0,24,-46601.5025688,-0.04392975219551232,1,stop
011070,2021-06-25,2021-06-28,232000.0,222720.0,4,-40813.69798399997,-0.04392975219551232,1,stop
071050,2021-06-28,2021-06-29,107000.0,102720.0,9,-42353.00771399995,-0.04392975219551232,1,stop
010170,2021-06-25,2021-06-30,3112.0,3270.0,354,51252.335833800025,0.04646988482777514,3,time
277810,2021-06-25,2021-06-30,22850.0,24550.0,48,76864.53336000023,0.07000020895332693,3,time
005830,2021-06-28,2021-07-01,54000.0,53700.0,19,-9887.94931499986,-0.009626305804378954,3,time
000810,2021-06-28,2021-07-01,222000.0,218000.0,4,-19592.032800000045,-0.02203775327806723,3,time
141080,2021-06-29,2021-07-01,52500.0,56700.00000000001,23,91366.64187000017,0.07557902878004885,2,target
031980,2021-06-30,2021-07-01,13300.0,12768.0,88,-51474.517371200025,-0.04392975219551232,1,stop
064760,2021-06-30,2021-07-01,205800.0,197568.0,5,-45255.706061999896,-0.043929752195512206,1,stop
226950,2021-07-01,2021-07-02,44550.0,48114.0,24,80902.04015519982,0.07557902878004841,1,target
096770,2021-07-01,2021-07-02,291741.0,280071.36,3,-38492.55085199396,-0.04392975219551232,1,stop
035720,2021-07-01,2021-07-02,164000.0,157440.0,6,-43276.593552000006,-0.04392975219551232,1,stop
222800,2021-07-01,2021-07-06,24250.0,23700.0,44,-28501.43658999994,-0.026681062157802415,3,time
028300,2021-07-01,2021-07-06,30046.0,30810.0,36,22990.074213599786,0.02123009769937001,3,time
263750,2021-07-02,2021-07-06,80500.0,77280.0,13,-46025.36092700006,-0.04392975219551243,2,stop
298380,2021-07-02,2021-07-07,23800.0,22848.0,46,-48149.608354400145,-0.04392975219551243,3,stop
000100,2021-07-02,2021-07-07,57564.0,57040.0,19,-14408.916125399992,-0.013159140717868056,3,time
032820,2021-07-06,2021-07-07,3070.0,2947.2,348,-46986.76980408013,-0.04392975219551243,1,stop
012450,2021-07-06,2021-07-08,54496.0,52316.159999999996,19,-45538.235367872054,-0.04392975219551243,2,stop
000150,2021-07-07,2021-07-08,104500.0,100320.0,10,-45959.390510000056,-0.04392975219551243,1,stop
241560,2021-07-07,2021-07-08,50600.0,48576.0,21,-46733.443402799894,-0.043929752195512206,1,stop
131970,2021-07-06,2021-07-09,50500.0,52400.0,21,35436.231704999926,0.033376257940493925,3,time
006400,2021-07-07,2021-07-09,733295.0,703963.2,1,-32250.517956010066,-0.04392975219551243,2,stop
003670,2021-07-08,2021-07-12,145397.0,157028.76,7,77011.22103172413,0.07557902878004885,2,target
214150,2021-07-08,2021-07-13,19350.0,20898.0,57,83455.76617019996,0.07557902878004863,3,target
066970,2021-07-08,2021-07-13,93300.0,100764.0,12,84715.60433760006,0.07557902878004863,3,target
141080,2021-07-12,2021-07-13,63300.0,60768.0,18,-50111.12875319994,-0.04392975219551232,1,stop
090430,2021-07-09,2021-07-14,243500.0,241000.0,3,-10471.624725000001,-0.014318404684798391,3,time
086520,2021-07-12,2021-07-14,8950.0,9666.0,127,86005.70888739987,0.07557902878004841,2,target
000500,2021-07-13,2021-07-15,29877.0,28681.92,38,-49931.95310062799,-0.04392975219551232,2,stop
028300,2021-07-14,2021-07-15,31617.0,34146.36,33,78946.90751811606,0.07557902878004863,1,target
000990,2021-07-13,2021-07-16,64400.0,63400.0,18,-22697.56853999989,-0.019557878642525117,3,time
131290,2021-07-14,2021-07-19,63500.0,66600.0,16,45290.00551999989,0.0445255660068713,3,time
035420,2021-07-14,2021-07-19,436000.0,443000.0,2,10385.096900000004,0.01189583280148132,3,time
032820,2021-07-16,2021-07-19,3065.0,2942.4,376,-50684.631578319706,-0.043929752195512095,1,stop
298040,2021-07-15,2021-07-20,79700.0,76512.0,15,-52578.422348999884,-0.043929752195512206,3,stop
010120,2021-07-15,2021-07-20,12200.0,12300.0,98,4871.301190000027,0.004069676229098151,3,time
078600,2021-07-19,2021-07-20,60600.0,58176.0,16,-42643.27754879987,-0.043929752195512206,1,stop
086520,2021-07-19,2021-07-21,11249.0,12148.92,90,76604.97051395988,0.07557902878004841,2,target
247540,2021-07-20,2021-07-21,70171.0,67364.16,15,-46292.10131306993,-0.04392975219551232,1,stop
336260,2021-07-20,2021-07-21,49950.0,53946.0,21,79369.80454619974,0.07557902878004841,1,target
066970,2021-07-20,2021-07-21,118200.0,113472.0,9,-46786.219736399944,-0.04392975219551232,1,stop
042700,2021-07-20,2021-07-22,18250.0,19710.0,59,81473.31812300021,0.07557902878004885,2,target
043260,2021-07-21,2021-07-22,1760.0,1900.8000000000002,615,81900.83077440015,0.07557902878004885,1,target
021240,2021-07-21,2021-07-23,80000.0,86400.0,13,78692.59424,0.07557902878004863,2,target
005290,2021-07-21,2021-07-26,30700.0,29472.0,35,-47256.8087109999,-0.043929752195512206,3,stop
357780,2021-07-21,2021-07-26,350000.0,350400.0,3,-3106.647660000366,-0.0029553130038917352,3,time
010130,2021-07-22,2021-07-27,517000.0,538000.0,2,37638.64309999999,0.036359190278075326,3,time
009540,2021-07-22,2021-07-27,128000.0,130000.0,9,13225.808700000169,0.011467547319200966,3,time
071050,2021-07-26,2021-07-27,113000.0,108480.0,9,-44727.94272599986,-0.043929752195512206,1,stop
222800,2021-07-23,2021-07-28,25300.0,26050.0,53,34137.538632499985,0.02542942833114714,3,time
047050,2021-07-26,2021-07-28,27200.0,26112.0,38,-45458.01534080005,-0.04392975219551243,2,stop
086520,2021-07-27,2021-07-28,13546.0,13004.16,79,-47064.79081725201,-0.04392975219551232,1,stop
247540,2021-07-27,2021-07-28,71332.0,68478.72,15,-47058.01785444014,-0.04392975219551243,1,stop
298040,2021-07-27,2021-07-28,82600.0,79296.0,13,-47226.02251640009,-0.04392975219551243,1,stop
100790,2021-07-28,2021-07-29,8703.0,8354.88,125,-47845.04492925014,-0.04392975219551243,1,stop
138040,2021-07-28,2021-07-30,23250.0,25110.0,46,80924.73994200001,0.07557902878004863,2,target
353200,2021-07-28,2021-07-30,16300.0,15648.0,66,-47313.98307239998,-0.04392975219551232,2,stop
095340,2021-07-28,2021-08-02,25350.0,26350.0,43,38405.99094000016,0.035192760915855326,3,time
064350,2021-07-28,2021-08-02,24000.0,24850.0,45,33711.18108750018,0.03117819695926749,3,time
307950,2021-07-29,2021-08-02,129500.0,124320.0,8,-45563.56800800003,-0.04392975219551232,2,stop
000250,2021-07-30,2021-08-02,55900.0,53664.0,19,-46711.453263799776,-0.043929752195512095,1,stop
086520,2021-07-30,2021-08-02,13734.0,13184.64,81,-48926.036182211945,-0.04392975219551232,1,stop
241560,2021-08-02,2021-08-03,46100.0,44256.0,23,-46632.288763399934,-0.04392975219551232,1,stop
005830,2021-08-02,2021-08-03,58300.0,55968.0,18,-46152.903733200044,-0.04392975219551232,1,stop
098460,2021-08-03,2021-08-06,26300.0,25450.0,40,-38211.07270000025,-0.03628058433839487,3,time
214150,2021-08-03,2021-08-06,23750.0,24250.0,44,17652.52390000003,0.016872960932404757,3,time
012450,2021-08-03,2021-08-06,55108.0,52903.68,19,-46049.638040456106,-0.04392975219551243,3,stop
326030,2021-08-03,2021-08-06,124500.0,127000.0,8,15859.23179999995,0.015904630782880957,3,time
000990,2021-08-03,2021-08-06,64600.0,67200.0,16,37241.46160000004,0.03598943260548193,3,time
001440,2021-08-06,2021-08-09,24580.0,23596.8,42,-45403.479796080035,-0.04392975219551232,1,stop
214370,2021-08-06,2021-08-09,15120.0,14515.199999999999,69,-45883.74443184002,-0.04392975219551232,1,stop
222800,2021-08-06,2021-08-10,29800.0,32184.000000000004,35,78919.59210800019,0.07557902878004885,2,target
036930,2021-08-06,2021-08-10,15200.0,14592.0,69,-46126.5155663999,-0.043929752195512206,2,stop
196170,2021-08-09,2021-08-10,75488.0,72468.48,13,-43159.78193363198,-0.04392975219551232,1,stop
064350,2021-08-09,2021-08-10,27000.0,25920.0,37,-43936.29772199993,-0.043929752195512206,1,stop
319660,2021-08-06,2021-08-11,23075.0,22152.0,45,-45668.02116825001,-0.04392975219551232,3,stop
086520,2021-08-10,2021-08-11,18258.0,19718.640000000003,55,75982.99635564012,0.07557902878004863,1,target
066970,2021-08-10,2021-08-11,116100.0,125388.00000000001,8,70278.53993279999,0.07557902878004863,1,target
267260,2021-08-10,2021-08-12,22950.0,24786.0,44,76407.48236879997,0.07557902878004863,2,target
028050,2021-08-11,2021-08-12,24650.0,23664.0,43,-46616.8956661002,-0.04392975219551254,1,stop
010140,2021-08-11,2021-08-12,6220.0,5971.2,171,-46778.30328635988,-0.043929752195512206,1,stop
247540,2021-08-10,2021-08-13,77410.0,77411.0,13,-4111.179930650047,-0.004080626523365938,3,time
068270,2021-08-12,2021-08-13,250923.0,240886.08,4,-44142.653186375974,-0.04392975219551232,1,stop
326030,2021-08-12,2021-08-13,128000.0,122880.0,8,-45035.804672,-0.04392975219551232,1,stop
214450,2021-08-12,2021-08-17,94800.0,91008.0,11,-45862.6338984,-0.04392975219551232,2,stop
007660,2021-08-13,2021-08-17,3319.0,3186.24,303,-44229.07443264616,-0.04392975219551254,1,stop
030200,2021-08-12,2021-08-18,34800.0,34300.0,30,-19234.300050000078,-0.018402493423912647,3,time
000270,2021-08-13,2021-08-18,86000.0,82560.0,11,-41605.3429879999,-0.043929752195512206,2,stop
100790,2021-08-17,2021-08-18,8340.0,8006.4,122,-44749.05325944,-0.04392975219551232,1,stop
028300,2021-08-17,2021-08-18,34263.0,32892.479999999996,29,-43699.991688306094,-0.04392975219551243,1,stop
272210,2021-08-13,2021-08-19,18100.0,18500.0,55,17855.3848,0.017915491734750377,3,time
005830,2021-08-18,2021-08-19,63000.0,60480.0,15,-41561.362710000016,-0.04392975219551232,1,stop
226950,2021-08-18,2021-08-19,48300.0,46368.0,20,-42484.94854800007,-0.04392975219551243,1,stop
000810,2021-08-18,2021-08-20,230500.0,221280.0,4,-40549.81631599995,-0.04392975219551232,2,stop
011200,2021-08-19,2021-08-20,40350.0,38736.0,24,-42590.50121519994,-0.04392975219551232,1,stop
007660,2021-08-19,2021-08-20,3117.0,3366.36,311,73349.59408897208,0.07557902878004863,1,target
039030,2021-08-18,2021-08-23,120800.0,118900.0,8,-19115.690120000043,-0.01975758429951724,3,time
141080,2021-08-19,2021-08-23,53600.0,51456.0,18,-42432.17221440002,-0.04392975219551232,2,stop
086520,2021-08-23,2021-08-24,18799.0,18047.04,52,-42992.83279834397,-0.04392975219551232,1,stop
263750,2021-08-20,2021-08-25,69600.0,70000.0,13,1476.6187799999025,0.0016301087511094714,3,time
087010,2021-08-20,2021-08-25,10611.0,11048.0,89,34908.08747354988,0.036921600397384235,3,time
000250,2021-08-20,2021-08-25,57000.0,61560.00000000001,16,69007.35187200014,0.07557902878004885,3,target
068270,2021-08-24,2021-08-25,250487.0,240467.52,3,-33049.46368615795,-0.04392975219551232,1,stop
080220,2021-08-25,2021-08-26,5450.0,5232.0,174,-41706.497627400095,-0.04392975219551243,1,stop
141080,2021-08-25,2021-08-26,57900.0,55584.0,16,-40743.32953920006,-0.04392975219551243,1,stop
000100,2021-08-24,2021-08-27,53271.0,53448.0,18,-753.0663068998838,-0.0007844597151385191,3,time
028300,2021-08-25,2021-08-27,44665.0,48238.200000000004,21,70972.01841954014,0.07557902878004885,2,target
240810,2021-08-25,2021-08-27,47400.0,45504.0,20,-41693.303544000024,-0.04392975219551232,2,stop
003670,2021-08-26,2021-08-27,148305.0,142372.8,6,-39134.9707727402,-0.04392975219551254,1,stop
298040,2021-08-26,2021-08-30,72300.0,78084.0,12,65647.78342560004,0.07557902878004863,2,target
263750,2021-08-27,2021-08-30,92300.0,88608.0,10,-40593.79659399984,-0.043929752195512206,1,stop
100790,2021-08-27,2021-08-30,8989.0,8629.44,105,-41510.56548890995,-0.04392975219551232,1,stop
064350,2021-08-27,2021-09-01,25550.0,26150.0,37,18260.31991999992,0.019293745111193417,3,time
000880,2021-08-27,2021-09-01,34950.0,34850.0,27,-6559.306695000036,-0.006943009776275821,3,time
010120,2021-08-30,2021-09-02,13740.0,13680.0,67,-7780.869794999948,-0.0084424285870488,3,time
007660,2021-08-30,2021-09-02,3761.0,3801.0,245,5994.84321099997,0.00649844121268095,3,time
336260,2021-08-30,2021-09-02,52700.0,52800.0,17,-1976.5890650000656,-0.0022037262002501112,3,time
086520,2021-09-01,2021-09-02,20555.0,19732.8,46,-41584.67225734005,-0.04392975219551243,1,stop
000150,2021-09-02,2021-09-03,100000.0,96000.0,10,-43980.27800000005,-0.04392975219551243,1,stop
010130,2021-09-01,2021-09-06,529000.0,518000.0,1,-13135.519250000012,-0.02480232285222783,3,time
028300,2021-09-02,2021-09-06,55880.0,60350.4,18,76107.84518304013,0.07557902878004885,2,target
298380,2021-09-03,2021-09-06,22500.0,21600.0,44,-43540.475219999906,-0.043929752195512206,1,stop
028050,2021-09-02,2021-09-07,23750.0,23300.0,43,-23478.241982499952,-0.0229632993927823,3,time
100790,2021-09-02,2021-09-07,9160.0,9351.0,111,16971.612559950096,0.01667268095202923,3,time
078600,2021-09-06,2021-09-07,70000.0,75600.0,12,63559.403040000005,0.07557902878004863,1,target
066570,2021-09-06,2021-09-08,151000.0,144960.0,5,-33205.10988999985,-0.043929752195512095,2,stop
237690,2021-09-06,2021-09-08,118000.0,113280.0,7,-36327.709627999924,-0.043929752195512206,2,stop
047050,2021-09-07,2021-09-08,23850.0,22896.0,42,-44055.044472599984,-0.04392975219551232,1,stop
178320,2021-09-07,2021-09-08,20676.0,19848.96,49,-44557.47516847192,-0.043929752195512206,1,stop
010170,2021-09-07,2021-09-10,2776.0,2776.0,368,-4186.589977599913,-0.004093491870325261,3,time
066970,2021-09-08,2021-09-10,120000.0,129600.00000000001,7,63559.40304000012,0.07557902878004885,2,target
007660,2021-09-08,2021-09-13,4091.0,4121.0,212,2786.9143276000395,0.0032096602303568478,3,time
010950,2021-09-08,2021-09-13,94200.0,98900.0,9,38700.84352500003,0.045596110976908966,3,time
082740,2021-09-08,2021-09-13,6416.0,6433.0,135,-1261.46268674999,-0.0014547121573882382,3,time
067310,2021-09-13,2021-09-14,14278.0,13706.88,61,-38304.974966323934,-0.043929752195512206,1,stop
058470,2021-09-13,2021-09-14,38244.0,41303.520000000004,23,66556.68288907222,0.07557902878004885,1,target
032640,2021-09-10,2021-09-15,14750.0,14650.0,66,-10570.14056999993,-0.010845400400018024,3,time
033780,2021-09-10,2021-09-15,81500.0,81400.0,12,-5204.501939999987,-0.005315463045944546,3,time
214370,2021-09-14,2021-09-15,16060.0,15417.599999999999,55,-38847.77955740015,-0.04392975219551254,1,stop
100790,2021-09-13,2021-09-16,9417.0,9199.0,93,-23803.356928500114,-0.027148352098876893,3,time
323410,2021-09-15,2021-09-16,70100.0,67296.0,13,-40079.227341399994,-0.04392975219551232,1,stop
066970,2021-09-14,2021-09-17,150400.0,150800.0,5,-1087.7424999999348,-0.0014448043487037543,3,time
352820,2021-09-15,2021-09-17,282000.0,270720.0,3,-37207.31518799986,-0.043929752195512206,2,stop
064760,2021-09-16,2021-09-17,131100.0,141588.0,7,69438.64782119996,0.07557902878004863,1,target
247540,2021-09-15,2021-09-23,109383.0,116129.0,8,50222.71235280007,0.057327252704634235,3,time
083650,2021-09-17,2021-09-23,5090.0,4886.4,173,-38727.71339846018,-0.04392975219551254,1,stop
086520,2021-09-17,2021-09-23,20033.0,19231.68,44,-38766.5040036561,-0.04392975219551243,1,stop
028050,2021-09-16,2021-09-24,27300.0,26208.0,37,-44424.47880779987,-0.043929752195512206,3,stop
000150,2021-09-17,2021-09-24,101000.0,96960.0,8,-35536.06462400011,-0.04392975219551243,2,stop
319660,2021-09-23,2021-09-24,19075.0,18312.0,47,-39429.41873395012,-0.04392975219551243,1,stop
087010,2021-09-23,2021-09-24,12888.0,12372.48,69,-39110.42977761594,-0.04392975219551232,1,stop
131970,2021-09-24,2021-09-27,51000.0,48960.0,16,-35887.90684800001,-0.04392975219551232,1,stop
031980,2021-09-23,2021-09-28,11750.0,11800.0,76,129.10481000004802,0.00014440816426897207,3,time
010950,2021-09-24,2021-09-28,105500.0,113940.00000000001,8,63862.06686400017,0.07557902878004885,2,target
051910,2021-09-24,2021-09-29,770000.0,767000.0,1,-6146.769849999924,-0.007973647096804481,3,time
005830,2021-09-24,2021-09-29,62800.0,67824.0,13,61773.68647840014,0.07557902878004885,3,target
336260,2021-09-28,2021-09-29,53200.0,51072.0,17,-39775.7634232,-0.04392975219551232,1,stop
005290,2021-09-28,2021-09-29,32000.0,30720.0,28,-39406.329088,-0.04392975219551232,1,stop
078600,2021-09-27,2021-09-30,97800.0,101200.0,10,29891.7267,0.030529024772219637,3,time
083650,2021-09-29,2021-10-01,4800.0,4608.0,175,-36943.43351999996,-0.04392975219551232,2,stop
010170,2021-09-29,2021-10-01,2869.0,3098.52,294,63823.17456261604,0.07557902878004863,2,target
032830,2021-09-29,2021-10-05,73400.0,70464.0,11,-35509.67645719997,-0.04392975219551232,3,stop
009830,2021-09-29,2021-10-05,53459.0,54832.0,15,17247.999803249957,0.02148460790075224,3,time
082740,2021-10-01,2021-10-05,6228.0,5978.88,143,-39169.01150791196,-0.04392975219551232,1,stop
003670,2021-09-30,2021-10-06,169629.0,162843.84,6,-44761.983461171854,-0.043929752195512206,3,stop
141080,2021-10-01,2021-10-06,48200.0,46272.0,18,-38157.28919279983,-0.043929752195512095,2,stop
012450,2021-10-05,2021-10-06,52562.0,50459.52,15,-34675.37058354006,-0.04392975219551243,1,stop
263750,2021-10-05,2021-10-07,84100.0,90828.0,9,57271.56209640007,0.07557902878004863,2,target
078600,2021-10-06,2021-10-07,110900.0,106464.0,7,-34141.88981140009,-0.04392975219551243,1,stop
067310,2021-10-05,2021-10-08,11709.0,11506.0,70,-17527.115875499905,-0.02135961375522777,3,time
000880,2021-10-06,2021-10-12,35200.0,35000.0,25,-8591.675749999937,-0.009752051575607545,3,time
021240,2021-10-06,2021-10-12,74600.0,74200.0,11,-7750.011499999906,-0.009433473147159921,3,time
032830,2021-10-07,2021-10-12,72900.0,69984.0,11,-35267.78492820007,-0.04392975219551243,2,stop
042700,2021-10-08,2021-10-12,15100.0,14496.0,57,-37853.82527459995,-0.04392975219551232,1,stop
307950,2021-10-08,2021-10-12,104000.0,112320.00000000001,8,62954.075392000144,0.07557902878004885,1,target
068270,2021-10-12,2021-10-13,193518.0,185777.28,4,-34043.90175201604,-0.04392975219551243,1,stop
005290,2021-10-12,2021-10-13,33900.0,32544.0,24,-35782.35418080003,-0.04392975219551232,1,stop
010130,2021-10-12,2021-10-14,537000.0,579960.0,1,40632.61837200017,0.07557902878004907,2,target
319400,2021-10-12,2021-10-15,3085.0,3331.8,273,63726.24647298013,0.07557902878004885,3,target
086280,2021-10-12,2021-10-15,85533.0,89285.0,9,30513.668182199937,0.03959305272068092,3,time
034020,2021-10-14,2021-10-15,21523.0,23244.84,29,47228.19275865203,0.07557902878004863,1,target
010170,2021-10-13,2021-10-18,3031.0,3002.0,329,-13599.593596749939,-0.013622125567375964,3,time
009830,2021-10-13,2021-10-18,55642.0,54645.0,17,-20775.578255350003,-0.021938263600408514,3,time
083650,2021-10-18,2021-10-19,5150.0,4944.0,192,-43487.698886400205,-0.04392975219551254,1,stop
222800,2021-10-15,2021-10-20,28450.0,29000.0,27,11658.189127500053,0.015159533770142897,3,time
336260,2021-10-15,2021-10-20,52100.0,51900.0,15,-6193.899149999954,-0.00791654948310716,3,time
180640,2021-10-15,2021-10-20,58800.0,57000.0,13,-26463.679710000055,-0.034580425792662406,3,time
357780,2021-10-18,2021-10-21,266400.0,257100.0,3,-31093.03084500006,-0.038860498347825345,3,time
263750,2021-10-20,2021-10-21,97300.0,105084.0,8,58898.380150399986,0.07557902878004863,1,target
021240,2021-10-19,2021-10-22,84100.0,82800.0,13,-21330.740015000105,-0.01948800388659866,3,time
298380,2021-10-20,2021-10-25,20550.0,22194.0,37,57532.609644600074,0.07557902878004863,3,target
352820,2021-10-20,2021-10-25,326000.0,326000.0,2,-2672.0263999999734,-0.004093491870325261,3,time
307950,2021-10-21,2021-10-26,122500.0,121500.0,7,-10493.570150000043,-0.012223340916281966,3,time
086790,2021-10-21,2021-10-26,45500.0,47350.0,19,31503.482142499997,0.036399410108573615,3,time
017670,2021-10-25,2021-10-26,54435.0,52257.6,13,-31122.863628089894,-0.043929752195512206,1,stop
214370,2021-10-22,2021-10-27,13680.0,13640.0,80,-7675.636320000049,-0.007005499204037924,3,time
095340,2021-10-25,2021-10-28,24800.0,26784.0,29,54418.955555199995,0.07557902878004863,3,target
034020,2021-10-26,2021-10-28,24564.0,23581.44,33,-35650.94111013622,-0.04392975219551265,2,stop
000150,2021-10-26,2021-10-28,105500.0,101280.0,7,-32479.43530299992,-0.043929752195512206,2,stop
336260,2021-10-27,2021-10-28,54200.0,52032.0,22,-52442.083487200085,-0.04392975219551243,1,stop
042660,2021-10-26,2021-10-29,22432.0,22921.0,36,14242.592921400093,0.017616488625190607,3,time
298380,2021-10-28,2021-10-29,23100.0,22176.0,36,-36573.99918479996,-0.04392975219551232,1,stop
267270,2021-10-28,2021-10-29,42900.0,41184.0,19,-35848.32459779992,-0.043929752195512206,1,stop
082740,2021-10-28,2021-11-01,6816.0,7361.280000000001,124,63951.655355904135,0.07557902878004885,2,target
010140,2021-10-28,2021-11-01,6460.0,6201.599999999999,131,-37218.7500602802,-0.04392975219551254,2,stop
067310,2021-10-29,2021-11-01,15408.0,16640.64,53,61790.63565254386,0.07557902878004841,1,target
007660,2021-10-29,2021-11-01,4127.0,3961.92,198,-35938.3082465881,-0.04392975219551243,1,stop
039030,2021-10-29,2021-11-03,107600.0,108000.0,7,-295.01878000004217,-0.000391237193263394,3,time
086520,2021-11-01,2021-11-03,18594.0,20081.52,46,64718.908149744035,0.07557902878004863,2,target
196170,2021-11-02,2021-11-03,61725.0,66663.0,14,65386.73587740003,0.07557902878004863,1,target
241560,2021-11-03,2021-11-04,41700.0,40032.0,21,-38513.52944459999,-0.04392975219551232,1,stop
237690,2021-11-02,2021-11-05,92300.0,88608.0,9,-36534.41693459998,-0.04392975219551232,3,stop
058470,2021-11-02,2021-11-05,36020.0,35721.0,23,-10251.921032150043,-0.012360455943917104,3,time
161390,2021-11-03,2021-11-05,43650.0,41904.0,20,-38394.78269400005,-0.04392975219551243,2,stop
141080,2021-11-03,2021-11-08,47950.0,46650.0,18,-26868.172050000052,-0.031094085417115336,3,time
138040,2021-11-04,2021-11-08,35450.0,34032.0,25,-38977.521377499914,-0.043929752195512206,2,stop
064760,2021-11-05,2021-11-08,128500.0,123360.0,6,-33908.79433800001,-0.04392975219551232,1,stop
000150,2021-11-05,2021-11-09,126000.0,136080.0,6,57203.462736000074,0.07557902878004863,2,target
298040,2021-11-05,2021-11-10,69000.0,68400.0,11,-9691.076669999864,-0.012753548462757114,3,time
007660,2021-11-08,2021-11-10,4381.0,4205.76,197,-37957.48678984598,-0.04392975219551232,2,stop
222800,2021-11-08,2021-11-11,37300.0,40284.0,23,64913.82365240005,0.07557902878004863,3,target
178320,2021-11-08,2021-11-11,19124.0,19124.0,45,-3526.828956000041,-0.004093491870325372,3,time
259960,2021-11-10,2021-11-11,465500.0,502740.00000000006,1,35222.50251800008,0.07557902878004885,1,target
323410,2021-11-09,2021-11-12,55700.0,60156.00000000001,14,59004.31248880015,0.07557902878004885,3,target
353200,2021-11-11,2021-11-12,18900.0,20412.0,46,65783.98214639991,0.07557902878004863,1,target
247540,2021-11-10,2021-11-15,134585.0,139478.0,6,25962.113666099962,0.03211389041060109,3,time
001440,2021-11-12,2021-11-15,16459.0,15800.64,53,-38365.18396690604,-0.04392975219551243,1,stop
086520,2021-11-12,2021-11-15,29097.0,27933.12,30,-38390.82446898008,-0.04392975219551243,1,stop
011070,2021-11-12,2021-11-15,234000.0,252720.00000000003,3,53117.501112000085,0.07557902878004885,1,target
058610,2021-11-11,2021-11-16,9930.0,10150.0,88,15721.754664000124,0.01797090206608254,3,time
036930,2021-11-15,2021-11-16,12350.0,13338.0,70,65413.218961999984,0.07557902878004863,1,target
005290,2021-11-15,2021-11-16,35150.0,37962.0,24,63831.80048159999,0.07557902878004863,1,target
080220,2021-11-16,2021-11-17,6050.0,5808.0,155,-41242.505694500054,-0.04392975219551243,1,stop
141080,2021-11-16,2021-11-17,46050.0,49734.0,20,69688.3454760001,0.07557902878004885,1,target
042660,2021-11-15,2021-11-18,23454.0,23187.0,36,-13043.953924200148,-0.015430877291602196,3,time
323410,2021-11-15,2021-11-18,62300.0,64500.0,13,25196.553590000025,0.031074956249823815,3,time
263750,2021-11-17,2021-11-18,142200.0,136512.0,6,-37523.97318959993,-0.043929752195512206,1,stop
257720,2021-11-17,2021-11-18,3500.0,3360.0,279,-42946.741466999985,-0.04392975219551232,1,stop
131970,2021-11-16,2021-11-19,45250.0,48250.0,20,56114.24599999993,0.061933458944901654,3,time
079550,2021-11-18,2021-11-19,60400.0,65232.00000000001,14,63983.13239360007,0.07557902878004863,1,target
084370,2021-11-18,2021-11-22,48000.0,51840.0,18,65375.38598400017,0.07557902878004885,2,target
319660,2021-11-18,2021-11-22,22400.0,24192.0,39,66101.77916160005,0.07557902878004863,2,target
007660,2021-11-19,2021-11-22,4687.0,4499.5199999999995,209,-43082.33266407426,-0.04392975219551265,1,stop
034220,2021-11-18,2021-11-23,20149.0,20334.0,43,4380.839094850118,0.005050520438175887,3,time
011070,2021-11-19,2021-11-23,290000.0,278400.0,3,-38262.841860000044,-0.04392975219551243,2,stop
064760,2021-11-22,2021-11-23,143000.0,137280.0,6,-37735.078523999895,-0.043929752195512206,1,stop
095340,2021-11-22,2021-11-24,29600.0,28416.0,32,-41658.11932160007,-0.04392975219551243,2,stop
218410,2021-11-22,2021-11-24,30800.0,33264.0,31,72245.85478879989,0.07557902878004841,2,target
080220,2021-11-23,2021-11-24,6790.0,6518.4,131,-39120.01747821993,-0.043929752195512206,1,stop
240810,2021-11-23,2021-11-24,44000.0,42240.0,20,-38702.644639999955,-0.04392975219551232,1,stop
357780,2021-11-23,2021-11-24,281000.0,269760.0,3,-37075.37435399997,-0.04392975219551232,1,stop
003670,2021-11-24,2021-11-25,146366.0,158075.28,6,66449.53989537607,0.07557902878004863,1,target
100790,2021-11-24,2021-11-25,7854.0,8482.32,114,67747.96770033613,0.07557902878004885,1,target
036930,2021-11-24,2021-11-25,17050.0,16368.0,52,-38992.914474799996,-0.04392975219551232,1,stop
178320,2021-11-24,2021-11-26,22203.0,21314.88,40,-39059.76449735998,-0.04392975219551232,2,stop
237690,2021-11-25,2021-11-26,101300.0,109404.0,9,68984.65208519995,0.07557902878004863,1,target
098460,2021-11-24,2021-11-29,20300.0,19488.0,44,-39283.184309600154,-0.04392975219551254,3,stop
010170,2021-11-25,2021-11-29,2412.0,2315.52,388,-41159.207047968055,-0.04392975219551243,2,stop
323410,2021-11-26,2021-11-29,68500.0,65760.0,14,-42177.08660199982,-0.043929752195512095,1,stop
047050,2021-11-26,2021-11-29,20800.0,19968.0,48,-43909.90955520002,-0.04392975219551232,1,stop
034730,2021-11-25,2021-11-30,258500.0,259500.0,3,-186.99824999994598,-0.00024085547523944317,3,time
003230,2021-11-29,2021-11-30,83400.0,80064.0,11,-40347.507037200034,-0.04392975219551232,1,stop
226950,2021-11-29,2021-11-30,40900.0,39264.0,22,-39573.45414440008,-0.04392975219551243,1,stop
078600,2021-11-29,2021-12-01,121500.0,116640.0,7,-37405.22643899999,-0.04392975219551232,2,stop
017670,2021-11-30,2021-12-01,57100.0,54816.0,15,-37669.10810700001,-0.04392975219551232,1,stop
307950,2021-11-30,2021-12-01,116000.0,111360.0,7,-35711.985736,-0.04392975219551232,1,stop
218410,2021-11-30,2021-12-01,34500.0,33120.0,25,-37932.98977500014,-0.04392975219551254,1,stop
007660,2021-11-30,2021-12-01,5153.0,4946.88,171,-38753.79370331415,-0.04392975219551254,1,stop
237690,2021-12-01,2021-12-02,125500.0,120480.0,6,-33117.14933399996,-0.04392975219551232,1,stop
011070,2021-12-01,2021-12-02,318000.0,305280.0,2,-27971.456807999988,-0.04392975219551232,1,stop
180640,2021-12-02,2021-12-03,54100.0,58428.00000000001,15,61402.923294000095,0.07557902878004885,1,target
064760,2021-12-01,2021-12-06,145800.0,147400.0,5,4988.827800000086,0.0068355233080525934,3,time
131970,2021-12-02,2021-12-07,47650.0,50500.0,17,44987.420067499974,0.055472794555059046,3,time
005490,2021-12-02,2021-12-07,276500.0,288500.0,3,32494.413300000015,0.039128490399316984,3,time
028260,2021-12-02,2021-12-07,108500.0,115500.0,7,45742.96265,0.06015854091223427,3,time
036930,2021-12-03,2021-12-08,19750.0,18960.0,53,-46036.3559965,-0.04392975219551232,3,stop
080220,2021-12-07,2021-12-08,6680.0,7214.400000000001,128,64697.41901824006,0.07557902878004863,1,target
352820,2021-12-06,2021-12-09,347500.0,354500.0,2,11110.478300000075,0.01596793419271858,3,time
196170,2021-12-07,2021-12-09,68398.0,73869.84000000001,12,62104.80070185603,0.07557902878004863,2,target
298380,2021-12-07,2021-12-10,23150.0,22600.0,37,-23800.320392500027,-0.027754337635825244,3,time
241560,2021-12-08,2021-12-13,42600.0,40896.0,23,-43091.876384400064,-0.04392975219551243,3,stop
000720,2021-12-08,2021-12-13,50900.0,49450.0,19,-31432.1504424999,-0.03246410948895051,3,time
247540,2021-12-09,2021-12-13,132806.0,127493.76,6,-35045.068800408044,-0.04392975219551243,2,stop
226950,2021-12-10,2021-12-13,43400.0,41664.0,20,-38174.88130399992,-0.043929752195512206,1,stop
051910,2021-12-09,2021-12-14,759000.0,728640.0,1,-33381.031001999974,-0.04392975219551232,3,stop
326030,2021-12-13,2021-12-14,106500.0,102240.0,8,-37471.196855999995,-0.04392975219551232,1,stop
108490,2021-12-14,2021-12-15,15678.0,15050.88,52,-35855.18552116805,-0.04392975219551243,1,stop
082740,2021-12-14,2021-12-15,6793.0,6521.28,121,-36149.72144293401,-0.04392975219551232,1,stop
003230,2021-12-13,2021-12-16,93200.0,93600.0,9,151.81686000002082,0.00018078498860041314,3,time
018260,2021-12-13,2021-12-16,161500.0,158500.0,5,-18265.07574999996,-0.022593303166851708,3,time
043260,2021-12-13,2021-12-16,1600.0,1600.0,543,-3560.516159999883,-0.004093491870325261,3,time
087010,2021-12-15,2021-12-16,10417.0,11250.36,75,59115.91977389995,0.07557902878004863,1,target
298380,2021-12-15,2021-12-17,23800.0,22848.0,33,-34542.11034120002,-0.04392975219551232,2,stop
090430,2021-12-16,2021-12-17,188000.0,180480.0,4,-33073.169055999955,-0.04392975219551232,1,stop
011070,2021-12-16,2021-12-20,332000.0,318720.0,2,-29202.90459199983,-0.043929752195512095,2,stop
108490,2021-12-17,2021-12-20,18161.0,17434.559999999998,51,-40735.017266658135,-0.04392975219551243,1,stop
277810,2021-12-17,2021-12-20,22650.0,21744.0,40,-39846.131868000026,-0.04392975219551232,1,stop
307950,2021-12-16,2021-12-21,132000.0,126720.0,6,-34832.380176000064,-0.04392975219551243,3,stop
033780,2021-12-16,2021-12-21,84100.0,85200.0,9,6768.886725000106,0.008932633681906,3,time
079550,2021-12-20,2021-12-21,63100.0,60576.0,12,-33301.866501600016,-0.04392975219551232,1,stop
138040,2021-12-20,2021-12-21,35450.0,38286.0,22,59011.87908440002,0.07557902878004863,1,target
000250,2021-12-21,2021-12-22,45500.0,43680.0,17,-34018.745033000014,-0.04392975219551232,1,stop
000150,2021-12-20,2021-12-23,120500.0,115680.0,6,-31797.740993999876,-0.043929752195512206,3,stop
005290,2021-12-22,2021-12-23,42100.0,45468.0,18,57339.661456800066,0.07557902878004863,1,target
031980,2021-12-22,2021-12-23,14450.0,15606.000000000002,55,60135.51853100024,0.07557902878004885,1,target
047050,2021-12-22,2021-12-27,22900.0,22850.0,34,-4885.846834999858,-0.00626796022868692,3,time
039030,2021-12-22,2021-12-27,115100.0,118100.0,6,15116.71817999985,0.021864106082663426,3,time
353200,2021-12-23,2021-12-28,22800.0,24624.0,37,63831.80048159999,0.07557902878004863,3,target
012330,2021-12-23,2021-12-28,252000.0,265500.0,3,37282.364775000024,0.04925864249376444,3,time
036930,2021-12-23,2021-12-28,21000.0,21700.0,40,24474.966600000043,0.02910339173399712,3,time
108490,2021-12-28,2021-12-29,21959.0,21080.64,39,-37664.75405947794,-0.04392975219551232,1,stop
145020,2021-12-28,2021-12-29,164000.0,157440.0,5,-36063.82795999991,-0.043929752195512206,1,stop
083650,2021-12-27,2021-12-30,4155.0,4120.0,189,-9813.79461824987,-0.01248259603026225,3,time
009150,2021-12-27,2021-12-30,196500.0,197500.0,4,767.0226000000257,0.0009747346341513197,3,time
031980,2021-12-28,2021-12-30,16850.0,18198.0,50,63748.56793000002,0.07557902878004863,2,target
086520,2021-12-29,2021-12-30,23286.0,22354.559999999998,35,-35844.36637277994,-0.04392975219551232,1,stop
066970,2021-12-29,2022-01-03,223800.0,214848.0,3,-29528.35864920006,-0.04392975219551243,2,stop
096770,2021-12-30,2022-01-05,235163.0,253976.04,3,53381.49963248405,0.07557902878004863,3,target
010170,2021-12-30,2022-01-05,2242.0,2191.0,380,-22814.36926299997,-0.02674792180547847,3,time
034220,2021-12-30,2022-01-05,22413.0,22460.0,38,-1709.6775680999272,-0.002005078633271151,3,time
028050,2021-12-30,2022-01-05,23000.0,23150.0,37,2046.0701224999502,0.00240155057399849,3,time
095340,2022-01-03,2022-01-05,35350.0,33936.0,22,-34203.46220060007,-0.04392975219551243,2,stop
005830,2022-01-05,2022-01-06,56700.0,61236.00000000001,14,60063.635872800136,0.07557902878004885,1,target
402340,2022-01-05,2022-01-06,69700.0,66912.0,11,-33719.67914260004,-0.04392975219551243,1,stop
082740,2022-01-05,2022-01-06,6832.0,7378.56,118,61000.07774425612,0.07557902878004885,1,target
010950,2022-01-05,2022-01-07,91100.0,98388.0,8,55145.348732799874,0.07557902878004841,2,target
267270,2022-01-06,2022-01-07,46200.0,44352.0,18,-36573.99918479996,-0.04392975219551232,1,stop
032820,2022-01-06,2022-01-07,1830.0,1756.8,476,-38310.34056024009,-0.04392975219551243,1,stop
009540,2022-01-05,2022-01-10,99200.0,102500.0,8,23069.83996000013,0.02903646253318204,3,time
030200,2022-01-06,2022-01-11,30750.0,30650.0,28,-6320.295660000062,-0.007332212221966672,3,time
329180,2022-01-07,2022-01-11,111500.0,107040.0,7,-34326.6069789998,-0.043929752195512095,2,stop
028050,2022-01-07,2022-01-12,24600.0,24350.0,33,-11552.59734749992,-0.014214492969204073,3,time
042660,2022-01-07,2022-01-12,22521.0,21620.16,36,-35657.27427016792,-0.043929752195512206,3,stop
277810,2022-01-10,2022-01-12,24700.0,23712.0,35,-38020.95033099991,-0.043929752195512206,2,stop
316140,2022-01-11,2022-01-13,13850.0,14958.000000000002,58,60782.462454800145,0.07557902878004885,2,target
043260,2022-01-12,2022-01-13,1790.0,1718.3999999999999,448,-35268.66453376005,-0.04392975219551243,1,stop
032820,2022-01-11,2022-01-14,2155.0,2068.7999999999997,374,-35446.784659659956,-0.04392975219551232,3,stop
214150,2022-01-12,2022-01-14,17500.0,16800.0,45,-34634.468924999936,-0.043929752195512206,2,stop
051910,2022-01-12,2022-01-14,750000.0,720000.0,1,-32985.20849999995,-0.04392975219551232,2,stop
001440,2022-01-13,2022-01-14,16032.0,15390.72,53,-37369.86629548797,-0.04392975219551232,1,stop
079550,2022-01-14,2022-01-17,71900.0,69024.0,10,-31621.81988199998,-0.04392975219551232,1,stop
006260,2022-01-14,2022-01-17,57900.0,55584.0,13,-33103.9552506,-0.04392975219551232,1,stop
066570,2022-01-14,2022-01-17,145500.0,139680.0,5,-31995.65224499989,-0.043929752195512206,1,stop
096770,2022-01-13,2022-01-18,264190.0,267634.0,3,7053.430373399984,0.008889217596341092,3,time
012450,2022-01-14,2022-01-19,53376.0,52460.0,14,-15848.631531599909,-0.02118451333028437,3,time
084370,2022-01-17,2022-01-19,53400.0,51264.0,14,-32879.65583279997,-0.04392975219551232,2,stop
036930,2022-01-17,2022-01-19,23600.0,22656.0,32,-33213.90594560001,-0.04392975219551232,2,stop
095340,2022-01-17,2022-01-20,35400.0,33984.0,21,-32694.93866519991,-0.043929752195512206,3,stop
009150,2022-01-19,2022-01-21,189000.0,181440.0,3,-24936.817626000033,-0.04392975219551243,2,stop
402340,2022-01-19,2022-01-24,62200.0,59712.0,12,-32826.87949920003,-0.04392975219551243,3,stop
006400,2022-01-19,2022-01-24,661825.0,667700.0,1,3145.3889912500745,0.004747139316562343,3,time
257720,2022-01-19,2022-01-24,3108.0,3067.0,240,-12867.920532000018,-0.01723125468670783,3,time
078600,2022-01-21,2022-01-24,104100.0,99936.0,6,-27470.081638800097,-0.04392975219551243,1,stop
068270,2022-01-20,2022-01-25,146659.0,140792.63999999998,6,-38700.62154721224,-0.04392975219551265,3,stop
100790,2022-01-24,2022-01-25,8400.0,8064.0,81,-29924.181151200086,-0.04392975219551243,1,stop
377300,2022-01-24,2022-01-25,146000.0,140160.0,4,-25684.482351999963,-0.04392975219551232,1,stop
021240,2022-01-24,2022-01-25,72700.0,69792.0,9,-28776.29589539999,-0.04392975219551232,1,stop
098460,2022-01-25,2022-01-27,21650.0,20784.0,32,-30469.53659839998,-0.04392975219551232,2,stop
214370,2022-01-25,2022-01-27,13280.0,12748.8,52,-30371.020775679965,-0.04392975219551232,2,stop
058470,2022-01-26,2022-01-27,37683.0,36175.68,18,-29831.558685731958,-0.04392975219551232,1,stop
222800,2022-01-26,2022-01-27,45800.0,43968.0,15,-30214.45098600001,-0.04392975219551232,1,stop
000500,2022-01-27,2022-01-28,18529.0,17787.84,36,-29336.780558231985,-0.04392975219551232,1,stop
034020,2022-01-27,2022-01-28,18100.0,17376.0,37,-29453.59217660001,-0.04392975219551232,1,stop
021240,2022-01-27,2022-01-28,74300.0,71328.0,9,-29409.61189859989,-0.043929752195512206,1,stop
298040,2022-01-28,2022-02-03,48300.0,52164.0,13,47510.65377239999,0.07557902878004863,1,target
032820,2022-01-27,2022-02-04,1870.0,2019.6000000000001,359,50796.82624148007,0.07557902878004863,3,target
267260,2022-02-03,2022-02-04,17750.0,19170.0,37,49693.616603000206,0.07557902878004885,1,target
108490,2022-02-03,2022-02-04,24053.0,25977.24,27,49139.81747103599,0.07557902878004863,1,target
000720,2022-02-03,2022-02-08,42450.0,41800.0,15,-12330.785362499999,-0.019342943702699622,3,time
067310,2022-02-03,2022-02-08,15942.0,15304.32,41,-28746.477266916074,-0.04392975219551243,3,stop
032640,2022-02-04,2022-02-09,13400.0,13500.0,54,2418.623009999981,0.0033386462500453185,3,time
003230,2022-02-04,2022-02-09,89500.0,96660.0,8,54176.82449599996,0.07557902878004863,3,target
145020,2022-02-04,2022-02-09,142600.0,152400.0,5,45933.52894999995,0.06434889087631412,3,time
100790,2022-02-08,2022-02-09,9620.0,9235.199999999999,66,-27923.958107759943,-0.043929752195512206,1,stop
326030,2022-02-09,2022-02-10,88700.0,85152.0,8,-31208.405268800096,-0.04392975219551243,1,stop
323410,2022-02-09,2022-02-10,45250.0,43440.0,16,-31841.721271999995,-0.04392975219551232,1,stop
079550,2022-02-08,2022-02-11,64200.0,61632.0,9,-25411.8046283999,-0.043929752195512206,3,stop
214450,2022-02-10,2022-02-11,82000.0,78720.0,8,-28851.062367999926,-0.043929752195512206,1,stop
009830,2022-02-10,2022-02-11,44289.0,42517.439999999995,16,-31165.48051747214,-0.04392975219551254,1,stop
011200,2022-02-09,2022-02-14,24800.0,25000.0,29,2835.4758699999657,0.0039380122274945695,3,time
051910,2022-02-11,2022-02-14,645000.0,619200.0,1,-28367.279309999896,-0.043929752195512206,1,stop
036930,2022-02-11,2022-02-14,21550.0,20688.0,30,-28433.2497269999,-0.043929752195512206,1,stop
039490,2022-02-10,2022-02-15,96800.0,96300.0,7,-6266.62214500003,-0.00923763705694558,3,time
090430,2022-02-11,2022-02-16,177500.0,181000.0,3,8286.753975000116,0.015544101247724873,3,time
010950,2022-02-15,2022-02-16,90700.0,87072.0,10,-39890.11214600003,-0.04392975219551232,1,stop
247540,2022-02-14,2022-02-17,80697.0,87152.76000000001,8,48848.1252106562,0.07557902878004885,3,target
035720,2022-02-14,2022-02-17,90300.0,90600.0,7,-496.66312500007916,-0.0007848323748780306,3,time
005490,2022-02-14,2022-02-17,287500.0,283000.0,2,-11329.93254999991,-0.01968159373670275,3,time
031980,2022-02-16,2022-02-17,13900.0,15012.000000000002,50,52587.83942000009,0.07557902878004885,1,target
259960,2022-02-16,2022-02-17,286000.0,274560.0,2,-25156.71901599993,-0.043929752195512206,1,stop
196170,2022-02-17,2022-02-18,42540.0,40838.4,15,-28063.815391800017,-0.04392975219551232,1,stop
214150,2022-02-17,2022-02-18,17450.0,18846.0,38,50174.09542359994,0.07557902878004863,1,target
141080,2022-02-17,2022-02-18,43950.0,42192.0,15,-28993.998271499993,-0.04392975219551232,1,stop
214450,2022-02-17,2022-02-21,81200.0,87696.0,8,49152.6050176,0.07557902878004863,2,target
011200,2022-02-18,2022-02-21,27350.0,29538.000000000004,24,49667.13351840014,0.07557902878004885,1,target
319660,2022-02-17,2022-02-22,23775.0,24050.0,27,4772.3736937501235,0.007425931462405,3,time
001440,2022-02-18,2022-02-22,13443.0,12905.279999999999,50,-29561.34385770012,-0.04392975219551254,2,stop
323410,2022-02-18,2022-02-23,48550.0,47100.0,13,-21381.00818749983,-0.033837352566267964,3,time
000150,2022-02-21,2022-02-23,95300.0,102924.0,7,50476.759247599985,0.07557902878004863,2,target
079550,2022-02-22,2022-02-23,64600.0,62016.0,10,-28411.2595879999,-0.043929752195512206,1,stop
034020,2022-02-21,2022-02-24,18050.0,18100.0,40,-964.796500000055,-0.0013347480804924983,3,time
329180,2022-02-23,2022-02-24,103000.0,111240.00000000001,6,46761.56080800004,0.07557902878004863,1,target
352820,2022-02-22,2022-02-25,270000.0,291600.0,2,40859.61624000012,0.07557902878004885,3,target
011200,2022-02-23,2022-02-25,31350.0,30096.0,22,-30333.197736600065,-0.04392975219551243,2,stop
067310,2022-02-23,2022-02-28,15770.0,16028.0,45,8667.485509500024,0.012199715428181657,3,time
042660,2022-02-24,2022-02-28,23587.0,22643.52,31,-32158.247332765954,-0.04392975219551232,2,stop
036930,2022-02-25,2022-02-28,22700.0,24516.0,27,46375.66443240002,0.07557902878004863,1,target
082740,2022-02-24,2022-03-02,7436.0,7845.0,100,37732.00323500007,0.05068404468495147,3,time
010950,2022-02-25,2022-03-02,83600.0,90288.0,7,44279.71745119989,0.07557902878004841,2,target
086520,2022-02-28,2022-03-02,15397.0,16628.760000000002,46,53591.32132847211,0.07557902878004885,1,target
012450,2022-02-28,2022-03-02,51034.0,55116.72,14,54061.50957905606,0.07557902878004863,1,target
108490,2022-02-28,2022-03-04,25076.0,26195.0,28,28362.170727799996,0.04034818074879665,3,time
001440,2022-03-02,2022-03-04,14533.0,13951.68,50,-31958.269008700037,-0.04392975219551243,2,stop
010130,2022-03-02,2022-03-07,553000.0,577000.0,1,21662.94220000005,0.039128490399316984,3,time
047810,2022-03-02,2022-03-07,37550.0,38350.0,19,12231.328849999933,0.01712422334948127,3,time
021240,2022-03-02,2022-03-07,71600.0,68736.0,10,-31489.87904800009,-0.04392975219551243,3,stop
298380,2022-03-04,2022-03-07,29900.0,28704.0,28,-36820.28874160012,-0.04392975219551243,1,stop
011200,2022-03-07,2022-03-08,35800.0,34368.0,20,-31489.87904800009,-0.04392975219551243,1,stop
028050,2022-03-07,2022-03-08,25450.0,27486.0,28,53919.56024559995,0.07557902878004863,1,target
012450,2022-03-07,2022-03-08,58775.0,56424.0,12,-31019.290073399898,-0.043929752195512206,1,stop
068270,2022-03-04,2022-03-10,149760.0,153306.0,5,14608.998913499992,0.019487467516879686,3,time
307950,2022-03-08,2022-03-10,116000.0,125280.00000000001,6,52663.505376000074,0.07557902878004863,1,target
047050,2022-03-08,2022-03-10,23000.0,22080.0,31,-31357.93821400008,-0.04392975219551243,1,stop
017670,2022-03-07,2022-03-11,55600.0,57100.0,12,15212.61606000003,0.022774489464108427,3,time
267270,2022-03-08,2022-03-14,36350.0,39258.0,20,55009.150012000115,0.07557902878004885,3,target
141080,2022-03-10,2022-03-14,45600.0,49248.0,16,55205.88149759988,0.07557902878004841,2,target
011070,2022-03-10,2022-03-14,356000.0,341760.0,2,-31313.957935999963,-0.04392975219551232,2,stop
214150,2022-03-10,2022-03-15,19550.0,21114.0,38,56212.238712399965,0.07557902878004863,3,target
083650,2022-03-14,2022-03-15,5600.0,5376.0,137,-33741.66928160004,-0.04392975219551243,1,stop
034020,2022-03-14,2022-03-15,23500.0,22560.0,32,-33073.169055999955,-0.04392975219551232,1,stop
000150,2022-03-14,2022-03-15,126500.0,121440.0,6,-33381.031001999974,-0.04392975219551232,1,stop
035720,2022-03-11,2022-03-16,100000.0,104000.0,7,25048.714600000065,0.035742768454861684,3,time
017670,2022-03-15,2022-03-16,59800.0,57408.0,12,-31560.247492800117,-0.04392975219551254,1,stop
214370,2022-03-16,2022-03-17,11760.0,11289.6,62,-32066.900295360014,-0.04392975219551232,1,stop
028300,2022-03-16,2022-03-17,27849.0,30076.920000000002,26,54787.75142474403,0.07557902878004863,1,target
241560,2022-03-15,2022-03-18,39250.0,39000.0,19,-7792.229412500048,-0.010436845425291441,3,time
032640,2022-03-15,2022-03-18,13950.0,13550.0,53,-24167.50550999993,-0.032649950884796164,3,time
267260,2022-03-15,2022-03-18,20600.0,20500.0,36,-6628.612139999983,-0.008927989482605314,3,time
180640,2022-03-17,2022-03-21,56200.0,60696.00000000001,13,55281.54745359998,0.07557902878004863,2,target
011070,2022-03-17,2022-03-21,371000.0,400680.0,2,56144.139352000086,0.07557902878004885,2,target
237690,2022-03-18,2022-03-22,110800.0,106368.0,6,-29238.088814399904,-0.043929752195512206,2,stop
047810,2022-03-18,2022-03-22,38950.0,42066.0,18,53049.40175159997,0.07557902878004863,2,target
353200,2022-03-21,2022-03-22,26450.0,28566.000000000004,32,64043.66515840008,0.07557902878004863,1,target
003670,2022-03-18,2022-03-23,103715.0,107594.0,7,24097.637907350087,0.03315397807167941,3,time
005290,2022-03-21,2022-03-24,36950.0,39500.0,23,54994.24159750005,0.0646361859572977,3,time
214370,2022-03-23,2022-03-24,11920.0,12873.6,66,59527.920904319966,0.07557902878004863,1,target
007660,2022-03-23,2022-03-24,7216.0,6927.36,110,-34909.78546528006,-0.04392975219551243,1,stop
064760,2022-03-22,2022-03-25,125500.0,127800.0,6,10673.372310000006,0.014158181187031271,3,time
039030,2022-03-22,2022-03-25,101100.0,109188.0,7,53548.79706120002,0.07557902878004863,3,target
319400,2022-03-25,2022-03-28,3960.0,3801.6,203,-35354.86587863986,-0.043929752195512206,1,stop
180640,2022-03-25,2022-03-28,63100.0,60576.0,12,-33301.866501600016,-0.04392975219551232,1,stop
247540,2022-03-24,2022-03-29,95398.0,94756.0,8,-8248.53948399995,-0.010795644726981135,3,time
108490,2022-03-24,2022-03-29,28825.0,27672.0,29,-36764.213887149934,-0.043929752195512206,3,stop
032820,2022-03-24,2022-03-29,2665.0,2558.4,315,-36920.343874049955,-0.04392975219551232,3,stop
373220,2022-03-28,2022-03-31,439000.0,442000.0,1,1192.0460500000045,0.00271224736518505,3,time
003670,2022-03-28,2022-03-31,113893.0,116802.0,6,14602.006979700061,0.02134347117524582,3,time
078930,2022-03-29,2022-04-01,42750.0,43950.0,21,21446.550090000033,0.023861778533314615,3,time
010950,2022-03-29,2022-04-01,96500.0,98300.0,9,12592.954890000052,0.014483002581834548,3,time
055550,2022-03-29,2022-04-01,41150.0,41450.0,22,2870.4424100001343,0.003167065904617683,3,time
377300,2022-03-31,2022-04-01,150000.0,144000.0,4,-26388.166800000006,-0.04392975219551232,1,stop
087010,2022-03-31,2022-04-01,10611.0,10186.56,58,-27067.13433176407,-0.04392975219551243,1,stop
001440,2022-04-01,2022-04-04,17758.0,17047.68,43,-33583.07639913203,-0.04392975219551232,1,stop
000500,2022-04-01,2022-04-04,23068.0,22145.28,33,-33479.72274583217,-0.04392975219551254,1,stop
006400,2022-04-01,2022-04-04,577629.0,554523.84,1,-25404.28400086204,-0.04392975219551243,1,stop
352820,2022-04-04,2022-04-05,333000.0,319680.0,2,-29290.865147999953,-0.04392975219551232,1,stop
066970,2022-04-01,2022-04-06,223900.0,231000.0,3,18484.445595000056,0.02748728619006191,3,time
010170,2022-04-01,2022-04-06,2063.0,2046.0,377,-9577.485095750075,-0.012300186314438077,3,time
090430,2022-04-04,2022-04-06,169000.0,162240.0,4,-29730.667927999864,-0.043929752195512095,2,stop
003230,2022-04-04,2022-04-07,100000.0,105500.0,7,35517.760075,0.050681366076806844,3,time
058610,2022-04-05,2022-04-07,15450.0,14832.0,61,-41449.21300110011,-0.04392975219551243,2,stop
247540,2022-04-06,2022-04-07,100093.0,108100.44,7,53015.42773735605,0.07557902878004863,1,target
214370,2022-04-07,2022-04-08,20160.0,21772.800000000003,40,61017.02691840031,0.07557902878004907,1,target
086520,2022-04-06,2022-04-11,19093.0,18329.28,36,-30229.75612274406,-0.04392975219551243,3,stop
039030,2022-04-06,2022-04-11,112500.0,111200.0,6,-10543.29020999989,-0.015601744853157018,3,time
095340,2022-04-08,2022-04-11,31000.0,29760.0,30,-40901.65853999986,-0.043929752195512206,1,stop
000270,2022-04-07,2022-04-12,75500.0,76800.0,10,9867.534350000089,0.01305456721005327,3,time
241560,2022-04-07,2022-04-12,39400.0,38850.0,20,-14196.953050000011,-0.017995740080257394,3,time
003670,2022-04-11,2022-04-12,134249.0,128879.04,5,-29521.54170611,-0.04392975219551232,1,stop
247540,2022-04-11,2022-04-12,116573.0,111910.08,6,-30761.477683764067,-0.04392975219551243,1,stop
214370,2022-04-11,2022-04-13,22100.0,23868.0,33,55183.18171080004,0.07557902878004863,2,target
082740,2022-04-12,2022-04-14,7405.0,7997.400000000001,100,56030.64041800005,0.07557902878004863,2,target
017670,2022-04-12,2022-04-14,62000.0,59520.0,12,-32721.326831999933,-0.043929752195512206,2,stop
319400,2022-04-12,2022-04-14,3650.0,3942.0000000000005,204,56340.87083760009,0.07557902878004885,2,target
042660,2022-04-13,2022-04-14,22166.0,23939.280000000002,35,58702.40532436012,0.07557902878004885,1,target
032640,2022-04-12,2022-04-15,14600.0,14016.0,51,-32747.71499879996,-0.04392975219551232,3,stop
009540,2022-04-14,2022-04-18,90900.0,98172.0,8,55024.28320319997,0.07557902878004863,2,target
352820,2022-04-14,2022-04-18,299000.0,287040.0,2,-26300.206243999884,-0.043929752195512095,2,stop
010140,2022-04-14,2022-04-19,5990.0,6350.0,132,44139.54388799984,0.05576065552978848,3,time
307950,2022-04-14,2022-04-19,131000.0,135500.0,6,23699.217449999996,0.030117037034892435,3,time
241560,2022-04-18,2022-04-19,43300.0,41568.0,15,-28565.190561000025,-0.04392975219551232,1,stop
010120,2022-04-15,2022-04-20,9230.0,9130.0,105,-14440.816004999913,-0.014883378198924158,3,time
000250,2022-04-18,2022-04-20,37600.0,40608.0,18,51210.71902079997,0.07557902878004863,2,target
161390,2022-04-19,2022-04-20,35800.0,34368.0,21,-33064.37300039991,-0.043929752195512206,1,stop
131970,2022-04-19,2022-04-22,46700.0,48600.0,16,27248.204239999992,0.03642518833195263,3,time
007660,2022-04-19,2022-04-22,8168.0,8120.0,93,-7563.930981600075,-0.009946027667365631,3,time
240810,2022-04-20,2022-04-22,41200.0,39552.0,19,-34427.76161839999,-0.04392975219551232,2,stop
064760,2022-04-20,2022-04-22,124600.0,134568.0,6,56567.86870559992,0.07557902878004863,2,target
047050,2022-04-20,2022-04-25,24850.0,24600.0,32,-11235.304240000085,-0.014112672032595808,3,time
032820,2022-04-22,2022-04-25,2340.0,2246.4,341,-35093.62302732002,-0.04392975219551232,1,stop
058610,2022-04-22,2022-04-25,15750.0,15120.0,50,-34634.468924999936,-0.043929752195512206,1,stop
005830,2022-04-25,2022-04-26,69600.0,66816.0,11,-33671.3008367999,-0.043929752195512206,1,stop
131290,2022-04-22,2022-04-27,78900.0,81200.0,10,19698.71505,0.024938003296952838,3,time
010120,2022-04-22,2022-04-27,9580.0,9430.0,83,-15671.939525500056,-0.019687017571729526,3,time
079550,2022-04-25,2022-04-27,77900.0,84132.0,9,53049.40175159997,0.07557902878004863,2,target
095340,2022-04-25,2022-04-28,37000.0,35520.0,20,-32545.405719999806,-0.043929752195512095,3,stop
028050,2022-04-27,2022-04-28,24150.0,26082.0,33,60301.98363419995,0.07557902878004863,1,target
003670,2022-04-26,2022-04-29,125041.0,131826.0,6,37515.32672730007,0.04994658824467568,3,time
068270,2022-04-27,2022-04-29,145774.0,157435.92,5,55150.64534972026,0.07557902878004907,2,target
336260,2022-04-28,2022-04-29,36150.0,34704.0,23,-36567.40214309993,-0.043929752195512206,1,stop
086280,2022-04-27,2022-05-02,98788.0,106691.04000000001,8,59799.10769062408,0.07557902878004863,3,target
000100,2022-04-28,2022-05-03,55846.0,55389.0,15,-10267.812275250093,-0.012243212069001475,3,time
047040,2022-04-29,2022-05-04,7010.0,6750.0,113,-32539.693456999958,-0.041031536394393164,3,time
015760,2022-04-29,2022-05-04,22900.0,22950.0,34,-1495.8702049999265,-0.0019190235119634913,3,time
051910,2022-04-29,2022-05-04,506000.0,518000.0,1,9890.934200000018,0.01952484429085266,3,time
028300,2022-05-02,2022-05-06,27399.0,26303.039999999997,42,-50610.65675072395,-0.04392975219551232,3,stop
222800,2022-05-04,2022-05-06,53300.0,51168.0,12,-28129.78580880002,-0.04392975219551232,1,stop
010120,2022-05-03,2022-05-09,10020.0,9930.0,83,-10856.287078500143,-0.013038759907418429,3,time
298040,2022-05-04,2022-05-09,57600.0,62208.00000000001,11,47941.949721600045,0.07557902878004863,2,target
005290,2022-05-04,2022-05-10,40700.0,39072.0,16,-28639.95703359996,-0.04392975219551232,3,stop
001440,2022-05-09,2022-05-10,20892.0,20056.32,37,-33996.93081511208,-0.04392975219551243,1,stop
336260,2022-05-09,2022-05-10,39050.0,37488.0,19,-32631.167262100033,-0.04392975219551243,1,stop
078930,2022-05-06,2022-05-11,46300.0,46450.0,19,-763.5884824999375,-0.0008670129023026218,3,time
015760,2022-05-06,2022-05-11,22750.0,22100.0,40,-29652.712700000033,-0.032547963531173174,3,time
222800,2022-05-11,2022-05-12,49900.0,47904.0,15,-32919.23808300006,-0.04392975219551243,1,stop
267260,2022-05-11,2022-05-12,24600.0,23616.0,31,-33539.36000279989,-0.043929752195512206,1,stop
028300,2022-05-12,2022-05-13,27445.0,29640.600000000002,28,58146.260547760176,0.07557902878004885,1,target
000990,2022-05-11,2022-05-16,66700.0,72036.0,11,55516.111917199916,0.07557902878004841,3,target
353200,2022-05-11,2022-05-16,30450.0,30350.0,25,-5612.384624999948,-0.007364120796859552,3,time
298040,2022-05-11,2022-05-16,60200.0,60300.0,12,-1764.0773400000762,-0.002439162122601757,3,time
039030,2022-05-12,2022-05-17,110900.0,111400.0,7,308.24916500004474,0.00039661862620166133,3,time
036930,2022-05-16,2022-05-17,22550.0,21648.0,33,-32727.923873700085,-0.04392975219551243,1,stop
161390,2022-05-13,2022-05-18,35950.0,36150.0,24,1249.922399999923,0.0014470172152361016,3,time
003550,2022-05-16,2022-05-19,75000.0,74400.0,10,-9055.961699999985,-0.012060743935362717,3,time
131290,2022-05-16,2022-05-19,85100.0,81696.0,8,-29941.773262399947,-0.043929752195512206,3,stop
001440,2022-05-17,2022-05-19,19621.0,18836.16,40,-34517.48138551996,-0.04392975219551232,2,stop
357780,2022-05-18,2022-05-19,267400.0,256704.0,3,-35280.979011599906,-0.043929752195512206,1,stop
080220,2022-05-17,2022-05-20,5600.0,5750.0,141,17851.710022500134,0.0225825753117197,3,time
028300,2022-05-19,2022-05-23,44488.0,42708.479999999996,16,-31305.513722624048,-0.04392975219551243,2,stop
000250,2022-05-19,2022-05-23,40950.0,44226.0,18,55773.37616759993,0.07557902878004863,2,target
196170,2022-05-19,2022-05-23,42623.0,46032.840000000004,17,54826.87072399608,0.07557902878004863,2,target
353200,2022-05-19,2022-05-24,32150.0,31650.0,23,-14496.511415000074,-0.01958192901075584,3,time
066970,2022-05-20,2022-05-25,270000.0,259200.0,3,-35624.02518000011,-0.04392975219551243,3,stop
377300,2022-05-23,2022-05-25,94600.0,102168.0,8,57263.99550079997,0.07557902878004863,2,target
259960,2022-05-23,2022-05-26,255000.0,255000.0,3,-3135.122999999905,-0.004093491870325261,3,time
051910,2022-05-23,2022-05-26,547000.0,534000.0,1,-15203.390749999904,-0.02776220230119497,3,time
226950,2022-05-24,2022-05-27,23000.0,22800.0,42,-12334.097579999943,-0.012753548462757225,3,time
007660,2022-05-26,2022-05-27,7925.0,7608.0,82,-28580.58365829999,-0.04392975219551232,1,stop
277810,2022-05-25,2022-05-30,22600.0,22550.0,35,-4986.517112500034,-0.006296824852913163,3,time
058610,2022-05-25,2022-05-30,17750.0,17650.0,45,-7760.171025000047,-0.009704232761196807,3,time
319400,2022-05-26,2022-05-31,3900.0,3850.0,167,-10994.541442499962,-0.016861524025833963,3,time
009830,2022-05-27,2022-05-31,44040.0,47563.200000000004,17,56649.587938080076,0.07557902878004863,2,target
042660,2022-05-27,2022-06-02,19278.0,19856.0,40,19891.63710000005,0.025766138884885326,3,time
032830,2022-05-30,2022-06-03,69500.0,66720.0,11,-33622.922531000106,-0.04392975219551243,3,stop
003490,2022-05-30,2022-06-03,29600.0,29300.0,27,-11351.402234999929,-0.014187138912180042,3,time
003550,2022-05-31,2022-06-07,81900.0,80300.0,9,-17378.331300000078,-0.023549540869195806,3,time
035420,2022-05-31,2022-06-07,281500.0,278000.0,2,-9286.650249999948,-0.01647598841900677,3,time
226950,2022-06-03,2022-06-07,24100.0,23136.0,32,-33917.590393600054,-0.04392975219551243,1,stop
218410,2022-06-02,2022-06-08,30750.0,30850.0,32,-842.0625599999912,-0.0008547715186840721,3,time
161390,2022-06-03,2022-06-08,37600.0,36096.0,20,-33073.16905599984,-0.043929752195512095,2,stop
267270,2022-06-07,2022-06-08,46050.0,44208.0,14,-28354.08522660006,-0.04392975219551243,1,stop
267260,2022-06-07,2022-06-09,24500.0,23520.0,27,-29092.953897000058,-0.04392975219551243,2,stop
010170,2022-06-08,2022-06-09,2294.0,2202.24,346,-34908.20217527205,-0.04392975219551243,1,stop
180640,2022-06-07,2022-06-10,59600.0,61500.0,11,18151.605834999937,0.027655205536493144,3,time
047810,2022-06-08,2022-06-13,56800.0,58100.0,14,14887.456849999842,0.018700142998839597,3,time
259960,2022-06-08,2022-06-13,269000.0,258240.0,2,-23661.389563999895,-0.043929752195512095,3,stop
226950,2022-06-10,2022-06-13,26400.0,25344.0,27,-31349.142158400035,-0.04392975219551243,1,stop
267250,2022-06-09,2022-06-14,64700.0,62112.0,12,-34146.287839200115,-0.04392975219551243,3,stop
047050,2022-06-09,2022-06-14,24550.0,23568.0,33,-35630.622221699916,-0.043929752195512206,3,stop
047040,2022-06-13,2022-06-14,6490.0,6230.4,104,-29684.92843888013,-0.04392975219551254,1,stop
180640,2022-06-13,2022-06-14,61100.0,58656.0,11,-29559.14484380011,-0.04392975219551254,1,stop
277810,2022-06-15,2022-06-16,25500.0,24480.0,27,-30280.4214029999,-0.043929752195512206,1,stop
247540,2022-06-15,2022-06-16,135379.0,129963.84,5,-29770.030276809935,-0.043929752195512206,1,stop
083650,2022-06-15,2022-06-17,6050.0,5808.0,115,-30599.278418499976,-0.04392975219551232,2,stop
003490,2022-06-15,2022-06-17,27600.0,26496.0,25,-30346.39182000002,-0.04392975219551232,2,stop
098460,2022-06-16,2022-06-17,14900.0,14304.0,54,-35386.53167879989,-0.043929752195512206,1,stop
042700,2022-06-16,2022-06-17,13700.0,13152.0,59,-35549.258707399946,-0.04392975219551232,1,stop
373220,2022-06-15,2022-06-20,426000.0,408960.0,1,-18735.598427999998,-0.04392975219551232,3,stop
196170,2022-06-17,2022-06-20,41289.0,44592.12,17,53110.91817382793,0.07557902878004863,1,target
226950,2022-06-20,2022-06-21,27500.0,26400.0,24,-29026.983480000054,-0.04392975219551243,1,stop
087010,2022-06-20,2022-06-21,9516.0,9135.359999999999,70,-29296.14278136019,-0.04392975219551265,1,stop
042660,2022-06-20,2022-06-23,19145.0,18790.0,34,-14702.058362500044,-0.02256028792078424,3,time
141080,2022-06-20,2022-06-23,39550.0,39750.0,16,597.2252800000133,0.0009426978041611189,3,time
021240,2022-06-20,2022-06-23,64200.0,62800.0,10,-16589.771699999925,-0.025811079275022242,3,time
257720,2022-06-22,2022-06-23,2858.0,2743.68,235,-29538.474113140022,-0.04392975219551232,1,stop
214150,2022-06-22,2022-06-23,16500.0,15840.0,40,-29026.983479999937,-0.043929752195512206,1,stop
298380,2022-06-24,2022-06-27,25450.0,27486.0,25,48142.46450500004,0.07557902878004863,1,target
196170,2022-06-24,2022-06-27,52716.0,50607.36,12,-27821.572020575986,-0.04392975219551232,1,stop
068270,2022-06-24,2022-06-27,142671.0,154084.68000000002,4,43181.350433904096,0.07557902878004885,1,target
267260,2022-06-24,2022-06-28,23000.0,24840.0,27,46988.558675999986,0.07557902878004863,2,target
257720,2022-06-27,2022-06-28,3258.0,3518.6400000000003,205,50536.53535284009,0.07557902878004885,1,target
098460,2022-06-24,2022-06-29,13850.0,14150.0,45,10905.998175000073,0.017478490255227186,3,time
083650,2022-06-28,2022-06-29,6200.0,6696.0,113,53011.56877359992,0.07557902878004841,1,target
087010,2022-06-28,2022-06-29,9448.0,9070.08,74,-30748.89932425588,-0.043929752195512206,1,stop
319660,2022-06-27,2022-06-30,19175.0,18600.0,34,-22164.187112499843,-0.03395770267473519,3,time
100790,2022-06-27,2022-06-30,5650.0,5424.0,118,-29321.651342600002,-0.04392975219551232,3,stop
298040,2022-06-29,2022-07-01,64200.0,61632.0,10,-28235.338475999888,-0.043929752195512206,2,stop
034020,2022-06-30,2022-07-01,19900.0,19104.0,33,-28881.848562599975,-0.04392975219551232,1,stop
336260,2022-06-30,2022-07-01,31200.0,29952.0,21,-28815.87814559997,-0.04392975219551232,1,stop
000500,2022-06-29,2022-07-04,20345.0,19531.2,33,-29527.698945029988,-0.04392975219551232,3,stop
010120,2022-06-29,2022-07-04,11500.0,11040.0,59,-29840.618622999988,-0.04392975219551232,3,stop
257720,2022-07-01,2022-07-04,4500.0,4320.0,140,-27707.575139999855,-0.043929752195512095,1,stop
141080,2022-07-01,2022-07-04,42600.0,40896.0,14,-26229.837799199857,-0.043929752195512095,1,stop
267270,2022-07-01,2022-07-04,45400.0,43584.0,13,-25957.160075600143,-0.04392975219551254,1,stop
083650,2022-07-04,2022-07-05,7650.0,7344.0,81,-27252.379262700095,-0.04392975219551254,1,stop
047810,2022-07-04,2022-07-05,57300.0,55008.0,10,-25200.69929400005,-0.04392975219551243,1,stop
079550,2022-07-04,2022-07-05,76400.0,73344.0,8,-26880.745913599967,-0.04392975219551232,1,stop
032640,2022-07-04,2022-07-06,13100.0,12576.0,47,-27078.65716459998,-0.04392975219551232,2,stop
003230,2022-07-04,2022-07-07,105000.0,105500.0,5,341.07487499993294,0.0006489200731492062,3,time
237690,2022-07-05,2022-07-08,92000.0,95100.0,6,16282.95987000002,0.029464227425348488,3,time
214370,2022-07-06,2022-07-11,20380.0,19564.8,31,-27785.86003483995,-0.043929752195512206,3,stop
326030,2022-07-06,2022-07-11,77200.0,79200.0,8,13421.782879999955,0.02170719486878525,3,time
066570,2022-07-06,2022-07-11,94700.0,91300.0,6,-22668.45702000009,-0.039849374949954774,3,time
353200,2022-07-08,2022-07-11,28800.0,27648.0,19,-24066.008121600025,-0.04392975219551243,1,stop
226950,2022-07-07,2022-07-12,23000.0,23000.0,27,-2544.9821999999695,-0.004093491870325261,3,time
006260,2022-07-11,2022-07-12,55200.0,52992.0,10,-24277.113455999875,-0.043929752195512095,1,stop
028300,2022-07-11,2022-07-13,36282.0,39184.560000000005,16,43924.995449471986,0.07557902878004863,2,target
012330,2022-07-11,2022-07-14,205000.0,211500.0,2,11281.413350000046,0.02748403155817658,3,time
000810,2022-07-11,2022-07-14,196500.0,197000.0,2,-613.5406499999808,-0.0015593786180869706,3,time
042700,2022-07-12,2022-07-15,13600.0,13500.0,56,-8704.68003999989,-0.01141633384186691,3,time
145020,2022-07-13,2022-07-15,119000.0,114240.0,5,-26168.265409999993,-0.04392975219551232,2,stop
021240,2022-07-14,2022-07-19,65200.0,63400.0,8,-16495.169200000004,-0.031587843321758124,3,time
214450,2022-07-14,2022-07-19,64900.0,66200.0,8,8241.554840000055,0.015855328785584932,3,time
307950,2022-07-14,2022-07-19,119000.0,123500.0,4,15996.191900000034,0.03356683826903217,3,time
080220,2022-07-15,2022-07-19,4425.0,4779.0,161,53906.318703299854,0.07557902878004841,2,target
079550,2022-07-15,2022-07-20,70400.0,74400.0,10,36996.94519999996,0.05249210518249692,3,time
039490,2022-07-19,2022-07-20,75700.0,81756.0,7,40095.390084400075,0.07557902878004885,1,target
329180,2022-07-19,2022-07-22,123000.0,123000.0,4,-2016.314400000032,-0.004093491870325372,3,time
108490,2022-07-19,2022-07-22,19330.0,19573.0,29,4728.89711765002,0.008426181253084364,3,time
035420,2022-07-19,2022-07-22,242500.0,250000.0,2,12968.152249999985,0.026707740339870778,3,time
086520,2022-07-20,2022-07-25,17037.0,17647.0,45,24227.129524499993,0.03156436866610135,3,time
078600,2022-07-20,2022-07-25,71400.0,73300.0,10,16017.872250000015,0.02240822193144476,3,time
214150,2022-07-22,2022-07-25,16250.0,15600.0,33,-23584.42407749989,-0.043929752195512095,1,stop
259960,2022-07-22,2022-07-27,259000.0,248640.0,2,-22781.784004000016,-0.04392975219551232,3,stop
064350,2022-07-25,2022-07-28,24450.0,26406.0,26,48100.8482292,0.07557902878004863,3,target
012450,2022-07-25,2022-07-28,51033.0,55115.64000000001,12,46337.52879057592,0.07557902878004841,3,target
352820,2022-07-25,2022-07-28,167000.0,169500.0,3,5424.691424999968,0.01081528819149602,3,time
079550,2022-07-25,2022-07-28,78300.0,82800.0,8,33326.757719999994,0.05314251434402384,3,time
214370,2022-07-27,2022-07-28,25800.0,27864.000000000004,27,52708.90494959999,0.07557902878004863,1,target
090430,2022-07-28,2022-07-29,141000.0,135360.0,4,-24804.876791999908,-0.043929752195512206,1,stop
010170,2022-07-28,2022-07-29,2285.0,2193.6,286,-28741.55147577997,-0.04392975219551232,1,stop
043260,2022-07-28,2022-08-02,1520.0,1520.0,431,-2684.8127839999506,-0.004093491870325261,3,time
009830,2022-07-29,2022-08-03,53709.0,54395.0,11,5102.541552900104,0.008626757335151725,3,time
003670,2022-07-29,2022-08-03,130856.0,132311.0,4,3657.7461122000823,0.0069800849570933465,3,time
010120,2022-07-29,2022-08-03,11640.0,11174.4,55,-28156.173975600046,-0.04392975219551243,3,stop
373220,2022-07-29,2022-08-03,416000.0,437000.0,1,19233.239750000008,0.04618063474198997,3,time
237690,2022-08-02,2022-08-04,97200.0,104976.0,10,73547.30923200003,0.07557902878004863,2,target
267270,2022-08-03,2022-08-04,39900.0,38304.0,14,-24567.383290800033,-0.04392975219551243,1,stop
108490,2022-08-03,2022-08-05,22690.0,21782.399999999998,24,-23949.90018768009,-0.04392975219551254,2,stop
098460,2022-08-03,2022-08-08,14650.0,14450.0,38,-9859.06276,-0.017689485155372053,3,time
319400,2022-08-03,2022-08-08,3200.0,3210.0,175,-550.1510874999221,-0.0009812840324199268,3,time
377300,2022-08-05,2022-08-08,74200.0,71232.0,8,-26106.693020800012,-0.04392975219551232,1,stop
263750,2022-08-04,2022-08-09,57500.0,62100.00000000001,13,56560.30211000005,0.07557902878004863,3,target
005830,2022-08-04,2022-08-09,64200.0,61632.0,12,-33882.4061712001,-0.04392975219551243,3,stop
226950,2022-08-08,2022-08-09,25450.0,24432.0,22,-24624.557652199874,-0.043929752195512095,1,stop
010130,2022-08-08,2022-08-09,530000.0,572400.0,1,40102.95668000006,0.07557902878004885,1,target
010170,2022-08-09,2022-08-10,2549.0,2752.92,264,50918.345766816055,0.07557902878004863,1,target
047810,2022-08-09,2022-08-10,60500.0,58080.0,11,-29268.875008999952,-0.043929752195512206,1,stop
086520,2022-08-08,2022-08-11,21935.0,22678.0,25,16272.88954625011,0.029640656091395767,3,time
267260,2022-08-09,2022-08-11,28300.0,30564.000000000004,23,49250.970760400174,0.07557902878004885,2,target
028300,2022-08-10,2022-08-11,44713.0,42924.479999999996,16,-31463.842723424197,-0.04392975219551265,1,stop
003230,2022-08-09,2022-08-12,114000.0,109440.0,5,-25068.758459999925,-0.043929752195512206,3,stop
000150,2022-08-10,2022-08-12,77500.0,83700.0,9,52777.004310000106,0.07557902878004885,2,target
082740,2022-08-11,2022-08-12,8710.0,9406.800000000001,77,50746.886710520135,0.07557902878004885,1,target
042660,2022-08-11,2022-08-16,19722.0,18933.12,34,-29490.88745234406,-0.04392975219551243,2,stop
000720,2022-08-11,2022-08-17,47000.0,46650.0,14,-7582.170154999942,-0.01150981693086539,3,time
000250,2022-08-12,2022-08-17,38650.0,37104.0,17,-28897.241659900057,-0.04392975219551243,2,stop
277810,2022-08-16,2022-08-17,30900.0,33372.0,24,56113.872969599906,0.07557902878004841,1,target
336260,2022-08-12,2022-08-18,40200.0,38592.0,17,-30056.121985199978,-0.04392975219551232,3,stop
066570,2022-08-12,2022-08-18,100500.0,102000.0,6,6502.252949999995,0.01077078437041612,3,time
310210,2022-08-17,2022-08-18,37471.0,35972.159999999996,18,-29663.729944883962,-0.04392975219551232,1,stop
095340,2022-08-17,2022-08-19,33250.0,35910.0,20,50317.86074000003,0.07557902878004863,2,target
257720,2022-08-18,2022-08-19,2730.0,2948.4,241,49782.90243108,0.07557902878004863,1,target
058470,2022-08-17,2022-08-22,28292.0,27792.0,24,-14747.333985599922,-0.021693988620814286,3,time
108490,2022-08-18,2022-08-22,22690.0,21782.399999999998,29,-28939.46272677998,-0.04392975219551232,2,stop
403870,2022-08-19,2022-08-22,15050.0,14448.0,47,-31109.44964330003,-0.04392975219551243,1,stop
138040,2022-08-18,2022-08-23,29850.0,30500.0,22,11566.554944999982,0.017592914504357626,3,time
000500,2022-08-19,2022-08-23,18569.0,17826.239999999998,38,-31033.451722915983,-0.04392975219551232,2,stop
034220,2022-08-22,2022-08-23,15574.0,14951.039999999999,42,-28767.851682024077,-0.04392975219551243,1,stop
087010,2022-08-22,2022-08-23,9932.0,9534.72,66,-28829.599992336007,-0.04392975219551232,1,stop
010950,2022-08-23,2022-08-24,96800.0,104544.0,6,43946.78724480001,0.07557902878004863,1,target
047050,2022-08-22,2022-08-25,27000.0,27750.0,24,15291.30150000006,0.023570577799943537,3,time
033780,2022-08-23,2022-08-26,82300.0,82600.0,7,-267.16392500011716,-0.00046321298285412205,3,time
030200,2022-08-23,2022-08-26,39000.0,38050.0,16,-17712.466440000106,-0.028352752965791983,3,time
064350,2022-08-25,2022-08-26,31450.0,30192.0,21,-29046.774605100043,-0.04392975219551243,1,stop
082740,2022-08-24,2022-08-29,8950.0,8840.0,81,-11854.722964500077,-0.01633368359035492,3,time
010140,2022-08-24,2022-08-29,6150.0,6010.0,118,-19445.36195400008,-0.026764534331814027,3,time
218410,2022-08-26,2022-08-29,25500.0,24480.0,23,-25794.43304699997,-0.04392975219551232,1,stop
011200,2022-08-26,2022-08-29,23650.0,22704.0,25,-26003.33936750004,-0.04392975219551243,1,stop
095340,2022-08-26,2022-08-29,37500.0,36000.0,16,-26388.166800000006,-0.04392975219551232,1,stop
001440,2022-08-29,2022-08-30,16941.0,18296.280000000002,37,47428.70754205214,0.07557902878004885,1,target
180640,2022-08-29,2022-08-30,60000.0,57600.0,10,-26388.166800000006,-0.04392975219551232,1,stop
010130,2022-08-30,2022-08-31,625000.0,675000.0,1,47291.22250000003,0.07557902878004863,1,target
003670,2022-08-30,2022-08-31,165752.0,159121.91999999998,3,-21869.457117168058,-0.04392975219551243,1,stop
267270,2022-08-29,2022-09-01,41700.0,40032.0,15,-27509.66388899996,-0.04392975219551232,3,stop
272210,2022-08-29,2022-09-01,15350.0,15600.0,41,7640.580317500047,0.012126483832112456,3,time
000720,2022-08-29,2022-09-01,47500.0,45600.0,13,-27157.82166499982,-0.043929752195512095,3,stop
000990,2022-08-31,2022-09-02,45800.0,43968.0,14,-28200.15425360005,-0.04392975219551243,2,stop
083650,2022-09-01,2022-09-02,11300.0,10848.0,57,-28327.697059800033,-0.04392975219551243,1,stop
352820,2022-09-01,2022-09-02,178500.0,171360.0,3,-23551.43886899989,-0.043929752195512095,1,stop
078600,2022-08-31,2022-09-05,98000.0,94080.0,6,-25860.403463999974,-0.04392975219551232,3,stop
353200,2022-09-01,2022-09-05,29300.0,28128.0,22,-28349.687198800035,-0.04392975219551243,2,stop
218410,2022-09-02,2022-09-05,27150.0,26064.0,22,-26269.420049399836,-0.043929752195512095,1,stop
226950,2022-09-05,2022-09-06,23600.0,22656.0,25,-25948.36401999998,-0.04392975219551232,1,stop
214370,2022-09-05,2022-09-06,26500.0,28620.000000000004,22,44113.252348000184,0.07557902878004885,1,target
141080,2022-09-05,2022-09-06,48100.0,46176.0,12,-25385.41646159999,-0.04392975219551232,1,stop
178320,2022-09-05,2022-09-07,15950.0,15312.0,37,-25954.961061700014,-0.04392975219551232,2,stop
032830,2022-09-05,2022-09-08,64400.0,64500.0,9,-1477.9699649999384,-0.00254705319310522,3,time
090430,2022-09-07,2022-09-08,120500.0,115680.0,4,-21198.493995999976,-0.04392975219551232,1,stop
042660,2022-09-07,2022-09-08,17102.0,16417.92,35,-26325.275002460112,-0.04392975219551254,1,stop
010120,2022-09-07,2022-09-13,11420.0,10963.199999999999,52,-26117.248287520022,-0.04392975219551232,2,stop
009830,2022-09-07,2022-09-13,67744.0,65034.24,8,-23835.199622656044,-0.04392975219551243,2,stop
000270,2022-09-08,2022-09-13,82700.0,79392.0,7,-25460.182934200042,-0.04392975219551243,1,stop
086520,2022-09-08,2022-09-14,23210.0,25066.800000000003,25,43905.170969000086,0.07557902878004885,2,target
006800,2022-09-13,2022-09-14,6830.0,6556.8,81,-24331.209197939956,-0.043929752195512206,1,stop
214370,2022-09-13,2022-09-14,30539.0,29317.44,18,-24176.04677715595,-0.043929752195512206,1,stop
010170,2022-09-13,2022-09-14,2699.0,2591.04,207,-24571.473456654,-0.04392975219551232,1,stop
084370,2022-09-08,2022-09-15,25900.0,25850.0,23,-3587.907482499955,-0.006016091306869087,3,time
277810,2022-09-14,2022-09-15,33200.0,35856.0,16,40193.75582720002,0.07557902878004863,1,target
098460,2022-09-14,2022-09-15,13600.0,14688.000000000002,40,41162.280064000166,0.07557902878004885,1,target
058610,2022-09-14,2022-09-15,16950.0,18306.0,32,41041.21453440003,0.07557902878004863,1,target
267270,2022-09-15,2022-09-16,40700.0,39072.0,14,-25059.962404399994,-0.04392975219551232,1,stop
178320,2022-09-15,2022-09-16,16650.0,15984.0,35,-25629.507004500018,-0.04392975219551232,1,stop
003670,2022-09-15,2022-09-16,178354.0,171219.84,3,-23532.17550723604,-0.04392975219551243,1,stop
319660,2022-09-14,2022-09-19,16550.0,16650.0,33,1052.0395049999934,0.0019240701123313109,3,time
108490,2022-09-15,2022-09-19,23177.0,22249.92,25,-25483.27258015005,-0.04392975219551243,2,stop
000150,2022-09-16,2022-09-19,80900.0,77664.0,7,-24906.0314314001,-0.04392975219551254,1,stop
042660,2022-09-16,2022-09-19,18168.0,17441.28,31,-24770.04441182397,-0.04392975219551232,1,stop
086520,2022-09-16,2022-09-19,28013.0,26892.48,20,-24640.390552280005,-0.04392975219551232,1,stop
000250,2022-09-19,2022-09-20,34850.0,33456.0,15,-22990.69032449997,-0.04392975219551232,1,stop
214150,2022-09-19,2022-09-22,15600.0,14976.0,35,-24013.231787999917,-0.043929752195512206,3,stop
017670,2022-09-19,2022-09-22,52200.0,51400.0,10,-10115.675999999978,-0.0193564268608184,3,time
032640,2022-09-19,2022-09-22,11400.0,11250.0,48,-9421.309080000035,-0.017197524872031633,3,time
006800,2022-09-19,2022-09-22,6581.0,6422.0,84,-15582.127196999849,-0.028155053151683318,3,time
178320,2022-09-20,2022-09-23,17350.0,17300.0,33,-3991.5601275000954,-0.006963539444186262,3,time
087010,2022-09-22,2022-09-23,8111.0,7786.5599999999995,65,-23187.062265770044,-0.04392975219551243,1,stop
042660,2022-09-22,2022-09-26,18923.0,20436.84,27,38659.32590547606,0.07557902878004885,2,target
329180,2022-09-23,2022-09-26,126000.0,120960.0,4,-22166.060112000036,-0.04392975219551243,1,stop
108490,2022-09-23,2022-09-26,25806.0,24773.76,20,-22699.101081360015,-0.04392975219551232,1,stop
003230,2022-09-23,2022-09-26,113500.0,108960.0,4,-19967.046212000016,-0.04392975219551232,1,stop
010140,2022-09-22,2022-09-27,5730.0,5610.0,92,-13167.86063999997,-0.024950172668852466,3,time
043260,2022-09-26,2022-09-28,1615.0,1550.3999999999999,326,-23155.176564220048,-0.04392975219551243,2,stop
015760,2022-09-27,2022-09-28,20200.0,19392.0,31,-27540.450083600008,-0.04392975219551232,1,stop
017670,2022-09-27,2022-09-28,53400.0,51264.0,12,-28182.56214240007,-0.04392975219551243,1,stop
000810,2022-09-26,2022-09-29,196000.0,188160.0,2,-17240.26897600002,-0.04392975219551243,3,stop
035420,2022-09-26,2022-09-29,205500.0,197280.0,2,-18075.894257999957,-0.043929752195512206,3,stop
011200,2022-09-28,2022-09-29,19350.0,18576.0,29,-24679.532999699935,-0.043929752195512206,1,stop
003230,2022-09-28,2022-09-29,113500.0,108960.0,5,-24958.807765000034,-0.04392975219551243,1,stop
226950,2022-09-29,2022-09-30,20100.0,19296.0,23,-20332.082519399934,-0.043929752195512206,1,stop
323410,2022-09-29,2022-09-30,22050.0,21168.0,21,-20365.067727899994,-0.04392975219551232,1,stop
058470,2022-09-28,2022-10-04,24367.0,26316.36,23,42406.304046595935,0.07557902878004841,3,target
087010,2022-09-30,2022-10-04,7655.0,8267.4,61,35332.596483979956,0.07557902878004863,1,target
021240,2022-09-29,2022-10-05,54700.0,55200.0,8,2194.835480000009,0.00500985829539391,3,time
000500,2022-09-30,2022-10-05,15011.0,16211.880000000001,31,35210.471630996035,0.07557902878004863,2,target
000150,2022-10-04,2022-10-05,82100.0,78816.0,6,-21664.684942800086,-0.04392975219551254,1,stop
267260,2022-10-04,2022-10-06,32350.0,34938.0,16,39164.69882560003,0.07557902878004863,2,target
068270,2022-10-04,2022-10-06,158178.0,151850.88,3,-20870.137240451935,-0.043929752195512206,2,stop
145020,2022-10-05,2022-10-06,113200.0,108672.0,4,-19914.269878400024,-0.04392975219551243,1,stop
131970,2022-10-05,2022-10-07,22050.0,23814.0,22,36705.55525560008,0.07557902878004885,2,target
042700,2022-10-05,2022-10-11,12550.0,12048.0,40,-22078.09955600009,-0.04392975219551254,3,stop
034220,2022-10-06,2022-10-12,12477.0,12616.0,40,3498.2791859999998,0.007001403106834614,3,time
032830,2022-10-06,2022-10-12,62500.0,65100.0,8,18689.580559999973,0.037336218867868975,3,time
007660,2022-10-11,2022-10-12,5212.0,5003.5199999999995,119,-27277.79986338399,-0.04392975219551232,1,stop
058470,2022-10-07,2022-10-13,27851.0,27531.0,18,-7797.520659599977,-0.015536171939317334,3,time
357780,2022-10-07,2022-10-13,199700.0,201400.0,2,1753.155550000025,0.00438443033208058,3,time
005490,2022-10-12,2022-10-14,230500.0,248940.00000000003,2,34882.0057160001,0.07557902878004885,2,target
079550,2022-10-13,2022-10-14,95000.0,91200.0,5,-20890.632049999957,-0.043929752195512206,1,stop
005930,2022-10-12,2022-10-17,55700.0,56600.0,9,6021.693135000067,0.011998354760136332,3,time
000100,2022-10-14,2022-10-17,51725.0,49656.0,10,-22748.79879550007,-0.04392975219551243,1,stop
353200,2022-10-13,2022-10-18,24700.0,24850.0,20,966.6450499999919,0.001954523361231475,3,time
003550,2022-10-13,2022-10-18,78100.0,78800.0,6,2267.201669999922,0.004832686819697285,3,time
196170,2022-10-17,2022-10-18,32322.0,34907.76,15,36685.12544748001,0.07557902878004863,1,target
000250,2022-10-14,2022-10-19,29050.0,29800.0,18,11317.252544999938,0.021618380112368385,3,time
141080,2022-10-17,2022-10-20,32900.0,32600.0,15,-6509.195475000015,-0.013174706230170474,3,time
403870,2022-10-18,2022-10-20,13400.0,12864.0,38,-22394.75755759998,-0.04392975219551232,2,stop
086520,2022-10-18,2022-10-21,28260.0,28015.0,18,-6481.671475499985,-0.012727500875695852,3,time
034220,2022-10-18,2022-10-21,13447.0,13402.0,37,-3699.1058265499887,-0.007426264449029496,3,time
047040,2022-10-19,2022-10-21,4305.0,4132.8,128,-24234.892389119952,-0.043929752195512206,2,stop
096770,2022-10-20,2022-10-21,159399.0,153023.04,3,-21031.23699876602,-0.04392975219551243,1,stop
083650,2022-10-21,2022-10-24,5880.0,5644.8,86,-22239.94697903999,-0.04392975219551232,1,stop
078600,2022-10-20,2022-10-25,90000.0,86400.0,5,-19791.125100000005,-0.04392975219551232,3,stop
021240,2022-10-21,2022-10-26,54100.0,53900.0,9,-3790.107090000063,-0.007775216484483205,3,time
028260,2022-10-21,2022-10-26,109500.0,112000.0,4,8175.507900000026,0.018644099639484546,3,time
000100,2022-10-21,2022-10-26,51543.0,54382.0,9,23574.57267105003,0.050761261958131465,3,time
084370,2022-10-25,2022-10-26,21650.0,23382.0,22,36039.694842799974,0.07557902878004863,1,target
145020,2022-10-24,2022-10-27,110700.0,111000.0,5,-772.7757749999873,-0.001394558243957622,3,time
950160,2022-10-26,2022-10-27,22500.0,21600.0,21,-20780.68135499995,-0.043929752195512206,1,stop
257720,2022-10-26,2022-10-27,2630.0,2524.7999999999997,184,-21282.936129760055,-0.04392975219551243,1,stop
067310,2022-10-26,2022-10-27,9530.0,9148.8,51,-21375.734516340133,-0.04392975219551265,1,stop
131970,2022-10-26,2022-10-27,24350.0,26298.0,19,35006.854543400055,0.07557902878004885,1,target
267270,2022-10-27,2022-10-28,35300.0,38124.0,13,34723.10720839992,0.07557902878004841,1,target
033780,2022-10-27,2022-11-01,92800.0,92400.0,5,-3895.66869999998,-0.008386192336401477,3,time
319400,2022-10-27,2022-11-01,2765.0,2986.2000000000003,178,37240.51356452011,0.07557902878004885,3,target
010120,2022-10-27,2022-11-01,10380.0,11210.400000000001,47,36914.39329416008,0.07557902878004885,3,target
267260,2022-10-27,2022-11-01,33150.0,35802.0,14,35116.57017959992,0.07557902878004841,3,target
096770,2022-10-28,2022-11-01,165303.0,178527.24000000002,3,37523.42857400415,0.07557902878004885,2,target
131970,2022-11-01,2022-11-02,26650.0,25584.0,19,-22269.41376529995,-0.043929752195512206,1,stop
298040,2022-11-01,2022-11-03,58600.0,63288.00000000001,9,39906.22519440006,0.07557902878004885,2,target
267270,2022-11-01,2022-11-03,43000.0,46440.0,12,39043.633295999956,0.07557902878004863,2,target
001440,2022-11-02,2022-11-03,15851.0,15216.96,33,-23005.335757074063,-0.04392975219551243,1,stop
000150,2022-11-02,2022-11-03,87100.0,83616.0,6,-22984.093282799993,-0.04392975219551232,1,stop
000500,2022-11-01,2022-11-04,16159.0,15512.64,32,-22741.67399046407,-0.04392975219551243,3,stop
323410,2022-11-03,2022-11-04,19600.0,21168.0,27,40042.423915199935,0.07557902878004841,1,target
377300,2022-11-03,2022-11-04,38000.0,41040.0,14,40254.288592000026,0.07557902878004863,1,target
336260,2022-11-04,2022-11-07,30650.0,33102.0,19,44064.06947659992,0.07557902878004841,1,target
259960,2022-11-03,2022-11-08,187500.0,194500.0,2,12421.902300000016,0.0330870177665159,3,time
263750,2022-11-03,2022-11-08,44000.0,46100.0,12,22961.859539999976,0.04343840965404544,3,time
003670,2022-11-04,2022-11-09,205009.0,209856.0,2,7985.0858356999815,0.019452590715827167,3,time
108490,2022-11-04,2022-11-09,24053.0,24491.0,25,8453.368737500045,0.014041753236763155,3,time
214370,2022-11-08,2022-11-09,23380.0,22444.8,22,-22621.69579208002,-0.04392975219551232,1,stop
084370,2022-11-08,2022-11-09,22600.0,24408.0,22,37621.11332319997,0.07557902878004863,1,target
090430,2022-11-07,2022-11-10,107500.0,111500.0,7,24833.559099999955,0.03296349447868585,3,time
196170,2022-11-09,2022-11-10,39050.0,37488.0,13,-22326.588126699964,-0.043929752195512206,1,stop
138040,2022-11-09,2022-11-10,26000.0,28080.000000000004,19,37378.98226399993,0.07557902878004841,1,target
377300,2022-11-09,2022-11-11,44850.0,48438.0,11,37329.79939260008,0.07557902878004885,2,target
083650,2022-11-10,2022-11-11,6980.0,7538.400000000001,89,47005.20518632,0.07557902878004863,1,target
039490,2022-11-10,2022-11-11,85000.0,91800.0,7,45021.24382000009,0.07557902878004885,1,target
005290,2022-11-09,2022-11-14,32550.0,32750.0,15,990.2097000000067,0.0020257493470612342,3,time
064350,2022-11-11,2022-11-14,26500.0,25440.0,23,-26805.979440999916,-0.043929752195512206,1,stop
015760,2022-11-10,2022-11-15,18400.0,19350.0,34,29640.944065000047,0.04732559414723947,3,time
326030,2022-11-11,2022-11-15,67500.0,72900.0,9,45967.06827000005,0.07557902878004863,2,target
377300,2022-11-14,2022-11-15,59500.0,64260.00000000001,9,40519.11943800014,0.07557902878004885,1,target
214150,2022-11-11,2022-11-16,18650.0,19600.0,33,28735.341442500125,0.046636330259604675,3,time
267270,2022-11-15,2022-11-16,51900.0,49824.0,12,-27390.917138400022,-0.04392975219551232,1,stop
310210,2022-11-15,2022-11-16,19656.0,21228.480000000003,34,50567.86105862411,0.07557902878004885,1,target
247540,2022-11-15,2022-11-16,117400.0,112704.0,5,-25816.42318599997,-0.04392975219551232,1,stop
259960,2022-11-14,2022-11-17,225000.0,229500.0,2,7129.277549999999,0.01582463829226821,3,time
067310,2022-11-16,2022-11-17,10128.0,9722.88,65,-28953.096612959984,-0.04392975219551232,1,stop
141080,2022-11-16,2022-11-17,38450.0,41526.0,17,49459.05213940004,0.07557902878004863,1,target
196170,2022-11-16,2022-11-21,42450.0,40752.0,15,-28004.44201650005,-0.04392975219551243,3,stop
095340,2022-11-16,2022-11-21,34900.0,34500.0,19,-10295.111239999998,-0.015507893109633963,3,time
031980,2022-11-17,2022-11-21,8190.0,7862.4,74,-26654.687284679967,-0.04392975219551232,2,stop
082740,2022-11-17,2022-11-22,7700.0,7810.0,79,6171.446385500021,0.010133743960098585,3,time
010120,2022-11-17,2022-11-22,11240.0,11780.0,54,26586.591389999958,0.043752550335192764,3,time
241560,2022-11-21,2022-11-22,40200.0,38592.0,15,-26520.107634000015,-0.04392975219551232,1,stop
267270,2022-11-21,2022-11-23,57300.0,61884.00000000001,10,43356.59278800024,0.07557902878004907,2,target
950160,2022-11-22,2022-11-23,12150.0,11664.0,53,-28321.100018099998,-0.04392975219551232,1,stop
298040,2022-11-22,2022-11-23,76700.0,82836.0,8,46428.630601600045,0.07557902878004863,1,target
079550,2022-11-21,2022-11-24,92900.0,92700.0,6,-3480.7990199999185,-0.006237531715599043,3,time
064350,2022-11-22,2022-11-25,29000.0,30200.0,22,23707.519880000036,0.0371164326040061,3,time
006260,2022-11-23,2022-11-28,71300.0,74700.0,9,27879.974730000016,0.04339714105591441,3,time
000150,2022-11-23,2022-11-28,99700.0,97700.0,6,-14416.166640000069,-0.02407155622598589,3,time
108490,2022-11-23,2022-11-28,26828.0,25754.879999999997,24,-28317.669556416105,-0.04392975219551254,3,stop
039490,2022-11-25,2022-11-28,93700.0,89952.0,7,-28846.664340199903,-0.043929752195512206,1,stop
047050,2022-11-24,2022-11-29,23650.0,23950.0,26,5257.022029999876,0.008539571657746547,3,time
310210,2022-11-28,2022-11-29,24652.0,23665.92,25,-27105.045331400004,-0.04392975219551232,1,stop
247540,2022-11-28,2022-11-29,113300.0,108768.0,5,-24914.827486999915,-0.043929752195512206,1,stop
000500,2022-11-29,2022-11-30,15824.0,17089.920000000002,40,47893.523509760154,0.07557902878004885,1,target
096770,2022-11-28,2022-12-01,174158.0,174651.0,3,-666.5631127500092,-0.0012743167046256332,3,time
000250,2022-11-30,2022-12-01,45100.0,48708.0,15,51188.01923400012,0.07557902878004885,1,target
066570,2022-11-29,2022-12-02,93400.0,96600.0,6,16846.766159999883,0.030027501984224436,3,time
009150,2022-12-01,2022-12-02,141500.0,135840.0,4,-24892.837347999914,-0.043929752195512206,1,stop
047810,2022-11-30,2022-12-05,48650.0,46704.0,13,-27815.326821099967,-0.04392975219551232,3,stop
105560,2022-11-30,2022-12-05,51400.0,52500.0,13,11519.425644999952,0.017219682428169625,3,time
078930,2022-12-01,2022-12-05,48600.0,46656.0,13,-27786.739640400046,-0.04392975219551243,2,stop
138040,2022-12-02,2022-12-05,41100.0,39456.0,14,-25306.251961199916,-0.043929752195512206,1,stop
352820,2022-12-02,2022-12-06,153500.0,147360.0,4,-27003.890691999928,-0.043929752195512206,2,stop
021240,2022-12-05,2022-12-06,59400.0,57024.0,10,-26124.28513199999,-0.04392975219551232,1,stop
257720,2022-12-06,2022-12-07,2405.0,2597.4,252,45858.10929336003,0.07557902878004863,1,target
090430,2022-12-06,2022-12-08,137500.0,132000.0,4,-24189.15289999987,-0.043929752195512095,2,stop
009150,2022-12-06,2022-12-08,138500.0,132960.0,4,-24365.07401199988,-0.043929752195512095,2,stop
377300,2022-12-06,2022-12-09,62700.0,66100.0,9,28197.175410000025,0.049911007773070226,3,time
196170,2022-12-06,2022-12-09,39600.0,42768.0,15,44945.57786399999,0.07557902878004863,3,target
214370,2022-12-07,2022-12-12,28220.0,27480.0,29,-24750.619763000053,-0.030208687335100737,3,time
141080,2022-12-09,2022-12-12,40800.0,39168.0,15,-26915.93013600004,-0.04392975219551243,1,stop
003490,2022-12-08,2022-12-13,26050.0,25550.0,20,-12105.681699999957,-0.023208779934234536,3,time
032830,2022-12-08,2022-12-13,71200.0,73600.0,7,14707.929879999894,0.029476390426180332,3,time
178320,2022-12-12,2022-12-13,17650.0,16944.0,45,-34931.335801499896,-0.043929752195512206,1,stop
007660,2022-12-12,2022-12-13,6194.0,5946.24,129,-35141.38560922805,-0.04392975219551243,1,stop
357780,2022-12-09,2022-12-14,217500.0,229000.0,2,21149.477850000025,0.04856363384687601,3,time
000500,2022-12-13,2022-12-16,17497.0,17641.0,36,2587.293914400041,0.004102801046784732,3,time
006260,2022-12-13,2022-12-16,70900.0,71700.0,9,4563.712620000006,0.0071438171071604994,3,time
263750,2022-12-13,2022-12-16,46400.0,44544.0,13,-26528.90368960006,-0.04392975219551243,3,stop
267250,2022-12-13,2022-12-16,65000.0,64900.0,9,-3294.793754999875,-0.005625655728986212,3,time
042660,2022-12-14,2022-12-19,17102.0,16613.0,32,-17844.666238400154,-0.03256959305588347,3,time
010170,2022-12-16,2022-12-19,2814.0,2701.44,216,-26732.268495071912,-0.043929752195512206,1,stop
310210,2022-12-16,2022-12-19,27068.0,25985.28,22,-26190.079627888044,-0.04392975219551243,1,stop
257720,2022-12-19,2022-12-20,3025.0,2904.0,188,-25011.584098599968,-0.04392975219551232,1,stop
087010,2022-12-16,2022-12-21,8149.0,8421.0,74,17597.340496400022,0.02914820284206532,3,time
218410,2022-12-16,2022-12-21,25150.0,24200.0,24,-25206.457980000065,-0.041712226769855865,3,time
352820,2022-12-19,2022-12-22,164500.0,175000.0,3,29384.67472499999,0.05947500864859001,3,time
015760,2022-12-19,2022-12-22,21650.0,21750.0,26,285.4582900000969,0.0005065381903199828,3,time
277810,2022-12-20,2022-12-23,33550.0,32208.0,18,-26559.689884199994,-0.04392975219551232,3,stop
047040,2022-12-21,2022-12-23,4505.0,4324.8,135,-26747.70557265007,-0.04392975219551243,2,stop
145020,2022-12-22,2022-12-23,143300.0,137568.0,4,-25209.49534959998,-0.04392975219551232,1,stop
003230,2022-12-21,2022-12-26,123000.0,124000.0,4,1971.8934000000008,0.004003309008777656,3,time
310210,2022-12-23,2022-12-26,26126.0,25080.96,22,-25278.63234661601,-0.04392975219551232,1,stop
214370,2022-12-23,2022-12-26,25980.0,28058.4,22,43247.63381136011,0.07557902878004885,1,target
000500,2022-12-22,2022-12-27,19266.0,19984.0,31,19744.748745899997,0.0330216785250399,3,time
066570,2022-12-23,2022-12-28,88500.0,89400.0,6,3207.9363300001714,0.006034370924214105,3,time
100790,2022-12-27,2022-12-28,4570.0,4387.2,129,-25927.693289340124,-0.04392975219551254,1,stop
015760,2022-12-26,2022-12-29,22000.0,21800.0,26,-7528.840539999888,-0.013147187398776738,3,time
131290,2022-12-27,2022-12-29,38900.0,37344.0,15,-25662.492212999845,-0.043929752195512095,2,stop
237690,2022-12-27,2023-01-02,87200.0,85300.0,6,-13510.570470000093,-0.02579328963920602,3,time
010170,2022-12-28,2023-01-02,2882.0,2766.72,203,-25730.485722788144,-0.04392975219551254,2,stop
310210,2022-12-28,2023-01-03,27396.0,26946.0,21,-11779.900958700106,-0.020452008758132245,3,time
083650,2022-12-29,2023-01-03,6460.0,6201.599999999999,87,-24717.79584156,-0.04392975219551232,2,stop
034020,2022-12-29,2023-01-03,15750.0,15120.0,36,-24936.817626000033,-0.04392975219551243,2,stop
087010,2023-01-02,2023-01-03,7481.0,7181.759999999999,71,-23360.168639978045,-0.04392975219551243,1,stop
066970,2023-01-03,2023-01-04,185400.0,177984.0,2,-16307.887082399975,-0.04392975219551232,1,stop
003670,2023-01-03,2023-01-04,185138.0,177732.47999999998,2,-16284.841416728043,-0.04392975219551243,1,stop
277810,2023-01-04,2023-01-05,42550.0,45954.0,13,41854.62356139999,0.07557902878004863,1,target
226950,2023-01-03,2023-01-06,21500.0,21500.0,25,-2202.782499999972,-0.004093491870325261,3,time
005380,2023-01-03,2023-01-06,158500.0,159500.0,3,1042.4617500000168,0.0021898299475275884,3,time
000270,2023-01-03,2023-01-06,61400.0,61500.0,8,-1215.3942800000077,-0.0024714943000816447,3,time
353200,2023-01-04,2023-01-06,19150.0,20682.0,30,43470.09172200004,0.07557902878004863,2,target
031980,2023-01-05,2023-01-06,8260.0,7929.599999999999,75,-27245.78222100006,-0.04392975219551243,1,stop
086790,2023-01-06,2023-01-11,46450.0,47800.0,11,12712.24616749998,0.02485104604087085,3,time
055550,2023-01-06,2023-01-11,39800.0,40000.0,13,471.9263900000369,0.0009110634469091661,3,time
105560,2023-01-06,2023-01-11,53800.0,56400.0,10,23718.51910000015,0.044035818931480675,3,time
006800,2023-01-06,2023-01-11,6382.0,6601.0,85,16336.971495250124,0.030081300558443047,3,time
316140,2023-01-06,2023-01-11,12350.0,12350.0,44,-2226.961879999959,-0.004093491870325261,3,time
950160,2023-01-11,2023-01-12,10250.0,9840.0,54,-24343.083872999996,-0.04392975219551232,1,stop
108490,2023-01-11,2023-01-12,24491.0,23511.36,22,-23696.661746955942,-0.043929752195512206,1,stop
012450,2023-01-12,2023-01-13,75582.0,81628.56000000001,7,40032.89000474417,0.07557902878004885,1,target
047040,2023-01-11,2023-01-16,4745.0,4590.0,116,-20182.72530499997,-0.03662573818436099,3,time
010950,2023-01-11,2023-01-16,81700.0,85400.0,6,20125.61565000005,0.0410087612518264,3,time
042700,2023-01-11,2023-01-16,13250.0,13200.0,41,-4270.303647499997,-0.007851629636852375,3,time
032820,2023-01-12,2023-01-16,1490.0,1609.2,381,42954.80656163988,0.07557902878004841,2,target
138040,2023-01-13,2023-01-17,42600.0,46008.0,14,45127.176158400136,0.07557902878004885,2,target
047810,2023-01-16,2023-01-17,49800.0,47808.0,11,-24092.396288399934,-0.043929752195512206,1,stop
267270,2023-01-16,2023-01-17,63200.0,60672.0,8,-22236.428556799947,-0.043929752195512206,1,stop
105560,2023-01-17,2023-01-18,60500.0,58080.0,9,-23947.26137099997,-0.04392975219551232,1,stop
047050,2023-01-16,2023-01-19,22850.0,23550.0,24,14503.019880000036,0.02641567905706088,3,time
011200,2023-01-16,2023-01-19,21400.0,21350.0,25,-3438.8519374998286,-0.006420376235113934,3,time
086790,2023-01-17,2023-01-19,52600.0,50496.0,10,-23133.626228000096,-0.04392975219551254,2,stop
272210,2023-01-18,2023-01-19,12800.0,12288.0,46,-25895.587686400046,-0.04392975219551243,1,stop
055550,2023-01-17,2023-01-20,43500.0,43300.0,13,-4909.867169999983,-0.008672372367473202,3,time
298380,2023-01-19,2023-01-20,21500.0,20640.0,25,-23639.399424999952,-0.043929752195512206,1,stop
214450,2023-01-19,2023-01-25,71900.0,77652.0,7,38082.67565479997,0.07557902878004863,2,target
108490,2023-01-19,2023-01-25,25562.0,27606.960000000003,21,40617.63651271211,0.07557902878004885,2,target
161390,2023-01-19,2023-01-26,32850.0,33800.0,16,13001.175719999941,0.024707457375433783,3,time
257720,2023-01-20,2023-01-26,2955.0,3191.4,193,43153.429696139996,0.07557902878004863,2,target
098460,2023-01-20,2023-01-26,15900.0,17172.0,35,42108.10451400012,0.07557902878004885,2,target
277810,2023-01-25,2023-01-26,67700.0,73116.0,8,40980.68176960002,0.07557902878004863,1,target
066970,2023-01-26,2023-01-27,195200.0,210816.0,3,44309.98383360007,0.07557902878004885,1,target
000720,2023-01-25,2023-01-30,38950.0,38450.0,14,-9214.11210999987,-0.016877914311014153,3,time
353200,2023-01-26,2023-01-31,21750.0,20880.0,27,-25827.41825550003,-0.04392975219551243,3,stop
326030,2023-01-26,2023-01-31,74200.0,72400.0,8,-16790.23959999997,-0.028252948940856504,3,time
000150,2023-01-26,2023-01-31,93100.0,92600.0,6,-5280.410370000172,-0.009442076768981233,3,time
003670,2023-01-27,2023-01-31,203556.0,219840.48,3,46206.77801860799,0.07557902878004863,2,target
039030,2023-01-30,2023-01-31,77500.0,74400.0,7,-23859.300814999908,-0.043929752195512206,1,stop
042660,2023-01-31,2023-02-02,19411.0,20963.88,30,44062.556157479994,0.07557902878004863,2,target
007660,2023-01-31,2023-02-03,7264.0,7157.0,80,-10916.310675999965,-0.01876337022520902,3,time
373220,2023-01-31,2023-02-03,504000.0,535000.0,1,28843.11764999997,0.057162662399555364,3,time
010140,2023-02-01,2023-02-06,5780.0,5760.0,109,-4755.521214999957,-0.007539535151050769,3,time
307950,2023-02-01,2023-02-06,115000.0,116900.0,5,7115.528525000089,0.01236061565529556,3,time
196170,2023-02-03,2023-02-06,41700.0,40032.0,13,-23841.708703799988,-0.04392975219551232,1,stop
214370,2023-02-02,2023-02-07,35720.0,36600.0,19,13889.342227999936,0.02044171885627355,3,time
086520,2023-02-06,2023-02-07,27174.0,29347.920000000002,21,43179.08045522403,0.07557902878004863,1,target
298380,2023-02-03,2023-02-08,21700.0,21700.0,25,-2223.2735000000102,-0.004093491870325372,3,time
161390,2023-02-06,2023-02-09,36250.0,36550.0,16,2408.8933599999873,0.004148493024541011,3,time
035420,2023-02-06,2023-02-09,221000.0,230000.0,2,16135.530700000003,0.03646378674129047,3,time
257720,2023-02-07,2023-02-10,3260.0,3520.8,225,55500.97872600006,0.07557902878004863,3,target
226950,2023-02-07,2023-02-10,24100.0,23136.0,30,-31797.740993999876,-0.043929752195512206,3,stop
100790,2023-02-09,2023-02-10,6120.0,5875.2,85,-22878.540615600068,-0.04392975219551243,1,stop
131970,2023-02-08,2023-02-13,33850.0,33000.0,16,-15779.491640000022,-0.029101483950391027,3,time
086520,2023-02-10,2023-02-13,37886.0,36370.56,17,-28326.025809235987,-0.04392975219551232,1,stop
003670,2023-02-10,2023-02-13,236028.0,226586.88,2,-20761.154111567943,-0.043929752195512206,1,stop
006800,2023-02-09,2023-02-14,6989.0,7089.0,75,5329.715640000068,0.01015613623283218,3,time
078600,2023-02-10,2023-02-14,98000.0,94080.0,6,-25860.403463999974,-0.04392975219551232,2,stop
082740,2023-02-13,2023-02-14,8000.0,8640.0,78,47215.55654400005,0.07557902878004863,1,target
003230,2023-02-14,2023-02-15,129900.0,124704.0,4,-22852.152448799985,-0.04392975219551232,1,stop
012450,2023-02-13,2023-02-16,89844.0,89336.0,6,-5248.206428399892,-0.009724591399841609,3,time
095340,2023-02-13,2023-02-16,37850.0,38550.0,16,8685.111919999938,0.014324858346075331,3,time
080220,2023-02-15,2023-02-16,5110.0,4905.599999999999,130,-29216.098675400135,-0.04392975219551254,1,stop
267250,2023-02-14,2023-02-17,62400.0,62300.0,9,-3198.895875000162,-0.005689495889764196,3,time
047050,2023-02-14,2023-02-17,22900.0,22700.0,27,-7917.997589999926,-0.012791365303772118,3,time
000990,2023-02-17,2023-02-20,50300.0,48288.0,14,-30970.911767599988,-0.04392975219551232,1,stop
051910,2023-02-17,2023-02-20,707000.0,678720.0,1,-31094.05654599995,-0.043929752195512206,1,stop
257720,2023-02-16,2023-02-21,3270.0,3320.0,181,6597.718513499945,0.011134436388538171,3,time
100790,2023-02-16,2023-02-21,6130.0,6020.0,97,-13075.375008500065,-0.021964571135295152,3,time
005490,2023-02-16,2023-02-21,329000.0,346000.0,1,15601.575350000057,0.047366722835463504,3,time
241560,2023-02-20,2023-02-22,39350.0,37776.0,17,-29420.60696809995,-0.043929752195512206,2,stop
028300,2023-02-21,2023-02-22,36339.0,34885.44,14,-22374.790511387924,-0.043929752195512206,1,stop
298380,2023-02-21,2023-02-22,21700.0,20832.0,23,-21950.55674979987,-0.043929752195512095,1,stop
267270,2023-02-20,2023-02-23,57300.0,58500.0,12,11539.625759999966,0.016763188928201833,3,time
066970,2023-02-22,2023-02-23,244500.0,234720.0,2,-21506.355941999995,-0.04392975219551232,1,stop
247540,2023-02-22,2023-02-23,159100.0,152736.0,3,-20991.786689399916,-0.043929752195512206,1,stop
034220,2023-02-21,2023-02-24,14890.0,14294.4,34,-22265.455540280032,-0.04392975219551243,3,stop
108490,2023-02-23,2023-02-24,29847.0,32234.760000000002,19,42909.633985908,0.07557902878004863,1,target
352820,2023-02-23,2023-02-24,192000.0,184320.0,2,-16888.426752,-0.04392975219551232,1,stop
180640,2023-02-24,2023-02-27,41700.0,45036.0,13,41018.514747599955,0.07557902878004863,1,target
277810,2023-02-24,2023-02-27,79700.0,86076.0,6,36183.46015919995,0.07557902878004863,1,target
272210,2023-02-24,2023-02-27,13730.0,13180.8,40,-24153.96867760003,-0.04392975219551243,1,stop
267260,2023-02-23,2023-02-28,40450.0,42050.0,14,20013.15301999997,0.035299596213913986,3,time
298040,2023-02-23,2023-02-28,70500.0,71100.0,8,2474.464559999993,0.004382308198863427,3,time
007660,2023-02-27,2023-02-28,9345.0,8971.199999999999,61,-25070.737572510145,-0.04392975219551254,1,stop
257720,2023-02-27,2023-02-28,3735.0,3585.6,153,-25132.749764490058,-0.04392975219551243,1,stop
108490,2023-02-28,2023-03-02,39147.0,37581.119999999995,14,-24103.743200124125,-0.04392975219551254,1,stop
086520,2023-02-28,2023-03-02,54936.0,59330.880000000005,10,41567.84958815994,0.07557902878004841,1,target
247540,2023-02-28,2023-03-02,168200.0,161472.0,3,-22192.448278800002,-0.04392975219551232,1,stop
079550,2023-02-27,2023-03-03,77400.0,74900.0,7,-19668.813884999952,-0.0362610147427308,3,time
000150,2023-02-28,2023-03-06,99500.0,107460.0,5,37643.81310999999,0.07557902878004863,3,target
000250,2023-03-02,2023-03-06,53500.0,57780.00000000001,11,44529.415106000146,0.07557902878004885,2,target
257720,2023-03-02,2023-03-06,3780.0,3628.7999999999997,157,-26100.535781880026,-0.04392975219551243,2,stop
298040,2023-03-03,2023-03-06,78500.0,75360.0,6,-20714.710938000004,-0.04392975219551232,1,stop
323410,2023-03-02,2023-03-07,26450.0,26200.0,22,-7868.528304999927,-0.013506596862099096,3,time
247540,2023-03-06,2023-03-07,199800.0,215784.0,2,30236.116017599998,0.07557902878004863,1,target
178320,2023-03-06,2023-03-08,18200.0,19656.0,30,41313.61197600013,0.07557902878004885,2,target
353200,2023-03-07,2023-03-08,22700.0,21792.0,27,-26955.512386200135,-0.04392975219551254,1,stop
067310,2023-03-07,2023-03-08,9487.0,9107.52,65,-27120.65833008988,-0.043929752195512095,1,stop
078600,2023-03-06,2023-03-09,102900.0,98784.0,5,-22627.853030999948,-0.043929752195512206,3,stop
068270,2023-03-06,2023-03-09,140659.0,144616.0,4,13475.543409399921,0.023923215575832435,3,time
003670,2023-03-08,2023-03-09,251051.0,241008.96,2,-22082.58554435603,-0.04392975219551243,1,stop
226950,2023-03-08,2023-03-09,23100.0,24948.0,25,43697.08958999999,0.07557902878004863,1,target
000990,2023-03-09,2023-03-10,52100.0,50016.0,10,-22913.724838000024,-0.04392975219551243,1,stop
086520,2023-03-09,2023-03-10,65139.0,62533.439999999995,8,-22918.650629136013,-0.04392975219551232,1,stop
241560,2023-03-09,2023-03-10,41750.0,40080.0,13,-23870.295884500025,-0.04392975219551243,1,stop
083650,2023-03-09,2023-03-10,6810.0,6537.599999999999,84,-25158.47822712001,-0.04392975219551232,1,stop
028300,2023-03-08,2023-03-13,31523.0,34044.840000000004,18,42933.922757783905,0.07557902878004841,3,target
058610,2023-03-10,2023-03-13,23850.0,22896.0,23,-24125.381496899994,-0.04392975219551232,1,stop
032820,2023-03-10,2023-03-13,1459.0,1400.6399999999999,376,-24126.87682635209,-0.04392975219551254,1,stop
034020,2023-03-10,2023-03-14,18030.0,17308.8,30,-23788.93237019988,-0.043929752195512095,2,stop
028050,2023-03-10,2023-03-15,28650.0,30200.0,19,27132.32475749997,0.04978626685920329,3,time
003550,2023-03-13,2023-03-15,88200.0,84672.0,6,-23274.363117599976,-0.04392975219551232,2,stop
096770,2023-03-13,2023-03-15,169042.0,162280.32,3,-22303.542461027973,-0.04392975219551232,2,stop
005940,2023-03-13,2023-03-15,9260.0,8889.6,60,-24435.44245680014,-0.04392975219551254,2,stop
086520,2023-03-14,2023-03-15,72791.0,78614.28,8,44062.404825567966,0.07557902878004863,1,target
377300,2023-03-15,2023-03-16,62500.0,60000.0,8,-21990.139000000025,-0.04392975219551243,1,stop
058610,2023-03-16,2023-03-17,29500.0,31860.000000000004,18,40178.62263600016,0.07557902878004885,1,target
080220,2023-03-16,2023-03-17,4760.0,5140.8,113,40699.20441328001,0.07557902878004863,1,target
277810,2023-03-17,2023-03-20,114200.0,123336.00000000001,5,43205.26087600016,0.07557902878004885,1,target
003670,2023-03-17,2023-03-20,259776.0,249384.96,2,-22850.041395456064,-0.04392975219551243,1,stop
006260,2023-03-16,2023-03-21,70900.0,72300.0,7,7737.172450000013,0.01557179884027482,3,time
010120,2023-03-16,2023-03-21,11120.0,11200.0,48,1641.2242560000159,0.0030713031521902856,3,time
032820,2023-03-16,2023-03-21,1391.0,1421.0,390,9442.275296999956,0.01738544072772652,3,time
319660,2023-03-20,2023-03-21,21050.0,20208.0,29,-26847.760705100023,-0.04392975219551232,1,stop
403870,2023-03-21,2023-03-22,24400.0,23424.0,22,-23608.61323040002,-0.04392975219551232,1,stop
086520,2023-03-21,2023-03-22,79069.0,85394.52,6,35896.98884978407,0.07557902878004885,1,target
310210,2023-03-21,2023-03-22,24242.0,23272.32,22,-23455.737784071942,-0.043929752195512206,1,stop
196170,2023-03-20,2023-03-23,37050.0,36800.0,16,-6417.620760000078,-0.010813508794277449,3,time
003230,2023-03-22,2023-03-23,119900.0,115104.0,4,-21092.941328799992,-0.04392975219551232,1,stop
277810,2023-03-22,2023-03-23,130800.0,141264.0,4,39588.42817919998,0.07557902878004863,1,target
214370,2023-03-21,2023-03-24,38800.0,37248.0,14,-23890.087009600014,-0.04392975219551232,3,stop
067310,2023-03-23,2023-03-24,11564.0,12489.12,49,42875.05464401608,0.07557902878004885,1,target
263750,2023-03-23,2023-03-24,44650.0,42864.0,12,-23564.632952400018,-0.04392975219551232,1,stop
017670,2023-03-22,2023-03-27,48500.0,48400.0,11,-3283.146844999981,-0.006146907351005093,3,time
247540,2023-03-24,2023-03-27,245000.0,235200.0,2,-21550.336219999997,-0.04392975219551232,1,stop
078600,2023-03-24,2023-03-27,97700.0,93792.0,5,-21484.365802999993,-0.04392975219551232,1,stop
036930,2023-03-24,2023-03-27,13390.0,14461.2,42,42553.0203352801,0.07557902878004885,1,target
240810,2023-03-23,2023-03-28,33300.0,34200.0,17,12934.903815000085,0.022822900241287636,3,time
000990,2023-03-27,2023-03-28,57800.0,62424.00000000001,9,39361.43031120015,0.07557902878004885,1,target
084370,2023-03-27,2023-03-28,30800.0,29568.0,18,-24382.66612319986,-0.043929752195512095,1,stop
042700,2023-03-27,2023-03-29,20400.0,22032.0,27,41676.80856480007,0.07557902878004885,2,target
218410,2023-03-28,2023-03-29,22700.0,24516.0,25,42940.43003000005,0.07557902878004863,1,target
353200,2023-03-27,2023-03-30,23600.0,25488.0,23,41071.48091679986,0.07557902878004841,3,target
000250,2023-03-28,2023-03-30,78500.0,84780.0,7,41578.44282200013,0.07557902878004885,2,target
006260,2023-03-28,2023-03-31,77400.0,79600.0,7,13134.19526999991,0.024213928257391437,3,time
007660,2023-03-29,2023-03-31,10210.0,9801.6,62,-27840.39557955996,-0.04392975219551232,2,stop
086520,2023-03-30,2023-03-31,99867.0,95872.31999999999,5,-21960.89211513009,-0.04392975219551254,1,stop
034220,2023-03-29,2023-04-03,15093.0,14489.279999999999,42,-27879.362105868175,-0.04392975219551265,3,stop
108490,2023-03-31,2023-04-03,40900.0,39264.0,14,-25183.107182799955,-0.043929752195512206,1,stop
319400,2023-03-31,2023-04-03,3685.0,3537.6,157,-25444.569935509935,-0.043929752195512206,1,stop
214150,2023-03-30,2023-04-04,20700.0,21450.0,28,18562.77422999998,0.03199007726480785,3,time
083650,2023-04-03,2023-04-04,7770.0,8391.6,75,44094.3358590001,0.07557902878004885,1,target
005490,2023-04-03,2023-04-04,385000.0,369600.0,1,-16932.407029999944,-0.043929752195512206,1,stop
066970,2023-04-03,2023-04-04,340000.0,326400.0,1,-14953.294519999996,-0.04392975219551232,1,stop
096770,2023-03-31,2023-04-05,180554.0,176225.0,3,-15168.552883050055,-0.02797155202791468,3,time
214450,2023-04-04,2023-04-05,75900.0,81972.0,7,40201.3224228,0.07557902878004863,1,target
298040,2023-04-04,2023-04-06,71100.0,68256.0,8,-25015.982126399875,-0.043929752195512095,2,stop
310210,2023-04-05,2023-04-06,30590.0,33037.200000000004,19,43977.8102867601,0.07557902878004885,1,target
196170,2023-04-05,2023-04-06,45400.0,49032.0,13,44658.047231200035,0.07557902878004863,1,target
214370,2023-04-04,2023-04-07,42700.0,40992.0,13,-24413.452317800024,-0.04392975219551243,3,stop
047040,2023-04-04,2023-04-07,4185.0,4017.6,141,-25952.102343630162,-0.04392975219551265,3,stop
067310,2023-04-06,2023-04-07,13975.0,15093.000000000002,44,46526.996344400104,0.07557902878004885,1,target
352820,2023-04-07,2023-04-10,206000.0,222480.00000000003,2,31174.373872000084,0.07557902878004885,1,target
078600,2023-04-07,2023-04-10,124900.0,134892.0,4,37802.711617600115,0.07557902878004885,1,target
000250,2023-04-06,2023-04-11,86000.0,86300.0,7,-373.3073049999075,-0.0006193994001053582,3,time
000100,2023-04-07,2023-04-12,51107.0,55195.560000000005,11,42537.66014621209,0.07557902878004885,3,target
131290,2023-04-10,2023-04-12,44800.0,43008.0,14,-27584.430361599894,-0.043929752195512206,2,stop
222800,2023-04-10,2023-04-12,32400.0,31104.0,19,-27074.259136800072,-0.04392975219551243,2,stop
086520,2023-04-11,2023-04-12,148134.0,142208.63999999998,4,-26059.898005008115,-0.04392975219551254,1,stop
095340,2023-04-10,2023-04-13,40450.0,39750.0,15,-12955.62832499994,-0.021327967907179946,3,time
310210,2023-04-12,2023-04-13,36446.0,39361.68,16,44123.54291801597,0.07557902878004863,1,target
036930,2023-04-12,2023-04-13,19100.0,18336.0,31,-26040.722603800008,-0.04392975219551232,1,stop
326030,2023-04-12,2023-04-13,68900.0,74412.0,8,41707.07494720002,0.07557902878004863,1,target
003550,2023-04-13,2023-04-14,96700.0,92832.0,6,-25517.3572956,-0.04392975219551232,1,stop
000250,2023-04-13,2023-04-14,93500.0,100980.0,6,42448.6013160001,0.07557902878004885,1,target
267270,2023-04-13,2023-04-14,53300.0,57564.00000000001,12,48395.94545760006,0.07557902878004863,1,target
001440,2023-04-13,2023-04-14,14125.0,15255.000000000002,45,48095.17328250012,0.07557902878004885,1,target
307950,2023-04-12,2023-04-17,127100.0,125100.0,4,-10059.940480000048,-0.01976471937826685,3,time
267260,2023-04-14,2023-04-17,45550.0,49194.0,14,48252.18014119996,0.07557902878004863,1,target
263750,2023-04-14,2023-04-18,46950.0,45072.0,14,-28908.2367294,-0.04392975219551232,2,stop
047050,2023-04-17,2023-04-18,27450.0,29646.000000000004,23,47771.701320600114,0.07557902878004885,1,target
377300,2023-04-17,2023-04-18,59900.0,57504.0,10,-26344.186522000004,-0.04392975219551232,1,stop
003670,2023-04-17,2023-04-18,338290.0,365353.2,1,25597.036255239975,0.07557902878004863,1,target
298040,2023-04-14,2023-04-19,78100.0,77800.0,8,-4953.480040000053,-0.00791899702319232,3,time
032820,2023-04-18,2023-04-19,1845.0,1771.2,354,-28724.838970139856,-0.043929752195512095,1,stop
034020,2023-04-18,2023-04-19,19400.0,18624.0,33,-28156.17397559993,-0.043929752195512206,1,stop
047810,2023-04-18,2023-04-20,54300.0,58644.00000000001,12,49303.93692960008,0.07557902878004885,2,target
336260,2023-04-18,2023-04-20,34550.0,33168.0,18,-27351.334888200043,-0.04392975219551243,2,stop
178320,2023-04-19,2023-04-20,18870.0,18115.2,33,-27386.958913380047,-0.04392975219551243,1,stop
319400,2023-04-20,2023-04-21,4995.0,4795.2,131,-28778.275007909862,-0.043929752195512095,1,stop
000880,2023-04-20,2023-04-21,30000.0,28800.0,21,-27707.575139999855,-0.043929752195512095,1,stop
042660,2023-04-20,2023-04-21,26474.0,25415.04,24,-27944.013114528032,-0.04392975219551243,1,stop
257720,2023-04-19,2023-04-24,3350.0,3216.0,189,-27846.113015700015,-0.04392975219551232,3,stop
005830,2023-04-19,2023-04-24,80800.0,82000.0,7,6057.294459999888,0.010697198844471512,3,time
064350,2023-04-21,2023-04-24,32050.0,34614.0,19,46076.78390619997,0.07557902878004863,1,target
079550,2023-04-21,2023-04-25,81300.0,87804.0,7,43061.49555959995,0.07557902878004863,2,target
011200,2023-04-21,2023-04-25,21750.0,20880.0,28,-26783.98930200003,-0.04392975219551243,2,stop
039030,2023-04-24,2023-04-25,88000.0,84480.0,7,-27091.851247999934,-0.043929752195512206,1,stop
403870,2023-04-24,2023-04-25,21950.0,21072.0,29,-27995.6459609,-0.04392975219551232,1,stop
138040,2023-04-25,2023-04-26,45450.0,43632.0,13,-25985.747256300063,-0.04392975219551243,1,stop
180640,2023-04-25,2023-04-26,45750.0,43920.0,13,-26157.270340499934,-0.043929752195512206,1,stop
267260,2023-04-24,2023-04-27,51800.0,49728.0,12,-27338.14080480009,-0.04392975219551243,3,stop
307950,2023-04-25,2023-04-28,123500.0,122800.0,4,-4816.256259999995,-0.009738306086444992,3,time
005380,2023-04-26,2023-04-28,205500.0,197280.0,3,-27113.841386999935,-0.043929752195512206,2,stop
000810,2023-04-26,2023-05-02,226500.0,227500.0,2,137.6192999999621,0.00030344635541257325,3,time
087010,2023-04-26,2023-05-02,7171.0,6997.0,88,-17853.020372000057,-0.02825856402407856,3,time
064760,2023-04-27,2023-05-02,100600.0,96576.0,7,-30970.911767599988,-0.04392975219551232,2,stop
086520,2023-04-28,2023-05-02,147153.0,141266.88,3,-19415.489545602002,-0.04392975219551232,1,stop
138040,2023-05-02,2023-05-03,46400.0,44544.0,12,-24488.21879039996,-0.04392975219551232,1,stop
319400,2023-05-02,2023-05-03,4455.0,4811.400000000001,132,44496.122085359995,0.07557902878004863,1,target
267270,2023-04-28,2023-05-04,67600.0,69900.0,8,16129.449320000014,0.02979090115775529,3,time
402340,2023-05-02,2023-05-08,42500.0,42100.0,13,-7448.925639999914,-0.013466729593898608,3,time
032830,2023-05-02,2023-05-08,66300.0,67400.0,8,6600.371880000108,0.01242984386033319,3,time
042700,2023-05-04,2023-05-08,22650.0,21744.0,26,-25899.985714199836,-0.043929752195512095,1,stop
237690,2023-05-03,2023-05-09,90200.0,88400.0,7,-15150.4580499999,-0.023967457664487157,3,time
180640,2023-05-03,2023-05-09,40700.0,41750.0,15,13201.617112500127,0.02159942787257796,3,time
043260,2023-05-08,2023-05-09,1720.0,1651.2,322,-24358.03716752003,-0.04392975219551243,1,stop
005290,2023-05-09,2023-05-10,31100.0,29856.0,21,-28723.519561800058,-0.04392975219551243,1,stop
326030,2023-05-08,2023-05-11,72100.0,69500.0,7,-20214.70702999999,-0.0400069027044051,3,time
259960,2023-05-08,2023-05-11,198300.0,198800.0,2,-628.2941700000083,-0.0015823811589544823,3,time
257720,2023-05-10,2023-05-11,3895.0,4206.6,168,49512.77496815997,0.07557902878004863,1,target
058610,2023-05-09,2023-05-12,31700.0,32000.0,20,3384.052900000126,0.005331490856454124,3,time
047040,2023-05-09,2023-05-12,4320.0,4225.0,152,-17088.472206000122,-0.02599421369262167,3,time
066570,2023-05-11,2023-05-15,115500.0,110880.0,4,-20318.88843599998,-0.04392975219551232,2,stop
138040,2023-05-12,2023-05-15,45800.0,43968.0,15,-30214.45098600001,-0.04392975219551232,1,stop
319400,2023-05-12,2023-05-15,4825.0,4632.0,150,-31830.726202499936,-0.043929752195512206,1,stop
000270,2023-05-11,2023-05-16,90500.0,86880.0,5,-19901.07579500001,-0.04392975219551232,3,stop
017670,2023-05-11,2023-05-16,50000.0,49600.0,10,-6037.30780000001,-0.012060743935362717,3,time
011070,2023-05-15,2023-05-16,281500.0,270240.0,2,-24760.896513999905,-0.043929752195512206,1,stop
257720,2023-05-16,2023-05-17,4835.0,5221.8,107,39145.40400681994,0.07557902878004841,1,target
326030,2023-05-15,2023-05-18,71600.0,69700.0,8,-17502.638599999947,-0.030521178538570837,3,time
005940,2023-05-15,2023-05-18,9430.0,9380.0,64,-5663.911903999979,-0.00937401418278383,3,time
043260,2023-05-17,2023-05-18,1645.0,1776.6000000000001,377,46925.377602740075,0.07557902878004885,1,target
039490,2023-05-16,2023-05-19,96300.0,94100.0,5,-12940.854749999999,-0.026845250103817442,3,time
263750,2023-05-16,2023-05-19,44800.0,46150.0,11,12786.62849750003,0.025917083709475097,3,time
028300,2023-05-18,2023-05-19,38246.0,36716.159999999996,15,-25231.045685820165,-0.04392975219551265,1,stop
131290,2023-05-18,2023-05-19,36150.0,39042.0,16,43765.188950399985,0.07557902878004863,1,target
214150,2023-05-18,2023-05-22,26500.0,25440.0,22,-25640.502073999844,-0.043929752195512095,2,stop
047050,2023-05-19,2023-05-22,31300.0,30048.0,17,-23401.90592379996,-0.043929752195512206,1,stop
095340,2023-05-19,2023-05-22,42750.0,46170.0,13,42051.35504700011,0.07557902878004885,1,target
067310,2023-05-19,2023-05-24,14625.0,14720.0,38,1321.782889500144,0.0023756444217992723,3,time
058610,2023-05-19,2023-05-24,31350.0,32000.0,17,8833.288357499987,0.01655528740509049,3,time
042700,2023-05-22,2023-05-25,25950.0,28026.000000000004,22,43197.694280400174,0.07557902878004885,3,target
005290,2023-05-22,2023-05-25,35250.0,35650.0,16,4069.7476800000295,0.007207574888592916,3,time
353200,2023-05-22,2023-05-25,23500.0,23450.0,24,-3507.847139999969,-0.0062124418876224885,3,time
083650,2023-05-24,2023-05-25,8350.0,8016.0,66,-24237.531205800013,-0.04392975219551232,1,stop
028300,2023-05-24,2023-05-25,35719.0,34290.24,15,-23563.973248229944,-0.043929752195512206,1,stop
082740,2023-05-25,2023-05-26,8970.0,8611.199999999999,62,-24459.19180691999,-0.04392975219551232,1,stop
042660,2023-05-25,2023-05-26,27007.0,25926.719999999998,20,-23755.507358919946,-0.043929752195512206,1,stop
298040,2023-05-25,2023-05-26,84000.0,80640.0,6,-22166.060111999977,-0.04392975219551232,1,stop
263750,2023-05-26,2023-05-30,47850.0,45936.0,11,-23149.01932530006,-0.04392975219551243,1,stop
007660,2023-05-26,2023-05-30,12895.0,13926.6,43,41955.63761265995,0.07557902878004863,1,target
009540,2023-05-25,2023-05-31,98200.0,96200.0,5,-11982.73570000002,-0.024376720141805475,3,time
006800,2023-05-25,2023-05-31,7427.0,7268.0,75,-14172.644358749967,-0.02541423171045165,3,time
039030,2023-05-26,2023-05-31,94800.0,91008.0,5,-20846.651772000012,-0.04392975219551232,2,stop
005290,2023-05-30,2023-05-31,39700.0,38112.0,15,-26190.255548999994,-0.04392975219551232,1,stop
403870,2023-05-30,2023-06-01,26500.0,28620.000000000004,23,46118.40018200013,0.07557902878004885,2,target
180640,2023-05-31,2023-06-01,45850.0,49518.0,11,38162.124908599886,0.07557902878004841,1,target
263750,2023-06-01,2023-06-02,51200.0,49152.0,14,-31525.063270400045,-0.04392975219551243,1,stop
066570,2023-05-31,2023-06-05,125200.0,127200.0,4,5924.037040000025,0.011815557780308517,3,time
011070,2023-05-31,2023-06-05,310500.0,308000.0,1,-3765.120975000027,-0.012112062789243927,3,time
377300,2023-05-31,2023-06-05,58200.0,58800.0,8,2877.727439999988,0.006173585533073345,3,time
196170,2023-06-01,2023-06-05,50000.0,48000.0,14,-30786.19459999993,-0.043929752195512206,2,stop
003230,2023-06-02,2023-06-08,115800.0,121000.0,6,28260.591479999945,0.0406276984774665,3,time
267260,2023-06-05,2023-06-09,52500.0,54100.0,9,12421.148580000037,0.026257944567912528,3,time
298040,2023-06-05,2023-06-09,88200.0,95256.0,5,33368.68659600004,0.07557902878004863,3,target
009830,2023-06-05,2023-06-09,47250.0,48300.0,10,8532.645974999992,0.018037763865889733,3,time
138040,2023-06-05,2023-06-09,46850.0,44976.0,10,-20604.760242999997,-0.04392975219551232,3,stop
047050,2023-06-09,2023-06-12,38400.0,36864.0,13,-21954.95477760001,-0.04392975219551232,1,stop
086520,2023-06-08,2023-06-13,128513.0,138794.04,6,58344.35402056808,0.07557902878004863,3,target
067310,2023-06-09,2023-06-13,16488.0,17807.04,30,37427.40847584,0.07557902878004863,2,target
086280,2023-06-09,2023-06-13,89234.0,96372.72,5,33759.87958851998,0.07557902878004863,2,target
010120,2023-06-09,2023-06-14,14540.0,14640.0,34,1363.9904779999633,0.002755933907732766,3,time
007660,2023-06-12,2023-06-14,17504.0,18904.32,31,41058.16370854399,0.07557902878004863,2,target
323410,2023-06-13,2023-06-15,26850.0,25776.0,22,-25979.150214600028,-0.04392975219551243,2,stop
031980,2023-06-14,2023-06-15,12130.0,13100.400000000001,48,44055.746221440146,0.07557902878004885,1,target
010170,2023-06-14,2023-06-15,1773.0,1914.8400000000001,333,44673.861416004016,0.07557902878004863,1,target
326030,2023-06-13,2023-06-16,77400.0,83592.0,7,40995.81496079988,0.07557902878004841,3,target
064350,2023-06-13,2023-06-16,32200.0,33800.0,19,27803.10051999986,0.04539254580071406,3,time
214150,2023-06-15,2023-06-16,32300.0,31008.0,18,-25570.13362920005,-0.04392975219551243,1,stop
131290,2023-06-16,2023-06-19,48500.0,52380.0,13,47707.38525800011,0.07557902878004885,1,target
267270,2023-06-15,2023-06-20,69500.0,75060.0,8,42070.27153600007,0.07557902878004885,3,target
010130,2023-06-15,2023-06-20,506000.0,495500.0,1,-12542.734674999956,-0.024759536011356054,3,time
222800,2023-06-16,2023-06-20,35050.0,33648.0,18,-27747.157390200067,-0.04392975219551243,2,stop
042700,2023-06-16,2023-06-20,28700.0,30996.000000000004,22,47775.48461840011,0.07557902878004885,2,target
042660,2023-06-19,2023-06-20,29495.0,31854.600000000002,25,55794.18430550012,0.07557902878004885,1,target
087010,2023-06-20,2023-06-21,8740.0,9439.2,72,47615.072791679995,0.07557902878004863,1,target
031980,2023-06-20,2023-06-22,17760.0,17049.6,35,-27338.14080480009,-0.04392975219551243,2,stop
012450,2023-06-20,2023-06-23,139860.0,136907.0,4,-14069.874641400063,-0.025121033115191205,3,time
064350,2023-06-20,2023-06-23,37900.0,36900.0,16,-18437.97967999999,-0.030370708443667627,3,time
000880,2023-06-20,2023-06-23,31850.0,30576.0,19,-26614.665231700055,-0.04392975219551243,3,stop
178320,2023-06-21,2023-06-26,20650.0,19824.0,40,-36327.709627999924,-0.043929752195512206,3,stop
277810,2023-06-23,2023-06-26,96700.0,92832.0,5,-21264.46441299998,-0.04392975219551232,1,stop
000270,2023-06-22,2023-06-27,83400.0,86200.0,7,17149.689060000004,0.029342218234747586,3,time
031980,2023-06-26,2023-06-27,17780.0,19202.4,45,60540.33139560011,0.07557902878004885,1,target
357780,2023-06-23,2023-06-28,250000.0,250500.0,2,-1052.0480500000413,-0.0021016788540660913,3,time
005490,2023-06-23,2023-06-28,398000.0,389500.0,1,-10106.025175000017,-0.025362851968572242,3,time
087010,2023-06-27,2023-06-28,11173.0,10726.08,66,-32431.848642203957,-0.04392975219551232,1,stop
145020,2023-06-27,2023-06-28,114100.0,109536.0,6,-30108.898318800027,-0.04392975219551232,1,stop
042700,2023-06-26,2023-06-29,30000.0,30200.0,26,1988.0741399999242,0.002545884850539082,3,time
257720,2023-06-28,2023-06-29,7280.0,6988.8,79,-25293.93748336006,-0.04392975219551243,1,stop
000250,2023-06-28,2023-06-29,63200.0,60672.0,9,-25015.982126399875,-0.043929752195512095,1,stop
003230,2023-06-28,2023-06-29,110000.0,105600.0,5,-24189.15289999987,-0.043929752195512095,1,stop
098460,2023-06-29,2023-06-30,16930.0,16252.8,36,-26805.099835440167,-0.04392975219551265,1,stop
307950,2023-06-29,2023-06-30,131500.0,142020.0,4,39800.2928559999,0.07557902878004841,1,target
058470,2023-06-29,2023-06-30,29953.0,28754.879999999997,20,-26346.82533868018,-0.04392975219551265,1,stop
263750,2023-06-28,2023-07-03,54400.0,52224.0,10,-23925.271231999912,-0.043929752195512206,3,stop
031980,2023-06-30,2023-07-03,20800.0,22464.0,30,47215.55654399993,0.07557902878004863,1,target
007660,2023-06-30,2023-07-03,27911.0,30143.88,22,46462.07495415211,0.07557902878004885,1,target
267270,2023-06-29,2023-07-04,82600.0,89208.0,7,43750.05575920001,0.07557902878004863,3,target
298040,2023-07-03,2023-07-04,117500.0,126900.00000000001,5,44453.74915000016,0.07557902878004885,1,target
036930,2023-06-30,2023-07-05,19150.0,18900.0,32,-10487.792560000089,-0.01709488231588263,3,time
005290,2023-07-03,2023-07-05,42500.0,40800.0,14,-26168.265409999993,-0.04392975219551232,2,stop
087010,2023-07-03,2023-07-05,13257.0,14317.560000000001,47,47145.86819852423,0.07557902878004907,2,target
086520,2023-07-04,2023-07-07,179919.0,192280.0,3,34761.645324449986,0.0643284110248159,3,time
257720,2023-07-04,2023-07-07,7750.0,7490.0,86,-25025.53190199996,-0.0375045489172563,3,time
082740,2023-07-05,2023-07-07,10990.0,11869.2,59,49062.562529960065,0.07557902878004863,2,target
047050,2023-07-05,2023-07-10,43450.0,42500.0,15,-16878.992137499852,-0.025868202634955484,3,time
267260,2023-07-05,2023-07-10,67700.0,68400.0,9,3784.394025000045,0.006203916633231277,3,time
003670,2023-07-10,2023-07-11,395480.0,379660.8,1,-17393.32034344005,-0.04392975219551243,1,stop
042660,2023-07-10,2023-07-11,36824.0,39769.920000000006,19,52940.140111136134,0.07557902878004885,1,target
035420,2023-07-07,2023-07-12,195600.0,202000.0,3,16738.57368000003,0.028492406146187532,3,time
161390,2023-07-07,2023-07-12,36750.0,36650.0,17,-4255.338764999993,-0.006803441552310829,3,time
035720,2023-07-07,2023-07-12,50600.0,51600.0,12,9476.19636000006,0.015588454930656415,3,time
087010,2023-07-12,2023-07-13,15922.0,15285.119999999999,38,-26609.651480008033,-0.04392975219551243,1,stop
131970,2023-07-12,2023-07-13,43700.0,47196.0,14,46292.43188079994,0.07557902878004863,1,target
047040,2023-07-11,2023-07-14,4165.0,4275.0,172,15928.354378000018,0.022208960925416354,3,time
001440,2023-07-11,2023-07-14,12581.0,12672.0,57,2232.819575249916,0.0031100286955914047,3,time
095340,2023-07-13,2023-07-14,63000.0,68040.0,9,42902.597052000114,0.07557902878004885,1,target
310210,2023-07-13,2023-07-14,38494.0,41573.520000000004,16,46602.96496422414,0.07557902878004885,1,target
272210,2023-07-12,2023-07-17,17070.0,16387.2,36,-27026.76043655991,-0.043929752195512206,3,stop
083650,2023-07-14,2023-07-17,10800.0,10368.0,64,-30399.16815360007,-0.04392975219551243,1,stop
042700,2023-07-14,2023-07-17,43250.0,46710.0,16,52360.84155200003,0.07557902878004863,1,target
353200,2023-07-14,2023-07-17,35000.0,37800.0,19,50317.86074000003,0.07557902878004863,1,target
010170,2023-07-14,2023-07-17,2059.0,1976.6399999999999,338,-30607.722631876008,-0.04392975219551232,1,stop
307950,2023-07-17,2023-07-18,157800.0,151488.0,4,-27760.35147360002,-0.04392975219551232,1,stop
087010,2023-07-17,2023-07-18,16241.0,17540.280000000002,42,51613.41323863203,0.07557902878004863,1,target
403870,2023-07-17,2023-07-19,34350.0,37098.0,19,49383.386183400056,0.07557902878004863,2,target
007660,2023-07-17,2023-07-19,36226.0,34776.96,18,-28678.13191490411,-0.04392975219551254,2,stop
036930,2023-07-18,2023-07-19,21450.0,20592.0,38,-35848.32459779992,-0.043929752195512206,1,stop
012330,2023-07-17,2023-07-20,248500.0,242500.0,2,-14001.428799999994,-0.028139524259774173,3,time
018260,2023-07-18,2023-07-20,133700.0,128352.0,6,-35280.979011599906,-0.043929752195512206,2,stop
247540,2023-07-19,2023-07-20,330000.0,356400.0,2,49939.530960000004,0.07557902878004863,1,target
078600,2023-07-19,2023-07-20,114900.0,110304.0,6,-30320.003653199994,-0.04392975219551232,1,stop
087010,2023-07-20,2023-07-21,25923.0,27996.84,28,54921.68016686395,0.07557902878004863,1,target
066970,2023-07-20,2023-07-21,270000.0,259200.0,2,-23749.3501199999,-0.043929752195512206,1,stop
310210,2023-07-20,2023-07-21,42180.0,45554.4,17,54257.03040936007,0.07557902878004863,1,target
003670,2023-07-19,2023-07-24,451215.0,487312.2,1,34141.61433653999,0.07557902878004863,3,target
031980,2023-07-21,2023-07-24,26250.0,25200.0,29,-33479.98662750004,-0.04392975219551243,1,stop
011200,2023-07-21,2023-07-24,21050.0,20208.0,37,-34254.03952029988,-0.043929752195512206,1,stop
028300,2023-07-21,2023-07-24,32238.0,30948.48,24,-34028.06885193603,-0.04392975219551232,1,stop
000250,2023-07-20,2023-07-25,62000.0,62700.0,11,4882.327615000075,0.007150613866622635,3,time
005490,2023-07-24,2023-07-25,566000.0,611280.0,1,42826.931096000015,0.07557902878004863,1,target
000100,2023-07-24,2023-07-25,64793.0,62201.28,10,-28496.141524540028,-0.04392975219551232,1,stop
086520,2023-07-24,2023-07-25,225830.0,243896.40000000002,3,51262.928530440084,0.07557902878004885,1,target
226950,2023-07-24,2023-07-25,17610.0,16905.6,38,-29430.722432040027,-0.04392975219551243,1,stop
047050,2023-07-25,2023-07-26,70500.0,76140.0,9,48010.04908200004,0.07557902878004863,1,target
007660,2023-07-25,2023-07-26,40650.0,39024.0,17,-30392.571111899917,-0.043929752195512206,1,stop
095340,2023-07-25,2023-07-26,90200.0,86592.0,7,-27769.14752920007,-0.04392975219551243,1,stop
096770,2023-07-25,2023-07-26,198758.0,190807.68,3,-26224.296284171985,-0.04392975219551232,1,stop
042700,2023-07-25,2023-07-26,46950.0,45072.0,14,-28908.2367294,-0.04392975219551232,1,stop
006260,2023-07-26,2023-07-27,138000.0,132480.0,4,-24277.113455999992,-0.04392975219551232,1,stop
010120,2023-07-26,2023-07-27,24480.0,23500.8,27,-29069.204546880093,-0.04392975219551243,1,stop
000500,2023-07-26,2023-07-27,22613.0,21708.48,30,-29835.78079242003,-0.04392975219551243,1,stop
010130,2023-07-26,2023-07-27,550000.0,528000.0,1,-24189.15289999987,-0.043929752195512095,1,stop
247540,2023-07-26,2023-07-27,483000.0,463680.0,1,-21242.47427399998,-0.04392975219551232,1,stop
031980,2023-07-27,2023-07-28,27550.0,29754.000000000004,23,47945.73301940004,0.07557902878004863,1,target
039030,2023-07-28,2023-07-31,156100.0,168588.0,5,59057.27865800017,0.07557902878004885,1,target
105560,2023-07-27,2023-08-01,49950.0,52800.0,13,34279.608577499865,0.052730002587523694,3,time
011200,2023-07-27,2023-08-01,16980.0,18120.0,38,40547.96790600009,0.06276948924085435,3,time
086790,2023-07-27,2023-08-01,39650.0,39900.0,16,1388.3097200000193,0.0021858682061544066,3,time
033780,2023-07-27,2023-08-01,82900.0,83500.0,7,1809.4327300000004,0.0031145166324226814,3,time
240810,2023-07-31,2023-08-01,38050.0,36528.0,22,-36815.89071379986,-0.043929752195512206,1,stop
000150,2023-08-01,2023-08-02,106500.0,115020.00000000001,6,48350.545884000254,0.07557902878004907,1,target
277810,2023-08-01,2023-08-02,115200.0,124416.00000000001,5,43583.59065600007,0.07557902878004885,1,target
096770,2023-08-01,2023-08-02,222864.0,213949.44,3,-29404.862028576084,-0.04392975219551243,1,stop
035420,2023-08-01,2023-08-03,232500.0,223200.0,2,-20450.829269999987,-0.04392975219551232,2,stop
323410,2023-08-02,2023-08-03,30150.0,28944.0,26,-34476.13992420002,-0.04392975219551232,1,stop
310210,2023-08-02,2023-08-03,55908.0,53671.68,14,-34423.89135393605,-0.04392975219551243,1,stop
307950,2023-08-01,2023-08-04,154000.0,157100.0,4,9838.952979999944,0.01595397679981736,3,time
010120,2023-08-03,2023-08-04,21800.0,20928.0,31,-29721.87187240005,-0.04392975219551243,1,stop
001440,2023-08-03,2023-08-04,12499.0,11999.039999999999,54,-29684.312714988017,-0.04392975219551232,1,stop
326030,2023-08-02,2023-08-07,90000.0,91500.0,8,9013.919400000013,0.01250494993183593,3,time
298040,2023-08-04,2023-08-07,181300.0,174048.0,3,-23920.873204199946,-0.043929752195512206,1,stop
141080,2023-08-04,2023-08-07,37300.0,35808.0,17,-27887.89427979989,-0.043929752195512206,1,stop
090430,2023-08-03,2023-08-08,120900.0,118400.0,5,-14940.511274999939,-0.024687092121145615,3,time
196170,2023-08-04,2023-08-08,46100.0,44256.0,14,-28384.87142119999,-0.04392975219551232,2,stop
277810,2023-08-07,2023-08-08,134000.0,144720.0,5,50696.19052000006,0.07557902878004863,1,target
257720,2023-08-07,2023-08-08,9010.0,8649.6,75,-29719.672858499922,-0.043929752195512206,1,stop
108490,2023-08-07,2023-08-09,27315.0,29500.2,24,49603.57411536004,0.07557902878004863,2,target
087010,2023-08-08,2023-08-09,25972.0,28049.760000000002,25,49129.90523080004,0.07557902878004863,1,target
222800,2023-08-08,2023-08-09,37200.0,35712.0,17,-27813.12780720007,-0.04392975219551243,1,stop
003230,2023-08-08,2023-08-11,124100.0,134028.0,5,46950.72569800017,0.07557902878004885,3,target
030200,2023-08-08,2023-08-11,32250.0,32300.0,20,-1646.2870499999262,-0.002549450772449724,3,time
298040,2023-08-09,2023-08-11,189200.0,181632.0,3,-24963.205792800174,-0.04392975219551265,2,stop
003490,2023-08-09,2023-08-14,24650.0,24800.0,28,1359.0405499999179,0.001966791140605606,3,time
214450,2023-08-11,2023-08-14,155100.0,148896.0,3,-20464.0233534,-0.04392975219551232,1,stop
226950,2023-08-10,2023-08-16,16000.0,15360.0,51,-35887.90684800001,-0.04392975219551232,3,stop
145020,2023-08-11,2023-08-16,118100.0,113376.0,5,-25970.354158999864,-0.043929752195512095,2,stop
087010,2023-08-11,2023-08-16,36002.0,34561.92,17,-26917.42546545202,-0.04392975219551232,2,stop
003230,2023-08-14,2023-08-16,161400.0,174312.0,4,48849.94119359995,0.07557902878004863,1,target
310210,2023-08-14,2023-08-16,72924.0,70007.04,9,-28864.96013584803,-0.04392975219551243,1,stop
042700,2023-08-17,2023-08-18,47200.0,50976.0,13,46428.63060159993,0.07557902878004841,1,target
007660,2023-08-18,2023-08-21,31120.0,33609.600000000006,21,49449.2155651201,0.07557902878004885,1,target
131970,2023-08-17,2023-08-22,46600.0,46650.0,14,-1975.7293150000041,-0.0030249226555939535,3,time
178320,2023-08-17,2023-08-22,15000.0,15110.0,43,2072.7167235000525,0.0032098225226255828,3,time
042700,2023-08-21,2023-08-22,58800.0,56448.0,11,-28446.443810399855,-0.043929752195512095,1,stop
353200,2023-08-21,2023-08-22,29400.0,28224.0,23,-29739.463983600028,-0.04392975219551232,1,stop
145020,2023-08-21,2023-08-23,122300.0,117408.0,5,-26893.93999699992,-0.043929752195512206,2,stop
009830,2023-08-22,2023-08-23,37550.0,36048.0,17,-28074.810461300076,-0.04392975219551243,1,stop
042660,2023-08-23,2023-08-24,31316.0,30063.36,20,-27545.727716960013,-0.04392975219551232,1,stop
214150,2023-08-22,2023-08-25,37150.0,36100.0,18,-21584.748194999876,-0.03224158967748958,3,time
083650,2023-08-24,2023-08-25,7360.0,7065.599999999999,86,-27837.756762880017,-0.04392975219551232,1,stop
036930,2023-08-25,2023-08-28,26400.0,25344.0,24,-27865.90414080012,-0.04392975219551254,1,stop
035420,2023-08-25,2023-08-28,221500.0,212640.0,2,-19483.263154000044,-0.04392975219551243,1,stop
226950,2023-08-24,2023-08-29,15910.0,15273.599999999999,40,-27989.048919200082,-0.04392975219551243,3,stop
138040,2023-08-24,2023-08-29,51000.0,53200.0,12,23814.07308000012,0.038867181029386355,3,time
178320,2023-08-24,2023-08-29,15710.0,16050.0,40,10984.59764000005,0.01746018176201658,3,time
066970,2023-08-28,2023-08-29,223000.0,240840.00000000003,2,33747.01637600007,0.07557902878004885,1,target
010130,2023-08-28,2023-08-31,508000.0,548640.0,1,38438.30564799998,0.07557902878004863,3,target
329180,2023-08-29,2023-09-01,132700.0,127392.0,5,-29180.914453000063,-0.04392975219551243,3,stop
000720,2023-08-29,2023-09-01,36350.0,35600.0,18,-16141.653584999964,-0.02464176920450012,3,time
042660,2023-08-29,2023-09-01,34426.0,33048.96,19,-28767.23595813196,-0.04392975219551232,3,stop
263750,2023-08-29,2023-09-01,48150.0,48850.0,13,6507.904454999953,0.010384899732805986,3,time
226950,2023-08-31,2023-09-01,19190.0,18422.399999999998,31,-26163.427579420037,-0.04392975219551243,1,stop
277810,2023-09-01,2023-09-04,155400.0,167832.0,4,47033.95824960002,0.07557902878004863,1,target
058610,2023-09-01,2023-09-04,32900.0,35532.0,18,44809.3791432,0.07557902878004863,1,target
214370,2023-09-01,2023-09-04,41800.0,40128.0,14,-25737.258685599896,-0.043929752195512206,1,stop
310210,2023-09-01,2023-09-04,73929.0,70971.84,8,-26011.343778096023,-0.04392975219551243,1,stop
067310,2023-09-04,2023-09-05,25430.0,24412.8,25,-27960.46173849993,-0.043929752195512206,1,stop
084370,2023-09-04,2023-09-05,39150.0,37584.0,16,-27549.246139200055,-0.04392975219551243,1,stop
131290,2023-09-04,2023-09-05,47000.0,45120.0,13,-26871.949858000036,-0.04392975219551243,1,stop
131970,2023-09-04,2023-09-05,53500.0,51360.0,12,-28235.338476000004,-0.04392975219551232,1,stop
042700,2023-09-01,2023-09-06,58500.0,57500.0,10,-12367.96649999998,-0.021117534744336863,3,time
277810,2023-09-06,2023-09-07,172100.0,185868.0,4,52088.44411040016,0.07557902878004885,1,target
078930,2023-09-05,2023-09-08,39650.0,39700.0,15,-1689.6154874999775,-0.002837619855029394,3,time
010130,2023-09-05,2023-09-08,541000.0,540000.0,1,-3214.1781499999342,-0.0059343541774040665,3,time
010950,2023-09-05,2023-09-08,77300.0,78000.0,7,2668.0185350000393,0.004925066418041801,3,time
071050,2023-09-05,2023-09-08,52800.0,53100.0,11,910.0368750001071,0.0015650678349570235,3,time
226950,2023-09-07,2023-09-08,23550.0,25434.0,35,62367.66423300002,0.07557902878004863,1,target
131290,2023-09-08,2023-09-11,47800.0,45888.0,13,-27329.344749199925,-0.043929752195512206,1,stop
267250,2023-09-08,2023-09-11,63500.0,68580.0,9,43243.09385399998,0.07557902878004863,1,target
131970,2023-09-08,2023-09-11,54400.0,52224.0,11,-26317.79835519998,-0.04392975219551232,1,stop
307950,2023-09-08,2023-09-11,219000.0,236520.00000000003,2,33141.688728000096,0.07557902878004885,1,target
440110,2023-09-08,2023-09-12,42000.0,45360.0,14,44491.58212799998,0.07557902878004863,2,target
000150,2023-09-11,2023-09-12,120000.0,129600.00000000001,5,45399.5736,0.07557902878004863,1,target
277810,2023-09-11,2023-09-12,220000.0,211200.0,2,-19351.322320000036,-0.04392975219551243,1,stop
226950,2023-09-11,2023-09-12,24850.0,23856.0,25,-27322.74770749989,-0.043929752195512206,1,stop
196170,2023-09-12,2023-09-13,51900.0,56052.00000000001,12,47124.75739679998,0.07557902878004863,1,target
000100,2023-09-12,2023-09-13,77523.0,74422.08,8,-27275.86473115196,-0.04392975219551232,1,stop
267270,2023-09-12,2023-09-13,78000.0,74880.0,8,-27443.69347200007,-0.04392975219551243,1,stop
145020,2023-09-11,2023-09-14,122800.0,126000.0,5,13436.536399999983,0.02185846925357504,3,time
141080,2023-09-12,2023-09-15,39600.0,39450.0,16,-4989.544200000004,-0.007865865007180228,3,time
298380,2023-09-13,2023-09-15,20800.0,19968.0,31,-28358.483254400082,-0.04392975219551243,2,stop
028300,2023-09-13,2023-09-18,31300.0,32100.0,20,13387.358000000124,0.021360987570688827,3,time
035420,2023-09-13,2023-09-18,220000.0,221500.0,2,1187.9478499999968,0.002696779776013347,3,time
180640,2023-09-15,2023-09-18,45350.0,43536.0,14,-27923.07850219996,-0.04392975219551232,1,stop
036930,2023-09-15,2023-09-18,31450.0,30192.0,20,-27663.594861999853,-0.043929752195512095,1,stop
066570,2023-09-14,2023-09-19,104900.0,104300.0,8,-8225.058799999999,-0.009789811268588466,3,time
323410,2023-09-18,2023-09-19,26000.0,24960.0,22,-25156.71901599993,-0.043929752195512206,1,stop
196170,2023-09-19,2023-09-20,69800.0,75384.0,10,52814.83728799992,0.07557902878004863,1,target
011200,2023-09-18,2023-09-21,16780.0,17260.0,34,13933.78276000009,0.02439489453624466,3,time
086790,2023-09-18,2023-09-21,43200.0,44250.0,13,11308.209997499944,0.02011256909115966,3,time
005830,2023-09-18,2023-09-21,93000.0,91800.0,6,-9465.569640000002,-0.0169438984268373,3,time
010170,2023-09-20,2023-09-21,1539.0,1477.44,499,-33775.13827315788,-0.043929752195512206,1,stop
257720,2023-09-19,2023-09-22,8620.0,9309.6,82,53483.72433903988,0.07557902878004841,3,target
000270,2023-09-21,2023-09-26,81400.0,80900.0,7,-5824.8361849999055,-0.010210853713873536,3,time
005940,2023-09-21,2023-09-26,10760.0,10329.6,56,-26500.756311679957,-0.043929752195512206,3,stop
005380,2023-09-21,2023-09-26,194400.0,190700.0,3,-13457.346885000123,-0.023048502570324536,3,time
086280,2023-09-21,2023-09-26,92236.0,92036.0,6,-3464.471791200107,-0.006252966496566259,3,time
017670,2023-09-22,2023-09-27,50200.0,52000.0,17,27012.38578999997,0.03161630324189413,3,time
196170,2023-09-26,2023-09-27,80300.0,77088.0,7,-24721.314263800043,-0.04392975219551243,1,stop
352820,2023-09-26,2023-10-04,240000.0,230400.0,2,-21110.53343999997,-0.04392975219551232,2,stop
012330,2023-09-26,2023-10-04,243500.0,233760.0,2,-21418.39538599999,-0.04392975219551232,2,stop
180640,2023-09-26,2023-10-05,41800.0,41200.0,13,-10003.967089999933,-0.018388800599459354,3,time
083650,2023-10-04,2023-10-05,8170.0,7843.2,73,-26230.277601979906,-0.043929752195512206,1,stop
003230,2023-09-27,2023-10-06,193200.0,208656.0,4,58474.65079680004,0.07557902878004863,3,target
145020,2023-10-05,2023-10-06,132900.0,143532.0,4,40224.02220959996,0.07557902878004863,1,target
079550,2023-10-04,2023-10-10,87400.0,94392.0,6,39679.227326399996,0.07557902878004863,3,target
000270,2023-10-04,2023-10-10,81300.0,84100.0,7,17209.932599999942,0.030205871263291773,3,time
098460,2023-10-05,2023-10-11,13050.0,13300.0,46,9005.947965000174,0.014985176867791328,3,time
064760,2023-10-06,2023-10-11,98100.0,94176.0,7,-30201.256902600056,-0.04392975219551243,2,stop
131970,2023-10-10,2023-10-11,47200.0,50976.0,13,46428.63060159993,0.07557902878004841,1,target
310210,2023-10-10,2023-10-11,53700.0,51552.0,12,-28340.891143200104,-0.04392975219551254,1,stop
257720,2023-10-10,2023-10-13,9740.0,10519.2,66,48641.10315503983,0.07557902878004841,3,target
032820,2023-10-11,2023-10-13,1523.0,1462.08,424,-28400.352479056106,-0.04392975219551254,2,stop
066570,2023-10-11,2023-10-16,104800.0,105500.0,6,1610.670029999921,0.002558555416800168,3,time
005940,2023-10-11,2023-10-16,10490.0,10530.0,61,-189.59044000005815,-0.0002959456048167164,3,time
071050,2023-10-11,2023-10-16,54200.0,53000.0,11,-15604.432580000022,-0.02614308245622221,3,time
039030,2023-10-16,2023-10-17,160700.0,154272.0,4,-28270.522698400076,-0.04392975219551243,1,stop
095340,2023-10-13,2023-10-18,84300.0,80928.0,8,-29660.29948320007,-0.04392975219551243,3,stop
352820,2023-10-13,2023-10-18,244000.0,234240.0,2,-21462.375663999992,-0.04392975219551232,3,stop
403870,2023-10-16,2023-10-18,34900.0,33504.0,19,-29163.322341800085,-0.04392975219551243,2,stop
032830,2023-10-16,2023-10-19,73000.0,73800.0,9,4486.256640000036,0.006820552054383366,3,time
178320,2023-10-18,2023-10-19,17700.0,16992.0,34,-26467.33130039985,-0.043929752195512095,1,stop
087010,2023-10-18,2023-10-19,36971.0,35492.159999999996,16,-26015.917727008113,-0.04392975219551254,1,stop
267260,2023-10-17,2023-10-20,73500.0,70560.0,9,-29092.953897000058,-0.04392975219551243,3,stop
357780,2023-10-18,2023-10-20,252500.0,242400.0,2,-22210.04039000004,-0.04392975219551243,2,stop
180640,2023-10-19,2023-10-23,44400.0,42624.0,14,-27338.14080480009,-0.04392975219551243,2,stop
006800,2023-10-19,2023-10-24,6252.0,6362.0,101,8489.43057810003,0.013428855521591565,3,time
009150,2023-10-19,2023-10-24,142300.0,140800.0,4,-8315.007140000002,-0.014591452251172199,3,time
161390,2023-10-20,2023-10-25,38100.0,37550.0,15,-10567.799887500005,-0.018470095006055565,3,time
066970,2023-10-24,2023-10-25,161500.0,155040.0,4,-28411.2595879999,-0.043929752195512206,1,stop
259960,2023-10-23,2023-10-26,159500.0,163100.0,3,8807.172359999968,0.018384648752037158,3,time
263750,2023-10-23,2023-10-26,47700.0,49000.0,12,13208.20074,0.023048614221259145,3,time
319400,2023-10-25,2023-10-26,3165.0,3038.4,204,-28396.306293479865,-0.043929752195512095,1,stop
067310,2023-10-25,2023-10-26,23977.0,23017.92,26,-27417.393265755847,-0.043929752195512095,1,stop
012450,2023-10-24,2023-10-27,102884.0,99420.0,6,-23252.562981599942,-0.037624654579407224,3,time
090430,2023-10-26,2023-10-27,119000.0,114240.0,4,-20934.612328000017,-0.04392975219551232,1,stop
082740,2023-10-26,2023-10-27,8170.0,7843.2,70,-25152.320988199906,-0.043929752195512206,1,stop
403870,2023-10-26,2023-10-27,35250.0,33840.0,16,-24804.876791999908,-0.043929752195512206,1,stop
031980,2023-10-27,2023-10-30,29600.0,28416.0,19,-24734.508347199997,-0.04392975219551232,1,stop
034220,2023-10-26,2023-10-31,11479.0,11267.0,50,-12920.912559999968,-0.02248639889388926,3,time
087010,2023-10-27,2023-10-31,27183.0,29357.640000000003,20,41136.553638960235,0.07557902878004907,2,target
950160,2023-10-30,2023-11-01,8340.0,8006.4,67,-24575.2997408401,-0.04392975219551254,2,stop
108490,2023-10-31,2023-11-01,20742.0,22401.36,31,48653.36103991198,0.07557902878004863,1,target
006400,2023-10-30,2023-11-02,429795.0,441543.0,1,9951.98043960001,0.0231285783201316,3,time
018260,2023-10-30,2023-11-02,135400.0,138200.0,4,8947.396719999844,0.01650132513678737,3,time
272210,2023-10-31,2023-11-03,13170.0,13640.0,49,20317.415002500056,0.03144759080400639,3,time
180640,2023-11-02,2023-11-03,45650.0,43824.0,12,-24092.39628840005,-0.04392975219551243,1,stop
090430,2023-11-01,2023-11-06,128100.0,138348.0,4,38771.23585439997,0.07557902878004863,3,target
009830,2023-11-01,2023-11-06,29650.0,32022.000000000004,20,44869.911908000126,0.07557902878004885,3,target
012450,2023-11-02,2023-11-07,117553.0,126957.24,4,35579.040502672025,0.07557902878004863,3,target
080220,2023-11-03,2023-11-08,4935.0,4800.0,131,-20282.288562750095,-0.03133713494986068,3,time
010170,2023-11-03,2023-11-08,1228.0,1178.8799999999999,528,-28516.108570752083,-0.04392975219551243,3,stop
086520,2023-11-07,2023-11-08,170697.0,163869.12,3,-22521.90454129799,-0.04392975219551232,1,stop
035720,2023-11-06,2023-11-09,43000.0,46440.0,13,42297.26940400014,0.07557902878004885,3,target
178320,2023-11-06,2023-11-09,18000.0,17280.0,33,-26124.28513199999,-0.04392975219551232,3,stop
042700,2023-11-08,2023-11-09,63100.0,60576.0,9,-24976.399876199896,-0.043929752195512206,1,stop
319400,2023-11-08,2023-11-10,3365.0,3230.4,175,-25898.886207249947,-0.043929752195512206,2,stop
267260,2023-11-08,2023-11-10,80600.0,87048.0,7,42690.73237520002,0.07557902878004863,2,target
259960,2023-11-09,2023-11-14,189000.0,193000.0,3,9640.944000000018,0.016983894545117506,3,time
214150,2023-11-09,2023-11-14,37300.0,37750.0,15,4437.157762499992,0.007921466002552835,3,time
043260,2023-11-09,2023-11-14,1621.0,1556.1599999999999,362,-25807.715090956073,-0.04392975219551243,3,stop
021240,2023-11-10,2023-11-15,51200.0,54100.0,11,29497.85096499999,0.05231527519170709,3,time
272210,2023-11-10,2023-11-15,14150.0,14970.0,43,32662.501967000077,0.0536198181414298,3,time
440110,2023-11-15,2023-11-16,18300.0,19764.0,34,47079.35782319994,0.07557902878004863,1,target
319400,2023-11-14,2023-11-17,3465.0,3355.0,168,-20811.16421999992,-0.03570957149348952,3,time
145020,2023-11-14,2023-11-17,143300.0,148000.0,4,16395.48841999995,0.02857057364404625,3,time
015760,2023-11-14,2023-11-17,17700.0,17780.0,32,231.23251200001687,0.00040778048280309953,3,time
064760,2023-11-16,2023-11-17,90500.0,97740.0,7,47934.38312599994,0.07557902878004863,1,target
138040,2023-11-15,2023-11-20,57200.0,54912.0,11,-27672.390917600016,-0.04392975219551232,3,stop
058470,2023-11-17,2023-11-21,33538.0,36221.04,18,45678.3269819041,0.07557902878004885,2,target
131290,2023-11-17,2023-11-22,49950.0,47952.0,12,-26361.77863319998,-0.04392975219551232,3,stop
298040,2023-11-17,2023-11-22,203500.0,195360.0,3,-26849.95971899992,-0.043929752195512206,3,stop
950160,2023-11-17,2023-11-22,8580.0,8670.0,71,3874.6204845000757,0.006353079893272717,3,time
454910,2023-11-21,2023-11-22,58200.0,62856.00000000001,11,48441.34503119998,0.07557902878004863,1,target
131970,2023-11-20,2023-11-23,59200.0,56832.0,10,-26036.324575999985,-0.04392975219551232,3,stop
100790,2023-11-22,2023-11-24,5030.0,4828.8,124,-27431.378994159983,-0.04392975219551232,2,stop
039030,2023-11-23,2023-11-24,168300.0,161568.0,3,-22205.642362200073,-0.04392975219551243,1,stop
323410,2023-11-22,2023-11-27,25750.0,25250.0,24,-14497.310999999987,-0.02343148231944525,3,time
377300,2023-11-22,2023-11-27,44400.0,45700.0,14,15598.904370000004,0.025065932917255118,3,time
035720,2023-11-22,2023-11-27,48750.0,49850.0,12,10763.638740000082,0.01837824472337002,3,time
087010,2023-11-24,2023-11-27,35033.0,33631.68,16,-24652.177266784012,-0.04392975219551232,1,stop
267270,2023-11-24,2023-11-27,51500.0,49440.0,11,-24914.82748700003,-0.04392975219551243,1,stop
454910,2023-11-27,2023-11-28,76700.0,82836.0,7,40625.05177640007,0.07557902878004885,1,target
336260,2023-11-27,2023-11-28,22700.0,24516.0,26,44658.047231200035,0.07557902878004863,1,target
222800,2023-11-28,2023-11-29,39800.0,38208.0,16,-28006.64103040006,-0.04392975219551243,1,stop
131970,2023-11-28,2023-11-29,61500.0,59040.0,10,-27047.870970000047,-0.04392975219551243,1,stop
018260,2023-11-27,2023-11-30,155200.0,167616.0,3,35230.06911360001,0.07557902878004863,3,target
277810,2023-11-29,2023-11-30,188800.0,181248.0,3,-24910.42945919989,-0.043929752195512095,1,stop
058470,2023-11-28,2023-12-01,38364.0,39145.0,16,9943.58765040012,0.016180801291213687,3,time
353200,2023-11-28,2023-12-01,27200.0,26112.0,23,-27514.0619168001,-0.04392975219551254,3,stop
066970,2023-11-30,2023-12-01,164900.0,178092.0,3,37431.9484331999,0.07557902878004841,1,target
042660,2023-11-29,2023-12-04,26050.0,28134.000000000004,24,47306.355691200006,0.07557902878004863,3,target
298040,2023-11-30,2023-12-04,212500.0,204000.0,2,-18691.618149999995,-0.04392975219551232,2,stop
000990,2023-12-01,2023-12-04,61400.0,58944.0,10,-27003.890692000045,-0.04392975219551243,1,stop
214150,2023-12-01,2023-12-04,41300.0,39648.0,16,-29062.16770240001,-0.04392975219551232,1,stop
064760,2023-12-04,2023-12-05,102000.0,97920.0,5,-22429.941779999936,-0.043929752195512206,1,stop
034020,2023-12-01,2023-12-06,15600.0,15950.0,42,11971.523025000002,0.018250564401814717,3,time
003670,2023-12-05,2023-12-06,328597.0,315453.12,1,-14451.787409965997,-0.04392975219551232,1,stop
012450,2023-12-04,2023-12-07,138739.0,135889.0,4,-13640.71290919988,-0.024551571776981307,3,time
141080,2023-12-04,2023-12-07,49000.0,48350.0,12,-10186.746809999924,-0.017304496570004546,3,time
064350,2023-12-04,2023-12-07,28050.0,29050.0,20,17641.94880000013,0.03141119647654378,3,time
080220,2023-12-07,2023-12-08,8280.0,8942.400000000001,73,45735.5304446402,0.07557902878004907,1,target
326030,2023-12-06,2023-12-11,91700.0,89200.0,6,-17210.608889999916,-0.03124470528716472,3,time
000100,2023-12-06,2023-12-11,60582.0,62593.0,10,17567.943190500024,0.02896530427124766,3,time
352820,2023-12-07,2023-12-12,226000.0,234000.0,2,14100.444799999997,0.031159835851078954,3,time
047050,2023-12-07,2023-12-12,56800.0,56800.0,10,-2327.777599999914,-0.00409349187032515,3,time
080220,2023-12-11,2023-12-12,11360.0,12268.800000000001,51,43837.828268159996,0.07557902878004863,1,target
068270,2023-12-11,2023-12-12,155838.0,168305.04,3,35374.89375338401,0.07557902878004863,1,target
083650,2023-12-08,2023-12-13,7320.0,7300.0,115,-5743.084244999918,-0.0068145479034664724,3,time
098460,2023-12-12,2023-12-13,14270.0,15411.6,39,42110.37449268007,0.07557902878004885,1,target
079550,2023-12-12,2023-12-13,126000.0,136080.0,4,38135.64182399999,0.07557902878004863,1,target
108490,2023-12-12,2023-12-13,27900.0,26784.0,20,-24540.99512399989,-0.043929752195512095,1,stop
218410,2023-12-12,2023-12-15,16150.0,16430.0,35,7454.601559999981,0.01317299867309929,3,time
180640,2023-12-13,2023-12-18,56900.0,61452.00000000001,11,47359.321860400145,0.07557902878004885,3,target
000500,2023-12-13,2023-12-18,23000.0,23400.0,28,8527.741039999994,0.013226621314538445,3,time
028260,2023-12-13,2023-12-18,129300.0,129500.0,5,-1652.434349999996,-0.002553033234393931,3,time
010170,2023-12-13,2023-12-18,1180.0,1163.0,550,-11982.167532499996,-0.018441297495922382,3,time
028300,2023-12-15,2023-12-18,40400.0,43632.0,15,45853.569336000015,0.07557902878004863,1,target
011070,2023-12-18,2023-12-19,249500.0,239520.0,2,-21946.158722000022,-0.04392975219551243,1,stop
241560,2023-12-18,2023-12-20,47050.0,50814.0,13,46281.08198740007,0.07557902878004885,2,target
454910,2023-12-19,2023-12-20,108700.0,117396.00000000001,8,65799.11533760023,0.07557902878004885,1,target
051910,2023-12-18,2023-12-21,495000.0,495000.0,1,-2028.6089999999967,-0.004093491870325372,3,time
005380,2023-12-18,2023-12-21,192800.0,198700.0,3,15277.420634999871,0.02638290023530243,3,time
009830,2023-12-18,2023-12-21,35500.0,38340.0,18,48350.545884000254,0.07557902878004907,3,target
011200,2023-12-21,2023-12-22,22700.0,21792.0,26,-25957.160075600143,-0.04392975219551254,1,stop
307950,2023-12-21,2023-12-22,187100.0,202068.0,3,42471.301102799946,0.07557902878004863,1,target
100790,2023-12-20,2023-12-26,5320.0,5420.0,153,11919.12396300002,0.014626555274969366,3,time
028300,2023-12-20,2023-12-26,50400.0,48384.0,16,-35465.696179199964,-0.04392975219551232,3,stop
087010,2023-12-22,2023-12-26,33918.0,36631.44,18,46195.88212094421,0.07557902878004907,1,target
180640,2023-12-21,2023-12-27,71100.0,68256.0,8,-25015.982126399875,-0.043929752195512095,3,stop
196170,2023-12-22,2023-12-27,87000.0,93960.0,7,46080.56720399996,0.07557902878004863,2,target
310210,2023-12-26,2023-12-27,49100.0,53028.0,15,55727.97659400012,0.07557902878004885,1,target
138040,2023-12-27,2023-12-28,58700.0,56352.0,11,-28398.06550460006,-0.04392975219551243,1,stop
218410,2023-12-26,2024-01-02,17430.0,17990.0,43,20937.45103799994,0.0279035043748046,3,time
086280,2023-12-26,2024-01-02,95287.0,93537.0,7,-14947.42267130001,-0.02238388184195772,3,time
080220,2023-12-27,2024-01-02,13610.0,14698.800000000001,51,52520.49671916023,0.07557902878004907,2,target
047050,2023-12-28,2024-01-02,63700.0,61152.0,11,-30816.980794600095,-0.04392975219551243,1,stop
326030,2023-12-27,2024-01-03,98100.0,103900.0,7,37666.075230000075,0.054787830730613774,3,time
068270,2024-01-02,2024-01-03,187209.0,202185.72,3,42496.04387041193,0.07557902878004841,1,target
950160,2024-01-02,2024-01-03,9020.0,9741.6,78,53235.540003360016,0.07557902878004863,1,target
237690,2024-01-02,2024-01-04,67800.0,65088.0,10,-29818.628483999986,-0.04392975219551232,2,stop
058470,2024-01-03,2024-01-04,43349.0,41615.04,17,-32410.51820737403,-0.04392975219551232,1,stop
222800,2024-01-03,2024-01-08,41100.0,41400.0,18,2352.2321699998574,0.0031758986999641525,3,time
005290,2024-01-03,2024-01-08,40600.0,41550.0,18,14054.623784999945,0.019209739231230927,3,time
180640,2024-01-03,2024-01-08,77400.0,83592.0,9,52708.90494959999,0.07557902878004863,3,target
298040,2024-01-04,2024-01-09,168000.0,177000.0,4,33139.879799999995,0.04925864249376444,3,time
047810,2024-01-04,2024-01-09,54300.0,54300.0,13,-2892.9193799999775,-0.004093491870325261,3,time
247540,2024-01-08,2024-01-09,318000.0,305280.0,2,-27971.456807999988,-0.04392975219551232,1,stop
100790,2024-01-08,2024-01-09,6680.0,6412.8,114,-33491.86130255996,-0.04392975219551232,1,stop
034220,2024-01-09,2024-01-10,13225.0,12696.0,56,-32571.793886799947,-0.04392975219551232,1,stop
440110,2024-01-09,2024-01-10,26700.0,25632.0,28,-32879.65583279997,-0.04392975219551232,1,stop
039030,2024-01-08,2024-01-11,156200.0,161200.0,4,17380.483639999875,0.027785717736898308,3,time
018260,2024-01-09,2024-01-11,172600.0,165696.0,4,-30363.98393119988,-0.043929752195512206,2,stop
319400,2024-01-09,2024-01-12,3570.0,3630.0,210,9490.434029999888,0.012644432636055525,3,time
214450,2024-01-10,2024-01-12,114500.0,123660.00000000001,6,51982.511772000114,0.07557902878004885,2,target
012450,2024-01-11,2024-01-12,139453.0,150609.24000000002,4,42207.378248272114,0.07557902878004885,1,target
257720,2024-01-10,2024-01-15,8690.0,8730.0,86,367.10992000007536,0.0004906577643337684,3,time
277810,2024-01-11,2024-01-15,181000.0,173760.0,3,-23881.29095399991,-0.043929752195512206,2,stop
377300,2024-01-12,2024-01-15,56900.0,54624.0,13,-32532.2116366002,-0.04392975219551265,1,stop
950160,2024-01-12,2024-01-15,12010.0,12970.800000000001,65,59068.62855140015,0.07557902878004885,1,target
323410,2024-01-12,2024-01-15,29700.0,28512.0,26,-33961.57067159994,-0.043929752195512206,1,stop
267270,2024-01-15,2024-01-16,49650.0,47664.0,14,-30570.691237800056,-0.04392975219551243,1,stop
319400,2024-01-15,2024-01-16,3660.0,3513.6,198,-31871.627861040062,-0.04392975219551243,1,stop
108490,2024-01-15,2024-01-17,32282.0,30990.719999999998,22,-31234.96935671207,-0.04392975219551243,2,stop
058610,2024-01-15,2024-01-17,35500.0,34080.0,20,-31225.997380000073,-0.04392975219551243,2,stop
080220,2024-01-16,2024-01-17,21500.0,23220.0,33,53684.99578200001,0.07557902878004863,1,target
083650,2024-01-16,2024-01-17,8350.0,8016.0,85,-31215.002310499898,-0.043929752195512206,1,stop
267250,2024-01-15,2024-01-18,65200.0,66600.0,11,12415.370989999967,0.017291003703011176,3,time
066970,2024-01-17,2024-01-18,205000.0,196800.0,3,-27047.87096999993,-0.043929752195512206,1,stop
071050,2024-01-17,2024-01-18,57400.0,55104.0,12,-30293.61548639997,-0.04392975219551232,1,stop
015760,2024-01-17,2024-01-19,19200.0,18432.0,36,-30399.16815360007,-0.04392975219551243,2,stop
138040,2024-01-17,2024-01-22,61300.0,60400.0,11,-12634.230565000093,-0.01871528399620981,3,time
257720,2024-01-19,2024-01-22,9300.0,8928.0,75,-30676.243904999923,-0.043929752195512206,1,stop
021240,2024-01-18,2024-01-23,55700.0,56500.0,12,6832.461840000004,0.010210371801196105,3,time
080220,2024-01-22,2024-01-23,27900.0,30132.000000000004,24,50665.924137600116,0.07557902878004885,1,target
090430,2024-01-19,2024-01-24,130500.0,140940.0,5,49372.03629000008,0.07557902878004885,3,target
042700,2024-01-19,2024-01-24,58100.0,59200.0,12,10303.82070000004,0.014761880916983605,3,time
007660,2024-01-23,2024-01-24,33065.0,31742.399999999998,23,-33446.781517609954,-0.04392975219551232,1,stop
058470,2024-01-23,2024-01-24,45852.0,44017.92,16,-32265.33930969599,-0.04392975219551232,1,stop
039030,2024-01-22,2024-01-25,194000.0,190600.0,3,-12555.08229000005,-0.021547523456103224,3,time
034220,2024-01-24,2024-01-25,12894.0,12378.24,55,-31189.49374925997,-0.04392975219551232,1,stop
403870,2024-01-24,2024-01-25,50300.0,48288.0,14,-30970.911767599988,-0.04392975219551232,1,stop
028300,2024-01-24,2024-01-25,50000.0,54000.0,14,52966.169200000004,0.07557902878004863,1,target
131290,2024-01-25,2024-01-26,48700.0,46752.0,14,-29985.753540400066,-0.04392975219551243,1,stop
031980,2024-01-25,2024-01-26,31100.0,29856.0,23,-31459.092853399925,-0.043929752195512206,1,stop
298040,2024-01-24,2024-01-29,186600.0,179136.0,3,-24620.159624399967,-0.04392975219551232,3,stop
098460,2024-01-25,2024-01-29,18730.0,17980.8,38,-31302.523063720088,-0.04392975219551243,2,stop
000500,2024-01-26,2024-01-29,25900.0,24864.0,26,-29616.319205200067,-0.04392975219551243,1,stop
001440,2024-01-25,2024-01-30,9810.0,9417.6,73,-31495.596484140027,-0.04392975219551232,3,stop
000270,2024-01-26,2024-01-30,94600.0,102168.0,7,50105.99606319994,0.07557902878004863,2,target
086520,2024-01-29,2024-01-30,106930.0,102652.8,5,-23514.05563269998,-0.04392975219551232,1,stop
247540,2024-01-29,2024-01-30,247500.0,237600.0,2,-21770.23761000001,-0.04392975219551232,1,stop
028300,2024-01-29,2024-01-31,66500.0,71820.0,9,45286.07466599997,0.07557902878004863,2,target
034730,2024-01-30,2024-01-31,179200.0,172032.0,3,-23643.797452800092,-0.04392975219551254,1,stop
326030,2024-01-30,2024-01-31,94800.0,91008.0,7,-29185.312480800087,-0.04392975219551243,1,stop
000880,2024-01-30,2024-02-01,25800.0,27864.000000000004,25,48804.54162000015,0.07557902878004885,2,target
028260,2024-01-30,2024-02-01,128900.0,139212.0,5,48766.70864199998,0.07557902878004863,2,target
298380,2024-01-31,2024-02-01,22950.0,22032.0,28,-28261.72664280003,-0.04392975219551232,1,stop
071050,2024-01-31,2024-02-01,61300.0,66204.0,10,46383.23102800001,0.07557902878004863,1,target
078930,2024-01-31,2024-02-01,44500.0,48060.0,14,47139.89058800007,0.07557902878004863,1,target
032830,2024-02-01,2024-02-02,69300.0,74844.0,9,47192.856757199974,0.07557902878004863,1,target
003550,2024-02-01,2024-02-02,81800.0,88344.0,8,49515.801606400055,0.07557902878004863,1,target
064350,2024-02-01,2024-02-02,28100.0,26976.0,24,-29660.29948320007,-0.04392975219551243,1,stop
086790,2024-02-02,2024-02-05,54600.0,52416.0,13,-31217.20132439991,-0.043929752195512206,1,stop
241560,2024-02-01,2024-02-06,50500.0,48480.0,13,-28873.052506999928,-0.043929752195512206,3,stop
010120,2024-02-01,2024-02-06,13960.0,13401.6,48,-29470.30468223989,-0.043929752195512206,3,stop
039490,2024-02-02,2024-02-07,107300.0,110000.0,6,13513.820429999963,0.020966597337038317,3,time
000810,2024-02-02,2024-02-07,292000.0,302500.0,2,18544.742150000064,0.031718214757625374,3,time
402340,2024-02-05,2024-02-07,59600.0,64368.00000000001,15,67645.36466400011,0.07557902878004885,2,target
267250,2024-02-06,2024-02-07,72500.0,69600.0,8,-25508.56123999995,-0.043929752195512206,1,stop
267270,2024-02-06,2024-02-07,55900.0,53664.0,11,-27043.472942200024,-0.04392975219551232,1,stop
310210,2024-02-07,2024-02-08,34550.0,37314.0,19,49670.9168161999,0.07557902878004841,1,target
080220,2024-02-07,2024-02-08,26750.0,28890.000000000004,25,50601.60807500023,0.07557902878004907,1,target
095340,2024-02-07,2024-02-08,78800.0,75648.0,8,-27725.16725119995,-0.043929752195512206,1,stop
031980,2024-02-07,2024-02-13,30700.0,33156.0,22,51104.78668239992,0.07557902878004841,2,target
086520,2024-02-08,2024-02-13,117133.0,126503.64000000001,6,53177.88254488807,0.07557902878004863,1,target
267260,2024-02-07,2024-02-14,106700.0,112300.0,6,30877.27787999995,0.04817526581970433,3,time
078930,2024-02-08,2024-02-14,52300.0,50208.0,14,-32202.359551600064,-0.04392975219551243,2,stop
042700,2024-02-13,2024-02-14,82200.0,78912.0,9,-32536.60966439999,-0.04392975219551232,1,stop
403870,2024-02-13,2024-02-14,49400.0,53352.0,16,59806.371622400125,0.07557902878004885,1,target
003550,2024-02-08,2024-02-15,92900.0,92500.0,7,-5456.804920000024,-0.008381571560872936,3,time
196170,2024-02-14,2024-02-16,84500.0,91260.0,8,51150.18625600007,0.07557902878004885,2,target
131290,2024-02-14,2024-02-19,55300.0,53088.0,13,-31617.421854200074,-0.04392975219551243,3,stop
178320,2024-02-14,2024-02-19,21450.0,21900.0,34,12266.077574999887,0.016799651656870473,3,time
214370,2024-02-14,2024-02-19,24950.0,26946.0,30,56635.96806600003,0.07557902878004863,3,target
298040,2024-02-16,2024-02-19,173900.0,166944.0,4,-30592.68137679994,-0.043929752195512206,1,stop
012450,2024-02-15,2024-02-20,149232.0,161170.56,5,56458.90972896002,0.07557902878004863,3,target
000500,2024-02-19,2024-02-22,25650.0,25250.0,28,-14110.309080000035,-0.019624197650125352,3,time
016360,2024-02-19,2024-02-22,40950.0,40350.0,18,-13788.944279999938,-0.01868552861947803,3,time
006800,2024-02-19,2024-02-22,8911.0,8871.0,82,-6264.893332399894,-0.008563950890097094,3,time
071050,2024-02-19,2024-02-22,69200.0,70200.0,10,7134.565100000007,0.01029822067490116,3,time
028300,2024-02-20,2024-02-23,79300.0,78700.0,11,-10155.402729999973,-0.011628723962100906,3,time
257720,2024-02-22,2024-02-23,10230.0,9820.8,69,-31044.35883186001,-0.04392975219551232,1,stop
196170,2024-02-22,2024-02-23,92600.0,100008.0,7,49046.67267919995,0.07557902878004863,1,target
310210,2024-02-22,2024-02-26,42450.0,40752.0,16,-29871.404817600036,-0.04392975219551243,2,stop
031980,2024-02-23,2024-02-26,41900.0,40224.0,18,-33169.92566760001,-0.04392975219551232,1,stop
064350,2024-02-23,2024-02-26,33950.0,32592.0,23,-34342.0000763,-0.04392975219551232,1,stop
131290,2024-02-23,2024-02-26,62100.0,59616.0,12,-32774.10316559998,-0.04392975219551232,1,stop
078600,2024-02-22,2024-02-27,76200.0,75900.0,9,-5502.585824999958,-0.008014383634615374,3,time
087010,2024-02-26,2024-02-27,29073.0,27910.079999999998,25,-31965.965557350195,-0.04392975219551265,1,stop
098460,2024-02-26,2024-02-27,21000.0,20160.0,34,-31401.918491999968,-0.04392975219551232,1,stop
237690,2024-02-26,2024-02-27,66400.0,63744.0,10,-29202.90459199983,-0.043929752195512095,1,stop
226950,2024-02-26,2024-02-27,16600.0,17928.0,43,54010.35939280002,0.07557902878004863,1,target
298040,2024-02-27,2024-02-28,197000.0,189120.0,3,-25992.34429799998,-0.04392975219551232,1,stop
012450,2024-02-27,2024-02-28,170216.0,183833.28,4,51518.22546598397,0.07557902878004863,1,target
196170,2024-02-27,2024-02-28,160200.0,153792.0,4,-28182.562142399955,-0.043929752195512206,1,stop
068270,2024-02-28,2024-02-29,174974.0,167975.04,4,-30781.620651087957,-0.04392975219551232,1,stop
042660,2024-02-27,2024-03-04,23050.0,22900.0,30,-7320.6390749999555,-0.0105744452854859,3,time
015760,2024-02-27,2024-03-04,24550.0,24750.0,29,2865.187819999992,0.004019799438266691,3,time
043260,2024-02-28,2024-03-04,1570.0,1507.2,457,-31555.40966221993,-0.043929752195512206,2,stop
036930,2024-02-29,2024-03-04,39450.0,37872.0,18,-31230.395407800097,-0.04392975219551243,1,stop
329180,2024-02-28,2024-03-05,115100.0,112300.0,6,-19580.68968000007,-0.028320583293115043,3,time
240810,2024-03-04,2024-03-05,33500.0,32160.0,20,-29466.786259999848,-0.043929752195512095,1,stop
100790,2024-03-04,2024-03-06,6200.0,5952.0,111,-30267.22731960006,-0.04392975219551243,2,stop
007660,2024-03-05,2024-03-06,36274.0,39175.920000000006,19,52149.430870936136,0.07557902878004885,1,target
319660,2024-03-04,2024-03-07,25850.0,25900.0,26,-1458.2326850000536,-0.0021671736727825186,3,time
000270,2024-03-04,2024-03-07,124500.0,126100.0,5,5425.286100000027,0.008705306627726728,3,time
298040,2024-03-05,2024-03-07,228000.0,246240.00000000003,3,51755.51390400017,0.07557902878004885,2,target
196170,2024-03-06,2024-03-07,193900.0,186144.0,3,-25583.327712600003,-0.04392975219551232,1,stop
005290,2024-03-07,2024-03-08,41500.0,39840.0,16,-29202.90459199983,-0.043929752195512095,1,stop
012450,2024-03-07,2024-03-08,210861.0,202426.56,3,-27821.176198074012,-0.04392975219551232,1,stop
010120,2024-03-06,2024-03-11,15720.0,16977.600000000002,46,54715.566102720215,0.07557902878004885,3,target
141080,2024-03-07,2024-03-11,75000.0,81000.0,9,51074.52030000009,0.07557902878004885,2,target
298380,2024-03-07,2024-03-11,26750.0,28890.000000000004,25,50601.60807500023,0.07557902878004907,2,target
006400,2024-03-08,2024-03-12,411683.0,444617.64,1,31150.387763948005,0.07557902878004863,2,target
237690,2024-03-11,2024-03-12,80000.0,76800.0,10,-35184.22239999997,-0.04392975219551232,1,stop
000150,2024-03-08,2024-03-13,108500.0,117180.00000000001,6,49258.53735600028,0.07557902878004907,3,target
028300,2024-03-11,2024-03-13,98700.0,94752.0,8,-34726.82750879985,-0.043929752195512095,2,stop
095340,2024-03-11,2024-03-13,91500.0,98820.0,9,62310.914765999885,0.07557902878004841,2,target
058470,2024-03-12,2024-03-13,47855.0,45940.799999999996,13,-27360.79064796993,-0.043929752195512206,1,stop
042660,2024-03-12,2024-03-14,24600.0,26568.0,26,48395.94545760006,0.07557902878004863,2,target
214370,2024-03-13,2024-03-14,25900.0,24864.0,28,-31894.497605600045,-0.04392975219551243,1,stop
032820,2024-03-13,2024-03-14,1470.0,1587.6000000000001,505,56170.62243660004,0.07557902878004863,1,target
047050,2024-03-13,2024-03-15,61700.0,59232.0,12,-32562.997831200017,-0.04392975219551232,2,stop
267270,2024-03-14,2024-03-15,55900.0,60372.00000000001,13,54986.45022520004,0.07557902878004863,1,target
078600,2024-03-13,2024-03-18,93500.0,92500.0,7,-9661.635550000006,-0.014744898374386084,3,time
267260,2024-03-14,2024-03-19,146000.0,149100.0,5,12462.619225000148,0.017052468233798024,3,time
005940,2024-03-14,2024-03-19,12850.0,12730.0,59,-10166.178135999944,-0.01339378610966857,3,time
950160,2024-03-15,2024-03-19,12530.0,13532.400000000001,62,58781.8545781601,0.07557902878004885,2,target
010140,2024-03-15,2024-03-19,9200.0,8832.0,84,-33987.95883840008,-0.04392975219551243,2,stop
000150,2024-03-18,2024-03-19,144300.0,155844.0,4,43674.38980319991,0.07557902878004841,1,target
237690,2024-03-19,2024-03-20,94100.0,90336.0,8,-33108.35327839991,-0.043929752195512206,1,stop
066970,2024-03-19,2024-03-22,178100.0,186100.0,4,28986.10472000006,0.040641219331456924,3,time
000250,2024-03-19,2024-03-22,85300.0,81888.0,8,-30012.14170720009,-0.04392975219551243,3,stop
007660,2024-03-19,2024-03-22,35593.0,36615.0,21,18335.517066300148,0.024502480689125417,3,time
298040,2024-03-19,2024-03-22,244000.0,239000.0,3,-17955.661649999907,-0.024501412118884125,3,time
214150,2024-03-20,2024-03-25,35900.0,37500.0,23,33307.628019999946,0.040292313505927435,3,time
950160,2024-03-22,2024-03-25,16900.0,16224.0,42,-31217.201324400026,-0.04392975219551232,1,stop
005290,2024-03-22,2024-03-25,47200.0,45312.0,15,-31138.03682399995,-0.04392975219551232,1,stop
084370,2024-03-22,2024-03-25,41000.0,39360.0,17,-30654.25376599992,-0.043929752195512206,1,stop
066970,2024-03-25,2024-03-26,194800.0,187008.0,3,-25702.07446319994,-0.043929752195512206,1,stop
402340,2024-03-22,2024-03-27,77000.0,79300.0,9,17798.92276499991,0.025654364866015467,3,time
012450,2024-03-25,2024-03-27,211370.0,228279.6,3,47980.53935916,0.07557902878004863,2,target
043260,2024-03-26,2024-03-27,1957.0,2113.56,425,62933.267254100065,0.07557902878004863,1,target
226950,2024-03-25,2024-03-28,16860.0,16185.599999999999,44,-32626.329431520193,-0.04392975219551254,3,stop
087010,2024-03-25,2024-03-28,25681.0,27735.480000000003,29,56352.14506504405,0.07557902878004863,3,target
042700,2024-03-27,2024-03-28,110300.0,119124.00000000001,6,50075.72968080011,0.07557902878004885,1,target
000250,2024-03-27,2024-03-29,141200.0,135552.0,5,-31050.076267999946,-0.043929752195512206,2,stop
440110,2024-03-27,2024-03-29,16820.0,16147.199999999999,45,-33288.67241820006,-0.04392975219551243,2,stop
278470,2024-03-28,2024-03-29,55100.0,52896.0,14,-33926.386449199985,-0.04392975219551232,1,stop
241560,2024-03-28,2024-04-01,55000.0,52800.0,14,-33864.814060000004,-0.04392975219551232,2,stop
007660,2024-03-28,2024-04-01,41964.0,40285.439999999995,18,-33220.59094785608,-0.04392975219551243,2,stop
043260,2024-03-29,2024-04-01,2185.0,2097.6,339,-32576.851618770044,-0.04392975219551243,1,stop
131290,2024-03-29,2024-04-01,62600.0,60096.0,11,-30284.81943080004,-0.04392975219551243,1,stop
080220,2024-03-29,2024-04-02,28600.0,27456.0,25,-31445.89876999997,-0.04392975219551232,2,stop
064760,2024-04-01,2024-04-02,131500.0,126240.0,5,-28917.032785000047,-0.04392975219551243,1,stop
298380,2024-04-01,2024-04-02,27100.0,26016.0,26,-30988.503878799966,-0.04392975219551232,1,stop
039030,2024-04-01,2024-04-02,210000.0,201600.0,3,-27707.57513999997,-0.04392975219551232,1,stop
240810,2024-04-01,2024-04-03,41650.0,39984.0,17,-31140.235837899963,-0.04392975219551232,2,stop
000990,2024-04-02,2024-04-03,47300.0,45408.0,14,-29123.740091600106,-0.04392975219551254,1,stop
214450,2024-04-02,2024-04-03,110000.0,105600.0,6,-29026.983480000054,-0.04392975219551243,1,stop
012450,2024-04-03,2024-04-04,245496.0,235676.16,2,-21593.964655776042,-0.04392975219551243,1,stop
440110,2024-04-03,2024-04-04,17660.0,19072.800000000003,38,50777.9097524801,0.07557902878004885,1,target
214150,2024-04-02,2024-04-05,38000.0,36700.0,18,-26134.184429999907,-0.03816397767476143,3,time
272210,2024-04-02,2024-04-05,18300.0,17568.0,38,-30583.88532120001,-0.04392975219551232,3,stop
039030,2024-04-04,2024-04-05,222500.0,240300.00000000003,3,50507.02563000005,0.07557902878004863,1,target
010950,2024-04-03,2024-04-08,81100.0,83000.0,8,12496.277480000048,0.01923847317833549,3,time
000880,2024-04-04,2024-04-08,29150.0,27984.0,24,-30768.60248880007,-0.04392975219551243,2,stop
067310,2024-04-05,2024-04-08,27567.0,26464.32,25,-30310.108090650057,-0.04392975219551243,1,stop
010120,2024-04-05,2024-04-08,21260.0,22960.800000000003,32,51477.063185920124,0.07557902878004885,1,target
000500,2024-04-05,2024-04-08,31350.0,33858.0,22,52186.809853199986,0.07557902878004863,1,target
440110,2024-04-08,2024-04-09,20600.0,19776.0,33,-29897.792984399945,-0.043929752195512206,1,stop
084370,2024-04-08,2024-04-09,50000.0,48000.0,13,-28587.18069999991,-0.043929752195512206,1,stop
078930,2024-04-08,2024-04-09,50500.0,48480.0,13,-28873.052506999928,-0.043929752195512206,1,stop
036930,2024-04-08,2024-04-09,38450.0,36912.0,18,-30438.750403800048,-0.04392975219551243,1,stop
131970,2024-04-08,2024-04-09,51900.0,49824.0,13,-29673.493566600024,-0.04392975219551232,1,stop
068270,2024-04-09,2024-04-11,174790.0,167798.4,3,-23061.938374860096,-0.04392975219551254,1,stop
003670,2024-04-09,2024-04-11,278677.0,267529.92,2,-24512.583864412038,-0.04392975219551243,1,stop
307950,2024-04-09,2024-04-11,157000.0,150720.0,4,-27619.61458399985,-0.043929752195512095,1,stop
247540,2024-04-09,2024-04-11,244500.0,234720.0,2,-21506.355941999995,-0.04392975219551232,1,stop
214450,2024-04-11,2024-04-12,114600.0,123768.00000000001,6,52027.911345600034,0.07557902878004863,1,target
005490,2024-04-09,2024-04-15,406500.0,390240.0,1,-17877.983007000003,-0.04392975219551232,3,stop
064350,2024-04-11,2024-04-15,41200.0,39552.0,17,-30803.786711200024,-0.04392975219551232,2,stop
218410,2024-04-11,2024-04-15,16150.0,15504.0,43,-30542.10405710002,-0.04392975219551232,2,stop
010170,2024-04-11,2024-04-16,998.0,993.0,711,-6452.512241850141,-0.009083003434101511,3,time
000500,2024-04-15,2024-04-16,45100.0,43296.0,12,-23802.12645360001,-0.04392975219551232,1,stop
257720,2024-04-15,2024-04-16,13530.0,12988.8,42,-24992.232776280027,-0.04392975219551243,1,stop
161390,2024-04-12,2024-04-17,60000.0,62700.0,13,31799.927445000038,0.04072230099551,3,time
440110,2024-04-16,2024-04-17,19400.0,18624.0,31,-26449.739189199987,-0.04392975219551232,1,stop
078600,2024-04-16,2024-04-17,88700.0,85152.0,6,-23406.303951599984,-0.04392975219551232,1,stop
042660,2024-04-15,2024-04-18,28550.0,30834.000000000004,20,43205.26087600016,0.07557902878004885,3,target
082740,2024-04-16,2024-04-18,10840.0,11707.2,55,45112.04296720005,0.07557902878004863,2,target
010120,2024-04-18,2024-04-19,29180.0,31514.4,22,48574.51711376,0.07557902878004863,1,target
090430,2024-04-17,2024-04-22,138100.0,141700.0,4,12093.702399999951,0.021867865329289637,3,time
087010,2024-04-19,2024-04-22,25729.0,24699.84,26,-29420.782889212016,-0.04392975219551232,1,stop
006260,2024-04-19,2024-04-22,129100.0,123936.0,5,-28389.269449000014,-0.04392975219551232,1,stop
031980,2024-04-19,2024-04-22,51100.0,49056.0,13,-29216.09867540002,-0.04392975219551232,1,stop
108490,2024-04-18,2024-04-23,22836.0,23079.0,29,4312.216730849934,0.00650404191297782,3,time
011200,2024-04-22,2024-04-23,15650.0,15024.0,40,-27531.654027999844,-0.043929752195512095,1,stop
078930,2024-04-22,2024-04-25,43850.0,43500.0,14,-7401.439535000012,-0.012042574603401413,3,time
000720,2024-04-22,2024-04-25,33600.0,34800.0,18,19057.730759999948,0.031474597705734464,3,time
263750,2024-04-22,2024-04-25,28600.0,30888.000000000004,22,47609.01951520017,0.07557902878004885,3,target
032830,2024-04-23,2024-04-26,84500.0,88800.0,7,27587.17839500017,0.0465857742238478,3,time
071050,2024-04-23,2024-04-26,65200.0,66800.0,10,13280.804800000042,0.020345931642059334,3,time
131290,2024-04-25,2024-04-26,66800.0,72144.0,9,45490.37274719996,0.07557902878004863,1,target
278470,2024-04-26,2024-04-29,49900.0,53892.0,14,52860.23686159996,0.07557902878004863,1,target
272210,2024-04-26,2024-04-29,18730.0,20228.4,37,52437.26416756003,0.07557902878004863,1,target
011070,2024-04-25,2024-04-30,207000.0,223560.00000000003,3,46988.5586760001,0.07557902878004885,3,target
307950,2024-04-25,2024-04-30,152900.0,165132.0,4,46277.298689599964,0.07557902878004863,3,target
036930,2024-04-26,2024-04-30,35550.0,34128.0,19,-29706.478775099968,-0.04392975219551232,2,stop
000500,2024-04-29,2024-04-30,47100.0,50868.0,16,57021.86444159993,0.07557902878004863,1,target
131290,2024-04-29,2024-04-30,79000.0,85320.0,9,53798.49471599993,0.07557902878004863,1,target
009830,2024-04-30,2024-05-02,26300.0,25248.0,27,-31230.395407800097,-0.04392975219551243,1,stop
298040,2024-04-30,2024-05-02,316500.0,303840.0,2,-27839.51597399998,-0.04392975219551232,1,stop
131290,2024-05-02,2024-05-03,82000.0,78720.0,10,-36063.82795999991,-0.043929752195512206,1,stop
336260,2024-04-30,2024-05-07,19910.0,20750.0,36,27213.425136000034,0.03792365864845548,3,time
310210,2024-04-30,2024-05-07,31000.0,32500.0,23,31476.27567500004,0.04409553271659439,3,time
051910,2024-04-30,2024-05-07,397500.0,402000.0,1,2857.699275000021,0.007180921429255971,3,time
090430,2024-05-02,2024-05-07,172400.0,165504.0,4,-30328.799708799925,-0.043929752195512206,2,stop
218410,2024-05-03,2024-05-08,17670.0,16963.2,56,-43519.364686559886,-0.043929752195512206,2,stop
043260,2024-05-07,2024-05-08,1869.0,2018.5200000000002,341,48224.10807152407,0.07557902878004863,1,target
214450,2024-05-07,2024-05-08,139000.0,133440.0,4,-24453.034567999886,-0.043929752195512095,1,stop
237690,2024-05-07,2024-05-08,101100.0,97056.0,6,-26678.436634800048,-0.04392975219551243,1,stop
095340,2024-05-07,2024-05-09,82600.0,79296.0,7,-25429.39673960011,-0.04392975219551254,2,stop
000500,2024-05-08,2024-05-09,51400.0,55512.00000000001,14,54449.22193759994,0.07557902878004863,1,target
214150,2024-05-09,2024-05-10,40750.0,44010.0,17,52417.59101900004,0.07557902878004863,1,target
001440,2024-05-08,2024-05-13,14150.0,15282.000000000002,51,54604.33714740013,0.07557902878004885,3,target
180640,2024-05-08,2024-05-13,63300.0,64000.0,11,4823.723355000024,0.006919692263810173,3,time
030200,2024-05-08,2024-05-13,35800.0,35800.0,20,-2934.3111999999965,-0.004093491870325372,3,time
257720,2024-05-10,2024-05-13,22000.0,23760.0,35,58262.78612000006,0.07557902878004863,1,target
267250,2024-05-09,2024-05-14,66800.0,67700.0,10,6235.86995000008,0.009324410185314047,3,time
000500,2024-05-13,2024-05-14,66800.0,64128.0,11,-32316.708274399978,-0.04392975219551232,1,stop
043260,2024-05-13,2024-05-14,2125.0,2040.0,356,-33271.08030699997,-0.04392975219551232,1,stop
032820,2024-05-14,2024-05-16,1738.0,1877.0400000000002,409,53786.53949495207,0.07557902878004863,1,target
263750,2024-05-13,2024-05-17,37700.0,40716.0,20,57052.13082399999,0.07557902878004863,3,target
006800,2024-05-13,2024-05-17,8055.0,7786.0,93,-28013.27172614995,-0.037352194624748924,3,time
329180,2024-05-14,2024-05-17,143800.0,138048.0,4,-25297.4559056001,-0.04392975219551254,2,stop
083650,2024-05-16,2024-05-17,9960.0,9561.6,92,-40300.008336960105,-0.04392975219551243,1,stop
009540,2024-05-14,2024-05-20,137200.0,131712.0,5,-30170.470708000008,-0.04392975219551232,3,stop
010120,2024-05-17,2024-05-20,38900.0,42012.0,19,55924.70807960001,0.07557902878004863,1,target
043260,2024-05-17,2024-05-20,2250.0,2160.0,329,-32556.400789499865,-0.043929752195512206,1,stop
298040,2024-05-20,2024-05-21,373000.0,402840.0,2,56446.803176000016,0.07557902878004863,1,target
007660,2024-05-17,2024-05-22,49209.0,50960.0,15,23162.54460975004,0.03134377155171264,3,time
000810,2024-05-17,2024-05-22,373000.0,358080.0,1,-16404.64369399997,-0.043929752195512206,3,stop
031980,2024-05-21,2024-05-22,55000.0,52800.0,18,-43540.47522000002,-0.04392975219551232,1,stop
237690,2024-05-20,2024-05-23,101000.0,97500.0,8,-31228.800200000056,-0.03860510353818547,3,time
196170,2024-05-20,2024-05-23,189400.0,185900.0,4,-17063.523619999993,-0.02249725522013457,3,time
028300,2024-05-22,2024-05-23,49250.0,53190.0,14,52171.67666200001,0.07557902878004863,1,target
067310,2024-05-22,2024-05-24,20473.0,19654.079999999998,34,-30613.879870795994,-0.04392975219551232,2,stop
336260,2024-05-23,2024-05-24,25000.0,24000.0,30,-32985.20849999995,-0.04392975219551232,1,stop
950160,2024-05-23,2024-05-24,12930.0,13964.400000000001,59,57723.28785372013,0.07557902878004885,1,target
018260,2024-05-22,2024-05-27,164600.0,166700.0,4,5676.981499999994,0.008612484235824835,3,time
005380,2024-05-23,2024-05-27,273500.0,262560.0,2,-24057.21206599992,-0.043929752195512206,2,stop
178320,2024-05-24,2024-05-27,30050.0,32454.000000000004,27,61391.573400600115,0.07557902878004885,1,target
087010,2024-05-24,2024-05-28,32126.0,34696.08,25,60771.11256139993,0.07557902878004863,2,target
010120,2024-05-27,2024-05-28,47000.0,45120.0,14,-28939.02292399993,-0.043929752195512206,1,stop
352820,2024-05-24,2024-05-29,198100.0,199300.0,4,1538.4356800001115,0.001939258305119651,3,time
267260,2024-05-27,2024-05-29,285000.0,307800.0,2,43129.59492000006,0.07557902878004885,2,target
267270,2024-05-28,2024-05-29,59900.0,57504.0,14,-36881.86113079998,-0.04392975219551232,1,stop
278470,2024-05-27,2024-05-30,71600.0,71700.0,9,-1743.5333249999676,-0.002702560993049219,3,time
066570,2024-05-29,2024-05-30,112500.0,108000.0,6,-29686.687649999978,-0.04392975219551232,1,stop
403870,2024-05-28,2024-05-31,42250.0,42550.0,20,2519.332700000028,0.0029780336311870936,3,time
028300,2024-05-29,2024-05-31,63000.0,60480.0,11,-30478.332654000027,-0.04392975219551232,2,stop
080220,2024-05-30,2024-05-31,22350.0,21456.0,32,-31454.6948255999,-0.043929752195512206,1,stop
950160,2024-05-29,2024-06-03,14090.0,15217.2,53,56505.06596212019,0.07557902878004885,3,target
034730,2024-05-31,2024-06-03,164500.0,177660.0,4,49788.19904800004,0.07557902878004863,1,target
310210,2024-05-30,2024-06-04,41350.0,42800.0,17,21696.500877499813,0.030829469116083752,3,time
064760,2024-05-31,2024-06-04,122100.0,131868.0,6,55432.87936560006,0.07557902878004863,2,target
000250,2024-06-03,2024-06-04,117800.0,127224.00000000001,6,53480.697700800025,0.07557902878004863,1,target
078600,2024-05-31,2024-06-05,117600.0,127008.00000000001,6,53389.89855359995,0.07557902878004863,3,target
047050,2024-06-04,2024-06-05,49600.0,47616.0,15,-32721.326831999933,-0.043929752195512206,1,stop
003230,2024-06-04,2024-06-05,579000.0,555840.0,1,-25464.58096199995,-0.043929752195512206,1,stop
024110,2024-06-03,2024-06-07,13680.0,13620.0,59,-6837.303087000037,-0.008461502870894089,3,time
000100,2024-06-04,2024-06-07,76700.0,82836.0,10,58035.788252,0.07557902878004863,2,target
196170,2024-06-05,2024-06-07,230500.0,248940.00000000003,3,52323.008574000094,0.07557902878004885,1,target
031980,2024-06-07,2024-06-10,65000.0,70200.0,13,63937.732820000034,0.07557902878004863,1,target
068270,2024-06-05,2024-06-11,174237.0,177182.0,4,8889.039677400026,0.012739584149359828,3,time
180640,2024-06-05,2024-06-11,66700.0,69300.0,11,25508.83642999991,0.03472745147505907,3,time
310210,2024-06-07,2024-06-12,47100.0,48850.0,18,27932.682465000078,0.03290940386697683,3,time
247540,2024-06-07,2024-06-12,208000.0,209500.0,4,2572.6093000001274,0.0030885262171485017,3,time
237690,2024-06-10,2024-06-12,106400.0,102144.0,8,-37436.01263360004,-0.04392975219551243,2,stop
079550,2024-06-11,2024-06-12,177400.0,170304.0,4,-31208.405268800096,-0.04392975219551243,1,stop
064760,2024-06-11,2024-06-13,125700.0,135756.0,6,57067.264015199966,0.07557902878004863,2,target
078600,2024-06-12,2024-06-13,154900.0,148704.0,5,-34062.7253109999,-0.043929752195512206,1,stop
047050,2024-06-12,2024-06-13,53200.0,57456.00000000001,15,60381.432888000156,0.07557902878004885,1,target
196170,2024-06-12,2024-06-13,286500.0,275040.0,2,-25200.699293999933,-0.043929752195512206,1,stop
042700,2024-06-13,2024-06-14,175900.0,189972.0,4,53238.56664159987,0.07557902878004841,1,target
000150,2024-06-13,2024-06-14,228500.0,219360.0,3,-30148.48056899989,-0.043929752195512206,1,stop
214370,2024-06-12,2024-06-17,23850.0,22896.0,34,-35663.60743020009,-0.04392975219551243,3,stop
214150,2024-06-13,2024-06-17,53800.0,51648.0,15,-35492.08434599999,-0.04392975219551232,2,stop
272210,2024-06-13,2024-06-17,18280.0,19742.4,45,62242.81540560012,0.07557902878004885,2,target
012450,2024-06-14,2024-06-19,229706.0,248082.48,3,52142.772266807966,0.07557902878004863,3,target
307950,2024-06-14,2024-06-19,153900.0,156000.0,5,7315.480574999936,0.00949587568699961,3,time
064760,2024-06-17,2024-06-19,141300.0,135648.0,6,-37286.47968839994,-0.043929752195512206,2,stop
082740,2024-06-17,2024-06-20,15300.0,16524.0,58,67145.96935439995,0.07557902878004863,3,target
012330,2024-06-17,2024-06-20,238000.0,238500.0,3,-1430.5368749999907,-0.0020012513070276627,3,time
000250,2024-06-19,2024-06-20,150500.0,162540.0,5,56938.63188999996,0.07557902878004863,1,target
272210,2024-06-19,2024-06-20,21400.0,20544.0,39,-36705.94001879997,-0.04392975219551232,1,stop
086280,2024-06-19,2024-06-20,101789.0,109932.12000000001,8,61615.69596227212,0.07557902878004885,1,target
310210,2024-06-20,2024-06-21,46300.0,50004.0,18,63060.00773039996,0.07557902878004863,1,target
214150,2024-06-20,2024-06-21,55100.0,52896.0,15,-36349.69976700004,-0.04392975219551243,1,stop
403870,2024-06-20,2024-06-21,41150.0,39504.0,20,-36195.76879400003,-0.04392975219551243,1,stop
043260,2024-06-20,2024-06-21,1830.0,1756.8,469,-37746.95319906005,-0.04392975219551243,1,stop
000990,2024-06-21,2024-06-24,55900.0,53664.0,15,-36877.46310299996,-0.04392975219551232,1,stop
141080,2024-06-21,2024-06-24,74900.0,71904.0,11,-36235.351044199895,-0.043929752195512206,1,stop
096770,2024-06-21,2024-06-24,124800.0,119808.0,6,-32932.4321663999,-0.043929752195512206,1,stop
034020,2024-06-20,2024-06-25,21200.0,20352.0,40,-37295.27574399987,-0.043929752195512206,3,stop
078930,2024-06-24,2024-06-25,50800.0,48768.0,16,-35747.169958400074,-0.04392975219551243,1,stop
010120,2024-06-24,2024-06-25,41800.0,40128.0,19,-34929.1367876,-0.04392975219551232,1,stop
257720,2024-06-24,2024-06-25,52500.0,50400.0,15,-34634.468924999936,-0.043929752195512206,1,stop
047040,2024-06-21,2024-06-26,3600.0,3700.0,236,20048.595300000045,0.023570577799943537,3,time
034220,2024-06-25,2024-06-26,11800.0,11328.0,66,-34251.84050639998,-0.04392975219551232,1,stop
226950,2024-06-25,2024-06-26,9500.0,9120.0,82,-34260.63656200003,-0.04392975219551232,1,stop
028300,2024-06-26,2024-06-27,72000.0,69120.0,11,-34832.38017599995,-0.04392975219551232,1,stop
329180,2024-06-25,2024-06-28,152000.0,155700.0,5,15330.829075000016,0.020148969182831156,3,time
316140,2024-06-25,2024-06-28,14630.0,14690.0,53,-7.078097000019625,-9.117947715631125e-06,3,time
021240,2024-06-27,2024-06-28,65600.0,62976.0,13,-37506.38107840007,-0.04392975219551243,1,stop
012330,2024-06-26,2024-07-01,247000.0,247500.0,3,-1541.188274999964,-0.0020774867931396823,3,time
039490,2024-06-26,2024-07-01,124000.0,123700.0,6,-4843.754309999873,-0.0065029430996711435,3,time
087010,2024-06-28,2024-07-01,44967.0,48564.36,17,57842.00773868419,0.07557902878004885,1,target
347850,2024-06-28,2024-07-01,7044.0,7607.52,113,60227.982329232036,0.07557902878004863,1,target
000500,2024-06-28,2024-07-01,55500.0,53280.0,14,-34172.67600599991,-0.043929752195512206,1,stop
007660,2024-07-01,2024-07-02,56794.0,54522.24,13,-32471.606813516002,-0.04392975219551232,1,stop
079550,2024-07-01,2024-07-02,218000.0,209280.0,3,-28763.10181199992,-0.043929752195512206,1,stop
131290,2024-07-01,2024-07-02,59800.0,57408.0,13,-34190.2681172,-0.04392975219551232,1,stop
298380,2024-07-02,2024-07-03,24250.0,23280.0,33,-35195.21746949991,-0.043929752195512206,1,stop
267270,2024-07-02,2024-07-03,58200.0,55872.0,13,-33275.47833479999,-0.04392975219551232,1,stop
000880,2024-07-01,2024-07-04,26700.0,27850.0,29,30078.446272500092,0.03880135773076554,3,time
096770,2024-07-01,2024-07-04,114000.0,114500.0,6,187.9870499999961,0.00027451913024334473,3,time
310210,2024-07-02,2024-07-04,53000.0,57240.00000000001,15,60154.43502000009,0.07557902878004885,2,target
178320,2024-07-04,2024-07-05,34150.0,32784.0,23,-34544.309355100035,-0.04392975219551243,1,stop
000250,2024-07-04,2024-07-05,179000.0,193320.0,4,54176.82449599996,0.07557902878004863,1,target
086520,2024-07-04,2024-07-05,97611.0,93706.56,8,-34343.671326864045,-0.04392975219551243,1,stop
267260,2024-07-03,2024-07-08,314000.0,321000.0,2,11385.057700000121,0.018108245572056036,3,time
000150,2024-07-04,2024-07-08,225000.0,216000.0,3,-29686.687649999978,-0.04392975219551232,2,stop
039030,2024-07-05,2024-07-09,204000.0,220320.0,4,61743.42009599996,0.07557902878004863,2,target
240810,2024-07-05,2024-07-10,40250.0,38640.0,21,-37174.32997949992,-0.043929752195512206,3,stop
131970,2024-07-05,2024-07-10,41200.0,42950.0,20,31519.90145000012,0.03820836223712454,3,time
347850,2024-07-08,2024-07-10,8758.0,9458.640000000001,78,51689.23052654404,0.07557902878004863,2,target
032820,2024-07-09,2024-07-10,2430.0,2624.4,388,71340.88995503995,0.07557902878004863,1,target
000100,2024-07-08,2024-07-11,90000.0,88300.0,7,-14446.784204999916,-0.022905059246107973,3,time
083650,2024-07-10,2024-07-11,9990.0,9590.4,85,-37345.85306370002,-0.04392975219551232,1,stop
010120,2024-07-10,2024-07-11,43100.0,46548.0,19,61962.85136839992,0.07557902878004863,1,target
006260,2024-07-11,2024-07-12,159800.0,153408.0,5,-35140.24212200008,-0.04392975219551243,1,stop
298040,2024-07-11,2024-07-12,394000.0,378240.0,2,-34656.45906399994,-0.043929752195512206,1,stop
058470,2024-07-10,2024-07-15,47454.0,48155.0,17,8575.77638055,0.01061823869398748,3,time
214370,2024-07-10,2024-07-15,22800.0,23650.0,37,27900.042307499913,0.03303460163450889,3,time
226950,2024-07-12,2024-07-15,10280.0,11102.400000000001,75,58338.45207600016,0.07557902878004885,1,target
058610,2024-07-11,2024-07-16,26800.0,26500.0,29,-11859.473005000036,-0.015241699050881463,3,time
005490,2024-07-12,2024-07-16,388500.0,372960.0,2,-34172.67600600002,-0.04392975219551232,2,stop
950160,2024-07-15,2024-07-16,18490.0,19969.2,45,62957.85868980002,0.07557902878004863,1,target
454910,2024-07-15,2024-07-16,103600.0,99456.0,8,-36450.85440640012,-0.04392975219551243,1,stop
267270,2024-07-16,2024-07-17,58100.0,62748.00000000001,14,61546.68861040019,0.07557902878004885,1,target
003230,2024-07-16,2024-07-17,636000.0,610560.0,1,-27971.456807999988,-0.04392975219551232,1,stop
000100,2024-07-15,2024-07-18,95400.0,97300.0,8,12027.443399999873,0.01574112411967854,3,time
047040,2024-07-16,2024-07-18,4270.0,4611.6,192,62033.97736704,0.07557902878004863,2,target
084370,2024-07-17,2024-07-18,50000.0,48000.0,18,-39582.25020000001,-0.04392975219551232,1,stop
079550,2024-07-16,2024-07-19,235500.0,226080.0,3,-31072.066406999948,-0.043929752195512206,3,stop
009150,2024-07-17,2024-07-19,172800.0,165888.0,5,-37998.96019200003,-0.04392975219551232,2,stop
443060,2024-07-18,2024-07-19,133500.0,128160.0,6,-35228.20267799997,-0.04392975219551232,1,stop
090430,2024-07-18,2024-07-22,163700.0,176796.0,5,61932.58498600009,0.07557902878004863,2,target
226950,2024-07-19,2024-07-22,11680.0,12614.400000000001,67,59213.150527360034,0.07557902878004863,1,target
028050,2024-07-18,2024-07-23,25350.0,25100.0,33,-11654.02779750002,-0.013915055066870519,3,time
086520,2024-07-19,2024-07-23,96335.0,92481.59999999999,8,-33894.72064904007,-0.04392975219551243,2,stop
039030,2024-07-22,2024-07-23,201000.0,192960.0,4,-35360.14351199998,-0.04392975219551232,1,stop
030200,2024-07-19,2024-07-24,37500.0,37700.0,21,960.2856900001643,0.0012180095063665242,3,time
087010,2024-07-22,2024-07-24,79467.0,76288.31999999999,11,-38444.78827008617,-0.04392975219551254,2,stop
267270,2024-07-23,2024-07-24,65100.0,62496.0,12,-34357.39317360008,-0.04392975219551243,1,stop
009540,2024-07-23,2024-07-25,186600.0,179136.0,4,-32826.87949920003,-0.04392975219551243,2,stop
010120,2024-07-24,2024-07-25,51600.0,49536.0,16,-36310.117516799946,-0.04392975219551232,1,stop
082740,2024-07-24,2024-07-25,16900.0,16224.0,49,-36420.06821179995,-0.04392975219551232,1,stop
267260,2024-07-24,2024-07-25,351000.0,336960.0,2,-30874.15515600005,-0.04392975219551243,1,stop
033780,2024-07-23,2024-07-26,92100.0,93800.0,8,10540.352759999922,0.014289147259104018,3,time
272210,2024-07-25,2024-07-26,22000.0,21120.0,35,-33864.81405999989,-0.043929752195512206,1,stop
196170,2024-07-25,2024-07-26,300500.0,288480.0,2,-26432.147077999893,-0.043929752195512206,1,stop
028050,2024-07-26,2024-07-29,26050.0,28134.000000000004,29,57161.84646020003,0.07557902878004863,1,target
145020,2024-07-25,2024-07-30,240000.0,259200.00000000003,3,54479.488320000004,0.07557902878004863,3,target
131970,2024-07-26,2024-07-30,39500.0,37920.0,19,-33007.19863899995,-0.04392975219551232,2,stop
131290,2024-07-29,2024-07-30,50400.0,48384.0,20,-44332.120223999955,-0.04392975219551232,1,stop
373220,2024-07-26,2024-07-31,332000.0,324000.0,2,-18674.035999999964,-0.02809123905417288,3,time
035420,2024-07-26,2024-07-31,178400.0,174000.0,4,-20472.58984000003,-0.028656208438546105,3,time
012450,2024-07-30,2024-07-31,329025.0,315864.0,2,-28941.221937899943,-0.043929752195512206,1,stop
247540,2024-07-31,2024-08-01,185300.0,177888.0,3,-24448.636540199863,-0.043929752195512095,1,stop
047810,2024-07-30,2024-08-02,55000.0,55200.0,14,-363.86853999993764,-0.00047201365894466996,3,time
010950,2024-07-30,2024-08-02,67700.0,68500.0,12,6242.321040000068,0.007674974990882211,3,time
196170,2024-07-31,2024-08-02,321500.0,308640.0,2,-28279.31875399989,-0.043929752195512206,2,stop
319660,2024-08-01,2024-08-02,32650.0,31344.0,24,-34462.94584079995,-0.04392975219551232,1,stop
032640,2024-07-31,2024-08-05,10070.0,9667.199999999999,72,-31887.460761120077,-0.04392975219551243,3,stop
214450,2024-08-02,2024-08-05,146400.0,140544.0,5,-32193.5634959999,-0.043929752195512206,1,stop
009830,2024-08-02,2024-08-05,26450.0,25392.0,28,-32571.793886799947,-0.04392975219551232,1,stop
214370,2024-08-02,2024-08-05,23950.0,22992.0,30,-31599.82974299998,-0.04392975219551232,1,stop
100790,2024-08-02,2024-08-05,5510.0,5289.599999999999,134,-32472.398458520067,-0.04392975219551243,1,stop
352820,2024-08-05,2024-08-06,179000.0,171840.0,3,-23617.409285999893,-0.043929752195512095,1,stop
010950,2024-08-05,2024-08-06,68400.0,65664.0,10,-30082.510152000003,-0.04392975219551232,1,stop
003670,2024-08-05,2024-08-06,217126.0,208440.96,3,-28647.785523083992,-0.04392975219551232,1,stop
017670,2024-08-05,2024-08-06,54100.0,51936.0,13,-30931.32951740001,-0.04392975219551232,1,stop
095340,2024-08-07,2024-08-08,47700.0,51516.0,14,50529.72541680001,0.07557902878004863,1,target
086520,2024-08-07,2024-08-08,88880.0,85324.8,7,-27362.769760479918,-0.043929752195512206,1,stop
377300,2024-08-07,2024-08-12,23800.0,24950.0,28,29374.03231000004,0.044028041085520275,3,time
218410,2024-08-07,2024-08-12,11410.0,11810.0,59,20771.55876200006,0.03081997029022432,3,time
277810,2024-08-07,2024-08-12,123500.0,125800.0,5,8935.458925000043,0.014453754839782063,3,time
214150,2024-08-08,2024-08-13,50200.0,48192.0,14,-30909.339378400124,-0.04392975219551254,3,stop
214450,2024-08-08,2024-08-13,169900.0,172300.0,4,6786.5620000000345,0.009974640086774178,3,time
443060,2024-08-12,2024-08-13,123100.0,118176.0,5,-27069.861108999932,-0.043929752195512206,1,stop
161390,2024-08-12,2024-08-13,43800.0,42048.0,16,-30821.3788224,-0.04392975219551232,1,stop
009830,2024-08-12,2024-08-14,25450.0,27486.0,27,51993.86166539998,0.07557902878004863,2,target
031980,2024-08-13,2024-08-14,46550.0,50274.0,14,49311.50352519995,0.07557902878004863,1,target
326030,2024-08-13,2024-08-16,98000.0,105840.0,6,44491.58212799998,0.07557902878004863,2,target
042700,2024-08-13,2024-08-16,117100.0,126468.00000000001,5,44302.4172380002,0.07557902878004907,2,target
278470,2024-08-13,2024-08-19,49400.0,52700.0,13,40141.664615000016,0.06243467567679861,3,time
031980,2024-08-16,2024-08-19,53900.0,51744.0,13,-30816.980794600095,-0.04392975219551243,1,stop
005830,2024-08-14,2024-08-20,105600.0,114048.00000000001,8,63922.59962880018,0.07557902878004885,3,target
259960,2024-08-14,2024-08-20,330000.0,333500.0,2,4274.551650000038,0.0064691529128682035,3,time
000100,2024-08-19,2024-08-20,95800.0,91968.0,8,-33706.48505919997,-0.04392975219551232,1,stop
214450,2024-08-16,2024-08-21,184600.0,182000.0,3,-10046.588369999896,-0.018120344097503627,3,time
326030,2024-08-19,2024-08-21,108200.0,103872.0,7,-33310.66255720006,-0.04392975219551243,2,stop
277810,2024-08-20,2024-08-21,143600.0,155088.0,5,54328.15640800004,0.07557902878004863,1,target
087010,2024-08-20,2024-08-22,49231.0,53169.48,15,55876.66019753995,0.07557902878004863,2,target
080220,2024-08-21,2024-08-22,14810.0,14217.6,49,-31916.047941819998,-0.04392975219551232,1,stop
058610,2024-08-21,2024-08-22,23000.0,24840.0,31,53949.82662800001,0.07557902878004863,1,target
032830,2024-08-20,2024-08-23,93100.0,97400.0,8,31246.2477200001,0.041904338258113016,3,time
016360,2024-08-21,2024-08-26,47700.0,48250.0,15,5293.4164875000715,0.007389706860729595,3,time
108490,2024-08-22,2024-08-27,19719.0,19301.0,38,-18908.04459419998,-0.025204548232118706,3,time
006400,2024-08-22,2024-08-27,319653.0,330913.0,2,19833.60606479994,0.03098800988795669,3,time
373220,2024-08-22,2024-08-27,351500.0,379620.0,2,53193.16706800007,0.07557902878004863,3,target
032820,2024-08-26,2024-08-27,2310.0,2217.6,373,-37894.72693313996,-0.04392975219551232,1,stop
035420,2024-08-23,2024-08-28,164300.0,163800.0,5,-5859.301174999913,-0.007124248133653532,3,time
035720,2024-08-27,2024-08-28,38650.0,37104.0,19,-32296.917149300105,-0.04392975219551243,1,stop
310210,2024-08-27,2024-08-29,87200.0,83712.0,8,-30680.641932800063,-0.04392975219551243,2,stop
241560,2024-08-27,2024-08-29,41900.0,40224.0,17,-31327.152019400033,-0.04392975219551243,2,stop
226950,2024-08-28,2024-08-29,13000.0,14040.000000000002,62,60986.760536000016,0.07557902878004863,1,target
015760,2024-08-27,2024-08-30,22050.0,21700.0,33,-14498.005252499948,-0.019901531681907447,3,time
347850,2024-08-29,2024-08-30,8571.0,9256.68,87,56422.36307221197,0.07557902878004863,1,target
031980,2024-08-29,2024-08-30,51000.0,48960.0,14,-31401.918491999968,-0.04392975219551232,1,stop
096770,2024-08-28,2024-09-02,109800.0,110400.0,7,1037.741670000134,0.001348620195957162,3,time
000100,2024-08-29,2024-09-03,136000.0,146880.0,5,51452.850080000004,0.07557902878004863,3,target
078600,2024-08-30,2024-09-03,113000.0,108480.0,6,-29818.628483999986,-0.04392975219551232,2,stop
454910,2024-08-30,2024-09-03,70500.0,67680.0,10,-31006.095989999943,-0.043929752195512206,2,stop
006400,2024-08-30,2024-09-04,352940.0,350493.0,2,-7772.4096592999995,-0.010998300691635765,3,time
226950,2024-09-02,2024-09-04,15600.0,14976.0,63,-43223.81721840007,-0.04392975219551243,2,stop
003670,2024-09-03,2024-09-04,242328.0,232634.88,2,-21315.305614368,-0.04392975219551232,1,stop
247540,2024-09-03,2024-09-04,182500.0,175200.0,3,-24079.202205000038,-0.04392975219551243,1,stop
005490,2024-09-03,2024-09-04,363000.0,348480.0,1,-15964.840913999942,-0.043929752195512206,1,stop
028260,2024-09-04,2024-09-06,152000.0,145920.0,4,-26740.009024000028,-0.04392975219551243,2,stop
003550,2024-09-04,2024-09-09,83500.0,83900.0,8,452.9686400000937,0.0006773177494576732,3,time
278470,2024-09-04,2024-09-09,55200.0,58100.0,13,34647.99019499996,0.04822768337561767,3,time
078930,2024-09-04,2024-09-09,46650.0,45650.0,15,-17823.494699999923,-0.02544197007246185,3,time
034730,2024-09-04,2024-09-09,143800.0,138048.0,5,-31621.81988199998,-0.04392975219551232,3,stop
214450,2024-09-06,2024-09-09,189000.0,181440.0,4,-33249.090167999966,-0.04392975219551232,1,stop
214150,2024-09-09,2024-09-10,52800.0,57024.00000000001,13,51937.112198400195,0.07557902878004885,1,target
226950,2024-09-09,2024-09-11,16900.0,16224.0,42,-31217.201324400026,-0.04392975219551232,2,stop
347850,2024-09-10,2024-09-11,8783.0,8431.68,87,-33606.25400563795,-0.04392975219551232,1,stop
062040,2024-09-10,2024-09-11,33700.0,36396.0,22,56098.73977839993,0.07557902878004863,1,target
319400,2024-09-09,2024-09-12,2785.0,2920.0,256,31536.26272,0.044182048021059295,3,time
033780,2024-09-09,2024-09-12,109500.0,110000.0,6,298.63845000008587,0.00045402643163683365,3,time
079550,2024-09-11,2024-09-12,191900.0,207252.0,3,43560.8908692,0.07557902878004863,1,target
214450,2024-09-11,2024-09-12,195000.0,187200.0,3,-25728.462630000082,-0.04392975219551243,1,stop
009830,2024-09-12,2024-09-13,25850.0,24816.0,28,-31832.925216400065,-0.04392975219551243,1,stop
087010,2024-09-12,2024-09-13,51653.0,49586.88,14,-31803.986193476012,-0.04392975219551232,1,stop
267260,2024-09-12,2024-09-19,288000.0,311040.0,2,43583.59065600007,0.07557902878004885,2,target
032820,2024-09-13,2024-09-19,2340.0,2527.2000000000003,349,61793.359626960126,0.07557902878004885,1,target
440110,2024-09-13,2024-09-19,16800.0,16128.0,48,-35465.69617920008,-0.04392975219551243,1,stop
006400,2024-09-12,2024-09-20,360284.0,368605.0,2,13639.906774300034,0.018907635168752268,3,time
003670,2024-09-12,2024-09-20,221972.0,226819.0,3,11769.075453749974,0.017653209717733098,3,time
012330,2024-09-19,2024-09-23,228500.0,219360.0,3,-30148.48056899989,-0.043929752195512206,2,stop
062040,2024-09-20,2024-09-23,44000.0,42240.0,17,-32897.247943999944,-0.043929752195512206,1,stop
071050,2024-09-19,2024-09-24,75000.0,73700.0,10,-16035.325349999941,-0.021355871344572952,3,time
005940,2024-09-19,2024-09-24,14310.0,14080.0,53,-15262.261096499977,-0.02010037494997763,3,time
000100,2024-09-23,2024-09-24,147600.0,159408.0,4,44673.180422400124,0.07557902878004885,1,target
141080,2024-09-23,2024-09-24,105600.0,101376.0,6,-27865.90414080012,-0.04392975219551254,1,stop
196170,2024-09-20,2024-09-25,347000.0,333120.0,2,-30522.312931999913,-0.043929752195512206,3,stop
131290,2024-09-24,2024-09-26,47800.0,51624.0,15,54252.49045199994,0.07557902878004863,2,target
298040,2024-09-24,2024-09-26,335500.0,362340.0,2,50771.856476000044,0.07557902878004863,2,target
058470,2024-09-24,2024-09-26,37843.0,40870.44,19,54405.10868525214,0.07557902878004885,2,target
009830,2024-09-25,2024-09-26,26600.0,25536.0,29,-33926.386449199985,-0.04392975219551232,1,stop
403870,2024-09-24,2024-09-27,30500.0,31650.0,23,23497.13677750004,0.03345708138702319,3,time
180640,2024-09-26,2024-09-27,84900.0,91692.0,8,51392.317315199994,0.07557902878004863,1,target
347850,2024-09-27,2024-09-30,10635.0,10209.6,74,-34612.03898322,-0.04392975219551232,1,stop
087010,2024-09-27,2024-09-30,51363.0,49308.479999999996,15,-33884.385283710086,-0.04392975219551243,1,stop
034220,2024-09-27,2024-09-30,11860.0,11385.6,67,-34947.60850435984,-0.043929752195512095,1,stop
090430,2024-09-26,2024-10-02,150500.0,144480.0,4,-26476.12735600001,-0.04392975219551232,3,stop
066970,2024-09-27,2024-10-02,112900.0,108384.0,7,-34757.61370340001,-0.04392975219551232,2,stop
012450,2024-09-30,2024-10-02,312151.0,299664.95999999996,2,-27456.975515956176,-0.04392975219551265,1,stop
047050,2024-09-30,2024-10-02,58700.0,56352.0,12,-30979.70782319992,-0.043929752195512206,1,stop
267270,2024-09-30,2024-10-04,53000.0,50880.0,14,-32633.366275999928,-0.043929752195512206,2,stop
257720,2024-10-02,2024-10-04,46100.0,44256.0,15,-30412.362236999907,-0.043929752195512206,1,stop
277810,2024-10-02,2024-10-08,137500.0,141100.0,5,15129.422600000049,0.02198115125161526,3,time
005290,2024-10-04,2024-10-08,30200.0,28992.0,23,-30548.701098800055,-0.04392975219551243,2,stop
178320,2024-10-04,2024-10-10,28700.0,30996.000000000004,24,52118.710492800106,0.07557902878004885,3,target
240810,2024-10-04,2024-10-10,32450.0,33050.0,21,9770.13618000003,0.01432080411974579,3,time
141080,2024-10-07,2024-10-10,106500.0,115020.00000000001,7,56408.97019800008,0.07557902878004863,2,target
226950,2024-10-10,2024-10-11,21350.0,23058.0,36,58156.85378160013,0.07557902878004885,1,target
298380,2024-10-10,2024-10-11,34400.0,37152.0,22,57263.99550079997,0.07557902878004863,1,target
373220,2024-10-10,2024-10-11,432000.0,414720.0,1,-18999.480095999956,-0.043929752195512206,1,stop
454910,2024-10-08,2024-10-14,62400.0,61800.0,10,-8539.588499999954,-0.01366951598695676,3,time
214150,2024-10-08,2024-10-14,59800.0,57408.0,11,-28930.2268684,-0.04392975219551232,3,stop
950160,2024-10-11,2024-10-14,15270.0,16491.600000000002,52,60081.79570224008,0.07557902878004863,1,target
440110,2024-10-11,2024-10-15,17110.0,18478.800000000003,47,60848.29183652019,0.07557902878004885,2,target
087010,2024-10-11,2024-10-16,75300.0,81324.0,10,56976.46486800013,0.07557902878004885,3,target
226950,2024-10-14,2024-10-16,26200.0,28296.000000000004,27,53526.09727440018,0.07557902878004885,2,target
403870,2024-10-14,2024-10-16,33450.0,32112.0,21,-30893.94628110004,-0.04392975219551243,2,stop
000500,2024-10-15,2024-10-16,41200.0,39552.0,21,-38051.73652560008,-0.04392975219551243,1,stop
298380,2024-10-14,2024-10-17,40050.0,43254.0,18,54547.58768039988,0.07557902878004841,3,target
347850,2024-10-16,2024-10-17,11861.0,11386.56,65,-33907.25502827007,-0.04392975219551243,1,stop
032820,2024-10-16,2024-10-17,2305.0,2489.4,336,58601.769602880115,0.07557902878004885,1,target
082740,2024-10-16,2024-10-21,15690.0,15900.0,49,7108.92742349999,0.009236040743265006,3,time
326030,2024-10-16,2024-10-21,125700.0,124300.0,6,-11466.098820000072,-0.015185529351483318,3,time
012330,2024-10-17,2024-10-22,240000.0,247500.0,3,19482.964874999947,0.02702858650872697,3,time
086280,2024-10-17,2024-10-22,122500.0,120600.0,6,-14378.569230000023,-0.019540205057642757,3,time
083650,2024-10-17,2024-10-22,10000.0,10800.0,79,59776.10524000006,0.07557902878004863,3,target
241560,2024-10-21,2024-10-22,43550.0,41808.0,18,-34476.13992420002,-0.04392975219551232,1,stop
237690,2024-10-21,2024-10-22,110200.0,105792.0,7,-33926.386449199985,-0.04392975219551232,1,stop
218410,2024-10-22,2024-10-23,13000.0,14040.000000000002,59,58035.788252,0.07557902878004863,1,target
454910,2024-10-22,2024-10-23,70800.0,67968.0,10,-31138.03682399995,-0.04392975219551232,1,stop
377300,2024-10-22,2024-10-23,26000.0,24960.0,29,-33161.12961199996,-0.04392975219551232,1,stop
226950,2024-10-23,2024-10-24,30650.0,29424.0,25,-33699.888017499936,-0.043929752195512206,1,stop
047810,2024-10-22,2024-10-25,55700.0,57200.0,13,16475.006404999993,0.022726252513777245,3,time
030200,2024-10-23,2024-10-28,43650.0,43750.0,18,-1425.262229999993,-0.0018119191140144597,3,time
272210,2024-10-23,2024-10-28,19400.0,18624.0,40,-34128.695727999904,-0.043929752195512206,3,stop
071050,2024-10-23,2024-10-28,79300.0,78500.0,9,-10103.659380000085,-0.014140467992692973,3,time
403870,2024-10-24,2024-10-29,31000.0,29760.0,27,-36811.49268599984,-0.043929752195512095,3,stop
083650,2024-10-25,2024-10-29,11610.0,12538.800000000001,65,57101.313695399906,0.07557902878004841,2,target
105560,2024-10-28,2024-10-29,99400.0,95424.0,7,-30601.477432399988,-0.04392975219551232,1,stop
402340,2024-10-28,2024-10-29,95300.0,91488.0,7,-29339.24345379998,-0.04392975219551232,1,stop
443060,2024-10-28,2024-10-30,135100.0,145908.0,5,51112.353278000024,0.07557902878004863,2,target
066970,2024-10-29,2024-10-30,109700.0,118476.00000000001,7,58103.88761240023,0.07557902878004885,1,target
003670,2024-10-29,2024-10-30,231181.0,221933.75999999998,3,-30502.2139449541,-0.04392975219551243,1,stop
006400,2024-10-29,2024-10-31,336787.0,323315.51999999996,2,-29623.971773572033,-0.04392975219551243,2,stop
336260,2024-10-30,2024-10-31,17950.0,17232.0,46,-36314.515544600086,-0.04392975219551243,1,stop
247540,2024-10-29,2024-11-01,169300.0,169700.0,4,-1180.0179200001294,-0.0017404936231201207,3,time
036930,2024-10-30,2024-11-01,30300.0,32724.000000000004,27,61902.31860360026,0.07557902878004885,2,target
062040,2024-10-30,2024-11-01,41100.0,44388.0,20,62197.415832000086,0.07557902878004863,2,target
098460,2024-10-31,2024-11-04,10810.0,10377.6,68,-32329.022752240067,-0.04392975219551243,2,stop
267270,2024-10-31,2024-11-04,51300.0,49248.0,14,-31586.63565959991,-0.043929752195512206,2,stop
353200,2024-11-01,2024-11-05,16830.0,18176.4,48,61125.985895040096,0.07557902878004885,2,target
131970,2024-11-01,2024-11-06,29700.0,29300.0,27,-14054.507639999967,-0.01750637413469802,3,time
084370,2024-11-01,2024-11-06,37000.0,36800.0,22,-7722.963380000088,-0.00947677029264804,3,time
062040,2024-11-04,2024-11-06,45000.0,48600.0,15,51074.52030000009,0.07557902878004885,2,target
096770,2024-11-04,2024-11-06,121900.0,117024.0,5,-26805.979440999916,-0.043929752195512206,2,stop
000720,2024-11-06,2024-11-07,29650.0,28464.0,28,-36512.42679559998,-0.04392975219551232,1,stop
003230,2024-11-05,2024-11-08,589000.0,584000.0,1,-7399.099549999926,-0.01254770671013572,3,time
161390,2024-11-06,2024-11-08,39300.0,37728.0,21,-36296.92343340011,-0.04392975219551243,2,stop
078930,2024-11-06,2024-11-11,42400.0,41700.0,19,-16562.30085499992,-0.020535344598881178,3,time
263750,2024-11-06,2024-11-11,39400.0,38250.0,21,-27469.655272500007,-0.03316182903654685,3,time
267270,2024-11-07,2024-11-11,56800.0,61344.00000000001,14,60169.568211200065,0.07557902878004863,2,target
042660,2024-11-08,2024-11-11,35850.0,38718.0,19,51539.865929399966,0.07557902878004863,1,target
329180,2024-11-08,2024-11-12,216000.0,207360.0,3,-28499.220143999904,-0.043929752195512206,2,stop
062040,2024-11-11,2024-11-12,61900.0,66852.0,13,60888.39479319996,0.07557902878004863,1,target
272210,2024-11-11,2024-11-12,23150.0,25002.0,35,61308.34084900003,0.07557902878004863,1,target
196170,2024-11-11,2024-11-13,448000.0,430080.0,1,-19703.164544,-0.04392975219551232,2,stop
100790,2024-11-12,2024-11-13,5860.0,5625.599999999999,161,-41493.633081880165,-0.04392975219551254,1,stop
087010,2024-11-12,2024-11-13,113600.0,109056.0,8,-39969.27664639999,-0.04392975219551232,1,stop
033780,2024-11-11,2024-11-14,119400.0,120800.0,6,5439.285900000017,0.00758380386988855,3,time
083650,2024-11-13,2024-11-14,15920.0,15283.199999999999,46,-32207.63718496007,-0.04392975219551243,1,stop
214370,2024-11-12,2024-11-15,18500.0,18060.0,51,-26240.497458000085,-0.027779916928544757,3,time
018260,2024-11-13,2024-11-18,137300.0,148284.0,5,51944.678794000065,0.07557902878004863,3,target
035420,2024-11-13,2024-11-18,181400.0,190800.0,4,34515.49939999997,0.04751357084422225,3,time
011200,2024-11-14,2024-11-18,17190.0,18565.2,44,57230.70248016005,0.07557902878004863,2,target
042660,2024-11-15,2024-11-18,39600.0,38016.0,23,-40057.23720240011,-0.04392975219551243,1,stop
015760,2024-11-14,2024-11-19,22450.0,23950.0,33,46317.92005500011,0.062448145643906994,3,time
087010,2024-11-18,2024-11-19,129500.0,124320.0,6,-34172.67600600002,-0.04392975219551232,1,stop
028300,2024-11-19,2024-11-20,75800.0,72768.0,10,-33337.050723999855,-0.043929752195512095,1,stop
950160,2024-11-18,2024-11-21,16670.0,16003.199999999999,48,-35191.25924447994,-0.043929752195512206,3,stop
263750,2024-11-18,2024-11-21,38600.0,39900.0,20,22759.540299999993,0.02944740089051856,3,time
005930,2024-11-18,2024-11-21,57000.0,54720.0,14,-35096.26184400008,-0.04392975219551243,3,stop
000500,2024-11-20,2024-11-21,46450.0,44592.0,17,-34729.02652269986,-0.043929752195512206,1,stop
000810,2024-11-19,2024-11-22,365000.0,381000.0,2,28913.976400000043,0.03956268382850969,3,time
214370,2024-11-21,2024-11-22,20850.0,22518.0,37,58372.501756199985,0.07557902878004863,1,target
032640,2024-11-21,2024-11-25,10500.0,11340.0,74,58792.44781199994,0.07557902878004863,2,target
095340,2024-11-22,2024-11-25,50100.0,54108.0,16,60653.83032960002,0.07557902878004863,1,target
030200,2024-11-21,2024-11-26,43300.0,45500.0,18,36289.12014000001,0.04650683879677131,3,time
105560,2024-11-21,2024-11-26,96100.0,96000.0,8,-3948.3377199999522,-0.005129814979721425,3,time
131970,2024-11-22,2024-11-26,24800.0,26784.0,32,60048.502681600046,0.07557902878004863,2,target
083650,2024-11-25,2024-11-26,19360.0,18585.6,44,-37464.16001151991,-0.043929752195512206,1,stop
402340,2024-11-25,2024-11-26,87200.0,83712.0,9,-34515.722174400114,-0.04392975219551243,1,stop
336260,2024-11-26,2024-11-28,17050.0,18414.0,47,60634.91384060006,0.07557902878004863,2,target
010120,2024-11-26,2024-11-28,30020.0,28819.2,27,-35647.77453011996,-0.04392975219551232,2,stop
000500,2024-11-26,2024-11-29,43700.0,47196.0,18,59518.84098960005,0.07557902878004863,3,target
009540,2024-11-26,2024-11-29,216500.0,207840.0,3,-28565.190561000025,-0.04392975219551232,3,stop
001440,2024-11-26,2024-11-29,11830.0,11356.8,68,-35379.49483431992,-0.043929752195512206,3,stop
108490,2024-11-28,2024-11-29,22154.0,21267.84,41,-39947.9022312921,-0.04392975219551243,1,stop
277810,2024-11-28,2024-12-02,152200.0,146112.0,6,-40162.789869599976,-0.04392975219551232,2,stop
950160,2024-12-02,2024-12-03,18460.0,19936.800000000003,49,68442.88384024019,0.07557902878004885,1,target
237690,2024-11-29,2024-12-04,90000.0,86400.0,8,-31665.800159999984,-0.04392975219551232,3,stop
000880,2024-11-29,2024-12-04,29650.0,28850.0,26,-23897.9829399999,-0.03096449377601629,3,time
068270,2024-11-29,2024-12-04,172122.0,168351.0,4,-17861.093135399977,-0.025912686640064186,3,time
035720,2024-12-02,2024-12-04,40550.0,43794.0,22,67501.59934760001,0.07557902878004863,2,target
007660,2024-12-04,2024-12-05,25673.0,24646.079999999998,31,-35002.275989913964,-0.04392975219551232,1,stop
257720,2024-12-04,2024-12-05,27500.0,26400.0,29,-35074.27170500008,-0.04392975219551243,1,stop
310210,2024-12-04,2024-12-05,83000.0,79680.0,9,-32853.267665999825,-0.043929752195512095,1,stop
000810,2024-12-04,2024-12-05,418000.0,401280.0,1,-18383.756203999976,-0.04392975219551232,1,stop
377300,2024-12-05,2024-12-06,31650.0,30384.0,24,-33407.4191688,-0.04392975219551232,1,stop
347850,2024-12-05,2024-12-06,10710.0,11566.800000000001,73,59157.91437948006,0.07557902878004863,1,target
323410,2024-12-05,2024-12-06,23600.0,22656.0,33,-34251.84050639998,-0.04392975219551232,1,stop
000990,2024-12-04,2024-12-09,31700.0,30432.0,25,-34854.37031499995,-0.04392975219551232,3,stop
950160,2024-12-06,2024-12-09,23050.0,22128.0,35,-35481.08927649993,-0.043929752195512206,1,stop
000660,2024-12-05,2024-12-10,170000.0,170400.0,4,-1191.492879999918,-0.0017501824394319243,3,time
039030,2024-12-06,2024-12-10,140300.0,134688.0,5,-30852.165016999817,-0.043929752195512095,2,stop
319400,2024-12-09,2024-12-11,2840.0,3067.2000000000003,292,62748.26399168011,0.07557902878004885,2,target
178320,2024-12-09,2024-12-12,27150.0,29322.000000000004,30,61629.92116200016,0.07557902878004885,3,target
323410,2024-12-09,2024-12-12,23150.0,23700.0,35,15872.683487500064,0.01956735389517461,3,time
214450,2024-12-11,2024-12-12,238500.0,228960.0,3,-31467.888908999972,-0.04392975219551232,1,stop
012330,2024-12-10,2024-12-13,246000.0,244000.0,2,-6004.522200000007,-0.0121902927494284,3,time
950160,2024-12-12,2024-12-13,24100.0,26028.0,38,69294.88250479999,0.07557902878004863,1,target
003230,2024-12-11,2024-12-16,665000.0,718200.0,1,50317.86074000015,0.07557902878004885,3,target
042700,2024-12-12,2024-12-17,82700.0,86700.0,11,40142.153259999934,0.044076109490239324,3,time
011070,2024-12-12,2024-12-17,166700.0,168200.0,5,4062.0399250000482,0.004867874429581809,3,time
950160,2024-12-16,2024-12-17,28350.0,27216.0,27,-33664.7037951001,-0.04392975219551243,1,stop
087010,2024-12-13,2024-12-18,107400.0,103104.0,7,-33064.37300039991,-0.043929752195512206,3,stop
131970,2024-12-13,2024-12-18,27300.0,27250.0,29,-4690.270267500076,-0.0059174964639695515,3,time
095340,2024-12-17,2024-12-19,68000.0,65280.0,12,-35887.90684800001,-0.04392975219551232,2,stop
039030,2024-12-18,2024-12-19,139000.0,133440.0,5,-30566.293209999916,-0.043929752195512206,1,stop
007660,2024-12-17,2024-12-20,24896.0,24118.0,33,-28965.261741899885,-0.03521557024937749,3,time
010170,2024-12-17,2024-12-20,750.0,735.0,1126,-20301.13733549998,-0.024011622032918845,3,time
000250,2024-12-18,2024-12-23,113100.0,122148.00000000001,6,51346.917741600075,0.07557902878004863,3,target
000270,2024-12-19,2024-12-24,100000.0,100600.0,8,1507.289359999937,0.001881947178452581,3,time
307950,2024-12-19,2024-12-24,133600.0,129000.0,6,-30803.75093999994,-0.03838368601251463,3,time
257720,2024-12-20,2024-12-26,32050.0,31700.0,25,-12007.887312499923,-0.014969225968465172,3,time
009150,2024-12-20,2024-12-26,127900.0,125900.0,6,-15109.582079999964,-0.019666697626848695,3,time
214370,2024-12-23,2024-12-26,26950.0,29106.000000000004,29,59136.727911800146,0.07557902878004885,2,target
272210,2024-12-24,2024-12-26,23600.0,22656.0,33,-34251.84050639998,-0.04392975219551232,1,stop
310210,2024-12-26,2024-12-27,82500.0,79200.0,9,-32655.35641499993,-0.043929752195512206,1,stop
277810,2024-12-26,2024-12-27,147300.0,141408.0,5,-32391.47474700003,-0.04392975219551243,1,stop
058610,2024-12-26,2024-12-27,21800.0,20928.0,37,-35474.492234799895,-0.043929752195512206,1,stop
009540,2024-12-24,2024-12-30,230500.0,228000.0,3,-10311.794924999936,-0.014895080895592883,3,time
329180,2024-12-27,2024-12-30,297000.0,285120.0,2,-26124.28513199999,-0.04392975219551232,1,stop
196170,2024-12-26,2025-01-02,301000.0,300000.0,2,-4461.220299999928,-0.007402151365772602,3,time
031980,2024-12-30,2025-01-02,38150.0,36624.0,20,-33556.9521140001,-0.04392975219551243,1,stop
010170,2024-12-30,2025-01-02,834.0,800.64,918,-33671.8286001361,-0.04392975219551243,1,stop
082740,2024-12-27,2025-01-03,18800.0,18330.0,45,-24554.725942500052,-0.028991154573567268,3,time
042660,2024-12-27,2025-01-03,37650.0,37350.0,22,-9975.081929999986,-0.012029001895263014,3,time
277810,2025-01-02,2025-01-03,211000.0,227880.00000000003,3,47896.55014800024,0.07557902878004907,1,target
058610,2025-01-02,2025-01-03,27900.0,26784.0,24,-29449.194148799987,-0.04392975219551232,1,stop
326030,2025-01-02,2025-01-06,111800.0,107328.0,6,-29501.97048239992,-0.043929752195512206,2,stop
454910,2025-01-03,2025-01-08,64600.0,63000.0,11,-20460.295240000007,-0.028759906932360635,3,time
079550,2025-01-03,2025-01-08,249000.0,239040.0,3,-32853.26766599994,-0.043929752195512206,3,stop
214150,2025-01-03,2025-01-08,52100.0,50300.0,14,-28114.936220000032,-0.03850101038536213,3,time
012450,2025-01-03,2025-01-08,356463.0,377142.0,2,38314.36121490004,0.053680668930693454,3,time
347850,2025-01-06,2025-01-08,14889.0,14293.439999999999,53,-34705.58503452607,-0.04392975219551243,2,stop
064350,2025-01-08,2025-01-09,55500.0,53280.0,13,-31731.77057699999,-0.04392975219551232,1,stop
042660,2025-01-08,2025-01-13,43250.0,45150.0,16,27474.424879999948,0.039657314267163235,3,time
950160,2025-01-08,2025-01-13,28150.0,28650.0,25,9579.041124999989,0.013595788913505436,3,time
443060,2025-01-08,2025-01-13,158900.0,171612.0,4,48093.28163360001,0.07557902878004863,3,target
326030,2025-01-08,2025-01-13,116000.0,115200.0,6,-7638.196559999953,-0.010961812616047117,3,time
042700,2025-01-09,2025-01-13,115500.0,110880.0,7,-35558.05476299999,-0.04392975219551232,2,stop
352820,2025-01-13,2025-01-16,214500.0,222500.0,3,21292.055099999998,0.033049874400245205,3,time
267270,2025-01-13,2025-01-16,65600.0,66900.0,11,11300.58176500001,0.01564246027248828,3,time
000720,2025-01-13,2025-01-16,26550.0,26850.0,27,5138.326124999905,0.00715968901249564,3,time
005380,2025-01-13,2025-01-16,225500.0,219000.0,3,-22214.945324999862,-0.03280033135078142,3,time
009830,2025-01-13,2025-01-16,18560.0,20044.800000000003,39,54770.04559104005,0.07557902878004863,3,target
062040,2025-01-16,2025-01-17,81400.0,78144.0,9,-32219.951662800042,-0.04392975219551243,1,stop
082740,2025-01-16,2025-01-20,24900.0,23904.0,29,-31758.158743800013,-0.04392975219551232,2,stop
011200,2025-01-16,2025-01-20,19920.0,19123.2,37,-32415.22409712011,-0.04392975219551243,2,stop
067310,2025-01-16,2025-01-20,11830.0,11356.8,62,-32257.77470188006,-0.04392975219551243,2,stop
257720,2025-01-17,2025-01-20,34100.0,32736.0,21,-31494.277075799997,-0.04392975219551232,1,stop
010140,2025-01-16,2025-01-21,13010.0,13670.0,56,33865.255479999934,0.04642905197022684,3,time
010120,2025-01-20,2025-01-21,44500.0,42720.0,15,-29356.835565000074,-0.04392975219551243,1,stop
131970,2025-01-20,2025-01-22,32400.0,31104.0,21,-29924.181151200086,-0.04392975219551243,2,stop
098460,2025-01-21,2025-01-22,13360.0,14428.800000000001,56,56610.2416409601,0.07557902878004885,1,target
403870,2025-01-20,2025-01-23,32500.0,31200.0,21,-30016.539735,-0.04392975219551232,3,stop
058470,2025-01-20,2025-01-23,41748.0,42949.0,16,16421.883813600056,0.024556592355595486,3,time
080220,2025-01-21,2025-01-23,12940.0,13975.2,58,56788.81329712004,0.07557902878004863,2,target
108490,2025-01-22,2025-01-23,39829.0,38235.84,18,-31530.428864316083,-0.04392975219551243,1,stop
007660,2025-01-22,2025-01-23,29077.0,31403.160000000003,25,55003.47506530001,0.07557902878004863,1,target
000720,2025-01-23,2025-01-24,29000.0,31320.000000000004,25,54857.818100000266,0.07557902878004907,1,target
083650,2025-01-23,2025-01-24,20750.0,22410.0,35,54952.4005450001,0.07557902878004885,1,target
241560,2025-01-23,2025-01-24,49150.0,53082.0,14,52065.74432359985,0.07557902878004841,1,target
267270,2025-01-23,2025-01-31,71400.0,68544.0,10,-31401.918491999968,-0.04392975219551232,2,stop
042700,2025-01-23,2025-01-31,124800.0,119808.0,5,-27443.69347200007,-0.04392975219551243,2,stop
010120,2025-01-24,2025-01-31,46300.0,44448.0,17,-34616.87681379984,-0.043929752195512095,1,stop
298380,2025-01-24,2025-02-03,35800.0,38664.0,22,59594.50694560015,0.07557902878004885,2,target
353200,2025-01-31,2025-02-03,19220.0,18451.2,36,-30430.833953759866,-0.043929752195512095,1,stop
218410,2025-01-24,2025-02-04,15950.0,17226.0,51,61550.47190820007,0.07557902878004863,3,target
042660,2025-01-31,2025-02-04,57100.0,61668.00000000001,12,51846.31305120012,0.07557902878004885,2,target
277810,2025-02-03,2025-02-04,294000.0,317520.0,2,44491.58212799998,0.07557902878004863,1,target
058610,2025-02-03,2025-02-04,30500.0,32940.0,24,55387.47979200003,0.07557902878004863,1,target
226950,2025-02-03,2025-02-05,16280.0,17582.4,45,55432.87936560006,0.07557902878004863,2,target
377300,2025-02-04,2025-02-05,27900.0,30132.000000000004,28,59110.24482719996,0.07557902878004863,1,target
010170,2025-02-05,2025-02-06,1092.0,1048.32,781,-37508.66805285623,-0.04392975219551265,1,stop
310210,2025-02-05,2025-02-06,94800.0,102384.0,9,64558.193659199984,0.07557902878004863,1,target
035720,2025-02-04,2025-02-07,42600.0,44500.0,18,30956.676930000074,0.04032487351573999,3,time
033780,2025-02-04,2025-02-07,112700.0,108192.0,7,-34696.041314199916,-0.043929752195512206,3,stop
028050,2025-02-04,2025-02-07,18440.0,17702.399999999998,43,-34872.842031760025,-0.04392975219551232,3,stop
095340,2025-02-06,2025-02-07,68400.0,73872.0,12,62106.6166847999,0.07557902878004841,1,target
064350,2025-02-07,2025-02-10,74000.0,79920.0,11,61592.08818399999,0.07557902878004863,1,target
214370,2025-02-07,2025-02-10,34100.0,32736.0,24,-35993.4595152,-0.04392975219551232,1,stop
307950,2025-02-06,2025-02-11,149900.0,148300.0,5,-11048.016500000027,-0.01472358135002838,3,time
080220,2025-02-10,2025-02-11,16610.0,17938.800000000003,54,67867.82257464004,0.07557902878004863,1,target
326030,2025-02-07,2025-02-12,125000.0,124400.0,6,-6663.037019999814,-0.008873843109347579,3,time
064760,2025-02-07,2025-02-12,81500.0,83000.0,10,11615.746249999967,0.014236075763963019,3,time
131970,2025-02-11,2025-02-12,37400.0,35904.0,23,-37831.835135600064,-0.04392975219551243,1,stop
222800,2025-02-10,2025-02-13,14080.0,14200.0,64,3964.388992000022,0.004394347687598055,3,time
058470,2025-02-11,2025-02-14,45852.0,45052.0,18,-17739.940075200167,-0.021469510506453515,3,time
012450,2025-02-12,2025-02-17,495307.0,534931.56,1,37477.877668491914,0.07557902878004841,3,target
950160,2025-02-12,2025-02-17,34750.0,37530.0,23,60476.015333000105,0.07557902878004885,3,target
263750,2025-02-12,2025-02-17,32950.0,32400.0,24,-16401.94230000011,-0.02071712098933376,3,time
272210,2025-02-13,2025-02-17,33100.0,35748.0,37,92668.09631319996,0.07557902878004863,2,target
034020,2025-02-17,2025-02-18,26900.0,29052.000000000004,33,67168.66914120002,0.07557902878004863,1,target
145020,2025-02-17,2025-02-18,292500.0,280800.0,3,-38592.69394499983,-0.043929752195512095,1,stop
005490,2025-02-14,2025-02-19,246500.0,258500.0,3,32863.2513,0.04438877221712323,3,time
440110,2025-02-17,2025-02-19,15970.0,17247.600000000002,55,66461.19245260023,0.07557902878004885,2,target
226950,2025-02-18,2025-02-19,47000.0,45120.0,20,-41341.46132,-0.04392975219551232,1,stop
028300,2025-02-17,2025-02-20,82300.0,84500.0,10,18562.324300000095,0.02252855330446568,3,time
298380,2025-02-19,2025-02-20,44550.0,42768.0,19,-37227.106313100085,-0.04392975219551243,1,stop
010120,2025-02-19,2025-02-20,58100.0,55776.0,15,-38328.81227699993,-0.043929752195512206,1,stop
000150,2025-02-19,2025-02-20,360000.0,345600.0,2,-31665.800159999984,-0.04392975219551232,1,stop
214150,2025-02-18,2025-02-21,57400.0,58800.0,16,18570.176800000016,0.02019691076698371,3,time
010140,2025-02-20,2025-02-21,14680.0,14092.8,57,-36800.937419279944,-0.04392975219551232,1,stop
036930,2025-02-20,2025-02-21,38150.0,36624.0,22,-36912.64732540015,-0.04392975219551254,1,stop
319660,2025-02-20,2025-02-21,21850.0,20976.0,38,-36516.824823400006,-0.04392975219551232,1,stop
131290,2025-02-21,2025-02-24,49800.0,47808.0,17,-37233.70335479989,-0.043929752195512206,1,stop
066970,2025-02-20,2025-02-25,89900.0,86304.0,9,-35584.4429297999,-0.043929752195512206,3,stop
047810,2025-02-21,2025-02-25,61300.0,58848.0,13,-35047.88353819994,-0.043929752195512206,2,stop
015760,2025-02-21,2025-02-26,21950.0,23500.0,38,55308.05123500014,0.06623248022994788,3,time
100790,2025-02-21,2025-02-26,4970.0,5070.0,171,13566.651111000101,0.01594486845421561,3,time
257720,2025-02-24,2025-02-26,33800.0,32448.0,26,-38649.86830640002,-0.04392975219551232,2,stop
006400,2025-02-25,2025-02-26,238394.0,228858.24,3,-31453.90318059607,-0.04392975219551243,1,stop
078600,2025-02-25,2025-02-27,116600.0,111936.0,6,-30768.60248880007,-0.04392975219551243,2,stop
108490,2025-02-26,2025-02-27,33110.0,31785.6,25,-36404.67511449999,-0.04392975219551232,1,stop
005290,2025-02-26,2025-02-27,29800.0,28608.0,28,-36697.143963199924,-0.043929752195512206,1,stop
009540,2025-02-26,2025-02-27,224000.0,215040.0,3,-29554.74681599997,-0.04392975219551232,1,stop
226950,2025-02-26,2025-02-28,53700.0,57996.00000000001,15,60948.9275580002,0.07557902878004885,2,target
222800,2025-02-27,2025-02-28,21950.0,21072.0,36,-34753.21567559999,-0.04392975219551232,1,stop
377300,2025-02-27,2025-02-28,34650.0,33264.0,22,-33526.16591940005,-0.04392975219551243,1,stop
028300,2025-02-28,2025-03-04,91500.0,87840.0,9,-36217.75893299992,-0.043929752195512206,1,stop
068270,2025-02-27,2025-03-05,180697.0,177905.0,4,-14097.205959200044,-0.01948152250004287,3,time
035720,2025-02-27,2025-03-05,42900.0,43100.0,18,424.7569800000638,0.000549428913495964,3,time
047810,2025-02-28,2025-03-05,64200.0,69336.0,12,58293.052502400125,0.07557902878004885,2,target
278470,2025-02-28,2025-03-05,59100.0,63828.00000000001,13,58134.15399479994,0.07557902878004863,2,target
071050,2025-03-04,2025-03-05,78700.0,75552.0,11,-38073.72666459996,-0.04392975219551232,1,stop
310210,2025-03-05,2025-03-06,135500.0,146340.0,5,51263.685190000106,0.07557902878004885,1,target
042660,2025-03-05,2025-03-06,83300.0,79968.0,9,-32972.014416599995,-0.04392975219551232,1,stop
021240,2025-03-05,2025-03-06,87700.0,84192.0,9,-34713.63342540013,-0.04392975219551254,1,stop
047050,2025-03-06,2025-03-07,60300.0,57888.0,14,-37128.15068760002,-0.04392975219551232,1,stop
009540,2025-03-05,2025-03-10,233000.0,233000.0,3,-2864.641799999983,-0.004093491870325372,3,time
012450,2025-03-05,2025-03-10,677477.0,731675.16,1,51261.94487301202,0.07557902878004863,3,target
047810,2025-03-07,2025-03-10,76000.0,82080.0,12,69007.35187200003,0.07557902878004863,1,target
443060,2025-03-06,2025-03-11,142500.0,138300.0,6,-28629.670139999944,-0.03344652579414731,3,time
000660,2025-03-06,2025-03-11,193500.0,185760.0,4,-34040.735172000015,-0.04392975219551232,3,stop
051910,2025-03-10,2025-03-11,254000.0,243840.0,3,-33512.97183599998,-0.04392975219551232,1,stop
005490,2025-03-10,2025-03-11,314000.0,301440.0,2,-27619.61458399985,-0.043929752195512095,1,stop
272210,2025-03-10,2025-03-12,38250.0,36720.0,21,-35327.15830349992,-0.043929752195512206,2,stop
000880,2025-03-11,2025-03-12,51200.0,49152.0,15,-33776.853504,-0.04392975219551232,1,stop
010950,2025-03-11,2025-03-14,60900.0,59000.0,12,-25727.749020000105,-0.035164466672400696,3,time
096770,2025-03-11,2025-03-14,133400.0,132000.0,5,-9712.863049999927,-0.014545284309467221,3,time
000150,2025-03-12,2025-03-17,327500.0,338000.0,2,18253.769950000104,0.027836335107878085,3,time
066570,2025-03-12,2025-03-17,82700.0,82100.0,9,-8434.370790000074,-0.011318932074410148,3,time
108490,2025-03-12,2025-03-17,35203.0,38019.240000000005,23,61264.37892856414,0.07557902878004885,3,target
006260,2025-03-14,2025-03-17,127400.0,122304.0,6,-33618.52450320008,-0.04392975219551243,1,stop
064350,2025-03-14,2025-03-18,102400.0,110592.0,7,54237.35726079985,0.07557902878004841,2,target
000500,2025-03-17,2025-03-18,54400.0,52224.0,14,-33495.37972479989,-0.043929752195512206,1,stop
064760,2025-03-17,2025-03-18,93900.0,90144.0,8,-33037.9848336,-0.04392975219551232,1,stop
357780,2025-03-17,2025-03-18,216000.0,207360.0,3,-28499.220143999904,-0.043929752195512206,1,stop
058470,2025-03-17,2025-03-19,43850.0,42096.0,18,-34713.63342540013,-0.04392975219551254,2,stop
047810,2025-03-18,2025-03-19,97100.0,93216.0,7,-29893.394956600037,-0.04392975219551243,1,stop
272210,2025-03-18,2025-03-19,39400.0,42552.0,19,56643.53466160002,0.07557902878004863,1,target
196170,2025-03-18,2025-03-19,453500.0,435360.0,1,-19945.056073000014,-0.04392975219551232,1,stop
036930,2025-03-18,2025-03-20,37950.0,40986.0,20,57430.46060400014,0.07557902878004885,2,target
950160,2025-03-19,2025-03-20,57200.0,54912.0,13,-32703.73472079984,-0.043929752195512095,1,stop
082740,2025-03-19,2025-03-20,26900.0,25824.0,28,-33125.94538960012,-0.04392975219551254,1,stop
009830,2025-03-20,2025-03-21,21650.0,20784.0,36,-34278.22867320001,-0.04392975219551232,1,stop
028050,2025-03-19,2025-03-24,20500.0,20100.0,37,-17864.85355999996,-0.023525813980172616,3,time
000270,2025-03-19,2025-03-24,96500.0,98700.0,7,12586.26593000011,0.018611112460092283,3,time
222800,2025-03-20,2025-03-25,23200.0,22272.0,33,-33671.3008367999,-0.043929752195512206,3,stop
039490,2025-03-20,2025-03-25,132200.0,130700.0,5,-10186.799824999878,-0.015393490071493932,3,time
257720,2025-03-21,2025-03-25,29050.0,27888.0,31,-39606.439352899906,-0.043929752195512206,2,stop
067310,2025-03-24,2025-03-25,13660.0,13113.6,52,-31240.071068960126,-0.04392975219551254,1,stop
000250,2025-03-24,2025-03-26,189000.0,181440.0,3,-24936.817626000033,-0.04392975219551243,2,stop
028300,2025-03-25,2025-03-26,56300.0,54048.0,13,-32189.165468199993,-0.04392975219551232,1,stop
086280,2025-03-25,2025-03-26,134100.0,128736.0,5,-29488.776399000082,-0.04392975219551243,1,stop
005380,2025-03-25,2025-03-27,228500.0,219360.0,3,-30148.48056899989,-0.043929752195512206,2,stop
012330,2025-03-25,2025-03-27,288000.0,276480.0,2,-25332.64012799994,-0.043929752195512206,2,stop
000100,2025-03-26,2025-03-27,127100.0,122016.0,6,-33539.36000279989,-0.043929752195512206,1,stop
007660,2025-03-27,2025-03-28,39850.0,38256.0,17,-29794.439331100206,-0.04392975219551265,1,stop
011070,2025-03-27,2025-03-28,172300.0,165408.0,3,-22733.40569819999,-0.04392975219551232,1,stop
066570,2025-03-27,2025-03-28,83900.0,80544.0,8,-29519.562593600014,-0.04392975219551232,1,stop
000720,2025-03-26,2025-03-31,34950.0,35950.0,21,17930.217060000054,0.02440168718917901,3,time
373220,2025-03-27,2025-03-31,354500.0,340320.0,1,-15591.008550999977,-0.04392975219551232,2,stop
259960,2025-03-31,2025-04-01,347000.0,333120.0,1,-15261.156465999957,-0.043929752195512206,1,stop
005940,2025-03-31,2025-04-03,14130.0,13564.8,47,-29207.74242258002,-0.04392975219551232,3,stop
009830,2025-04-02,2025-04-03,19920.0,19123.2,34,-29786.962683840073,-0.04392975219551243,1,stop
377300,2025-04-02,2025-04-03,31050.0,29808.0,21,-28677.340269899927,-0.043929752195512206,1,stop
087010,2025-04-02,2025-04-04,106500.0,115020.00000000001,6,48350.545884000254,0.07557902878004907,2,target
214450,2025-04-02,2025-04-04,350000.0,336000.0,1,-15393.097299999965,-0.043929752195512206,2,stop
064760,2025-04-03,2025-04-04,87000.0,83520.0,8,-30610.273488000035,-0.04392975219551243,1,stop
257720,2025-04-03,2025-04-04,27500.0,26400.0,27,-32655.356415000046,-0.04392975219551243,1,stop
214150,2025-04-03,2025-04-07,59500.0,57120.0,12,-31401.918492000084,-0.04392975219551243,2,stop
326030,2025-04-04,2025-04-07,103300.0,99168.0,6,-27258.976304400014,-0.04392975219551232,1,stop
035720,2025-04-04,2025-04-07,42600.0,40896.0,14,-26229.837799199857,-0.043929752195512095,1,stop
267260,2025-04-04,2025-04-07,291500.0,279840.0,2,-25640.50207399996,-0.04392975219551232,1,stop
336260,2025-04-07,2025-04-08,14000.0,13440.0,44,-27091.851247999934,-0.043929752195512206,1,stop
086520,2025-04-07,2025-04-09,50400.0,48384.0,12,-26599.272134399973,-0.04392975219551232,2,stop
066970,2025-04-07,2025-04-09,58800.0,56448.0,10,-25860.403463999974,-0.04392975219551232,2,stop
087010,2025-04-07,2025-04-09,111100.0,119988.00000000001,5,42032.43855800014,0.07557902878004885,2,target
247540,2025-04-07,2025-04-10,94300.0,101844.0,6,42811.79790480004,0.07557902878004863,3,target
015760,2025-04-08,2025-04-11,22550.0,23150.0,35,17703.58660000004,0.022405129188557416,3,time
226950,2025-04-10,2025-04-11,45450.0,49086.0,15,51585.265503,0.07557902878004863,1,target
237690,2025-04-09,2025-04-14,72800.0,77500.0,8,35102.36164000002,0.06020267005562885,3,time
000720,2025-04-09,2025-04-14,35850.0,38600.0,16,41519.55828,0.07230101014798995,3,time
033780,2025-04-09,2025-04-14,104000.0,106600.0,5,10830.611350000021,0.020804170832916524,3,time
087010,2025-04-14,2025-04-15,170500.0,163680.0,3,-22495.91219699994,-0.043929752195512206,1,stop
214370,2025-04-11,2025-04-16,26300.0,25248.0,29,-33543.75803060003,-0.04392975219551243,3,stop
180640,2025-04-11,2025-04-16,78400.0,80000.0,9,11465.858159999945,0.016231130744565947,3,time
141080,2025-04-14,2025-04-16,109200.0,104832.0,5,-24013.23178799986,-0.043929752195512095,2,stop
347850,2025-04-14,2025-04-17,12412.0,12762.0,49,14606.964880899992,0.023989595290920596,3,time
000500,2025-04-16,2025-04-17,46050.0,44208.0,14,-28354.08522660006,-0.04392975219551243,1,stop
298380,2025-04-15,2025-04-18,64100.0,64700.0,10,3355.3655000000726,0.005228565928080409,3,time
083650,2025-04-16,2025-04-21,20150.0,21762.0,32,48789.40842879994,0.07557902878004863,3,target
298040,2025-04-16,2025-04-21,466000.0,477000.0,1,9057.810250000039,0.019415030853765725,3,time
009830,2025-04-18,2025-04-21,22100.0,23868.0,36,60199.83459360013,0.07557902878004885,1,target
079550,2025-04-17,2025-04-22,289000.0,312120.0,2,43734.92256800004,0.07557902878004863,3,target
032640,2025-04-17,2025-04-22,11200.0,11690.0,65,28772.615007500164,0.039477417860348085,3,time
086280,2025-04-21,2025-04-22,118000.0,113280.0,5,-25948.36401999998,-0.04392975219551232,1,stop
100790,2025-04-22,2025-04-23,5820.0,5587.2,119,-30459.860937240068,-0.04392975219551243,1,stop
347850,2025-04-21,2025-04-24,14789.0,15190.0,45,15264.42984674999,0.022910261578859892,3,time
131290,2025-04-21,2025-04-24,43100.0,42650.0,15,-9379.586962500005,-0.014491587662862515,3,time
005290,2025-04-22,2025-04-25,29100.0,31428.000000000004,23,50643.22435080004,0.07557902878004863,3,target
145020,2025-04-22,2025-04-25,356500.0,360000.0,1,2028.673524999991,0.0056839913791946195,3,time
042700,2025-04-24,2025-04-25,88600.0,85056.0,7,-27276.56841559999,-0.04392975219551232,1,stop
058610,2025-04-23,2025-04-28,26350.0,25296.0,38,-44037.45236139989,-0.043929752195512206,3,stop
009830,2025-04-25,2025-04-28,28500.0,30780.000000000004,20,43129.59492000018,0.07557902878004885,1,target
066970,2025-04-24,2025-04-29,66800.0,67700.0,10,6235.86995000008,0.009324410185314047,3,time
347850,2025-04-28,2025-04-29,16091.0,15447.359999999999,50,-35384.332664899994,-0.04392975219551232,1,stop
042660,2025-04-28,2025-04-29,95000.0,91200.0,8,-33425.01127999998,-0.04392975219551232,1,stop
319400,2025-04-25,2025-04-30,4305.0,4495.0,133,22849.016893499997,0.039860570044805366,3,time
009540,2025-04-25,2025-04-30,258500.0,272000.0,2,24801.63325000007,0.04791709946333289,3,time
083650,2025-04-29,2025-04-30,25250.0,27270.0,29,55406.39628100011,0.07557902878004885,1,target
352820,2025-04-29,2025-05-02,250000.0,270000.0,2,37832.977999999945,0.07557902878004841,2,target
006800,2025-04-30,2025-05-02,10833.0,11699.640000000001,67,54919.18319031608,0.07557902878004885,1,target
021240,2025-05-02,2025-05-07,90300.0,86688.0,9,-35742.771930599934,-0.043929752195512206,1,stop
062040,2025-04-30,2025-05-08,56900.0,58900.0,12,21130.99583999999,0.03091200929416238,3,time
010120,2025-04-30,2025-05-08,41100.0,43900.0,17,44596.26047999994,0.06375415345237756,3,time
298040,2025-04-30,2025-05-08,512000.0,537000.0,1,22828.020350000006,0.044534755596943976,3,time
347850,2025-05-07,2025-05-08,19194.0,18426.239999999998,42,-35454.613149144105,-0.04392975219551243,1,stop
016360,2025-05-02,2025-05-09,51700.0,53000.0,15,16264.358925000066,0.020948644697732277,3,time
000720,2025-05-08,2025-05-09,43200.0,41472.0,16,-30399.16815360007,-0.04392975219551243,1,stop
098460,2025-05-09,2025-05-12,18200.0,17472.0,39,-31217.201324400026,-0.04392975219551232,1,stop
257720,2025-05-09,2025-05-12,41300.0,44604.0,17,53125.06770759984,0.07557902878004841,1,target
083650,2025-05-08,2025-05-13,30550.0,30400.0,22,-6044.671655000071,-0.00898337652562664,3,time
108490,2025-05-08,2025-05-13,36323.0,36713.0,19,4559.835496100015,0.006599554909141547,3,time
278470,2025-05-09,2025-05-13,97500.0,105300.0,7,51642.014970000135,0.07557902878004885,2,target
082740,2025-05-12,2025-05-13,31250.0,30000.0,24,-32985.20849999995,-0.04392975219551232,1,stop
064350,2025-05-12,2025-05-13,122000.0,117120.0,6,-32193.5634959999,-0.043929752195512206,1,stop
214370,2025-05-13,2025-05-15,31500.0,34020.0,22,52436.507508000126,0.07557902878004885,2,target
009150,2025-05-13,2025-05-15,127100.0,122016.0,5,-27949.466668999987,-0.04392975219551232,2,stop
222800,2025-05-13,2025-05-15,18080.0,17356.8,39,-31011.373623360065,-0.04392975219551243,2,stop
064760,2025-05-13,2025-05-16,96000.0,92160.0,7,-29554.74681599997,-0.04392975219551232,3,stop
011070,2025-05-13,2025-05-16,153900.0,147744.0,4,-27074.259136800072,-0.04392975219551243,3,stop
108490,2025-05-15,2025-05-16,52099.0,56266.920000000006,14,55189.68898301595,0.07557902878004863,1,target
277810,2025-05-15,2025-05-16,313500.0,300960.0,2,-27575.634305999964,-0.04392975219551232,1,stop
141080,2025-05-16,2025-05-19,104500.0,100320.0,6,-27575.634305999964,-0.04392975219551232,1,stop
064350,2025-05-16,2025-05-19,114500.0,109920.0,6,-30214.45098600001,-0.04392975219551232,1,stop
310210,2025-05-15,2025-05-20,105500.0,101600.0,7,-30246.038935000077,-0.04090899311872098,3,time
032820,2025-05-19,2025-05-20,2105.0,2020.8,326,-30180.586171940085,-0.04392975219551243,1,stop
005830,2025-05-16,2025-05-21,97000.0,97200.0,7,-1386.8050700000022,-0.002040076389645651,3,time
071050,2025-05-16,2025-05-21,93000.0,97700.0,7,30135.080955000012,0.04623726714267984,3,time
083650,2025-05-19,2025-05-22,37550.0,36048.0,18,-29726.269900200074,-0.04392975219551243,3,stop
032830,2025-05-20,2025-05-22,89500.0,96660.0,7,47404.721434000065,0.07557902878004863,2,target
047050,2025-05-20,2025-05-22,48550.0,46608.0,14,-29893.394956600037,-0.04392975219551243,2,stop
950160,2025-05-21,2025-05-22,37000.0,35520.0,19,-30918.13543399982,-0.043929752195512095,1,stop
000500,2025-05-21,2025-05-22,73700.0,79596.0,9,50189.22861479991,0.07557902878004841,1,target
028260,2025-05-22,2025-05-23,148700.0,142752.0,4,-26159.469354400062,-0.04392975219551243,1,stop
222800,2025-05-22,2025-05-27,18060.0,18660.0,37,19396.05408599996,0.02899310308414882,3,time
145020,2025-05-22,2025-05-27,362000.0,362000.0,1,-1483.5483999999706,-0.004093491870325261,3,time
010140,2025-05-22,2025-05-27,14740.0,15919.2,46,51304.54480624001,0.07557902878004863,3,target
307950,2025-05-23,2025-05-28,138400.0,141900.0,6,17534.945670000045,0.02109200508382103,3,time
141080,2025-05-23,2025-05-28,110800.0,114800.0,7,24738.89068000007,0.03185981167226237,3,time
298380,2025-05-28,2025-05-29,81200.0,77952.0,10,-35711.985736,-0.04392975219551232,1,stop
000880,2025-05-28,2025-05-29,62000.0,66960.0,13,60986.7605359999,0.07557902878004841,1,target
047050,2025-05-27,2025-05-30,48850.0,49050.0,12,-9.440160000114702,-1.6085491084338877e-05,3,time
032830,2025-05-27,2025-05-30,98500.0,98900.0,6,-29.111519999918528,-4.9201481981397954e-05,3,time
010950,2025-05-27,2025-05-30,55700.0,54400.0,11,-16768.810025000013,-0.027337270336547537,3,time
066970,2025-05-29,2025-06-02,56700.0,54432.0,15,-37405.22643899999,-0.04392975219551232,2,stop
006800,2025-05-30,2025-06-02,16468.0,15809.279999999999,38,-27522.154287952115,-0.04392975219551254,1,stop
000720,2025-05-30,2025-06-02,66200.0,63552.0,9,-26203.44963239995,-0.043929752195512206,1,stop
071050,2025-05-30,2025-06-02,108300.0,103968.0,5,-23815.320536999905,-0.043929752195512206,1,stop
003670,2025-05-29,2025-06-04,109920.0,113409.0,7,21197.680766849895,0.02751784188935824,3,time
218410,2025-06-02,2025-06-04,19250.0,20790.0,34,49523.36820200004,0.07557902878004863,1,target
010170,2025-06-02,2025-06-04,698.0,670.0799999999999,941,-28887.03823540418,-0.04392975219551265,1,stop
131970,2025-06-02,2025-06-09,26450.0,27250.0,24,16541.860080000013,0.026028444103351145,3,time
326030,2025-06-02,2025-06-09,92500.0,92700.0,7,-1257.7117700000526,-0.001940180501396438,3,time
000990,2025-06-04,2025-06-10,42700.0,44500.0,16,25915.20591999998,0.037888515498138764,3,time
257720,2025-06-04,2025-06-10,51100.0,51800.0,14,6839.256829999969,0.009549063035560579,3,time
196170,2025-06-04,2025-06-10,374000.0,393000.0,1,17411.26025000005,0.04650068902396298,3,time
032830,2025-06-09,2025-06-10,121600.0,116736.0,6,-32088.010828800034,-0.04392975219551243,1,stop
222800,2025-06-09,2025-06-11,21500.0,23220.0,39,63445.90410599997,0.07557902878004863,2,target
377300,2025-06-10,2025-06-11,58200.0,55872.0,11,-28156.173975600046,-0.04392975219551243,1,stop
323410,2025-06-10,2025-06-11,30650.0,29424.0,21,-28307.905934700044,-0.04392975219551243,1,stop
035720,2025-06-10,2025-06-11,53300.0,51168.0,12,-28129.78580880002,-0.04392975219551232,1,stop
001440,2025-06-10,2025-06-11,16700.0,16032.0,39,-28644.355061399983,-0.04392975219551232,1,stop
087010,2025-06-11,2025-06-12,198300.0,190368.0,3,-26163.867382199853,-0.043929752195512095,1,stop
241560,2025-06-11,2025-06-13,52200.0,50112.0,13,-29845.01665080001,-0.04392975219551232,2,stop
267270,2025-06-11,2025-06-13,72900.0,69984.0,9,-28855.46039579995,-0.043929752195512206,2,stop
257720,2025-06-12,2025-06-13,60000.0,57600.0,16,-42221.06687999994,-0.04392975219551232,1,stop
272210,2025-06-11,2025-06-16,53000.0,57240.00000000001,12,48123.54801600019,0.07557902878004885,3,target
267260,2025-06-11,2025-06-16,428000.0,456500.0,1,26661.950975000043,0.06222271252616007,3,time
064400,2025-06-13,2025-06-16,59700.0,64476.00000000001,12,54207.09087840014,0.07557902878004885,1,target
003670,2025-06-13,2025-06-16,125817.0,120784.31999999999,5,-27667.333185630036,-0.04392975219551243,1,stop
047810,2025-06-16,2025-06-17,101400.0,97344.0,6,-26757.601135200006,-0.04392975219551232,1,stop
010950,2025-06-16,2025-06-17,65600.0,62976.0,10,-28851.062367999926,-0.043929752195512206,1,stop
218410,2025-06-16,2025-06-17,23750.0,22800.0,28,-29246.88486999995,-0.04392975219551232,1,stop
005830,2025-06-13,2025-06-18,117100.0,116200.0,6,-8263.475850000046,-0.01174776904638608,3,time
018260,2025-06-17,2025-06-18,167900.0,161184.0,4,-29537.154704799992,-0.04392975219551232,1,stop
032820,2025-06-17,2025-06-18,3510.0,3790.8,195,51789.56358419999,0.07557902878004863,1,target
079550,2025-06-16,2025-06-19,548000.0,591840.0,1,41464.943888000096,0.07557902878004885,3,target
021240,2025-06-18,2025-06-19,97400.0,93504.0,7,-29985.753540400066,-0.04392975219551243,1,stop
042660,2025-06-18,2025-06-19,91400.0,87744.0,7,-28138.581864400185,-0.04392975219551265,1,stop
263750,2025-06-18,2025-06-23,41550.0,41600.0,16,-1926.8417999999365,-0.0028950484189056436,3,time
267270,2025-06-18,2025-06-23,74800.0,74800.0,9,-2758.9082400001353,-0.004093491870325594,3,time
035420,2025-06-19,2025-06-23,254500.0,274860.0,2,38513.97160400008,0.07557902878004885,2,target
096770,2025-06-19,2025-06-23,100200.0,108216.0,6,45490.37274719996,0.07557902878004863,2,target
307950,2025-06-19,2025-06-24,162000.0,174960.0,4,49031.5394880001,0.07557902878004885,3,target
377300,2025-06-23,2025-06-24,80500.0,77280.0,8,-28323.299031999893,-0.043929752195512206,1,stop
247540,2025-06-23,2025-06-24,99000.0,106920.0,6,44945.57786399999,0.07557902878004863,1,target
108490,2025-06-24,2025-06-25,82190.0,78902.4,9,-32532.651439380134,-0.04392975219551254,1,stop
034020,2025-06-24,2025-06-25,70600.0,67776.0,10,-31050.076267999946,-0.043929752195512206,1,stop
310210,2025-06-23,2025-06-26,105200.0,109500.0,6,23137.156470000045,0.03661371330988006,3,time
357780,2025-06-23,2025-06-26,179000.0,179300.0,3,-1303.3866449998459,-0.002424374817593722,3,time
006800,2025-06-24,2025-06-26,22751.0,21840.96,33,-33019.64505767403,-0.04392975219551232,2,stop
323410,2025-06-25,2025-06-26,35950.0,34512.0,20,-31621.81988199998,-0.04392975219551232,1,stop
015760,2025-06-25,2025-06-26,38400.0,36864.0,19,-32088.010828800034,-0.04392975219551243,1,stop
095340,2025-06-26,2025-06-27,63000.0,60480.0,10,-27707.57513999997,-0.04392975219551232,1,stop
005380,2025-06-26,2025-06-27,214500.0,205920.0,3,-28301.30889300001,-0.04392975219551232,1,stop
000270,2025-06-26,2025-06-30,100700.0,96672.0,6,-26572.883967600064,-0.04392975219551243,2,stop
278470,2025-06-26,2025-07-01,149500.0,154200.0,4,16293.853059999994,0.027215943502313156,3,time
012330,2025-06-26,2025-07-01,294500.0,288000.0,2,-15375.515149999992,-0.02607445045383261,3,time
010170,2025-06-27,2025-07-01,877.0,947.1600000000001,837,55542.51933584397,0.07557902878004863,2,target
218410,2025-06-27,2025-07-02,26600.0,26600.0,27,-2943.327239999897,-0.00409349187032515,3,time
096770,2025-07-01,2025-07-02,121700.0,116832.0,5,-26761.999162999797,-0.043929752195511984,1,stop
257720,2025-07-01,2025-07-02,60800.0,58368.0,10,-26740.009024000028,-0.04392975219551243,1,stop
214370,2025-07-01,2025-07-02,34400.0,37152.0,18,46852.359955199994,0.07557902878004863,1,target
267260,2025-07-01,2025-07-02,508000.0,487680.0,1,-22341.98122399999,-0.04392975219551232,1,stop
051910,2025-07-02,2025-07-03,227000.0,245160.00000000003,2,34352.34402400005,0.07557902878004863,1,target
000880,2025-07-02,2025-07-03,105700.0,101472.0,6,-27892.292307599913,-0.043929752195512206,1,stop
005490,2025-07-02,2025-07-03,278500.0,300780.0,2,42145.937492000055,0.07557902878004863,1,target
000250,2025-07-03,2025-07-04,154100.0,147936.0,4,-27109.44335919991,-0.043929752195512206,1,stop
267270,2025-07-03,2025-07-04,84400.0,81024.0,8,-29695.48370560014,-0.04392975219551254,1,stop
237690,2025-07-02,2025-07-07,85300.0,84000.0,7,-11520.207965000067,-0.019271433963743756,3,time
005380,2025-07-02,2025-07-07,215000.0,208500.0,3,-22085.852024999913,-0.03420229327889679,3,time
084370,2025-07-04,2025-07-07,44650.0,42864.0,14,-27492.07177779998,-0.04392975219551232,1,stop
240810,2025-07-04,2025-07-07,29500.0,28320.0,22,-28543.200421999907,-0.043929752195512206,1,stop
068270,2025-07-03,2025-07-08,167800.0,175500.0,4,27958.48821999994,0.04160662799021386,3,time
051910,2025-07-07,2025-07-08,267500.0,256800.0,2,-23529.448729999887,-0.043929752195512095,1,stop
030200,2025-07-07,2025-07-09,58200.0,55872.0,10,-25596.521795999957,-0.04392975219551232,2,stop
028050,2025-07-07,2025-07-10,23950.0,24700.0,25,16240.92681250011,0.027093559532483047,3,time
196170,2025-07-08,2025-07-10,411000.0,443880.00000000006,1,31098.7079160001,0.07557902878004885,2,target
278470,2025-07-08,2025-07-11,153700.0,165996.0,4,46519.429748799885,0.07557902878004841,3,target
033780,2025-07-08,2025-07-11,138600.0,136400.0,4,-11046.09924000001,-0.019901531681907447,3,time
007660,2025-07-09,2025-07-11,58200.0,55872.0,16,-40954.434873600025,-0.04392975219551232,2,stop
005830,2025-07-10,2025-07-14,133000.0,143640.0,4,40254.288592000026,0.07557902878004863,2,target
078930,2025-07-10,2025-07-15,53500.0,53200.0,10,-5183.692849999876,-0.009678014345818609,3,time
141080,2025-07-11,2025-07-16,137500.0,132000.0,5,-30236.441124999896,-0.043929752195512206,3,stop
028260,2025-07-11,2025-07-16,176200.0,181400.0,3,13387.701899999985,0.025297619606827304,3,time
357780,2025-07-14,2025-07-16,191700.0,207036.0,3,43515.49129559996,0.07557902878004863,2,target
214370,2025-07-15,2025-07-16,50300.0,48288.0,13,-28758.703784199897,-0.043929752195512206,1,stop
319660,2025-07-14,2025-07-17,19810.0,20850.0,37,35362.701382,0.04819034298352931,3,time
087010,2025-07-16,2025-07-17,227000.0,245160.00000000003,2,34352.34402400005,0.07557902878004863,1,target
222800,2025-07-16,2025-07-17,25750.0,24720.0,24,-27179.811804000055,-0.04392975219551243,1,stop
353200,2025-07-16,2025-07-17,18740.0,20239.2,33,46793.34050952003,0.07557902878004863,1,target
108490,2025-07-16,2025-07-18,82872.0,79557.12,7,-25513.13518891204,-0.04392975219551243,2,stop
000100,2025-07-18,2025-07-21,136300.0,130848.0,5,-29972.55945699988,-0.043929752195512206,1,stop
131970,2025-07-18,2025-07-21,29700.0,28512.0,24,-31349.142158399918,-0.043929752195512206,1,stop
196170,2025-07-17,2025-07-22,482000.0,476000.0,1,-7957.644099999976,-0.016490668320072288,3,time
084370,2025-07-17,2025-07-22,45100.0,44100.0,15,-17728.21154999989,-0.02617567608606075,3,time
039030,2025-07-17,2025-07-22,219500.0,210720.0,3,-28961.01306300005,-0.04392975219551243,3,stop
003670,2025-07-21,2025-07-24,153000.0,150200.0,4,-13675.08024000004,-0.022319231888384805,3,time
066970,2025-07-21,2025-07-24,61000.0,65880.0,11,50771.856476000044,0.07557902878004863,3,target
082740,2025-07-22,2025-07-24,28950.0,31266.000000000004,21,46001.1179502001,0.07557902878004885,2,target
009830,2025-07-22,2025-07-25,38050.0,39000.0,16,12660.205480000004,0.020771453799140804,3,time
051910,2025-07-22,2025-07-25,292000.0,307000.0,2,27518.209700000007,0.047066089026746916,3,time
000250,2025-07-24,2025-07-25,218000.0,235440.00000000003,3,49485.53522400011,0.07557902878004885,1,target
267270,2025-07-24,2025-07-25,83300.0,89964.0,8,50423.79307839996,0.07557902878004863,1,target
047050,2025-07-24,2025-07-28,54900.0,52704.0,12,-28974.207146399887,-0.043929752195512206,2,stop
298380,2025-07-25,2025-07-28,87000.0,83520.0,7,-26783.98930200003,-0.04392975219551243,1,stop
083650,2025-07-25,2025-07-28,39750.0,42930.0,17,51131.26976699999,0.07557902878004863,1,target
042660,2025-07-25,2025-07-28,88000.0,95040.0,7,46610.22889600007,0.07557902878004885,1,target
373220,2025-07-25,2025-07-29,363500.0,392580.0,1,27504.575006000057,0.07557902878004885,2,target
377300,2025-07-28,2025-07-29,68700.0,65952.0,11,-33235.89608460001,-0.04392975219551232,1,stop
267250,2025-07-28,2025-07-29,152400.0,146304.0,5,-33512.97183599998,-0.04392975219551232,1,stop
034220,2025-07-28,2025-07-31,9920.0,10713.6,77,57796.683831040165,0.07557902878004885,3,target
082740,2025-07-28,2025-07-31,35800.0,34368.0,21,-33064.37300039991,-0.043929752195512206,3,stop
240810,2025-07-29,2025-07-31,33900.0,32544.0,18,-26836.765635599964,-0.04392975219551232,2,stop
062040,2025-07-29,2025-07-31,109700.0,118476.00000000001,5,41502.776866000146,0.07557902878004885,2,target
357780,2025-07-29,2025-07-31,249000.0,239040.0,2,-21902.17844400002,-0.04392975219551232,2,stop
353200,2025-07-31,2025-08-01,23450.0,22512.0,29,-29908.788053900003,-0.04392975219551232,1,stop
009150,2025-07-31,2025-08-01,150300.0,144288.0,4,-26440.943133600056,-0.04392975219551243,1,stop
006400,2025-07-31,2025-08-01,212500.0,204000.0,3,-28037.427224999992,-0.04392975219551232,1,stop
066970,2025-07-31,2025-08-01,72100.0,69216.0,9,-28538.8023942,-0.04392975219551232,1,stop
096770,2025-07-31,2025-08-01,117600.0,112896.0,5,-25860.403463999974,-0.04392975219551232,1,stop
042660,2025-08-01,2025-08-04,116200.0,111552.0,5,-25552.541517999955,-0.043929752195512206,1,stop
000150,2025-08-01,2025-08-04,591000.0,567360.0,1,-25992.34429799998,-0.04392975219551232,1,stop
272210,2025-08-01,2025-08-04,61400.0,58944.0,10,-27003.890692000045,-0.04392975219551243,1,stop
352820,2025-08-01,2025-08-06,255500.0,259000.0,2,4885.183450000011,0.009549063035560579,3,time
010170,2025-08-05,2025-08-06,1004.0,1084.3200000000002,666,50595.1008027842,0.07557902878004885,1,target
326030,2025-08-06,2025-08-07,108600.0,104256.0,6,-28657.549144800054,-0.04392975219551243,1,stop
267270,2025-08-05,2025-08-08,98400.0,106272.0,6,44673.180422400124,0.07557902878004885,3,target
033780,2025-08-05,2025-08-08,135400.0,146232.0,4,40980.68176960002,0.07557902878004863,3,target
000500,2025-08-05,2025-08-08,63400.0,66200.0,10,25319.195800000103,0.039889760854644685,3,time
180640,2025-08-07,2025-08-08,116200.0,125496.00000000001,7,61546.68861040019,0.07557902878004885,1,target
247540,2025-08-06,2025-08-11,124700.0,134000.0,5,43807.68797500001,0.07018020921713242,3,time
035720,2025-08-08,2025-08-13,62500.0,63500.0,11,8150.058950000093,0.01184101225974965,3,time
098460,2025-08-08,2025-08-13,14750.0,15490.0,46,31159.01967800001,0.04587063124940083,3,time
039030,2025-08-08,2025-08-13,233000.0,239000.0,2,10054.862200000032,0.02155216928322856,3,time
222800,2025-08-11,2025-08-13,27750.0,26640.0,28,-34172.67600599991,-0.043929752195512206,2,stop
214450,2025-08-11,2025-08-14,665000.0,684000.0,1,16218.68405000004,0.024360979790522652,3,time
086520,2025-08-13,2025-08-18,58500.0,56160.0,11,-28301.30889300001,-0.04392975219551232,2,stop
000990,2025-08-13,2025-08-18,47250.0,45360.0,14,-29092.953897000058,-0.04392975219551243,2,stop
034220,2025-08-14,2025-08-18,12980.0,12460.8,56,-31968.384472640115,-0.04392975219551254,1,stop
087010,2025-08-14,2025-08-18,344000.0,330240.0,2,-30258.431263999897,-0.043929752195512206,1,stop
086280,2025-08-13,2025-08-19,171400.0,174600.0,4,9952.539039999945,0.014499861840380213,3,time
064400,2025-08-18,2025-08-20,72700.0,69792.0,9,-28776.29589539999,-0.04392975219551232,2,stop
336260,2025-08-18,2025-08-20,26500.0,25440.0,25,-29136.934174999944,-0.043929752195512206,2,stop
323410,2025-08-18,2025-08-20,26250.0,25200.0,25,-28862.057437499985,-0.04392975219551232,2,stop
138040,2025-08-18,2025-08-21,120000.0,129600.00000000001,5,45399.5736,0.07557902878004863,3,target
377300,2025-08-20,2025-08-21,65000.0,62400.0,9,-25728.462629999965,-0.04392975219551232,1,stop
032640,2025-08-19,2025-08-22,15350.0,14960.0,50,-22587.881524999975,-0.029396653966128117,3,time
083650,2025-08-21,2025-08-22,43500.0,46980.0,17,55954.974461999955,0.07557902878004863,1,target
263750,2025-08-20,2025-08-25,31250.0,30000.0,20,-27487.673749999958,-0.04392975219551232,3,stop
259960,2025-08-20,2025-08-25,329500.0,330000.0,1,-851.8309249999584,-0.0025822528595063066,3,time
015760,2025-08-21,2025-08-26,37350.0,37000.0,20,-10040.719049999956,-0.013425949108488267,3,time
047040,2025-08-22,2025-08-26,4170.0,4003.2,193,-35395.7675371801,-0.04392975219551243,2,stop
108490,2025-08-25,2025-08-26,84430.0,91184.40000000001,6,38330.859990480065,0.07557902878004885,1,target
010170,2025-08-25,2025-08-26,1076.0,1162.0800000000002,482,39242.78609219205,0.07557902878004863,1,target
032830,2025-08-22,2025-08-27,140000.0,138700.0,5,-9349.57767499995,-0.013341195160100794,3,time
319400,2025-08-26,2025-08-28,5000.0,4800.0,131,-28807.082089999923,-0.043929752195512206,2,stop
058610,2025-08-26,2025-08-29,25850.0,25350.0,25,-15111.611124999938,-0.023356673845754128,3,time
277810,2025-08-26,2025-08-29,284000.0,272640.0,2,-24980.79790399992,-0.043929752195512206,3,stop
307950,2025-08-26,2025-08-29,160900.0,173772.0,4,48698.60928159999,0.07557902878004863,3,target
319660,2025-08-27,2025-08-29,21350.0,23058.0,37,59772.32194219984,0.07557902878004841,2,target
329180,2025-08-28,2025-08-29,527000.0,505920.0,1,-23177.6065060001,-0.04392975219551254,1,stop
067310,2025-08-29,2025-09-01,13880.0,13324.8,47,-28690.974156080163,-0.04392975219551254,1,stop
402340,2025-08-29,2025-09-01,152300.0,146208.0,4,-26792.78535759996,-0.04392975219551232,1,stop
082740,2025-09-01,2025-09-02,46800.0,44928.0,14,-28815.87814559997,-0.04392975219551232,1,stop
080220,2025-09-01,2025-09-02,15620.0,16869.600000000002,44,52003.69823968003,0.07557902878004863,1,target
034730,2025-08-29,2025-09-03,206500.0,203000.0,3,-13007.88037499995,-0.020973263194557057,3,time
006800,2025-08-29,2025-09-03,19296.0,18524.16,34,-28853.877105792053,-0.04392975219551243,3,stop
003550,2025-08-29,2025-09-03,76300.0,75200.0,8,-11275.598439999972,-0.01845125280011095,3,time
319400,2025-09-03,2025-09-04,6360.0,6868.8,98,47161.07705567998,0.07557902878004863,1,target
145020,2025-09-02,2025-09-05,331000.0,332000.0,2,-718.904499999946,-0.001084710878996975,3,time
031980,2025-09-02,2025-09-05,34750.0,36500.0,20,32048.56925000006,0.04606007328728423,3,time
226950,2025-09-03,2025-09-05,77600.0,83808.0,8,46973.4254847999,0.07557902878004841,2,target
108490,2025-09-03,2025-09-05,99330.0,95356.8,6,-26211.366082439898,-0.043929752195512206,2,stop
440110,2025-09-04,2025-09-05,15420.0,16653.600000000002,46,53671.37590991997,0.07557902878004863,1,target
095340,2025-09-05,2025-09-08,62700.0,67716.0,10,47442.554412000114,0.07557902878004885,1,target
010170,2025-09-05,2025-09-08,1255.0,1204.8,541,-29860.62964949,-0.04392975219551232,1,stop
950160,2025-09-05,2025-09-08,39750.0,42930.0,17,51131.26976699999,0.07557902878004863,1,target
443060,2025-09-08,2025-09-09,222500.0,213600.0,3,-29356.835565000074,-0.04392975219551243,1,stop
298380,2025-09-08,2025-09-09,104200.0,100032.0,6,-27496.469805600005,-0.04392975219551232,1,stop
000250,2025-09-05,2025-09-10,202000.0,213500.0,3,31914.783075000043,0.05260415586973055,3,time
036930,2025-09-05,2025-09-10,28100.0,28300.0,24,2022.0232800000813,0.0029948106786403805,3,time
007660,2025-09-09,2025-09-10,69200.0,74736.0,10,52360.84155199991,0.07557902878004841,1,target
226950,2025-09-08,2025-09-11,89500.0,85920.0,8,-31489.879047999973,-0.04392975219551232,3,stop
067310,2025-09-10,2025-09-11,16000.0,17280.0,43,52058.1777280001,0.07557902878004885,1,target
006800,2025-09-10,2025-09-11,22602.0,21697.92,30,-29821.267300680047,-0.04392975219551243,1,stop
058470,2025-09-09,2025-09-12,50100.0,49050.0,14,-17531.141145,-0.02496578395687543,3,time
010170,2025-09-11,2025-09-12,1531.0,1653.48,459,53172.661593924044,0.07557902878004863,1,target
222800,2025-09-10,2025-09-15,29250.0,31590.000000000004,23,50904.27189900016,0.07557902878004885,3,target
087010,2025-09-12,2025-09-15,318000.0,305280.0,2,-27971.456807999988,-0.04392975219551232,1,stop
000990,2025-09-11,2025-09-16,52500.0,56700.00000000001,13,51642.01497000025,0.07557902878004907,3,target
214370,2025-09-15,2025-09-16,63900.0,69012.0,11,53185.600472399965,0.07557902878004863,1,target
336260,2025-09-12,2025-09-17,32350.0,32300.0,22,-4013.4460850000614,-0.0056327600436325564,3,time
032640,2025-09-12,2025-09-17,15250.0,14680.0,47,-29648.406590499915,-0.041317538403696674,3,time
180640,2025-09-16,2025-09-17,119300.0,114528.0,6,-31481.082992400043,-0.04392975219551243,1,stop
079550,2025-09-17,2025-09-18,535000.0,513600.0,1,-23529.448729999887,-0.043929752195512095,1,stop
267250,2025-09-16,2025-09-19,162700.0,161300.0,4,-8250.599479999859,-0.012663062315202422,3,time
028260,2025-09-16,2025-09-19,194700.0,196400.0,3,2691.2063250000356,0.004602147902763809,3,time
047810,2025-09-18,2025-09-19,112000.0,107520.0,7,-34480.53795200004,-0.04392975219551243,1,stop
011070,2025-09-17,2025-09-22,176800.0,190944.0,4,53510.96408320009,0.07557902878004885,3,target
034220,2025-09-17,2025-09-22,12990.0,13340.0,60,17743.95386999997,0.02274001681677129,3,time
108490,2025-09-19,2025-09-22,109165.0,117898.20000000001,6,49560.444520440185,0.07557902878004885,1,target
326030,2025-09-22,2025-09-23,114900.0,110304.0,7,-35373.33759540005,-0.04392975219551243,1,stop
039030,2025-09-19,2025-09-24,243500.0,233760.0,2,-21418.39538599999,-0.04392975219551232,3,stop
031980,2025-09-19,2025-09-24,46000.0,49000.0,14,39236.941100000055,0.06085693257291447,3,time
226950,2025-09-22,2025-09-24,100700.0,96672.0,8,-35430.51195680001,-0.04392975219551232,2,stop
298380,2025-09-22,2025-09-24,108600.0,104256.0,7,-33433.80733559991,-0.043929752195512206,2,stop
347850,2025-09-23,2025-09-24,54930.0,52732.799999999996,16,-38653.38672863995,-0.04392975219551232,1,stop
950160,2025-09-24,2025-09-25,52300.0,50208.0,13,-29902.191012199968,-0.04392975219551232,1,stop
068270,2025-09-24,2025-09-25,184200.0,176832.0,3,-24303.501622800133,-0.04392975219551254,1,stop
108490,2025-09-24,2025-09-25,157272.0,150981.12,4,-27667.465126464143,-0.04392975219551254,1,stop
214370,2025-09-24,2025-09-25,68400.0,65664.0,10,-30082.510152000003,-0.04392975219551232,1,stop
032820,2025-09-24,2025-09-26,4350.0,4176.0,161,-30801.587697300012,-0.04392975219551232,2,stop
222800,2025-09-25,2025-09-26,41000.0,39360.0,16,-28851.062367999926,-0.043929752195512206,1,stop
353200,2025-09-25,2025-09-26,28800.0,27648.0,23,-29132.536147200037,-0.04392975219551243,1,stop
064760,2025-09-25,2025-09-26,160800.0,154368.0,4,-28288.114809599938,-0.043929752195512206,1,stop
035420,2025-09-26,2025-09-29,251500.0,271620.0,2,38059.97586800001,0.07557902878004863,1,target
131290,2025-09-25,2025-09-30,51100.0,53300.0,13,25793.251509999973,0.03878310926245909,3,time
277810,2025-09-26,2025-09-30,322500.0,309600.0,2,-28367.279309999896,-0.043929752195512206,2,stop
247540,2025-09-26,2025-09-30,118800.0,114048.0,5,-26124.28513199999,-0.04392975219551232,2,stop
034220,2025-09-26,2025-10-01,14110.0,14430.0,46,12016.627011999954,0.018492623126237007,3,time
006800,2025-09-30,2025-10-01,21954.0,21075.84,31,-29931.833719572052,-0.04392975219551243,1,stop
214450,2025-09-29,2025-10-02,570000.0,547200.0,1,-25068.758459999925,-0.043929752195512206,3,stop
278470,2025-09-30,2025-10-10,245500.0,257000.0,2,20919.978650000005,0.042557933154079075,3,time
010950,2025-09-30,2025-10-10,63500.0,66800.0,10,30300.357350000064,0.04766227941830348,3,time
082740,2025-10-02,2025-10-10,49450.0,47472.0,16,-34797.19595360011,-0.04392975219551243,1,stop
329180,2025-10-01,2025-10-13,515000.0,517000.0,1,-116.46909999998752,-0.00022589378050130726,3,time
373220,2025-10-10,2025-10-13,367500.0,352800.0,1,-16162.752164999954,-0.043929752195512206,1,stop
080220,2025-10-10,2025-10-13,24000.0,23040.0,27,-28499.22014400002,-0.04392975219551232,1,stop
402340,2025-10-10,2025-10-13,245000.0,235200.0,2,-21550.336219999997,-0.04392975219551232,1,stop
098460,2025-10-02,2025-10-14,15880.0,17150.4,50,60078.76906400011,0.07557902878004885,3,target
108490,2025-10-13,2025-10-14,185400.0,200232.0,3,42085.404727200046,0.07557902878004863,1,target
058610,2025-10-13,2025-10-14,30750.0,29520.0,19,-25695.47742150002,-0.04392975219551232,1,stop
042700,2025-10-13,2025-10-14,115500.0,124740.00000000001,5,43697.08958999999,0.07557902878004863,1,target
034020,2025-10-13,2025-10-15,74900.0,80892.0,8,45339.04083519988,0.07557902878004841,2,target
067310,2025-10-14,2025-10-15,28300.0,27168.0,24,-29871.404817600036,-0.04392975219551243,1,stop
001440,2025-10-14,2025-10-15,18650.0,17904.0,36,-29528.35864920006,-0.04392975219551243,1,stop
131970,2025-10-14,2025-10-15,51000.0,48960.0,13,-29158.924313999945,-0.043929752195512206,1,stop
003670,2025-10-14,2025-10-15,156900.0,169452.0,4,47487.953985600034,0.07557902878004863,1,target
319400,2025-10-15,2025-10-16,10780.0,11642.400000000001,61,49756.41934648005,0.07557902878004863,1,target
043260,2025-10-15,2025-10-16,1476.0,1416.96,450,-29211.700647599995,-0.04392975219551232,1,stop
066970,2025-10-15,2025-10-16,82000.0,88560.0,8,49636.86713600007,0.07557902878004885,1,target
032830,2025-10-15,2025-10-17,165300.0,158688.0,4,-29079.759813599987,-0.04392975219551232,2,stop
218410,2025-10-16,2025-10-17,31850.0,30576.0,21,-29416.208940300043,-0.04392975219551243,1,stop
010170,2025-10-16,2025-10-20,1715.0,1852.2,398,51647.31158691994,0.07557902878004863,2,target
086520,2025-10-17,2025-10-20,61600.0,66528.0,10,46610.22889599996,0.07557902878004863,1,target
247540,2025-10-17,2025-10-20,145500.0,157140.0,4,44037.58639199997,0.07557902878004863,1,target
062040,2025-10-17,2025-10-21,135000.0,129600.0,4,-23749.3501199999,-0.043929752195512206,2,stop
003670,2025-10-17,2025-10-21,192100.0,207468.0,3,43606.29044280003,0.07557902878004863,2,target
000150,2025-10-20,2025-10-21,725000.0,783000.0,1,54857.81810000015,0.07557902878004885,1,target
310210,2025-10-20,2025-10-21,172400.0,165504.0,4,-30328.799708799925,-0.043929752195512206,1,stop
006800,2025-10-21,2025-10-22,25340.0,24326.399999999998,27,-30090.426602040185,-0.04392975219551265,1,stop
071050,2025-10-21,2025-10-22,180500.0,173280.0,3,-23815.320536999905,-0.043929752195512206,1,stop
039490,2025-10-21,2025-10-22,281500.0,270240.0,2,-24760.896513999905,-0.043929752195512206,1,stop
319660,2025-10-21,2025-10-22,38050.0,36528.0,18,-30122.09240219998,-0.04392975219551232,1,stop
015760,2025-10-20,2025-10-23,43900.0,42144.0,17,-32822.48147140001,-0.04392975219551232,3,stop
443060,2025-10-22,2025-10-23,248000.0,238080.0,2,-21814.217887999956,-0.043929752195512206,1,stop
035720,2025-10-22,2025-10-23,62800.0,60288.0,10,-27619.61458399985,-0.043929752195512095,1,stop
043260,2025-10-23,2025-10-24,1599.0,1726.92,442,53477.519730648026,0.07557902878004863,1,target
051910,2025-10-23,2025-10-24,406500.0,390240.0,1,-17877.983007000003,-0.04392975219551232,1,stop
329180,2025-10-22,2025-10-27,582000.0,628560.0,1,44037.58639199997,0.07557902878004863,3,target
028300,2025-10-22,2025-10-27,45100.0,46200.0,14,12766.996550000156,0.020196910766983933,3,time
222800,2025-10-24,2025-10-27,59000.0,56640.0,12,-31138.03682399995,-0.04392975219551232,1,stop
353200,2025-10-24,2025-10-27,35050.0,37854.0,20,53041.8351560001,0.07557902878004885,1,target
064350,2025-10-23,2025-10-28,230500.0,238000.0,3,19599.763575000106,0.028311275205477715,3,time
003670,2025-10-27,2025-10-28,258000.0,247680.0,2,-22693.823447999952,-0.043929752195512206,1,stop
000720,2025-10-27,2025-10-28,73500.0,70560.0,9,-29092.953897000058,-0.04392975219551243,1,stop
066970,2025-10-27,2025-10-28,145200.0,139392.0,4,-25543.745462399907,-0.043929752195512206,1,stop
010170,2025-10-27,2025-10-28,1878.0,1802.8799999999999,367,-30312.35108482791,-0.043929752195512206,1,stop
347850,2025-10-28,2025-10-29,48048.0,46126.08,13,-27471.137165472028,-0.04392975219551243,1,stop
010140,2025-10-28,2025-10-29,30850.0,29616.0,21,-28492.623102299985,-0.04392975219551232,1,stop
298380,2025-10-28,2025-10-29,96700.0,92832.0,6,-25517.3572956,-0.04392975219551232,1,stop
100790,2025-10-28,2025-10-30,8500.0,8160.0,79,-29532.75667699997,-0.04392975219551232,2,stop
336260,2025-10-29,2025-10-30,40450.0,43686.0,16,48971.00672319997,0.07557902878004863,1,target
006400,2025-10-29,2025-10-30,312500.0,337500.0,2,47291.22250000003,0.07557902878004863,1,target
000250,2025-10-28,2025-10-31,221000.0,234000.0,3,36167.919450000045,0.0544892439020086,3,time
180640,2025-10-29,2025-10-31,113400.0,108864.0,5,-24936.817626000033,-0.04392975219551243,2,stop
000500,2025-10-30,2025-10-31,71600.0,77328.0,9,48759.14204640011,0.07557902878004885,1,target
084370,2025-10-30,2025-11-03,96600.0,92736.0,7,-29739.463983600028,-0.04392975219551232,2,stop
218410,2025-10-30,2025-11-03,33650.0,36342.0,20,50923.188388000126,0.07557902878004885,2,target
067310,2025-10-31,2025-11-03,29800.0,28608.0,23,-30144.082541199983,-0.04392975219551232,1,stop
278470,2025-10-31,2025-11-04,258500.0,279180.0,2,39119.299252000055,0.07557902878004863,2,target
307950,2025-11-03,2025-11-04,230000.0,220800.0,3,-30346.391819999903,-0.043929752195512206,1,stop
277810,2025-11-03,2025-11-04,437000.0,471960.00000000006,1,33066.022772000055,0.07557902878004885,1,target
347850,2025-11-03,2025-11-04,68819.0,74324.52,10,52072.55425964005,0.07557902878004863,1,target
000500,2025-11-03,2025-11-04,92000.0,88320.0,7,-28323.299031999893,-0.043929752195512206,1,stop
108490,2025-11-04,2025-11-05,269000.0,258240.0,2,-23661.389563999895,-0.043929752195512095,1,stop
010170,2025-11-04,2025-11-05,2731.0,2621.7599999999998,253,-30387.86522215407,-0.04392975219551243,1,stop
000660,2025-11-04,2025-11-05,611000.0,586560.0,1,-26871.949858000036,-0.04392975219551243,1,stop
454910,2025-11-04,2025-11-05,90000.0,86400.0,7,-27707.575139999855,-0.043929752195512095,1,stop
010120,2025-11-04,2025-11-05,100600.0,96576.0,6,-26546.49580080004,-0.04392975219551243,1,stop
039030,2025-11-05,2025-11-06,285000.0,273600.0,2,-25068.758459999925,-0.043929752195512206,1,stop
298380,2025-11-05,2025-11-06,111900.0,107424.0,5,-24606.965541000012,-0.04392975219551232,1,stop
310210,2025-11-05,2025-11-06,215000.0,206400.0,3,-28367.279309999896,-0.043929752195512206,1,stop
141080,2025-11-05,2025-11-06,158900.0,152544.0,4,-27953.86469680001,-0.04392975219551232,1,stop
950160,2025-11-05,2025-11-06,48000.0,46080.0,13,-27443.69347200007,-0.04392975219551243,1,stop
222800,2025-11-06,2025-11-07,67000.0,64320.0,9,-26520.107634000015,-0.04392975219551232,1,stop
353200,2025-11-06,2025-11-07,43950.0,42192.0,14,-27061.0650534,-0.04392975219551232,1,stop
084370,2025-11-06,2025-11-07,108300.0,103968.0,5,-23815.320536999905,-0.043929752195512206,1,stop
066970,2025-11-06,2025-11-07,129800.0,124608.0,4,-22834.560337600007,-0.04392975219551232,1,stop
000810,2025-11-06,2025-11-10,466500.0,503820.00000000006,1,35298.168474000064,0.07557902878004885,2,target
098460,2025-11-07,2025-11-10,19600.0,18816.0,33,-28446.443810399855,-0.043929752195512095,1,stop
131290,2025-11-07,2025-11-11,53000.0,57240.00000000001,12,48123.54801600019,0.07557902878004885,2,target
087010,2025-11-10,2025-11-11,278500.0,267360.0,2,-24497.01484599989,-0.043929752195512095,1,stop
161390,2025-11-10,2025-11-11,50500.0,54540.0,13,49674.70011400001,0.07557902878004863,1,target
005830,2025-11-07,2025-11-12,140400.0,143100.0,4,8466.611939999857,0.015058556362937292,3,time
086790,2025-11-07,2025-11-12,94700.0,96400.0,6,7841.332650000113,0.01378444966948944,3,time
000990,2025-11-11,2025-11-12,62100.0,67068.0,10,46988.5586760001,0.07557902878004885,1,target
257720,2025-11-11,2025-11-12,43550.0,41808.0,15,-28730.116603499977,-0.04392975219551232,1,stop
078930,2025-11-11,2025-11-13,56400.0,60912.00000000001,12,51210.71902080008,0.07557902878004885,2,target
015760,2025-11-12,2025-11-13,50000.0,48000.0,12,-26388.166800000006,-0.04392975219551232,1,stop
086520,2025-11-12,2025-11-14,95500.0,91680.0,6,-25200.699293999933,-0.043929752195512206,2,stop
214150,2025-11-12,2025-11-14,53600.0,57888.00000000001,11,44612.647657600115,0.07557902878004885,2,target
141080,2025-11-13,2025-11-14,167900.0,161184.0,4,-29537.154704799992,-0.04392975219551232,1,stop
226950,2025-11-13,2025-11-14,140200.0,134592.0,5,-30830.174877999933,-0.043929752195512206,1,stop
010950,2025-11-12,2025-11-17,83200.0,88000.0,7,31114.153839999926,0.05336265282946351,3,time
031980,2025-11-14,2025-11-17,48050.0,51894.0,13,47264.73941540008,0.07557902878004885,1,target
131290,2025-11-14,2025-11-17,55700.0,53472.0,11,-26946.716330600088,-0.04392975219551243,1,stop
051910,2025-11-14,2025-11-18,406500.0,390240.0,1,-17877.983007000003,-0.04392975219551232,2,stop
000100,2025-11-17,2025-11-18,125400.0,120384.0,5,-27575.634305999964,-0.04392975219551232,1,stop
298380,2025-11-17,2025-11-19,171500.0,164640.0,4,-30170.470708000008,-0.04392975219551232,2,stop
007660,2025-11-18,2025-11-19,127600.0,122496.0,4,-22447.53389120003,-0.04392975219551243,1,stop
095340,2025-11-18,2025-11-19,80900.0,87372.0,7,42849.630882799975,0.07557902878004863,1,target
141080,2025-11-17,2025-11-20,172800.0,177600.0,4,16310.721599999932,0.023570577799943315,3,time
257720,2025-11-17,2025-11-20,44450.0,48006.0,15,50450.27616300015,0.07557902878004885,3,target
214370,2025-11-19,2025-11-21,65500.0,70740.0,9,44605.08106200001,0.07557902878004863,2,target
058610,2025-11-20,2025-11-21,37900.0,40932.0,18,51619.315183199826,0.07557902878004841,1,target
087010,2025-11-20,2025-11-21,333000.0,359640.0,2,50393.526696000015,0.07557902878004863,1,target
009150,2025-11-20,2025-11-21,224000.0,215040.0,3,-29554.74681599997,-0.04392975219551232,1,stop
083650,2025-11-19,2025-11-24,43200.0,41472.0,14,-26599.272134399973,-0.04392975219551232,3,stop
950160,2025-11-21,2025-11-24,56400.0,60912.00000000001,12,51210.71902080008,0.07557902878004885,1,target
090430,2025-11-21,2025-11-25,135800.0,130368.0,5,-29862.608761999873,-0.043929752195512095,2,stop
214370,2025-11-24,2025-11-25,77700.0,83916.0,8,47033.95824960002,0.07557902878004863,1,target
033780,2025-11-24,2025-11-25,146000.0,140160.0,4,-25684.482351999963,-0.04392975219551232,1,stop
058610,2025-11-24,2025-11-26,47550.0,45648.0,14,-29277.6710646,-0.04392975219551232,2,stop
178320,2025-11-25,2025-11-26,25050.0,24048.0,27,-29746.061025300063,-0.04392975219551243,1,stop
180640,2025-11-25,2025-11-26,108000.0,103680.0,6,-28499.220143999904,-0.043929752195512206,1,stop
095340,2025-11-25,2025-11-26,94800.0,102384.0,7,50211.92840159987,0.07557902878004841,1,target
347850,2025-11-25,2025-11-26,105600.0,101376.0,6,-27865.90414080012,-0.04392975219551254,1,stop
051910,2025-11-27,2025-11-28,394500.0,378720.0,1,-17350.21967099997,-0.043929752195512206,1,stop
950160,2025-11-27,2025-11-28,69000.0,74520.0,9,46988.558675999986,0.07557902878004863,1,target
058470,2025-11-26,2025-12-01,65700.0,66600.0,10,6280.950150000048,0.009549063035560579,3,time
015760,2025-11-26,2025-12-01,52100.0,50016.0,12,-27496.469805600005,-0.04392975219551232,3,stop
003670,2025-11-27,2025-12-02,206500.0,207500.0,3,452.3209500000812,0.0007292999365982045,3,time
010170,2025-11-28,2025-12-02,2184.0,2358.7200000000003,332,54864.47670412809,0.07557902878004885,2,target
950160,2025-12-01,2025-12-02,85400.0,81984.0,7,-26291.41018840007,-0.04392975219551243,1,stop
214370,2025-12-01,2025-12-02,87300.0,83808.0,7,-26876.347885800176,-0.04392975219551265,1,stop
098460,2025-12-01,2025-12-02,24650.0,26622.0,26,48494.311200400116,0.07557902878004885,1,target
005290,2025-12-02,2025-12-03,41000.0,39360.0,16,-28851.062367999926,-0.043929752195512206,1,stop
043260,2025-12-02,2025-12-03,2630.0,2840.4,257,51143.37631995999,0.07557902878004863,1,target
357780,2025-12-02,2025-12-04,293000.0,281280.0,2,-25772.442907999968,-0.04392975219551232,2,stop
307950,2025-12-03,2025-12-04,227500.0,245700.00000000003,3,51642.014970000135,0.07557902878004885,1,target
062040,2025-12-03,2025-12-04,148800.0,142848.0,5,-32721.326831999933,-0.043929752195512206,1,stop
086520,2025-12-02,2025-12-05,93000.0,96900.0,7,24551.590035000117,0.0376703294383387,3,time
036930,2025-12-02,2025-12-05,30000.0,29250.0,22,-19156.16917499993,-0.028991154573567157,3,time
347850,2025-12-04,2025-12-05,95800.0,91968.0,7,-29493.17442679999,-0.04392975219551232,1,stop
011070,2025-12-04,2025-12-08,270000.0,291600.0,2,40859.61624000012,0.07557902878004885,2,target
108490,2025-12-05,2025-12-08,292000.0,280320.0,2,-25684.482351999963,-0.04392975219551232,1,stop
028260,2025-12-04,2025-12-09,241500.0,252000.0,2,18958.66035000002,0.03920679109183456,3,time
083650,2025-12-08,2025-12-09,58000.0,55680.0,12,-30610.273488000035,-0.04392975219551243,1,stop
005380,2025-12-08,2025-12-09,321000.0,308160.0,2,-28235.338475999888,-0.043929752195512206,1,stop
012330,2025-12-05,2025-12-10,347500.0,362000.0,2,26066.25754999998,0.03746231926026544,3,time
064400,2025-12-05,2025-12-10,64700.0,64500.0,12,-5574.767160000047,-0.007172028216939519,3,time
043260,2025-12-09,2025-12-10,4500.0,4860.0,139,47329.05547800008,0.07557902878004885,1,target
319400,2025-12-09,2025-12-11,10640.0,10214.4,58,-27141.109159360058,-0.04392975219551243,2,stop
082740,2025-12-10,2025-12-11,46400.0,44544.0,16,-32650.958387200022,-0.04392975219551232,1,stop
010140,2025-12-10,2025-12-11,26850.0,25776.0,27,-31883.502536100103,-0.04392975219551243,1,stop
086520,2025-12-09,2025-12-12,114600.0,110016.0,5,-25200.69929400005,-0.04392975219551243,3,stop
267270,2025-12-11,2025-12-12,100300.0,108324.0,6,45535.77232080011,0.07557902878004885,1,target
000250,2025-12-10,2025-12-15,233500.0,224160.0,3,-30808.18473899993,-0.043929752195512206,3,stop
000810,2025-12-12,2025-12-15,507000.0,486720.0,1,-22298.000945999927,-0.043929752195512206,1,stop
214150,2025-12-12,2025-12-15,60000.0,57600.0,10,-26388.166800000006,-0.04392975219551232,1,stop
218410,2025-12-11,2025-12-16,32050.0,31400.0,21,-16368.05262750003,-0.024291283766871063,3,time
263750,2025-12-11,2025-12-16,37900.0,37450.0,18,-10871.912835000083,-0.015918239328329475,3,time
083650,2025-12-15,2025-12-16,61300.0,58848.0,10,-26959.910413999925,-0.043929752195512206,1,stop
180640,2025-12-15,2025-12-16,140000.0,134400.0,4,-24628.955679999897,-0.043929752195512206,1,stop
272210,2025-12-15,2025-12-16,52800.0,50688.0,12,-27865.90414080012,-0.04392975219551254,1,stop
237690,2025-12-16,2025-12-17,133900.0,128544.0,4,-23555.83689680003,-0.04392975219551243,1,stop
226950,2025-12-16,2025-12-17,142100.0,136416.0,4,-24998.390015200013,-0.04392975219551232,1,stop
003670,2025-12-16,2025-12-17,229000.0,219840.0,2,-20142.96732399997,-0.04392975219551232,1,stop
000500,2025-12-16,2025-12-17,86600.0,83136.0,7,-26660.84452360007,-0.04392975219551243,1,stop
278470,2025-12-17,2025-12-18,267500.0,256800.0,2,-23529.448729999887,-0.043929752195512095,1,stop
071050,2025-12-17,2025-12-18,164000.0,157440.0,3,-21638.296776000003,-0.04392975219551232,1,stop
033780,2025-12-17,2025-12-22,149100.0,144800.0,4,-19593.460019999882,-0.03281514166883359,3,time
145020,2025-12-17,2025-12-22,229500.0,235000.0,2,9086.497650000034,0.019773548629514526,3,time
030200,2025-12-17,2025-12-22,54500.0,53100.0,11,-17811.470929999836,-0.029676411345215814,3,time
319660,2025-12-18,2025-12-22,31650.0,34182.0,21,50291.37765540008,0.07557902878004885,2,target
131970,2025-12-18,2025-12-23,43900.0,44950.0,15,13004.903512499994,0.019726595453960716,3,time
272210,2025-12-22,2025-12-23,55300.0,59724.00000000001,10,41843.273668000125,0.07557902878004885,1,target
000250,2025-12-22,2025-12-23,242000.0,232320.0,2,-21286.45455199998,-0.04392975219551232,1,stop
307950,2025-12-22,2025-12-24,298000.0,286080.0,1,-13106.122843999998,-0.04392975219551232,2,stop
100790,2025-12-23,2025-12-24,21000.0,20160.0,35,-32325.50432999991,-0.043929752195512206,1,stop
319400,2025-12-23,2025-12-24,16200.0,17496.0,46,56386.27041120001,0.07557902878004863,1,target
218410,2025-12-23,2025-12-24,35900.0,34464.0,20,-31577.839604000095,-0.04392975219551243,1,stop
058610,2025-12-22,2025-12-26,86300.0,82848.0,6,-22772.98794839997,-0.04392975219551232,3,stop
042660,2025-12-24,2025-12-26,130800.0,125568.0,4,-23010.481449600018,-0.04392975219551232,1,stop
131290,2025-12-24,2025-12-26,59500.0,57120.0,10,-26168.265409999993,-0.04392975219551232,1,stop
277810,2025-12-24,2025-12-26,497000.0,477120.0,1,-21858.198166000016,-0.04392975219551232,1,stop
319400,2025-12-26,2025-12-29,19120.0,20649.600000000002,34,49188.92467647989,0.07557902878004841,1,target
180640,2025-12-26,2025-12-29,126800.0,121728.0,5,-27883.496251999866,-0.043929752195512095,1,stop
006260,2025-12-26,2025-12-29,194700.0,210276.0,3,44196.48489959992,0.07557902878004841,1,target
352820,2025-12-24,2025-12-30,321000.0,330000.0,1,7657.945350000053,0.023829120507142365,3,time
080220,2025-12-29,2025-12-30,22550.0,24354.0,30,51188.01923400012,0.07557902878004885,1,target
240810,2025-12-29,2025-12-30,69200.0,66432.0,10,-30434.352376000024,-0.04392975219551232,1,stop
005490,2025-12-26,2026-01-02,314000.0,301440.0,2,-27619.61458399985,-0.043929752195512095,3,stop
043260,2025-12-30,2026-01-02,8900.0,9612.0,68,45793.036571200006,0.07557902878004863,1,target
071050,2025-12-30,2026-01-02,165900.0,159264.0,3,-21888.984360600007,-0.04392975219551232,1,stop
005930,2025-12-29,2026-01-05,119400.0,128952.00000000001,5,45172.575732000056,0.07557902878004863,3,target
001440,2025-12-30,2026-01-05,23250.0,25110.0,26,45740.0704020001,0.07557902878004885,2,target
080220,2026-01-02,2026-01-05,26750.0,28890.000000000004,23,46553.47942900029,0.07557902878004907,1,target
402340,2026-01-02,2026-01-05,368500.0,397980.0,1,27882.904786000086,0.07557902878004885,1,target
010170,2026-01-05,2026-01-06,2831.0,2717.7599999999998,231,-28761.386581158033,-0.04392975219551243,1,stop
240810,2026-01-05,2026-01-06,83000.0,79680.0,7,-25552.541517999955,-0.043929752195512206,1,stop
098460,2026-01-05,2026-01-06,28250.0,27120.0,23,-28576.185630499967,-0.04392975219551232,1,stop
131970,2026-01-02,2026-01-07,53800.0,51648.0,11,-26027.528520400054,-0.04392975219551243,3,stop
298380,2026-01-06,2026-01-07,208500.0,200160.0,3,-27509.66388899996,-0.04392975219551232,1,stop
084370,2026-01-05,2026-01-08,90100.0,86496.0,7,-27738.36133460002,-0.04392975219551232,3,stop
006800,2026-01-07,2026-01-08,28576.0,27432.96,21,-26392.388906687964,-0.04392975219551232,1,stop
403870,2026-01-07,2026-01-08,36250.0,34800.0,17,-27102.846317499992,-0.04392975219551232,1,stop
034020,2026-01-06,2026-01-09,86000.0,84200.0,7,-15029.970970000024,-0.024938046691644122,3,time
237690,2026-01-06,2026-01-09,122700.0,132516.0,5,46421.06400599994,0.07557902878004863,3,target
307950,2026-01-08,2026-01-09,416500.0,399840.0,1,-18317.78578699997,-0.04392975219551232,1,stop
086280,2026-01-08,2026-01-09,233500.0,224160.0,2,-20538.789825999993,-0.04392975219551232,1,stop
005380,2026-01-08,2026-01-09,361000.0,346560.0,1,-15876.880357999995,-0.04392975219551232,1,stop
036930,2026-01-09,2026-01-12,33850.0,32496.0,17,-25308.450975100044,-0.04392975219551243,1,stop
347850,2026-01-09,2026-01-12,106900.0,102624.0,5,-23507.458590999944,-0.043929752195512206,1,stop
042660,2026-01-09,2026-01-12,129500.0,139860.0,4,39194.96520800004,0.07557902878004863,1,target
272210,2026-01-12,2026-01-13,78300.0,84564.0,7,41472.51048359997,0.07557902878004863,1,target
310210,2026-01-12,2026-01-13,225500.0,216480.0,2,-19835.105378000007,-0.04392975219551232,1,stop
307950,2026-01-12,2026-01-13,475500.0,513540.00000000006,1,35979.16207800008,0.07557902878004885,1,target
010170,2026-01-12,2026-01-13,3405.0,3268.7999999999997,174,-26056.995306660072,-0.04392975219551243,1,stop
043260,2026-01-13,2026-01-14,14540.0,13958.4,41,-26218.402926919982,-0.04392975219551232,1,stop
000720,2026-01-13,2026-01-14,88800.0,95904.0,6,40314.82135679992,0.07557902878004841,1,target
241560,2026-01-13,2026-01-14,63000.0,60480.0,9,-24936.817626000033,-0.04392975219551243,1,stop
267250,2026-01-13,2026-01-14,227000.0,245160.00000000003,2,34352.34402400005,0.07557902878004863,1,target
222800,2026-01-13,2026-01-15,47550.0,51354.0,12,43174.99449359998,0.07557902878004863,2,target
098460,2026-01-14,2026-01-15,29050.0,27888.0,21,-26830.16859389993,-0.043929752195512206,1,stop
015760,2026-01-14,2026-01-15,55000.0,52800.0,11,-26608.06819000002,-0.04392975219551232,1,stop
005490,2026-01-14,2026-01-16,352500.0,338400.0,1,-15503.04799500003,-0.04392975219551243,2,stop
012330,2026-01-14,2026-01-16,448000.0,430080.0,1,-19703.164544,-0.04392975219551232,2,stop
000880,2026-01-15,2026-01-16,130900.0,125664.0,5,-28785.09195100004,-0.04392975219551243,1,stop
336260,2026-01-15,2026-01-16,35900.0,34464.0,20,-31577.839604000095,-0.04392975219551243,1,stop
214370,2026-01-15,2026-01-16,72500.0,69600.0,10,-31885.70154999988,-0.043929752195512206,1,stop
064400,2026-01-16,2026-01-19,74500.0,71520.0,7,-22935.714977000025,-0.04392975219551243,1,stop
058610,2026-01-16,2026-01-19,98000.0,94080.0,5,-21550.336219999997,-0.04392975219551232,1,stop
108490,2026-01-16,2026-01-19,273500.0,262560.0,2,-24057.21206599992,-0.043929752195512206,1,stop
277810,2026-01-16,2026-01-20,512000.0,491520.0,1,-22517.902336,-0.04392975219551232,2,stop
032820,2026-01-19,2026-01-20,5610.0,6058.8,103,43722.0593554799,0.07557902878004841,1,target
196170,2026-01-19,2026-01-20,508000.0,487680.0,1,-22341.98122399999,-0.04392975219551232,1,stop
047040,2026-01-19,2026-01-20,4750.0,4560.0,122,-25486.57110099995,-0.043929752195512206,1,stop
353200,2026-01-16,2026-01-21,51200.0,49152.0,11,-24769.69256960007,-0.04392975219551243,3,stop
005380,2026-01-20,2026-01-21,494000.0,474240.0,1,-21726.25733200001,-0.04392975219551232,1,stop
454910,2026-01-20,2026-01-21,123100.0,118176.0,4,-21655.88888720004,-0.04392975219551243,1,stop
000270,2026-01-20,2026-01-21,174000.0,167040.0,3,-22957.70511599997,-0.04392975219551232,1,stop
006400,2026-01-20,2026-01-22,319000.0,344520.0,1,24137.43996400002,0.07557902878004863,2,target
377300,2026-01-21,2026-01-22,52000.0,49920.0,11,-25156.71901599993,-0.043929752195512206,1,stop
257720,2026-01-21,2026-01-22,43450.0,46926.0,13,42739.91524660005,0.07557902878004863,1,target
015760,2026-01-21,2026-01-23,65300.0,62688.0,9,-25847.20938060002,-0.04392975219551232,2,stop
357780,2026-01-22,2026-01-23,336500.0,323040.0,1,-14799.363546999928,-0.043929752195512095,1,stop
000990,2026-01-22,2026-01-23,92500.0,88800.0,5,-20340.87857499998,-0.04392975219551232,1,stop
012330,2026-01-22,2026-01-23,497000.0,477120.0,1,-21858.198166000016,-0.04392975219551232,1,stop
001440,2026-01-21,2026-01-26,27850.0,26736.0,21,-25721.865588300047,-0.04392975219551243,3,stop
145020,2026-01-23,2026-01-26,260000.0,280800.0,1,19673.14856,0.07557902878004863,1,target
066970,2026-01-23,2026-01-26,128400.0,123264.0,4,-22588.27078079997,-0.04392975219551232,1,stop
278470,2026-01-23,2026-01-26,282000.0,270720.0,1,-12402.438395999954,-0.043929752195512206,1,stop
377300,2026-01-26,2026-01-27,77900.0,74784.0,6,-20556.38193720003,-0.04392975219551243,1,stop
237690,2026-01-26,2026-01-27,138300.0,149364.0,3,31393.805144399987,0.07557902878004863,1,target
214370,2026-01-26,2026-01-27,86500.0,93420.0,6,39270.63116400002,0.07557902878004863,1,target
141080,2026-01-26,2026-01-27,168300.0,181764.0,3,38203.74118439999,0.07557902878004863,1,target
078600,2026-01-23,2026-01-28,75000.0,78700.0,6,20290.363290000067,0.04503789586407203,3,time
058610,2026-01-27,2026-01-28,117000.0,126360.00000000001,4,35411.667408000096,0.07557902878004885,1,target
086520,2026-01-27,2026-01-28,126800.0,136944.0,4,38377.77288320003,0.07557902878004863,1,target
247540,2026-01-27,2026-01-28,201500.0,217620.0,2,30493.380268000008,0.07557902878004863,1,target
067310,2026-01-28,2026-01-29,34100.0,36828.0,16,41283.34559359995,0.07557902878004863,1,target
319660,2026-01-28,2026-01-29,48200.0,46272.0,11,-23318.34339559992,-0.043929752195512206,1,stop
017670,2026-01-28,2026-01-29,70000.0,67200.0,8,-24628.955679999897,-0.043929752195512206,1,stop
058470,2026-01-28,2026-01-29,85900.0,92772.0,6,38998.23372239998,0.07557902878004863,1,target
036930,2026-01-28,2026-01-30,37450.0,40446.0,15,42505.350783,0.07557902878004863,2,target
403870,2026-01-29,2026-01-30,46650.0,44784.0,12,-24620.159624399967,-0.04392975219551232,1,stop
240810,2026-01-29,2026-01-30,114100.0,109536.0,5,-25090.748599000042,-0.04392975219551243,1,stop
357780,2026-01-29,2026-01-30,440500.0,475740.00000000006,1,33330.85361800005,0.07557902878004885,1,target
064760,2026-01-29,2026-01-30,232000.0,222720.0,2,-20406.848991999985,-0.04392975219551232,1,stop
100790,2026-01-30,2026-02-02,18500.0,17760.0,30,-24409.054289999884,-0.043929752195512095,1,stop
006800,2026-01-30,2026-02-02,39727.0,42905.16,14,42083.740076167975,0.07557902878004863,1,target
071050,2026-01-30,2026-02-02,216500.0,207840.0,2,-19043.46037399996,-0.043929752195512206,1,stop
006260,2026-01-30,2026-02-02,239000.0,229440.0,2,-21022.572883999965,-0.043929752195512206,1,stop
178320,2026-01-30,2026-02-02,37800.0,36288.0,15,-24936.817626000033,-0.04392975219551243,1,stop
080220,2026-02-02,2026-02-03,42550.0,40848.0,13,-24327.690775699914,-0.043929752195512206,1,stop
058470,2026-02-02,2026-02-03,100700.0,96672.0,5,-22144.069973000092,-0.04392975219551254,1,stop
353200,2026-02-02,2026-02-05,62400.0,59904.0,9,-24699.324124800158,-0.04392975219551265,3,stop
402340,2026-02-02,2026-02-05,537000.0,534000.0,1,-5191.889249999891,-0.009657215379429429,3,time
033780,2026-02-02,2026-02-05,155500.0,161800.0,3,16932.471555000055,0.036255131931713036,3,time
078600,2026-02-03,2026-02-05,77500.0,74400.0,7,-23859.300814999908,-0.043929752195512206,2,stop
267270,2026-02-04,2026-02-05,130800.0,125568.0,5,-28763.10181199992,-0.043929752195512206,1,stop
009830,2026-02-05,2026-02-06,38950.0,37392.0,13,-22269.413765300007,-0.04392975219551232,1,stop
005830,2026-02-05,2026-02-06,151000.0,163080.0,3,34276.67806800001,0.07557902878004863,1,target
080220,2026-02-05,2026-02-06,42050.0,40368.0,12,-22192.448278800002,-0.04392975219551232,1,stop
043260,2026-02-05,2026-02-06,21950.0,21072.0,24,-23168.810450399993,-0.04392975219551232,1,stop
440110,2026-02-06,2026-02-09,44650.0,48222.0,11,37163.33428940002,0.07557902878004863,1,target
095340,2026-02-06,2026-02-09,144900.0,156492.0,3,32891.991073199955,0.07557902878004863,1,target
131290,2026-02-06,2026-02-09,82200.0,88776.0,6,37318.44949920004,0.07557902878004863,1,target
323410,2026-02-05,2026-02-10,25500.0,27540.0,21,40519.11943800014,0.07557902878004885,3,target
009830,2026-02-09,2026-02-10,41900.0,45252.0,13,41215.246233199956,0.07557902878004863,1,target
100790,2026-02-09,2026-02-10,25500.0,24480.0,22,-24672.9359579999,-0.043929752195512206,1,stop
138040,2026-02-06,2026-02-11,122700.0,132516.0,4,37136.85120480007,0.07557902878004885,3,target
078600,2026-02-10,2026-02-11,95900.0,92064.0,6,-25306.251961199916,-0.043929752195512206,1,stop
043260,2026-02-10,2026-02-11,28250.0,27120.0,20,-24848.85706999991,-0.043929752195512206,1,stop
055550,2026-02-09,2026-02-12,96000.0,103680.0,6,43583.59065600007,0.07557902878004885,3,target
090430,2026-02-10,2026-02-12,163100.0,156576.0,3,-21519.55002539995,-0.043929752195512206,2,stop
047040,2026-02-11,2026-02-12,7480.0,7180.8,78,-25659.853396320017,-0.04392975219551232,1,stop
180640,2026-02-11,2026-02-13,124600.0,134568.0,4,37711.912470399984,0.07557902878004863,2,target
005940,2026-02-11,2026-02-13,29050.0,31374.000000000004,20,43961.9204360001,0.07557902878004885,2,target
066570,2026-02-12,2026-02-13,127800.0,122688.0,4,-22482.718113599985,-0.04392975219551232,1,stop
032820,2026-02-12,2026-02-13,12710.0,12201.6,45,-25154.520002100035,-0.04392975219551243,1,stop
145020,2026-02-12,2026-02-13,274500.0,263520.0,2,-24145.172621999984,-0.04392975219551232,1,stop
440110,2026-02-13,2026-02-19,55000.0,52800.0,10,-24189.15289999987,-0.043929752195512095,1,stop
047050,2026-02-13,2026-02-20,67400.0,72792.0,8,40799.083475199994,0.07557902878004863,2,target
084370,2026-02-19,2026-02-20,115000.0,124200.00000000001,8,69612.67952000024,0.07557902878004885,1,target
336260,2026-02-13,2026-02-23,36000.0,36100.0,15,-717.4500749999424,-0.001327084903298359,3,time
028260,2026-02-13,2026-02-23,328500.0,332000.0,1,2143.4231250000303,0.006517384167586071,3,time
042700,2026-02-13,2026-02-23,205500.0,204000.0,2,-4675.5160499999765,-0.011362882440614896,3,time
009830,2026-02-20,2026-02-23,56500.0,54240.0,14,-34788.399897999945,-0.04392975219551232,1,stop
031980,2026-02-20,2026-02-23,88000.0,84480.0,9,-34832.38017599995,-0.04392975219551232,1,stop
032820,2026-02-23,2026-02-24,15540.0,16783.2,36,42330.56242463994,0.07557902878004841,1,target
010170,2026-02-23,2026-02-24,4140.0,4471.200000000001,137,42916.21692408016,0.07557902878004885,1,target
047050,2026-02-23,2026-02-24,75100.0,72096.0,7,-23120.432144600025,-0.04392975219551243,1,stop
000500,2026-02-24,2026-02-25,97200.0,104976.0,6,44128.38553920004,0.07557902878004863,1,target
062040,2026-02-24,2026-02-25,164000.0,177120.0,3,37227.65035199997,0.07557902878004863,1,target
009540,2026-02-23,2026-02-26,453000.0,452000.0,1,-2853.536550000019,-0.0062919609831944,3,time
310210,2026-02-24,2026-02-26,287000.0,309960.0,2,43432.25874399999,0.07557902878004863,2,target
319400,2026-02-25,2026-02-26,37300.0,35808.0,17,-27887.89427979989,-0.043929752195512206,1,stop
180640,2026-02-25,2026-02-26,158500.0,171180.0,4,47972.21610400011,0.07557902878004885,1,target
307950,2026-02-26,2026-02-27,491500.0,530820.0,1,37189.81737400009,0.07557902878004885,1,target
226950,2026-02-26,2026-02-27,159700.0,172476.0,3,36251.559519600065,0.07557902878004885,1,target
000720,2026-02-26,2026-02-27,160200.0,173016.0,3,36365.05845360004,0.07557902878004863,1,target
000270,2026-02-26,2026-03-03,197400.0,189504.0,3,-26045.12063160003,-0.04392975219551243,2,stop
042700,2026-02-27,2026-03-03,263500.0,284580.0,2,39875.95881199988,0.07557902878004841,1,target
011070,2026-02-27,2026-03-03,333000.0,319680.0,1,-14645.432573999977,-0.04392975219551232,1,stop
080220,2026-02-27,2026-03-03,48050.0,46128.0,13,-27472.280652699992,-0.04392975219551232,1,stop
178320,2026-03-03,2026-03-04,46300.0,44448.0,13,-26471.72932819987,-0.043929752195512095,1,stop
007660,2026-03-03,2026-03-04,125500.0,120480.0,4,-22078.09955600003,-0.04392975219551243,1,stop
226950,2026-03-03,2026-03-04,183100.0,175776.0,3,-24158.366705399938,-0.043929752195512206,1,stop
051910,2026-03-03,2026-03-04,402000.0,385920.0,1,-17680.07175599999,-0.04392975219551232,1,stop
043260,2026-03-04,2026-03-05,28350.0,27216.0,21,-26183.65850729996,-0.04392975219551232,1,stop
272210,2026-03-04,2026-03-05,176900.0,169824.0,3,-23340.33353459998,-0.04392975219551232,1,stop
028300,2026-03-04,2026-03-05,51500.0,49440.0,11,-24914.82748700003,-0.04392975219551243,1,stop
095340,2026-03-06,2026-03-09,201000.0,192960.0,2,-17680.07175599999,-0.04392975219551232,1,stop
036930,2026-03-06,2026-03-09,67000.0,64320.0,8,-23573.42900799989,-0.043929752195512095,1,stop
357780,2026-03-06,2026-03-09,490500.0,470880.0,1,-21572.326359,-0.04392975219551232,1,stop
031980,2026-03-06,2026-03-09,110000.0,118800.00000000001,5,41616.27580000006,0.07557902878004885,1,target
064760,2026-03-06,2026-03-09,250000.0,240000.0,2,-21990.139000000025,-0.04392975219551243,1,stop
043260,2026-03-09,2026-03-10,35500.0,38340.0,16,42978.263008000096,0.07557902878004885,1,target
083650,2026-03-09,2026-03-10,96500.0,104220.0,6,43810.58852400002,0.07557902878004863,1,target
078600,2026-03-09,2026-03-10,112900.0,121932.00000000001,5,42713.4321620001,0.07557902878004885,1,target
222800,2026-03-09,2026-03-10,53400.0,51264.0,10,-23485.468451999885,-0.043929752195512095,1,stop
087010,2026-03-10,2026-03-11,286000.0,308880.0,2,43280.92683200003,0.07557902878004863,1,target
263750,2026-03-10,2026-03-11,66200.0,63552.0,9,-26203.44963239995,-0.043929752195512206,1,stop
009830,2026-03-09,2026-03-12,50900.0,53000.0,11,20737.317865000106,0.03699498881871843,3,time
010170,2026-03-11,2026-03-12,6020.0,6501.6,107,48739.468897840125,0.07557902878004885,1,target
032820,2026-03-11,2026-03-12,21600.0,23328.0,29,47397.15483840008,0.07557902878004885,1,target
329180,2026-03-10,2026-03-13,586000.0,596000.0,1,7568.974300000002,0.01290149973598309,3,time
010140,2026-03-10,2026-03-13,29000.0,31320.000000000004,21,46080.56720400008,0.07557902878004885,3,target
218410,2026-03-12,2026-03-13,87600.0,84096.0,7,-26968.706469599972,-0.04392975219551232,1,stop
006800,2026-03-12,2026-03-13,71191.0,68343.36,9,-28178.999739881954,-0.043929752195512206,1,stop
336260,2026-03-13,2026-03-16,47800.0,45888.0,13,-27329.344749199925,-0.043929752195512206,1,stop
131290,2026-03-13,2026-03-16,105800.0,114264.00000000001,5,40027.29072400008,0.07557902878004885,1,target
347850,2026-03-16,2026-03-17,92700.0,88992.0,7,-28538.8023942,-0.04392975219551232,1,stop
047040,2026-03-16,2026-03-17,12700.0,12192.0,55,-30720.224182999926,-0.043929752195512206,1,stop
032820,2026-03-16,2026-03-17,25200.0,24192.0,27,-29924.181151200086,-0.04392975219551243,1,stop
259960,2026-03-16,2026-03-17,247000.0,237120.0,2,-21726.25733200001,-0.04392975219551232,1,stop
196170,2026-03-13,2026-03-18,360000.0,355000.0,1,-6460.611749999982,-0.01792552670545966,3,time
131970,2026-03-17,2026-03-18,82400.0,88992.0,8,49878.998195199994,0.07557902878004863,1,target
095340,2026-03-17,2026-03-19,217500.0,234900.00000000003,3,49372.03629000008,0.07557902878004885,2,target
319660,2026-03-17,2026-03-19,73900.0,79812.0,9,50325.4273355999,0.07557902878004841,2,target
257720,2026-03-18,2026-03-19,38750.0,37200.0,14,-23859.300814999908,-0.043929752195512206,1,stop
222800,2026-03-17,2026-03-20,58700.0,63396.00000000001,11,48857.507789200055,0.07557902878004863,3,target
009830,2026-03-18,2026-03-20,50900.0,54972.0,11,42365.36876440002,0.07557902878004863,2,target
047040,2026-03-19,2026-03-20,14560.0,15724.800000000001,45,49576.334371200064,0.07557902878004863,1,target
032820,2026-03-19,2026-03-20,28800.0,27648.0,22,-27865.90414080012,-0.04392975219551254,1,stop
403870,2026-03-19,2026-03-20,48300.0,52164.0,13,47510.65377239999,0.07557902878004863,1,target
131970,2026-03-20,2026-03-23,90800.0,98064.0,7,48093.28163360001,0.07557902878004863,1,target
007660,2026-03-20,2026-03-23,131200.0,125952.0,5,-28851.062367999926,-0.043929752195512206,1,stop
353200,2026-03-20,2026-03-24,80300.0,77088.0,8,-28252.930587199982,-0.04392975219551232,2,stop
036930,2026-03-23,2026-03-24,71500.0,77220.0,9,48691.042686,0.07557902878004863,1,target
047040,2026-03-23,2026-03-24,19730.0,18940.8,36,-31238.311857840046,-0.04392975219551243,1,stop
011070,2026-03-20,2026-03-25,289000.0,312120.0,2,43734.92256800004,0.07557902878004863,3,target
066970,2026-03-24,2026-03-25,118000.0,127440.00000000001,5,44642.91404000006,0.07557902878004863,1,target
240810,2026-03-25,2026-03-26,135800.0,130368.0,5,-29862.608761999873,-0.043929752195512095,1,stop
178320,2026-03-25,2026-03-26,49500.0,47520.0,13,-28301.30889300001,-0.04392975219551232,1,stop
373220,2026-03-25,2026-03-27,392000.0,376320.0,1,-17240.26897600002,-0.04392975219551243,2,stop
100790,2026-03-26,2026-03-27,28800.0,27648.0,25,-31665.8001600001,-0.04392975219551243,1,stop
218410,2026-03-26,2026-03-27,86500.0,83040.0,8,-30434.352375999908,-0.043929752195512206,1,stop
263750,2026-03-26,2026-03-27,54900.0,52704.0,13,-31388.724408600014,-0.04392975219551232,1,stop
353200,2026-03-26,2026-03-27,86300.0,82848.0,8,-30363.98393119988,-0.043929752195512206,1,stop
950160,2026-03-27,2026-03-30,122100.0,117216.0,5,-26849.95971899992,-0.043929752195512206,1,stop
100790,2026-03-30,2026-03-31,31500.0,30240.0,20,-27707.57513999997,-0.04392975219551232,1,stop
263750,2026-03-30,2026-03-31,63800.0,68904.0,10,48274.879928000155,0.07557902878004885,1,target
047040,2026-03-30,2026-03-31,16560.0,15897.599999999999,38,-27675.909339840175,-0.04392975219551265,1,stop
066970,2026-03-30,2026-03-31,154000.0,147840.0,4,-27091.851247999934,-0.043929752195512206,1,stop
028260,2026-03-31,2026-04-01,251000.0,271080.0,2,37984.30991199991,0.07557902878004841,1,target
090430,2026-03-30,2026-04-02,138600.0,133056.0,4,-24382.666123199975,-0.04392975219551232,3,stop
028050,2026-04-01,2026-04-02,37300.0,35808.0,20,-32809.28738799982,-0.043929752195512095,1,stop
259960,2026-04-01,2026-04-02,262500.0,252000.0,2,-23089.645950000093,-0.04392975219551254,1,stop
373220,2026-03-31,2026-04-03,406000.0,398500.0,1,-9141.758825000026,-0.022490779582080456,3,time
218410,2026-04-02,2026-04-03,97900.0,93984.0,6,-25834.015297199832,-0.043929752195512095,1,stop
047040,2026-04-02,2026-04-03,19650.0,18864.0,33,-28519.011269100127,-0.04392975219551254,1,stop
257720,2026-04-01,2026-04-06,39000.0,37750.0,19,-26716.75001249998,-0.03601357225909696,3,time
214370,2026-04-03,2026-04-06,109500.0,105120.0,5,-24079.20220499992,-0.043929752195512206,1,stop
066970,2026-04-03,2026-04-07,166100.0,179388.0,3,37704.345874800056,0.07557902878004885,2,target
028050,2026-04-06,2026-04-07,43000.0,46440.0,15,48804.54162000003,0.07557902878004863,1,target
047050,2026-04-03,2026-04-08,78900.0,75744.0,7,-24290.307539400063,-0.04392975219551243,3,stop
222800,2026-04-07,2026-04-08,58000.0,62640.00000000001,10,43886.25448000012,0.07557902878004885,1,target
058470,2026-04-06,2026-04-09,109200.0,113100.0,6,20645.874989999924,0.03147459770573424,3,time
021240,2026-04-08,2026-04-09,79600.0,76416.0,7,-24505.810901600053,-0.04392975219551243,1,stop
377300,2026-04-07,2026-04-10,49850.0,53100.0,12,36433.48280999996,0.060835217285571064,3,time
047040,2026-04-09,2026-04-10,21500.0,23220.0,30,48804.54162000003,0.07557902878004863,1,target
032820,2026-04-09,2026-04-10,23650.0,22704.0,27,-28083.606516900007,-0.04392975219551232,1,stop
035720,2026-04-08,2026-04-13,48400.0,46464.0,12,-25543.745462399907,-0.043929752195512206,3,stop
000720,2026-04-09,2026-04-13,182500.0,175200.0,3,-24079.202205000038,-0.04392975219551243,2,stop
095340,2026-04-10,2026-04-13,276000.0,264960.0,2,-24277.113455999992,-0.04392975219551232,1,stop
257720,2026-04-10,2026-04-13,43400.0,46872.0,15,49258.537356000044,0.07557902878004863,1,target
010170,2026-04-13,2026-04-14,17810.0,19234.800000000003,35,47166.37367260014,0.07557902878004885,1,target
032640,2026-04-13,2026-04-14,17030.0,18392.4,37,47677.87553516007,0.07557902878004863,1,target
009150,2026-04-13,2026-04-14,555000.0,599400.0,1,41994.60558000009,0.07557902878004885,1,target
034220,2026-04-13,2026-04-15,12550.0,13554.0,50,47480.38739000005,0.07557902878004863,2,target
062040,2026-04-14,2026-04-15,182900.0,197532.0,4,55357.21340959985,0.07557902878004841,1,target
039030,2026-04-14,2026-04-15,486000.0,466560.0,1,-21374.415107999987,-0.04392975219551232,1,stop
214370,2026-04-14,2026-04-15,93300.0,100764.0,8,56477.06955840008,0.07557902878004863,1,target
011070,2026-04-13,2026-04-16,366000.0,379000.0,1,11461.734150000033,0.031280236560510266,3,time
006800,2026-04-15,2026-04-16,73400.0,70464.0,10,-32281.524052000022,-0.04392975219551232,1,stop
131970,2026-04-15,2026-04-16,101800.0,97728.0,7,-31340.346102800104,-0.04392975219551243,1,stop
131290,2026-04-15,2026-04-17,141900.0,153252.0,5,53684.99578200001,0.07557902878004863,2,target
001440,2026-04-16,2026-04-17,41800.0,40128.0,15,-27575.634305999847,-0.043929752195512095,1,stop
000500,2026-04-16,2026-04-17,143500.0,137760.0,4,-25244.679571999935,-0.043929752195512206,1,stop
047040,2026-04-16,2026-04-17,28950.0,27792.0,22,-28011.039058199967,-0.04392975219551232,1,stop
336260,2026-04-15,2026-04-20,44350.0,42576.0,17,-33158.930598100065,-0.04392975219551243,3,stop
064760,2026-04-17,2026-04-20,301500.0,289440.0,2,-26520.107634000015,-0.04392975219551232,1,stop
226950,2026-04-17,2026-04-20,179600.0,172416.0,3,-23696.573786400026,-0.04392975219551243,1,stop
353200,2026-04-17,2026-04-21,93300.0,100764.0,6,42357.80216880003,0.07557902878004863,2,target
082740,2026-04-20,2026-04-21,55600.0,60048.00000000001,12,50484.32584320009,0.07557902878004885,1,target
100790,2026-04-20,2026-04-21,45350.0,48978.0,14,48040.31546439999,0.07557902878004863,1,target
098460,2026-04-20,2026-04-21,33000.0,31680.0,20,-29026.983479999937,-0.043929752195512206,1,stop
131970,2026-04-20,2026-04-22,109100.0,117828.00000000001,6,49530.93479760003,0.07557902878004863,2,target
036930,2026-04-21,2026-04-22,95900.0,103572.0,7,50794.556262800004,0.07557902878004863,1,target
007660,2026-04-21,2026-04-22,134800.0,145584.0,5,50998.85434399999,0.07557902878004863,1,target
310210,2026-04-21,2026-04-22,342000.0,328320.0,1,-15041.255076000001,-0.04392975219551232,1,stop
000990,2026-04-21,2026-04-23,123700.0,133596.0,5,46799.39378600009,0.07557902878004885,2,target
047040,2026-04-22,2026-04-23,31850.0,34398.0,22,53019.13536919991,0.07557902878004841,1,target
006400,2026-04-22,2026-04-23,686000.0,658560.0,1,-30170.470708000008,-0.04392975219551232,1,stop
443060,2026-04-22,2026-04-24,225000.0,243000.00000000003,3,51074.52030000021,0.07557902878004885,2,target
100790,2026-04-23,2026-04-24,57200.0,61776.00000000001,12,51937.112198400195,0.07557902878004885,1,target
000500,2026-04-23,2026-04-24,217500.0,208800.0,3,-28697.131394999917,-0.043929752195512206,1,stop
010950,2026-04-24,2026-04-27,121800.0,116928.0,6,-32140.787162399967,-0.04392975219551232,1,stop
336260,2026-04-23,2026-04-28,47900.0,51732.0,15,54365.98938599997,0.07557902878004863,3,target
011070,2026-04-23,2026-04-28,534000.0,576720.0,1,40405.62050400011,0.07557902878004885,3,target
214370,2026-04-24,2026-04-28,105700.0,101472.0,7,-32541.0076921999,-0.043929752195512206,2,stop
078600,2026-04-27,2026-04-28,175600.0,168576.0,4,-30891.747267199913,-0.043929752195512206,1,stop
078930,2026-04-24,2026-04-29,76600.0,82100.0,10,51698.63605000009,0.06741415558023878,3,time
042700,2026-04-28,2026-04-29,367000.0,352320.0,1,-16140.762025999953,-0.043929752195512206,1,stop
010170,2026-04-28,2026-04-29,16140.0,15494.4,44,-31233.034224479925,-0.043929752195512206,1,stop
108490,2026-04-28,2026-04-29,345000.0,331200.0,2,-30346.39182000002,-0.04392975219551232,1,stop
440110,2026-04-28,2026-04-30,81300.0,78048.0,8,-28604.772811200004,-0.04392975219551232,2,stop
031980,2026-04-29,2026-04-30,129500.0,124320.0,5,-28477.23000500002,-0.04392975219551232,1,stop
047040,2026-04-29,2026-04-30,37200.0,35712.0,20,-32721.326831999933,-0.043929752195512206,1,stop
005490,2026-04-29,2026-04-30,477000.0,457920.0,1,-20978.592605999962,-0.043929752195512206,1,stop
307950,2026-04-29,2026-04-30,485500.0,466080.0,1,-21352.424968999985,-0.04392975219551232,1,stop
010950,2026-04-30,2026-05-04,133700.0,128352.0,5,-29400.81584299996,-0.04392975219551232,1,stop
178320,2026-04-30,2026-05-04,56800.0,61344.00000000001,12,51573.91560960014,0.07557902878004885,1,target
267250,2026-04-30,2026-05-04,304500.0,328860.0,2,46080.56720400008,0.07557902878004885,1,target
096770,2026-04-30,2026-05-06,146500.0,140640.0,4,-25772.442907999968,-0.04392975219551232,2,stop
082740,2026-04-30,2026-05-06,85900.0,82464.0,8,-30223.247041600174,-0.04392975219551254,2,stop
062040,2026-05-04,2026-05-06,279000.0,301320.0,2,42221.60344800004,0.07557902878004863,1,target
006260,2026-05-04,2026-05-06,502000.0,542160.0,1,37984.30991199991,0.07557902878004841,1,target
000500,2026-05-04,2026-05-06,241500.0,260820.00000000003,3,54819.9851220001,0.07557902878004885,1,target
016360,2026-05-06,2026-05-07,161100.0,154656.0,4,-28340.891143199988,-0.04392975219551232,1,stop
010170,2026-05-06,2026-05-07,18470.0,19947.600000000002,39,54504.45808548003,0.07557902878004863,1,target
319660,2026-05-06,2026-05-07,106000.0,101760.0,6,-27971.45680799987,-0.043929752195512095,1,stop
336260,2026-05-07,2026-05-08,78200.0,75072.0,9,-30953.31965640001,-0.04392975219551232,1,stop
006800,2026-05-07,2026-05-08,82800.0,79488.0,9,-32774.10316559998,-0.04392975219551232,1,stop
001440,2026-05-07,2026-05-08,69600.0,66816.0,11,-33671.3008367999,-0.043929752195512206,1,stop
034730,2026-05-06,2026-05-11,519000.0,560520.0,1,39270.63116400002,0.07557902878004863,3,target
178320,2026-05-08,2026-05-11,68100.0,65376.0,11,-32945.626249799854,-0.043929752195512095,1,stop
028050,2026-05-08,2026-05-11,62000.0,59520.0,12,-32721.326831999933,-0.043929752195512206,1,stop
003490,2026-05-08,2026-05-12,26000.0,24960.0,29,-33161.12961199996,-0.04392975219551232,2,stop
307950,2026-05-11,2026-05-12,574000.0,619920.0,1,43432.25874399999,0.07557902878004863,1,target
336260,2026-05-11,2026-05-12,88300.0,95364.0,7,46769.127403600025,0.07557902878004863,1,target
329180,2026-05-08,2026-05-13,687000.0,733000.0,1,43048.92630000005,0.06259020445276797,3,time
010170,2026-05-12,2026-05-13,30000.0,28800.0,24,-31665.800159999984,-0.04392975219551232,1,stop
108490,2026-05-12,2026-05-13,378500.0,363360.0,1,-16646.535222999984,-0.04392975219551232,1,stop
000990,2026-05-12,2026-05-13,184200.0,176832.0,3,-24303.501622800133,-0.04392975219551254,1,stop
319660,2026-05-12,2026-05-13,112600.0,108096.0,6,-29713.075816800003,-0.04392975219551232,1,stop
066570,2026-05-13,2026-05-14,192800.0,208224.0,3,43765.188950399985,0.07557902878004863,1,target
141080,2026-05-13,2026-05-14,207000.0,198720.0,3,-27311.752638000064,-0.04392975219551243,1,stop
000500,2026-05-13,2026-05-14,564000.0,541440.0,1,-24804.876791999908,-0.043929752195512206,1,stop
196170,2026-05-13,2026-05-14,352000.0,380160.0,2,53268.83302400005,0.07557902878004863,1,target
326030,2026-05-13,2026-05-14,106200.0,101952.0,6,-28024.233141600038,-0.04392975219551243,1,stop
131970,2026-05-14,2026-05-15,175800.0,189864.0,4,53208.30025920004,0.07557902878004863,1,target
012330,2026-05-14,2026-05-15,680000.0,652800.0,1,-29906.58903999999,-0.04392975219551232,1,stop
034220,2026-05-14,2026-05-15,14370.0,13795.199999999999,49,-30967.833148139995,-0.04392975219551232,1,stop
080220,2026-05-15,2026-05-18,76000.0,82080.0,9,51755.51390400005,0.07557902878004863,1,target
064400,2026-05-15,2026-05-18,93700.0,89952.0,7,-28846.664340199903,-0.043929752195512206,1,stop
214450,2026-05-15,2026-05-18,347500.0,333600.0,2,-30566.293209999916,-0.043929752195512206,1,stop
009830,2026-05-15,2026-05-18,46850.0,44976.0,15,-30907.140364499995,-0.04392975219551232,1,stop
180640,2026-05-15,2026-05-18,119500.0,114720.0,5,-26278.216104999883,-0.043929752195512095,1,stop
454910,2026-05-18,2026-05-19,132100.0,126816.0,5,-29048.973619000055,-0.04392975219551243,1,stop
067310,2026-05-18,2026-05-19,51500.0,49440.0,13,-29444.796120999963,-0.04392975219551232,1,stop
006260,2026-05-19,2026-05-20,529000.0,507840.0,1,-23265.567062000046,-0.04392975219551243,1,stop
036930,2026-05-19,2026-05-20,191300.0,183648.0,3,-25240.281544199795,-0.043929752195511984,1,stop
178320,2026-05-19,2026-05-20,72500.0,69600.0,9,-28697.131395000033,-0.04392975219551243,1,stop
100790,2026-05-19,2026-05-20,67400.0,64704.0,10,-29642.707371999975,-0.04392975219551232,1,stop
000500,2026-05-19,2026-05-20,406000.0,389760.0,1,-17855.992868,-0.04392975219551232,1,stop
