code,entry_date,exit_date,entry_price,exit_price,shares,pnl_krw,pnl_pct,hold_days,reason
247540,2020-03-16,2020-03-17,19544.0,18566.8,102,-107550.26740668039,-0.053888817276809275,1,stop
218410,2020-03-27,2020-03-30,37904.0,36008.799999999996,52,-106337.45347888023,-0.053888817276809164,1,stop
068270,2020-03-27,2020-03-31,160996.0,170655.76,12,107657.86484798416,0.05566089861745516,2,target
068270,2020-04-03,2020-04-06,163557.0,173370.42,12,109370.40299722832,0.05566089861745538,1,target
180640,2020-04-06,2020-04-07,68400.0,72504.0,29,110535.94536120002,0.05566089861745516,1,target
003230,2020-04-09,2020-04-10,99600.0,94620.0,20,-107469.98861999996,-0.05388881727680905,1,stop
141080,2020-04-09,2020-04-10,23721.0,25144.260000000002,85,112357.31427334552,0.05566089861745538,1,target
214450,2020-04-09,2020-04-10,40400.0,38380.0,50,-108980.61094999989,-0.05388881727680905,1,stop
058470,2020-04-09,2020-04-13,15978.0,15179.099999999999,126,-108615.25614933018,-0.053888817276809164,2,stop
237690,2020-04-10,2020-04-13,37750.0,35862.5,52,-105905.41549249995,-0.05388881727680905,1,stop
196170,2020-04-10,2020-04-13,25281.0,24016.949999999997,79,-107750.47881620284,-0.053888817276809275,1,stop
028300,2020-04-09,2020-04-14,39802.0,42190.12,50,110898.1573216999,0.05566089861745516,3,target
087010,2020-04-13,2020-04-14,15481.0,14706.949999999999,123,-102731.11241999222,-0.05388881727680894,1,stop
003230,2020-04-13,2020-04-16,95600.0,101336.0,19,101218.73923880025,0.05566089861745538,2,target
263750,2020-04-14,2020-04-16,37480.0,39728.8,53,110694.2041254805,0.05566089861745538,1,target
214450,2020-04-13,2020-04-17,38500.0,40810.0,49,105125.05592050008,0.05566089861745516,3,target
180640,2020-04-16,2020-04-17,85500.0,90630.0,23,109583.0492804998,0.055660898617454935,1,target
237690,2020-04-16,2020-04-17,33500.0,35510.0,60,112007.08317,0.05566089861745516,1,target
039490,2020-04-10,2020-04-20,73000.0,74200.0,27,24226.93098000018,0.012277574016737791,5,time
001440,2020-04-20,2020-04-21,5549.0,5271.55,372,-111366.74682183028,-0.053888817276809164,1,stop
237690,2020-04-20,2020-04-21,33500.0,35510.0,61,113873.86788949952,0.055660898617454935,1,target
336260,2020-04-20,2020-04-21,7722.0,7335.9,267,-111234.35156476521,-0.053888817276809164,1,stop
000100,2020-04-14,2020-04-22,39571.0,39573.0,50,-8008.788414999843,-0.004043156700219375,5,time
028300,2020-04-21,2020-04-22,41497.0,39422.15,49,-109701.01594901737,-0.05388881727680905,1,stop
006400,2020-04-22,2020-04-23,268743.0,284867.58,7,104829.769585317,0.05566089861745516,1,target
003230,2020-04-21,2020-04-24,98900.0,104834.0,20,110223.88582599978,0.055660898617454935,3,target
068270,2020-04-20,2020-04-27,179786.0,181498.0,11,10671.693485200172,0.005389960355754564,5,time
010130,2020-04-21,2020-04-28,399500.0,386500.0,5,-72994.53125,-0.03650096272310577,5,time
039490,2020-04-22,2020-04-28,69100.0,73246.0,29,111667.16117629991,0.05566089861745516,4,target
064350,2020-04-27,2020-04-28,17900.0,18974.0,111,110719.83758730046,0.05566089861745538,1,target
011200,2020-04-23,2020-05-04,3750.0,3562.5,578,-116938.35358124948,-0.05388881727680883,5,stop
336260,2020-04-24,2020-05-04,7545.0,7167.75,276,-112348.21972994995,-0.05388881727680905,4,stop
207940,2020-04-28,2020-05-04,856711.0,813875.45,2,-92440.48335404508,-0.053888817276809164,2,stop
005830,2020-05-04,2020-05-06,42300.0,44838.0,48,113143.87147679995,0.05566089861745516,1,target
003230,2020-05-04,2020-05-06,99900.0,105894.0,20,111338.38416599995,0.05566089861745516,1,target
180640,2020-05-04,2020-05-07,85400.0,90524.0,24,114213.78988319961,0.055660898617454935,2,target
051910,2020-04-28,2020-05-08,365000.0,346750.0,5,-98460.20543750003,-0.05388881727680905,5,stop
000100,2020-04-28,2020-05-08,39277.0,41209.0,52,91797.64703199943,0.04489424583129442,5,time
207940,2020-05-06,2020-05-08,815985.0,864944.1000000001,2,90941.39279649034,0.05566089861745538,2,target
011200,2020-05-07,2020-05-11,3485.0,3694.1000000000004,784,152253.84722408,0.05566089861745516,2,target
064350,2020-05-06,2020-05-12,17700.0,16815.0,123,-117456.28123724973,-0.05388881727680894,4,stop
051910,2020-05-11,2020-05-13,351500.0,333925.0,6,-113782.23192749987,-0.05388881727680905,2,stop
010170,2020-05-12,2020-05-13,2800.0,2660.0,780,-117828.54173999932,-0.05388881727680872,1,stop
298380,2020-05-11,2020-05-14,20150.0,19142.5,109,-118494.83408912527,-0.053888817276809164,3,stop
084370,2020-05-12,2020-05-14,18250.0,17337.5,119,-117167.64447062486,-0.05388881727680905,2,stop
247540,2020-05-13,2020-05-14,17666.0,18725.96,115,113210.18412802974,0.055660898617454935,1,target
030200,2020-05-08,2020-05-15,23800.0,24700.0,78,62385.14840999991,0.03356683826903195,5,time
000990,2020-05-13,2020-05-15,26950.0,28567.0,75,112633.98848625016,0.05566089861745516,2,target
180640,2020-05-14,2020-05-15,77700.0,73815.0,27,-113183.37807525019,-0.053888817276809164,1,stop
042700,2020-05-14,2020-05-19,4175.0,4425.5,502,116791.06729445001,0.05566089861745516,3,target
001440,2020-05-15,2020-05-20,6739.0,7143.34,299,112283.53448323696,0.05566089861745516,3,target
011200,2020-05-14,2020-05-21,3680.0,3825.0,570,73809.9593475,0.03514738956413188,5,time
272210,2020-05-15,2020-05-22,7600.0,7341.0,265,-76686.43538825004,-0.038032937344744555,5,time
028300,2020-05-15,2020-05-22,40925.0,41785.0,49,33797.54625800019,0.01683453737809315,5,time
005830,2020-05-21,2020-05-22,48000.0,45600.0,45,-116533.72259999951,-0.05388881727680883,1,stop
207940,2020-05-19,2020-05-26,884347.0,937407.8200000001,2,98560.32634839811,0.05566089861745516,5,target
068270,2020-05-20,2020-05-27,183202.0,181925.0,14,-28336.472871699836,-0.011035406319302887,5,time
003230,2020-05-27,2020-05-28,126000.0,119700.0,20,-135956.00969999935,-0.05388881727680883,1,stop
009150,2020-05-22,2020-05-29,122500.0,125000.0,16,31849.605999999912,0.016231130744565947,5,time
030200,2020-05-22,2020-05-29,24550.0,24350.0,82,-24601.738399999915,-0.012206783178917324,5,time
032640,2020-05-22,2020-05-29,13300.0,13150.0,151,-30813.641727499897,-0.015325520157502104,5,time
035420,2020-05-28,2020-05-29,226000.0,239560.0,10,125938.31242000032,0.05566089861745538,1,target
068270,2020-05-29,2020-06-01,181069.0,191933.14,11,110990.60495900316,0.05566089861745516,1,target
064350,2020-05-26,2020-06-02,16100.0,16000.0,120,-19882.34580000001,-0.010279246579205314,5,time
006400,2020-05-29,2020-06-02,347555.0,368408.30000000005,6,116204.84116761014,0.05566089861745516,2,target
010120,2020-06-01,2020-06-03,9110.0,9656.6,306,155342.12212421978,0.05566089861745516,2,target
207940,2020-05-29,2020-06-04,895983.0,949741.9800000001,2,99857.15661682212,0.05566089861745516,4,target
042700,2020-06-03,2020-06-04,4640.0,4408.0,538,-134678.45481520053,-0.053888817276809275,1,stop
034730,2020-05-29,2020-06-05,241500.0,255990.0,8,107660.53964400012,0.05566089861745516,5,target
100790,2020-06-02,2020-06-05,3121.0,3308.26,659,114611.61006566323,0.05566089861745516,3,target
035420,2020-06-04,2020-06-08,228000.0,241680.0,9,114347.52968400018,0.05566089861745516,2,target
272210,2020-06-04,2020-06-09,7868.0,8340.08,271,118818.22832507594,0.05566089861745516,3,target
003230,2020-06-05,2020-06-09,124000.0,117800.0,17,-113728.28113000048,-0.053888817276809275,2,stop
247540,2020-06-03,2020-06-10,29649.0,29848.0,84,6460.087724999525,0.002590895296789908,5,time
010120,2020-06-08,2020-06-10,9810.0,9319.5,238,-125963.24298704974,-0.05388881727680894,2,stop
086790,2020-06-09,2020-06-11,30800.0,29260.0,69,-114656.23484699987,-0.05388881727680905,2,stop
055550,2020-06-10,2020-06-11,34400.0,32680.0,68,-126201.70551200025,-0.053888817276809164,1,stop
018260,2020-06-05,2020-06-12,182500.0,179000.0,11,-46613.63657500013,-0.023193068738565747,5,time
012330,2020-06-10,2020-06-12,212000.0,201400.0,11,-125813.25976999989,-0.05388881727680905,2,stop
005380,2020-06-11,2020-06-12,110000.0,104500.0,19,-112757.16677500005,-0.05388881727680905,1,stop
028260,2020-06-11,2020-06-12,109500.0,104025.0,19,-112244.6341987499,-0.05388881727680905,1,stop
009150,2020-06-09,2020-06-15,131500.0,124925.0,16,-113512.47794000036,-0.053888817276809275,4,stop
000270,2020-06-12,2020-06-15,34000.0,32300.0,60,-110059.6268999998,-0.05388881727680894,1,stop
010120,2020-06-12,2020-06-15,8700.0,8265.0,236,-110771.77742699976,-0.05388881727680894,1,stop
034020,2020-06-12,2020-06-16,4224.0,4477.4400000000005,486,114395.67601228831,0.05566089861745538,2,target
028260,2020-06-15,2020-06-16,109000.0,115540.0,18,109332.28715400002,0.05566089861745516,1,target
012330,2020-06-15,2020-06-17,198500.0,188575.0,9,-96383.09973374987,-0.05388881727680905,2,stop
005930,2020-06-12,2020-06-19,52100.0,52900.0,39,22780.888260000153,0.011198738580802114,5,time
066570,2020-06-15,2020-06-22,67000.0,67500.0,29,6494.450675000204,0.0033386462500455405,5,time
006800,2020-06-16,2020-06-22,6521.0,6912.26,341,123913.32466113707,0.05566089861745516,4,target
006400,2020-06-16,2020-06-23,359304.0,373501.0,6,76095.88128810003,0.03525726597238443,5,time
009150,2020-06-19,2020-06-24,131500.0,139390.0,15,109917.39878249983,0.05566089861745516,3,target
005830,2020-06-18,2020-06-25,43900.0,42700.0,40,-55054.93280000007,-0.031316448812366615,5,time
034020,2020-06-22,2020-06-25,4259.0,4046.0499999999997,515,-118334.86997453775,-0.053888817276809164,3,stop
028260,2020-06-22,2020-06-29,118500.0,116500.0,18,-44635.33079999965,-0.020902040530741628,5,time
066570,2020-06-24,2020-06-29,66400.0,63080.0,48,-171951.98179200012,-0.053888817276809164,3,stop
207940,2020-06-23,2020-06-30,1163615.0,1127251.0,1,-41025.52410279983,-0.03521645286827335,5,time
247540,2020-06-25,2020-06-30,31206.0,29645.699999999997,60,-101015.31520710024,-0.053888817276809164,3,stop
068270,2020-06-30,2020-07-01,266479.0,253155.05,5,-71883.77283501229,-0.05388881727680894,1,stop
030200,2020-06-25,2020-07-02,23500.0,24100.0,80,40153.87760000001,0.021333908337240803,5,time
006400,2020-06-29,2020-07-03,355389.0,376712.34,7,138628.15769399144,0.05566089861745538,4,target
028260,2020-07-01,2020-07-03,116500.0,110675.0,12,-75423.21490500006,-0.053888817276809164,2,stop
009150,2020-06-29,2020-07-06,129000.0,130000.0,19,8899.29885000037,0.003626713619052202,5,time
006800,2020-06-30,2020-07-07,6531.0,6922.860000000001,238,86617.58503662632,0.05566089861745538,5,target
034730,2020-07-06,2020-07-08,270000.0,256500.0,9,-131100.43792499974,-0.05388881727680894,2,stop
207940,2020-07-02,2020-07-09,1111252.0,1077798.0,1,-37909.50888169976,-0.03407504090058122,5,time
042660,2020-07-03,2020-07-09,21899.0,20804.05,110,-129961.53658977477,-0.05388881727680894,4,stop
039490,2020-07-03,2020-07-10,85900.0,85200.0,28,-29399.208859999664,-0.012209144439484398,5,time
010120,2020-07-08,2020-07-13,9490.0,10059.4,242,127976.72988386033,0.05566089861745538,3,target
010140,2020-07-09,2020-07-13,5446.0,5173.7,308,-90495.34130098019,-0.053888817276809164,2,stop
034020,2020-07-07,2020-07-14,4188.0,4114.0,406,-36923.71299539972,-0.021690693780925918,5,time
034730,2020-07-10,2020-07-14,244500.0,232275.0,9,-118718.72989874962,-0.05388881727680894,2,stop
042660,2020-07-13,2020-07-15,19944.0,21140.64,106,117806.04093268793,0.05566089861745516,2,target
028260,2020-07-09,2020-07-16,109000.0,109500.0,15,777.3326250000391,0.0004748866073336355,5,time
035420,2020-07-15,2020-07-16,290500.0,275975.0,10,-156727.06673749955,-0.05388881727680894,1,stop
003670,2020-07-14,2020-07-17,71601.0,68020.95,26,-100436.20734673506,-0.053888817276809164,3,stop
009150,2020-07-13,2020-07-20,128000.0,131000.0,16,39465.38000000012,0.019248066913963857,5,time
068270,2020-07-16,2020-07-20,267760.0,283825.60000000003,8,119367.23020736035,0.05566089861745538,2,target
042700,2020-07-17,2020-07-20,4385.0,4648.1,439,107271.30109875463,0.055660898617454935,1,target
207940,2020-07-14,2020-07-21,1066162.0,1090889.0,1,20284.75845925021,0.019004105142626404,5,time
010120,2020-07-20,2020-07-21,10560.0,11193.6,201,118279.47982752044,0.05566089861745538,1,target
010140,2020-07-21,2020-07-22,5323.0,5642.38,338,100258.82181855803,0.05566089861745516,1,target
064350,2020-07-16,2020-07-23,15700.0,15350.0,146,-60343.248685,-0.02629522931270667,5,time
005380,2020-07-23,2020-07-24,118500.0,125610.0,21,138671.45595450047,0.05566089861745538,1,target
006400,2020-07-20,2020-07-27,374969.0,370074.0,5,-32086.336255250033,-0.0170944662369924,5,time
034730,2020-07-20,2020-07-27,234500.0,226500.0,9,-80436.99150000024,-0.03806898042059159,5,time
042660,2020-07-21,2020-07-28,20700.0,20922.0,86,11740.100189400138,0.006587244593674102,5,time
005930,2020-07-24,2020-07-28,54000.0,57240.0,48,144438.98486400023,0.05566089861745516,2,target
009150,2020-07-27,2020-07-28,137500.0,145750.0,14,107270.46522499993,0.05566089861745516,1,target
068270,2020-07-22,2020-07-29,275448.0,261675.59999999998,6,-89163.83561868011,-0.053888817276809164,5,stop
010120,2020-07-28,2020-07-29,11900.0,11305.0,186,-119414.6951865002,-0.053888817276809164,1,stop
207940,2020-07-28,2020-07-30,1111252.0,1055689.4,1,-59952.93162347004,-0.053888817276809164,2,stop
012330,2020-07-28,2020-07-30,204500.0,216770.0,10,113957.45526500046,0.05566089861745538,2,target
086790,2020-07-29,2020-07-30,28450.0,30157.0,86,136342.15442389995,0.05566089861745516,1,target
001440,2020-07-30,2020-07-31,7857.0,7464.15,247,-104701.1797415025,-0.05388881727680905,1,stop
028260,2020-07-27,2020-08-03,105500.0,104000.0,18,-34702.88445000001,-0.018253300042785137,5,time
006400,2020-07-31,2020-08-03,376927.0,399542.62,5,105021.1289502948,0.055660898617454935,1,target
066570,2020-07-29,2020-08-04,72500.0,76850.0,34,137361.92040499998,0.05566089861745516,4,target
034730,2020-07-30,2020-08-05,225000.0,238500.0,8,100304.8506,0.05566089861745516,4,target
034020,2020-08-04,2020-08-05,7970.0,8448.2,330,146562.10420170007,0.05566089861745516,1,target
042660,2020-07-30,2020-08-06,20788.0,21233.0,93,33340.010461949976,0.017225461185173208,5,time
298040,2020-08-05,2020-08-06,40700.0,43142.0,57,129276.23494829983,0.05566089861745516,1,target
010130,2020-08-05,2020-08-06,424000.0,449440.0,5,118136.82404000033,0.05566089861745538,1,target
005930,2020-08-03,2020-08-10,57800.0,57800.0,34,-8053.782640000107,-0.004093491870325372,5,time
009150,2020-08-03,2020-08-10,140000.0,141000.0,14,5926.255300000077,0.003020126044886551,5,time
001440,2020-08-06,2020-08-10,6613.0,6282.349999999999,347,-123801.48848202312,-0.053888817276809386,2,stop
086790,2020-08-06,2020-08-11,28900.0,30634.0,79,127225.5580027001,0.05566089861745516,3,target
207940,2020-08-10,2020-08-11,1117070.0,1184094.2,1,62248.633033190155,0.05566089861745538,1,target
066570,2020-08-10,2020-08-11,77100.0,81726.0,26,111706.16861820035,0.05566089861745538,1,target
042700,2020-08-06,2020-08-12,6000.0,6360.0,382,127721.50976400031,0.05566089861745538,4,target
005830,2020-08-11,2020-08-12,44250.0,46905.0,50,123291.37886250019,0.05566089861745516,1,target
006400,2020-08-12,2020-08-14,457697.0,434812.14999999997,5,-123465.59081678791,-0.053888817276809275,2,stop
010120,2020-08-10,2020-08-18,10800.0,10440.0,188,-75801.46125599998,-0.03729037547464786,5,time
058470,2020-08-11,2020-08-18,27411.0,26040.449999999997,81,-119786.47013207246,-0.05388881727680905,4,stop
005380,2020-08-14,2020-08-18,171000.0,162450.0,13,-119932.62284249952,-0.05388881727680883,1,stop
035420,2020-08-11,2020-08-19,311000.0,315000.0,7,18995.673200000077,0.00871559505095676,5,time
000270,2020-08-18,2020-08-19,44350.0,42132.5,47,-112457.73984887497,-0.05388881727680905,1,stop
009150,2020-08-12,2020-08-20,138000.0,131100.0,17,-126568.57093499973,-0.05388881727680894,5,stop
005930,2020-08-18,2020-08-20,58900.0,55955.0,35,-111219.56904625008,-0.053888817276809164,2,stop
034730,2020-08-20,2020-08-21,221000.0,209950.0,9,-107308.13622749993,-0.05388881727680905,1,stop
207940,2020-08-18,2020-08-25,1163615.0,1185432.0,1,16983.955400150036,0.014579086506427474,5,time
000270,2020-08-21,2020-08-25,40800.0,43248.0,50,113678.83068000013,0.05566089861745516,2,target
032830,2020-08-19,2020-08-26,60100.0,60200.0,42,-6157.058249999769,-0.0024364094940695358,5,time
028260,2020-08-19,2020-08-26,118500.0,115000.0,21,-83481.68902499974,-0.033508452026054014,5,time
105560,2020-08-20,2020-08-27,38100.0,36950.0,56,-72954.06509999954,-0.03415366206321557,5,time
034020,2020-08-25,2020-08-28,8688.0,9209.28,192,92954.51114803203,0.05566089861745516,3,target
298040,2020-08-25,2020-08-31,40800.0,43248.0,41,93216.64115759986,0.05566089861745516,4,target
145020,2020-08-26,2020-09-01,158000.0,167480.0,15,132068.05329000019,0.05566089861745516,4,target
207940,2020-08-27,2020-09-02,1178160.0,1119252.0,1,-63562.6715826001,-0.053888817276809164,4,stop
066570,2020-08-27,2020-09-03,87700.0,85700.0,26,-61191.41703999974,-0.026805156821971154,5,time
005930,2020-08-28,2020-09-04,56100.0,55600.0,52,-37878.61973999953,-0.012969663957042465,5,time
006400,2020-09-01,2020-09-04,443501.0,421325.94999999995,6,-143563.39585228544,-0.053888817276809275,3,stop
247540,2020-09-03,2020-09-04,37803.0,35912.85,59,-120330.61787565798,-0.053888817276809275,1,stop
068270,2020-08-31,2020-09-07,260499.0,260503.0,6,-6381.532763999654,-0.004078199581170394,5,time
034220,2020-09-04,2020-09-07,13170.0,13960.2,190,139440.45980910026,0.05566089861745516,1,target
034020,2020-09-07,2020-09-08,13166.0,13955.960000000001,161,118121.55541274231,0.05566089861745538,1,target
003670,2020-09-02,2020-09-09,80972.0,78879.0,14,-33861.36854450009,-0.029836122921990338,5,time
298040,2020-09-09,2020-09-10,65000.0,68900.0,17,61576.03328500036,0.05566089861745538,1,target
012330,2020-09-04,2020-09-11,224000.0,226000.0,11,11837.178100000136,0.004798530523689726,5,time
086280,2020-09-04,2020-09-11,67776.0,70527.0,37,91209.8215162498,0.03632994421124813,5,time
034020,2020-09-10,2020-09-11,12678.0,13438.68,93,65702.68628851813,0.05566089861745516,1,target
105560,2020-09-07,2020-09-14,37250.0,38300.0,57,50972.05605750019,0.023979040573598454,5,time
032830,2020-09-11,2020-09-14,62700.0,66462.0,33,115300.42576469993,0.05566089861745516,1,target
005380,2020-09-08,2020-09-15,171000.0,181260.0,13,123876.49049100047,0.05566089861745538,5,target
000880,2020-09-14,2020-09-15,28350.0,26932.5,79,-120830.90362087544,-0.053888817276809275,1,stop
042700,2020-09-14,2020-09-16,5625.0,5343.75,399,-121085.82113906229,-0.05388881727680894,2,stop
068270,2020-09-11,2020-09-18,254949.0,248974.0,8,-56017.73914439976,-0.02743361631119301,5,time
033780,2020-09-11,2020-09-18,83200.0,83100.0,25,-11016.885875000153,-0.0052904948849044064,5,time
267260,2020-09-15,2020-09-21,17850.0,16957.5,125,-120377.71692187479,-0.05388881727680894,4,stop
006800,2020-09-16,2020-09-21,9210.0,8749.5,235,-116768.408569125,-0.05388881727680905,3,stop
066570,2020-09-15,2020-09-22,92000.0,88900.0,24,-83229.49067999935,-0.0376512111659989,5,time
034020,2020-09-21,2020-09-22,13077.0,12423.15,163,-114998.87636192306,-0.053888817276809386,1,stop
009150,2020-09-18,2020-09-23,139500.0,132525.0,14,-105365.90751749976,-0.05388881727680894,3,stop
032830,2020-09-21,2020-09-23,62400.0,59280.0,34,-114462.01197599992,-0.05388881727680905,2,stop
068270,2020-09-22,2020-09-23,236158.0,224350.09999999998,8,-101927.29948804015,-0.053888817276809164,1,stop
207940,2020-09-23,2020-09-24,1064708.0,1011472.6,1,-57441.84570463002,-0.05388881727680905,1,stop
267260,2020-09-23,2020-09-24,16800.0,15960.0,116,-105139.31416799966,-0.05388881727680894,1,stop
005930,2020-09-18,2020-09-25,59800.0,57900.0,33,-70602.54514499987,-0.03573600634267282,5,time
034020,2020-09-24,2020-09-28,11525.0,12216.5,162,104041.2062848499,0.05566089861745516,2,target
105560,2020-09-22,2020-09-29,37400.0,37550.0,55,-204.3188125002198,-9.921443130267438e-05,5,time
032830,2020-09-25,2020-09-29,58300.0,61798.0,35,113706.69313849974,0.055660898617454935,2,target
010120,2020-09-23,2020-10-05,11180.0,11850.800000000001,175,109025.80011050007,0.05566089861745516,5,target
005380,2020-09-24,2020-10-05,173500.0,183910.0,10,96682.7309950001,0.05566089861745516,4,target
000270,2020-09-28,2020-10-05,44500.0,47170.0,44,109109.38748600008,0.05566089861745516,2,target
105560,2020-10-05,2020-10-06,37200.0,39432.0,54,111940.21326959995,0.05566089861745516,1,target
066570,2020-10-05,2020-10-06,91000.0,96460.0,22,111561.28383399965,0.055660898617454935,1,target
005830,2020-09-29,2020-10-07,44700.0,47382.0,47,117072.47812530026,0.05566089861745516,3,target
145020,2020-10-06,2020-10-08,180700.0,191542.0,11,110764.41752090026,0.05566089861745516,2,target
071050,2020-09-29,2020-10-12,71000.0,71400.0,29,3127.6088200001977,0.0015172490205461742,5,time
237690,2020-10-05,2020-10-13,73200.0,73100.0,27,-10791.722745000152,-0.005454019886895978,5,time
034020,2020-10-08,2020-10-13,12279.0,11665.05,175,-115930.8224379376,-0.053888817276809164,2,stop
000990,2020-10-06,2020-10-14,37850.0,36150.0,56,-103605.89036000008,-0.04882377096729884,5,time
032830,2020-10-07,2020-10-15,60000.0,59300.0,39,-36809.306235000025,-0.01571240113183825,5,time
010120,2020-10-14,2020-10-15,11780.0,11191.0,188,-119481.59417540021,-0.053888817276809164,1,stop
005380,2020-10-13,2020-10-16,181000.0,171950.0,11,-107416.0378225001,-0.053888817276809164,3,stop
034020,2020-10-15,2020-10-16,11823.0,11231.85,186,-118642.01186470501,-0.05388881727680905,1,stop
035420,2020-10-12,2020-10-19,303000.0,287850.0,6,-98082.54985499987,-0.05388881727680905,5,stop
105560,2020-10-15,2020-10-19,38600.0,40916.0,57,122605.96238340018,0.05566089861745516,2,target
012330,2020-10-13,2020-10-20,228000.0,216600.0,9,-110707.03646999993,-0.05388881727680905,5,stop
005380,2020-10-19,2020-10-20,169500.0,161025.0,12,-109735.92211499973,-0.05388881727680894,1,stop
000270,2020-10-20,2020-10-21,43150.0,45739.0,45,108203.85758474981,0.055660898617454935,1,target
032830,2020-10-19,2020-10-22,59100.0,62646.0,34,111973.64821980009,0.05566089861745516,3,target
005930,2020-10-16,2020-10-23,60000.0,60200.0,33,-1533.8931299999822,-0.0007738035098930895,5,time
009150,2020-10-16,2020-10-23,139000.0,140500.0,14,12962.993749999907,0.00665370066344817,5,time
207940,2020-10-20,2020-10-23,991982.0,942382.8999999999,1,-53518.22000564495,-0.05388881727680905,3,stop
005380,2020-10-22,2020-10-26,163000.0,172780.0,13,118081.09912300017,0.05566089861745516,2,target
000270,2020-10-23,2020-10-26,45250.0,47965.0,36,90775.88979300042,0.05566089861745538,1,target
042700,2020-10-23,2020-10-26,5425.0,5153.75,306,-89561.0213898751,-0.053888817276809164,1,stop
010120,2020-10-26,2020-10-27,10780.0,10241.0,173,-100615.0002896497,-0.05388881727680894,1,stop
068270,2020-10-21,2020-10-28,208400.0,207122.0,14,-29796.16180940019,-0.010200826406744468,5,time
207940,2020-10-26,2020-10-29,942528.0,999079.68,1,52522.29457017605,0.05566089861745516,3,target
267260,2020-10-28,2020-10-29,14100.0,14946.0,205,161072.87258849991,0.05566089861745516,1,target
066570,2020-10-23,2020-10-30,89000.0,84550.0,18,-86429.17759500025,-0.053888817276809275,5,stop
006400,2020-10-26,2020-10-30,412172.0,436902.32,4,91873.00195889594,0.05566089861745516,4,target
042660,2020-10-27,2020-11-03,19900.0,19234.0,147,-109601.8444689,-0.03742383028310747,5,time
005930,2020-10-29,2020-11-05,58200.0,60300.0,34,63079.99106999999,0.03184127904157008,5,time
028260,2020-10-29,2020-11-05,110000.0,116500.0,18,108540.64214999997,0.05475552906461001,5,time
035420,2020-11-03,2020-11-05,284000.0,301040.0,10,158258.76428000024,0.05566089861745516,2,target
009150,2020-10-30,2020-11-06,137500.0,140500.0,12,29131.84020000021,0.017635377397958507,5,time
032830,2020-10-30,2020-11-06,64000.0,63600.0,26,-17188.74507999979,-0.010317907546135707,5,time
267260,2020-11-05,2020-11-09,15250.0,16165.0,155,131719.77255875012,0.05566089861745516,2,target
086280,2020-11-05,2020-11-09,86283.0,91459.98000000001,27,129819.05136479717,0.05566089861745516,2,target
000150,2020-11-05,2020-11-10,46800.0,49608.0,50,130396.30578000005,0.05566089861745516,3,target
007660,2020-11-09,2020-11-10,3429.0,3634.7400000000002,648,123820.31977466447,0.05566089861745538,1,target
196170,2020-11-09,2020-11-11,93365.0,88696.75,23,-115853.67279751203,-0.05388881727680883,2,stop
028260,2020-11-10,2020-11-11,116000.0,122960.0,21,135745.897812,0.05566089861745516,1,target
001440,2020-11-06,2020-11-13,7375.0,7594.0,232,43646.19527560007,0.025479867489728747,5,time
009150,2020-11-10,2020-11-13,140500.0,148930.0,17,133098.96425449988,0.05566089861745516,3,target
064350,2020-11-09,2020-11-16,15500.0,15850.0,143,40818.78979750024,0.018394719603570753,5,time
207940,2020-11-11,2020-11-18,1093797.0,1159424.82,2,121903.49407969834,0.05566089861745538,5,target
035420,2020-11-11,2020-11-18,281000.0,281000.0,8,-9212.753599999472,-0.00409349187032515,5,time
267260,2020-11-13,2020-11-18,16350.0,17331.0,138,125732.1302271001,0.05566089861745516,3,target
298040,2020-11-13,2020-11-20,60400.0,61400.0,37,27732.26478999993,0.012395026476192506,5,time
028260,2020-11-16,2020-11-23,121500.0,122500.0,18,8984.171699999832,0.004103269513457963,5,time
010120,2020-11-18,2020-11-23,10640.0,11278.400000000001,220,130440.88571360009,0.05566089861745516,3,target
005930,2020-11-20,2020-11-23,63900.0,67734.0,37,131750.4212631001,0.05566089861745516,1,target
068270,2020-11-18,2020-11-24,245554.0,260287.24000000002,9,123151.28642116208,0.05566089861745516,4,target
272210,2020-11-18,2020-11-25,10282.0,10416.0,227,20763.070040299557,0.008885643715103031,5,time
207940,2020-11-23,2020-11-30,1170887.0,1143252.0,2,-64704.11948330002,-0.0275986433940536,5,time
105560,2020-11-23,2020-11-30,45800.0,45350.0,52,-33091.28874999937,-0.013878599482952891,5,time
012330,2020-11-23,2020-11-30,239500.0,244000.0,10,35052.14875000017,0.01461873897135968,5,time
298040,2020-11-24,2020-12-01,62500.0,62500.0,38,-9733.224999999627,-0.00409349187032515,5,time
011070,2020-11-25,2020-12-02,162000.0,156500.0,14,-86067.71774999984,-0.03790513257843153,5,time
034730,2020-11-30,2020-12-02,222000.0,235320.0,10,123709.31573999999,0.05566089861745516,2,target
000660,2020-12-01,2020-12-02,98600.0,104516.0,26,142856.39722120017,0.05566089861745516,1,target
028260,2020-11-30,2020-12-07,123000.0,123000.0,19,-9577.493400000036,-0.004093491870325372,5,time
055550,2020-11-30,2020-12-07,34050.0,34050.0,70,-9768.059699999634,-0.00409349187032515,5,time
034020,2020-12-02,2020-12-07,14719.0,13983.05,164,-130232.69329801016,-0.053888817276809164,3,stop
012450,2020-12-02,2020-12-09,26941.0,26943.0,90,-9757.39520700043,-0.004019559461867828,5,time
012330,2020-12-02,2020-12-09,242500.0,241500.0,10,-19908.654499999713,-0.008200322831684703,5,time
267260,2020-12-07,2020-12-11,15500.0,16430.0,150,129560.43202499999,0.05566089861745516,4,target
032830,2020-12-07,2020-12-14,72800.0,75300.0,32,70216.98927999986,0.03010659426050144,5,time
006400,2020-12-07,2020-12-14,540426.0,537489.0,4,-20572.46164140012,-0.009505846964967146,5,time
005380,2020-12-09,2020-12-16,188000.0,190000.0,13,15907.349900000263,0.006501258216160766,5,time
009150,2020-12-09,2020-12-16,162000.0,169500.0,15,102209.71837500017,0.04201329091345607,5,time
034020,2020-12-16,2020-12-17,13947.0,13249.65,180,-135441.3190918495,-0.05388881727680883,1,stop
207940,2020-12-11,2020-12-18,1201432.0,1166523.0,2,-79459.59028990008,-0.03303071036650229,5,time
000660,2020-12-14,2020-12-21,116000.0,116000.0,20,-9507.823999999557,-0.00409349187032515,5,time
006800,2020-12-14,2020-12-21,9956.0,9458.199999999999,237,-127300.7911586701,-0.053888817276809164,5,stop
032830,2020-12-16,2020-12-22,75200.0,79712.0,33,138286.95402720058,0.05566089861745538,4,target
028260,2020-12-17,2020-12-23,128500.0,136210.0,18,128891.7330210004,0.05566089861745538,4,target
005930,2020-12-18,2020-12-24,73300.0,77698.0,33,134793.0017312998,0.05566089861745516,4,target
207940,2020-12-21,2020-12-29,1166523.0,1195614.0,1,24224.593718850054,0.020742637574186595,5,time
105560,2020-12-21,2020-12-29,45200.0,43400.0,50,-98996.60749999993,-0.04375348555690528,5,time
005380,2020-12-22,2020-12-30,186000.0,192000.0,20,104400.93000000017,0.028032524520954505,5,time
000660,2020-12-23,2021-01-04,113000.0,119780.0,21,132235.2280410002,0.05566089861745516,5,target
034020,2020-12-24,2021-01-04,12499.0,13248.94,212,147659.21636759583,0.05566089861745516,4,target
012330,2020-12-29,2021-01-04,252000.0,267120.0,6,84256.07450400013,0.05566089861745516,2,target
032830,2020-12-30,2021-01-05,78800.0,74860.0,52,-221068.78783600032,-0.053888817276809164,2,stop
010130,2021-01-04,2021-01-05,404000.0,428240.0,5,112564.3323399995,0.055660898617454935,1,target
068270,2020-12-29,2021-01-07,313547.0,310939.0,5,-19426.44900500006,-0.012377175570702614,5,time
105560,2021-01-04,2021-01-07,43150.0,45739.0,53,127440.09893315006,0.05566089861745516,3,target
267250,2021-01-05,2021-01-08,55000.0,58300.0,57,174697.6147950003,0.05566089861745516,3,target
009150,2021-01-07,2021-01-08,177000.0,187620.0,11,108496.41339900019,0.05566089861745516,1,target
000270,2021-01-07,2021-01-08,62400.0,66144.0,32,111271.5142655999,0.05566089861745516,1,target
000810,2021-01-04,2021-01-11,186000.0,184000.0,12,-33076.429199999664,-0.01480216400075185,5,time
034020,2021-01-08,2021-01-11,13898.0,13203.099999999999,181,-135715.2812415557,-0.053888817276809386,1,stop
035420,2021-01-08,2021-01-11,293500.0,311110.0,8,130842.1051160004,0.05566089861745538,1,target
000150,2021-01-05,2021-01-12,51600.0,50200.0,61,-98047.73084999993,-0.031114211083145937,5,time
047810,2021-01-11,2021-01-12,28400.0,26980.0,85,-130237.22516499925,-0.05388881727680883,1,stop
015760,2021-01-11,2021-01-13,27000.0,25650.0,89,-129643.76639249967,-0.05388881727680894,2,stop
034730,2021-01-12,2021-01-14,288500.0,305810.0,9,144689.74699050002,0.05566089861745516,2,target
042700,2021-01-08,2021-01-15,8800.0,9328.0,287,140738.85037520016,0.05566089861745516,5,target
010140,2021-01-11,2021-01-18,6805.0,6464.75,355,-130332.98783056252,-0.05388881727680905,5,stop
005930,2021-01-14,2021-01-18,88700.0,84265.0,31,-148348.50788574945,-0.05388881727680883,2,stop
005380,2021-01-15,2021-01-18,252000.0,239400.0,10,-135956.00969999935,-0.05388881727680883,1,stop
055550,2021-01-12,2021-01-19,33050.0,33050.0,80,-10835.640799999703,-0.004093491870325261,5,time
012330,2021-01-18,2021-01-19,318000.0,337080.0,7,124043.66524200002,0.05566089861745516,1,target
000660,2021-01-13,2021-01-20,129000.0,130500.0,18,17404.382250000257,0.0074868163637407115,5,time
009150,2021-01-19,2021-01-20,198500.0,210410.0,13,143798.14831850026,0.05566089861745516,1,target
034020,2021-01-19,2021-01-21,12547.0,13299.820000000002,216,151022.99525738414,0.05566089861745516,2,target
009540,2021-01-20,2021-01-22,111500.0,105925.0,23,-138356.82018874958,-0.05388881727680894,2,stop
000150,2021-01-21,2021-01-22,56000.0,59360.0,54,168512.14900800027,0.05566089861745516,1,target
207940,2021-01-18,2021-01-25,1153434.0,1149070.0,2,-18156.27585720038,-0.007861489000181132,5,time
105560,2021-01-18,2021-01-25,45200.0,44100.0,55,-70509.76817499986,-0.028330154678790853,5,time
068270,2021-01-20,2021-01-26,274406.0,290870.36,9,137621.2641687179,0.05566089861745516,4,target
267260,2021-01-22,2021-01-28,18600.0,17670.0,151,-151526.20985849993,-0.05388881727680905,4,stop
005490,2021-01-25,2021-01-28,262000.0,248900.0,8,-113080.87156000035,-0.053888817276809275,3,stop
086790,2021-01-25,2021-01-28,36050.0,34247.5,65,-126420.20624187496,-0.05388881727680905,3,stop
028260,2021-01-26,2021-01-28,146500.0,139175.0,19,-150172.04484124947,-0.05388881727680894,2,stop
006800,2021-01-22,2021-01-29,9897.0,9458.0,284,-135827.45637180004,-0.048268793180715086,5,time
032830,2021-01-28,2021-01-29,74500.0,70775.0,32,-128618.70123999985,-0.05388881727680905,1,stop
005380,2021-01-28,2021-02-01,238000.0,226100.0,10,-128402.89804999996,-0.05388881727680905,2,stop
009150,2021-01-29,2021-02-01,214000.0,203300.0,11,-127000.17731499951,-0.05388881727680883,1,stop
034020,2021-01-29,2021-02-01,12258.0,11645.1,206,-136233.74840552965,-0.05388881727680894,1,stop
000660,2021-01-28,2021-02-02,124000.0,131440.0,19,131287.90445200028,0.05566089861745516,3,target
028260,2021-02-01,2021-02-03,129000.0,136740.0,18,129393.25727400044,0.05566089861745538,2,target
005930,2021-01-28,2021-02-04,83200.0,82500.0,28,-29089.38494000025,-0.012472512972378058,5,time
032830,2021-02-01,2021-02-08,70000.0,72700.0,33,79370.48674499989,0.03432004487181928,5,time
207940,2021-02-01,2021-02-08,1165069.0,1169433.0,2,-847.1021320000291,-0.0003631239680998988,5,time
015760,2021-02-02,2021-02-09,23050.0,24433.0,111,142574.98639034992,0.05566089861745516,5,target
018260,2021-02-03,2021-02-10,195500.0,194500.0,12,-21579.000599999446,-0.009187642807049756,5,time
068270,2021-02-04,2021-02-10,300066.0,285062.7,8,-129510.40002107993,-0.05388881727680905,4,stop
009150,2021-02-08,2021-02-17,206000.0,201000.0,11,-64124.37844999973,-0.028265979931725083,5,time
034730,2021-02-08,2021-02-17,310000.0,298500.0,7,-89155.77597499988,-0.041038410720297125,5,time
012450,2021-02-09,2021-02-18,43494.0,43241.0,69,-29704.586536350194,-0.009886574745131327,5,time
000270,2021-02-17,2021-02-18,85700.0,81415.0,25,-115589.58364374959,-0.05388881727680894,1,stop
005930,2021-02-10,2021-02-19,82600.0,82600.0,27,-9139.805640000384,-0.004093491870325483,5,time
028260,2021-02-10,2021-02-19,132000.0,125400.0,17,-121065.58958999952,-0.05388881727680883,5,stop
034020,2021-02-17,2021-02-19,11341.0,10773.949999999999,194,-118700.0629228151,-0.053888817276809164,2,stop
000660,2021-02-19,2021-02-22,129000.0,136740.0,17,122204.74298100034,0.05566089861745538,1,target
034020,2021-02-22,2021-02-23,11051.0,10498.449999999999,227,-135339.72974015726,-0.05388881727680894,1,stop
009150,2021-02-19,2021-02-24,199000.0,189050.0,11,-118098.29572749953,-0.05388881727680883,3,stop
005380,2021-02-18,2021-02-25,241000.0,245000.0,10,30005.4160000002,0.012436076729337442,5,time
207940,2021-02-18,2021-02-25,1140342.0,1127251.0,2,-35451.513323700055,-0.015526388403054647,5,time
105560,2021-02-19,2021-02-26,43650.0,43800.0,51,-1495.7605125005357,-0.0006711327358593921,5,time
012450,2021-02-25,2021-02-26,39675.0,37691.25,59,-126289.37555793766,-0.053888817276809164,1,stop
319400,2021-02-26,2021-03-02,5120.0,5427.200000000001,438,124966.4698675205,0.05566089861745538,1,target
263750,2021-02-26,2021-03-02,57000.0,60420.0,39,123876.49049100047,0.05566089861745538,1,target
028260,2021-02-23,2021-03-03,124000.0,124000.0,19,-9655.359199999832,-0.004093491870325261,5,time
005930,2021-02-24,2021-03-04,81800.0,82400.0,25,6574.960250000237,0.0032114458421172998,5,time
032830,2021-02-25,2021-03-05,75400.0,79924.0,31,130251.42099579982,0.05566089861745516,5,target
010120,2021-03-03,2021-03-05,11520.0,10944.0,244,-151649.2176768002,-0.053888817276809164,2,stop
272210,2021-03-04,2021-03-05,17569.0,16690.55,117,-110899.8026694674,-0.05388881727680905,1,stop
051910,2021-03-05,2021-03-08,853000.0,904180.0,2,95066.7084019999,0.05566089861745516,1,target
307950,2021-03-05,2021-03-08,125000.0,118750.0,18,-121389.29437500006,-0.05388881727680905,1,stop
010130,2021-03-02,2021-03-09,408500.0,397500.0,5,-63208.43075000006,-0.03091104778079401,5,time
064760,2021-03-02,2021-03-09,159000.0,161600.0,14,27170.09778000042,0.012191771784625605,5,time
000660,2021-03-08,2021-03-09,143000.0,135850.0,16,-123439.4246799997,-0.05388881727680894,1,stop
042660,2021-03-05,2021-03-12,22032.0,23353.920000000002,107,131367.25673380774,0.055660898617454935,5,target
005930,2021-03-08,2021-03-15,82900.0,81800.0,28,-40221.941899999976,-0.01730817412536323,5,time
005380,2021-03-09,2021-03-16,230500.0,234000.0,9,22905.420525000198,0.011028732765049343,5,time
028260,2021-03-09,2021-03-16,120000.0,124000.0,18,62935.62840000028,0.02910339173399734,5,time
012330,2021-03-09,2021-03-16,299500.0,303500.0,7,19325.57830000017,0.00920742977414446,5,time
058470,2021-03-16,2021-03-17,28832.0,30561.920000000002,74,118892.8997138557,0.055660898617454935,1,target
055550,2021-03-12,2021-03-19,35200.0,35450.0,74,7770.46971500013,0.002979707761277428,5,time
006400,2021-03-17,2021-03-19,665742.0,632454.9,3,-107751.93548773509,-0.053888817276809164,2,stop
032830,2021-03-15,2021-03-22,78300.0,77000.0,29,-46894.641254999675,-0.020628338110026068,5,time
000810,2021-03-16,2021-03-23,191500.0,185000.0,11,-79922.07272500033,-0.037897107028774024,5,time
161390,2021-03-16,2021-03-23,45400.0,44250.0,47,-62635.39705749997,-0.02932019857405055,5,time
000660,2021-03-23,2021-03-24,139000.0,132050.0,14,-104988.2519349996,-0.05388881727680883,1,stop
005380,2021-03-23,2021-03-25,229500.0,218025.0,8,-99053.66420999984,-0.05388881727680894,2,stop
028260,2021-03-19,2021-03-26,120000.0,123000.0,20,49987.43699999992,0.020804170832916524,5,time
105560,2021-03-19,2021-03-26,51700.0,53200.0,47,60333.94629500015,0.024801281092817984,5,time
034020,2021-03-22,2021-03-26,11678.0,12378.68,193,125595.827080118,0.05566089861745516,4,target
012450,2021-03-26,2021-03-29,39879.0,42271.740000000005,61,135557.4918676233,0.05566089861745516,1,target
009150,2021-03-24,2021-03-31,184000.0,187500.0,11,30091.743275000248,0.014850381925619605,5,time
005930,2021-03-25,2021-04-01,81000.0,82900.0,23,35936.223615000024,0.019267278073457073,5,time
000660,2021-03-26,2021-04-02,134000.0,142040.0,18,134408.4998039999,0.05566089861745516,5,target
000270,2021-03-26,2021-04-02,81900.0,86814.0,29,132352.25036669988,0.05566089861745516,5,target
005380,2021-03-29,2021-04-02,215500.0,228430.0,12,144104.63536199974,0.055660898617454935,4,target
064350,2021-03-31,2021-04-07,20450.0,20200.0,104,-34639.40246000048,-0.0162683880577299,5,time
034020,2021-04-01,2021-04-08,12644.0,12934.0,151,35836.44112970028,0.01874840051797011,5,time
032830,2021-04-02,2021-04-09,77300.0,76700.0,33,-30195.726990000345,-0.011823684688925806,5,time
028260,2021-04-02,2021-04-09,126000.0,129000.0,20,49495.6530000004,0.019618567847047963,5,time
298040,2021-04-02,2021-04-09,76300.0,74900.0,34,-58091.22325999988,-0.022367005780961513,5,time
009150,2021-04-07,2021-04-14,192500.0,190500.0,11,-30613.08139999979,-0.014440572474269886,5,time
012450,2021-04-09,2021-04-14,40745.0,43189.700000000004,64,145312.75156255998,0.05566089861745516,3,target
005380,2021-04-08,2021-04-15,229000.0,230500.0,8,4456.721000000136,0.002429913204759826,5,time
066570,2021-04-09,2021-04-15,157500.0,166950.0,16,140426.79084000038,0.05566089861745538,4,target
005930,2021-04-09,2021-04-16,84700.0,83900.0,30,-34342.77299999958,-0.013499928783002102,5,time
012330,2021-04-14,2021-04-21,304000.0,298500.0,8,-53837.10820000013,-0.022111537247671453,5,time
006800,2021-04-14,2021-04-21,10155.0,9837.0,246,-88235.21631059982,-0.03527992905252486,5,time
034730,2021-04-16,2021-04-21,286000.0,303160.0,8,127498.6100960006,0.05566089861745538,3,target
055550,2021-04-15,2021-04-22,37200.0,37200.0,61,-9299.635439999867,-0.004093491870325261,5,time
042660,2021-04-15,2021-04-22,25275.0,26030.0,90,58427.29955250025,0.02565564417865218,5,time
009540,2021-04-22,2021-04-26,137000.0,145220.0,18,137417.64532200014,0.05566089861745516,2,target
005380,2021-04-21,2021-04-28,227500.0,221500.0,10,-69146.52199999942,-0.03035915801880007,5,time
034020,2021-04-21,2021-04-28,13416.0,13754.0,185,52174.08996150037,0.02099717597015105,5,time
010130,2021-04-21,2021-04-28,418000.0,427000.0,5,36302.099750000285,0.017349471223375934,5,time
096770,2021-04-22,2021-04-29,262714.0,270586.0,9,60949.245920400135,0.025747993669070324,5,time
009150,2021-04-26,2021-04-30,193000.0,183350.0,15,-156187.55876250006,-0.05388881727680905,4,stop
034730,2021-04-28,2021-05-03,288500.0,274075.0,8,-124518.44063000008,-0.053888817276809164,3,stop
012450,2021-04-28,2021-05-04,39573.0,37594.35,58,-123829.70474911528,-0.053888817276809164,4,stop
012330,2021-04-28,2021-05-06,279000.0,274500.0,8,-45041.05259999959,-0.020156500065965033,5,time
005380,2021-05-03,2021-05-06,212000.0,224720.0,10,118136.82404000033,0.05566089861745538,2,target
005930,2021-04-29,2021-05-07,82400.0,81900.0,30,-25086.529649999924,-0.010136613885675327,5,time
012450,2021-05-06,2021-05-07,37740.0,40004.4,59,124080.4436872201,0.05566089861745516,1,target
000660,2021-04-30,2021-05-10,130000.0,130000.0,21,-11188.085999999661,-0.004093491870325261,5,time
034020,2021-05-06,2021-05-11,12064.0,12787.84,184,123696.83335859189,0.05566089861745516,3,target
009150,2021-05-04,2021-05-12,175000.0,166250.0,13,-122738.06431249948,-0.05388881727680883,5,stop
066570,2021-05-07,2021-05-13,152500.0,144875.0,15,-123412.44928124966,-0.05388881727680894,4,stop
042700,2021-05-07,2021-05-13,16200.0,15390.0,148,-129352.43208599929,-0.05388881727680883,4,stop
051910,2021-05-12,2021-05-13,912000.0,866400.0,2,-98406.25464000017,-0.053888817276809164,1,stop
005930,2021-05-10,2021-05-17,82300.0,79600.0,34,-102996.95225000009,-0.03676600185756862,5,time
032830,2021-05-11,2021-05-18,85400.0,86100.0,27,9394.652294999454,0.004069676229097929,5,time
000660,2021-05-13,2021-05-20,116000.0,122960.0,18,116353.62669599988,0.05566089861745516,4,target
006400,2021-05-13,2021-05-21,601125.0,629518.0,3,77537.29662405024,0.04294626439555271,5,time
055550,2021-05-13,2021-05-21,40550.0,40300.0,54,-22434.029865000397,-0.01023348267260471,5,time
012330,2021-05-17,2021-05-25,278000.0,277000.0,11,-23499.86705,-0.007675889381583145,5,time
042660,2021-05-21,2021-05-25,30828.0,29286.6,66,-109770.8822317801,-0.053888817276809164,2,stop
005380,2021-05-18,2021-05-26,227500.0,223500.0,10,-49205.48299999954,-0.02160393596930843,5,time
005930,2021-05-20,2021-05-27,79400.0,79600.0,29,-3653.6140100001357,-0.0015849112453136804,5,time
207940,2021-05-25,2021-05-27,1247977.0,1185578.15,2,-134658.70882331533,-0.053888817276809164,2,stop
028260,2021-05-21,2021-05-28,139500.0,138000.0,14,-28941.875549999997,-0.01480216400075196,5,time
042700,2021-05-27,2021-05-28,15875.0,16827.5,147,130041.0594341252,0.05566089861745516,1,target
000660,2021-05-25,2021-06-01,121500.0,128790.0,20,135411.54831000045,0.05566089861745538,5,target
005380,2021-05-28,2021-06-01,223500.0,236910.0,10,124545.18949500052,0.05566089861745538,2,target
000270,2021-05-26,2021-06-02,82100.0,87026.0,29,132675.45488529978,0.055660898617454935,5,target
105560,2021-05-28,2021-06-02,56100.0,59466.0,40,125046.7137480001,0.05566089861745516,3,target
012330,2021-05-27,2021-06-03,274500.0,279000.0,8,26894.22300000023,0.012232844328521786,5,time
042700,2021-06-01,2021-06-03,16150.0,17119.0,153,137693.4836611501,0.05566089861745516,2,target
005490,2021-06-01,2021-06-07,355500.0,337725.0,6,-115077.05106749944,-0.05388881727680883,4,stop
207940,2021-06-03,2021-06-08,1195614.0,1267350.84,2,133250.9818280763,0.05566089861745516,3,target
010130,2021-06-02,2021-06-09,448000.0,430000.0,5,-98914.64349999977,-0.04410759264339259,5,time
096770,2021-06-02,2021-06-09,261239.0,270094.0,10,77582.85347450012,0.029663918506717346,5,time
066570,2021-06-03,2021-06-10,152000.0,150000.0,17,-44489.515099999495,-0.01719752487203141,5,time
032830,2021-06-07,2021-06-14,84400.0,80900.0,26,-99724.81753000012,-0.045392932373333195,5,time
005930,2021-06-08,2021-06-15,82300.0,80900.0,31,-53727.792290000245,-0.021034793345192315,5,time
000660,2021-06-09,2021-06-16,125500.0,129500.0,19,66003.7903,0.027648548229425307,5,time
267260,2021-06-09,2021-06-16,21700.0,21800.0,112,1206.7165599996224,0.0004959390427143884,5,time
009150,2021-06-10,2021-06-17,176000.0,176000.0,14,-10097.96480000019,-0.004093491870325372,5,time
012330,2021-06-14,2021-06-21,288000.0,284500.0,7,-32689.74397499999,-0.016196522351067943,5,time
028260,2021-06-15,2021-06-21,138500.0,131575.0,19,-141971.52362124994,-0.05388881727680905,4,stop
005380,2021-06-16,2021-06-23,237000.0,242500.0,10,45125.12325000018,0.0190182625377473,5,time
032830,2021-06-16,2021-06-23,80400.0,79700.0,30,-30822.949349999893,-0.012764319677424418,5,time
207940,2021-06-17,2021-06-24,1204341.0,1243613.0,2,68441.18778840033,0.028381729339671535,5,time
035420,2021-06-23,2021-06-24,393000.0,416580.0,6,131399.3542860006,0.05566089861745538,1,target
000660,2021-06-21,2021-06-25,121000.0,128260.0,19,128111.5841830005,0.05566089861745538,4,target
005930,2021-06-21,2021-06-28,79700.0,81900.0,29,54139.74475000054,0.02339702654730713,5,time
009150,2021-06-23,2021-06-30,175000.0,177000.0,13,16599.945700000506,0.007288296794013993,5,time
066570,2021-06-24,2021-07-01,158500.0,162000.0,16,45441.8740000003,0.0178981344921596,5,time
009540,2021-06-24,2021-07-01,131500.0,132000.0,19,-767.3591749998741,-0.0003067751093759341,5,time
034020,2021-06-25,2021-07-02,23647.0,23889.0,110,15881.408014999703,0.006098472225220641,5,time
207940,2021-06-28,2021-07-05,1236341.0,1261068.0,1,19587.330881450092,0.015824783287194055,5,time
000660,2021-06-30,2021-07-07,126500.0,123500.0,27,-94758.61004999978,-0.027711828031503294,5,time
005930,2021-07-01,2021-07-08,80500.0,79900.0,31,-28772.224369999953,-0.011516397520981325,5,time
005380,2021-07-01,2021-07-08,238500.0,229500.0,10,-99508.88249999983,-0.04167486953559607,5,time
032830,2021-07-02,2021-07-09,79300.0,75335.0,35,-149740.43846125016,-0.053888817276809164,5,stop
028260,2021-07-05,2021-07-09,134500.0,127775.0,9,-65307.440373749705,-0.05388881727680883,4,stop
034020,2021-07-09,2021-07-12,23985.0,25424.100000000002,103,137665.89982723538,0.05566089861745538,1,target
000270,2021-07-07,2021-07-14,88600.0,87600.0,38,-51685.79386000056,-0.015333971646055433,5,time
207940,2021-07-08,2021-07-15,1237795.0,1271250.0,1,28283.641518249875,0.022823770058732595,5,time
105560,2021-07-08,2021-07-15,52500.0,51800.0,45,-41089.13392499974,-0.01737224531205428,5,time
000660,2021-07-09,2021-07-16,120500.0,121500.0,20,10064.377000000328,0.0041712924295060905,5,time
005930,2021-07-12,2021-07-19,79900.0,79000.0,33,-40418.16685499996,-0.015311462550133936,5,time
034020,2021-07-14,2021-07-19,24757.0,23519.149999999998,136,-181649.74554421986,-0.05388881727680905,3,stop
009150,2021-07-15,2021-07-22,184500.0,186000.0,9,6655.140224999981,0.004003309008777656,5,time
064350,2021-07-15,2021-07-22,22650.0,22650.0,79,-7333.11417000019,-0.004093491870325483,5,time
034730,2021-07-16,2021-07-23,278000.0,275500.0,9,-32687.365274999756,-0.01304948564846986,5,time
000660,2021-07-19,2021-07-26,119000.0,117000.0,24,-59562.95280000009,-0.02083141637670649,5,time
066570,2021-07-19,2021-07-26,159000.0,163000.0,18,60058.69200000027,0.02096075990652202,5,time
005930,2021-07-22,2021-07-29,79000.0,79000.0,22,-7122.6716000000015,-0.004093491870325372,5,time
207940,2021-07-22,2021-07-29,1306158.0,1325067.0,1,13500.358606949914,0.01032405651373236,5,time
034020,2021-07-23,2021-07-30,22585.0,21455.75,133,-162057.67528448766,-0.053888817276809164,5,stop
015760,2021-07-26,2021-08-02,25200.0,25400.0,113,10863.33974999981,0.0038105280354656657,5,time
017670,2021-07-26,2021-08-02,52796.0,52106.0,54,-48834.05828579981,-0.017109165228334944,5,time
012450,2021-07-29,2021-08-02,51746.0,54850.76,29,83622.705097378,0.05566089861745516,2,target
298040,2021-07-29,2021-08-02,80600.0,76570.0,19,-82620.25129150017,-0.053888817276809164,2,stop
034020,2021-08-02,2021-08-03,20944.0,19896.8,103,-116384.3867925203,-0.053888817276809164,1,stop
005380,2021-07-30,2021-08-06,222000.0,222500.0,13,-5346.567524999846,-0.0018504591943575566,5,time
005930,2021-08-02,2021-08-09,79200.0,81500.0,27,53153.33521499997,0.02482803551222834,5,time
034730,2021-08-02,2021-08-09,268000.0,273500.0,8,35083.74500000058,0.016344887960694443,5,time
086790,2021-08-02,2021-08-09,43750.0,44300.0,49,18085.033802499995,0.008426475660447741,5,time
267260,2021-08-06,2021-08-09,21650.0,22949.0,135,162870.00116174994,0.05566089861745516,1,target
009150,2021-08-03,2021-08-10,191000.0,186000.0,11,-63448.17544999998,-0.03016434286848435,5,time
028260,2021-08-10,2021-08-11,144000.0,136800.0,16,-124302.63743999973,-0.05388881727680894,1,stop
066570,2021-08-09,2021-08-13,157500.0,149625.0,15,-127458.7590937498,-0.05388881727680905,4,stop
005930,2021-08-11,2021-08-13,79600.0,75620.0,27,-115951.05398699967,-0.05388881727680894,2,stop
005380,2021-08-09,2021-08-17,220500.0,213000.0,10,-83815.42724999972,-0.03796786289514409,5,time
012450,2021-08-09,2021-08-17,53172.0,50932.0,45,-110308.76362799993,-0.04604847904798404,5,time
000270,2021-08-09,2021-08-17,85300.0,83200.0,28,-68414.79554000031,-0.028611706021231864,5,time
034730,2021-08-13,2021-08-17,275000.0,261250.0,7,-103855.28518750006,-0.053888817276809164,1,stop
028260,2021-08-13,2021-08-19,136000.0,129200.0,15,-110059.6268999998,-0.05388881727680894,3,stop
298040,2021-08-17,2021-08-19,71300.0,67735.0,31,-119247.4477142503,-0.053888817276809164,2,stop
105560,2021-08-17,2021-08-20,53500.0,50825.0,41,-118341.0743162497,-0.05388881727680894,3,stop
066570,2021-08-17,2021-08-23,150500.0,142975.0,14,-113674.3303325004,-0.053888817276809275,4,stop
035420,2021-08-17,2021-08-24,435500.0,437500.0,5,1046.6890000002459,0.000480131588364463,5,time
006400,2021-08-19,2021-08-24,776372.0,737553.4,2,-83771.77711333986,-0.05388881727680894,3,stop
034020,2021-08-23,2021-08-24,18966.0,20103.960000000003,171,180726.2706655627,0.05566089861745538,1,target
003670,2021-08-24,2021-08-25,137642.0,145900.52000000002,17,130391.5134371384,0.05566089861745538,1,target
000270,2021-08-19,2021-08-26,82600.0,82000.0,25,-23418.56224999996,-0.011327679580710348,5,time
207940,2021-08-20,2021-08-27,1426882.0,1377429.0,1,-55154.857895749854,-0.03860970592764523,5,time
028050,2021-08-24,2021-08-27,21450.0,20377.5,110,-127296.90670124954,-0.05388881727680894,3,stop
066970,2021-08-25,2021-08-27,114600.0,108870.0,21,-129837.98926349962,-0.05388881727680894,2,stop
267260,2021-08-24,2021-08-30,22700.0,24062.0,104,131555.38405359956,0.055660898617454935,4,target
036930,2021-08-26,2021-08-31,12400.0,11780.0,171,-114397.2710190001,-0.053888817276809164,3,stop
035420,2021-08-27,2021-09-01,422000.0,447320.0,4,94063.65989600006,0.05566089861745516,3,target
000150,2021-08-27,2021-09-01,89700.0,95082.0,21,104969.02615290042,0.05566089861745538,3,target
017670,2021-08-27,2021-09-01,50294.0,53311.64,39,109302.53004832193,0.05566089861745516,3,target
000880,2021-09-01,2021-09-02,34700.0,36782.0,61,117952.93181390036,0.05566089861745538,1,target
207940,2021-08-30,2021-09-06,1384702.0,1387610.0,2,-5550.71733159991,-0.002001997725273874,5,time
006400,2021-08-31,2021-09-07,746023.0,758750.0,2,19264.257418100024,0.012896469738051808,5,time
267260,2021-09-02,2021-09-07,24400.0,25864.0,94,127810.66963119991,0.05566089861745516,3,target
024110,2021-09-01,2021-09-08,10250.0,10350.0,209,12059.016805000603,0.005622669184598639,5,time
000990,2021-09-01,2021-09-08,59800.0,61100.0,35,36788.331125000026,0.01755664961075465,5,time
105560,2021-09-06,2021-09-13,52900.0,51800.0,52,-68304.70010000002,-0.02480232285222783,5,time
055550,2021-09-07,2021-09-14,38250.0,39150.0,51,37770.1208550001,0.019339602438608328,5,time
086790,2021-09-07,2021-09-14,43600.0,45150.0,45,61503.70511249988,0.0313114413315323,5,time
066570,2021-09-08,2021-09-15,146500.0,142000.0,14,-71219.68105000001,-0.034684476761680516,5,time
042700,2021-09-08,2021-09-15,16250.0,16100.0,133,-28748.421152500436,-0.013286475022291744,5,time
034020,2021-09-13,2021-09-15,19593.0,20768.58,143,156130.01672568312,0.05566089861745516,2,target
267260,2021-09-14,2021-09-24,25400.0,25900.0,79,31160.103904999793,0.01551096695112486,5,time
298040,2021-09-14,2021-09-24,77100.0,78400.0,26,25485.1041900001,0.012698706061822218,5,time
207940,2021-09-15,2021-09-27,1336703.0,1338157.0,1,-4028.362699299818,-0.003010193588791843,5,time
010120,2021-09-15,2021-09-27,13860.0,13600.0,170,-53725.87503000023,-0.022775720738558825,5,time
035420,2021-09-15,2021-09-27,403000.0,403000.0,5,-8257.872999999905,-0.004093491870325261,5,time
042700,2021-09-27,2021-09-29,16200.0,15390.0,116,-101384.33866199991,-0.05388881727680905,2,stop
105560,2021-09-24,2021-09-30,52200.0,55332.0,52,151259.71470479993,0.05566089861745516,4,target
034020,2021-09-24,2021-10-01,20510.0,19484.5,132,-146062.07308770018,-0.053888817276809164,5,stop
005490,2021-09-27,2021-10-01,341000.0,323950.0,5,-91986.10973750008,-0.053888817276809164,4,stop
012450,2021-09-30,2021-10-01,48996.0,51935.76,74,202042.05446656793,0.05566089861745516,1,target
267250,2021-09-27,2021-10-05,63400.0,64400.0,29,21379.55602999986,0.011614812674306751,5,time
207940,2021-09-29,2021-10-05,1242159.0,1180051.05,1,-67015.46867180243,-0.05388881727680905,3,stop
011200,2021-10-01,2021-10-05,32500.0,30875.0,82,-143778.87533749966,-0.05388881727680894,1,stop
272210,2021-10-01,2021-10-06,17350.0,16482.5,153,-143215.08950362494,-0.05388881727680905,2,stop
138040,2021-10-05,2021-10-06,31150.0,33019.0,59,102414.0387084498,0.055660898617454935,1,target
096770,2021-10-05,2021-10-07,259271.0,246307.44999999998,7,-97915.1405303576,-0.053888817276809164,2,stop
034020,2021-10-06,2021-10-07,19014.0,18063.3,126,-129253.37842179043,-0.053888817276809275,1,stop
000720,2021-10-01,2021-10-12,51200.0,49600.0,52,-93865.76991999988,-0.035215570249377603,5,time
005490,2021-10-05,2021-10-13,318000.0,325000.0,5,28380.680249999976,0.017828978434415887,5,time
105560,2021-10-06,2021-10-14,55300.0,54600.0,43,-39756.3734749998,-0.016699903365637647,5,time
055550,2021-10-07,2021-10-15,39500.0,39000.0,50,-33020.24374999991,-0.016699903365637647,5,time
010120,2021-10-07,2021-10-15,12760.0,12980.0,157,26228.168329000007,0.01307730999397938,5,time
267260,2021-10-12,2021-10-19,24550.0,24150.0,105,-52440.316949999426,-0.020320074487509276,5,time
086790,2021-10-13,2021-10-20,43950.0,45550.0,37,52361.18750999984,0.032162490223132556,5,time
010950,2021-10-15,2021-10-20,108500.0,103075.0,19,-111219.56904625008,-0.053888817276809164,3,stop
000810,2021-10-14,2021-10-21,240000.0,247000.0,9,53962.16085000057,0.024953781283457044,5,time
034020,2021-10-20,2021-10-21,22392.0,21272.399999999998,82,-99061.43312484026,-0.053888817276809275,1,stop
267250,2021-10-15,2021-10-22,64300.0,62700.0,32,-59481.516160000116,-0.02887499129501403,5,time
017670,2021-10-19,2021-10-25,51415.0,54499.9,49,140389.7337701954,0.05566089861745538,4,target
012450,2021-10-21,2021-10-26,49557.0,47079.149999999994,40,-106945.58686830034,-0.053888817276809275,3,stop
042700,2021-10-20,2021-10-27,15475.0,15775.0,118,27812.120920000132,0.015213257883400333,5,time
267260,2021-10-21,2021-10-27,23400.0,22230.0,84,-106045.68756600004,-0.05388881727680905,4,stop
010130,2021-10-25,2021-10-28,566000.0,537700.0,5,-152680.75692499988,-0.05388881727680905,3,stop
006400,2021-10-22,2021-10-29,709798.0,718610.0,2,11754.255239600083,0.008270487951594019,5,time
035420,2021-10-26,2021-11-02,402500.0,410000.0,5,29141.820625000168,0.014463772256314567,5,time
079550,2021-10-27,2021-11-03,46400.0,46900.0,43,13259.88828500011,0.0066382592948652785,5,time
105560,2021-10-28,2021-11-03,58800.0,55860.0,39,-123719.96882699989,-0.05388881727680905,4,stop
033780,2021-10-28,2021-11-04,82000.0,85500.0,28,88301.62390000047,0.038414712744965884,5,time
034020,2021-10-29,2021-11-04,23647.0,25065.82,64,84334.53518713615,0.05566089861745516,4,target
000810,2021-11-04,2021-11-08,233000.0,221350.0,9,-113134.8223575002,-0.053888817276809164,2,stop
006400,2021-11-02,2021-11-09,716652.0,732316.0,2,25361.67703680019,0.017674227389989694,5,time
010130,2021-11-03,2021-11-10,502000.0,490500.0,4,-54093.57530000014,-0.026908083192021204,5,time
005940,2021-11-03,2021-11-10,13050.0,12900.0,183,-37156.19235749962,-0.015540693113195059,5,time
024110,2021-11-04,2021-11-11,11050.0,11000.0,198,-18837.266084999777,-0.008599856160504737,5,time
001440,2021-11-10,2021-11-11,19266.0,18302.7,112,-116414.59923912026,-0.053888817276809164,1,stop
034020,2021-11-11,2021-11-12,24516.0,25986.960000000003,86,117489.07760479255,0.05566089861745538,1,target
207940,2021-11-08,2021-11-15,1236341.0,1256704.0,1,15236.196171650197,0.012309461865775528,5,time
086790,2021-11-09,2021-11-16,43950.0,43850.0,52,-14550.696419999935,-0.0063594907511664855,5,time
138040,2021-11-10,2021-11-17,34550.0,34100.0,62,-36596.50362499943,-0.017064777793866392,5,time
000270,2021-11-11,2021-11-18,84500.0,83100.0,25,-43554.26575000025,-0.020593718040521236,5,time
035420,2021-11-12,2021-11-19,407500.0,404000.0,5,-25798.491625000024,-0.012647290099660036,5,time
033780,2021-11-15,2021-11-22,84800.0,84200.0,17,-16077.895010000095,-0.01114000018256367,5,time
003490,2021-11-16,2021-11-23,30550.0,29050.0,74,-119937.56718999986,-0.05299233842333717,5,time
000150,2021-11-22,2021-11-23,133500.0,126825.0,10,-72024.31466250005,-0.053888817276809164,1,stop
030200,2021-11-17,2021-11-24,31000.0,30900.0,68,-15418.958860000595,-0.007306093509453659,5,time
000810,2021-11-18,2021-11-25,217000.0,212500.0,9,-48384.38857499999,-0.024745930979005237,5,time
034020,2021-11-19,2021-11-26,23212.0,22248.0,92,-97178.26583439973,-0.04545373113609319,5,time
006400,2021-11-23,2021-11-26,729379.0,692910.0499999999,2,-78701.15745950514,-0.053888817276809164,3,stop
267260,2021-11-23,2021-11-26,24550.0,23322.5,71,-94038.93758237478,-0.05388881727680894,3,stop
042700,2021-11-25,2021-11-26,17875.0,16981.25,171,-164907.3564084377,-0.053888817276809164,1,stop
207940,2021-11-24,2021-11-29,1237795.0,1312062.7,1,68976.02363801491,0.05566089861745516,3,target
000150,2021-11-26,2021-11-29,122500.0,116375.0,16,-105743.56309999991,-0.05388881727680905,1,stop
352820,2021-11-26,2021-11-29,388500.0,369075.0,5,-104799.42414374999,-0.05388881727680905,1,stop
016360,2021-11-26,2021-11-30,46700.0,44365.0,42,-105819.09421649971,-0.05388881727680894,2,stop
034020,2021-11-29,2021-11-30,19593.0,18613.35,95,-100420.50766466279,-0.053888817276809275,1,stop
267260,2021-11-30,2021-12-01,22950.0,21802.5,90,-111435.3722362502,-0.053888817276809164,1,stop
042700,2021-11-30,2021-12-02,17175.0,18205.5,121,115806.12938647508,0.05566089861745516,2,target
010130,2021-11-26,2021-12-03,505000.0,493500.0,3,-40607.06527499994,-0.026772550966347564,5,time
105560,2021-11-29,2021-12-06,54900.0,57000.0,33,61670.99119500001,0.034001292593651256,5,time
006400,2021-11-29,2021-12-06,687280.0,683365.0,2,-13440.138560499996,-0.009766542125429045,5,time
000150,2021-12-01,2021-12-06,108500.0,115010.0,18,108830.76290100021,0.05566089861745516,3,target
222800,2021-12-06,2021-12-07,40300.0,42718.0,45,101057.13697950006,0.05566089861745516,1,target
316140,2021-12-02,2021-12-08,12400.0,13144.0,178,122996.0368023999,0.05566089861745516,4,target
067310,2021-12-07,2021-12-08,16933.0,16086.349999999999,116,-105971.66707183025,-0.053888817276809164,1,stop
352820,2021-12-03,2021-12-09,333500.0,353510.0,4,74337.03927800013,0.05566089861745516,4,target
066970,2021-12-08,2021-12-09,206900.0,219314.0,10,115294.85327299964,0.055660898617454935,1,target
005290,2021-12-06,2021-12-13,33400.0,32550.0,54,-53156.19802500005,-0.029438417975421904,5,time
078600,2021-12-06,2021-12-13,110000.0,107500.0,16,-47094.909999999916,-0.026727730691454288,5,time
267260,2021-12-09,2021-12-14,22550.0,21422.5,81,-98543.82917362498,-0.05388881727680905,3,stop
247540,2021-12-08,2021-12-15,127123.0,126654.0,16,-15817.485490400111,-0.0077677298312988086,5,time
042700,2021-12-09,2021-12-16,18100.0,18150.0,101,-2456.8070725,-0.0013423689196908617,5,time
207940,2021-12-14,2021-12-16,1288703.0,1366025.1800000002,1,71812.86771265115,0.05566089861745516,2,target
079550,2021-12-16,2021-12-17,62000.0,65720.0,25,86373.62135000015,0.05566089861745516,1,target
316140,2021-12-13,2021-12-20,13000.0,13300.0,134,32942.42399000004,0.018888966009590336,5,time
005830,2021-12-13,2021-12-20,57600.0,59000.0,30,34794.49230000004,0.020112569091159882,5,time
105560,2021-12-15,2021-12-22,57300.0,57100.0,43,-18672.201750000007,-0.007569605336746554,5,time
012450,2021-12-16,2021-12-23,47213.0,46959.0,34,-15189.143404599978,-0.009451343586270866,5,time
007660,2021-12-20,2021-12-23,4882.0,5174.92,362,98481.7542154279,0.05566089861745516,3,target
005940,2021-12-17,2021-12-24,13200.0,13400.0,128,18600.21120000002,0.010996000677093942,5,time
042700,2021-12-20,2021-12-27,17650.0,18300.0,100,57575.053750000196,0.032582951771844115,5,time
207940,2021-12-22,2021-12-29,1330885.0,1294521.0,1,-41711.03001679992,-0.03130481686206199,5,time
016360,2021-12-24,2021-12-29,49500.0,47025.0,34,-90799.19219249999,-0.05388881727680905,3,stop
316140,2021-12-27,2021-12-29,13400.0,12730.0,139,-100488.75542349997,-0.05388881727680905,2,stop
034020,2021-12-23,2021-12-30,20076.0,20400.0,114,27447.70802039979,0.011979117645216197,5,time
000150,2021-12-23,2021-12-30,119500.0,118000.0,19,-37720.943674999755,-0.01659441038241316,5,time
017670,2021-12-29,2022-01-03,59800.0,56810.0,25,-80656.44226250006,-0.053888817276809164,2,stop
277810,2021-12-30,2022-01-03,25250.0,26765.0,104,146333.63204200007,0.05566089861745516,1,target
009150,2021-12-29,2022-01-06,196000.0,186200.0,7,-74020.49417000008,-0.053888817276809164,5,stop
010130,2021-12-29,2022-01-06,524000.0,509000.0,2,-34206.47210000025,-0.03260226595800708,5,time
047050,2021-12-30,2022-01-07,22700.0,22850.0,116,6557.323690000456,0.0024873881393423503,5,time
005930,2022-01-03,2022-01-10,79400.0,78000.0,26,-44753.01505999989,-0.021653556245407768,5,time
105560,2022-01-03,2022-01-10,54900.0,57800.0,38,101325.46005000034,0.048513591437071124,5,time
000660,2022-01-06,2022-01-13,123500.0,129500.0,9,49285.65600000019,0.044290629982128626,5,time
042700,2022-01-06,2022-01-13,17500.0,17975.0,67,26926.03880874999,0.022938256207480023,5,time
079550,2022-01-07,2022-01-13,65300.0,69218.0,41,149192.32028410025,0.05566089861745516,4,target
277810,2022-01-13,2022-01-14,24450.0,23227.5,72,-94974.98391900025,-0.053888817276809164,1,stop
000150,2022-01-10,2022-01-17,113500.0,107825.0,18,-110221.47929249983,-0.05388881727680894,5,stop
017670,2022-01-10,2022-01-17,56000.0,55800.0,37,-15869.65483000013,-0.007650300827931389,5,time
108490,2022-01-13,2022-01-17,26341.0,25023.949999999997,67,-95214.90311548254,-0.05388881727680905,2,stop
034020,2022-01-17,2022-01-18,20150.0,19142.5,94,-102188.2055447502,-0.053888817276809164,1,stop
034220,2022-01-14,2022-01-19,22229.0,21117.55,77,-92343.96537731774,-0.053888817276809164,3,stop
012450,2022-01-19,2022-01-20,51949.0,55065.94,32,92635.31882345607,0.05566089861745516,1,target
005930,2022-01-14,2022-01-21,77700.0,75600.0,22,-53069.263170000166,-0.03100988398193827,5,time
000660,2022-01-18,2022-01-21,126500.0,120175.0,14,-95546.86237249989,-0.05388881727680905,3,stop
055550,2022-01-17,2022-01-24,39400.0,38350.0,48,-58001.934119999874,-0.03063414754383187,5,time
028050,2022-01-17,2022-01-24,23550.0,22700.0,80,-75520.54139999999,-0.040039162015133134,5,time
084370,2022-01-21,2022-01-24,51000.0,48450.0,32,-88047.70151999989,-0.05388881727680905,1,stop
105560,2022-01-21,2022-01-25,59500.0,56525.0,28,-89882.02863499988,-0.05388881727680905,2,stop
307950,2022-01-24,2022-01-25,134000.0,127300.0,13,-93982.28924500011,-0.053888817276809164,1,stop
042700,2022-01-20,2022-01-27,18050.0,17875.0,97,-24100.29032124998,-0.01374909513474043,5,time
003230,2022-01-24,2022-01-27,88000.0,83600.0,19,-90205.73341999995,-0.05388881727680905,3,stop
000150,2022-01-25,2022-01-27,99300.0,94335.0,17,-91074.34125975007,-0.053888817276809164,2,stop
079550,2022-01-27,2022-01-28,59700.0,56715.0,27,-86963.2904902501,-0.053888817276809164,1,stop
138040,2022-01-27,2022-01-28,47000.0,44650.0,35,-88749.06188749988,-0.05388881727680905,1,stop
000660,2022-01-24,2022-02-03,116500.0,123490.0,14,90887.33962700004,0.05566089861745516,5,target
011070,2022-01-27,2022-02-03,341500.0,361990.0,4,76120.23662200011,0.05566089861745516,2,target
047810,2022-01-28,2022-02-03,33750.0,35775.0,50,94035.79743750021,0.05566089861745516,1,target
012450,2022-01-25,2022-02-04,49250.0,49048.0,34,-13710.1886926,-0.008178225162552621,5,time
138040,2022-02-03,2022-02-04,44450.0,47117.0,37,91647.98474405007,0.05566089861745516,1,target
000990,2022-01-28,2022-02-08,72400.0,68780.0,23,-89838.867997,-0.05388881727680905,4,stop
066970,2022-02-03,2022-02-08,177000.0,187620.0,9,88769.79278100003,0.05566089861745516,3,target
011070,2022-02-07,2022-02-08,345000.0,327750.0,5,-93065.1256875,-0.05388881727680905,1,stop
031980,2022-02-07,2022-02-08,14300.0,13585.0,123,-94894.05772274989,-0.05388881727680905,1,stop
078600,2022-02-03,2022-02-09,90400.0,95824.0,18,90675.58494240022,0.05566089861745538,4,target
138040,2022-02-08,2022-02-10,44900.0,42655.0,36,-87206.06907900004,-0.05388881727680905,2,stop
307950,2022-02-08,2022-02-11,125000.0,118750.0,13,-87670.04593749996,-0.05388881727680905,3,stop
298380,2022-02-08,2022-02-11,26700.0,25365.0,61,-87869.66388825001,-0.05388881727680905,3,stop
012450,2022-02-10,2022-02-14,50268.0,47754.6,35,-94919.95410554996,-0.05388881727680905,2,stop
079550,2022-02-11,2022-02-14,62400.0,59280.0,24,-80796.71433599992,-0.05388881727680905,1,stop
047810,2022-02-11,2022-02-14,36400.0,34580.0,42,-82479.97921800008,-0.053888817276809164,1,stop
017670,2022-02-08,2022-02-15,55900.0,54800.0,29,-38449.5492250002,-0.023690936574129462,5,time
010130,2022-02-09,2022-02-16,528000.0,529000.0,3,-3500.3929500000086,-0.002207305301897944,5,time
011070,2022-02-14,2022-02-17,313500.0,332310.0,4,69879.04591800016,0.05566089861745538,3,target
316140,2022-02-14,2022-02-21,15050.0,14500.0,101,-61615.70473250002,-0.040488746320247015,5,time
003230,2022-02-14,2022-02-21,92600.0,90600.0,16,-37977.55552000017,-0.025603351657143447,5,time
028050,2022-02-15,2022-02-22,23150.0,22250.0,83,-82354.26705499995,-0.04281123948659782,5,time
105560,2022-02-16,2022-02-22,64800.0,61560.0,24,-83904.28027199977,-0.05388881727680894,4,stop
138040,2022-02-17,2022-02-22,39100.0,41446.0,34,74080.70465980005,0.05566089861745516,3,target
036930,2022-02-21,2022-02-22,20650.0,21889.0,71,81701.08705954999,0.05566089861745516,1,target
095340,2022-02-21,2022-02-23,29300.0,31058.0,50,81637.00340499985,0.055660898617454935,2,target
011070,2022-02-22,2022-02-23,311000.0,329660.0,5,86652.24593500025,0.05566089861745538,1,target
086790,2022-02-22,2022-02-25,50400.0,47880.0,31,-84292.72601400013,-0.053888817276809164,3,stop
055550,2022-02-23,2022-02-25,40800.0,38760.0,40,-88047.70152000012,-0.053888817276809164,2,stop
000660,2022-02-22,2022-03-02,127000.0,125000.0,12,-30174.903599999845,-0.01977705892748549,5,time
017670,2022-02-22,2022-03-02,54400.0,54500.0,28,-3450.632779999869,-0.0022627813774398486,5,time
010130,2022-02-23,2022-03-02,525000.0,556500.0,3,87766.74427500018,0.05566089861745516,4,target
105560,2022-02-25,2022-03-02,60400.0,57380.0,25,-81465.704225,-0.05388881727680905,2,stop
011070,2022-03-03,2022-03-04,325500.0,345030.0,4,72553.84193400014,0.05566089861745516,1,target
138040,2022-03-03,2022-03-04,36300.0,34485.0,42,-82253.38586850022,-0.053888817276809275,1,stop
316140,2022-02-25,2022-03-07,14200.0,13490.0,109,-83505.0443704999,-0.05388881727680905,5,stop
086790,2022-03-02,2022-03-07,47800.0,45410.0,32,-82523.13985599997,-0.05388881727680905,3,stop
007660,2022-03-03,2022-03-07,6962.0,6613.9,221,-83008.8049350949,-0.05388881727680905,2,stop
095340,2022-03-04,2022-03-07,31000.0,29450.0,49,-81951.2614025001,-0.053888817276809164,1,stop
353200,2022-03-04,2022-03-08,24350.0,23132.5,63,-82763.22090487485,-0.05388881727680894,2,stop
138040,2022-03-07,2022-03-08,34850.0,33107.5,41,-77087.59700787487,-0.05388881727680894,1,stop
247540,2022-03-07,2022-03-08,92655.0,88022.25,15,-74982.16713543748,-0.05388881727680905,1,stop
036930,2022-03-07,2022-03-08,26900.0,25555.0,54,-78368.92844849988,-0.05388881727680894,1,stop
000990,2022-03-08,2022-03-10,66300.0,70278.0,21,77585.8019390998,0.055660898617454935,1,target
086520,2022-03-08,2022-03-10,16921.0,17936.260000000002,83,78262.46960623143,0.05566089861745538,1,target
277810,2022-03-08,2022-03-10,21500.0,22790.0,65,77875.57150750002,0.05566089861745516,1,target
298380,2022-03-08,2022-03-10,26950.0,28567.0,52,78092.89868380013,0.05566089861745516,1,target
000150,2022-03-10,2022-03-11,122500.0,116375.0,12,-79307.67232499993,-0.05388881727680905,1,stop
079550,2022-03-10,2022-03-11,70900.0,75154.0,20,79017.93230600026,0.05566089861745538,1,target
000660,2022-03-08,2022-03-16,117000.0,116500.0,12,-11736.184499999974,-0.008349502588828162,5,time
012450,2022-03-10,2022-03-17,54598.0,51868.1,27,-79531.35233143531,-0.053888817276809275,5,stop
017670,2022-03-10,2022-03-17,56700.0,57200.0,26,6920.108909999952,0.004688752469442559,5,time
329180,2022-03-11,2022-03-18,112000.0,108500.0,13,-51332.84292499977,-0.03521557024937749,5,time
028050,2022-03-11,2022-03-18,26400.0,26200.0,56,-17225.760719999904,-0.011638238144034974,5,time
015760,2022-03-16,2022-03-21,24750.0,23512.5,59,-78781.652049375,-0.05388881727680905,3,stop
000150,2022-03-17,2022-03-23,120000.0,114000.0,11,-71215.05269999988,-0.05388881727680894,4,stop
030200,2022-03-18,2022-03-23,32600.0,34556.0,50,90831.61471000011,0.05566089861745516,3,target
010130,2022-03-17,2022-03-24,578000.0,590000.0,2,19191.7276000001,0.016582767814027788,5,time
034020,2022-03-21,2022-03-28,22500.0,21900.0,67,-46259.52488999977,-0.030650998753783187,5,time
214450,2022-03-21,2022-03-28,92000.0,89900.0,16,-39533.49591999967,-0.026826140425459055,5,time
017670,2022-03-23,2022-03-30,57800.0,56300.0,26,-45043.801010000054,-0.029938816475766794,5,time
058470,2022-03-23,2022-03-30,37743.0,36822.0,39,-41845.565133449854,-0.028395478834462473,5,time
000150,2022-03-28,2022-03-30,108500.0,103075.0,13,-76097.59987374977,-0.05388881727680894,2,stop
000660,2022-03-25,2022-04-01,122000.0,116000.0,9,-58340.62889999978,-0.05307250046686651,5,time
082740,2022-03-28,2022-04-04,7216.0,7233.0,208,-2625.52743440005,-0.001747259797403422,5,time
003230,2022-03-30,2022-04-04,93100.0,98686.0,15,77819.84659050009,0.05566089861745516,3,target
012450,2022-03-30,2022-04-06,52460.0,52867.0,27,5151.831434549997,0.003633041656338376,5,time
086790,2022-03-30,2022-04-06,49000.0,47450.0,29,-50641.027352499776,-0.035596656923406744,5,time
011070,2022-04-01,2022-04-08,385500.0,381500.0,2,-11136.127800000017,-0.014427152136262333,5,time
079550,2022-04-04,2022-04-11,72200.0,69600.0,23,-66429.17752999999,-0.03995716113815295,5,time
047810,2022-04-04,2022-04-11,42000.0,41350.0,39,-31988.118532499764,-0.01950633068661778,5,time
316140,2022-04-06,2022-04-13,14850.0,15300.0,94,36454.62010499998,0.026085493224513367,5,time
086280,2022-04-06,2022-04-13,92035.0,97557.1,15,76929.64104142506,0.05566089861745516,5,target
307950,2022-04-13,2022-04-14,124500.0,131970.0,11,76315.2738315002,0.05566089861745538,1,target
000990,2022-04-08,2022-04-15,70400.0,70800.0,11,1213.3824999999488,0.0015650678349568015,5,time
105560,2022-04-11,2022-04-18,58700.0,59600.0,27,17733.125205000164,0.011175943518375142,5,time
055550,2022-04-11,2022-04-18,40300.0,40150.0,40,-12588.610099999933,-0.00780033991547302,5,time
010130,2022-04-13,2022-04-20,626000.0,650000.0,2,42727.54720000015,0.03408822729119576,5,time
017670,2022-04-14,2022-04-21,61300.0,62000.0,28,12508.067739999853,0.007279013116473498,5,time
024110,2022-04-15,2022-04-22,11100.0,11600.0,72,32618.588759999955,0.04076716164902927,5,time
086790,2022-04-18,2022-04-25,46450.0,49237.0,34,88006.36141810007,0.05566089861745516,5,target
030200,2022-04-18,2022-04-25,35150.0,35700.0,45,18194.70791250025,0.01148968251008231,5,time
011070,2022-04-20,2022-04-25,392500.0,372875.0,3,-63527.0640562498,-0.05388881727680894,3,stop
010130,2022-04-25,2022-04-26,632000.0,600400.0,2,-68193.8080399998,-0.05388881727680894,1,stop
012450,2022-04-21,2022-04-28,53784.0,53988.0,35,-595.6646849997342,-0.00031606870249734076,5,time
042660,2022-04-25,2022-04-28,22699.0,24060.940000000002,66,83483.39280487807,0.05566089861745516,3,target
329180,2022-04-22,2022-04-29,143000.0,140000.0,5,-17885.99225000001,-0.02498663539752133,5,time
010140,2022-04-25,2022-05-02,6020.0,6030.0,249,-3660.46048049978,-0.0024391621226015348,5,time
034730,2022-04-26,2022-05-03,260000.0,261000.0,5,-342.40024999994785,-0.00026308222367266154,5,time
329180,2022-05-02,2022-05-04,138000.0,131100.0,10,-74452.10054999986,-0.05388881727680894,2,stop
042660,2022-05-03,2022-05-04,23187.0,22027.649999999998,61,-76308.38563958276,-0.053888817276809275,1,stop
105560,2022-04-28,2022-05-06,58400.0,59600.0,30,28713.82380000013,0.01637034048850361,5,time
055550,2022-04-28,2022-05-06,41000.0,42250.0,43,46366.415712500224,0.026269511426311176,5,time
316140,2022-04-29,2022-05-09,15150.0,15300.0,51,4460.973187500145,0.005766968606206291,5,time
010140,2022-05-04,2022-05-10,5900.0,5605.0,225,-71619.68368124985,-0.05388881727680894,3,stop
034730,2022-05-09,2022-05-10,255500.0,242725.0,3,-41353.28628375009,-0.053888817276809164,1,stop
329180,2022-05-06,2022-05-11,132500.0,125875.0,13,-92930.24869375,-0.05388881727680905,3,stop
086790,2022-05-04,2022-05-12,46450.0,44650.0,28,-55581.537199999904,-0.042686209085253446,5,time
012450,2022-05-10,2022-05-12,56025.0,53223.75,19,-57429.275168812484,-0.05388881727680905,2,stop
000270,2022-05-06,2022-05-13,83200.0,86300.0,21,57747.706905000145,0.03301360158162181,5,time
316140,2022-05-12,2022-05-13,14500.0,15370.0,77,62216.8698305001,0.05566089861745516,1,target
105560,2022-05-10,2022-05-17,59100.0,58000.0,18,-24101.29376999999,-0.02262982281690129,5,time
055550,2022-05-12,2022-05-17,40050.0,42453.0,28,62489.921923799906,0.05566089861745516,3,target
329180,2022-05-13,2022-05-17,126500.0,120175.0,11,-75072.53472124995,-0.05388881727680905,2,stop
010130,2022-05-11,2022-05-18,546000.0,557000.0,3,26189.862750000088,0.015970558659759826,5,time
267260,2022-05-13,2022-05-19,23850.0,22657.5,62,-79777.0442632502,-0.053888817276809164,4,stop
000270,2022-05-17,2022-05-24,85700.0,83300.0,14,-38417.96588000003,-0.031983522436383915,5,time
064760,2022-05-17,2022-05-24,136900.0,130200.0,8,-57930.333160000155,-0.05283398569405684,5,time
012450,2022-05-18,2022-05-25,53681.0,52562.0,28,-37399.50497499993,-0.024853525822694067,5,time
079550,2022-05-18,2022-05-25,75800.0,79000.0,20,57598.453600000124,0.03795005464702239,5,time
329180,2022-05-19,2022-05-26,114000.0,120840.0,12,76231.68645599997,0.05566089861745516,5,target
010950,2022-05-24,2022-05-27,104000.0,110240.0,10,57953.91368,0.05566089861745516,3,target
267250,2022-05-24,2022-05-31,58400.0,61904.0,19,61832.36790320021,0.05566089861745538,5,target
006260,2022-05-25,2022-05-31,59300.0,62858.0,26,85916.67703060014,0.05566089861745516,4,target
017670,2022-05-25,2022-06-02,56700.0,56200.0,27,-19734.135705000022,-0.012875736210093192,5,time
007660,2022-05-31,2022-06-02,7585.0,7205.75,185,-75705.10782193765,-0.053888817276809164,1,stop
000270,2022-05-26,2022-06-03,83000.0,83500.0,18,2850.756750000175,0.0019059449256366712,5,time
005830,2022-05-27,2022-06-07,64900.0,64500.0,17,-11301.497320000082,-0.010231590533682389,5,time
329180,2022-06-02,2022-06-07,120500.0,127730.0,11,73863.37748350017,0.05566089861745538,2,target
015760,2022-05-31,2022-06-09,23300.0,23250.0,60,-8720.439449999947,-0.006230630299788098,5,time
032830,2022-06-02,2022-06-10,67800.0,65100.0,21,-62367.8627249999,-0.04375348555690528,5,time
373220,2022-06-07,2022-06-10,436500.0,414675.0,2,-47099.0462175,-0.05388881727680905,3,stop
055550,2022-06-03,2022-06-13,42100.0,40550.0,37,-63564.695472500054,-0.04075988349980275,5,time
028260,2022-06-07,2022-06-13,118500.0,112575.0,10,-63931.69503749977,-0.05388881727680894,4,stop
267260,2022-06-10,2022-06-13,23450.0,22277.5,48,-60727.01766599994,-0.05388881727680905,1,stop
298040,2022-06-10,2022-06-13,65300.0,62035.0,17,-59890.78030474996,-0.05388881727680905,1,stop
000270,2022-06-09,2022-06-14,81400.0,77330.0,22,-96615.08816299983,-0.05388881727680894,3,stop
015760,2022-06-13,2022-06-14,22700.0,21565.0,52,-63683.521368999965,-0.05388881727680905,1,stop
012450,2022-06-14,2022-06-15,57961.0,55062.95,25,-78176.05434743734,-0.05388881727680894,1,stop
086790,2022-06-13,2022-06-17,45050.0,42797.5,26,-63192.569111749995,-0.05388881727680905,4,stop
010130,2022-06-13,2022-06-17,543000.0,515850.0,2,-58590.56608499971,-0.05388881727680883,4,stop
329180,2022-06-15,2022-06-17,128000.0,135680.0,11,78460.68313600007,0.05566089861745516,2,target
033780,2022-06-13,2022-06-20,83200.0,82500.0,14,-14544.692470000125,-0.012472512972378058,5,time
316140,2022-06-14,2022-06-21,13750.0,13300.0,107,-54037.52814249974,-0.03668679577275091,5,time
012450,2022-06-17,2022-06-22,51950.0,49352.5,23,-64463.110392874805,-0.05388881727680894,3,stop
055550,2022-06-17,2022-06-22,40200.0,38190.0,30,-65064.66178500024,-0.053888817276809275,3,stop
086280,2022-06-20,2022-06-22,93536.0,88859.2,12,-60556.10153952008,-0.053888817276809164,2,stop
267250,2022-06-21,2022-06-23,59600.0,56620.0,24,-77171.22074400005,-0.053888817276809164,2,stop
010950,2022-06-22,2022-06-23,110500.0,104975.0,10,-59615.63123749988,-0.05388881727680894,1,stop
007660,2022-06-22,2022-06-23,6807.0,6466.65,164,-60227.864887529984,-0.05388881727680905,1,stop
030200,2022-06-17,2022-06-24,35500.0,37300.0,34,56073.05193999992,0.04640317614751721,5,time
353200,2022-06-23,2022-06-27,24800.0,26288.0,47,64952.96325520007,0.05566089861745516,2,target
329180,2022-06-24,2022-06-27,132000.0,139920.0,10,73556.89043999999,0.05566089861745516,1,target
079550,2022-06-23,2022-06-28,68900.0,73034.0,16,61431.1485007999,0.055660898617454935,3,target
047810,2022-06-23,2022-06-28,51100.0,54166.0,22,62645.95169140003,0.05566089861745516,3,target
267270,2022-06-27,2022-06-28,41100.0,43566.0,32,73289.41083839978,0.055660898617454935,1,target
006260,2022-06-27,2022-06-28,59400.0,62964.0,22,72821.32153559988,0.05566089861745516,1,target
003230,2022-06-22,2022-06-29,99500.0,103500.0,11,39384.805900000036,0.035942950667551044,5,time
082740,2022-06-28,2022-06-29,7572.0,8026.320000000001,170,71731.34215908032,0.05566089861745538,1,target
298380,2022-06-29,2022-07-01,25650.0,24367.5,49,-67808.05983787496,-0.05388881727680905,2,stop
007660,2022-06-30,2022-07-01,6865.0,6521.75,186,-68889.23381977505,-0.053888817276809164,1,stop
247540,2022-06-30,2022-07-01,120600.0,114570.0,10,-65064.66178500024,-0.053888817276809275,1,stop
095340,2022-06-30,2022-07-01,32800.0,31160.0,39,-69013.86016200017,-0.053888817276809164,1,stop
010120,2022-07-01,2022-07-04,11600.0,11020.0,104,-65086.24210400018,-0.053888817276809275,1,stop
064350,2022-07-01,2022-07-04,21250.0,20187.5,57,-65347.90347187477,-0.05388881727680894,1,stop
086280,2022-07-01,2022-07-04,89534.0,94906.04000000001,13,64860.57134281425,0.05566089861745538,1,target
267260,2022-07-04,2022-07-06,25150.0,23892.5,48,-65129.402742000064,-0.053888817276809164,2,stop
298040,2022-07-04,2022-07-06,63000.0,59850.0,19,-64579.10460749967,-0.05388881727680883,2,stop
030200,2022-06-30,2022-07-07,36700.0,36950.0,34,3361.207615000196,0.002690612408487336,5,time
329180,2022-07-06,2022-07-07,132000.0,125400.0,9,-64093.5474299998,-0.05388881727680894,1,stop
082740,2022-07-06,2022-07-07,7673.0,7289.349999999999,162,-67062.24401323497,-0.05388881727680905,1,stop
033780,2022-07-01,2022-07-08,82900.0,80700.0,14,-35465.57098000008,-0.030522856380401198,5,time
083650,2022-07-07,2022-07-08,7330.0,7769.8,164,66988.03722404013,0.05566089861745516,1,target
011070,2022-07-04,2022-07-11,340500.0,338500.0,3,-10168.623000000021,-0.00994316299002973,5,time
214370,2022-07-08,2022-07-12,19940.0,18943.0,60,-64546.73412900022,-0.053888817276809275,2,stop
079550,2022-07-07,2022-07-13,69500.0,66025.0,17,-63742.86724624969,-0.05388881727680883,4,stop
267260,2022-07-08,2022-07-13,23600.0,22420.0,51,-64935.179870999884,-0.05388881727680894,3,stop
003230,2022-07-11,2022-07-13,101500.0,107590.0,10,56560.79075500008,0.05566089861745516,2,target
267270,2022-07-12,2022-07-15,41150.0,39092.5,28,-62162.108879499836,-0.05388881727680894,3,stop
032820,2022-07-13,2022-07-15,2090.0,1985.5,542,-61114.384392050095,-0.053888817276809164,2,stop
353200,2022-07-13,2022-07-18,27550.0,29203.0,41,62944.079997349996,0.05566089861745516,3,target
329180,2022-07-15,2022-07-18,115000.0,121900.0,9,57675.28909500025,0.05566089861745538,1,target
180640,2022-07-12,2022-07-19,58900.0,57200.0,19,-36791.07360500004,-0.032837822325681,5,time
277810,2022-07-13,2022-07-20,22600.0,23956.0,50,62969.156210000394,0.0556608986174556,5,target
030200,2022-07-15,2022-07-22,36950.0,37000.0,29,-2945.7008825000376,-0.0027458511286072573,5,time
298380,2022-07-19,2022-07-22,24750.0,23512.5,47,-62758.26519187493,-0.05388881727680905,3,stop
068270,2022-07-18,2022-07-25,166154.0,163941.0,7,-20211.858017049963,-0.017357939927495014,5,time
086280,2022-07-18,2022-07-25,91286.0,92536.0,12,10466.479827600066,0.009543682889901817,5,time
267260,2022-07-22,2022-07-25,23350.0,24751.0,46,59854.13334970013,0.05566089861745516,1,target
079550,2022-07-22,2022-07-25,74400.0,78864.0,14,58043.07354720007,0.05566089861745516,1,target
257720,2022-07-25,2022-07-26,4355.0,4137.25,261,-61323.44373236224,-0.05388881727680883,1,stop
083650,2022-07-25,2022-07-26,6710.0,7112.6,169,63191.49862882984,0.055660898617454935,1,target
028300,2022-07-20,2022-07-27,37223.0,36730.0,32,-20611.00511840009,-0.017283774988503198,5,time
267260,2022-07-28,2022-07-29,24350.0,25811.0,48,65131.282989599975,0.05566089861745516,1,target
066970,2022-07-26,2022-08-01,222200.0,235532.0,5,61910.38278699992,0.05566089861745516,4,target
082740,2022-07-26,2022-08-01,7230.0,7663.8,157,63253.91053586989,0.055660898617454935,4,target
329180,2022-07-28,2022-08-01,123500.0,130910.0,9,61938.245245500235,0.05566089861745538,2,target
196170,2022-07-26,2022-08-02,54968.0,52219.6,20,-59311.348739599925,-0.05388881727680905,5,stop
095340,2022-08-01,2022-08-03,34400.0,32680.0,35,-64956.76019000006,-0.053888817276809164,2,stop
005380,2022-07-29,2022-08-05,196000.0,194500.0,6,-13792.950749999844,-0.011715225350909408,5,time
086280,2022-08-01,2022-08-08,91035.0,89535.0,13,-24292.548306000186,-0.020503221778542247,5,time
010170,2022-08-01,2022-08-08,2174.0,2304.44,567,68689.76473938627,0.05566089861745538,5,target
012450,2022-08-05,2022-08-08,63257.0,67052.42,19,66974.83041871083,0.055660898617454935,1,target
012330,2022-08-02,2022-08-09,226000.0,223500.0,4,-13675.292299999972,-0.015110156783264217,5,time
028260,2022-08-03,2022-08-10,118000.0,123500.0,11,55002.179375000065,0.04232587927131215,5,time
267250,2022-08-08,2022-08-12,56000.0,59360.0,22,68653.09774400014,0.05566089861745516,4,target
005380,2022-08-08,2022-08-16,193500.0,197500.0,6,19171.23660000018,0.01649372276801442,5,time
000270,2022-08-08,2022-08-16,80500.0,82000.0,15,17485.092375000007,0.014463772256314567,5,time
011070,2022-08-09,2022-08-17,348500.0,349500.0,2,-862.3414999999804,-0.0012357974424066498,5,time
007660,2022-08-10,2022-08-18,6952.0,6807.0,243,-42054.36225345009,-0.02486541990237412,5,time
079550,2022-08-12,2022-08-22,90500.0,91200.0,14,4578.689710000064,0.003609652391451279,5,time
012450,2022-08-16,2022-08-23,72018.0,76339.08,16,64211.15316009591,0.05566089861745516,5,target
047810,2022-08-16,2022-08-23,56100.0,57000.0,21,14016.192435000092,0.011883617885765752,5,time
373220,2022-08-17,2022-08-24,461000.0,451000.0,1,-11859.789699999965,-0.025696669920860504,5,time
028260,2022-08-18,2022-08-25,120500.0,123500.0,16,39957.164000000106,0.020700861029168793,5,time
006400,2022-08-22,2022-08-25,598188.0,568278.6,2,-64545.43930985988,-0.05388881727680894,3,stop
068270,2022-08-23,2022-08-29,174129.0,165422.55,7,-65760.7889251425,-0.05388881727680905,4,stop
207940,2022-08-23,2022-08-30,1248039.0,1230378.0,1,-22723.647918750066,-0.018186564955443907,5,time
180640,2022-08-25,2022-08-30,58500.0,55575.0,20,-63122.43307499983,-0.05388881727680894,3,stop
034020,2022-08-30,2022-08-31,22400.0,21280.0,52,-62841.88892800012,-0.053888817276809164,1,stop
051910,2022-08-25,2022-09-01,619000.0,623000.0,1,1451.4220000000205,0.0023420913809164556,5,time
003550,2022-08-25,2022-09-01,81300.0,79700.0,14,-26998.534920000006,-0.023693127946678105,5,time
010120,2022-08-29,2022-09-01,11200.0,10640.0,165,-99701.07377999974,-0.05388881727680894,3,stop
329180,2022-08-31,2022-09-01,141000.0,133950.0,8,-60856.49957999983,-0.05388881727680894,1,stop
267260,2022-09-01,2022-09-05,32400.0,30780.0,35,-61180.204364999896,-0.05388881727680894,2,stop
028260,2022-08-30,2022-09-06,119000.0,115500.0,9,-35796.30862499995,-0.03338485975649219,5,time
298040,2022-09-01,2022-09-08,72900.0,73000.0,15,-2985.8037749999203,-0.002727364973028057,5,time
010140,2022-09-01,2022-09-08,5910.0,5660.0,195,-53329.25315250014,-0.04622151674890729,5,time
003670,2022-09-01,2022-09-08,161390.0,163814.0,7,12288.118001600029,0.010864543793013937,5,time
329180,2022-09-05,2022-09-08,134000.0,127300.0,8,-57835.254919999745,-0.05388881727680883,3,stop
064350,2022-09-08,2022-09-13,29200.0,27740.0,37,-58288.44161899993,-0.05388881727680905,1,stop
047050,2022-09-08,2022-09-13,26350.0,25032.5,41,-58285.74407912488,-0.05388881727680894,1,stop
010950,2022-09-08,2022-09-13,93500.0,99110.0,11,57313.077134500025,0.05566089861745516,1,target
329180,2022-09-13,2022-09-14,130000.0,123500.0,8,-56108.82939999993,-0.05388881727680905,1,stop
012450,2022-09-13,2022-09-14,83426.0,79254.7,12,-54010.790786820115,-0.053888817276809164,1,stop
010120,2022-09-13,2022-09-14,11320.0,10754.0,95,-58018.68763150019,-0.053888817276809275,1,stop
068270,2022-09-06,2022-09-15,160397.0,158623.0,7,-16982.76401290018,-0.015108274848947612,5,time
079550,2022-09-14,2022-09-15,93700.0,99322.0,10,52214.24722900009,0.05566089861745516,1,target
006260,2022-09-14,2022-09-15,62900.0,66674.0,16,56081.55646880006,0.05566089861745516,1,target
298040,2022-09-14,2022-09-16,67500.0,64125.0,15,-54625.18246874993,-0.05388881727680905,2,stop
000720,2022-09-08,2022-09-19,44350.0,43300.0,24,-29487.83322000003,-0.02767188721499636,5,time
047810,2022-09-15,2022-09-19,52700.0,50065.0,20,-56864.14056500024,-0.053888817276809275,2,stop
064350,2022-09-15,2022-09-22,28600.0,29050.0,38,12595.664585000137,0.011576365775071817,5,time
030200,2022-09-15,2022-09-22,36450.0,36100.0,30,-14950.427175000077,-0.013656380151406022,5,time
005380,2022-09-16,2022-09-23,199500.0,190500.0,5,-48955.29224999994,-0.04902160501903241,5,time
051910,2022-09-19,2022-09-23,636000.0,604200.0,1,-34312.707209999906,-0.05388881727680894,4,stop
353200,2022-09-22,2022-09-23,26800.0,25460.0,50,-72294.0686499998,-0.05388881727680894,1,stop
214370,2022-09-22,2022-09-23,28040.0,26638.0,48,-72613.45737119997,-0.05388881727680905,1,stop
003670,2022-09-19,2022-09-26,174476.0,165752.19999999998,5,-47065.596723049995,-0.05388881727680905,5,stop
003550,2022-09-23,2022-09-26,80500.0,76475.0,12,-52116.47038500011,-0.053888817276809164,1,stop
161390,2022-09-23,2022-09-26,38200.0,36290.0,26,-53583.93207699992,-0.05388881727680905,1,stop
095340,2022-09-23,2022-09-26,36000.0,34200.0,28,-54382.40387999988,-0.05388881727680894,1,stop
058610,2022-09-23,2022-09-26,20350.0,19332.5,50,-54894.93645625003,-0.05388881727680905,1,stop
214370,2022-09-26,2022-09-27,26300.0,24985.0,35,-49661.70909874991,-0.05388881727680894,1,stop
010170,2022-09-26,2022-09-27,2447.0,2324.65,386,-50958.79417224496,-0.05388881727680905,1,stop
083650,2022-09-26,2022-09-27,7680.0,7296.0,123,-50964.08135040011,-0.053888817276809164,1,stop
051910,2022-09-26,2022-09-27,591000.0,561450.0,1,-31884.921322499868,-0.05388881727680883,1,stop
005380,2022-09-26,2022-09-28,187000.0,177650.0,5,-50443.99566249992,-0.05388881727680894,2,stop
012450,2022-09-27,2022-09-28,67535.0,64158.25,13,-47366.37241911248,-0.05388881727680905,1,stop
006400,2022-09-27,2022-09-28,584482.0,555257.9,1,-31533.270024394966,-0.05388881727680905,1,stop
267260,2022-09-27,2022-09-29,29000.0,30740.0,31,50096.70038299996,0.05566089861745516,2,target
373220,2022-09-27,2022-09-30,447500.0,425125.0,2,-48285.963762499974,-0.05388881727680905,3,stop
064350,2022-09-28,2022-09-30,26700.0,25365.0,32,-46095.56138400012,-0.053888817276809164,2,stop
012450,2022-09-30,2022-10-04,62135.0,65863.1,13,45012.08033133508,0.05566089861745516,1,target
010130,2022-09-28,2022-10-05,584000.0,619040.0,1,32543.35152799997,0.05566089861745516,4,target
006260,2022-09-28,2022-10-06,58200.0,58300.0,15,-2082.1506749999244,-0.00238231230309216,5,time
003670,2022-09-30,2022-10-06,145881.0,154633.86000000002,5,40646.03308438521,0.05566089861745538,3,target
030200,2022-09-29,2022-10-07,35550.0,34750.0,35,-33016.63994999975,-0.02650489008421375,5,time
003230,2022-10-04,2022-10-11,107000.0,101650.0,9,-51954.61799249996,-0.05388881727680905,4,stop
012450,2022-10-07,2022-10-11,62137.0,59030.149999999994,14,-46932.76985960512,-0.053888817276809164,1,stop
064350,2022-10-07,2022-10-11,26350.0,25032.5,33,-46912.91596612497,-0.05388881727680905,1,stop
047810,2022-10-07,2022-10-11,50900.0,48355.0,17,-46683.62507675006,-0.053888817276809164,1,stop
079550,2022-10-12,2022-10-13,89600.0,85120.0,10,-48339.91455999995,-0.05388881727680905,1,stop
086520,2022-10-12,2022-10-14,22563.0,23916.780000000002,42,52807.49469538196,0.05566089861745516,2,target
010130,2022-10-11,2022-10-18,603000.0,605000.0,1,-477.11069999996107,-0.0007903193723827195,5,time
009830,2022-10-11,2022-10-18,57888.0,61361.280000000006,14,45161.25593414414,0.05566089861745538,5,target
267260,2022-10-12,2022-10-19,32100.0,32400.0,29,4859.337584999972,0.00521404558883054,5,time
032830,2022-10-13,2022-10-20,65200.0,66200.0,14,10217.890340000042,0.011181147824915083,5,time
373220,2022-10-14,2022-10-21,487000.0,499000.0,2,19937.599999999977,0.020446298884409853,5,time
003230,2022-10-20,2022-10-21,105000.0,111300.0,7,40957.81399500009,0.05566089861745516,1,target
108490,2022-10-21,2022-10-24,22982.0,24360.920000000002,38,48665.46161477221,0.05566089861745538,1,target
267260,2022-10-21,2022-10-25,32450.0,30827.5,27,-47268.99122962507,-0.053888817276809164,2,stop
277810,2022-10-21,2022-10-26,32600.0,30970.0,26,-45728.69596099993,-0.05388881727680905,3,stop
028300,2022-10-21,2022-10-27,34529.0,36600.740000000005,25,48103.141477325116,0.05566089861745538,4,target
064350,2022-10-21,2022-10-28,24050.0,23850.0,36,-10726.995600000024,-0.012375458673898554,5,time
010130,2022-10-24,2022-10-28,596000.0,631760.0,1,33212.05053200002,0.05566089861745516,4,target
267250,2022-10-25,2022-10-28,57300.0,60738.0,21,67053.79262610013,0.05566089861745516,3,target
006260,2022-10-26,2022-10-28,62300.0,66038.0,13,45131.61027830001,0.05566089861745516,2,target
950160,2022-10-28,2022-10-31,17300.0,16435.0,52,-48534.13743100001,-0.05388881727680905,1,stop
010170,2022-10-31,2022-11-01,2179.0,2309.7400000000002,417,50634.055757630966,0.05566089861745516,1,target
373220,2022-11-01,2022-11-02,534000.0,566040.0,1,29757.10567800002,0.05566089861745516,1,target
078930,2022-10-27,2022-11-03,45150.0,46100.0,20,15243.312449999969,0.016861351600841568,5,time
003230,2022-10-28,2022-11-04,109500.0,116070.0,8,48815.02729200001,0.05566089861745516,5,target
277810,2022-10-28,2022-11-04,29650.0,30350.0,30,17292.74205,0.019418634797154333,5,time
058610,2022-10-28,2022-11-04,16350.0,17331.0,55,50110.631612250116,0.05566089861745516,5,target
010130,2022-11-03,2022-11-04,600000.0,570000.0,1,-32370.47849999997,-0.05388881727680905,1,stop
012330,2022-11-02,2022-11-09,218000.0,220500.0,4,6396.889100000029,0.007327454323822424,5,time
032830,2022-11-04,2022-11-11,66400.0,67400.0,14,10149.040580000146,0.010905100119579458,5,time
003550,2022-11-04,2022-11-11,79900.0,83400.0,11,34784.59209500009,0.0395319496622637,5,time
000100,2022-11-04,2022-11-11,53556.0,53192.0,17,-9900.971853000112,-0.010862294039255205,5,time
068270,2022-11-07,2022-11-14,163939.0,163941.0,6,-4019.1642353999196,-0.0040813421499033,5,time
012450,2022-11-11,2022-11-14,75379.0,71610.05,12,-48801.0859770301,-0.053888817276809164,1,stop
267260,2022-11-09,2022-11-15,38350.0,40651.0,25,53426.26417375018,0.05566089861745538,4,target
298040,2022-11-15,2022-11-16,69300.0,73458.0,15,57926.051221500034,0.05566089861745516,1,target
010120,2022-11-11,2022-11-18,10940.0,11140.0,83,12829.81480599998,0.014113208461112858,5,time
267250,2022-11-11,2022-11-18,62500.0,62900.0,14,1997.565920000081,0.0022803097817045703,5,time
032830,2022-11-14,2022-11-21,67000.0,67300.0,14,343.5065900000045,0.0003657910018970423,5,time
012330,2022-11-14,2022-11-21,220000.0,215500.0,4,-21553.35109999997,-0.02446430680934142,5,time
012450,2022-11-18,2022-11-21,69675.0,73855.5,16,62122.13747159997,0.05566089861745516,1,target
373220,2022-11-16,2022-11-22,599000.0,569050.0,1,-32316.527702499996,-0.05388881727680905,4,stop
006260,2022-11-21,2022-11-23,68000.0,72080.0,15,56839.415340000065,0.05566089861745516,2,target
068270,2022-11-21,2022-11-28,158623.0,153306.0,6,-35708.363980500144,-0.03747600830063813,5,time
003670,2022-11-21,2022-11-28,218095.0,214703.0,4,-17103.188573600026,-0.019582681790203615,5,time
003550,2022-11-21,2022-11-28,83600.0,84100.0,12,1870.9974599999841,0.0018628867668137872,5,time
000100,2022-11-22,2022-11-29,53649.0,52551.0,17,-22348.66533930006,-0.024476077676703567,5,time
006400,2022-11-23,2022-11-30,675532.0,713715.0,1,35301.96936445008,0.05219799128652802,5,time
267260,2022-11-28,2022-12-01,42800.0,40660.0,24,-55418.25919200003,-0.05388881727680905,3,stop
010120,2022-12-01,2022-12-02,11660.0,11077.0,73,-45921.839816049905,-0.05388881727680894,1,stop
079550,2022-11-28,2022-12-05,92300.0,90400.0,11,-24999.28821499995,-0.02459427589466312,5,time
277810,2022-11-28,2022-12-05,33200.0,33900.0,32,17980.03600000008,0.01690453691554139,5,time
010130,2022-12-01,2022-12-05,634000.0,602300.0,1,-34204.80561499996,-0.05388881727680905,2,stop
012450,2022-12-02,2022-12-05,73851.0,70158.45,13,-51796.164500242565,-0.053888817276809164,1,stop
028260,2022-11-29,2022-12-06,120000.0,116000.0,8,-35839.93440000003,-0.03729037547464786,5,time
006400,2022-12-05,2022-12-06,702945.0,667797.75,1,-37924.44334863755,-0.053888817276809164,1,stop
373220,2022-12-05,2022-12-08,582000.0,552900.0,1,-31399.364145,-0.05388881727680905,3,stop
032830,2022-12-05,2022-12-09,69200.0,73352.0,13,50130.1353332001,0.05566089861745516,4,target
267260,2022-12-06,2022-12-12,37600.0,39856.0,27,56571.93573840021,0.05566089861745538,4,target
051910,2022-12-09,2022-12-12,665000.0,631750.0,1,-35877.28033749992,-0.05388881727680894,1,stop
010120,2022-12-06,2022-12-13,10920.0,11080.0,93,10674.165023999987,0.010498544878827287,5,time
012450,2022-12-07,2022-12-14,68860.0,71305.0,14,30178.259520500083,0.03126798667131081,5,time
028260,2022-12-08,2022-12-15,116500.0,120000.0,5,15061.207625000156,0.025826446142154458,5,time
373220,2022-12-12,2022-12-16,506000.0,480700.0,1,-27299.103535000002,-0.05388881727680905,4,stop
006400,2022-12-12,2022-12-19,624622.0,633434.0,1,6226.195902999956,0.009956490598493684,5,time
298040,2022-12-13,2022-12-20,82400.0,83100.0,23,8285.627755000023,0.00436687895116461,5,time
003670,2022-12-14,2022-12-21,181746.0,181746.0,5,-3724.1572859999724,-0.004093491870325261,5,time
032830,2022-12-15,2022-12-22,73900.0,74700.0,9,4453.061220000032,0.006687634063419434,5,time
005490,2022-12-16,2022-12-23,279000.0,288500.0,1,8328.595725000021,0.029817303209358936,5,time
373220,2022-12-19,2022-12-23,482500.0,458375.0,1,-26031.25979375001,-0.05388881727680905,4,stop
068270,2022-12-20,2022-12-27,158178.0,156852.0,14,-27584.70351420017,-0.01244213725577692,5,time
028260,2022-12-21,2022-12-28,118500.0,118000.0,8,-7873.301399999997,-0.008295629035429464,5,time
006400,2022-12-22,2022-12-28,623644.0,592461.7999999999,1,-33646.091156090144,-0.053888817276809275,4,stop
033780,2022-12-23,2022-12-28,97000.0,92150.0,4,-20932.90942999994,-0.05388881727680894,3,stop
032830,2022-12-27,2022-12-28,73800.0,70110.0,30,-119447.06566499965,-0.05388881727680894,1,stop
012450,2022-12-23,2023-01-02,72221.0,76554.26000000001,5,20122.546153285017,0.05566089861745516,5,target
015760,2022-12-28,2023-01-02,21700.0,20615.0,46,-53853.686064499896,-0.05388881727680894,2,stop
267250,2022-12-28,2023-01-02,60000.0,57000.0,16,-51792.765599999926,-0.05388881727680905,2,stop
010120,2022-12-28,2023-01-03,11280.0,10716.0,89,-54162.2846262001,-0.053888817276809164,3,stop
000810,2022-12-28,2023-01-03,202000.0,191900.0,4,-43592.24437999993,-0.05388881727680894,3,stop
298040,2023-01-02,2023-01-03,78900.0,74955.0,10,-42567.17922749999,-0.05388881727680905,1,stop
267260,2023-01-03,2023-01-04,41200.0,39140.0,22,-48901.00285399996,-0.05388881727680905,1,stop
012450,2023-01-04,2023-01-05,72935.0,69288.25,13,-51153.718403612496,-0.05388881727680905,1,stop
006260,2023-01-03,2023-01-06,67300.0,63935.0,13,-47201.552732750075,-0.053888817276809164,3,stop
032830,2023-01-02,2023-01-09,71500.0,71600.0,11,-2126.4771549999714,-0.0027006156351788713,5,time
005490,2023-01-02,2023-01-09,277000.0,289000.0,2,21658.84400000004,0.039050472380779855,5,time
005830,2023-01-03,2023-01-10,64700.0,65400.0,14,6058.959550000029,0.006681385342824253,5,time
298040,2023-01-05,2023-01-12,72100.0,76426.0,13,52230.964704099926,0.05566089861745516,5,target
267260,2023-01-06,2023-01-12,37350.0,39591.0,22,45789.16429889994,0.05566089861745516,4,target
138040,2023-01-09,2023-01-12,38150.0,40439.0,17,36140.394920349936,0.055660898617454935,3,target
310210,2023-01-10,2023-01-12,27478.0,29126.68,38,58185.95223438775,0.055660898617454935,2,target
003230,2023-01-09,2023-01-16,115500.0,120500.0,5,22559.58825000003,0.03901934397944418,5,time
010170,2023-01-12,2023-01-16,2306.0,2444.36,396,50886.65680639213,0.05566089861745538,2,target
032830,2023-01-12,2023-01-19,70800.0,72000.0,12,10875.71736000001,0.012786279453906424,5,time
028260,2023-01-12,2023-01-19,117500.0,119000.0,7,7098.275974999997,0.00862020823345766,5,time
005830,2023-01-12,2023-01-19,64400.0,68264.0,14,50241.58516720007,0.05566089861745516,5,target
003670,2023-01-16,2023-01-20,187077.0,177723.15,4,-40371.81337563007,-0.053888817276809164,4,stop
009150,2023-01-16,2023-01-25,145000.0,150800.0,5,25943.3115500001,0.035742768454861684,5,time
006400,2023-01-19,2023-01-25,598189.0,634080.3400000001,1,33334.03237531311,0.05566089861745538,2,target
003670,2023-01-25,2023-01-26,179613.0,190389.78,4,40035.67806848406,0.05566089861745516,1,target
267260,2023-01-25,2023-01-27,36600.0,38796.0,19,38751.10728180001,0.05566089861745516,2,target
105560,2023-01-19,2023-01-30,57700.0,57300.0,16,-10164.590720000095,-0.010997523122524222,5,time
055550,2023-01-19,2023-01-30,42550.0,43250.0,22,11518.2750100001,0.012290398980221662,5,time
012450,2023-01-20,2023-01-30,76907.0,81521.42,14,59998.906684065936,0.05566089861745516,4,target
138040,2023-01-27,2023-01-30,45000.0,42750.0,20,-48555.71775000007,-0.053888817276809164,1,stop
007660,2023-01-30,2023-01-31,7254.0,7689.240000000001,133,53762.396873094025,0.05566089861745516,1,target
214370,2023-01-30,2023-01-31,27000.0,28620.0,35,52660.046565000084,0.05566089861745516,1,target
000810,2023-01-26,2023-02-02,205000.0,203000.0,3,-8502.704700000002,-0.01380965292524905,5,time
086790,2023-01-31,2023-02-02,51200.0,48640.0,20,-55245.61664000002,-0.05388881727680905,2,stop
039490,2023-01-30,2023-02-06,98900.0,97500.0,9,-16210.662389999954,-0.018191258416144773,5,time
003230,2023-01-30,2023-02-06,119500.0,119600.0,8,-3120.237640000065,-0.0032600973028529268,5,time
005490,2023-01-31,2023-02-07,307500.0,298500.0,3,-30700.992149999947,-0.033241975035096294,5,time
000150,2023-02-02,2023-02-07,91200.0,86640.0,9,-44282.81458800007,-0.053888817276809164,3,stop
066570,2023-02-02,2023-02-08,100100.0,106106.0,8,44624.513533600024,0.05566089861745516,4,target
032830,2023-02-06,2023-02-13,66900.0,67100.0,14,-1046.6286600001622,-0.0011161928923594244,5,time
006400,2023-02-06,2023-02-13,692176.0,707841.0,1,12782.143113550032,0.018445393398524468,5,time
009150,2023-02-07,2023-02-14,145500.0,144900.0,6,-7167.115619999939,-0.008200322831684703,5,time
051910,2023-02-07,2023-02-14,653000.0,676000.0,1,20256.070250000106,0.03098437901326223,5,time
105560,2023-02-08,2023-02-14,56000.0,53200.0,23,-69488.6271799996,-0.05388881727680883,4,stop
035420,2023-02-14,2023-02-15,226500.0,215175.0,4,-48879.42253500002,-0.05388881727680905,1,stop
005930,2023-02-13,2023-02-20,62900.0,62700.0,13,-5943.4332100000465,-0.0072601262363974906,5,time
000660,2023-02-13,2023-02-20,92000.0,92500.0,9,1093.424175000051,0.0013190434999446055,5,time
003670,2023-02-14,2023-02-20,223426.0,212254.69999999998,4,-48216.04352894006,-0.053888817276809164,4,stop
373220,2023-02-14,2023-02-21,526000.0,520000.0,1,-8137.964900000079,-0.015453642153173464,5,time
032830,2023-02-15,2023-02-22,66900.0,67300.0,19,2368.372800000012,0.0018611060856068562,5,time
042660,2023-02-20,2023-02-22,22343.0,23683.58,37,46067.2873596471,0.05566089861745516,2,target
267260,2023-02-22,2023-02-23,37950.0,40227.0,28,59213.29680420016,0.05566089861745538,1,target
042700,2023-02-20,2023-02-24,15020.0,15921.2,56,46871.34218704002,0.05566089861745516,4,target
307950,2023-02-20,2023-02-27,116400.0,113400.0,7,-24277.30430999992,-0.029761185378821997,5,time
005380,2023-02-21,2023-02-28,178500.0,176300.0,3,-8775.128969999845,-0.016367969841671215,5,time
267260,2023-02-27,2023-02-28,39800.0,42188.0,30,66535.5508979999,0.05566089861745516,1,target
006400,2023-02-22,2023-03-02,667699.0,695113.0,1,24596.818115500035,0.03679586248525535,5,time
373220,2023-02-24,2023-03-02,508000.0,538480.0,1,28308.257836000063,0.05566089861745516,3,target
005930,2023-02-23,2023-03-03,61700.0,60500.0,25,-36233.03199999989,-0.02346282428127522,5,time
086790,2023-03-03,2023-03-07,45000.0,42750.0,34,-82544.72017499991,-0.05388881727680905,2,stop
009150,2023-02-28,2023-03-08,147200.0,152000.0,6,25095.565919999965,0.02838172035129438,5,time
066570,2023-02-28,2023-03-08,113400.0,120204.0,7,44234.43911460007,0.05566089861745516,5,target
012330,2023-03-02,2023-03-09,213000.0,220000.0,3,18319.34115000011,0.028635829993091333,5,time
005490,2023-03-02,2023-03-09,325500.0,322500.0,2,-8650.239899999928,-0.013272353696405226,5,time
042660,2023-03-08,2023-03-09,20700.0,19665.0,42,-46904.82334650005,-0.053888817276809164,1,stop
267260,2023-03-07,2023-03-13,42100.0,39995.0,35,-79496.50011625024,-0.053888817276809275,4,stop
006800,2023-03-09,2023-03-14,6850.0,6507.5,106,-39173.67406474997,-0.05388881727680905,3,stop
071050,2023-03-08,2023-03-15,58900.0,55955.0,14,-44487.827618499985,-0.05388881727680905,5,stop
005930,2023-03-09,2023-03-16,60500.0,59900.0,12,-10154.067240000004,-0.013970250628636216,5,time
032830,2023-03-09,2023-03-16,66500.0,63800.0,10,-29645.7056499999,-0.04452879370416163,5,time
042700,2023-03-16,2023-03-17,14240.0,15094.400000000001,50,39676.14090400003,0.05566089861745516,1,target
000270,2023-03-13,2023-03-20,77700.0,78000.0,18,-347.66198999993503,-0.00024829299723772014,5,time
034020,2023-03-14,2023-03-21,17700.0,16815.0,42,-40107.02286149992,-0.05388881727680894,5,stop
042660,2023-03-20,2023-03-21,20744.0,21988.64,55,63577.67230364005,0.05566089861745516,1,target
012450,2023-03-15,2023-03-22,98503.0,93577.84999999999,7,-37200.207842997625,-0.053888817276809275,5,stop
009150,2023-03-16,2023-03-23,148200.0,151500.0,4,10731.672780000023,0.018082563978716104,5,time
267260,2023-03-20,2023-03-27,38900.0,38050.0,29,-29200.50998750003,-0.025854945132798957,5,time
373220,2023-03-21,2023-03-27,549000.0,581940.0,1,30592.979433000204,0.0556608986174556,4,target
006400,2023-03-21,2023-03-28,709798.0,706861.0,1,-5837.23574074998,-0.008214350782828395,5,time
042660,2023-03-27,2023-03-28,20877.0,22129.620000000003,40,46534.76368835999,0.05566089861745516,1,target
000270,2023-03-22,2023-03-29,78700.0,79500.0,16,7601.811519999988,0.006030081274575938,5,time
010120,2023-03-23,2023-03-30,11100.0,11260.0,59,6728.259228000068,0.010261917255868225,5,time
247540,2023-03-29,2023-03-30,222500.0,235850.0,5,61993.97016250016,0.05566089861745538,1,target
005490,2023-03-27,2023-03-31,327000.0,346620.0,2,36444.095718000084,0.05566089861745538,4,target
066970,2023-03-30,2023-03-31,295500.0,313230.0,3,49400.13892050006,0.05566089861745516,1,target
277810,2023-03-30,2023-03-31,135800.0,129010.0,7,-51285.6281035,-0.05388881727680905,1,stop
042660,2023-03-31,2023-04-03,21277.0,22553.620000000003,42,49797.6804783782,0.05566089861745538,1,target
000150,2023-03-28,2023-04-04,95900.0,101000.0,9,42227.528085,0.04886921085607021,5,time
138040,2023-03-28,2023-04-04,39200.0,41250.0,22,41432.75526499993,0.0479883535803336,5,time
042700,2023-04-04,2023-04-05,20250.0,19237.5,47,-51347.67152062489,-0.05388881727680894,1,stop
277810,2023-04-04,2023-04-05,126600.0,120270.0,7,-47811.19674450008,-0.053888817276809164,1,stop
009150,2023-03-31,2023-04-07,153600.0,153900.0,5,-1651.8396749999374,-0.0021483619716344826,5,time
006260,2023-03-31,2023-04-07,79300.0,75800.0,11,-41961.35993500007,-0.048049012405683045,5,time
000810,2023-04-03,2023-04-10,206000.0,202000.0,5,-24162.18499999994,-0.02343148231944514,5,time
010120,2023-04-07,2023-04-11,11140.0,11808.400000000001,74,45937.39257812011,0.05566089861745538,2,target
402340,2023-04-05,2023-04-12,39000.0,41340.0,23,49985.25054899999,0.05566089861745516,5,target
005830,2023-04-05,2023-04-12,71400.0,74500.0,12,33578.99478000007,0.03914614643782577,5,time
005380,2023-04-10,2023-04-12,186000.0,197160.0,5,51824.17281000002,0.05566089861745516,2,target
012330,2023-04-11,2023-04-12,213500.0,226310.0,4,47589.07911800011,0.05566089861745516,1,target
034220,2023-04-12,2023-04-13,14372.0,15234.320000000002,66,52857.98147018417,0.05566089861745538,1,target
042660,2023-04-07,2023-04-14,22299.0,23636.940000000002,37,45976.56719477102,0.05566089861745516,5,target
141080,2023-04-12,2023-04-14,41400.0,43884.0,23,53061.26596740016,0.05566089861745538,2,target
064350,2023-04-12,2023-04-17,26300.0,27878.0,36,52760.351415600046,0.05566089861745516,3,target
042700,2023-04-14,2023-04-17,20650.0,19617.5,45,-50133.77857687499,-0.05388881727680905,1,stop
003670,2023-04-14,2023-04-17,300971.0,319029.26,3,50314.75198322104,0.05566089861745516,1,target
007660,2023-04-13,2023-04-18,9646.0,9163.699999999999,112,-58285.851980720065,-0.053888817276809164,3,stop
066570,2023-04-12,2023-04-19,112700.0,112900.0,8,-2099.653999999864,-0.0023261333820737695,5,time
096770,2023-04-17,2023-04-21,188819.0,179378.05,5,-50934.67816576257,-0.053888817276809164,4,stop
012450,2023-04-17,2023-04-24,110624.0,108283.0,8,-22299.663133999915,-0.025168639537482163,5,time
012330,2023-04-17,2023-04-24,230000.0,232000.0,4,4206.071600000025,0.004566564722106703,5,time
005380,2023-04-18,2023-04-25,192700.0,201000.0,5,37429.04022500012,0.03880232555300789,5,time
009150,2023-04-19,2023-04-25,147800.0,140410.0,7,-55817.49509350001,-0.05388881727680905,4,stop
000270,2023-04-24,2023-04-26,83700.0,88722.0,10,46641.755529000075,0.05566089861745516,2,target
006400,2023-04-25,2023-04-27,719588.0,683608.6,1,-38822.346471430035,-0.053888817276809164,2,stop
005930,2023-04-21,2023-04-28,65800.0,65500.0,14,-7962.88003,-0.008634099050247923,5,time
402340,2023-04-26,2023-04-28,39150.0,41499.0,35,76357.06751924986,0.055660898617454935,2,target
373220,2023-04-24,2023-05-02,566000.0,591000.0,1,22606.71755000006,0.03989531149229286,5,time
034020,2023-04-28,2023-05-02,17100.0,16245.0,72,-66424.2218820001,-0.053888817276809164,1,stop
066570,2023-04-25,2023-05-03,107700.0,109300.0,11,12692.97677999991,0.010701776588425638,5,time
042660,2023-05-02,2023-05-03,23942.0,22744.899999999998,39,-50375.9097560551,-0.053888817276809164,1,stop
009150,2023-04-27,2023-05-08,139800.0,140000.0,4,-1494.0718800000614,-0.0026687329173502583,5,time
012330,2023-04-28,2023-05-09,221500.0,224000.0,5,7924.392875000136,0.007146987905404689,5,time
047810,2023-05-03,2023-05-09,54200.0,51490.0,19,-55558.5312655,-0.05388881727680905,3,stop
267260,2023-05-02,2023-05-10,50600.0,49200.0,18,-28858.34970000002,-0.03164821739169976,5,time
010140,2023-05-03,2023-05-11,5480.0,5600.0,194,18854.49101199978,0.0177146798405432,5,time
005930,2023-05-08,2023-05-15,66300.0,64500.0,9,-18597.63752999995,-0.031131677611402453,5,time
373220,2023-05-09,2023-05-15,558000.0,530100.0,1,-30104.545004999847,-0.05388881727680883,4,stop
000660,2023-05-09,2023-05-16,88400.0,90400.0,11,17950.053220000118,0.018438329580572344,5,time
012450,2023-05-10,2023-05-17,105532.0,106041.0,13,975.1066019502468,0.0007099460692381321,5,time
006400,2023-05-11,2023-05-18,658889.0,677490.0,1,15845.904422149993,0.02402180062616499,5,time
267260,2023-05-15,2023-05-22,47000.0,48400.0,17,20455.37460999994,0.025571808371835036,5,time
042660,2023-05-15,2023-05-22,22210.0,23542.600000000002,36,44555.41463651997,0.05566089861745516,5,target
012330,2023-05-16,2023-05-23,222500.0,228500.0,4,20281.848800000036,0.02276241396687939,5,time
051910,2023-05-22,2023-05-23,698000.0,739880.0,1,38895.992066000006,0.05566089861745516,1,target
005380,2023-05-17,2023-05-24,202500.0,207500.0,7,29087.61975000007,0.020496792281024634,5,time
298040,2023-05-22,2023-05-24,77200.0,81832.0,11,47321.5995163999,0.055660898617454935,2,target
006260,2023-05-23,2023-05-24,82300.0,87238.0,11,50447.76736009994,0.05566089861745516,1,target
032830,2023-05-18,2023-05-25,66700.0,67500.0,10,5242.916200000094,0.007851413774408567,5,time
000660,2023-05-25,2023-05-30,104300.0,110558.0,7,40684.76190169994,0.05566089861745516,2,target
003550,2023-05-23,2023-05-31,89400.0,86000.0,10,-37563.557099999976,-0.04196913088196841,5,time
035420,2023-05-24,2023-06-01,208000.0,204000.0,5,-24203.167000000016,-0.02324554010358837,5,time
316140,2023-05-24,2023-06-01,11980.0,11840.0,92,-17358.901228000177,-0.015731798309236544,5,time
272210,2023-05-24,2023-06-01,14480.0,14050.0,76,-37093.64486200013,-0.033668063589645914,5,time
012450,2023-05-31,2023-06-05,107568.0,114022.08,9,53947.9608467042,0.05566089861745538,3,target
373220,2023-05-30,2023-06-07,583000.0,604000.0,1,18548.84035000007,0.03177964135561506,5,time
402340,2023-06-01,2023-06-09,45700.0,46400.0,23,11744.918375000125,0.011161093593367921,5,time
005380,2023-06-01,2023-06-09,199800.0,197100.0,5,-17554.303124999977,-0.01755168792613171,5,time
012330,2023-06-01,2023-06-09,225000.0,222500.0,4,-13658.899500000058,-0.015159119738432869,5,time
042700,2023-06-05,2023-06-09,25400.0,26924.0,52,73601.47037360002,0.05566089861745516,3,target
000660,2023-06-07,2023-06-09,108700.0,115222.0,5,30286.492389500025,0.05566089861745516,2,target
005930,2023-06-09,2023-06-16,71100.0,71800.0,13,5285.206484999973,0.005711494848250842,5,time
009150,2023-06-09,2023-06-16,147100.0,149600.0,6,11338.707930000033,0.012832179579873149,5,time
000270,2023-06-09,2023-06-16,82100.0,81600.0,12,-10019.858340000035,-0.010158695939324613,5,time
068270,2023-06-09,2023-06-16,155287.0,152068.0,6,-23075.444462700165,-0.024737995593556827,5,time
307950,2023-06-09,2023-06-16,126200.0,124100.0,7,-18277.013544999994,-0.020665628693402383,5,time
373220,2023-06-16,2023-06-19,591000.0,561450.0,1,-31884.921322499868,-0.05388881727680883,1,stop
034020,2023-06-16,2023-06-20,18880.0,20012.8,52,54708.494513919926,0.05566089861745516,2,target
006400,2023-06-16,2023-06-20,713715.0,678029.25,1,-38505.49343771255,-0.053888817276809164,2,stop
010120,2023-06-16,2023-06-23,14740.0,14900.0,67,6641.096548000118,0.006716890850213986,5,time
000150,2023-06-16,2023-06-23,97700.0,94000.0,10,-40894.86355000001,-0.04180950087830693,5,time
005380,2023-06-19,2023-06-26,198000.0,200500.0,6,10087.117650000146,0.008481085252524112,5,time
000660,2023-06-20,2023-06-27,114000.0,113000.0,7,-10249.727249999996,-0.012829513871462805,5,time
402340,2023-06-20,2023-06-27,46400.0,44080.0,19,-47563.023075999925,-0.05388881727680905,5,stop
012450,2023-06-26,2023-06-29,135276.0,128512.2,9,-65684.23274348979,-0.05388881727680894,3,stop
009150,2023-06-23,2023-06-30,142900.0,144500.0,7,7067.552380000008,0.0070573157784323826,5,time
034020,2023-06-23,2023-06-30,17900.0,18110.0,56,7617.295251999982,0.007590327498793625,5,time
402340,2023-06-29,2023-07-03,43400.0,46004.0,27,65298.45774059999,0.05566089861745516,2,target
042660,2023-06-27,2023-07-04,33093.0,34115.0,24,21200.768647199962,0.02666275420311992,5,time
010140,2023-06-27,2023-07-04,6620.0,6940.0,122,35615.037880000076,0.04404700399092798,5,time
259960,2023-07-04,2023-07-05,193800.0,184110.0,4,-41822.658222,-0.05388881727680905,1,stop
005380,2023-06-30,2023-07-07,204500.0,204000.0,4,-5346.431500000064,-0.0065284711078063,5,time
006800,2023-06-30,2023-07-07,7168.0,6809.599999999999,140,-54140.70430720004,-0.053888817276809164,5,stop
353200,2023-07-04,2023-07-07,32100.0,30495.0,26,-45027.33559349994,-0.05388881727680905,3,stop
005930,2023-07-03,2023-07-10,72700.0,69500.0,19,-66281.60222,-0.04792981684989839,5,time
034020,2023-07-05,2023-07-12,18050.0,18390.0,46,12191.157038000063,0.014665965900538369,5,time
373220,2023-07-07,2023-07-12,570000.0,541500.0,1,-30751.95457499998,-0.05388881727680905,3,stop
402340,2023-07-10,2023-07-13,43950.0,46587.0,40,97964.40408600005,0.05566089861745516,3,target
005490,2023-07-12,2023-07-13,396500.0,420290.0,1,22094.929590500018,0.05566089861745516,1,target
310210,2023-07-12,2023-07-13,34113.0,36159.78,20,38018.88187241997,0.05566089861745516,1,target
000660,2023-07-07,2023-07-14,112700.0,119462.0,7,43961.387021300034,0.05566089861745516,5,target
009150,2023-07-07,2023-07-14,142200.0,150732.0,5,39620.4159870001,0.05566089861745538,5,target
319400,2023-07-13,2023-07-14,4315.0,4099.25,258,-60061.80433282489,-0.05388881727680894,1,stop
003670,2023-07-13,2023-07-17,378033.0,400714.98000000004,2,42131.71509652212,0.05566089861745538,2,target
100790,2023-07-13,2023-07-20,5080.0,5270.0,219,36928.00217549992,0.033154979890430036,5,time
005380,2023-07-14,2023-07-21,204500.0,200000.0,4,-21299.26270000008,-0.026008305007653276,5,time
032830,2023-07-14,2023-07-21,69700.0,69100.0,14,-12374.259940000135,-0.01266657515408165,5,time
000270,2023-07-14,2023-07-21,88100.0,84500.0,11,-43454.82283999992,-0.04478887699253675,5,time
267260,2023-07-17,2023-07-24,68300.0,72398.0,15,57090.177466500085,0.05566089861745516,5,target
009150,2023-07-21,2023-07-26,151600.0,144020.0,5,-40894.704504999914,-0.05388881727680894,3,stop
005930,2023-07-20,2023-07-27,71100.0,71700.0,16,4909.586400000146,0.0043107824598829225,5,time
000660,2023-07-21,2023-07-27,114700.0,121582.0,7,44741.53585929994,0.05566089861745516,4,target
012450,2023-07-21,2023-07-27,130286.0,138103.16,6,43561.059217572096,0.05566089861745516,4,target
402340,2023-07-26,2023-07-27,43100.0,45686.0,17,40829.646685899934,0.055660898617454935,1,target
373220,2023-07-27,2023-07-28,577000.0,548150.0,1,-31129.61015750002,-0.053888817276809164,1,stop
006400,2023-07-27,2023-07-28,685322.0,651055.9,1,-36973.668444295065,-0.053888817276809164,1,stop
066570,2023-07-27,2023-07-28,117300.0,111435.0,7,-44298.99982724979,-0.05388881727680883,1,stop
035420,2023-07-27,2023-07-28,197500.0,209350.0,4,44022.68443000002,0.05566089861745516,1,target
005380,2023-07-24,2023-07-31,199100.0,196000.0,7,-27347.68865500018,-0.019599821228446945,5,time
329180,2023-07-28,2023-07-31,129500.0,137270.0,6,43298.26050900016,0.05566089861745538,1,target
010120,2023-07-28,2023-07-31,18740.0,19864.4,47,49081.39239526016,0.05566089861745538,1,target
042660,2023-07-28,2023-07-31,37713.0,39975.78,23,48335.73728088301,0.05566089861745516,1,target
006260,2023-07-31,2023-08-01,113200.0,119992.0,9,56772.54543959978,0.055660898617454935,1,target
326030,2023-07-31,2023-08-01,81700.0,86602.0,13,59185.43434570031,0.05566089861745538,1,target
012450,2023-07-31,2023-08-02,119588.0,126763.28000000001,9,59976.28236776404,0.05566089861745516,2,target
012330,2023-07-28,2023-08-04,232000.0,230000.0,3,-8834.658900000039,-0.012678892802477804,5,time
000880,2023-07-31,2023-08-07,30350.0,29300.0,35,-40994.97211249976,-0.03854824750578334,5,time
005930,2023-08-01,2023-08-08,70100.0,67600.0,16,-44478.61911999993,-0.03961084237423662,5,time
402340,2023-08-01,2023-08-08,43850.0,44750.0,26,18658.657810000004,0.016347006586155954,5,time
005830,2023-08-02,2023-08-08,74700.0,79182.0,16,66602.42079839995,0.05566089861745516,4,target
005380,2023-08-04,2023-08-11,191600.0,190500.0,3,-5645.916794999968,-0.00981111796084011,5,time
009150,2023-08-07,2023-08-14,148000.0,147900.0,7,-4943.671564999851,-0.0047664016731154835,5,time
034020,2023-08-08,2023-08-16,16830.0,16310.0,71,-41708.22012000019,-0.03486422177094528,5,time
000270,2023-08-08,2023-08-16,77700.0,78000.0,15,-289.71832499979064,-0.0002482929972376091,5,time
012330,2023-08-08,2023-08-16,228500.0,229000.0,5,-2189.5636249999516,-0.001914265375511981,5,time
042660,2023-08-16,2023-08-17,37091.0,35236.45,31,-62033.75993224722,-0.05388881727680883,1,stop
005490,2023-08-16,2023-08-17,570000.0,541500.0,2,-61503.90914999996,-0.05388881727680905,1,stop
000660,2023-08-11,2023-08-18,118000.0,112100.0,5,-31830.97052500001,-0.05388881727680905,4,stop
005930,2023-08-14,2023-08-22,67500.0,66600.0,16,-18783.60407999996,-0.01737224531205428,5,time
402340,2023-08-16,2023-08-23,45000.0,43350.0,25,-45738.86793749989,-0.040610063835080035,5,time
005380,2023-08-17,2023-08-24,184900.0,186400.0,6,4426.924469999969,0.003985792944139366,5,time
009150,2023-08-17,2023-08-24,143600.0,152216.0,7,56014.68656840024,0.05566089861745538,5,target
042660,2023-08-23,2023-08-24,31316.0,29750.199999999997,36,-60822.83428236004,-0.053888817276809164,1,stop
329180,2023-08-18,2023-08-25,121400.0,120100.0,5,-8968.445074999938,-0.014758059090824283,5,time
047050,2023-08-24,2023-08-28,78400.0,83104.0,13,56794.835406399914,0.05566089861745516,2,target
000270,2023-08-22,2023-08-29,78300.0,80200.0,14,22029.135030000005,0.020072821864622004,5,time
352820,2023-08-24,2023-08-29,232500.0,246450.0,4,51824.17281000002,0.05566089861745516,3,target
161390,2023-08-24,2023-08-31,38900.0,38750.0,27,-8342.39985749987,-0.007933748328408763,5,time
010120,2023-08-25,2023-09-01,19140.0,20288.4,44,46929.296100720065,0.05566089861745516,5,target
005930,2023-08-29,2023-09-01,66900.0,70914.0,16,59647.951156799914,0.05566089861745516,3,target
005380,2023-08-28,2023-09-04,186200.0,187300.0,5,1668.361525000073,0.0017899515181958314,5,time
042660,2023-09-01,2023-09-04,33759.0,32071.05,38,-69210.3489664949,-0.05388881727680905,1,stop
000660,2023-08-29,2023-09-05,118300.0,119400.0,9,5507.4607650002,0.005166839143560198,5,time
005490,2023-08-31,2023-09-07,581000.0,568000.0,1,-15342.72954999993,-0.026377114255326517,5,time
329180,2023-09-01,2023-09-08,129500.0,125200.0,10,-48180.402849999955,-0.03716220217887822,5,time
402340,2023-09-04,2023-09-08,44100.0,41895.0,24,-57101.52407399996,-0.05388881727680905,4,stop
000270,2023-09-04,2023-09-11,79300.0,77600.0,13,-26259.682475000038,-0.02544331613035622,5,time
267260,2023-09-08,2023-09-11,61900.0,65614.0,18,62088.70252139983,0.055660898617454935,1,target
034020,2023-09-05,2023-09-12,17230.0,16770.0,66,-34930.88827800029,-0.030681825807623908,5,time
402340,2023-09-11,2023-09-12,41800.0,39710.0,26,-58633.72672299994,-0.05388881727680905,1,stop
005930,2023-09-07,2023-09-14,70000.0,71700.0,8,11264.914520000108,0.020092809041395432,5,time
010120,2023-09-08,2023-09-15,18500.0,19610.0,61,62885.568834500154,0.05566089861745538,5,target
329180,2023-09-11,2023-09-18,125200.0,127700.0,8,15836.281880000024,0.015792820192966905,5,time
005380,2023-09-12,2023-09-19,186500.0,190000.0,6,16352.205150000053,0.014596442598596271,5,time
012330,2023-09-12,2023-09-19,231000.0,237000.0,4,20142.510000000126,0.02177420963953658,5,time
267260,2023-09-15,2023-09-19,68400.0,72504.0,18,68608.51781040011,0.05566089861745516,2,target
039030,2023-09-18,2023-09-20,147800.0,140410.0,7,-55817.49509350001,-0.05388881727680905,2,stop
012450,2023-09-14,2023-09-21,114496.0,111237.0,6,-22311.71887350001,-0.03244085169070865,5,time
307950,2023-09-19,2023-09-21,185900.0,176605.0,6,-60176.71953150025,-0.053888817276809275,2,stop
352820,2023-09-19,2023-09-22,240500.0,228475.0,4,-51900.66719499999,-0.05388881727680905,3,stop
006800,2023-09-19,2023-09-26,6900.0,6555.0,164,-61050.72245100001,-0.05388881727680905,5,stop
035420,2023-09-21,2023-09-26,215000.0,204250.0,4,-46397.68585000001,-0.05388881727680905,3,stop
005930,2023-09-20,2023-09-27,70000.0,68400.0,16,-30114.513919999823,-0.026857069199003436,5,time
009540,2023-09-21,2023-09-27,119000.0,113050.0,7,-44941.01431749994,-0.05388881727680905,4,stop
329180,2023-09-26,2023-10-04,123500.0,117325.0,7,-46640.46443875006,-0.053888817276809164,2,stop
000660,2023-09-22,2023-10-05,114300.0,121158.0,8,50954.86410480004,0.05566089861745516,5,target
012450,2023-09-26,2023-10-05,106449.0,101126.54999999999,9,-51687.07598769758,-0.053888817276809164,3,stop
402340,2023-10-05,2023-10-10,41400.0,43884.0,23,53061.26596740016,0.05566089861745538,2,target
032830,2023-09-27,2023-10-11,70100.0,71800.0,14,19707.862929999945,0.02005830647233431,5,time
105560,2023-09-27,2023-10-11,55200.0,55600.0,18,3106.802520000143,0.0031232219567014496,5,time
005930,2023-10-04,2023-10-12,67400.0,68900.0,12,14632.310939999996,0.01807059955689283,5,time
042700,2023-10-11,2023-10-12,51200.0,54272.0,19,54209.199257600005,0.05566089861745516,1,target
012330,2023-10-05,2023-10-13,233500.0,232500.0,4,-7815.92659999989,-0.008358616102143945,5,time
042660,2023-10-10,2023-10-13,29400.0,27930.0,35,-55515.3706275,-0.05388881727680905,3,stop
086280,2023-10-12,2023-10-16,90385.0,85865.75,10,-48763.42832037492,-0.05388881727680894,2,stop
000660,2023-10-12,2023-10-17,121100.0,128366.0,7,47238.01214090013,0.05566089861745538,3,target
010120,2023-10-11,2023-10-18,17020.0,16660.0,59,-25292.713894000044,-0.02515849439245721,5,time
079550,2023-10-13,2023-10-19,87200.0,82840.0,11,-51749.604961999925,-0.05388881727680905,4,stop
030200,2023-10-13,2023-10-20,32800.0,32650.0,31,-8803.341327500064,-0.008647942364820915,5,time
005490,2023-10-19,2023-10-20,486000.0,461700.0,1,-26220.08758500003,-0.053888817276809164,1,stop
005380,2023-10-16,2023-10-23,186900.0,185400.0,4,-9046.126019999967,-0.01208632098854101,5,time
005930,2023-10-17,2023-10-24,67700.0,68500.0,15,7802.901300000027,0.007674974990881989,5,time
000270,2023-10-18,2023-10-25,83100.0,82000.0,12,-17247.81077999994,-0.01727636983594072,5,time
105560,2023-10-23,2023-10-26,56800.0,53960.0,15,-45966.07947,-0.05388881727680905,3,stop
000660,2023-10-20,2023-10-27,124300.0,118085.0,7,-46942.58890475007,-0.053888817276809164,5,stop
402340,2023-10-20,2023-10-27,43600.0,42200.0,21,-33065.63924999989,-0.03607214121393865,5,time
000270,2023-10-27,2023-10-30,81800.0,77710.0,10,-44131.75235500012,-0.053888817276809275,1,stop
032830,2023-10-24,2023-10-31,72400.0,72300.0,14,-5549.808250000002,-0.005469053345642627,5,time
000810,2023-10-25,2023-11-01,253000.0,260000.0,3,17827.557150000008,0.02346123365104913,5,time
042700,2023-10-31,2023-11-01,57400.0,54530.0,18,-55741.96397699998,-0.05388881727680905,1,stop
030200,2023-10-26,2023-11-02,32300.0,33250.0,32,26074.479760000017,0.025197876015841558,5,time
005930,2023-10-27,2023-11-03,67100.0,69600.0,12,26611.687859999947,0.033011817672508936,5,time
000660,2023-10-30,2023-11-03,119100.0,126246.0,7,46457.86330289999,0.05566089861745516,4,target
018260,2023-11-02,2023-11-06,140900.0,133855.0,7,-53211.6715742501,-0.053888817276809164,2,stop
267260,2023-11-06,2023-11-07,75400.0,79924.0,12,50419.90490159998,0.05566089861745516,1,target
298040,2023-11-06,2023-11-07,176000.0,186560.0,5,49037.92695999995,0.05566089861745516,1,target
017670,2023-11-01,2023-11-08,49150.0,48400.0,18,-17085.878865000093,-0.01929043756915061,5,time
005940,2023-11-01,2023-11-08,9720.0,10130.0,91,33575.06839050003,0.037914910221564346,5,time
087010,2023-11-07,2023-11-08,28685.0,30406.100000000002,34,54347.954300930025,0.05566089861745516,1,target
032830,2023-11-06,2023-11-13,70000.0,69800.0,12,-5835.412680000067,-0.0069389390364101855,5,time
145020,2023-11-07,2023-11-13,140800.0,133760.0,7,-53173.906015999964,-0.05388881727680905,4,stop
161390,2023-11-13,2023-11-15,43600.0,46216.0,21,51021.734005200095,0.05566089861745516,2,target
005930,2023-11-09,2023-11-16,69900.0,72800.0,13,33864.82417499996,0.03722451776595581,5,time
000660,2023-11-09,2023-11-16,127700.0,132300.0,7,28441.691810000106,0.031780979056820424,5,time
105560,2023-11-09,2023-11-16,52100.0,54300.0,18,35639.96525999997,0.03796014187027508,5,time
003230,2023-11-15,2023-11-16,210000.0,199500.0,4,-45318.66989999998,-0.05388881727680905,1,stop
010140,2023-11-13,2023-11-20,7230.0,7663.8,128,51570.06718847994,0.05566089861745516,5,target
032830,2023-11-16,2023-11-23,69100.0,70300.0,13,11872.597360000014,0.013201556027729877,5,time
000810,2023-11-16,2023-11-23,247000.0,261820.0,3,41292.16349700012,0.05566089861745538,5,target
005830,2023-11-16,2023-11-23,81600.0,81800.0,11,-1485.0300300000235,-0.0016525445464781185,5,time
240810,2023-11-16,2023-11-23,35500.0,34850.0,26,-20632.81655499991,-0.02232839976565737,5,time
000660,2023-11-20,2023-11-27,129300.0,130700.0,10,8659.754700000165,0.006689718581194937,5,time
000270,2023-11-23,2023-11-30,83100.0,85900.0,10,24511.850400000112,0.029462924769423138,5,time
267260,2023-11-23,2023-11-30,84600.0,89676.0,10,47143.279782,0.05566089861745516,5,target
047050,2023-11-23,2023-11-30,58100.0,57200.0,15,-17031.782624999876,-0.019520615059941515,5,time
090430,2023-11-23,2023-11-30,131700.0,129300.0,6,-17595.945720000076,-0.022242129831686275,5,time
005930,2023-11-27,2023-12-04,71500.0,72600.0,20,16074.716899999883,0.011228146716284915,5,time
010120,2023-11-30,2023-12-05,15180.0,14421.0,56,-45862.49393879995,-0.05388881727680905,3,stop
105560,2023-11-30,2023-12-07,51700.0,51400.0,16,-8175.880400000024,-0.009872446462954043,5,time
006800,2023-11-30,2023-12-07,7089.0,7119.0,120,103.13024399999995,0.00012109343703681219,5,time
015760,2023-11-30,2023-12-07,18560.0,19673.600000000002,45,46541.45067840023,0.05566089861745538,5,target
000270,2023-12-04,2023-12-11,85200.0,87100.0,17,26268.945104999933,0.018115690822707364,5,time
000660,2023-12-05,2023-12-12,129700.0,131000.0,6,4587.785969999968,0.00588860882796749,5,time
028260,2023-12-07,2023-12-12,119200.0,126352.0,7,46496.87074479996,0.05566089861745516,3,target
012450,2023-12-11,2023-12-12,136905.0,130059.75,11,-81247.47324911249,-0.05388881727680905,1,stop
329180,2023-12-07,2023-12-14,123900.0,124300.0,7,-762.6234000000404,-0.000878297332376432,5,time
055550,2023-12-07,2023-12-14,36400.0,37900.0,23,30967.279234999907,0.03694661148666656,5,time
010140,2023-12-12,2023-12-18,7900.0,7505.0,132,-56259.89163299999,-0.05388881727680905,4,stop
138040,2023-12-12,2023-12-18,58800.0,55860.0,17,-53929.21718099993,-0.05388881727680905,4,stop
009540,2023-12-12,2023-12-19,108800.0,110700.0,9,13036.630905000144,0.013298257812086378,5,time
012450,2023-12-14,2023-12-21,125293.0,127739.0,7,13477.193079699995,0.0153488338692227,5,time
298040,2023-12-14,2023-12-21,169500.0,166900.0,5,-16434.899850000045,-0.019369933882933954,5,time
272210,2023-12-18,2023-12-21,16000.0,16960.0,64,57062.315008000005,0.05566089861745516,3,target
079550,2023-12-21,2023-12-22,136400.0,144584.0,7,53206.15075160004,0.05566089861745516,1,target
267250,2023-12-18,2023-12-26,61100.0,64300.0,16,47042.65951999999,0.04806527778622072,5,time
009150,2023-12-19,2023-12-27,152000.0,150300.0,6,-13907.488290000008,-0.015231919921775638,5,time
028260,2023-12-21,2024-01-02,127800.0,129300.0,7,6802.7957550000865,0.007595551652323618,5,time
035420,2023-12-21,2024-01-02,218500.0,227500.0,4,32312.043399999966,0.03692782883066803,5,time
005490,2023-12-22,2024-01-03,490500.0,472500.0,2,-39914.204400000046,-0.040640519691597876,5,time
402340,2023-12-26,2024-01-04,50200.0,48900.0,25,-37547.42937499983,-0.029883899451372598,5,time
307950,2024-01-03,2024-01-04,197300.0,187435.0,5,-53222.46173374995,-0.05388881727680905,1,stop
105560,2023-12-27,2024-01-05,52100.0,51300.0,17,-17189.682260000147,-0.01938572232145297,5,time
298040,2024-01-02,2024-01-05,161900.0,171614.0,5,45109.32031149999,0.05566089861745516,3,target
003230,2024-01-02,2024-01-05,221000.0,209950.0,4,-47692.504990000045,-0.053888817276809164,3,stop
005380,2024-01-04,2024-01-11,192000.0,187000.0,5,-28860.570749999955,-0.03002855718620223,5,time
329180,2024-01-04,2024-01-11,120600.0,118500.0,9,-23292.468135000207,-0.021435147484523798,5,time
005930,2024-01-05,2024-01-11,76700.0,72865.0,11,-45518.287850750145,-0.053888817276809275,4,stop
000660,2024-01-05,2024-01-12,135800.0,134100.0,6,-13509.143250000081,-0.016560657288738123,5,time
009150,2024-01-05,2024-01-12,151600.0,145100.0,6,-42612.748770000064,-0.0467939688020067,5,time
011200,2024-01-11,2024-01-12,19110.0,20256.600000000002,51,54310.06135737011,0.05566089861745516,1,target
267260,2024-01-11,2024-01-15,90700.0,96142.0,10,50542.499718999956,0.05566089861745516,2,target
068270,2024-01-12,2024-01-15,182333.0,173216.35,5,-49185.0538028375,-0.05388881727680905,1,stop
047050,2024-01-11,2024-01-17,54300.0,51585.0,18,-52731.50947649998,-0.05388881727680905,4,stop
034730,2024-01-12,2024-01-17,164100.0,155895.0,5,-44266.62934874999,-0.05388881727680905,3,stop
009150,2024-01-15,2024-01-17,145200.0,137940.0,7,-54835.59057900007,-0.053888817276809164,2,stop
028260,2024-01-12,2024-01-18,122800.0,116660.0,7,-46376.105530999834,-0.05388881727680894,4,stop
068270,2024-01-17,2024-01-18,171661.0,163077.94999999998,5,-46306.23924823757,-0.053888817276809164,1,stop
012450,2024-01-17,2024-01-19,140982.0,149440.92,6,47137.2614909641,0.05566089861745516,2,target
005930,2024-01-15,2024-01-22,73200.0,75100.0,13,20727.336044999887,0.021756540444515915,5,time
000660,2024-01-17,2024-01-22,133800.0,141828.0,6,44735.96336759988,0.055660898617454935,3,target
055550,2024-01-19,2024-01-23,36650.0,38849.0,26,53100.27340930002,0.05566089861745516,2,target
011200,2024-01-22,2024-01-23,19010.0,20150.600000000002,47,49788.54159199016,0.05566089861745538,1,target
298040,2024-01-23,2024-01-24,172800.0,183168.0,5,48146.32828799996,0.05566089861745516,1,target
402340,2024-01-18,2024-01-25,48300.0,49850.0,19,25602.261787499883,0.027866240792220998,5,time
000270,2024-01-18,2024-01-25,87500.0,92750.0,10,48759.30237499997,0.05566089861745516,5,target
035420,2024-01-22,2024-01-29,219000.0,212000.0,4,-31507.477799999993,-0.03592611998405926,5,time
267250,2024-01-23,2024-01-30,65900.0,69854.0,15,55084.08045450004,0.05566089861745516,5,target
012450,2024-01-25,2024-01-30,144546.0,137318.69999999998,6,-46790.23185261013,-0.053888817276809275,3,stop
017670,2024-01-24,2024-01-31,49100.0,50200.0,21,18806.246025,0.018218059228302774,5,time
009150,2024-01-25,2024-01-31,146400.0,139080.0,6,-47390.38052399992,-0.05388881727680894,4,stop
298040,2024-01-30,2024-01-31,183400.0,174230.0,5,-49472.88130749995,-0.05388881727680905,1,stop
035420,2024-01-31,2024-02-02,208500.0,221010.0,4,46474.58077800006,0.05566089861745516,2,target
009540,2024-01-31,2024-02-02,110500.0,117130.0,8,49260.82662800001,0.05566089861745516,2,target
000660,2024-01-29,2024-02-05,135500.0,132300.0,7,-26221.106379999896,-0.027613055161948563,5,time
267260,2024-01-30,2024-02-06,101200.0,106800.0,9,46518.7777199999,0.0510159591724233,5,time
068270,2024-01-31,2024-02-07,165222.0,164671.0,5,-6132.442124249879,-0.007414747429387858,5,time
042700,2024-02-02,2024-02-08,58200.0,61692.0,18,58377.42304919986,0.055660898617454935,4,target
298040,2024-02-02,2024-02-13,164200.0,162300.0,6,-15403.938869999954,-0.015617379601423842,5,time
012450,2024-02-05,2024-02-14,134564.0,142637.84,7,52489.974118315964,0.05566089861745516,5,target
011200,2024-02-13,2024-02-14,18510.0,17584.5,53,-52927.35087142512,-0.053888817276809164,1,stop
034730,2024-02-06,2024-02-15,193700.0,186700.0,5,-38865.9249499999,-0.04008391808048384,5,time
267250,2024-02-14,2024-02-15,70300.0,66785.0,13,-49305.63383525016,-0.053888817276809275,1,stop
005380,2024-02-15,2024-02-16,250000.0,237500.0,3,-40463.0981249999,-0.05388881727680894,1,stop
316140,2024-02-08,2024-02-19,14490.0,15060.0,67,34098.758464500075,0.03508295461924793,5,time
028260,2024-02-15,2024-02-19,155700.0,165042.0,6,52058.21746140008,0.05566089861745516,2,target
012450,2024-02-19,2024-02-20,144750.0,153435.0,6,48397.0904145001,0.05566089861745516,1,target
009540,2024-02-14,2024-02-21,117400.0,118800.0,8,7317.952399999951,0.007782735654219275,5,time
086280,2024-02-14,2024-02-21,89834.0,92736.0,10,25252.870600999915,0.028078299284385544,5,time
298040,2024-02-20,2024-02-21,166800.0,176808.0,7,65064.413089200156,0.05566089861745538,1,target
000660,2024-02-19,2024-02-22,146200.0,154972.0,6,48881.89719239983,0.055660898617454935,3,target
005930,2024-02-16,2024-02-23,73300.0,72900.0,13,-9089.844919999945,-0.009528179499955214,5,time
042700,2024-02-21,2024-02-23,72700.0,77062.0,14,56716.82052259997,0.05566089861745516,2,target
028260,2024-02-22,2024-02-26,162200.0,154090.0,6,-52504.916127000004,-0.05388881727680905,2,stop
105560,2024-02-22,2024-02-26,64400.0,61180.0,15,-52116.47038499999,-0.05388881727680905,2,stop
055550,2024-02-23,2024-02-26,42600.0,40470.0,25,-57457.59933749994,-0.05388881727680905,1,stop
068270,2024-02-23,2024-02-27,163014.0,172794.84,6,54503.649719028035,0.05566089861745516,2,target
005380,2024-02-21,2024-02-28,242000.0,248000.0,4,19962.189200000023,0.020598405025451738,5,time
035720,2024-02-26,2024-02-29,57500.0,54625.0,17,-52736.90455624997,-0.05388881727680905,3,stop
032830,2024-02-28,2024-02-29,91400.0,96884.0,10,50932.57413799991,0.055660898617454935,1,target
009540,2024-02-26,2024-03-04,115700.0,109915.0,8,-49936.858165999874,-0.05388881727680894,4,stop
105560,2024-02-29,2024-03-04,61900.0,65614.0,15,51740.58543450001,0.05566089861745516,1,target
005930,2024-02-27,2024-03-06,73100.0,72900.0,14,-6985.843339999905,-0.00681827027834081,5,time
402340,2024-02-27,2024-03-06,68500.0,71400.0,15,39160.85932499997,0.03806897343735427,5,time
011200,2024-03-04,2024-03-06,18450.0,17527.5,52,-51760.39512150013,-0.053888817276809164,2,stop
006800,2024-03-06,2024-03-07,8572.0,8143.4,119,-55033.48210423009,-0.053888817276809164,1,stop
000660,2024-03-07,2024-03-08,164500.0,174370.0,6,55000.493079000036,0.05566089861745516,1,target
068270,2024-03-04,2024-03-11,165957.0,165131.0,5,-7518.4494405000005,-0.00905031065901829,5,time
012450,2024-03-11,2024-03-12,202712.0,192576.4,4,-43745.89625127986,-0.05388881727680894,1,stop
015760,2024-03-06,2024-03-13,24250.0,24000.0,42,-14643.06217499997,-0.014360569273723978,5,time
316140,2024-03-06,2024-03-13,14520.0,14600.0,70,1418.0804400000488,0.0013935963287363684,5,time
064350,2024-03-06,2024-03-13,31350.0,30400.0,32,-34421.69351999997,-0.034272476965164,5,time
032830,2024-03-12,2024-03-13,102100.0,96995.0,8,-44067.01139800006,-0.053888817276809164,1,stop
402340,2024-03-13,2024-03-14,72600.0,68970.0,13,-50918.76268049993,-0.05388881727680905,1,stop
005930,2024-03-08,2024-03-15,72800.0,72300.0,14,-11156.24908999994,-0.010933509096490601,5,time
000660,2024-03-13,2024-03-15,168600.0,160170.0,5,-45480.52229250001,-0.05388881727680905,2,stop
028260,2024-03-13,2024-03-15,163100.0,154945.0,5,-43996.875361250015,-0.05388881727680905,2,stop
003230,2024-03-15,2024-03-18,186000.0,197160.0,4,41459.338248000015,0.05566089861745516,1,target
005380,2024-03-13,2024-03-20,243500.0,241000.0,3,-10471.624725000001,-0.014318404684798391,5,time
047810,2024-03-15,2024-03-20,52100.0,49495.0,16,-44973.38479599997,-0.05388881727680905,3,stop
012450,2024-03-14,2024-03-21,188247.0,197314.0,7,57881.5732267499,0.043874785495113366,5,time
000660,2024-03-18,2024-03-21,161200.0,170872.0,6,53897.139722399996,0.05566089861745516,3,target
079550,2024-03-15,2024-03-22,167400.0,167300.0,5,-3928.719374999986,-0.004688418099793479,5,time
000270,2024-03-21,2024-03-25,117300.0,111435.0,10,-63284.28546749987,-0.05388881727680894,2,stop
034020,2024-03-20,2024-03-27,17500.0,17480.0,43,-3941.360177000053,-0.005231670736759342,5,time
032830,2024-03-20,2024-03-27,94600.0,94100.0,7,-6203.5098650001455,-0.009357268340355551,5,time
064350,2024-03-22,2024-03-27,31450.0,33337.0,35,61339.20238775015,0.05566089861745538,3,target
012330,2024-03-21,2024-03-28,257000.0,261500.0,4,13733.985500000068,0.013344559828443403,5,time
267250,2024-03-25,2024-04-01,68900.0,70500.0,16,21006.67424000008,0.019033509769841306,5,time
105560,2024-03-27,2024-04-01,71700.0,68115.0,12,-46419.266169000184,-0.053888817276809275,3,stop
055550,2024-03-27,2024-04-01,47950.0,45552.5,18,-46564.93332224991,-0.05388881727680894,3,stop
068270,2024-03-28,2024-04-01,167890.0,177963.40000000002,5,46778.28157564998,0.05566089861745516,2,target
086790,2024-03-28,2024-04-02,58700.0,55765.0,16,-50670.58901200001,-0.05388881727680905,3,stop
005380,2024-04-01,2024-04-02,234500.0,222775.0,4,-50605.84805499995,-0.05388881727680905,1,stop
012450,2024-04-01,2024-04-02,210861.0,223512.66,4,47000.84689414792,0.055660898617454935,1,target
000270,2024-04-01,2024-04-02,110900.0,105355.0,8,-47865.14754200005,-0.053888817276809164,1,stop
028260,2024-04-02,2024-04-03,157700.0,149815.0,5,-42540.20382874983,-0.05388881727680883,1,stop
005380,2024-04-04,2024-04-08,218500.0,231610.0,4,48703.57745800004,0.05566089861745516,2,target
032830,2024-04-02,2024-04-09,90600.0,89500.0,10,-14680.54064999998,-0.016185071991105082,5,time
012330,2024-04-02,2024-04-09,248000.0,243000.0,3,-18004.840049999882,-0.02417225211487506,5,time
034730,2024-04-02,2024-04-09,175200.0,166440.0,5,-47260.89860999992,-0.05388881727680894,5,stop
068270,2024-04-08,2024-04-09,162831.0,172600.86000000002,6,54442.46376016212,0.05566089861745516,1,target
055550,2024-04-03,2024-04-11,44900.0,42655.0,22,-53292.5977705,-0.05388881727680905,5,stop
402340,2024-04-09,2024-04-12,74400.0,78864.0,12,49751.205897599924,0.05566089861745516,2,target
034020,2024-04-11,2024-04-12,15860.0,15067.0,76,-65030.13327460014,-0.053888817276809164,1,stop
012450,2024-04-09,2024-04-15,213408.0,226212.48,4,47568.57234854414,0.05566089861745538,3,target
032830,2024-04-12,2024-04-15,85100.0,80845.0,12,-55094.55440699996,-0.05388881727680905,1,stop
005930,2024-04-09,2024-04-16,84500.0,80275.0,10,-45588.42388749996,-0.05388881727680905,4,stop
000660,2024-04-09,2024-04-17,182300.0,178700.0,4,-17345.955520000076,-0.023760323627137425,5,time
028260,2024-04-12,2024-04-17,145100.0,137845.0,7,-54797.82502075005,-0.053888817276809164,3,stop
105560,2024-04-15,2024-04-19,66200.0,62890.0,14,-50001.59912300005,-0.053888817276809164,4,stop
064350,2024-04-16,2024-04-19,39050.0,41393.0,23,50049.33420354989,0.055660898617454935,3,target
009150,2024-04-17,2024-04-19,149500.0,142025.0,5,-40328.22113125003,-0.053888817276809164,2,stop
138040,2024-04-16,2024-04-22,75600.0,80136.0,11,46340.84097719996,0.05566089861745516,4,target
005380,2024-04-19,2024-04-22,231000.0,244860.0,3,38617.36748100002,0.05566089861745516,1,target
032830,2024-04-19,2024-04-22,77200.0,81832.0,11,47321.5995163999,0.055660898617454935,1,target
000270,2024-04-19,2024-04-23,111000.0,117660.0,8,49483.72629599995,0.05566089861745516,2,target
161390,2024-04-22,2024-04-23,59400.0,56430.0,15,-48070.16057249997,-0.05388881727680905,1,stop
068270,2024-04-17,2024-04-24,159334.0,165131.0,5,25634.637776749907,0.03214026883126819,5,time
010120,2024-04-24,2024-04-26,31000.0,32860.0,30,51824.17281000002,0.05566089861745516,2,target
180640,2024-04-22,2024-04-29,57000.0,60100.0,16,45716.218319999985,0.05006984453672714,5,time
021240,2024-04-22,2024-04-29,55400.0,57100.0,16,23487.16856000002,0.026466816140874094,5,time
005930,2024-04-23,2024-04-30,76400.0,77500.0,12,9403.855979999993,0.010245476178662116,5,time
000660,2024-04-23,2024-04-30,172600.0,174200.0,5,4439.668999999994,0.005138549919984525,5,time
012450,2024-04-30,2024-05-02,235818.0,224027.09999999998,4,-50890.27665942011,-0.053888817276809164,1,stop
028260,2024-04-26,2024-05-07,151400.0,150300.0,6,-10303.347749999957,-0.011329272312482819,5,time
000660,2024-05-02,2024-05-07,169000.0,179140.0,5,47087.554864999955,0.05566089861745516,2,target
005380,2024-04-29,2024-05-08,249000.0,242000.0,3,-23999.446349999984,-0.03209086358481417,5,time
010950,2024-04-30,2024-05-09,73200.0,69540.0,13,-51339.57890099997,-0.05388881727680905,5,stop
067310,2024-04-30,2024-05-09,23763.0,23850.0,42,-446.9642918999307,-0.0004473248793189777,5,time
402340,2024-05-07,2024-05-10,76300.0,80878.0,12,51021.734005200095,0.05566089861745516,3,target
131290,2024-05-09,2024-05-13,78600.0,74670.0,13,-55126.92488549999,-0.05388881727680905,2,stop
009150,2024-05-07,2024-05-14,154400.0,151600.0,6,-20547.045240000123,-0.02215397258770302,5,time
079550,2024-05-08,2024-05-16,169400.0,162000.0,4,-32289.678040000028,-0.047598262591456386,5,time
090430,2024-05-09,2024-05-16,165000.0,174900.0,6,55167.66783000005,0.05566089861745516,4,target
005930,2024-05-10,2024-05-20,80400.0,78900.0,12,-21900.87845999992,-0.022673837171252043,5,time
033780,2024-05-13,2024-05-21,90100.0,87700.0,11,-30383.897499999963,-0.030621523163457565,5,time
267260,2024-05-14,2024-05-22,257000.0,252500.0,3,-16619.91352499998,-0.021531543569093925,5,time
009150,2024-05-16,2024-05-23,154000.0,158200.0,5,17782.47695000004,0.023067594715029394,5,time
012450,2024-05-20,2024-05-23,211370.0,200801.5,4,-45614.32027029991,-0.05388881727680894,3,stop
329180,2024-05-17,2024-05-24,131100.0,134000.0,8,18833.413080000086,0.01793647665428244,5,time
028260,2024-05-22,2024-05-24,147200.0,139840.0,5,-39707.78695999982,-0.05388881727680883,2,stop
034020,2024-05-21,2024-05-27,17800.0,18868.0,60,59514.211356000276,0.05566089861745538,4,target
005930,2024-05-23,2024-05-30,77700.0,73815.0,10,-41919.76965749997,-0.05388881727680905,5,stop
028260,2024-05-27,2024-05-30,140500.0,133475.0,7,-53060.609341250034,-0.053888817276809164,3,stop
032830,2024-05-24,2024-05-31,85600.0,84300.0,10,-16469.734549999936,-0.019218240241453466,5,time
105560,2024-05-24,2024-05-31,76100.0,80666.0,11,46647.32802070002,0.05566089861745516,5,target
005380,2024-05-27,2024-05-31,267500.0,254125.0,3,-43295.51499374991,-0.05388881727680894,4,stop
402340,2024-05-30,2024-05-31,80000.0,76000.0,11,-47476.70180000004,-0.053888817276809164,1,stop
012450,2024-05-31,2024-06-03,212388.0,225131.28,4,47341.214687183965,0.05566089861745516,1,target
034020,2024-05-31,2024-06-04,20550.0,19522.5,42,-46564.93332224991,-0.05388881727680894,2,stop
010120,2024-06-04,2024-06-05,41900.0,39805.0,19,-42950.229889750015,-0.05388881727680905,1,stop
000270,2024-05-30,2024-06-07,121100.0,121100.0,7,-3474.0441400000127,-0.004093491870325372,5,time
000660,2024-05-31,2024-06-07,194400.0,206064.0,4,43331.69545920007,0.05566089861745516,4,target
009150,2024-05-31,2024-06-10,157800.0,149910.0,5,-42567.17922749999,-0.05388881727680905,5,stop
402340,2024-06-07,2024-06-10,79100.0,83846.0,10,44078.40934699995,0.05566089861745516,1,target
005930,2024-06-03,2024-06-11,74400.0,75200.0,15,7391.032200000249,0.00661518026010155,5,time
267260,2024-06-10,2024-06-11,256500.0,271890.0,3,42880.323631499894,0.055660898617454935,1,target
010120,2024-06-10,2024-06-11,36800.0,39008.0,22,45114.892803200055,0.05566089861745516,1,target
105560,2024-06-05,2024-06-13,77600.0,81000.0,10,30719.56310000003,0.039541587094119146,5,time
329180,2024-06-07,2024-06-14,128200.0,132600.0,6,23169.83603999985,0.030087386723828713,5,time
267260,2024-06-13,2024-06-14,266000.0,281960.0,4,59291.3116880001,0.05566089861745516,1,target
005380,2024-06-14,2024-06-17,268500.0,284610.0,3,44886.42064350005,0.05566089861745516,1,target
066570,2024-06-11,2024-06-18,101200.0,101800.0,9,1651.439969999832,0.0018110921699689975,5,time
000810,2024-06-11,2024-06-18,341000.0,334000.0,2,-16753.699699999997,-0.02453732048295798,5,time
015760,2024-06-11,2024-06-18,19910.0,19840.0,48,-7266.662328000064,-0.00759492108022386,5,time
402340,2024-06-18,2024-06-19,90000.0,95400.0,9,45137.182769999956,0.05566089861745516,1,target
034730,2024-06-19,2024-06-20,169400.0,160930.0,5,-45696.3254824999,-0.05388881727680894,1,stop
068270,2024-06-14,2024-06-21,168074.0,162923.0,5,-29123.077306249994,-0.034615252662452356,5,time
010120,2024-06-20,2024-06-21,38780.0,41106.8,23,49703.282468979945,0.05566089861745516,1,target
028260,2024-06-17,2024-06-24,132900.0,135900.0,9,22018.545630000066,0.01838746768113464,5,time
000150,2024-06-21,2024-06-24,213000.0,202350.0,4,-45966.07947,-0.05388881727680905,1,stop
105560,2024-06-18,2024-06-25,79000.0,79000.0,10,-3237.5779999999795,-0.004093491870325372,5,time
055550,2024-06-18,2024-06-25,46500.0,47450.0,18,13619.394945000065,0.016252985177485302,5,time
402340,2024-06-24,2024-06-25,97000.0,92150.0,11,-57565.500932499766,-0.05388881727680883,1,stop
000660,2024-06-25,2024-06-26,215500.0,228430.0,4,48034.87845400011,0.05566089861745516,1,target
005380,2024-06-24,2024-06-27,277000.0,293620.0,4,61743.20803600014,0.05566089861745538,3,target
034020,2024-06-26,2024-06-27,20750.0,19712.5,47,-52615.515261875116,-0.053888817276809164,1,stop
298040,2024-06-21,2024-06-28,357000.0,346000.0,2,-24861.25769999996,-0.03477968679869059,5,time
009150,2024-06-25,2024-06-28,149300.0,158258.0,6,49918.380648600054,0.05566089861745516,3,target
012450,2024-06-27,2024-06-28,231743.0,245647.58000000002,4,51655.43776132411,0.05566089861745516,1,target
032830,2024-06-25,2024-07-02,87900.0,88500.0,10,2379.9939000000013,0.0027045047721980797,5,time
105560,2024-06-27,2024-07-02,78200.0,82892.0,13,56649.95062219992,0.05566089861745516,3,target
068270,2024-06-28,2024-07-02,160162.0,169771.72,5,44625.07078277005,0.05566089861745516,2,target
042660,2024-06-28,2024-07-02,29750.0,31535.0,30,49734.48842249997,0.05566089861745516,2,target
086790,2024-06-28,2024-07-03,60700.0,64342.0,15,50737.53692850005,0.05566089861745516,3,target
009150,2024-07-03,2024-07-04,154600.0,163876.0,8,68920.57734560012,0.05566089861745516,1,target
034020,2024-07-04,2024-07-08,19280.0,20436.8,68,73057.5951836803,0.05566089861745538,2,target
000660,2024-07-02,2024-07-09,235500.0,238500.0,4,8104.119000000064,0.008593215239606877,5,time
005380,2024-07-02,2024-07-09,283000.0,274500.0,3,-28904.19652499992,-0.03400587815690559,5,time
329180,2024-07-02,2024-07-09,154500.0,152400.0,6,-16361.885969999828,-0.0176300851847091,5,time
000270,2024-07-02,2024-07-09,128000.0,121600.0,7,-48339.91456000006,-0.053888817276809164,5,stop
000150,2024-07-09,2024-07-10,223000.0,236380.0,4,49706.625964000006,0.05566089861745516,1,target
207940,2024-07-08,2024-07-15,1186226.0,1205358.0,1,14214.206514199963,0.011968947591916246,5,time
006800,2024-07-09,2024-07-16,7646.0,7806.0,122,15639.603925600066,0.016746822189411592,5,time
010130,2024-07-09,2024-07-16,530000.0,533000.0,1,819.1098500001244,0.001543714779465466,5,time
316140,2024-07-09,2024-07-16,14810.0,14770.0,63,-6336.314460000023,-0.006783313634348809,5,time
028260,2024-07-10,2024-07-16,146200.0,154972.0,9,73322.84578859992,0.05566089861745516,4,target
009150,2024-07-16,2024-07-17,160400.0,170024.0,5,44691.38343399996,0.05566089861745516,1,target
000660,2024-07-16,2024-07-18,226500.0,215175.0,4,-48879.42253500002,-0.05388881727680905,2,stop
005380,2024-07-16,2024-07-18,270500.0,256975.0,3,-43781.07217125001,-0.05388881727680905,2,stop
267260,2024-07-18,2024-07-19,317500.0,301625.0,2,-34258.75641249993,-0.05388881727680894,1,stop
005930,2024-07-15,2024-07-22,84700.0,83000.0,15,-30631.58782499982,-0.024082170309763784,5,time
402340,2024-07-18,2024-07-22,91000.0,86450.0,8,-39276.18057999993,-0.05388881727680894,2,stop
032830,2024-07-16,2024-07-23,93300.0,92700.0,10,-9805.932299999986,-0.010498035330966271,5,time
105560,2024-07-17,2024-07-23,84300.0,89358.0,14,65766.54704339989,0.055660898617454935,4,target
000660,2024-07-22,2024-07-25,209000.0,198550.0,4,-45102.86670999986,-0.05388881727680894,3,stop
034020,2024-07-23,2024-07-25,20050.0,19047.5,65,-70311.37684187503,-0.05388881727680905,2,stop
028260,2024-07-19,2024-07-26,147600.0,147800.0,5,-2027.419649999938,-0.0027440250571414415,5,time
005380,2024-07-22,2024-07-26,259000.0,246050.0,3,-41919.769657499855,-0.05388881727680894,4,stop
009150,2024-07-23,2024-07-26,162400.0,154280.0,8,-70092.87611200009,-0.053888817276809164,3,stop
402340,2024-07-25,2024-07-29,81000.0,85860.0,12,54164.61932399997,0.05566089861745516,2,target
000270,2024-07-26,2024-07-29,118500.0,112575.0,7,-44752.18652624998,-0.05388881727680905,1,stop
105560,2024-07-26,2024-07-29,85100.0,90206.0,10,47421.90436699998,0.05566089861745516,1,target
006800,2024-07-25,2024-08-01,7487.0,7646.0,136,17387.3329844001,0.017056385890142023,5,time
005930,2024-07-26,2024-08-01,80700.0,85542.0,11,49467.00882089988,0.055660898617454935,4,target
034020,2024-07-29,2024-08-02,18930.0,17983.5,50,-51064.42983374989,-0.05388881727680894,4,stop
105560,2024-08-01,2024-08-02,87900.0,83505.0,12,-56907.30120299989,-0.05388881727680894,1,stop
005380,2024-07-29,2024-08-05,244000.0,231800.0,3,-39491.98376999982,-0.05388881727680883,5,stop
009150,2024-07-29,2024-08-05,155700.0,147915.0,6,-50400.83502450003,-0.053888817276809164,5,stop
012450,2024-08-01,2024-08-05,295410.0,280639.5,3,-47812.81526842492,-0.05388881727680894,2,stop
068270,2024-08-02,2024-08-05,181688.0,172603.6,6,-58813.27497707994,-0.05388881727680905,1,stop
017670,2024-08-02,2024-08-05,53700.0,51015.0,20,-57943.156514999806,-0.05388881727680894,1,stop
005930,2024-08-05,2024-08-06,76700.0,72865.0,11,-45518.287850750145,-0.053888817276809275,1,stop
034020,2024-08-05,2024-08-06,17280.0,16416.0,52,-48478.02860160009,-0.053888817276809164,1,stop
000660,2024-08-05,2024-08-07,168000.0,159600.0,5,-45318.66989999998,-0.05388881727680905,2,stop
032830,2024-08-05,2024-08-07,87400.0,83030.0,10,-47152.99701499997,-0.05388881727680905,2,stop
329180,2024-08-06,2024-08-07,198900.0,210834.0,4,44334.74396520003,0.05566089861745516,1,target
012450,2024-08-07,2024-08-08,269943.0,286139.58,3,45127.653809193056,0.05566089861745516,1,target
068270,2024-08-07,2024-08-08,165959.0,175916.54,5,46240.2575020151,0.05566089861745516,1,target
017670,2024-08-07,2024-08-08,52500.0,55650.0,16,46808.93028000009,0.05566089861745516,1,target
402340,2024-08-05,2024-08-12,72800.0,77168.0,12,48681.287491200026,0.05566089861745516,5,target
064350,2024-08-07,2024-08-12,44750.0,47435.0,19,47380.110679250094,0.05566089861745516,3,target
078600,2024-08-09,2024-08-12,104800.0,111088.0,8,46719.77041280002,0.05566089861745516,1,target
042700,2024-08-09,2024-08-12,110900.0,117554.0,8,49439.146362399915,0.055660898617454935,1,target
005830,2024-08-12,2024-08-19,102600.0,108756.0,9,51456.388357799966,0.05566089861745516,4,target
298380,2024-08-12,2024-08-20,30450.0,32277.0,30,50904.71167950006,0.05566089861745516,5,target
329180,2024-08-13,2024-08-21,206500.0,205000.0,4,-9367.424899999867,-0.011327679580710237,5,time
009540,2024-08-13,2024-08-21,198000.0,199700.0,4,3534.1788599999854,0.004457220573212295,5,time
012450,2024-08-20,2024-08-21,305597.0,290317.14999999997,3,-49461.60559082264,-0.053888817276809275,1,stop
010120,2024-08-21,2024-08-22,33620.0,35637.200000000004,27,50583.73615758028,0.05566089861745538,1,target
005380,2024-08-16,2024-08-23,248000.0,252500.0,4,13881.520699999994,0.013977392349769469,5,time
006260,2024-08-22,2024-08-26,119100.0,113145.0,8,-51404.31985800003,-0.053888817276809164,2,stop
000660,2024-08-26,2024-08-27,187800.0,178410.0,5,-50659.79885250004,-0.053888817276809164,1,stop
034020,2024-08-21,2024-08-28,17840.0,18480.0,52,29380.07071999996,0.03163409586526833,5,time
064350,2024-08-21,2024-08-28,52200.0,55332.0,17,49450.291345799924,0.05566089861745516,5,target
272210,2024-08-22,2024-08-29,18910.0,18060.0,52,-48099.538214000175,-0.04885925241555156,5,time
005930,2024-08-23,2024-08-29,77700.0,73815.0,13,-54495.70055474993,-0.05388881727680905,4,stop
402340,2024-08-27,2024-08-29,81200.0,77140.0,11,-48188.85232700012,-0.053888817276809164,2,stop
005380,2024-08-28,2024-08-29,249500.0,264470.0,3,41710.100374500034,0.05566089861745516,1,target
032830,2024-08-29,2024-09-03,96100.0,101866.0,10,53551.64523700008,0.05566089861745516,3,target
329180,2024-08-28,2024-09-04,191400.0,181830.0,4,-41304.73056599987,-0.05388881727680894,5,stop
005380,2024-09-03,2024-09-04,244000.0,231800.0,4,-52655.97835999995,-0.05388881727680905,1,stop
028260,2024-08-29,2024-09-05,150500.0,149900.0,6,-7290.061619999935,-0.008063883264862182,5,time
105560,2024-08-29,2024-09-05,86600.0,84600.0,11,-25839.08822000015,-0.027093642173551258,5,time
055550,2024-08-29,2024-09-05,57100.0,56200.0,17,-19233.01757499983,-0.019790792348726383,5,time
267260,2024-09-05,2024-09-06,271000.0,257450.0,3,-43861.99836750014,-0.053888817276809275,1,stop
034020,2024-09-04,2024-09-09,17100.0,16245.0,52,-47973.04913700011,-0.053888817276809164,3,stop
373220,2024-09-05,2024-09-09,410500.0,389975.0,2,-44293.60474749992,-0.05388881727680894,2,stop
402340,2024-09-06,2024-09-09,73100.0,69445.0,13,-51269.44286425016,-0.053888817276809275,1,stop
329180,2024-09-06,2024-09-09,179700.0,170715.0,5,-48474.791553749936,-0.05388881727680905,1,stop
267260,2024-09-09,2024-09-10,231500.0,245390.0,3,38700.95485650003,0.05566089861745516,1,target
010120,2024-09-09,2024-09-10,26040.0,27602.4,33,47885.53567644011,0.05566089861745516,1,target
105560,2024-09-10,2024-09-11,82700.0,78565.0,11,-49079.040485750185,-0.053888817276809275,1,stop
042660,2024-09-10,2024-09-11,30400.0,28880.0,30,-49203.12732000009,-0.053888817276809164,1,stop
068270,2024-09-05,2024-09-12,176721.0,179942.0,5,12436.33164374996,0.014058368195460025,5,time
032830,2024-09-09,2024-09-19,95000.0,100700.0,9,47644.804035000154,0.05566089861745538,5,target
028260,2024-09-09,2024-09-19,143200.0,151792.0,6,47878.8486864001,0.05566089861745516,5,target
066570,2024-09-12,2024-09-19,103100.0,109286.0,8,45961.9115415999,0.055660898617454935,2,target
021240,2024-09-19,2024-09-20,67800.0,64410.0,13,-47552.23291650007,-0.053888817276809164,1,stop
015760,2024-09-11,2024-09-23,21900.0,20805.0,39,-46079.37614474993,-0.05388881727680894,5,stop
316140,2024-09-11,2024-09-23,15510.0,15710.0,55,7471.6019400000805,0.008748629446627465,5,time
087010,2024-09-20,2024-09-23,50102.0,53108.12,18,50254.73624761216,0.05566089861745538,1,target
032830,2024-09-24,2024-09-25,99500.0,94525.0,10,-53681.04351250001,-0.05388881727680905,1,stop
028260,2024-09-24,2024-09-25,146500.0,139175.0,6,-47422.75100249995,-0.05388881727680905,1,stop
373220,2024-09-20,2024-09-27,398500.0,414500.0,2,28639.396999999997,0.035892716737139674,5,time
042660,2024-09-25,2024-09-27,32650.0,31017.5,28,-49321.8190745,-0.05388881727680905,2,stop
018260,2024-09-23,2024-09-30,159900.0,154700.0,5,-29199.861599999946,-0.03648069538673748,5,time
033780,2024-09-23,2024-09-30,107800.0,108900.0,8,5239.769480000017,0.006068819437120343,5,time
267260,2024-09-25,2024-10-04,319000.0,322000.0,2,3367.6601000000956,0.00527240005565921,5,time
064350,2024-09-30,2024-10-04,53900.0,57134.0,15,45053.595394500066,0.05566089861745516,2,target
096770,2024-09-27,2024-10-07,120700.0,114665.0,8,-52094.89006599982,-0.05388881727680894,4,stop
047810,2024-09-27,2024-10-08,53200.0,53900.0,19,9118.330374999903,0.009010541131380778,5,time
373220,2024-10-04,2024-10-08,403500.0,427710.0,1,22485.00400949997,0.05566089861745516,2,target
042660,2024-09-30,2024-10-10,30800.0,31700.0,27,20820.299265000038,0.02500767232826906,5,time
402340,2024-10-04,2024-10-10,79100.0,83846.0,9,39670.56841229997,0.05566089861745516,3,target
033780,2024-10-07,2024-10-10,102900.0,109074.0,13,74543.22147090011,0.05566089861745516,2,target
010140,2024-10-08,2024-10-16,9900.0,10060.0,73,8683.797635999974,0.012001966846921786,5,time
086280,2024-10-08,2024-10-16,115500.0,122430.0,6,38617.36748100002,0.05566089861745516,5,target
016360,2024-10-10,2024-10-16,44800.0,47488.0,22,54922.47819520009,0.05566089861745516,4,target
017670,2024-10-10,2024-10-17,55600.0,55200.0,18,-11280.252600000007,-0.01125828689284103,5,time
001440,2024-10-10,2024-10-17,12680.0,12790.0,80,4616.843079999904,0.004546075629222157,5,time
005380,2024-10-16,2024-10-18,246000.0,233700.0,3,-39815.688555,-0.05388881727680905,2,stop
373220,2024-10-16,2024-10-18,415000.0,394250.0,2,-44779.161924999906,-0.05388881727680894,2,stop
047810,2024-10-16,2024-10-21,52100.0,55226.0,16,46452.290811200044,0.05566089861745516,3,target
105560,2024-10-17,2024-10-24,96600.0,93200.0,11,-41644.490249999915,-0.03914610188731171,5,time
055550,2024-10-17,2024-10-24,57400.0,56100.0,18,-27565.275869999896,-0.026648865747826544,5,time
373220,2024-10-21,2024-10-24,389000.0,412340.0,2,43353.98542599997,0.05566089861745516,3,target
068270,2024-10-18,2024-10-25,173870.0,171479.0,4,-12386.020985800074,-0.017788853122629233,5,time
034020,2024-10-24,2024-10-25,19850.0,21041.0,49,54200.84052004991,0.055660898617454935,1,target
086790,2024-10-21,2024-10-28,66000.0,65400.0,13,-11293.260810000007,-0.01314718739877696,5,time
064350,2024-10-25,2024-10-29,63400.0,67204.0,15,52994.39606700011,0.05566089861745516,2,target
042660,2024-10-28,2024-10-29,29800.0,28310.0,32,-51447.48049599992,-0.05388881727680894,1,stop
259960,2024-10-24,2024-10-31,336000.0,331000.0,2,-12724.509899999946,-0.018913529193683498,5,time
010140,2024-10-28,2024-10-31,9950.0,9452.5,95,-50996.9913368749,-0.05388881727680894,3,stop
024110,2024-10-25,2024-11-01,14450.0,14360.0,69,-10277.802919500158,-0.01029636977563142,5,time
272210,2024-10-29,2024-11-01,18890.0,17945.5,50,-50956.52823875018,-0.053888817276809275,3,stop
402340,2024-10-31,2024-11-01,88800.0,84360.0,8,-38326.6465439999,-0.05388881727680894,1,stop
034020,2024-11-01,2024-11-04,20600.0,19570.0,43,-47789.61642550002,-0.05388881727680905,1,stop
015760,2024-10-29,2024-11-05,22900.0,23050.0,41,2284.0695125000784,0.002429913204760048,5,time
000660,2024-11-04,2024-11-05,185200.0,196312.0,5,51601.27314199996,0.05566089861745516,1,target
402340,2024-11-04,2024-11-05,84200.0,89252.0,11,51612.41812540009,0.05566089861745516,1,target
012450,2024-11-01,2024-11-06,362371.0,384113.26,2,40386.187796414015,0.05566089861745516,3,target
032830,2024-10-31,2024-11-07,102000.0,103000.0,7,4053.2488499999745,0.005670297425063531,5,time
064350,2024-11-05,2024-11-07,61400.0,65084.0,16,54744.158460799954,0.05566089861745516,2,target
086280,2024-11-05,2024-11-07,120200.0,114190.0,8,-51879.08687599993,-0.05388881727680905,2,stop
373220,2024-11-07,2024-11-11,389000.0,412340.0,2,43353.98542599997,0.05566089861745516,2,target
012330,2024-11-05,2024-11-12,246500.0,261290.0,4,54944.76816199999,0.05566089861745516,5,target
015760,2024-11-07,2024-11-12,22800.0,21660.0,39,-47973.04913700011,-0.053888817276809164,3,stop
017670,2024-11-06,2024-11-13,56700.0,56500.0,14,-6044.896620000014,-0.0076063896062325,5,time
096770,2024-11-07,2024-11-13,111800.0,106210.0,8,-48253.59328400006,-0.053888817276809164,4,stop
006800,2024-11-11,2024-11-13,8682.0,8247.9,109,-51055.68980455503,-0.053888817276809164,2,stop
000660,2024-11-13,2024-11-14,185700.0,176415.0,4,-40074.65238300001,-0.05388881727680905,1,stop
402340,2024-11-13,2024-11-14,87400.0,83030.0,9,-42437.697313499986,-0.05388881727680905,1,stop
034020,2024-11-13,2024-11-14,21000.0,22260.0,41,47979.153537000064,0.05566089861745516,1,target
105560,2024-11-12,2024-11-15,93000.0,88350.0,10,-50174.24167499994,-0.05388881727680905,3,stop
329180,2024-11-14,2024-11-15,202000.0,214120.0,4,45025.732935999986,0.05566089861745516,1,target
055550,2024-11-12,2024-11-18,56500.0,53675.0,16,-48771.520940000075,-0.053888817276809164,4,stop
032830,2024-11-14,2024-11-18,98600.0,104516.0,8,43955.81452959997,0.05566089861745516,2,target
000810,2024-11-15,2024-11-18,336500.0,356690.0,2,37502.86914100009,0.05566089861745538,1,target
105560,2024-11-18,2024-11-20,88100.0,93386.0,10,49093.651877,0.05566089861745516,2,target
079550,2024-11-18,2024-11-21,238000.0,226100.0,3,-38520.86941500008,-0.053888817276809164,3,stop
012450,2024-11-20,2024-11-21,376157.0,357349.14999999997,3,-60881.910405622795,-0.053888817276809386,1,stop
316140,2024-11-15,2024-11-22,16090.0,16760.0,55,33114.66226749995,0.03737682263849251,5,time
017670,2024-11-15,2024-11-22,56600.0,57200.0,15,5494.095750000095,0.0064638209367031685,5,time
033780,2024-11-18,2024-11-25,115400.0,117900.0,7,14137.883165000007,0.017481605792795785,5,time
047810,2024-11-21,2024-11-25,64800.0,61560.0,14,-48944.16349199996,-0.05388881727680905,2,stop
267260,2024-11-22,2024-11-25,360000.0,381600.0,2,40121.940240000025,0.05566089861745516,1,target
012330,2024-11-25,2024-11-26,256000.0,243200.0,3,-41434.212480000104,-0.053888817276809164,1,stop
298040,2024-11-25,2024-11-26,419500.0,398525.0,2,-45264.71910250001,-0.05388881727680905,1,stop
006800,2024-11-21,2024-11-28,8572.0,8503.0,106,-11016.19362470007,-0.012110004826572207,5,time
034020,2024-11-22,2024-11-29,21300.0,21150.0,41,-9710.827552500064,-0.011106917983914721,5,time
003490,2024-11-26,2024-11-29,24150.0,25599.0,35,47101.48609425011,0.05566089861745516,3,target
373220,2024-11-28,2024-11-29,400000.0,380000.0,2,-43160.638000000035,-0.053888817276809164,1,stop
009540,2024-11-29,2024-12-02,212000.0,201400.0,4,-45750.276279999875,-0.05388881727680894,1,stop
005940,2024-11-26,2024-12-03,13260.0,14055.6,63,46551.48116346006,0.05566089861745516,5,target
329180,2024-12-02,2024-12-03,222000.0,210900.0,5,-59885.38522499986,-0.05388881727680894,1,stop
032830,2024-11-27,2024-12-04,105100.0,104200.0,8,-10624.54059999995,-0.012621711254880097,5,time
034020,2024-12-03,2024-12-04,20850.0,19807.5,47,-52869.084010124905,-0.05388881727680894,1,stop
012330,2024-11-29,2024-12-05,246000.0,233700.0,3,-39815.688555,-0.05388881727680905,4,stop
267260,2024-11-29,2024-12-05,347000.0,367820.0,2,38673.09239799995,0.05566089861745516,4,target
003490,2024-12-04,2024-12-06,25000.0,23750.0,36,-48555.71775000007,-0.053888817276809164,2,stop
086280,2024-12-05,2024-12-06,120000.0,114000.0,6,-38844.57420000003,-0.053888817276809164,1,stop
015760,2024-12-05,2024-12-09,21750.0,20662.5,36,-42243.47444249992,-0.05388881727680894,2,stop
034020,2024-12-06,2024-12-09,18550.0,17622.5,43,-43033.85362587508,-0.053888817276809164,1,stop
329180,2024-12-09,2024-12-10,202500.0,214650.0,4,45137.182769999956,0.05566089861745516,1,target
017670,2024-12-04,2024-12-11,58400.0,56500.0,15,-32006.00377499999,-0.03649455977180449,5,time
012450,2024-12-09,2024-12-11,279163.0,295912.78,2,31112.67000894202,0.05566089861745516,2,target
000150,2024-12-11,2024-12-12,212000.0,224720.0,4,47254.729616000084,0.05566089861745516,1,target
373220,2024-12-06,2024-12-13,383000.0,400000.0,2,30760.54509999999,0.040111235644568755,5,time
032830,2024-12-06,2024-12-13,101500.0,98800.0,7,-21756.052954999963,-0.030585586175252644,5,time
214450,2024-12-13,2024-12-16,231000.0,244860.0,3,38617.36748100002,0.05566089861745516,1,target
033780,2024-12-12,2024-12-17,116900.0,111055.0,8,-50454.785822000005,-0.05388881727680905,3,stop
141080,2024-12-13,2024-12-17,109100.0,103645.0,7,-41202.224050750025,-0.053888817276809164,2,stop
000810,2024-12-11,2024-12-18,360500.0,366500.0,2,9009.821200000006,0.012481928514634477,5,time
373220,2024-12-17,2024-12-19,398500.0,378575.0,2,-42998.7856075,-0.05388881727680905,2,stop
329180,2024-12-18,2024-12-19,239500.0,253870.0,3,40038.35286450002,0.05566089861745516,1,target
012330,2024-12-16,2024-12-23,244500.0,244000.0,3,-4501.607624999946,-0.006130110496357366,5,time
009540,2024-12-16,2024-12-23,214000.0,226840.0,4,47700.52895200008,0.05566089861745516,5,target
012450,2024-12-19,2024-12-23,292949.0,310525.94,2,32649.11742046592,0.055660898617454935,2,target
032830,2024-12-17,2024-12-24,98400.0,102600.0,8,30274.842479999876,0.03841471274496544,5,time
267260,2024-12-20,2024-12-24,367500.0,389550.0,2,40957.81399500009,0.05566089861745516,2,target
298040,2024-12-23,2024-12-24,417500.0,396625.0,2,-45048.915912499884,-0.05388881727680894,1,stop
196170,2024-12-24,2024-12-26,280000.0,296800.0,2,31205.953520000097,0.05566089861745538,1,target
105560,2024-12-23,2025-01-02,86300.0,83400.0,10,-32451.253150000004,-0.03755964336019857,5,time
259960,2024-12-24,2025-01-03,311000.0,329660.0,2,34660.8983740001,0.05566089861745538,5,target
035420,2024-12-24,2025-01-03,200500.0,200500.0,4,-3286.7563999999547,-0.004093491870325261,5,time
329180,2025-01-02,2025-01-03,289500.0,306870.0,3,48397.0904145001,0.05566089861745516,1,target
012330,2024-12-26,2025-01-06,242000.0,244500.0,3,4502.5964250001125,0.006194798502915155,5,time
096770,2024-12-26,2025-01-06,113600.0,119000.0,8,39348.20007999998,0.04324713439640204,5,time
000810,2025-01-03,2025-01-10,356000.0,354500.0,2,-5909.074249999947,-0.008289727157388516,5,time
316140,2025-01-03,2025-01-10,15330.0,15500.0,56,5973.711828000029,0.006950481148725318,5,time
033780,2025-01-06,2025-01-13,104700.0,110982.0,8,46675.190479199984,0.05566089861745516,5,target
016360,2025-01-06,2025-01-13,43000.0,43500.0,21,6768.370875000022,0.0074868163637407115,5,time
267260,2025-01-07,2025-01-14,398000.0,401500.0,2,3717.1964500000468,0.004664479934835208,5,time
272210,2025-01-13,2025-01-14,23300.0,24698.0,39,50637.232077899855,0.055660898617454935,1,target
034020,2025-01-10,2025-01-16,19770.0,20956.2,44,48473.9907999601,0.05566089861745516,4,target
000660,2025-01-14,2025-01-16,194300.0,205958.0,4,43309.405492399936,0.05566089861745516,2,target
298040,2025-01-14,2025-01-16,433000.0,458980.0,2,48257.77812200005,0.05566089861745516,2,target
035420,2025-01-10,2025-01-17,203000.0,209000.0,4,20601.508399999933,0.025342168468482695,5,time
012450,2025-01-16,2025-01-17,392897.0,373252.14999999997,2,-42394.212970715016,-0.05388881727680905,1,stop
010130,2025-01-16,2025-01-20,830000.0,879800.0,1,46251.681110000005,0.05566089861745516,2,target
068270,2025-01-14,2025-01-21,178193.0,173089.0,5,-29096.118526999955,-0.032619342029949205,5,time
329180,2025-01-20,2025-01-22,310500.0,329130.0,3,51907.760185500025,0.05566089861745516,2,target
012330,2025-01-16,2025-01-23,254000.0,252000.0,3,-9105.14009999996,-0.011935275398905376,5,time
064350,2025-01-17,2025-01-24,55800.0,59148.0,18,55970.10663479997,0.05566089861745516,5,target
033780,2025-01-17,2025-01-24,106600.0,105900.0,9,-10213.240364999976,-0.010633215657293138,5,time
267260,2025-01-22,2025-01-24,389500.0,412870.0,2,43409.71034300001,0.05566089861745516,2,target
010130,2025-01-23,2025-01-24,775000.0,821500.0,1,43186.81067500007,0.05566089861745516,1,target
035420,2025-01-23,2025-01-31,206000.0,218360.0,4,45917.331608000095,0.05566089861745516,2,target
012450,2025-01-24,2025-01-31,377634.0,400292.04000000004,2,42087.24661275605,0.05566089861745516,1,target
042660,2025-01-24,2025-01-31,51900.0,55014.0,18,52058.21746139985,0.055660898617454935,1,target
329180,2025-01-24,2025-02-03,297500.0,315350.0,3,49734.488422500086,0.05566089861745516,2,target
096770,2025-01-31,2025-02-03,129300.0,122835.0,7,-48830.86681725003,-0.053888817276809164,1,stop
443060,2025-02-03,2025-02-05,164900.0,174794.0,5,45945.19406650006,0.05566089861745516,2,target
095340,2025-02-03,2025-02-05,63300.0,67098.0,15,52910.80869149999,0.05566089861745516,2,target
009540,2025-01-24,2025-02-06,228500.0,228000.0,4,-5739.8586999999825,-0.006272718365138652,5,time
316140,2025-01-31,2025-02-07,15940.0,15390.0,63,-38663.344471499906,-0.038456639892365474,5,time
011200,2025-01-31,2025-02-07,18800.0,18580.0,53,-15709.072217000066,-0.015747716965459957,5,time
267260,2025-02-05,2025-02-10,402000.0,381900.0,2,-43376.44119000004,-0.053888817276809164,3,stop
329180,2025-02-07,2025-02-10,305500.0,323830.0,3,51071.886430500075,0.05566089861745516,1,target
012330,2025-02-05,2025-02-12,252500.0,242500.0,4,-44021.26000000001,-0.043535333776451135,5,time
010140,2025-02-10,2025-02-12,12710.0,13472.6,72,50994.986045040074,0.05566089861745516,2,target
000810,2025-02-06,2025-02-13,363500.0,358500.0,3,-19424.866349999793,-0.01779234342644176,5,time
105560,2025-02-07,2025-02-13,85900.0,81605.0,11,-50978.10855774989,-0.05388881727680894,4,stop
259960,2025-02-12,2025-02-13,351000.0,333450.0,2,-37873.45984500006,-0.053888817276809164,1,stop
010130,2025-02-10,2025-02-17,785000.0,832100.0,1,43744.05984500004,0.05566089861745516,5,target
267250,2025-02-12,2025-02-19,77400.0,77600.0,13,-1531.2737699999707,-0.0015200900405328843,5,time
298040,2025-02-17,2025-02-19,488000.0,517280.0,2,54387.51899199991,0.055660898617454935,2,target
086280,2025-02-13,2025-02-20,130800.0,130400.0,7,-6544.0573799998965,-0.00713907752209797,5,time
003490,2025-02-13,2025-02-20,23700.0,24250.0,42,18952.551764999982,0.0190182625377473,5,time
000100,2025-02-13,2025-02-20,127900.0,122200.0,7,-43451.49126499996,-0.04847712827641715,5,time
032830,2025-02-20,2025-02-21,100000.0,95000.0,9,-48555.71775000007,-0.053888817276809164,1,stop
000810,2025-02-20,2025-02-24,403500.0,383325.0,2,-43538.293582500075,-0.053888817276809164,2,stop
402340,2025-02-19,2025-02-25,100800.0,95760.0,10,-54382.40388,-0.05388881727680905,4,stop
009150,2025-02-19,2025-02-26,144900.0,141100.0,7,-30678.386130000115,-0.03021112286337424,5,time
034020,2025-02-21,2025-02-26,28750.0,27312.5,34,-52736.90455624997,-0.05388881727680905,3,stop
010120,2025-02-25,2025-02-26,51000.0,54060.0,25,71049.26917500002,0.05566089861745516,1,target
267260,2025-02-26,2025-02-27,341500.0,361990.0,3,57090.177466500085,0.05566089861745516,1,target
000660,2025-02-24,2025-02-28,202500.0,192375.0,4,-43700.14597499999,-0.05388881727680905,4,stop
329180,2025-02-24,2025-02-28,306500.0,291175.0,2,-33071.83886749996,-0.05388881727680905,4,stop
298040,2025-02-26,2025-02-28,455500.0,432725.0,2,-49149.1765225,-0.05388881727680905,2,stop
034020,2025-02-28,2025-03-04,26500.0,25175.0,28,-40031.49174499989,-0.05388881727680894,1,stop
012450,2025-02-28,2025-03-04,633165.0,671154.9,1,35283.06707230513,0.05566089861745538,1,target
010120,2025-03-04,2025-03-05,46900.0,49714.0,15,39202.47910950007,0.05566089861745516,1,target
000810,2025-02-26,2025-03-06,391000.0,386000.0,2,-13175.311899999972,-0.016828869212137,5,time
006800,2025-03-05,2025-03-06,8473.0,8981.380000000001,91,42966.30717843119,0.05566089861745538,1,target
017670,2025-02-27,2025-03-07,57500.0,55400.0,28,-65224.756659999955,-0.040465729558539554,5,time
012450,2025-03-07,2025-03-10,669600.0,709776.0,2,74626.80884640012,0.05566089861745516,1,target
402340,2025-03-04,2025-03-11,89100.0,84645.0,8,-38456.12845800002,-0.05388881727680905,5,stop
034020,2025-03-10,2025-03-11,26300.0,24985.0,62,-87972.17040350009,-0.053888817276809164,1,stop
035420,2025-03-05,2025-03-12,210500.0,214000.0,3,7881.0321750000585,0.012465523704277448,5,time
316140,2025-03-06,2025-03-13,16140.0,16030.0,53,-9318.495112500037,-0.010880958778272332,5,time
024110,2025-03-06,2025-03-13,15380.0,15780.0,56,18804.26598399994,0.02180784774293021,5,time
329180,2025-03-11,2025-03-17,298500.0,316410.0,3,49901.6631735001,0.05566089861745516,4,target
012450,2025-03-12,2025-03-17,672553.0,712906.18,1,37477.960103100864,0.055660898617454935,3,target
042660,2025-03-13,2025-03-17,72100.0,76426.0,13,52230.964704099926,0.05566089861745516,2,target
012330,2025-03-13,2025-03-18,248000.0,262880.0,4,55279.1176639999,0.055660898617454935,3,target
010120,2025-03-13,2025-03-18,40300.0,42718.0,24,53897.139722399996,0.05566089861745516,3,target
010130,2025-03-18,2025-03-19,894000.0,849300.0,1,-48232.012965,-0.05388881727680905,1,stop
000810,2025-03-17,2025-03-20,380500.0,403330.0,2,42406.66183700005,0.05566089861745516,3,target
047050,2025-03-18,2025-03-21,55000.0,58300.0,18,55167.66782999993,0.05566089861745516,3,target
000500,2025-03-19,2025-03-21,52500.0,49875.0,19,-53815.92050625,-0.05388881727680905,2,stop
015760,2025-03-18,2025-03-25,22150.0,22600.0,46,16463.319384999922,0.01613937172598856,5,time
096770,2025-03-18,2025-03-25,127100.0,124100.0,8,-28096.296560000163,-0.02760033313223753,5,time
012450,2025-03-24,2025-03-25,627257.0,664892.42,1,34953.84426266898,0.05566089861745516,1,target
042660,2025-03-25,2025-03-26,73300.0,69635.0,14,-55364.30839449982,-0.05388881727680894,1,stop
068270,2025-03-20,2025-03-27,180409.0,174534.0,4,-26388.129480200005,-0.03652508195320281,5,time
329180,2025-03-21,2025-03-27,295000.0,280250.0,3,-47746.45578750002,-0.05388881727680905,4,stop
010120,2025-03-25,2025-03-27,38560.0,36632.0,28,-58249.59704480006,-0.053888817276809164,2,stop
034020,2025-03-27,2025-03-28,25400.0,24130.0,34,-46591.908720999956,-0.05388881727680905,1,stop
009150,2025-03-25,2025-03-31,139000.0,132050.0,7,-52494.1259674998,-0.05388881727680883,4,stop
000660,2025-03-26,2025-03-31,209000.0,198550.0,5,-56378.583387500024,-0.05388881727680905,3,stop
012450,2025-03-31,2025-04-01,595746.0,631490.76,1,33197.896403082064,0.05566089861745516,1,target
402340,2025-03-27,2025-04-02,95800.0,91010.0,9,-46516.37760450004,-0.053888817276809164,4,stop
086790,2025-03-28,2025-04-03,61500.0,58425.0,14,-46451.63664749998,-0.05388881727680905,4,stop
298040,2025-04-02,2025-04-03,424000.0,402800.0,2,-45750.276279999875,-0.05388881727680894,1,stop
034020,2025-03-31,2025-04-04,23450.0,22277.5,39,-49340.70185362501,-0.05388881727680905,4,stop
012330,2025-04-01,2025-04-07,262500.0,249375.0,3,-42486.25303124997,-0.05388881727680905,4,stop
138040,2025-04-03,2025-04-07,118100.0,112195.0,7,-44601.12429325003,-0.053888817276809164,2,stop
402340,2025-04-04,2025-04-07,90300.0,85785.0,10,-48717.5701425001,-0.053888817276809164,1,stop
034020,2025-04-07,2025-04-08,21800.0,20710.0,37,-43516.713263500016,-0.05388881727680905,1,stop
011200,2025-04-07,2025-04-08,19000.0,18050.0,42,-43052.736404999974,-0.05388881727680905,1,stop
015760,2025-04-02,2025-04-09,21550.0,22500.0,44,37790.85826999997,0.03980957925372053,5,time
316140,2025-04-07,2025-04-09,16050.0,15247.5,50,-43295.51499374991,-0.05388881727680894,2,stop
042660,2025-04-08,2025-04-09,65600.0,69536.0,11,40211.10010719986,0.055660898617454935,1,target
030200,2025-04-03,2025-04-10,47300.0,48200.0,18,12663.034110000008,0.014856103421782674,5,time
006800,2025-04-09,2025-04-10,8632.0,9149.92,96,46177.678420223994,0.05566089861745516,1,target
138040,2025-04-09,2025-04-10,109300.0,115858.0,7,42635.13399670017,0.05566089861745538,1,target
352820,2025-04-09,2025-04-10,227500.0,216125.0,3,-36821.41929374996,-0.05388881727680905,1,stop
214150,2025-04-10,2025-04-11,56500.0,59890.0,14,44078.409347000066,0.05566089861745516,1,target
310210,2025-04-10,2025-04-11,105000.0,111300.0,8,46808.93028000009,0.05566089861745516,1,target
098460,2025-04-10,2025-04-14,12970.0,13748.2,65,46978.89127685013,0.05566089861745538,2,target
021240,2025-04-10,2025-04-15,71100.0,75366.0,11,43582.45758570009,0.05566089861745516,3,target
036930,2025-04-15,2025-04-16,36200.0,34390.0,24,-46872.45286800002,-0.05388881727680905,1,stop
006800,2025-04-15,2025-04-21,9030.0,9571.800000000001,97,48810.0120494701,0.05566089861745516,4,target
030200,2025-04-15,2025-04-22,47150.0,49250.0,18,34210.42137,0.04026289555432605,5,time
259960,2025-04-15,2025-04-22,372000.0,379000.0,2,10909.66650000005,0.01464668435792138,5,time
352820,2025-04-15,2025-04-22,223000.0,230500.0,3,19691.973075000104,0.02940112163179398,5,time
009540,2025-04-22,2025-04-23,222000.0,235320.0,3,37112.79472200014,0.05566089861745538,1,target
047050,2025-04-18,2025-04-24,52800.0,50160.0,23,-65517.84848400019,-0.053888817276809275,4,stop
329180,2025-04-22,2025-04-24,349000.0,369940.0,2,38895.992066000006,0.05566089861745516,2,target
064350,2025-04-22,2025-04-24,112500.0,106875.0,7,-42486.25303124997,-0.05388881727680905,2,stop
010140,2025-04-22,2025-04-25,13840.0,14670.400000000001,59,45502.73822551989,0.055660898617454935,3,target
278470,2025-04-24,2025-04-25,71000.0,75260.0,12,47477.62928400014,0.05566089861745538,1,target
298040,2025-04-23,2025-04-28,455000.0,482300.0,2,50709.67446999997,0.05566089861745516,3,target
012450,2025-04-24,2025-04-30,804504.0,764278.7999999999,1,-43403.632391940104,-0.053888817276809164,4,stop
259960,2025-04-24,2025-05-02,371500.0,385000.0,2,23875.440050000092,0.032096919596029005,5,time
035420,2025-04-25,2025-05-07,193400.0,199100.0,5,24453.021175,0.025258457955626756,5,time
196170,2025-04-29,2025-05-07,361500.0,343425.0,2,-39006.42659249983,-0.05388881727680883,3,stop
012450,2025-05-02,2025-05-07,784810.0,831898.6000000001,1,43733.47211077006,0.05566089861745516,1,target
011200,2025-04-28,2025-05-08,18770.0,18110.0,55,-40423.76255500002,-0.03911204783013278,5,time
006260,2025-05-07,2025-05-09,128200.0,135892.0,6,42863.60615639994,0.05566089861745516,2,target
042660,2025-04-30,2025-05-12,79800.0,75810.0,13,-55968.55732650007,-0.053888817276809164,5,stop
064400,2025-05-07,2025-05-12,52300.0,55438.0,16,46630.61054559995,0.05566089861745516,3,target
034020,2025-05-08,2025-05-12,27450.0,29097.0,39,59656.309894350125,0.05566089861745516,2,target
012450,2025-05-12,2025-05-13,862601.0,819470.95,1,-46538.01187429752,-0.05388881727680905,1,stop
015760,2025-05-07,2025-05-14,25850.0,26100.0,32,4586.384560000035,0.005538099117389228,5,time
000660,2025-05-12,2025-05-14,193600.0,205216.0,4,43153.37572480005,0.05566089861745516,2,target
329180,2025-05-13,2025-05-14,392500.0,416050.0,2,43744.05984500004,0.05566089861745516,1,target
138040,2025-05-12,2025-05-15,118300.0,112385.0,8,-51059.03475400002,-0.05388881727680905,3,stop
064350,2025-05-14,2025-05-15,105700.0,112042.0,9,53011.11354209995,0.05566089861745516,1,target
079550,2025-05-14,2025-05-16,377000.0,399620.0,2,42016.5874180001,0.05566089861745516,2,target
319400,2025-05-15,2025-05-16,4250.0,4037.5,247,-56634.8496756251,-0.053888817276809164,1,stop
086790,2025-05-12,2025-05-19,64300.0,66400.0,14,25624.12769000011,0.02843222612457863,5,time
010140,2025-05-14,2025-05-21,14340.0,14890.0,66,32314.285376999993,0.034103759138832235,5,time
047040,2025-05-15,2025-05-21,3630.0,3847.8,289,58459.33867719001,0.05566089861745516,4,target
016360,2025-05-16,2025-05-22,53900.0,57134.0,16,48057.16842080001,0.05566089861745516,4,target
006800,2025-05-16,2025-05-23,12774.0,13540.44,70,49828.106283059926,0.05566089861745516,5,target
012330,2025-05-19,2025-05-26,252500.0,244000.0,3,-28529.211224999977,-0.03761905749053218,5,time
012450,2025-05-21,2025-05-27,807458.0,855905.4800000001,1,44995.53003098618,0.05566089861745538,4,target
329180,2025-05-26,2025-05-27,389000.0,412340.0,2,43353.98542599997,0.05566089861745516,1,target
042660,2025-05-21,2025-05-28,77600.0,76500.0,14,-19806.884510000004,-0.01821072329999862,5,time
278470,2025-05-27,2025-05-28,111200.0,117872.0,8,49572.88616320002,0.05566089861745516,1,target
030200,2025-05-22,2025-05-29,51100.0,51000.0,25,-7728.080374999903,-0.006042428285451873,5,time
000660,2025-05-23,2025-05-29,199900.0,211894.0,4,44557.64363320009,0.05566089861745516,4,target
009830,2025-05-27,2025-05-30,28800.0,30528.0,31,49751.20589760004,0.05566089861745516,3,target
329180,2025-05-29,2025-06-02,402500.0,426650.0,2,44858.55818499997,0.05566089861745516,2,target
011200,2025-05-28,2025-06-04,22000.0,23320.0,46,56393.616004000185,0.05566089861745538,4,target
032830,2025-05-29,2025-06-04,98300.0,104198.0,11,60255.35275209998,0.05566089861745516,3,target
272210,2025-06-02,2025-06-04,45500.0,43225.0,19,-46640.46443875006,-0.053888817276809164,1,stop
267270,2025-05-28,2025-06-05,68700.0,69200.0,14,3037.714890000061,0.003154735990880564,5,time
034730,2025-06-04,2025-06-05,169900.0,180094.0,5,47338.31699149986,0.055660898617454935,1,target
012330,2025-06-04,2025-06-09,249500.0,264470.0,4,55613.46716600016,0.05566089861745538,2,target
015760,2025-05-30,2025-06-10,30050.0,28547.5,40,-64848.85859499988,-0.05388881727680894,5,stop
267260,2025-06-04,2025-06-10,383000.0,405980.0,2,42685.286422000034,0.05566089861745516,3,target
064350,2025-06-10,2025-06-11,159500.0,169070.0,7,62216.8698305001,0.05566089861745516,1,target
042660,2025-06-05,2025-06-12,77500.0,82150.0,14,60461.534945000196,0.05566089861745538,4,target
010140,2025-06-10,2025-06-12,16690.0,17691.4,67,62313.27393691009,0.05566089861745516,2,target
259960,2025-06-05,2025-06-13,365000.0,366500.0,3,-0.7952250000089407,-7.253985595534473e-07,5,time
329180,2025-06-09,2025-06-16,419500.0,444670.0,2,46753.205363000045,0.05566089861745516,5,target
009150,2025-06-11,2025-06-16,130900.0,124355.0,9,-63559.43453475018,-0.053888817276809275,3,stop
000660,2025-06-16,2025-06-17,238000.0,252280.0,4,53050.12098400004,0.05566089861745516,1,target
033780,2025-06-12,2025-06-18,120100.0,127306.0,9,60233.06278529996,0.05566089861745516,4,target
316140,2025-06-12,2025-06-19,20350.0,20850.0,57,23662.273485000012,0.02037595550386806,5,time
105560,2025-06-13,2025-06-20,105900.0,106500.0,11,1806.5496900000144,0.0015490379207776517,5,time
028260,2025-06-16,2025-06-23,165000.0,161600.0,6,-24397.077780000167,-0.024615201734815795,5,time
138040,2025-06-17,2025-06-24,108700.0,115222.0,10,60572.98477900005,0.05566089861745516,5,target
010950,2025-06-18,2025-06-24,62300.0,59185.0,18,-60500.42431650008,-0.053888817276809164,4,stop
329180,2025-06-19,2025-06-24,431500.0,457390.0,2,48090.603371000034,0.05566089861745516,3,target
000660,2025-06-20,2025-06-24,249000.0,263940.0,6,83253.02599800006,0.05566089861745516,2,target
034020,2025-06-23,2025-06-24,59100.0,62646.0,16,52693.481515199994,0.05566089861745516,1,target
042660,2025-06-24,2025-06-25,87300.0,82935.0,13,-61228.760082750116,-0.053888817276809164,1,stop
010120,2025-06-24,2025-06-26,59700.0,56715.0,19,-61196.38960424997,-0.05388881727680905,2,stop
009540,2025-06-24,2025-06-26,380500.0,361475.0,3,-61584.83534624963,-0.05388881727680872,2,stop
012450,2025-06-25,2025-06-26,897000.0,852150.0,1,-48393.865357500035,-0.053888817276809164,1,stop
064350,2025-06-26,2025-06-27,195500.0,207230.0,6,65365.32764100004,0.05566089861745516,1,target
272210,2025-06-26,2025-06-27,61500.0,58425.0,19,-63041.50687874993,-0.05388881727680905,1,stop
298040,2025-06-24,2025-06-30,840000.0,890400.0,1,46808.93028000009,0.05566089861745516,4,target
034020,2025-06-27,2025-06-30,64300.0,68158.0,19,68079.13109889999,0.05566089861745516,1,target
012330,2025-06-24,2025-07-01,286500.0,288000.0,4,1285.7745000000577,0.0011206783293065126,5,time
402340,2025-06-30,2025-07-01,177700.0,188362.0,7,69316.2242562999,0.05566089861745516,1,target
079550,2025-06-26,2025-07-02,540000.0,513000.0,2,-58266.86129999976,-0.05388881727680883,4,stop
329180,2025-06-27,2025-07-02,429500.0,408025.0,2,-46343.73505250004,-0.053888817276809164,3,stop
042660,2025-07-01,2025-07-02,80300.0,76285.0,15,-64983.73558874987,-0.05388881727680894,1,stop
012450,2025-07-02,2025-07-04,833000.0,791350.0,1,-44941.01431749994,-0.05388881727680905,2,stop
009150,2025-06-30,2025-07-07,136000.0,138900.0,9,21006.859095000196,0.01714274984714592,5,time
000660,2025-07-04,2025-07-07,279500.0,265525.0,3,-45237.74370375008,-0.053888817276809164,1,stop
000270,2025-07-01,2025-07-08,97000.0,99100.0,13,22051.688035000116,0.017467370676812033,5,time
316140,2025-07-02,2025-07-08,22450.0,23797.0,45,56296.09739925014,0.05566089861745538,4,target
402340,2025-07-07,2025-07-08,159600.0,169176.0,7,62255.87727239984,0.055660898617454935,1,target
042700,2025-07-02,2025-07-09,95500.0,94600.0,10,-12887.248550000018,-0.013478998229662587,5,time
329180,2025-07-07,2025-07-09,371500.0,393790.0,3,62105.41999650025,0.05566089861745538,2,target
034730,2025-07-08,2025-07-09,192600.0,204156.0,6,64395.7140852001,0.05566089861745516,1,target
012330,2025-07-08,2025-07-10,294000.0,311640.0,4,65532.50239200005,0.05566089861745516,2,target
003550,2025-07-09,2025-07-10,78500.0,83210.0,14,61241.68378299987,0.055660898617454935,1,target
009830,2025-07-10,2025-07-11,33700.0,35722.0,38,71361.32871020003,0.05566089861745516,1,target
034020,2025-07-11,2025-07-14,63500.0,60325.0,22,-75369.26410749974,-0.05388881727680894,1,stop
005930,2025-07-08,2025-07-15,61600.0,63700.0,19,34985.83952499996,0.029857866361368002,5,time
032830,2025-07-14,2025-07-15,131500.0,139390.0,10,73278.26585499989,0.05566089861745516,1,target
005490,2025-07-09,2025-07-16,314000.0,305500.0,3,-29285.32912499993,-0.031052744478931138,5,time
030200,2025-07-09,2025-07-16,56100.0,58000.0,20,33289.79370000027,0.029635962059200383,5,time
009150,2025-07-10,2025-07-17,136300.0,137800.0,9,8432.939384999918,0.006866594426039319,5,time
329180,2025-07-15,2025-07-18,385500.0,408630.0,3,64445.86651049997,0.05566089861745516,3,target
000660,2025-07-17,2025-07-18,283500.0,269325.0,4,-61180.204364999896,-0.05388881727680894,1,stop
034020,2025-07-18,2025-07-21,63700.0,67522.0,19,67443.86704509985,0.055660898617454935,1,target
015760,2025-07-16,2025-07-23,36700.0,37800.0,32,30283.30255999975,0.025756566956449456,5,time
035720,2025-07-16,2025-07-23,56900.0,55000.0,20,-42551.725699999835,-0.03734871797658845,5,time
307950,2025-07-16,2025-07-23,165600.0,159200.0,7,-49418.560800000094,-0.042582632281134125,5,time
034730,2025-07-18,2025-07-25,213000.0,210500.0,5,-16827.732374999905,-0.01578253539297403,5,time
000660,2025-07-21,2025-07-28,267500.0,262000.0,5,-32900.27112499974,-0.02457007428046798,5,time
032830,2025-07-23,2025-07-28,132600.0,125970.0,8,-57231.00598799996,-0.05388881727680905,3,stop
009150,2025-07-23,2025-07-30,135300.0,143418.0,8,60316.65016079997,0.05566089861745516,5,target
028260,2025-07-23,2025-07-30,171900.0,175500.0,6,17309.438640000066,0.016763188928201833,5,time
005930,2025-07-28,2025-07-30,68200.0,72292.0,17,64607.46876980015,0.05566089861745516,2,target
402340,2025-07-25,2025-08-01,150500.0,142975.0,9,-73076.35521375015,-0.053888817276809164,5,stop
005380,2025-07-28,2025-08-01,221500.0,210425.0,5,-59750.50823124987,-0.05388881727680894,4,stop
005490,2025-07-30,2025-08-01,315000.0,299250.0,3,-50983.50363749999,-0.05388881727680905,2,stop
009540,2025-07-30,2025-08-04,352500.0,334875.0,3,-57052.96835624997,-0.05388881727680905,3,stop
316140,2025-07-30,2025-08-04,24650.0,23417.5,47,-62504.69644362503,-0.05388881727680905,3,stop
034730,2025-08-01,2025-08-04,199600.0,189620.0,6,-64611.47508600005,-0.053888817276809164,1,stop
009150,2025-08-04,2025-08-05,143500.0,152110.0,7,55975.67912649992,0.05566089861745516,1,target
000660,2025-08-05,2025-08-07,264000.0,250800.0,6,-85458.06323999981,-0.05388881727680894,2,stop
006800,2025-08-01,2025-08-08,18599.0,18818.0,64,9096.445135999937,0.007633134576279232,5,time
005930,2025-08-04,2025-08-11,69500.0,71000.0,15,18161.295374999987,0.0174008931972216,5,time
005380,2025-08-04,2025-08-11,210000.0,212500.0,5,8160.039374999702,0.007762537988361018,5,time
373220,2025-08-04,2025-08-11,379000.0,389000.0,2,16834.60340000002,0.022183724703016994,5,time
012450,2025-08-11,2025-08-13,875000.0,831250.0,1,-47206.947812499944,-0.05388881727680905,2,stop
035420,2025-08-07,2025-08-14,230000.0,224500.0,6,-38558.23034999985,-0.02790864749951316,5,time
009150,2025-08-08,2025-08-18,156400.0,158200.0,8,9229.880239999853,0.007368347737304992,5,time
105560,2025-08-11,2025-08-18,113600.0,107920.0,8,-49030.48476800008,-0.053888817276809164,4,stop
329180,2025-08-13,2025-08-18,463500.0,491310.0,2,51656.99805900012,0.05566089861745538,2,target
034730,2025-08-11,2025-08-19,190900.0,181355.0,5,-51496.03621375002,-0.05388881727680905,5,stop
006260,2025-08-18,2025-08-20,162000.0,153900.0,6,-52440.175169999944,-0.05388881727680905,2,stop
035720,2025-08-14,2025-08-21,63000.0,66780.0,24,84256.07450400013,0.05566089861745516,4,target
034020,2025-08-21,2025-08-22,58200.0,61692.0,30,97295.705082,0.05566089861745516,1,target
055550,2025-08-18,2025-08-25,69000.0,66700.0,15,-38639.929275,-0.03729037547464786,5,time
033780,2025-08-18,2025-08-25,135300.0,137900.0,7,14264.940270000137,0.015044401116645734,5,time
402340,2025-08-22,2025-08-25,135100.0,143206.0,13,97869.67172709992,0.05566089861745516,1,target
005930,2025-08-19,2025-08-26,70400.0,70300.0,15,-5823.277125000255,-0.00550813179664611,5,time
000660,2025-08-20,2025-08-27,254500.0,260000.0,3,13322.381474999944,0.017429045633459372,5,time
003670,2025-08-25,2025-08-28,154700.0,146965.0,8,-66769.50698600011,-0.053888817276809164,3,stop
373220,2025-08-25,2025-08-29,373000.0,354350.0,3,-60370.94240249973,-0.05388881727680883,4,stop
402340,2025-08-28,2025-08-29,138900.0,147234.0,9,69661.71874170029,0.05566089861745538,1,target
009150,2025-08-25,2025-09-01,156300.0,165678.0,8,69678.43621680001,0.05566089861745516,5,target
034020,2025-08-29,2025-09-01,63100.0,59945.0,19,-64681.61112274998,-0.05388881727680905,1,stop
006400,2025-08-29,2025-09-01,216500.0,205675.0,5,-58401.73829374986,-0.05388881727680894,1,stop
011200,2025-08-26,2025-09-02,22500.0,22350.0,60,-14506.037550000008,-0.010732868591189826,5,time
028260,2025-08-27,2025-09-03,163700.0,171300.0,4,27626.877920000115,0.042142851818040894,5,time
402340,2025-09-02,2025-09-05,145000.0,153700.0,12,96961.35557999997,0.05566089861745516,3,target
373220,2025-09-01,2025-09-08,352000.0,343500.0,3,-29752.52392500022,-0.028142370617775025,5,time
267260,2025-09-01,2025-09-08,492500.0,509000.0,2,28865.987349999952,0.029271903833511415,5,time
005490,2025-09-01,2025-09-08,283500.0,279500.0,4,-20600.189999999944,-0.018145082813953883,5,time
034730,2025-09-03,2025-09-08,201000.0,213060.0,3,33602.12495100009,0.05566089861745538,3,target
032830,2025-09-05,2025-09-09,148500.0,157410.0,13,107576.95226849988,0.05566089861745516,2,target
012450,2025-09-08,2025-09-11,924000.0,979440.0,1,51489.82330800011,0.05566089861745516,3,target
005380,2025-09-08,2025-09-15,218000.0,215000.0,4,-15538.253799999948,-0.017798627303302506,5,time
000270,2025-09-08,2025-09-15,106100.0,101700.0,9,-43396.62839999993,-0.04539404451660778,5,time
068270,2025-09-08,2025-09-15,169900.0,170000.0,5,-2982.8949250000296,-0.0035073197054462657,5,time
034020,2025-09-09,2025-09-16,61100.0,63300.0,37,71895.22799000004,0.03176566226855004,5,time
329180,2025-09-11,2025-09-18,509000.0,499500.0,1,-11557.977324999985,-0.022681137896321202,5,time
012330,2025-09-15,2025-09-22,310500.0,312500.0,3,2164.838400000008,0.0023213648648094942,5,time
015760,2025-09-15,2025-09-22,36600.0,35900.0,28,-23742.05358000018,-0.023140884102313852,5,time
000150,2025-09-15,2025-09-22,620000.0,589000.0,1,-33449.49445,-0.05388881727680905,5,stop
012450,2025-09-16,2025-09-23,994000.0,1004000.0,2,11793.817400000058,0.005925688291944953,5,time
032830,2025-09-18,2025-09-25,154900.0,150200.0,8,-42567.64276000019,-0.03431144273029629,5,time
329180,2025-09-22,2025-09-25,496000.0,525760.0,1,27639.55883199995,0.055660898617454935,3,target
010120,2025-09-22,2025-09-25,59900.0,56905.0,14,-45243.13878349995,-0.05388881727680905,3,stop
000660,2025-09-23,2025-09-26,355500.0,337725.0,6,-115077.05106749944,-0.05388881727680883,3,stop
009150,2025-09-25,2025-09-26,199000.0,189050.0,4,-42944.83480999991,-0.05388881727680894,1,stop
105560,2025-09-22,2025-09-29,117400.0,115700.0,7,-15232.8189650001,-0.018514625292986864,5,time
028260,2025-09-25,2025-09-30,193400.0,183730.0,4,-41736.336945999996,-0.05388881727680905,3,stop
000660,2025-09-29,2025-10-01,339500.0,359870.0,2,37837.218643,0.05566089861745516,2,target
329180,2025-09-30,2025-10-01,482000.0,510920.0,2,53718.81998800009,0.05566089861745516,1,target
012330,2025-09-25,2025-10-02,307000.0,297000.0,3,-33686.000699999975,-0.036533443275200694,5,time
402340,2025-09-26,2025-10-02,203500.0,215710.0,7,79380.14426650014,0.05566089861745516,4,target
005380,2025-09-26,2025-10-10,215000.0,217000.0,7,7790.936299999943,0.005170754716927295,5,time
034020,2025-10-01,2025-10-10,62700.0,66462.0,14,48915.332142599975,0.05566089861745516,2,target
009150,2025-10-02,2025-10-10,197800.0,209668.0,6,66134.33149560029,0.05566089861745538,1,target
012450,2025-10-10,2025-10-13,1069000.0,1015550.0,1,-57673.402527499944,-0.05388881727680905,1,stop
010130,2025-10-10,2025-10-13,931000.0,986860.0,1,51879.89772700006,0.05566089861745516,1,target
051910,2025-10-01,2025-10-14,279000.0,295740.0,3,46641.755529000075,0.05566089861745516,4,target
373220,2025-10-02,2025-10-14,350000.0,371000.0,3,58511.16284999973,0.055660898617454935,3,target
035420,2025-10-10,2025-10-17,256500.0,255500.0,5,-10241.201249999925,-0.007976168315275256,5,time
329180,2025-10-13,2025-10-20,514000.0,512000.0,2,-8201.15739999991,-0.007968614470051594,5,time
316140,2025-10-13,2025-10-20,25300.0,25950.0,52,28308.76398999989,0.021493038970950895,5,time
105560,2025-10-14,2025-10-20,110100.0,116706.0,10,61353.133616999956,0.05566089861745516,4,target
068270,2025-10-14,2025-10-21,170100.0,180306.0,6,56872.85029019986,0.055660898617454935,5,target
012450,2025-10-20,2025-10-21,929000.0,984740.0,1,51768.44789300009,0.05566089861745516,1,target
010120,2025-10-20,2025-10-21,61400.0,65084.0,20,68430.19807599974,0.055660898617454935,1,target
010130,2025-10-17,2025-10-22,1243000.0,1180850.0,1,-67060.84129250003,-0.05388881727680905,3,stop
443060,2025-10-21,2025-10-22,227000.0,240620.0,5,63247.78079500003,0.05566089861745516,1,target
028050,2025-10-21,2025-10-23,27750.0,29415.0,44,68040.12365700025,0.05566089861745538,2,target
278470,2025-10-21,2025-10-24,234500.0,248570.0,5,65337.46518249996,0.05566089861745516,3,target
007660,2025-10-22,2025-10-24,81800.0,86708.0,16,72932.77136959997,0.05566089861745516,2,target
034020,2025-10-23,2025-10-27,76600.0,81196.0,18,76833.5155596002,0.05566089861745538,2,target
028260,2025-10-21,2025-10-28,209000.0,207000.0,5,-14253.138500000001,-0.013623697689748027,5,time
021240,2025-10-22,2025-10-29,93400.0,91300.0,14,-34672.13364999974,-0.026485394087373493,5,time
000270,2025-10-27,2025-10-30,115400.0,122324.0,14,90029.17590520019,0.05566089861745516,3,target
105560,2025-10-24,2025-10-31,115000.0,116600.0,11,12363.891319999937,0.009762598677565792,5,time
068270,2025-10-24,2025-10-31,173500.0,175600.0,7,9679.399765000213,0.00796070793989001,5,time
032830,2025-10-29,2025-10-31,161900.0,153805.0,7,-61142.43880674988,-0.05388881727680894,2,stop
009150,2025-10-31,2025-11-03,226000.0,239560.0,6,75562.98745200015,0.05566089861745516,1,target
012330,2025-10-29,2025-11-05,306500.0,291175.0,3,-49607.75830124994,-0.05388881727680905,5,stop
012450,2025-10-30,2025-11-05,1000000.0,950000.0,1,-53950.797499999986,-0.05388881727680905,4,stop
373220,2025-11-03,2025-11-05,480000.0,456000.0,3,-77689.14840000006,-0.053888817276809164,2,stop
034020,2025-11-03,2025-11-05,89500.0,85025.0,17,-82086.13839624962,-0.05388881727680883,2,stop
066570,2025-10-31,2025-11-06,86800.0,92008.0,17,82227.68752519996,0.05566089861745516,4,target
009150,2025-11-05,2025-11-07,230500.0,218975.0,5,-62178.29411874991,-0.05388881727680905,2,stop
042700,2025-11-05,2025-11-07,132700.0,126065.0,9,-64433.43745424994,-0.05388881727680905,2,stop
005930,2025-11-06,2025-11-07,103700.0,98515.0,17,-95109.86091274978,-0.05388881727680894,1,stop
032830,2025-11-05,2025-11-10,153000.0,162180.0,7,59681.38610700006,0.05566089861745516,3,target
034020,2025-11-07,2025-11-10,76000.0,80560.0,17,71996.59276400018,0.05566089861745538,1,target
329180,2025-11-07,2025-11-11,521000.0,552260.0,2,58065.363514000084,0.05566089861745516,2,target
006400,2025-11-07,2025-11-11,310000.0,328600.0,4,69098.89708000002,0.05566089861745516,2,target
005930,2025-11-10,2025-11-11,98600.0,104516.0,14,76922.67542680004,0.05566089861745516,1,target
000270,2025-11-05,2025-11-12,114400.0,118600.0,10,37187.84110000008,0.032469509302267774,5,time
068270,2025-11-10,2025-11-13,174000.0,184440.0,8,77569.08446400007,0.05566089861745516,3,target
307950,2025-11-11,2025-11-14,191500.0,181925.0,6,-61989.46632749983,-0.05388881727680894,3,stop
035420,2025-11-11,2025-11-18,261500.0,249000.0,5,-67674.14337499975,-0.051698965490290516,5,time
011070,2025-11-11,2025-11-18,250500.0,237975.0,5,-67573.37386874994,-0.05388881727680905,5,stop
278470,2025-11-12,2025-11-19,213000.0,224500.0,6,63559.08495000028,0.04967610833385927,5,time
373220,2025-11-18,2025-11-19,461000.0,437950.0,2,-49742.63529499993,-0.05388881727680905,1,stop
042660,2025-11-13,2025-11-20,126500.0,125000.0,12,-24168.002699999837,-0.015902659950914222,5,time
005930,2025-11-14,2025-11-21,99000.0,94800.0,11,-50526.73988999997,-0.04634407100309934,5,time
005380,2025-11-18,2025-11-21,269000.0,255550.0,4,-58051.05810999975,-0.05388881727680883,3,stop
105560,2025-11-19,2025-11-21,124500.0,118275.0,10,-67168.74288749998,-0.05388881727680905,2,stop
000660,2025-11-20,2025-11-21,595000.0,565250.0,2,-64201.44902499998,-0.05388881727680905,1,stop
240810,2025-11-21,2025-11-24,56200.0,59572.0,21,65766.54704339965,0.055660898617454935,1,target
067310,2025-11-21,2025-11-25,22750.0,24115.0,52,65922.57681100024,0.05566089861745538,2,target
032830,2025-11-19,2025-11-26,151000.0,151600.0,9,-185.37326999986544,-0.00013624746716101033,5,time
000660,2025-11-25,2025-11-26,546000.0,518700.0,2,-58914.270869999775,-0.05388881727680883,1,stop
005830,2025-11-21,2025-11-27,121200.0,128472.0,9,60784.7394636001,0.05566089861745516,4,target
000270,2025-11-21,2025-11-28,111900.0,114100.0,10,17349.257100000046,0.015486439478068714,5,time
329180,2025-11-26,2025-11-28,557000.0,529150.0,2,-60101.18841499998,-0.05388881727680905,2,stop
005380,2025-11-24,2025-12-01,262000.0,254500.0,5,-42758.09012499987,-0.03260226595800675,5,time
196170,2025-11-27,2025-12-01,520000.0,551200.0,2,57953.91368000023,0.05566089861745538,2,target
353200,2025-11-28,2025-12-01,49850.0,47357.5,26,-69925.62863974995,-0.05388881727680905,1,stop
214370,2025-11-28,2025-12-01,71500.0,75790.0,18,71717.96817900008,0.05566089861745516,1,target
028260,2025-12-01,2025-12-03,226500.0,240090.0,5,63108.468502500094,0.05566089861745516,2,target
064760,2025-11-27,2025-12-04,144500.0,144400.0,9,-6227.055854999693,-0.004782700526470229,5,time
009150,2025-12-01,2025-12-08,255000.0,262000.0,4,23737.290600000066,0.02324511815676389,5,time
329180,2025-12-01,2025-12-08,536000.0,543000.0,2,9565.45690000034,0.008912749840323642,5,time
034020,2025-12-01,2025-12-08,77400.0,76800.0,16,-14646.909599999897,-0.011813697359702613,5,time
005490,2025-12-03,2025-12-10,310000.0,314500.0,5,16081.458875000011,0.010363215505750478,5,time
352820,2025-12-08,2025-12-10,289000.0,306340.0,4,64418.00405200012,0.05566089861745516,2,target
068270,2025-12-04,2025-12-11,183800.0,186700.0,7,14967.410464999964,0.011619940521274463,5,time
034730,2025-12-08,2025-12-15,265500.0,259000.0,4,-30275.639099999797,-0.028475383783104435,5,time
033780,2025-12-08,2025-12-15,143000.0,143000.0,8,-4688.340799999889,-0.004093491870325261,5,time
005930,2025-12-11,2025-12-16,109200.0,103740.0,12,-70697.1250440001,-0.053888817276809164,3,stop
034020,2025-12-10,2025-12-17,76700.0,75500.0,19,-28705.091320000123,-0.019674819246539355,5,time
105560,2025-12-10,2025-12-17,126500.0,124300.0,11,-29831.302489999915,-0.02141360505518919,5,time
373220,2025-12-16,2025-12-17,441000.0,418950.0,3,-71376.90509250015,-0.053888817276809164,1,stop
006400,2025-12-15,2025-12-18,301500.0,286425.0,3,-48798.49633874989,-0.05388881727680894,3,stop
000660,2025-12-17,2025-12-18,530000.0,561800.0,2,59068.41202000016,0.05566089861745538,1,target
402340,2025-12-17,2025-12-19,281500.0,298390.0,5,78432.82067749999,0.05566089861745516,2,target
042700,2025-12-15,2025-12-22,116500.0,123490.0,9,58427.575474499725,0.055660898617454935,5,target
005380,2025-12-17,2025-12-24,288000.0,289000.0,4,-732.9185999999754,-0.0006354831615417167,5,time
329180,2025-12-18,2025-12-24,510000.0,540600.0,2,56839.415340000065,0.05566089861745516,4,target
028260,2025-12-18,2025-12-26,239500.0,240500.0,5,77.66525000007823,6.47816500491949e-05,5,time
005930,2025-12-22,2025-12-26,109700.0,116282.0,13,79469.30413369974,0.055660898617454935,3,target
373220,2025-12-19,2025-12-29,381000.0,380000.0,4,-10233.864599999972,-0.006707419713185336,5,time
012330,2025-12-24,2026-01-05,365500.0,372000.0,3,14948.83672500006,0.013617567781775586,5,time
034020,2025-12-26,2026-01-05,75900.0,80454.0,16,67672.33920480008,0.05566089861745516,4,target
034730,2025-12-26,2026-01-05,247000.0,261820.0,5,68820.27249499992,0.05566089861745516,4,target
329180,2025-12-29,2026-01-06,507000.0,537420.0,2,56505.06583800004,0.05566089861745516,4,target
006400,2026-01-05,2026-01-06,260000.0,275600.0,5,72442.39210000006,0.05566089861745516,1,target
032830,2025-12-29,2026-01-07,156900.0,166314.0,9,78689.15529569983,0.055660898617454935,5,target
307950,2026-01-06,2026-01-07,327500.0,347150.0,4,72999.64127000002,0.05566089861745516,1,target
009150,2026-01-07,2026-01-08,270000.0,286200.0,6,90274.36553999968,0.055660898617454935,1,target
105560,2026-01-05,2026-01-12,124200.0,125500.0,11,8658.88204499986,0.006330650324268605,5,time
267260,2026-01-08,2026-01-12,812000.0,860720.0,2,90497.26520800008,0.05566089861745516,2,target
000810,2026-01-06,2026-01-13,487500.0,476500.0,2,-25930.887899999972,-0.02656522846402054,5,time
180640,2026-01-06,2026-01-13,117400.0,119300.0,11,15545.970274999738,0.01202424548441372,5,time
352820,2026-01-07,2026-01-14,333000.0,331000.0,4,-13435.217999999877,-0.010074912339572584,5,time
066570,2026-01-12,2026-01-14,88900.0,94234.0,19,94124.95730469981,0.055660898617454935,2,target
006800,2026-01-12,2026-01-15,28227.0,29920.620000000003,61,95949.78116169921,0.05566089861745516,3,target
028260,2026-01-13,2026-01-16,271000.0,287260.0,4,60405.81002800027,0.05566089861745538,3,target
005930,2026-01-14,2026-01-16,137000.0,145220.0,12,91611.76354800002,0.05566089861745516,2,target
402340,2026-01-13,2026-01-20,431500.0,427000.0,2,-12510.214150000014,-0.014479538884423993,5,time
005830,2026-01-14,2026-01-20,122100.0,129426.0,14,95256.17311979993,0.05566089861745516,4,target
001440,2026-01-15,2026-01-20,25850.0,27401.0,75,108036.6828337498,0.055660898617454935,3,target
042700,2026-01-20,2026-01-21,176400.0,167580.0,9,-85652.286111,-0.05388881727680905,1,stop
010120,2026-01-21,2026-01-22,101400.0,107484.0,17,96058.61192460009,0.05566089861745516,1,target
068270,2026-01-16,2026-01-23,210000.0,212000.0,6,6800.891400000313,0.005391332016624117,5,time
035420,2026-01-16,2026-01-23,248500.0,263410.0,5,69238.20937250042,0.05566089861745538,5,target
009150,2026-01-22,2026-01-23,286000.0,271700.0,6,-92579.56851000013,-0.053888817276809164,1,stop
034730,2026-01-20,2026-01-27,292500.0,298000.0,5,21425.311125000007,0.014632955291087324,5,time
329180,2026-01-23,2026-01-27,620000.0,589000.0,2,-66898.9889,-0.05388881727680905,2,stop
005380,2026-01-26,2026-01-27,499000.0,474050.0,3,-80764.3438575,-0.05388881727680905,1,stop
000660,2026-01-22,2026-01-28,766000.0,811960.0,2,85370.57284400007,0.05566089861745516,4,target
005930,2026-01-27,2026-01-28,150500.0,159530.0,9,75479.40007649991,0.05566089861745516,1,target
402340,2026-01-27,2026-01-28,444500.0,471170.0,3,74309.17681950005,0.05566089861745516,1,target
034020,2026-01-23,2026-01-30,90800.0,90600.0,16,-9144.431199999992,-0.006287118540214465,5,time
051910,2026-01-28,2026-01-30,349500.0,332025.0,4,-75423.21490500006,-0.053888817276809164,2,stop
066570,2026-01-28,2026-02-02,102000.0,96900.0,15,-82544.72017499991,-0.05388881727680905,3,stop
005490,2026-01-28,2026-02-02,363500.0,345325.0,4,-78444.45956499991,-0.05388881727680905,3,stop
009540,2026-01-30,2026-02-02,422000.0,400900.0,3,-68301.70963499998,-0.05388881727680905,1,stop
000270,2026-01-27,2026-02-03,149300.0,154000.0,10,40742.82905000006,0.027257885143803673,5,time
005930,2026-02-02,2026-02-03,155700.0,165042.0,9,78087.3261921003,0.05566089861745538,1,target
009150,2026-02-02,2026-02-03,289000.0,306340.0,5,80522.50506499992,0.05566089861745516,1,target
005380,2026-02-03,2026-02-04,487000.0,516220.0,3,81414.10373700014,0.05566089861745516,1,target
034020,2026-02-03,2026-02-04,88300.0,93598.0,18,88569.18307979987,0.05566089861745516,1,target
105560,2026-01-30,2026-02-06,137700.0,145962.0,11,84406.5317799002,0.05566089861745516,5,target
329180,2026-02-03,2026-02-06,569000.0,540550.0,2,-61396.00755500002,-0.05388881727680905,3,stop
066970,2026-02-04,2026-02-06,119400.0,113430.0,16,-103067.60354399984,-0.05388881727680894,2,stop
373220,2026-02-02,2026-02-09,392500.0,394500.0,3,1156.6812000002246,0.0009811909736476832,5,time
000660,2026-02-06,2026-02-09,805000.0,853300.0,1,44858.55818499997,0.05566089861745516,1,target
009150,2026-02-06,2026-02-09,279500.0,296270.0,5,77875.57150750002,0.05566089861745516,1,target
010950,2026-02-04,2026-02-11,99500.0,105470.0,19,105347.95558850002,0.05566089861745516,5,target
005380,2026-02-09,2026-02-11,484000.0,513040.0,3,80912.57948400034,0.05566089861745538,2,target
005930,2026-02-09,2026-02-12,168600.0,178716.0,8,75161.76804960007,0.05566089861745516,3,target
035420,2026-02-06,2026-02-13,251000.0,252500.0,6,2801.5783500000834,0.0018581406483779705,5,time
402340,2026-02-09,2026-02-13,548000.0,580880.0,2,61074.50903200009,0.05566089861745516,4,target
007660,2026-02-11,2026-02-13,110800.0,105260.0,18,-107599.47053399961,-0.05388881727680894,2,stop
009540,2026-02-11,2026-02-19,385500.0,408630.0,5,107409.7775175001,0.05566089861745516,3,target
000660,2026-02-12,2026-02-20,882000.0,934920.0,1,49149.37679399992,0.05566089861745516,3,target
0126Z0,2026-02-13,2026-02-23,610000.0,646600.0,2,67984.39874000009,0.05566089861745516,3,target
003490,2026-02-13,2026-02-23,24800.0,26288.0,70,96738.4559119998,0.055660898617454935,3,target
062040,2026-02-13,2026-02-23,150500.0,159530.0,11,92252.60009349999,0.05566089861745516,3,target
005380,2026-02-19,2026-02-23,504000.0,534240.0,5,140426.79084000038,0.05566089861745538,2,target
042700,2026-02-23,2026-02-24,201500.0,213590.0,9,101057.13697950006,0.05566089861745516,1,target
010130,2026-02-23,2026-02-24,1676000.0,1776560.0,1,93394.960892,0.05566089861745516,1,target
440110,2026-02-23,2026-02-24,51200.0,54272.0,36,102712.16701440024,0.05566089861745516,1,target
006400,2026-02-24,2026-02-25,400500.0,424530.0,4,89271.31703399983,0.055660898617454935,1,target
003670,2026-02-24,2026-02-25,228000.0,241680.0,8,101642.24860799988,0.05566089861745516,1,target
373220,2026-02-24,2026-02-26,407000.0,431420.0,4,90720.16487600002,0.05566089861745516,2,target
105560,2026-02-20,2026-02-27,167400.0,159030.0,6,-54188.181008999934,-0.05388881727680905,5,stop
034020,2026-02-25,2026-02-27,102300.0,108438.0,22,125414.49820020003,0.05566089861745516,2,target
017670,2026-02-23,2026-03-03,80900.0,78200.0,23,-69542.44683499984,-0.03733140994140216,5,time
055550,2026-02-25,2026-03-03,100300.0,95285.0,22,-119047.82976350002,-0.05388881727680905,3,stop
329180,2026-02-26,2026-03-03,590000.0,625400.0,3,98633.10308999987,0.05566089861745516,2,target
012450,2026-02-27,2026-03-03,1227000.0,1300620.0,1,68374.47315900004,0.05566089861745516,1,target
068270,2026-02-27,2026-03-03,241500.0,229425.0,7,-91203.82317374973,-0.05388881727680894,1,stop
032830,2026-03-03,2026-03-04,221000.0,209950.0,8,-95385.00998000009,-0.053888817276809164,1,stop
105560,2026-03-03,2026-03-04,157500.0,149625.0,11,-93469.75666874996,-0.05388881727680905,1,stop
086790,2026-03-03,2026-03-04,120600.0,114570.0,15,-97596.9926775,-0.05388881727680905,1,stop
009540,2026-03-03,2026-03-04,451000.0,428450.0,4,-97327.23869000003,-0.05388881727680905,1,stop
005930,2026-03-04,2026-03-05,184200.0,195252.0,9,92380.76740260003,0.05566089861745516,1,target
000660,2026-03-04,2026-03-05,894000.0,947640.0,1,49818.075797999976,0.05566089861745516,1,target
402340,2026-03-04,2026-03-05,549000.0,581940.0,3,91778.93829900026,0.05566089861745538,1,target
009150,2026-03-04,2026-03-05,387000.0,410220.0,4,86262.17151600006,0.05566089861745516,1,target
005380,2026-03-05,2026-03-06,565000.0,536750.0,3,-91446.60176250013,-0.053888817276809164,1,stop
034020,2026-03-05,2026-03-06,91000.0,96460.0,20,101419.3489399997,0.055660898617454935,1,target
028260,2026-03-05,2026-03-06,294500.0,279775.0,6,-95331.0591825,-0.05388881727680905,1,stop
373220,2026-03-04,2026-03-09,380000.0,361000.0,4,-82005.21219999995,-0.05388881727680905,3,stop
329180,2026-03-05,2026-03-09,560000.0,532000.0,3,-90637.33979999996,-0.05388881727680905,2,stop
000660,2026-03-10,2026-03-11,915000.0,969900.0,1,50988.29905500007,0.05566089861745516,1,target
402340,2026-03-10,2026-03-11,549000.0,581940.0,3,91778.93829900026,0.05566089861745538,1,target
032830,2026-03-10,2026-03-11,213000.0,225780.0,8,94955.25856800005,0.05566089861745516,1,target
028260,2026-03-10,2026-03-13,286000.0,271700.0,6,-92579.56851000013,-0.053888817276809164,3,stop
064350,2026-03-11,2026-03-16,203500.0,193325.0,9,-98810.88562125014,-0.053888817276809164,3,stop
047810,2026-03-11,2026-03-16,174000.0,184440.0,10,96961.3555800002,0.05566089861745516,3,target
005930,2026-03-10,2026-03-17,187600.0,193900.0,9,49613.444684999995,0.0293511296713429,5,time
079550,2026-03-11,2026-03-17,732000.0,695400.0,2,-78983.96753999987,-0.05388881727680894,4,stop
000660,2026-03-16,2026-03-17,925000.0,980500.0,2,103091.09645000007,0.05566089861745516,1,target
402340,2026-03-16,2026-03-17,536000.0,568160.0,3,89605.66653600009,0.05566089861745516,1,target
012330,2026-03-13,2026-03-18,399000.0,422940.0,5,111171.2094149997,0.055660898617454935,3,target
032830,2026-03-17,2026-03-18,217500.0,230550.0,8,96961.3555800002,0.05566089861745516,1,target
028260,2026-03-17,2026-03-18,283500.0,300510.0,6,94788.08381700004,0.05566089861745516,1,target
272210,2026-03-18,2026-03-19,139000.0,147340.0,14,108440.68848200003,0.05566089861745516,1,target
329180,2026-03-17,2026-03-20,587000.0,557650.0,3,-95007.35439749993,-0.05388881727680905,3,stop
012450,2026-03-18,2026-03-20,1415000.0,1344250.0,1,-76340.37846249994,-0.05388881727680905,2,stop
079550,2026-03-19,2026-03-20,720000.0,684000.0,3,-116533.72259999951,-0.05388881727680883,1,stop
005380,2026-03-17,2026-03-23,528000.0,501600.0,3,-85458.06323999981,-0.05388881727680894,4,stop
034020,2026-03-18,2026-03-23,106800.0,101460.0,18,-103715.01311399997,-0.05388881727680905,3,stop
010140,2026-03-20,2026-03-23,28750.0,27312.5,66,-102371.63825624995,-0.05388881727680905,1,stop
047810,2026-03-20,2026-03-23,191100.0,181545.0,9,-92789.97662025015,-0.053888817276809164,1,stop
950160,2026-03-20,2026-03-23,97200.0,92340.0,19,-99636.33282299992,-0.05388881727680905,1,stop
402340,2026-03-23,2026-03-24,564000.0,597840.0,3,94286.559564,0.05566089861745516,1,target
329180,2026-03-23,2026-03-24,535000.0,508250.0,3,-86591.02998749982,-0.05388881727680894,1,stop
000660,2026-03-23,2026-03-25,952000.0,1009120.0,1,53050.12098400004,0.05566089861745516,2,target
012450,2026-03-23,2026-03-25,1300000.0,1378000.0,1,72442.39210000006,0.05566089861745516,2,target
005930,2026-03-23,2026-03-26,190500.0,180975.0,9,-92498.64231375023,-0.053888817276809164,3,stop
000270,2026-03-24,2026-03-26,164000.0,155800.0,14,-123871.03105999948,-0.05388881727680883,2,stop
009150,2026-03-24,2026-03-27,452000.0,429400.0,5,-121928.80234999955,-0.05388881727680883,3,stop
034020,2026-03-25,2026-03-27,102400.0,97280.0,12,-66294.73996799975,-0.05388881727680883,2,stop
010120,2026-03-25,2026-03-27,169600.0,161120.0,7,-64050.38679199992,-0.05388881727680905,2,stop
028050,2026-03-26,2026-03-27,33500.0,31825.0,59,-106633.75125874998,-0.05388881727680905,1,stop
047050,2026-03-26,2026-03-30,75500.0,71725.0,26,-105905.41549249995,-0.05388881727680905,2,stop
015760,2026-03-27,2026-03-30,44150.0,41942.5,35,-83367.46983687463,-0.05388881727680883,1,stop
278470,2026-03-27,2026-03-30,307500.0,325950.0,5,85677.05988750025,0.05566089861745538,1,target
033780,2026-03-27,2026-03-31,155400.0,164724.0,10,86596.52101800032,0.05566089861745538,2,target
307950,2026-03-27,2026-03-31,376000.0,357200.0,4,-81141.99943999993,-0.05388881727680905,2,stop
000660,2026-03-30,2026-03-31,867000.0,823650.0,1,-46775.34143250005,-0.053888817276809164,1,stop
402340,2026-03-30,2026-03-31,503000.0,477850.0,3,-81411.7534274999,-0.05388881727680905,1,stop
005930,2026-03-30,2026-04-01,171000.0,181260.0,10,95289.60807000007,0.05566089861745516,2,target
009150,2026-03-31,2026-04-01,412500.0,437250.0,3,68959.58478750009,0.05566089861745516,1,target
028260,2026-03-31,2026-04-01,251000.0,266060.0,6,83921.72500200034,0.05566089861745538,1,target
012450,2026-03-31,2026-04-01,1263000.0,1338780.0,1,70380.57017099997,0.05566089861745516,1,target
034020,2026-03-31,2026-04-02,94900.0,100594.0,16,84612.71397279995,0.05566089861745516,2,target
032830,2026-04-01,2026-04-02,228000.0,216600.0,7,-86105.47280999995,-0.05388881727680905,1,stop
000250,2026-04-02,2026-04-03,790000.0,750500.0,2,-85242.26004999992,-0.05388881727680905,1,stop
028260,2026-04-06,2026-04-07,265500.0,281430.0,6,88769.79278100003,0.05566089861745516,1,target
005380,2026-04-01,2026-04-08,472000.0,500320.0,3,78906.48247199995,0.05566089861745516,5,target
000270,2026-04-01,2026-04-08,152900.0,159200.0,11,62202.93755499972,0.0369412432586278,5,time
105560,2026-04-01,2026-04-08,148000.0,156880.0,11,90720.16487599979,0.055660898617454935,5,target
012330,2026-04-07,2026-04-09,389000.0,412340.0,5,108384.96356499987,0.05566089861745516,2,target
373220,2026-04-06,2026-04-13,399500.0,401500.0,4,1427.4920000000857,0.0008922728762563725,5,time
042660,2026-04-08,2026-04-13,127000.0,120650.0,13,-89072.76667249994,-0.05388881727680905,3,stop
010130,2026-04-08,2026-04-13,1548000.0,1640880.0,1,86262.17151600006,0.05566089861745516,3,target
010120,2026-04-09,2026-04-13,157600.0,167056.0,14,122951.45686879987,0.05566089861745516,2,target
006800,2026-04-13,2026-04-14,64900.0,68794.0,27,97646.77205910021,0.05566089861745516,1,target
034020,2026-04-08,2026-04-15,99200.0,105152.0,17,93974.50002879999,0.05566089861745516,5,target
005380,2026-04-13,2026-04-15,476500.0,505090.0,3,79658.7688515,0.05566089861745516,2,target
000270,2026-04-13,2026-04-16,147400.0,156244.0,12,98566.23318960005,0.05566089861745516,3,target
068270,2026-04-13,2026-04-16,195800.0,207548.0,9,98198.44873740012,0.05566089861745516,3,target
012450,2026-04-16,2026-04-17,1570000.0,1491500.0,1,-84702.75207499997,-0.05388881727680905,1,stop
373220,2026-04-15,2026-04-20,406000.0,430360.0,4,90497.26520800008,0.05566089861745516,3,target
000150,2026-04-17,2026-04-20,1340000.0,1420400.0,1,74671.38878000015,0.05566089861745516,1,target
079550,2026-04-17,2026-04-20,883000.0,935980.0,2,98410.20342199993,0.05566089861745516,1,target
042700,2026-04-14,2026-04-21,285000.0,295000.0,8,70420.26000000024,0.030850596134224695,5,time
105560,2026-04-15,2026-04-22,157400.0,157400.0,10,-6450.566799999913,-0.004093491870325261,5,time
006260,2026-04-20,2026-04-22,336000.0,356160.0,5,93617.86056000041,0.05566089861745538,2,target
028260,2026-04-20,2026-04-23,305000.0,323300.0,6,101976.59811000037,0.05566089861745538,3,target
267260,2026-04-22,2026-04-23,1066000.0,1129960.0,1,59402.76152200019,0.05566089861745538,1,target
032830,2026-04-20,2026-04-27,256500.0,243675.0,7,-96868.65691124974,-0.05388881727680894,5,stop
005930,2026-04-21,2026-04-28,218000.0,222000.0,12,37137.60240000021,0.014180022040310991,5,time
005380,2026-04-27,2026-04-28,520000.0,551200.0,3,86930.87052000011,0.05566089861745516,1,target
068270,2026-04-22,2026-04-29,203000.0,204000.0,8,1320.9387999998871,0.000812451519475843,5,time
055550,2026-04-23,2026-04-30,98700.0,99900.0,19,15047.429999999935,0.008014793942801468,5,time
024110,2026-04-23,2026-04-30,22600.0,22600.0,83,-7687.403559999773,-0.004093491870325261,5,time
028260,2026-04-30,2026-05-06,305500.0,323830.0,6,102143.77286100015,0.05566089861745516,2,target
006800,2026-04-30,2026-05-06,67800.0,71868.0,30,113344.48117799987,0.05566089861745516,2,target
000270,2026-04-28,2026-05-07,152900.0,157600.0,14,56833.41139000049,0.026519723225878034,5,time
105560,2026-04-28,2026-05-07,158900.0,161200.0,14,22988.21706999978,0.010321769103231793,5,time
012450,2026-04-29,2026-05-07,1406000.0,1335700.0,1,-75854.82128499984,-0.05388881727680894,4,stop
329180,2026-05-06,2026-05-08,679000.0,645050.0,3,-109897.77450750023,-0.053888817276809164,2,stop
010140,2026-05-07,2026-05-11,32250.0,34185.0,61,109624.84296825016,0.05566089861745516,2,target
068270,2026-05-07,2026-05-12,199600.0,189620.0,9,-96917.21262899996,-0.05388881727680905,3,stop
086790,2026-05-07,2026-05-12,129100.0,122645.0,15,-104475.71935875015,-0.053888817276809164,3,stop
006400,2026-05-08,2026-05-12,683000.0,648850.0,3,-110545.1840774999,-0.05388881727680905,2,stop
012450,2026-05-11,2026-05-12,1349000.0,1281550.0,1,-72779.6258274999,-0.05388881727680905,1,stop
055550,2026-05-06,2026-05-13,97900.0,95200.0,21,-64958.33494499978,-0.03155975920383003,5,time
373220,2026-05-12,2026-05-13,470000.0,446500.0,4,-101427.49929999979,-0.05388881727680894,1,stop
009150,2026-05-12,2026-05-13,912000.0,966720.0,2,101642.24860799988,0.05566089861745516,1,target
034020,2026-05-12,2026-05-13,130600.0,124070.0,14,-98643.638149,-0.05388881727680905,1,stop
267260,2026-05-12,2026-05-13,1367000.0,1298650.0,1,-73750.74018249963,-0.05388881727680883,1,stop
010120,2026-05-13,2026-05-14,277500.0,294150.0,6,92781.98680499988,0.05566089861745516,1,target
006800,2026-05-13,2026-05-15,73300.0,69635.0,25,-98864.83641874976,-0.05388881727680894,2,stop
005490,2026-05-13,2026-05-15,475000.0,503500.0,3,79408.00672500022,0.05566089861745538,2,target
028260,2026-05-14,2026-05-15,426500.0,405175.0,5,-115050.07566874963,-0.05388881727680894,1,stop
034020,2026-05-15,2026-05-18,118800.0,112860.0,15,-96140.32114499994,-0.05388881727680905,1,stop
267260,2026-05-15,2026-05-18,1267000.0,1203650.0,1,-68355.66043249983,-0.05388881727680894,1,stop
009540,2026-05-15,2026-05-18,438500.0,416575.0,4,-94629.69881500001,-0.05388881727680905,1,stop
402340,2026-05-18,2026-05-19,1087000.0,1032650.0,1,-58644.51688249991,-0.05388881727680905,1,stop
329180,2026-05-18,2026-05-19,625000.0,593750.0,2,-67438.49687499995,-0.05388881727680905,1,stop
105560,2026-05-13,2026-05-20,152800.0,151700.0,12,-20675.545260000275,-0.011262975894819172,5,time
000660,2026-05-18,2026-05-20,1780000.0,1691000.0,1,-96032.41954999999,-0.05388881727680905,2,stop
009150,2026-05-18,2026-05-20,990000.0,940500.0,1,-53411.28952500003,-0.05388881727680905,2,stop
005380,2026-05-19,2026-05-20,661000.0,627950.0,3,-106984.43144249986,-0.05388881727680905,1,stop
373220,2026-05-19,2026-05-20,411000.0,390450.0,5,-110868.88886249997,-0.05388881727680905,1,stop
