code,entry_date,exit_date,entry_price,exit_price,shares,pnl_krw,pnl_pct,hold_days,reason
237690,2020-02-05,2020-02-06,31800.0,30210.0,62,-106369.3923510001,-0.053888817276809164,1,stop
247540,2020-02-04,2020-02-07,16035.0,17317.800000000003,124,150449.6469530405,0.07557902878004885,3,target
086520,2020-02-04,2020-02-07,3020.0,3261.6000000000004,661,151045.89468632033,0.07557902878004885,3,target
196170,2020-02-06,2020-02-07,22945.0,24780.600000000002,85,147573.20563570037,0.07557902878004885,1,target
267250,2020-02-07,2020-02-10,61699.0,58614.049999999996,33,-109847.43841343233,-0.05388881727680894,1,stop
000250,2020-02-05,2020-02-11,32500.0,35100.0,61,150007.75777000026,0.07557902878004885,4,target
222800,2020-02-07,2020-02-12,13509.0,14589.720000000001,154,157414.39553901623,0.07557902878004885,3,target
034730,2020-02-07,2020-02-13,240000.0,234000.0,8,-55727.03759999992,-0.028991154573567157,4,time
010130,2020-02-07,2020-02-13,425000.0,422000.0,4,-18931.563399999868,-0.011123420163005271,4,time
021240,2020-02-10,2020-02-14,89000.0,90400.0,28,28871.72204000037,0.011572453201377453,4,time
218410,2020-02-13,2020-02-14,34587.0,32857.65,51,-95165.80788975721,-0.05388881727680894,1,stop
247540,2020-02-12,2020-02-17,21767.0,20678.649999999998,101,-118609.04792743316,-0.053888817276809386,3,stop
086520,2020-02-12,2020-02-17,3540.0,3363.0,623,-118984.16782244993,-0.05388881727680905,3,stop
180640,2020-02-14,2020-02-18,48600.0,46170.0,41,-107502.35909849987,-0.05388881727680905,2,stop
035720,2020-02-14,2020-02-20,36329.0,38236.0,54,94634.7062859002,0.048184129616731575,4,time
214450,2020-02-19,2020-02-24,44900.0,42655.0,44,-106585.195541,-0.05388881727680905,3,stop
000250,2020-02-20,2020-02-24,43200.0,41040.0,47,-109541.69924400002,-0.05388881727680905,2,stop
336260,2020-02-21,2020-02-24,8536.0,8109.2,239,-110065.23778294004,-0.05388881727680905,1,stop
087010,2020-02-21,2020-02-24,14512.0,13786.4,140,-109610.75626479997,-0.05388881727680905,1,stop
009830,2020-02-21,2020-02-26,23701.0,22515.95,86,-109967.15523308516,-0.053888817276809164,3,stop
237690,2020-02-27,2020-02-28,33100.0,31445.0,57,-101788.96964324987,-0.05388881727680905,1,stop
180640,2020-02-27,2020-02-28,60000.0,64800.00000000001,31,140738.67816000036,0.07557902878004885,1,target
087010,2020-02-27,2020-02-28,15203.0,14442.849999999999,126,-103346.96077345498,-0.05388881727680905,1,stop
028300,2020-02-28,2020-03-02,41036.0,38984.2,46,-101840.54660565988,-0.05388881727680905,1,stop
141080,2020-03-06,2020-03-10,24872.0,23628.399999999998,75,-100639.8176565005,-0.053888817276809386,2,stop
298380,2020-03-06,2020-03-10,19950.0,18952.5,94,-101173.93055175012,-0.053888817276809164,2,stop
138040,2020-03-09,2020-03-12,10400.0,9880.0,182,-102118.06950800004,-0.05388881727680905,3,stop
218410,2020-03-11,2020-03-13,35124.0,33367.799999999996,52,-98538.32619228051,-0.053888817276809386,2,stop
218410,2020-03-16,2020-03-17,37758.0,35870.1,47,-95742.48796423501,-0.05388881727680905,1,stop
068270,2020-03-24,2020-03-30,152455.0,158010.0,11,54052.15751375002,0.03219433504686564,4,time
000100,2020-03-30,2020-04-01,36973.0,39930.840000000004,48,134284.67477702396,0.07557902878004863,2,target
226950,2020-03-31,2020-04-01,18492.0,17567.399999999998,97,-96772.8402948901,-0.053888817276809164,1,stop
064350,2020-04-01,2020-04-02,12000.0,11400.0,150,-97111.43550000014,-0.053888817276809164,1,stop
068270,2020-04-01,2020-04-02,199857.0,189864.15,9,-97042.00082361745,-0.05388881727680905,1,stop
241560,2020-04-02,2020-04-03,21450.0,20377.5,82,-94894.05772274989,-0.05388881727680905,1,stop
010170,2020-04-02,2020-04-03,1880.0,2030.4,938,133432.37344863988,0.07557902878004863,1,target
010950,2020-04-03,2020-04-06,70000.0,66500.0,25,-94413.89562499989,-0.05388881727680905,1,stop
010170,2020-04-06,2020-04-08,2358.0,2240.1,743,-94521.47351521486,-0.05388881727680905,2,stop
336260,2020-04-09,2020-04-10,7113.0,6757.349999999999,243,-93251.7414960526,-0.053888817276809164,1,stop
001440,2020-04-09,2020-04-13,5177.0,5591.160000000001,335,131227.08916102047,0.07557902878004885,2,target
207940,2020-04-13,2020-04-14,829074.0,787620.2999999999,2,-89458.40697303019,-0.053888817276809164,1,stop
241560,2020-04-13,2020-04-16,22500.0,21375.0,77,-93469.75666874996,-0.05388881727680905,2,stop
032830,2020-04-13,2020-04-16,50600.0,48070.0,34,-92816.95201899996,-0.05388881727680905,2,stop
078600,2020-04-13,2020-04-17,16150.0,17442.0,107,130754.5552658001,0.07557902878004863,3,target
064350,2020-04-17,2020-04-20,14200.0,15336.000000000002,121,130009.24559920048,0.07557902878004885,1,target
336260,2020-04-16,2020-04-21,7928.0,7531.599999999999,211,-90249.3256643801,-0.053888817276809164,3,stop
003490,2020-04-20,2020-04-21,13875.0,13181.25,126,-94319.48172937497,-0.05388881727680905,1,stop
032820,2020-04-21,2020-04-22,877.0,833.15,1941,-91838.12269995757,-0.053888817276809164,1,stop
079550,2020-04-22,2020-04-24,23500.0,25380.0,71,126248.64758600015,0.07557902878004863,2,target
272210,2020-04-22,2020-04-24,7331.0,7917.4800000000005,229,127027.93126684404,0.07557902878004863,2,target
012450,2020-04-22,2020-04-24,24649.0,26620.920000000002,68,126826.13016219228,0.07557902878004885,2,target
047810,2020-04-22,2020-04-24,24500.0,26460.0,68,126059.48269600002,0.07557902878004863,2,target
000880,2020-04-22,2020-04-24,17550.0,18954.0,95,126154.06514099985,0.07557902878004863,2,target
058610,2020-04-24,2020-04-27,5580.0,5301.0,324,-97538.72581620002,-0.05388881727680905,1,stop
012450,2020-04-27,2020-04-28,25872.0,27941.760000000002,69,135076.44334060792,0.07557902878004863,1,target
100790,2020-04-28,2020-04-29,2897.0,3128.76,633,138756.30577875604,0.07557902878004863,1,target
067310,2020-04-28,2020-04-29,3429.0,3703.32,535,138810.3312713399,0.07557902878004863,1,target
108490,2020-04-24,2020-05-04,10712.0,10566.0,169,-32020.34602389997,-0.017667273627880675,4,time
079550,2020-04-27,2020-05-04,25750.0,24462.5,69,-95857.07945812494,-0.05388881727680905,3,stop
214150,2020-04-29,2020-05-04,11600.0,11020.0,166,-103887.65566599998,-0.05388881727680905,1,stop
005290,2020-05-04,2020-05-06,15400.0,16632.0,118,137500.17524320004,0.07557902878004863,1,target
196170,2020-05-06,2020-05-07,33958.0,36674.64,54,138751.08482779213,0.07557902878004863,1,target
298380,2020-05-07,2020-05-11,20650.0,19617.5,91,-101381.64112212532,-0.053888817276809275,2,stop
141080,2020-05-08,2020-05-11,29727.0,28240.649999999998,63,-101039.10750879766,-0.053888817276809164,1,stop
000250,2020-05-11,2020-05-13,36300.0,39204.0,51,140080.38434280013,0.07557902878004863,2,target
336260,2020-05-12,2020-05-13,10891.0,10346.449999999999,171,-100475.86118289782,-0.053888817276809275,1,stop
018260,2020-05-08,2020-05-14,178000.0,174500.0,10,-42191.6142500001,-0.02367592320995382,4,time
001440,2020-05-11,2020-05-15,6912.0,6566.4,268,-99939.32050176011,-0.053888817276809164,4,stop
000100,2020-05-12,2020-05-18,43931.0,47445.48,42,139611.40674751205,0.07557902878004863,4,target
009830,2020-05-13,2020-05-18,18864.0,17920.8,100,-101772.78440400027,-0.053888817276809164,3,stop
247540,2020-05-14,2020-05-18,20680.0,22334.4,87,136135.16139696003,0.07557902878004863,2,target
131290,2020-05-18,2020-05-19,16400.0,17712.0,113,140224.1496592001,0.07557902878004863,1,target
086520,2020-05-14,2020-05-20,2867.0,3028.0,632,94026.32111559995,0.05183289383210843,4,time
131970,2020-05-18,2020-05-20,32303.0,34887.240000000005,57,139321.53047007625,0.07557902878004885,2,target
095340,2020-05-19,2020-05-21,13950.0,15066.000000000002,141,148831.15215420048,0.07557902878004885,2,target
267270,2020-05-20,2020-05-21,19800.0,21384.0,98,146822.22102239984,0.07557902878004863,1,target
214450,2020-05-18,2020-05-22,50900.0,54972.0,36,138650.29777439986,0.07557902878004863,4,target
042700,2020-05-21,2020-05-22,4835.0,4593.25,425,-110862.14501281222,-0.05388881727680894,1,stop
066970,2020-05-21,2020-05-25,21833.0,23579.640000000003,94,155289.39283071226,0.07557902878004885,2,target
010170,2020-05-22,2020-05-25,3117.0,3366.36,663,156369.07035687612,0.07557902878004863,1,target
108490,2020-05-22,2020-05-25,13633.0,12951.349999999999,151,-111062.19456994254,-0.05388881727680905,1,stop
080220,2020-05-20,2020-05-26,3060.0,3115.0,637,26943.421664250083,0.013806788504554524,4,time
034730,2020-05-21,2020-05-26,230000.0,248400.00000000003,8,139225.35904000048,0.07557902878004885,3,target
011200,2020-05-25,2020-05-26,4065.0,4390.200000000001,523,160865.44412622042,0.07557902878004885,1,target
095340,2020-05-25,2020-05-27,18350.0,17432.5,116,-114839.66755849961,-0.05388881727680894,2,stop
000990,2020-05-26,2020-05-27,32800.0,31160.0,64,-113253.51411200012,-0.053888817276809164,1,stop
067310,2020-05-26,2020-05-27,3743.0,4042.44,561,158885.11472578766,0.07557902878004841,1,target
086520,2020-05-26,2020-05-28,3375.0,3206.25,622,-113256.21165187517,-0.053888817276809164,2,stop
010170,2020-05-27,2020-05-28,3479.0,3305.0499999999997,599,-112429.19987699762,-0.053888817276809164,1,stop
033780,2020-05-25,2020-05-29,83100.0,83900.0,25,11427.028500000248,0.005494055741031456,4,time
180640,2020-05-27,2020-05-29,95300.0,90535.0,21,-107971.73103675013,-0.053888817276809164,2,stop
034020,2020-05-28,2020-05-29,4108.0,3902.6,496,-109928.41856048,-0.05388881727680905,1,stop
010140,2020-05-28,2020-05-29,4690.0,4455.5,435,-110067.71951962495,-0.05388881727680905,1,stop
082740,2020-05-29,2020-06-01,3522.0,3803.76,556,148171.496349792,0.07557902878004863,1,target
096770,2020-05-27,2020-06-02,120534.0,122010.0,17,16620.49606980011,0.008101888735971619,4,time
214370,2020-05-29,2020-06-02,14020.0,15141.6,139,147456.30173367984,0.07557902878004863,2,target
141080,2020-06-02,2020-06-03,35782.0,38644.560000000005,57,154326.31654274417,0.07557902878004863,1,target
298380,2020-06-02,2020-06-04,20650.0,22302.0,98,153125.1951572001,0.07557902878004863,2,target
068270,2020-06-02,2020-06-05,196443.0,212158.44,10,148640.47394507984,0.07557902878004863,3,target
098460,2020-06-04,2020-06-05,22460.0,21337.0,97,-117538.28644944984,-0.05388881727680905,1,stop
058610,2020-06-02,2020-06-08,6310.0,6270.0,323,-21234.575560000492,-0.010406686850545355,4,time
028300,2020-06-02,2020-06-08,51871.0,50384.0,39,-66112.56529215002,-0.032643413359959794,4,time
083650,2020-06-05,2020-06-08,2365.0,2246.75,882,-112537.58702917467,-0.05388881727680894,1,stop
034020,2020-06-03,2020-06-09,4406.0,4690.0,524,138915.58833040018,0.060100209516154024,4,time
000150,2020-06-08,2020-06-09,45950.0,49626.0,43,149504.57916259998,0.07557902878004863,1,target
003490,2020-06-08,2020-06-10,16709.0,15873.55,118,-106372.7373004451,-0.053888817276809164,2,stop
241560,2020-06-09,2020-06-10,30650.0,29117.5,74,-122365.80380974943,-0.05388881727680883,1,stop
086520,2020-06-05,2020-06-11,4087.0,4178.0,510,37731.015865500085,0.01808108416094467,4,time
000880,2020-06-09,2020-06-11,28000.0,26600.0,82,-123871.03105999948,-0.05388881727680883,2,stop
272210,2020-06-10,2020-06-11,8878.0,8434.1,227,-108727.36590653518,-0.053888817276809164,1,stop
100790,2020-06-08,2020-06-12,3298.0,3133.1,601,-106935.76782315504,-0.05388881727680905,4,stop
298380,2020-06-11,2020-06-12,29150.0,27692.5,70,-110086.60229875008,-0.053888817276809164,1,stop
141080,2020-06-11,2020-06-12,62457.0,59334.149999999994,32,-107827.35870264028,-0.053888817276809275,1,stop
237690,2020-06-12,2020-06-15,38200.0,41256.0,51,147412.41547919996,0.07557902878004863,1,target
298040,2020-06-12,2020-06-15,19250.0,20790.0,102,148570.104606,0.07557902878004863,1,target
012450,2020-06-16,2020-06-17,26178.0,28272.24,77,152520.3215049361,0.07557902878004863,1,target
034730,2020-06-16,2020-06-17,327500.0,311125.0,6,-106013.31708749989,-0.05388881727680905,1,stop
079550,2020-06-16,2020-06-17,34400.0,37152.0,59,153571.6242975993,0.07557902878004819,1,target
241560,2020-06-17,2020-06-18,29250.0,27787.5,71,-112042.3187081248,-0.05388881727680894,1,stop
298380,2020-06-17,2020-06-18,32700.0,31065.0,63,-111144.03792975005,-0.05388881727680905,1,stop
003670,2020-06-17,2020-06-18,62229.0,67207.32,33,155384.35360549204,0.07557902878004863,1,target
272210,2020-06-18,2020-06-19,9164.0,8705.8,225,-111241.14936525002,-0.05388881727680905,1,stop
028260,2020-06-16,2020-06-22,119500.0,116500.0,17,-59175.142750000115,-0.029095328894501282,4,time
012450,2020-06-19,2020-06-22,29793.0,28303.35,68,-109300.21547439019,-0.053888817276809164,1,stop
336260,2020-06-24,2020-06-25,32183.0,30573.85,62,-107650.50798843522,-0.053888817276809164,1,stop
131290,2020-06-24,2020-06-25,22250.0,24030.0,90,151521.07689000037,0.07557902878004885,1,target
298040,2020-06-24,2020-06-26,27750.0,29970.000000000004,72,151180.58008800028,0.07557902878004885,2,target
064350,2020-06-25,2020-06-26,16100.0,15295.0,125,-108575.97996874992,-0.05388881727680905,1,stop
005290,2020-06-25,2020-06-26,26050.0,28134.000000000004,77,151774.55784259993,0.07557902878004863,1,target
007660,2020-06-23,2020-06-29,3073.0,3048.0,653,-24500.60397955007,-0.012195562388790049,4,time
066970,2020-06-26,2020-06-29,31058.0,29505.1,67,-112265.45920658507,-0.053888817276809164,1,stop
178320,2020-06-29,2020-06-30,14893.0,16084.44,136,153257.45924828784,0.07557902878004863,1,target
319400,2020-06-25,2020-07-01,2563.0,2576.0,789,1939.353123750072,0.0009579262356778084,4,time
240810,2020-06-29,2020-07-02,35750.0,33962.5,56,-108009.49659500015,-0.053888817276809164,3,stop
218410,2020-06-29,2020-07-03,35612.0,36490.0,56,40850.12476719986,0.020460195486123434,4,time
036930,2020-07-02,2020-07-03,6690.0,7225.200000000001,308,155911.21565712034,0.07557902878004885,1,target
043260,2020-07-02,2020-07-06,627.0,677.1600000000001,3288,155991.11890665675,0.07557902878004907,2,target
090430,2020-07-01,2020-07-07,164000.0,163500.0,12,-14047.56930000009,-0.0071297921999889935,4,time
083650,2020-07-01,2020-07-07,2450.0,2420.0,856,-34199.039115999825,-0.016288265439260097,4,time
237690,2020-07-07,2020-07-08,49400.0,53352.0,42,156991.72550879978,0.07557902878004841,1,target
036930,2020-07-06,2020-07-10,7150.0,7722.000000000001,301,162844.48720540013,0.07557902878004863,4,target
007660,2020-07-10,2020-07-13,3489.0,3314.5499999999997,622,-117081.75480100536,-0.053888817276809275,1,stop
010170,2020-07-08,2020-07-14,3385.0,3343.0,627,-34954.365240300074,-0.01645038207459315,4,time
222800,2020-07-10,2020-07-14,12600.0,13608.0,172,163983.25984319998,0.07557902878004863,2,target
009830,2020-07-10,2020-07-14,27390.0,29581.2,79,163726.75225236034,0.07557902878004885,2,target
336260,2020-07-14,2020-07-15,40867.0,38823.65,54,-119059.59103735536,-0.053888817276809275,1,stop
036930,2020-07-13,2020-07-17,7890.0,7720.0,268,-54091.412705999566,-0.025551553515704706,4,time
353200,2020-07-16,2020-07-17,11600.0,12528.0,188,165012.31684480002,0.07557902878004863,1,target
005380,2020-07-16,2020-07-20,110500.0,119340.00000000001,19,158860.6746220002,0.07557902878004863,2,target
214370,2020-07-20,2020-07-21,13980.0,13281.0,161,-121431.37599704973,-0.05388881727680894,1,stop
042700,2020-07-20,2020-07-21,4925.0,5319.0,457,170303.25881809974,0.07557902878004863,1,target
222800,2020-07-16,2020-07-22,15150.0,16362.000000000002,144,165072.84960960038,0.07557902878004885,4,target
095340,2020-07-16,2020-07-22,20800.0,22464.0,105,165254.44790400006,0.07557902878004863,4,target
353200,2020-07-20,2020-07-22,12250.0,11637.5,184,-121605.09756500041,-0.053888817276809275,2,stop
000150,2020-07-21,2020-07-22,41400.0,44712.0,55,172291.38181200018,0.07557902878004863,1,target
034020,2020-07-22,2020-07-23,6986.0,7544.88,332,175495.9863805119,0.07557902878004863,1,target
307950,2020-07-22,2020-07-23,41150.0,39092.5,56,-124324.21775899967,-0.05388881727680894,1,stop
001440,2020-07-21,2020-07-24,7102.0,7670.160000000001,321,172498.85786335263,0.07557902878004885,3,target
086520,2020-07-23,2020-07-24,4873.0,4629.349999999999,482,-126718.87785683526,-0.053888817276809164,1,stop
241560,2020-07-22,2020-07-28,27250.0,27950.0,85,49832.13527500024,0.021489427604565403,4,time
267260,2020-07-22,2020-07-28,9690.0,10465.2,239,175235.54415996,0.07557902878004863,4,target
010130,2020-07-23,2020-07-28,403500.0,435780.0,5,152656.06622999953,0.07557902878004841,3,target
000250,2020-07-24,2020-07-28,46100.0,43795.0,54,-134305.1152964998,-0.05388881727680905,2,stop
226950,2020-07-24,2020-07-28,26774.0,28915.920000000002,93,188406.86845279206,0.07557902878004863,2,target
131970,2020-07-28,2020-07-30,42819.0,46244.520000000004,56,181436.67191798426,0.07557902878004885,2,target
064350,2020-07-29,2020-07-30,18450.0,17527.5,131,-130396.38001762517,-0.053888817276809164,1,stop
272210,2020-07-28,2020-08-03,8807.0,8655.0,274,-51414.6598012005,-0.021281840824079468,4,time
100790,2020-07-29,2020-08-04,3636.0,3675.0,667,15997.308556950185,0.006588673645917087,4,time
240810,2020-07-29,2020-08-04,37650.0,38150.0,64,22030.639680000022,0.009132358171237476,4,time
080220,2020-07-31,2020-08-04,3115.0,2959.25,787,-132260.6498252377,-0.053888817276809164,2,stop
051910,2020-08-03,2020-08-04,578000.0,624240.0,4,174939.69027200015,0.07557902878004863,1,target
267260,2020-07-30,2020-08-05,11900.0,12200.0,205,51321.1360249999,0.02101339488924614,4,time
096770,2020-08-06,2020-08-07,157924.0,170557.92,15,179242.05653016036,0.07557902878004885,1,target
108490,2020-08-05,2020-08-10,13536.0,14618.880000000001,180,184358.58847488044,0.07557902878004885,3,target
031980,2020-08-05,2020-08-10,7530.0,7153.5,324,-131624.83967670007,-0.05388881727680905,3,stop
087010,2020-08-06,2020-08-10,19903.0,18907.85,123,-132075.27488502767,-0.053888817276809164,2,stop
067310,2020-08-07,2020-08-11,5072.0,4818.4,523,-143112.90669316007,-0.053888817276809164,2,stop
096770,2020-08-10,2020-08-11,188426.0,179004.69999999998,12,-121988.79563682014,-0.053888817276809164,1,stop
000100,2020-08-06,2020-08-12,57599.0,55839.0,42,-83616.27345960028,-0.03452449682367931,4,time
032830,2020-08-11,2020-08-13,55900.0,60372.00000000001,43,181878.25843719998,0.07557902878004863,2,target
036930,2020-08-10,2020-08-14,7750.0,7362.5,311,-130034.90967437532,-0.053888817276809164,4,stop
272210,2020-08-10,2020-08-14,9745.0,9257.75,247,-129860.3788444628,-0.053888817276809164,4,stop
145020,2020-08-13,2020-08-14,173000.0,164350.0,15,-140002.31951249996,-0.05388881727680905,1,stop
058610,2020-08-11,2020-08-18,6910.0,6564.5,348,-129734.4037322998,-0.05388881727680905,4,stop
028300,2020-08-14,2020-08-18,45801.0,43510.95,51,-126021.02429117262,-0.053888817276809164,1,stop
007660,2020-08-14,2020-08-18,4294.0,4079.2999999999997,545,-126257.27483342495,-0.05388881727680905,1,stop
028260,2020-08-14,2020-08-18,127500.0,121125.0,18,-123817.08026249986,-0.05388881727680905,1,stop
015760,2020-08-12,2020-08-19,21150.0,20800.0,110,-47920.96237499965,-0.020574214227081056,4,time
043260,2020-08-18,2020-08-19,949.0,901.55,2350,-120318.37104462506,-0.05388881727680905,1,stop
214450,2020-08-19,2020-08-20,68400.0,73872.0,32,165617.64449279988,0.07557902878004863,1,target
000500,2020-08-20,2020-08-21,15970.0,15171.5,140,-120623.1930505,-0.05388881727680905,1,stop
064760,2020-08-20,2020-08-21,109000.0,103550.0,20,-117612.73854999966,-0.05388881727680894,1,stop
161390,2020-08-26,2020-08-27,32000.0,30400.0,68,-117396.93535999977,-0.05388881727680894,1,stop
034220,2020-08-25,2020-08-31,14049.0,13494.0,156,-95306.55327180028,-0.04343637122202093,4,time
034020,2020-08-31,2020-09-01,11969.0,12926.52,180,163016.2489255201,0.07557902878004863,1,target
196170,2020-09-01,2020-09-02,112995.0,122034.6,19,162447.61926617986,0.07557902878004863,1,target
006260,2020-09-01,2020-09-03,45350.0,48978.0,49,168141.1041253996,0.07557902878004841,2,target
086280,2020-08-31,2020-09-04,72778.0,69139.09999999999,29,-113866.50307319523,-0.053888817276809164,4,stop
307950,2020-08-31,2020-09-04,43150.0,44000.0,50,33532.84137500031,0.015524596934083146,4,time
272210,2020-09-03,2020-09-04,11444.0,10871.8,210,-129656.71458390029,-0.053888817276809164,1,stop
017670,2020-09-01,2020-09-07,42443.0,42013.0,52,-31338.956537200138,-0.014183254575500848,4,time
028300,2020-09-03,2020-09-07,45308.0,48932.64000000001,53,181698.47612574417,0.07557902878004863,2,target
298040,2020-09-04,2020-09-07,60600.0,65448.00000000001,35,160487.49267600058,0.07557902878004885,1,target
009830,2020-09-04,2020-09-07,52301.0,56485.08,41,162253.61175499624,0.07557902878004885,1,target
267260,2020-09-07,2020-09-08,16300.0,17604.0,144,177603.1319232001,0.07557902878004863,1,target
263750,2020-09-07,2020-09-08,43040.0,40888.0,54,-125390.2855175999,-0.05388881727680905,1,stop
010120,2020-09-07,2020-09-08,14020.0,13319.0,167,-126317.16021865001,-0.05388881727680905,1,stop
032820,2020-09-08,2020-09-09,938.0,1013.0400000000001,2481,176088.14815216837,0.07557902878004885,1,target
000500,2020-09-08,2020-09-09,23522.0,22345.899999999998,98,-124365.0045619104,-0.053888817276809275,1,stop
000150,2020-09-08,2020-09-09,58200.0,55290.0,40,-125597.45658,-0.05388881727680905,1,stop
012450,2020-09-04,2020-09-10,29030.0,28878.0,74,-20018.675537600182,-0.009308021296288604,4,time
010170,2020-09-09,2020-09-10,3777.0,4079.1600000000003,609,174046.30232950812,0.07557902878004863,1,target
222800,2020-09-09,2020-09-10,19550.0,21114.0,117,173074.5244566002,0.07557902878004863,1,target
067310,2020-09-09,2020-09-10,5407.0,5839.56,426,174287.60106319236,0.07557902878004885,1,target
001440,2020-09-07,2020-09-11,7693.0,7694.0,305,-9311.772198250052,-0.003964035675326105,4,time
307950,2020-09-10,2020-09-14,49850.0,53838.0,47,177281.55161019973,0.07557902878004841,2,target
267260,2020-09-11,2020-09-14,19050.0,18097.5,127,-130525.86193162436,-0.05388881727680883,1,stop
226950,2020-09-10,2020-09-15,28926.0,31240.08,82,179474.5023469925,0.07557902878004885,3,target
018260,2020-09-10,2020-09-16,179000.0,177500.0,13,-28979.024424999487,-0.012439077133981624,4,time
080220,2020-09-15,2020-09-16,3870.0,4179.6,634,185652.47632248048,0.07557902878004885,1,target
087010,2020-09-15,2020-09-16,24052.0,22849.399999999998,102,-132357.7073099399,-0.05388881727680905,1,stop
011200,2020-09-11,2020-09-17,7200.0,7300.0,337,23656.778234999627,0.009738542964808916,4,time
267270,2020-09-16,2020-09-17,27250.0,29430.000000000004,89,183508.85978900082,0.07557902878004907,1,target
298380,2020-09-16,2020-09-17,36100.0,34295.0,67,-130490.79391324939,-0.05388881727680883,1,stop
071050,2020-09-16,2020-09-18,82100.0,77995.0,29,-128451.45376775041,-0.053888817276809275,2,stop
141080,2020-09-16,2020-09-21,64100.0,60895.0,37,-127955.10643074987,-0.05388881727680905,3,stop
237690,2020-09-17,2020-09-21,75300.0,71535.0,33,-134062.33670775034,-0.053888817276809164,2,stop
036930,2020-09-18,2020-09-22,7300.0,6935.0,330,-129967.47117749974,-0.05388881727680894,2,stop
000270,2020-09-18,2020-09-22,48450.0,46027.5,49,-128081.89080487471,-0.05388881727680894,2,stop
043260,2020-09-21,2020-09-22,948.0,900.5999999999999,2478,-126738.19224234065,-0.053888817276809386,1,stop
066970,2020-09-21,2020-09-22,44145.0,41937.75,53,-126227.87164878706,-0.05388881727680894,1,stop
298380,2020-09-21,2020-09-22,34400.0,32680.0,68,-126201.70551200025,-0.053888817276809164,1,stop
000100,2020-09-22,2020-09-23,59608.0,56627.6,37,-118988.26808305993,-0.05388881727680905,1,stop
247540,2020-09-22,2020-09-23,38099.0,36194.049999999996,58,-119217.34316924494,-0.05388881727680905,1,stop
032820,2020-09-28,2020-09-29,1540.0,1463.0,1423,-118228.85665745009,-0.053888817276809164,1,stop
267270,2020-09-29,2020-10-05,27250.0,29430.000000000004,79,162889.88677900052,0.07557902878004885,1,target
032820,2020-10-05,2020-10-06,1475.0,1401.25,1491,-118649.9426319371,-0.05388881727680894,1,stop
031980,2020-10-08,2020-10-14,7330.0,6963.5,296,-117055.96631980012,-0.053888817276809164,3,stop
095340,2020-10-12,2020-10-15,21400.0,20330.0,101,-116609.25371650024,-0.053888817276809164,3,stop
058610,2020-10-12,2020-10-16,7370.0,7550.0,295,44033.35701500019,0.02022986925088799,4,time
214150,2020-10-12,2020-10-16,15150.0,14392.5,143,-116881.7052438748,-0.05388881727680894,4,stop
086280,2020-10-14,2020-10-16,84533.0,91295.64,25,159906.75646369997,0.07557902878004863,2,target
001440,2020-10-19,2020-10-20,7684.0,7299.799999999999,279,-115661.66190921003,-0.05388881727680905,1,stop
086280,2020-10-19,2020-10-20,92786.0,88146.7,23,-115135.21002720483,-0.05388881727680905,1,stop
241560,2020-10-20,2020-10-21,29400.0,31752.000000000004,71,157945.11655440042,0.07557902878004885,1,target
010170,2020-10-19,2020-10-22,3441.0,3716.28,624,162468.7300679041,0.07557902878004863,3,target
058610,2020-10-21,2020-10-22,7770.0,7381.5,274,-114860.16886155051,-0.053888817276809275,1,stop
307950,2020-10-21,2020-10-22,68500.0,65075.0,31,-114564.51849125,-0.05388881727680905,1,stop
047050,2020-10-22,2020-10-23,15200.0,14440.0,139,-113987.24495800002,-0.05388881727680905,1,stop
145020,2020-10-23,2020-10-26,219900.0,208905.0,9,-106774.02333225007,-0.053888817276809164,1,stop
138040,2020-10-23,2020-10-27,9990.0,9490.5,209,-112644.4096082251,-0.053888817276809164,2,stop
005940,2020-10-26,2020-10-27,10100.0,9595.0,205,-111705.12622374995,-0.05388881727680905,1,stop
011200,2020-10-26,2020-10-27,8190.0,8845.2,253,156785.1574489202,0.07557902878004863,1,target
036930,2020-10-28,2020-10-29,7630.0,7248.5,270,-111144.03792975005,-0.05388881727680905,1,stop
000270,2020-10-28,2020-11-03,52600.0,51000.0,39,-70623.08915999997,-0.03438722595791999,4,time
028050,2020-11-02,2020-11-03,12000.0,11400.0,169,-109412.21732999966,-0.05388881727680894,1,stop
006400,2020-11-02,2020-11-05,438116.0,473165.28,4,132601.86391558405,0.07557902878004863,3,target
043260,2020-11-06,2020-11-09,1275.0,1211.25,1625,-111779.30857031257,-0.053888817276809164,1,stop
178320,2020-11-04,2020-11-10,20751.0,22411.08,99,155444.28104264406,0.07557902878004863,4,target
240810,2020-11-05,2020-11-10,35400.0,33630.0,57,-108861.91919549997,-0.05388881727680905,3,stop
100790,2020-11-09,2020-11-10,3608.0,3427.6,543,-105697.38121734001,-0.05388881727680905,1,stop
005290,2020-11-05,2020-11-11,29800.0,29850.0,67,-4842.34208750003,-0.0024225077962822805,4,time
064350,2020-11-05,2020-11-11,15350.0,16050.0,131,83188.79834500025,0.041322440096500435,4,time
267260,2020-11-10,2020-11-13,16900.0,16055.0,117,-106676.9118967501,-0.053888817276809164,3,stop
010950,2020-11-11,2020-11-13,66900.0,63555.0,31,-111888.55893524992,-0.05388881727680905,2,stop
010140,2020-11-10,2020-11-16,5464.0,5901.120000000001,364,150491.71722457604,0.07557902878004863,4,target
009540,2020-11-10,2020-11-16,92000.0,99360.0,21,146186.62699200003,0.07557902878004863,4,target
214150,2020-11-13,2020-11-16,16650.0,15817.5,116,-104200.5702914996,-0.05388881727680883,1,stop
011200,2020-11-13,2020-11-16,14400.0,13680.0,134,-104103.4588560001,-0.053888817276809164,1,stop
267250,2020-11-11,2020-11-17,49700.0,51300.0,41,57055.70577999973,0.027967884648939734,4,time
180640,2020-11-17,2020-11-18,81200.0,77140.0,25,-109520.11892499984,-0.05388881727680905,1,stop
003490,2020-11-17,2020-11-18,21207.0,20146.649999999998,96,-109836.91800792003,-0.05388881727680905,1,stop
082740,2020-11-16,2020-11-19,4282.0,4067.8999999999996,460,-106267.96485170024,-0.053888817276809164,3,stop
131290,2020-11-18,2020-11-19,50000.0,54000.0,38,143765.31640000013,0.07557902878004863,1,target
009150,2020-11-16,2020-11-20,154500.0,149000.0,12,-73403.49149999977,-0.03954647436037839,4,time
237690,2020-11-19,2020-11-20,79600.0,75620.0,25,-107362.08702500002,-0.05388881727680905,1,stop
031980,2020-11-17,2020-11-23,7170.0,7300.0,286,28666.540616999846,0.013963390424912792,4,time
032820,2020-11-20,2020-11-23,1765.0,1676.75,1080,-102841.01019449998,-0.05388881727680905,1,stop
001440,2020-11-20,2020-11-23,8366.0,9035.28,227,143695.85505239223,0.07557902878004885,1,target
090430,2020-11-18,2020-11-24,185500.0,193500.0,10,72161.99500000011,0.03885665403284122,4,time
226950,2020-11-23,2020-11-24,39286.0,42428.880000000005,50,148630.63737080013,0.07557902878004863,1,target
240810,2020-11-20,2020-11-25,38750.0,36812.5,49,-102439.07675312506,-0.053888817276809164,3,stop
100790,2020-11-24,2020-11-25,4280.0,4066.0,470,-108527.42425100016,-0.053888817276809164,1,stop
010140,2020-11-24,2020-11-25,6767.0,6428.65,297,-108430.25886470242,-0.05388881727680905,1,stop
032820,2020-11-25,2020-11-26,1645.0,1562.75,1137,-100907.6833660875,-0.05388881727680905,1,stop
000500,2020-11-23,2020-11-27,19146.0,18777.0,103,-45976.75959524978,-0.023287553371414194,4,time
082740,2020-11-24,2020-11-30,5208.0,5342.0,386,43332.9527802004,0.021530830727481298,4,time
043260,2020-11-27,2020-11-30,1830.0,1738.5,1117,-110281.36467772513,-0.053888817276809164,1,stop
336260,2020-11-25,2020-12-01,46800.0,47850.0,39,33349.24271250027,0.01825056440181494,4,time
000150,2020-11-25,2020-12-01,52900.0,54100.0,35,34288.36459999997,0.018497960109931988,4,time
319400,2020-11-30,2020-12-01,3600.0,3420.0,553,-107405.2476629999,-0.05388881727680905,1,stop
066970,2020-11-30,2020-12-01,48954.0,52870.32000000001,40,148166.04840096063,0.07557902878004885,1,target
068270,2020-11-26,2020-12-02,286123.0,296376.0,6,54301.106188499834,0.03159406008409116,4,time
141080,2020-12-03,2020-12-07,60800.0,65664.0,31,142615.19386879983,0.07557902878004863,2,target
263750,2020-12-04,2020-12-07,47480.0,45106.0,40,-102463.35461200005,-0.05388881727680905,1,stop
010170,2020-12-03,2020-12-08,3505.0,3329.75,544,-102869.0646092,-0.05388881727680905,3,stop
036930,2020-12-03,2020-12-09,8660.0,8600.0,220,-20968.976380000124,-0.010993536961293127,4,time
237690,2020-12-07,2020-12-09,111000.0,105450.0,17,-101805.15488249995,-0.05388881727680905,2,stop
000100,2020-12-08,2020-12-09,58854.0,55911.299999999996,31,-98431.82731801481,-0.05388881727680894,1,stop
100790,2020-12-04,2020-12-10,4370.0,4580.0,440,84247.58122000005,0.04376471561416695,4,time
083650,2020-12-07,2020-12-11,2550.0,2610.0,754,37227.021077999845,0.019339602438608106,4,time
005290,2020-12-09,2020-12-14,33050.0,31397.5,54,-96285.98829824966,-0.05388881727680894,3,stop
047040,2020-12-11,2020-12-14,4730.0,4493.5,415,-105902.71795262466,-0.05388881727680894,1,stop
066570,2020-12-09,2020-12-15,96800.0,93400.0,18,-68160.2830200002,-0.03907367913934301,4,time
042700,2020-12-09,2020-12-15,6750.0,7100.0,267,85788.5237774998,0.04754610484750943,4,time
000150,2020-12-14,2020-12-15,56700.0,53865.0,31,-94829.31676574983,-0.05388881727680894,1,stop
003670,2020-12-10,2020-12-16,99354.0,100808.0,21,21893.360422500176,0.010481140885482798,4,time
307950,2020-12-15,2020-12-16,112000.0,120960.00000000001,15,127118.80608000024,0.07557902878004885,1,target
047810,2020-12-14,2020-12-18,25100.0,25950.0,70,52124.053625000175,0.029632425735659718,4,time
272210,2020-12-16,2020-12-18,13501.0,14581.080000000002,148,151191.778649488,0.07557902878004863,2,target
108490,2020-12-15,2020-12-21,12513.0,12757.0,140,26879.98588799988,0.015326406474087673,4,time
058610,2020-12-15,2020-12-21,7760.0,7940.0,225,33225.14677500003,0.019007432287321713,4,time
353200,2020-12-16,2020-12-22,11450.0,11100.0,174,-68885.30761500029,-0.034536048887389814,4,time
015760,2020-12-21,2020-12-22,28600.0,27170.0,64,-98751.53974399995,-0.05388881727680905,1,stop
000500,2020-12-21,2020-12-22,19188.0,18228.6,96,-99379.95863328013,-0.053888817276809164,1,stop
000100,2020-12-21,2020-12-22,61790.0,66733.20000000001,29,135586.5832159603,0.07557902878004885,1,target
000250,2020-12-22,2020-12-23,91100.0,86545.0,20,-98298.353045,-0.05388881727680905,1,stop
031980,2020-12-18,2020-12-24,8100.0,7695.0,244,-106628.35617899988,-0.05388881727680905,4,stop
000990,2020-12-23,2020-12-24,39450.0,42606.0,46,137311.01035320014,0.07557902878004863,1,target
108490,2020-12-24,2020-12-28,13536.0,12859.199999999999,139,-101508.64129944029,-0.053888817276809275,1,stop
066570,2020-12-24,2020-12-28,125000.0,118750.0,15,-101157.74531250005,-0.05388881727680905,1,stop
000990,2020-12-28,2020-12-29,43300.0,46764.0,42,137606.10758159985,0.07557902878004863,1,target
032830,2020-12-23,2020-12-30,80800.0,79100.0,22,-44574.70325000025,-0.02504697038295478,4,time
131290,2020-12-29,2020-12-30,57700.0,62316.00000000001,34,148441.47248080024,0.07557902878004885,1,target
003550,2020-12-24,2021-01-04,83697.0,90392.76000000001,22,139326.2974253043,0.07557902878004885,4,target
011070,2020-12-24,2021-01-04,184500.0,192500.0,10,72202.97699999996,0.03908944615155763,4,time
000880,2020-12-28,2021-01-05,27950.0,29500.0,65,93007.57911250019,0.05113567047675871,4,time
196170,2020-12-30,2021-01-05,98203.0,93292.84999999999,19,-100664.47317095776,-0.053888817276809164,2,stop
064350,2021-01-05,2021-01-06,20250.0,21870.0,93,142497.91163700004,0.07557902878004863,1,target
018260,2021-01-06,2021-01-07,216000.0,205200.0,9,-104880.35034000012,-0.053888817276809164,1,stop
067310,2021-01-04,2021-01-08,7841.0,7704.0,250,-42182.525837500114,-0.02149423050235777,4,time
131970,2021-01-04,2021-01-08,56800.0,56100.0,34,-31644.280249999836,-0.016366987569106484,4,time
058610,2021-01-05,2021-01-08,9330.0,10076.400000000001,202,142604.60063496046,0.07557902878004885,3,target
011200,2021-01-05,2021-01-08,16300.0,15485.0,115,-101130.76991375,-0.05388881727680905,3,stop
080220,2021-01-08,2021-01-11,4230.0,4568.400000000001,450,144030.14724600036,0.07557902878004885,1,target
267260,2021-01-08,2021-01-11,20050.0,19047.5,95,-102762.7815381249,-0.05388881727680905,1,stop
241560,2021-01-08,2021-01-11,32850.0,31207.5,58,-102792.45447674976,-0.05388881727680894,1,stop
086280,2021-01-08,2021-01-11,105040.0,99788.0,18,-102005.85184919997,-0.05388881727680905,1,stop
000270,2021-01-11,2021-01-12,70900.0,67355.0,26,-99452.90011150017,-0.053888817276809164,1,stop
012330,2021-01-11,2021-01-12,368500.0,350075.0,5,-99404.34439374995,-0.05388881727680905,1,stop
035420,2021-01-11,2021-01-12,320000.0,304000.0,5,-86321.27600000007,-0.053888817276809164,1,stop
010170,2021-01-07,2021-01-13,3444.0,3415.0,564,-24268.190945399925,-0.012479464209396274,4,time
078600,2021-01-12,2021-01-13,51700.0,49115.0,34,-94834.71184549993,-0.05388881727680905,1,stop
003490,2021-01-12,2021-01-14,22680.0,24494.4,79,135572.20668432023,0.07557902878004885,2,target
353200,2021-01-13,2021-01-14,16000.0,15200.0,114,-98406.25464000017,-0.053888817276809164,1,stop
005380,2021-01-11,2021-01-15,256500.0,243675.0,7,-96868.65691124974,-0.05388881727680894,4,stop
352820,2021-01-14,2021-01-15,164835.0,156593.25,11,-97822.77676503756,-0.053888817276809164,1,stop
180640,2021-01-12,2021-01-18,67500.0,64125.0,26,-94683.64961249987,-0.05388881727680905,4,stop
080220,2021-01-13,2021-01-18,4535.0,4308.25,402,-98356.08039832511,-0.053888817276809164,3,stop
009150,2021-01-14,2021-01-18,205000.0,194750.0,8,-88479.3078999999,-0.05388881727680905,2,stop
100790,2021-01-15,2021-01-18,5948.0,5650.599999999999,304,-97553.40043312032,-0.053888817276809275,1,stop
036930,2021-01-15,2021-01-19,9210.0,9946.800000000001,196,136589.1571329604,0.07557902878004885,2,target
000150,2021-01-18,2021-01-19,58400.0,55480.0,28,-88220.34407200012,-0.053888817276809164,1,stop
083650,2021-01-18,2021-01-19,2905.0,3137.4,572,125731.09244696004,0.07557902878004863,1,target
012450,2021-01-18,2021-01-19,36873.0,39822.840000000004,45,125551.38580146013,0.07557902878004863,1,target
042700,2021-01-18,2021-01-21,9625.0,10395.0,172,125264.9901579998,0.07557902878004841,3,target
240810,2021-01-21,2021-01-22,49000.0,52920.0,36,133474.74638400017,0.07557902878004863,1,target
047810,2021-01-19,2021-01-25,30500.0,32940.0,58,133853.0761640002,0.07557902878004885,4,target
047050,2021-01-22,2021-01-25,17000.0,16150.0,106,-97219.33709499985,-0.05388881727680894,1,stop
007660,2021-01-22,2021-01-25,3463.0,3289.85,523,-97712.9329413278,-0.053888817276809275,1,stop
086280,2021-01-22,2021-01-25,108292.0,102877.4,16,-93479.03620591993,-0.05388881727680905,1,stop
352820,2021-01-25,2021-01-26,199980.0,215978.40000000002,8,121053.42304704036,0.07557902878004885,1,target
336260,2021-01-25,2021-01-27,62400.0,59280.0,28,-94262.8333919996,-0.05388881727680883,2,stop
108490,2021-01-26,2021-01-27,19622.0,18640.899999999998,92,-97393.27446613996,-0.05388881727680905,1,stop
080220,2021-01-26,2021-01-27,6090.0,6577.200000000001,297,136859.28459588042,0.07557902878004885,1,target
000880,2021-01-22,2021-01-28,35500.0,33725.0,51,-97677.91887374967,-0.05388881727680894,4,stop
214150,2021-01-27,2021-01-28,17400.0,16530.0,102,-95751.87540299981,-0.05388881727680894,1,stop
011070,2021-01-27,2021-01-28,225500.0,214225.0,7,-85161.33385375002,-0.05388881727680905,1,stop
357780,2021-01-27,2021-01-28,301100.0,286045.0,5,-81222.9256362496,-0.05388881727680883,1,stop
207940,2021-01-28,2021-02-03,1207251.0,1199978.0,1,-12199.114880549721,-0.010093261622950767,4,time
068270,2021-02-02,2021-02-03,321809.0,305718.55,5,-86809.26096338755,-0.053888817276809164,1,stop
263750,2021-01-29,2021-02-04,64740.0,69919.20000000001,28,137161.19176032022,0.07557902878004885,4,target
047050,2021-02-02,2021-02-04,18600.0,20088.0,99,139331.29137839982,0.07557902878004863,2,target
028300,2021-02-02,2021-02-05,43286.0,41121.7,42,-98083.19726457051,-0.053888817276809386,3,stop
298040,2021-02-04,2021-02-05,76000.0,82080.0,22,126513.47843200015,0.07557902878004863,1,target
066970,2021-02-04,2021-02-08,81366.0,77297.7,21,-92184.9723770849,-0.05388881727680905,2,stop
032820,2021-02-08,2021-02-10,1305.0,1239.75,1326,-93358.07851792476,-0.05388881727680894,2,stop
047810,2021-02-05,2021-02-15,38800.0,39650.0,45,30981.779887499986,0.017724047611896943,4,time
079550,2021-02-05,2021-02-15,43600.0,42750.0,40,-41047.027100000065,-0.023509100400376348,4,time
010950,2021-02-09,2021-02-15,81000.0,87480.0,21,128707.79115600022,0.07557902878004885,2,target
241560,2021-02-10,2021-02-15,34000.0,36720.0,50,128632.12520000013,0.07557902878004863,1,target
080220,2021-02-16,2021-02-17,6970.0,6621.5,253,-95137.37581947539,-0.053888817276809275,1,stop
222800,2021-02-17,2021-02-19,25200.0,23940.0,69,-93809.64669299987,-0.05388881727680905,2,stop
178320,2021-02-19,2021-02-22,23404.0,22233.8,73,-92174.50592237012,-0.053888817276809164,1,stop
030200,2021-02-17,2021-02-23,26600.0,26300.0,65,-26528.300825000042,-0.015325520157502104,4,time
043260,2021-02-19,2021-02-23,1870.0,1776.5,925,-93321.39197562495,-0.05388881727680905,2,stop
042700,2021-02-22,2021-02-23,12175.0,11566.25,138,-90645.43241962511,-0.053888817276809164,1,stop
087010,2021-02-19,2021-02-24,14342.0,13624.9,120,-92851.48052940005,-0.053888817276809164,3,stop
267270,2021-02-23,2021-02-24,38750.0,36812.5,42,-87804.92293124995,-0.05388881727680905,1,stop
082740,2021-02-23,2021-02-24,6040.0,5738.0,274,-89286.41183059989,-0.05388881727680905,1,stop
005830,2021-02-23,2021-03-02,41350.0,42050.0,40,21139.03180000023,0.012765868605872477,4,time
100790,2021-03-03,2021-03-09,6243.0,5930.849999999999,259,-87235.0406572579,-0.053888817276809275,4,stop
083650,2021-03-08,2021-03-09,3135.0,3385.8,516,122401.79038296011,0.07557902878004863,1,target
178320,2021-03-08,2021-03-09,22027.0,20925.649999999998,73,-86751.31780687277,-0.053888817276809275,1,stop
028050,2021-03-09,2021-03-11,13650.0,12967.5,117,-86162.12114737486,-0.05388881727680894,2,stop
267270,2021-03-10,2021-03-11,40450.0,43686.0,39,119366.82888779999,0.07557902878004863,1,target
196170,2021-03-11,2021-03-12,77183.0,83357.64,20,116802.50963895977,0.07557902878004841,1,target
083650,2021-03-12,2021-03-15,3800.0,3610.0,431,-88360.61614550021,-0.053888817276809164,1,stop
319400,2021-03-12,2021-03-15,6200.0,5890.0,264,-88306.66534800013,-0.053888817276809164,1,stop
100790,2021-03-15,2021-03-17,8064.0,8709.12,198,120813.7132984323,0.07557902878004885,2,target
267260,2021-03-15,2021-03-18,20200.0,21816.0,79,120747.7325848001,0.07557902878004863,3,target
005290,2021-03-17,2021-03-19,33250.0,31587.5,49,-87899.33682687511,-0.053888817276809164,2,stop
087010,2021-03-18,2021-03-19,15602.0,16850.16,109,128678.88676080783,0.07557902878004863,1,target
015760,2021-03-17,2021-03-22,25000.0,23750.0,65,-87670.04593749996,-0.05388881727680905,3,stop
039030,2021-03-17,2021-03-23,114700.0,115200.0,14,398.47408999991603,0.00024786169606372255,4,time
087010,2021-03-22,2021-03-23,16571.0,15742.449999999999,99,-88507.84787187749,-0.05388881727680905,1,stop
047810,2021-03-23,2021-03-24,38250.0,36337.5,42,-86671.95618374995,-0.05388881727680905,1,stop
000500,2021-03-23,2021-03-24,18817.0,20322.36,85,121023.53499442036,0.07557902878004885,1,target
033780,2021-03-19,2021-03-25,82900.0,80500.0,20,-54653.309199999785,-0.03292552588131703,4,time
108490,2021-03-22,2021-03-26,16262.0,15448.9,101,-88612.13476344477,-0.05388881727680894,4,stop
010140,2021-03-25,2021-03-29,6540.0,7063.200000000001,248,122724.12735552015,0.07557902878004863,2,target
214450,2021-03-24,2021-03-30,66400.0,67500.0,24,19791.279959999956,0.012404959318569775,4,time
080220,2021-03-26,2021-03-30,6140.0,5833.0,256,-84802.02154240012,-0.053888817276809164,2,stop
178320,2021-03-25,2021-03-31,23780.0,23330.0,68,-37136.742998000234,-0.02293949391651362,4,time
084370,2021-03-25,2021-03-31,45950.0,43652.5,35,-86766.37007937487,-0.05388881727680894,4,stop
001440,2021-03-30,2021-03-31,9710.0,9224.5,160,-83817.958996,-0.05388881727680905,1,stop
042660,2021-03-29,2021-04-01,25941.0,24643.949999999997,67,-93769.02174248267,-0.053888817276809164,3,stop
272210,2021-04-01,2021-04-02,19760.0,18772.0,78,-83153.28517080005,-0.053888817276809164,1,stop
031980,2021-04-05,2021-04-06,9300.0,10044.0,165,116109.40948199993,0.07557902878004863,1,target
307950,2021-04-05,2021-04-06,125000.0,118750.0,12,-80926.1962499998,-0.05388881727680894,1,stop
319660,2021-04-05,2021-04-06,20775.0,22437.0,74,116325.05745659978,0.07557902878004841,1,target
080220,2021-04-02,2021-04-08,6380.0,6310.0,241,-23121.576752500143,-0.015020365783973921,4,time
240810,2021-04-05,2021-04-08,57400.0,54530.0,26,-80516.17018899997,-0.05388881727680905,3,stop
042700,2021-04-06,2021-04-08,15175.0,16389.0,105,120564.24264149996,0.07557902878004863,2,target
043260,2021-04-08,2021-04-09,2065.0,1961.75,754,-84001.93121547508,-0.053888817276809164,1,stop
108490,2021-04-06,2021-04-12,17723.0,17918.0,90,10961.345848499797,0.006864120784715322,4,time
034220,2021-04-06,2021-04-12,22737.0,22830.0,70,-31.84594350028783,-1.998589961438313e-05,4,time
237690,2021-04-09,2021-04-12,94100.0,101628.0,15,106802.4968940001,0.07557902878004863,1,target
005940,2021-04-08,2021-04-14,12150.0,11950.0,128,-31898.050559999887,-0.02048701463789193,4,time
006800,2021-04-08,2021-04-14,10305.0,10155.0,151,-28960.25126850023,-0.01858994759273702,4,time
298380,2021-04-13,2021-04-14,23200.0,25056.0,68,119370.61218559998,0.07557902878004863,1,target
098460,2021-04-14,2021-04-15,27850.0,26457.5,57,-85644.19349137507,-0.053888817276809164,1,stop
319400,2021-04-15,2021-04-16,5350.0,5082.5,306,-88322.8505872502,-0.053888817276809164,1,stop
058610,2021-04-13,2021-04-19,9680.0,9380.0,164,-55560.93040399975,-0.03495836299004651,4,time
032820,2021-04-14,2021-04-19,1470.0,1396.5,1082,-85810.90145564987,-0.05388881727680905,3,stop
237690,2021-04-16,2021-04-19,113000.0,122040.00000000001,13,111153.28936400032,0.07557902878004885,1,target
267250,2021-04-14,2021-04-20,59800.0,59000.0,26,-27110.561920000007,-0.01741665585868224,4,time
028260,2021-04-14,2021-04-20,136000.0,139500.0,11,32255.59287500009,0.021536455030070734,4,time
226950,2021-04-19,2021-04-21,44600.0,48168.0,35,118114.55731600034,0.07557902878004885,2,target
353200,2021-04-20,2021-04-22,16400.0,15580.0,93,-82285.75634699967,-0.05388881727680883,2,stop
222800,2021-04-20,2021-04-22,25800.0,24510.0,59,-82123.90395449963,-0.05388881727680883,2,stop
064350,2021-04-21,2021-04-22,21250.0,20187.5,79,-90569.90130312485,-0.05388881727680894,1,stop
010170,2021-04-19,2021-04-23,2882.0,2839.0,543,-29693.545713749947,-0.018952610485722943,4,time
035720,2021-04-19,2021-04-23,119999.0,117500.0,13,-38784.36542304978,-0.024833417734841268,4,time
058610,2021-04-23,2021-04-26,10300.0,11124.0,146,113786.46463280008,0.07557902878004863,1,target
098460,2021-04-23,2021-04-26,27350.0,29538.000000000004,55,113820.51431300025,0.07557902878004885,1,target
007660,2021-04-22,2021-04-28,3463.0,3589.0,432,48140.55897120014,0.03214220550892377,4,time
267270,2021-04-23,2021-04-29,56500.0,56400.0,26,-8612.59087000019,-0.005856158256395738,4,time
010130,2021-04-23,2021-04-29,437000.0,454500.0,3,46972.48717500013,0.0357883477000851,4,time
047050,2021-04-27,2021-04-29,21100.0,22788.0,82,130917.23707120027,0.07557902878004885,2,target
086520,2021-04-28,2021-04-29,9277.0,8813.15,168,-84084.26013246016,-0.053888817276809164,1,stop
218410,2021-04-26,2021-04-30,39758.0,39661.0,44,-11424.612088999944,-0.006523265281678459,4,time
082740,2021-04-29,2021-04-30,7232.0,7810.56,212,116009.83308390412,0.07557902878004863,1,target
000150,2021-04-29,2021-05-03,61100.0,65988.0,25,115579.74779000017,0.07557902878004885,2,target
267260,2021-04-30,2021-05-03,22200.0,21090.0,78,-93421.20095099998,-0.05388881727680905,1,stop
047040,2021-04-30,2021-05-03,7610.0,7229.5,229,-94019.51529527479,-0.05388881727680894,1,stop
082740,2021-05-03,2021-05-04,8236.0,8894.880000000001,200,124636.96272320021,0.07557902878004885,1,target
218410,2021-05-03,2021-05-04,40539.0,38512.049999999996,40,-87484.45519410004,-0.05388881727680905,1,stop
042660,2021-05-03,2021-05-04,33182.0,31522.899999999998,49,-87719.57276960532,-0.053888817276809275,1,stop
267250,2021-04-29,2021-05-06,68000.0,73440.0,22,113196.27017599996,0.07557902878004863,4,target
010950,2021-04-29,2021-05-06,88200.0,95256.0,17,113453.53442639997,0.07557902878004863,4,target
000250,2021-05-04,2021-05-06,54700.0,51965.0,29,-85582.15007424983,-0.05388881727680894,1,stop
001440,2021-05-06,2021-05-10,10373.0,11202.84,156,122441.7420077282,0.07557902878004885,2,target
032830,2021-05-04,2021-05-11,86100.0,86000.0,18,-8146.083869999973,-0.005250177710197201,4,time
058610,2021-05-06,2021-05-12,11650.0,11400.0,139,-41283.97543250001,-0.02546487616495352,4,time
006800,2021-05-11,2021-05-12,10703.0,10167.85,144,-83150.69553251984,-0.05388881727680894,1,stop
241560,2021-05-07,2021-05-13,50700.0,49300.0,31,-49713.19556999998,-0.03159386882065163,4,time
024110,2021-05-07,2021-05-13,10250.0,10650.0,158,56376.64834000007,0.03477115234936923,4,time
319400,2021-05-10,2021-05-13,5330.0,5756.400000000001,336,135508.64728128025,0.07557902878004885,3,target
207940,2021-05-13,2021-05-14,1227614.0,1325823.12,1,92888.586908984,0.07557902878004863,1,target
180640,2021-05-12,2021-05-17,58400.0,63072.00000000001,26,114891.18759040022,0.07557902878004885,3,target
145020,2021-05-13,2021-05-18,206300.0,195985.0,8,-89040.3961939998,-0.05388881727680894,3,stop
207940,2021-05-17,2021-05-18,1352702.0,1285066.9,1,-72979.35167984501,-0.05388881727680905,1,stop
030200,2021-05-13,2021-05-20,31100.0,32100.0,53,46088.69029000029,0.02792922543287979,4,time
021240,2021-05-14,2021-05-21,76600.0,80000.0,22,67673.19922000007,0.04011123564456898,4,time
012450,2021-05-14,2021-05-21,43495.0,43496.0,39,-6912.912124949973,-0.004070594835996588,4,time
083650,2021-05-21,2021-05-24,5090.0,5497.200000000001,333,128251.52544132038,0.07557902878004885,1,target
353200,2021-05-21,2021-05-24,15450.0,14677.5,109,-90855.8405298749,-0.05388881727680905,1,stop
214450,2021-05-18,2021-05-25,76000.0,82080.0,20,115012.25312000001,0.07557902878004863,4,target
001440,2021-05-24,2021-05-26,11409.0,12321.720000000001,149,128627.66090859612,0.07557902878004863,2,target
079550,2021-05-25,2021-05-26,44150.0,47682.0,38,126944.77438120032,0.07557902878004885,1,target
034020,2021-05-27,2021-05-28,15780.0,17042.4,112,133728.9839961601,0.07557902878004863,1,target
015760,2021-05-25,2021-05-31,25100.0,25800.0,67,39869.79351500026,0.023680793216956486,4,time
012450,2021-05-26,2021-05-31,50116.0,47610.2,35,-94632.93586285016,-0.053888817276809164,3,stop
047810,2021-05-26,2021-06-01,33950.0,34850.0,51,38668.85611500032,0.02230756430984293,4,time
086520,2021-05-31,2021-06-01,10072.0,9568.4,168,-91289.92864656029,-0.053888817276809275,1,stop
067310,2021-05-27,2021-06-02,9928.0,9431.6,179,-95876.60964681976,-0.05388881727680894,4,stop
001440,2021-06-01,2021-06-02,18195.0,17285.25,92,-90310.39796714997,-0.05388881727680905,1,stop
034020,2021-06-01,2021-06-02,19496.0,18521.2,86,-90456.92833315977,-0.05388881727680894,1,stop
000720,2021-05-28,2021-06-03,54291.0,54778.0,35,9207.412320750067,0.00483996799335662,4,time
000500,2021-06-02,2021-06-03,25669.0,27722.52,63,122362.97374753212,0.07557902878004863,1,target
031980,2021-05-31,2021-06-04,12650.0,12800.0,134,13093.885374999838,0.007715676210263478,4,time
001440,2021-06-04,2021-06-07,22473.0,24270.84,76,129233.51821828797,0.07557902878004863,1,target
032820,2021-06-07,2021-06-08,1940.0,2095.2000000000003,927,136076.14195127995,0.07557902878004863,1,target
000500,2021-06-07,2021-06-08,37017.0,35166.15,48,-95860.64021075983,-0.05388881727680894,1,stop
047040,2021-06-03,2021-06-09,8870.0,8940.0,194,6487.8648849998135,0.0037659732445649574,4,time
178320,2021-06-04,2021-06-09,22128.0,21021.6,77,-91924.39002516004,-0.05388881727680905,3,stop
083650,2021-06-08,2021-06-09,7670.0,7286.5,237,-98071.22018752503,-0.05388881727680905,1,stop
010170,2021-06-04,2021-06-10,2792.0,2797.0,617,-3983.916339050047,-0.0023099916766834427,4,time
145020,2021-06-10,2021-06-11,242500.0,230375.0,7,-91581.47875624988,-0.05388881727680905,1,stop
307950,2021-06-08,2021-06-14,120000.0,120500.0,15,101.1296250000596,5.611858021503657e-05,4,time
326030,2021-06-09,2021-06-15,120500.0,119000.0,14,-27851.75435000006,-0.0164906683200724,4,time
298040,2021-06-14,2021-06-16,79200.0,75240.0,22,-94003.86956400028,-0.053888817276809275,2,stop
034730,2021-06-11,2021-06-17,286000.0,285000.0,5,-10845.685749999946,-0.007575682458191291,4,time
007660,2021-06-14,2021-06-18,3597.0,3884.76,499,135813.05142226839,0.07557902878004885,4,target
336260,2021-06-14,2021-06-18,48600.0,51500.0,36,96922.0128599999,0.05533302816210384,4,time
067310,2021-06-16,2021-06-18,10476.0,11314.08,158,125242.89569884795,0.07557902878004863,2,target
058610,2021-06-15,2021-06-21,12800.0,12160.0,137,-94608.11849599984,-0.05388881727680894,4,stop
028300,2021-06-21,2021-06-22,32154.0,30546.3,55,-95410.36685482506,-0.053888817276809164,1,stop
086280,2021-06-17,2021-06-23,101289.0,106292.0,14,64024.07656470011,0.045097637079242414,4,time
247540,2021-06-18,2021-06-24,50083.0,53147.0,37,105439.52989540016,0.05683451845072818,4,time
178320,2021-06-21,2021-06-24,23129.0,21972.55,77,-96082.75564406742,-0.05388881727680905,3,stop
352820,2021-06-21,2021-06-25,313000.0,314000.0,5,-1428.4232499997597,-0.0009116819401984166,4,time
095340,2021-06-22,2021-06-25,24900.0,23655.0,77,-103439.86404674966,-0.05388881727680894,3,stop
043260,2021-06-23,2021-06-25,1800.0,1944.0000000000002,828,112772.54082240025,0.07557902878004885,2,target
035420,2021-06-24,2021-06-25,430000.0,408500.0,4,-92795.37170000002,-0.05388881727680905,1,stop
036930,2021-06-24,2021-06-25,15950.0,15152.5,114,-98098.73509424995,-0.05388881727680905,1,stop
226950,2021-06-25,2021-06-28,44150.0,41942.5,38,-90513.2529657497,-0.05388881727680894,1,stop
307950,2021-06-25,2021-06-29,143000.0,135850.0,11,-84864.6044675,-0.05388881727680905,2,stop
010170,2021-06-25,2021-07-01,3112.0,3258.0,542,71986.26457460015,0.04262962836969164,4,time
277810,2021-06-25,2021-07-01,22850.0,24678.0,73,126214.59790580021,0.07557902878004885,4,target
000990,2021-06-25,2021-07-01,60400.0,62400.0,27,47157.46074000001,0.028883544822710272,4,time
263750,2021-06-30,2021-07-01,74500.0,80460.0,21,118379.38816199987,0.07557902878004863,1,target
226950,2021-07-02,2021-07-05,48350.0,52218.0,35,128045.714041,0.07557902878004863,1,target
237690,2021-07-05,2021-07-06,120900.0,114855.0,15,-97839.77126624994,-0.05388881727680905,1,stop
222800,2021-07-01,2021-07-07,24250.0,23450.0,71,-63688.62660999992,-0.03694813956120113,4,time
141080,2021-07-02,2021-07-08,60400.0,57380.0,28,-91241.58873199997,-0.05388881727680905,4,stop
000100,2021-07-02,2021-07-08,57564.0,55638.0,29,-62530.694374500075,-0.03741494164201864,4,time
042700,2021-07-05,2021-07-08,17975.0,17076.25,102,-98916.0896763748,-0.05388881727680894,3,stop
131970,2021-07-06,2021-07-12,50500.0,52600.0,34,64152.89983000001,0.037320442131106635,4,time
003670,2021-07-09,2021-07-15,152182.0,159452.0,10,66248.95404099999,0.043482701858911676,4,time
066970,2021-07-14,2021-07-15,110500.0,119340.00000000001,15,125416.32207000046,0.07557902878004885,1,target
086520,2021-07-14,2021-07-15,9472.0,10229.76,181,129724.13627699204,0.07557902878004863,1,target
095340,2021-07-14,2021-07-16,25700.0,24415.0,66,-91511.34271949995,-0.05388881727680905,2,stop
028300,2021-07-16,2021-07-19,33319.0,31653.05,58,-104260.0240703451,-0.053888817276809164,1,stop
108490,2021-07-14,2021-07-20,15678.0,15678.0,109,-7003.422176399967,-0.004093491870325372,4,time
298040,2021-07-15,2021-07-20,79700.0,75715.0,22,-94597.3283365001,-0.053888817276809164,3,stop
010130,2021-07-15,2021-07-21,486000.0,510000.0,3,65812.56480000028,0.04508707643237475,4,time
010120,2021-07-15,2021-07-21,12200.0,12720.0,145,67928.00123000029,0.03835498224667733,4,time
086520,2021-07-19,2021-07-21,11249.0,12148.92,163,138740.1132641721,0.07557902878004863,2,target
042700,2021-07-20,2021-07-22,18250.0,19710.0,92,127043.14012400014,0.07557902878004863,2,target
083650,2021-07-21,2021-07-22,6310.0,5994.5,278,-94639.40995854978,-0.05388881727680894,1,stop
043260,2021-07-21,2021-07-22,1760.0,1900.8000000000002,996,132639.3942297604,0.07557902878004885,1,target
336260,2021-07-22,2021-07-23,53500.0,50825.0,33,-95250.13298624987,-0.05388881727680905,1,stop
005290,2021-07-21,2021-07-26,30700.0,29165.0,57,-94408.50054525002,-0.05388881727680905,3,stop
222800,2021-07-23,2021-07-29,25300.0,25800.0,69,27244.06453500013,0.015588454930656415,4,time
084370,2021-07-23,2021-07-29,46650.0,46600.0,37,-8918.244217499858,-0.005160915780432096,4,time
080220,2021-07-23,2021-07-29,6070.0,5900.0,288,-55979.97278399998,-0.03198543690855349,4,time
131290,2021-07-23,2021-07-29,71100.0,76788.0,24,129116.38731839997,0.07557902878004863,4,target
047050,2021-07-26,2021-07-30,27200.0,25840.0,64,-93917.54828800005,-0.05388881727680905,4,stop
000250,2021-07-30,2021-08-02,55900.0,53105.0,31,-93491.33698775037,-0.053888817276809275,1,stop
214370,2021-08-04,2021-08-05,14020.0,15141.6,122,129422.07778064022,0.07557902878004885,1,target
098460,2021-08-03,2021-08-09,26300.0,25600.0,65,-52371.7366249999,-0.03060050919697066,4,time
214150,2021-08-03,2021-08-09,23750.0,23950.0,72,7349.626079999842,0.004293089250766657,4,time
237690,2021-08-05,2021-08-09,118900.0,112955.0,14,-89806.49751850008,-0.053888817276809164,2,stop
001440,2021-08-06,2021-08-09,24580.0,23351.0,73,-96806.07398614986,-0.05388881727680905,1,stop
196170,2021-08-09,2021-08-10,75488.0,71713.59999999999,22,-89598.0316369601,-0.053888817276809164,1,stop
353200,2021-08-10,2021-08-11,17450.0,16577.5,96,-90378.37597199995,-0.05388881727680905,1,stop
086520,2021-08-10,2021-08-11,18258.0,19718.640000000003,91,125717.32124296832,0.07557902878004885,1,target
010140,2021-08-11,2021-08-13,6220.0,5909.0,273,-91611.69120285008,-0.053888817276809164,2,stop
326030,2021-08-12,2021-08-13,128000.0,121600.0,14,-96679.82912000013,-0.053888817276809164,1,stop
247540,2021-08-10,2021-08-17,77410.0,73539.5,21,-87702.95592397498,-0.05388881727680905,4,stop
068270,2021-08-12,2021-08-17,250923.0,238376.84999999998,7,-94762.47172764759,-0.053888817276809164,2,stop
086520,2021-08-13,2021-08-17,20556.0,19528.2,84,-93157.05784644,-0.05388881727680905,1,stop
207940,2021-08-11,2021-08-18,1391974.0,1503331.9200000002,1,105325.04343714402,0.07557902878004863,4,target
226950,2021-08-18,2021-08-19,48300.0,45885.0,32,-83386.35261599999,-0.05388881727680905,1,stop
272210,2021-08-13,2021-08-20,18100.0,18150.0,95,-2310.8581375000067,-0.0013423689196908617,4,time
000810,2021-08-18,2021-08-20,230500.0,218975.0,6,-74613.95294249989,-0.05388881727680905,2,stop
028300,2021-08-19,2021-08-20,38568.0,36639.6,42,-87392.52303516027,-0.053888817276809275,1,stop
007660,2021-08-20,2021-08-23,3484.0,3309.7999999999997,447,-84020.16658503003,-0.05388881727680905,1,stop
079550,2021-08-18,2021-08-24,47800.0,47000.0,33,-32786.672160000075,-0.020761383219776053,4,time
353200,2021-08-20,2021-08-25,17350.0,18738.0,89,116839.5859573998,0.07557902878004841,3,target
028300,2021-08-25,2021-08-27,44665.0,48238.200000000004,34,114907.07744116033,0.07557902878004885,2,target
067310,2021-08-26,2021-08-30,11333.0,12239.640000000001,138,118338.074550024,0.07557902878004863,2,target
298040,2021-08-26,2021-08-30,72300.0,78084.0,21,114883.6209948,0.07557902878004863,2,target
263750,2021-08-27,2021-08-30,92300.0,99684.0,18,125711.41929839994,0.07557902878004863,1,target
100790,2021-08-27,2021-08-30,8989.0,8539.55,187,-90688.2154020425,-0.05388881727680905,1,stop
003670,2021-08-26,2021-09-01,148305.0,150728.0,10,18080.733238499844,0.012177581048309793,4,time
028300,2021-08-31,2021-09-01,51574.0,48995.299999999996,32,-89038.66976848012,-0.053888817276809164,1,stop
336260,2021-08-30,2021-09-03,52700.0,52600.0,31,-9786.090384999756,-0.005983257540400522,4,time
000150,2021-09-02,2021-09-03,100000.0,95000.0,16,-86321.27600000007,-0.053888817276809164,1,stop
083650,2021-09-03,2021-09-06,5120.0,4864.0,313,-86459.39004159975,-0.05388881727680894,1,stop
298380,2021-09-03,2021-09-06,22500.0,21375.0,71,-86186.39900624985,-0.05388881727680894,1,stop
032820,2021-09-03,2021-09-06,2370.0,2251.5,676,-86435.65169069986,-0.05388881727680894,1,stop
017670,2021-09-01,2021-09-07,52019.0,51847.0,31,-11924.993237200193,-0.0073864409735051595,4,time
078600,2021-09-06,2021-09-07,70000.0,75600.0,21,111228.95532000018,0.07557902878004885,1,target
000100,2021-09-02,2021-09-08,57388.0,57127.0,28,-13871.705695400015,-0.008622863840455741,4,time
108490,2021-09-06,2021-09-08,14802.0,14061.9,102,-81455.12986869016,-0.053888817276809164,2,stop
047050,2021-09-07,2021-09-09,23850.0,22657.5,70,-90070.85642625019,-0.053888817276809164,2,stop
178320,2021-09-07,2021-09-09,20676.0,19642.2,81,-90354.42181790993,-0.05388881727680905,2,stop
011070,2021-09-06,2021-09-10,228000.0,230000.0,6,6358.285799999954,0.0046425301308121725,4,time
247540,2021-09-13,2021-09-14,99796.0,107779.68000000001,15,113267.39617463993,0.07557902878004863,1,target
005290,2021-09-16,2021-09-17,28450.0,30726.000000000004,54,116245.60820280039,0.07557902878004885,1,target
001440,2021-09-16,2021-09-17,24371.0,23152.45,63,-82834.59780996758,-0.053888817276809164,1,stop
066970,2021-09-14,2021-09-23,150400.0,159100.0,10,80579.82685000007,0.053515461724941815,4,time
043260,2021-09-16,2021-09-23,1815.0,1724.25,855,-83722.19633043744,-0.05388881727680905,2,stop
083650,2021-09-17,2021-09-23,5090.0,4835.5,310,-85128.96337525011,-0.053888817276809164,1,stop
047050,2021-09-17,2021-09-23,25650.0,24367.5,61,-84414.1153083751,-0.053888817276809164,1,stop
028050,2021-09-16,2021-09-24,27300.0,25935.0,56,-82479.97921800008,-0.053888817276809164,3,stop
066970,2021-09-27,2021-09-28,191900.0,182305.0,7,-72472.1062817499,-0.05388881727680905,1,stop
005290,2021-09-23,2021-09-29,30950.0,31450.0,48,17840.96087999991,0.011995466257779253,4,time
047810,2021-09-23,2021-09-29,32150.0,32550.0,47,12551.991550000152,0.008297257842019068,4,time
319660,2021-09-23,2021-09-29,19075.0,18121.25,79,-81299.8055226875,-0.05388881727680905,4,stop
006800,2021-09-23,2021-09-29,8951.0,8503.449999999999,168,-81129.48285498028,-0.053888817276809275,4,stop
083650,2021-09-29,2021-10-01,4800.0,4560.0,303,-78466.03988400009,-0.053888817276809164,2,stop
082740,2021-10-01,2021-10-05,6228.0,5916.599999999999,231,-77617.28593772999,-0.05388881727680905,1,stop
005290,2021-10-05,2021-10-08,31000.0,33480.0,46,107899.65325600002,0.07557902878004863,3,target
003230,2021-10-06,2021-10-13,84600.0,81700.0,16,-51810.533999999985,-0.038232131037891026,4,time
034020,2021-10-14,2021-10-15,21523.0,23244.84,70,113999.08596916008,0.07557902878004863,1,target
010130,2021-10-13,2021-10-18,557000.0,601560.0,2,84291.87498400011,0.07557902878004863,3,target
034020,2021-10-18,2021-10-19,23116.0,21960.2,63,-78568.97800562996,-0.05388881727680905,1,stop
032820,2021-10-18,2021-10-22,2200.0,2190.0,671,-12739.981424500002,-0.00862033963455111,4,time
298380,2021-10-20,2021-10-25,20550.0,22194.0,70,108845.47770599998,0.07557902878004863,3,target
043260,2021-10-21,2021-10-27,1700.0,1675.0,861,-27460.078563750256,-0.018739175813409004,4,time
032820,2021-10-26,2021-10-28,2355.0,2237.25,630,-80044.10071087489,-0.05388881727680905,2,stop
034020,2021-10-26,2021-10-28,24564.0,23335.8,60,-79514.84338740003,-0.05388881727680905,2,stop
000150,2021-10-26,2021-10-28,105500.0,100225.0,14,-79685.32790750009,-0.053888817276809164,2,stop
336260,2021-10-27,2021-10-28,54200.0,51490.0,27,-78951.59706150019,-0.053888817276809164,1,stop
298380,2021-10-28,2021-10-29,23100.0,21945.0,61,-76022.06875724997,-0.05388881727680905,1,stop
267270,2021-10-28,2021-10-29,42900.0,40755.0,32,-74063.65480799973,-0.05388881727680894,1,stop
010140,2021-10-28,2021-11-01,6460.0,6137.0,218,-75977.82910329988,-0.05388881727680894,2,stop
082740,2021-10-28,2021-11-01,6816.0,7361.280000000001,207,106758.00531187234,0.07557902878004885,2,target
007660,2021-10-29,2021-11-01,4127.0,3920.6499999999996,330,-73476.13062322512,-0.053888817276809164,1,stop
067310,2021-10-29,2021-11-01,15408.0,16640.64,88,102595.77240422391,0.07557902878004863,1,target
095340,2021-10-29,2021-11-01,27200.0,25840.0,50,-73373.08459999994,-0.05388881727680905,1,stop
086520,2021-11-04,2021-11-05,22257.0,24037.56,62,104414.02532690414,0.07557902878004863,1,target
196170,2021-11-03,2021-11-09,67563.0,65145.0,20,-53755.166033999994,-0.03973580995355952,4,time
000150,2021-11-05,2021-11-09,126000.0,136080.0,11,104873.01501600025,0.07557902878004885,2,target
178320,2021-11-09,2021-11-10,20125.0,19118.75,69,-74917.42617843742,-0.05388881727680905,1,stop
033780,2021-11-05,2021-11-11,85700.0,85100.0,16,-15191.150560000213,-0.011065999511840174,4,time
034020,2021-11-05,2021-11-11,25674.0,24390.3,55,-76182.30262582493,-0.05388881727680905,4,stop
222800,2021-11-08,2021-11-11,37300.0,40284.0,39,110071.26619320014,0.07557902878004863,3,target
353200,2021-11-12,2021-11-15,20500.0,22140.0,69,107029.49476200016,0.07557902878004885,1,target
241560,2021-11-10,2021-11-16,44300.0,43300.0,30,-35358.066300000064,-0.026574451421785272,4,time
005290,2021-11-15,2021-11-16,35150.0,37962.0,44,117024.96754959994,0.07557902878004863,1,target
259960,2021-11-12,2021-11-17,535000.0,577800.0,2,80962.57292000018,0.07557902878004885,3,target
080220,2021-11-16,2021-11-17,6050.0,5747.5,252,-82253.38586850022,-0.053888817276809275,1,stop
068270,2021-11-16,2021-11-17,201783.0,191693.84999999998,7,-76204.47640359774,-0.053888817276809275,1,stop
000990,2021-11-16,2021-11-19,66100.0,71388.0,23,115034.95290679997,0.07557902878004863,3,target
079550,2021-11-18,2021-11-19,60400.0,65232.00000000001,22,100544.92233280023,0.07557902878004885,1,target
042700,2021-11-16,2021-11-22,17300.0,18684.0,88,115193.85141439992,0.07557902878004863,4,target
036930,2021-11-17,2021-11-22,14500.0,15660.000000000002,93,102035.54166600015,0.07557902878004885,3,target
007660,2021-11-17,2021-11-23,4512.0,4286.4,300,-73027.79949600017,-0.053888817276809164,4,stop
079550,2021-11-22,2021-11-23,63700.0,60515.0,24,-82479.97921799985,-0.05388881727680894,1,stop
058470,2021-11-22,2021-11-23,42128.0,40021.6,36,-81822.21109488001,-0.05388881727680905,1,stop
066570,2021-11-22,2021-11-24,133500.0,126825.0,11,-79226.7461287498,-0.05388881727680894,2,stop
095340,2021-11-22,2021-11-24,29600.0,28120.0,52,-83041.06751199975,-0.05388881727680894,2,stop
080220,2021-11-23,2021-11-24,6790.0,6450.5,210,-76928.44215525012,-0.053888817276809164,1,stop
084370,2021-11-23,2021-11-24,54800.0,52060.0,26,-76869.09627799992,-0.05388881727680905,1,stop
031980,2021-11-23,2021-11-26,12850.0,12207.5,111,-76952.72001412488,-0.05388881727680894,3,stop
237690,2021-11-25,2021-11-26,101300.0,109404.0,13,99644.49745639996,0.07557902878004863,1,target
100790,2021-11-25,2021-11-26,8159.0,8811.720000000001,170,104950.95095068053,0.07557902878004907,1,target
003670,2021-11-26,2021-11-29,159452.0,151479.4,8,-68820.5005037603,-0.053888817276809275,1,stop
003230,2021-11-29,2021-11-30,83400.0,79230.0,16,-71991.9441839999,-0.05388881727680905,1,stop
226950,2021-11-29,2021-11-30,40900.0,38855.0,34,-75023.97900349996,-0.05388881727680905,1,stop
218410,2021-11-25,2021-12-01,33650.0,33700.0,41,-3610.125132499961,-0.002613690223773002,4,time
017670,2021-11-30,2021-12-01,57100.0,54245.0,24,-73934.17289400031,-0.053888817276809275,1,stop
007660,2021-11-30,2021-12-01,5153.0,4895.349999999999,267,-74228.25869117258,-0.053888817276809164,1,stop
237690,2021-12-01,2021-12-02,125500.0,119225.0,10,-67708.25086249993,-0.05388881727680905,1,stop
131290,2021-12-03,2021-12-06,66400.0,71712.0,20,100484.3895680001,0.07557902878004863,1,target
064760,2021-12-01,2021-12-07,145800.0,147000.0,9,5390.5030199999455,0.004103269513457963,4,time
036930,2021-12-03,2021-12-08,19750.0,18762.5,67,-71390.39279187517,-0.053888817276809164,3,stop
003230,2021-12-03,2021-12-09,87500.0,87300.0,15,-8370.043349999934,-0.00636984960319309,4,time
196170,2021-12-07,2021-12-09,68398.0,73869.84000000001,20,103508.00116976025,0.07557902878004885,2,target
298380,2021-12-07,2021-12-13,23150.0,21992.5,59,-73688.69676537509,-0.053888817276809164,4,stop
226950,2021-12-10,2021-12-13,43400.0,41230.0,31,-72585.40295650018,-0.053888817276809164,1,stop
326030,2021-12-13,2021-12-14,106500.0,101175.0,12,-68949.11920499988,-0.05388881727680894,1,stop
108490,2021-12-14,2021-12-15,15678.0,14894.099999999999,84,-71050.6106692201,-0.053888817276809164,1,stop
058610,2021-12-14,2021-12-16,10450.0,11286.0,126,99629.36426519975,0.07557902878004841,2,target
043260,2021-12-13,2021-12-17,1600.0,1610.0,832,2839.9483839999884,0.0021309238054851853,4,time
003230,2021-12-13,2021-12-17,93200.0,95400.0,14,25361.868700000225,0.019415030853765947,4,time
298380,2021-12-15,2021-12-17,23800.0,22610.0,52,-66769.50698600011,-0.053888817276809164,2,stop
082740,2021-12-14,2021-12-20,6793.0,6453.349999999999,194,-71098.62687899522,-0.053888817276809275,4,stop
108490,2021-12-17,2021-12-20,18161.0,17252.95,72,-70545.63120461977,-0.05388881727680894,1,stop
277810,2021-12-17,2021-12-20,22650.0,24462.0,58,99402.36639719992,0.07557902878004863,1,target
307950,2021-12-20,2021-12-21,132500.0,125875.0,9,-64336.32601874997,-0.05388881727680905,1,stop
005290,2021-12-21,2021-12-22,36500.0,39420.0,35,96663.25879000011,0.07557902878004863,1,target
087010,2021-12-17,2021-12-23,10611.0,10080.449999999999,124,-70986.51712179021,-0.053888817276809275,4,stop
108490,2021-12-22,2021-12-23,18989.0,18039.55,69,-70688.54686719785,-0.053888817276809386,1,stop
222800,2021-12-24,2021-12-27,46000.0,43700.0,27,-67006.89049499994,-0.05388881727680905,1,stop
031980,2021-12-24,2021-12-27,15450.0,16686.0,83,97030.23867659993,0.07557902878004863,1,target
214370,2021-12-22,2021-12-28,13480.0,13260.0,97,-26635.73100499995,-0.020347158916952046,4,time
353200,2021-12-23,2021-12-28,22800.0,24624.0,56,96610.2926208002,0.07557902878004885,3,target
007660,2021-12-24,2021-12-28,5931.0,6405.4800000000005,216,96935.35356777604,0.07557902878004863,2,target
108490,2021-12-28,2021-12-30,21959.0,23715.72,62,103016.02112384816,0.07557902878004885,2,target
009150,2021-12-27,2022-01-03,196500.0,194500.0,6,-16796.40119999973,-0.014229944879278533,4,time
319400,2021-12-28,2022-01-03,3155.0,3407.4,431,102890.94529857975,0.07557902878004841,3,target
141080,2021-12-28,2022-01-04,56000.0,55200.0,24,-24651.378239999758,-0.018320727700749107,4,time
015760,2021-12-29,2022-01-05,22550.0,21800.0,61,-51252.40572250006,-0.03721676819392872,4,time
108490,2022-01-05,2022-01-06,33110.0,31454.5,40,-71452.43620899995,-0.05388881727680905,1,stop
058610,2022-01-05,2022-01-07,13400.0,14472.000000000002,100,101392.38104000036,0.07557902878004885,2,target
032820,2022-01-06,2022-01-10,1830.0,1976.4,728,100805.21322144009,0.07557902878004863,2,target
319400,2022-01-07,2022-01-10,3945.0,3747.75,391,-83218.83538976242,-0.05388881727680905,1,stop
043260,2022-01-06,2022-01-11,1625.0,1755.0000000000002,820,100824.8863700002,0.07557902878004885,3,target
267270,2022-01-06,2022-01-12,46200.0,44600.0,28,-49969.358879999956,-0.0385837605501409,4,time
086280,2022-01-06,2022-01-12,90535.0,89285.0,14,-22642.8366429999,-0.017843788829093654,4,time
316140,2022-01-11,2022-01-13,13850.0,14958.000000000002,104,108989.24302240019,0.07557902878004885,2,target
032820,2022-01-12,2022-01-13,2220.0,2109.0,566,-67790.2560746998,-0.05388881727680894,1,stop
001440,2022-01-13,2022-01-14,16032.0,15230.4,83,-71789.95239816024,-0.053888817276809275,1,stop
298380,2022-01-13,2022-01-14,28850.0,27407.5,46,-71598.10336225014,-0.053888817276809164,1,stop
083650,2022-01-11,2022-01-17,4300.0,4085.0,335,-77716.12379874988,-0.05388881727680894,4,stop
009830,2022-01-11,2022-01-17,47408.0,47471.0,30,-3944.1957824998535,-0.002770042030379005,4,time
006260,2022-01-14,2022-01-17,57900.0,55005.0,21,-65598.77468025009,-0.053888817276809164,1,stop
082740,2022-01-13,2022-01-18,7844.0,7451.799999999999,169,-71519.11939471029,-0.053888817276809275,3,stop
066570,2022-01-14,2022-01-18,145500.0,138225.0,8,-62798.72829,-0.05388881727680905,2,stop
298380,2022-01-17,2022-01-18,29850.0,32238.000000000004,45,101638.29539700015,0.07557902878004885,1,target
042700,2022-01-17,2022-01-19,18775.0,17836.25,72,-72930.68806049996,-0.05388881727680905,2,stop
084370,2022-01-17,2022-01-20,53400.0,50730.0,25,-72024.31466250005,-0.053888817276809164,3,stop
047810,2022-01-21,2022-01-25,37100.0,35245.0,34,-68053.53596650017,-0.053888817276809164,2,stop
100790,2022-01-24,2022-01-25,8400.0,7980.0,152,-68884.37824799982,-0.05388881727680894,1,stop
131970,2022-02-07,2022-02-08,51600.0,49020.0,24,-66812.667624,-0.05388881727680905,1,stop
100790,2022-02-08,2022-02-09,9620.0,9139.0,128,-66432.85400959989,-0.05388881727680894,1,stop
326030,2022-02-09,2022-02-10,88700.0,84265.0,13,-62210.66459724982,-0.05388881727680894,1,stop
043260,2022-02-07,2022-02-11,1665.0,1655.0,751,-12612.310897499789,-0.010074912339572473,4,time
180640,2022-02-10,2022-02-15,57800.0,54910.0,20,-62367.12190999999,-0.05388881727680905,3,stop
090430,2022-02-11,2022-02-17,177500.0,187500.0,6,55458.53400000022,0.05201391703838887,4,time
011200,2022-02-18,2022-02-21,27350.0,29538.000000000004,44,91056.41145040025,0.07557902878004885,1,target
214150,2022-02-18,2022-02-21,18000.0,19440.0,67,91253.14293600013,0.07557902878004885,1,target
257720,2022-02-21,2022-02-23,3150.0,2992.5,404,-68657.78489849996,-0.05388881727680905,2,stop
083650,2022-02-21,2022-02-23,4190.0,4525.200000000001,304,96380.26811456005,0.07557902878004863,2,target
214450,2022-02-18,2022-02-24,85500.0,86100.0,14,3469.6909799999557,0.002895325730584597,4,time
031980,2022-02-18,2022-02-24,15350.0,14582.5,78,-64595.289846749976,-0.05388881727680905,4,stop
000500,2022-02-21,2022-02-24,20055.0,19052.25,63,-68164.94436333771,-0.053888817276809275,3,stop
011200,2022-02-23,2022-02-25,31350.0,29782.5,41,-69345.65756662516,-0.053888817276809164,2,stop
010140,2022-02-24,2022-02-28,5950.0,5652.5,203,-65164.47076037503,-0.05388881727680905,2,stop
036930,2022-02-25,2022-02-28,22700.0,24516.0,53,91033.71166360006,0.07557902878004863,1,target
042660,2022-02-24,2022-03-03,23587.0,23143.0,51,-27507.120769200148,-0.022840364707463534,4,time
082740,2022-02-24,2022-03-03,7436.0,7405.0,162,-9944.017755299807,-0.0082453344943193,4,time
108490,2022-02-28,2022-03-07,25076.0,24832.0,48,-16610.262671999866,-0.013784080001751353,4,time
353200,2022-02-28,2022-03-07,25050.0,24100.0,48,-50393.24459999986,-0.04186240136027297,4,time
277810,2022-02-28,2022-03-07,22850.0,22150.0,53,-41953.75245500007,-0.034602662797711514,4,time
000880,2022-03-03,2022-03-08,31450.0,29877.5,38,-64476.59809224983,-0.05388881727680894,3,stop
010140,2022-03-03,2022-03-08,6100.0,5795.0,198,-65161.77322049998,-0.05388881727680905,3,stop
011200,2022-03-07,2022-03-08,35800.0,34010.0,32,-61806.03361600009,-0.053888817276809164,1,stop
028050,2022-03-07,2022-03-08,25450.0,27486.0,46,88582.13468919974,0.07557902878004841,1,target
047050,2022-03-08,2022-03-10,23000.0,21850.0,50,-62043.41712499992,-0.05388881727680905,1,stop
032820,2022-03-14,2022-03-15,2600.0,2470.0,446,-62561.3447809997,-0.05388881727680883,1,stop
083650,2022-03-14,2022-03-15,5600.0,5320.0,207,-62539.76446199999,-0.05388881727680905,1,stop
000720,2022-03-11,2022-03-17,48600.0,48300.0,23,-11460.626415000064,-0.010241062908162957,4,time
214370,2022-03-16,2022-03-17,11760.0,11172.0,96,-60908.2923456002,-0.053888817276809275,1,stop
028300,2022-03-16,2022-03-17,27849.0,30076.920000000002,40,84288.84834576002,0.07557902878004863,1,target
298040,2022-03-15,2022-03-21,61900.0,59200.0,18,-53022.93920999998,-0.047533678816207736,4,time
180640,2022-03-17,2022-03-21,56200.0,60696.00000000001,20,85048.53454400017,0.07557902878004885,2,target
058610,2022-03-18,2022-03-24,12850.0,13650.0,88,65558.21271999995,0.057908469725296285,4,time
080220,2022-03-18,2022-03-24,5390.0,5310.0,211,-21491.078793999972,-0.01887503559024628,4,time
237690,2022-03-18,2022-03-24,110800.0,105260.0,10,-59777.48362999968,-0.05388881727680883,4,stop
319400,2022-03-21,2022-03-25,3800.0,3930.0,303,34555.20883050002,0.029976993934111018,4,time
086280,2022-03-21,2022-03-25,91036.0,93286.0,12,22443.39782760013,0.020520832608911244,4,time
214370,2022-03-24,2022-03-25,13780.0,14882.400000000001,82,85499.50364175998,0.07557902878004863,1,target
087010,2022-03-25,2022-03-28,9089.0,9816.12,127,87341.44000866823,0.07557902878004885,1,target
180640,2022-03-25,2022-03-28,63100.0,59945.0,18,-61277.31580049987,-0.05388881727680894,1,stop
214370,2022-03-30,2022-03-31,18800.0,20304.0,62,88196.23831359996,0.07557902878004863,1,target
087010,2022-03-31,2022-04-01,10611.0,10080.449999999999,113,-64689.32608679263,-0.053888817276809164,1,stop
078930,2022-03-29,2022-04-04,42750.0,44700.0,27,47764.437817500206,0.041333822535589926,4,time
000500,2022-04-01,2022-04-04,23068.0,21914.6,50,-62226.849836499896,-0.05388881727680894,1,stop
080220,2022-03-30,2022-04-05,6100.0,5795.0,191,-62858.07416724996,-0.05388881727680905,4,stop
257720,2022-03-31,2022-04-06,3016.0,2975.0,398,-21189.24185770005,-0.01763200872487336,4,time
214150,2022-04-01,2022-04-07,23000.0,22550.0,50,-27146.59887499991,-0.02357861920329718,4,time
218410,2022-04-06,2022-04-07,33000.0,31350.0,37,-65873.9237474997,-0.05388881727680883,1,stop
131290,2022-04-04,2022-04-08,65400.0,70632.0,17,84125.40988080017,0.07557902878004885,4,target
043260,2022-04-04,2022-04-08,1565.0,1570.0,744,-1062.7468979998957,-0.0009116819401985277,4,time
003230,2022-04-05,2022-04-08,100500.0,108540.0,11,83648.71435800008,0.07557902878004863,3,target
095340,2022-04-08,2022-04-11,31000.0,29450.0,37,-61881.56473250012,-0.053888817276809164,1,stop
003670,2022-04-11,2022-04-12,134249.0,127536.54999999999,8,-57942.72490862012,-0.053888817276809164,1,stop
247540,2022-04-11,2022-04-12,116573.0,110744.34999999999,9,-56602.85685270734,-0.05388881727680894,1,stop
006260,2022-04-12,2022-04-14,54600.0,58968.00000000001,20,82627.22395200026,0.07557902878004885,2,target
000100,2022-04-11,2022-04-15,55480.0,54474.0,20,-24608.047953999834,-0.0221519263904848,4,time
066570,2022-04-11,2022-04-15,124500.0,126500.0,9,13354.902000000002,0.01190500625223967,4,time
095340,2022-04-13,2022-04-19,33950.0,34650.0,34,18999.284149999963,0.01644066293647195,4,time
082740,2022-04-14,2022-04-19,7883.0,8513.640000000001,149,88874.7349410525,0.07557902878004907,3,target
047050,2022-04-15,2022-04-19,23250.0,25110.0,47,82683.97341900016,0.07557902878004885,2,target
010140,2022-04-14,2022-04-20,5990.0,6210.0,196,38181.429356000386,0.032484042651966805,4,time
319400,2022-04-15,2022-04-21,3820.0,3755.0,291,-23414.878718249965,-0.021039545019128636,4,time
131970,2022-04-19,2022-04-25,46700.0,47350.0,25,11417.445687500061,0.009768161883085602,4,time
000250,2022-04-19,2022-04-25,39700.0,41000.0,30,34004.06985000009,0.02851805625482773,4,time
267270,2022-04-19,2022-04-25,38000.0,36100.0,31,-63554.039454999845,-0.05388881727680894,4,stop
240810,2022-04-20,2022-04-25,41200.0,39140.0,31,-68905.95856700023,-0.053888817276809275,3,stop
032820,2022-04-22,2022-04-27,2340.0,2223.0,479,-60471.29088585009,-0.053888817276809164,3,stop
064760,2022-04-27,2022-05-03,137500.0,145300.0,8,57708.02168000024,0.05240156822721276,4,time
079550,2022-04-28,2022-05-04,83000.0,85700.0,14,32926.45531000011,0.028303466827868995,4,time
090430,2022-04-29,2022-05-04,180000.0,171000.0,6,-58266.86129999976,-0.05388881727680883,3,stop
047040,2022-04-29,2022-05-06,7010.0,6659.5,167,-63158.580109325005,-0.05388881727680905,4,stop
018260,2022-04-29,2022-05-06,146000.0,146500.0,8,-798.4897999998648,-0.0006828531438537455,4,time
001440,2022-05-06,2022-05-09,17713.0,19130.04,65,87117.62011082005,0.07557902878004863,1,target
047810,2022-05-03,2022-05-10,47100.0,48350.0,26,27385.53265500022,0.022337147942033564,4,time
267260,2022-05-04,2022-05-10,24150.0,22942.5,46,-59933.94094275008,-0.053888817276809164,3,stop
000500,2022-05-06,2022-05-10,21913.0,20817.35,52,-61475.63893210981,-0.05388881727680894,2,stop
336260,2022-05-09,2022-05-10,39050.0,37097.5,32,-67416.91655600024,-0.053888817276809275,1,stop
267270,2022-05-04,2022-05-11,40800.0,38760.0,27,-59432.198525999906,-0.05388881727680905,4,stop
010170,2022-05-10,2022-05-12,2008.0,1907.6,570,-61749.92478659982,-0.05388881727680894,2,stop
028300,2022-05-13,2022-05-16,34980.0,37778.4,32,84697.44450816,0.07557902878004863,1,target
131290,2022-05-12,2022-05-18,79700.0,86076.0,13,78397.49701160018,0.07557902878004885,4,target
005290,2022-05-12,2022-05-18,41600.0,41050.0,26,-18690.456005000044,-0.01726052503069364,4,time
161390,2022-05-13,2022-05-19,35950.0,35600.0,31,-15385.25264750002,-0.013789382770057923,4,time
087010,2022-05-18,2022-05-19,9225.0,9963.0,124,86554.28706840007,0.07557902878004863,1,target
028300,2022-05-19,2022-05-23,44488.0,42263.6,26,-62404.240058680065,-0.053888817276809164,2,stop
357780,2022-05-18,2022-05-24,267400.0,260600.0,4,-31503.247760000057,-0.029419461411394177,4,time
003670,2022-05-23,2022-05-24,132795.0,126155.25,9,-64479.565386112314,-0.05388881727680894,1,stop
353200,2022-05-19,2022-05-25,32150.0,32500.0,36,7819.597890000092,0.00674841412797611,4,time
078600,2022-05-20,2022-05-25,96500.0,91675.0,12,-62475.02350499993,-0.05388881727680905,3,stop
066970,2022-05-20,2022-05-25,270000.0,256500.0,4,-58266.86129999976,-0.05388881727680883,3,stop
067310,2022-05-24,2022-05-25,16668.0,15834.599999999999,66,-59350.624920180184,-0.053888817276809275,1,stop
005290,2022-05-24,2022-05-26,43550.0,41372.5,25,-58738.930778124835,-0.05388881727680894,2,stop
226950,2022-05-25,2022-05-26,24600.0,23370.0,44,-58396.34321399988,-0.05388881727680894,1,stop
058610,2022-05-26,2022-05-27,18800.0,17860.0,56,-56799.39960799995,-0.05388881727680905,1,stop
007660,2022-05-26,2022-05-30,7925.0,7528.75,133,-56865.48933493765,-0.053888817276809275,2,stop
277810,2022-05-25,2022-05-31,22600.0,23050.0,48,17090.59476000024,0.01573650497296475,4,time
009830,2022-05-27,2022-05-31,44040.0,47563.200000000004,23,76643.56015152019,0.07557902878004885,2,target
319400,2022-05-26,2022-06-02,3900.0,3860.0,272,-15195.29577599978,-0.014307917594732045,4,time
086790,2022-06-02,2022-06-07,49350.0,46882.5,21,-55911.90898912493,-0.05388881727680905,2,stop
003550,2022-05-31,2022-06-08,81900.0,80700.0,12,-18385.259039999917,-0.01868552861947803,4,time
267270,2022-06-07,2022-06-08,46050.0,43747.5,22,-54657.552947249846,-0.05388881727680894,1,stop
009830,2022-06-02,2022-06-09,47907.0,50590.0,22,54532.674117899965,0.05168159655750171,4,time
012330,2022-06-02,2022-06-09,215500.0,222000.0,5,27988.377875000006,0.02594545153033767,4,time
006260,2022-06-02,2022-06-09,66900.0,66800.0,16,-5981.996400000062,-0.005582141359308457,4,time
010170,2022-06-08,2022-06-09,2294.0,2179.2999999999997,428,-52970.619411020074,-0.053888817276809164,1,stop
298040,2022-06-08,2022-06-13,66900.0,63555.0,14,-50530.31693850004,-0.053888817276809164,3,stop
108490,2022-06-10,2022-06-13,22397.0,21277.149999999998,47,-56791.792545552715,-0.053888817276809275,1,stop
226950,2022-06-10,2022-06-13,26400.0,25080.0,40,-56972.0421600003,-0.053888817276809386,1,stop
323410,2022-06-10,2022-06-13,40700.0,38665.0,26,-57090.733914499986,-0.05388881727680905,1,stop
064350,2022-06-10,2022-06-15,22600.0,21470.0,47,-57306.53710450011,-0.053888817276809164,3,stop
196170,2022-06-20,2022-06-23,47878.0,51708.240000000005,20,72454.69282736012,0.07557902878004885,3,target
257720,2022-06-22,2022-06-23,2858.0,2715.1,345,-53196.02584297501,-0.05388881727680905,1,stop
257720,2022-06-27,2022-06-28,3258.0,3518.6400000000003,302,74448.94476369629,0.07557902878004885,1,target
141080,2022-06-27,2022-06-28,43550.0,41372.5,22,-51690.25908474997,-0.05388881727680905,1,stop
087010,2022-06-28,2022-06-29,9448.0,8975.6,104,-53011.62201712001,-0.05388881727680905,1,stop
083650,2022-06-29,2022-07-01,7320.0,6954.0,133,-52524.3384141,-0.05388881727680905,2,stop
257720,2022-06-30,2022-07-01,3533.0,3815.6400000000003,279,74584.46249089215,0.07557902878004885,1,target
267260,2022-06-29,2022-07-04,25500.0,24225.0,38,-52278.32277749991,-0.05388881727680894,3,stop
028300,2022-07-11,2022-07-13,36282.0,39184.560000000005,26,71378.117605392,0.07557902878004863,2,target
145020,2022-07-13,2022-07-15,119000.0,113050.0,8,-51361.15922000003,-0.053888817276809164,2,stop
080220,2022-07-15,2022-07-19,4425.0,4779.0,221,73995.63002129993,0.07557902878004863,2,target
086520,2022-07-18,2022-07-19,15320.0,16545.600000000002,63,73029.75409295992,0.07557902878004863,1,target
108490,2022-07-19,2022-07-25,19330.0,19817.0,52,21129.99686980003,0.020997375665067874,4,time
080220,2022-07-21,2022-07-25,5090.0,4835.5,198,-54372.692736449884,-0.05388881727680894,2,stop
214370,2022-07-21,2022-07-26,22380.0,24170.4,45,76203.18428760022,0.07557902878004885,3,target
064350,2022-07-25,2022-07-28,24450.0,26406.0,40,74001.30496800004,0.07557902878004863,3,target
010170,2022-07-27,2022-07-28,2080.0,2246.4,493,77590.89792063984,0.07557902878004841,1,target
373220,2022-07-28,2022-08-01,396000.0,427680.0,2,59927.43715200003,0.07557902878004863,2,target
214370,2022-07-28,2022-08-03,27800.0,28320.0,37,14967.870998000028,0.014534975188215338,4,time
043260,2022-07-28,2022-08-03,1520.0,1510.0,688,-11145.451048000017,-0.010645508371178503,4,time
003670,2022-07-29,2022-08-04,130856.0,131342.0,9,-465.3613034998998,-0.0003946888887957911,4,time
009830,2022-07-29,2022-08-04,53709.0,52150.0,22,-39039.31270469981,-0.03300146346119759,4,time
277810,2022-08-03,2022-08-04,29000.0,27550.0,36,-56324.632589999936,-0.05388881727680905,1,stop
012450,2022-08-01,2022-08-05,64989.0,61739.549999999996,13,-45580.70892345754,-0.053888817276809164,4,stop
377300,2022-08-05,2022-08-08,74200.0,70490.0,13,-52040.93926850008,-0.053888817276809164,1,stop
226950,2022-08-05,2022-08-08,22600.0,24408.0,42,71822.12543520005,0.07557902878004863,1,target
319400,2022-08-03,2022-08-09,3200.0,3210.0,326,-1024.8528829999268,-0.0009812840324200378,4,time
263750,2022-08-04,2022-08-09,57500.0,62100.00000000001,19,82665.0569300002,0.07557902878004885,3,target
161390,2022-08-04,2022-08-10,38550.0,38600.0,28,-3027.724350000033,-0.002801784337083224,4,time
010170,2022-08-09,2022-08-10,2549.0,2752.92,441,85056.78213320416,0.07557902878004885,1,target
141080,2022-08-08,2022-08-12,50500.0,49750.0,19,-18140.21318750002,-0.018884182585122478,4,time
086520,2022-08-08,2022-08-12,21935.0,21649.0,44,-16502.23848680011,-0.017078641691391616,4,time
010130,2022-08-09,2022-08-12,551000.0,595080.0,2,83383.88351200032,0.07557902878004885,3,target
082740,2022-08-11,2022-08-12,8710.0,9406.800000000001,132,86994.66293232003,0.07557902878004863,1,target
083650,2022-08-12,2022-08-16,8870.0,8426.5,122,-58382.316006649984,-0.05388881727680905,1,stop
277810,2022-08-16,2022-08-17,30900.0,33372.0,35,81832.73141400004,0.07557902878004863,1,target
000720,2022-08-11,2022-08-18,47000.0,46400.0,24,-18980.317679999862,-0.016807191974108293,4,time
336260,2022-08-12,2022-08-19,40200.0,38190.0,27,-58558.19560650026,-0.053888817276809275,4,stop
066570,2022-08-12,2022-08-19,100500.0,101000.0,10,866.5687499999767,0.0008612668765883846,4,time
047050,2022-08-16,2022-08-19,24350.0,26298.0,45,82910.97128700023,0.07557902878004885,3,target
100790,2022-08-19,2022-08-22,6700.0,6365.0,162,-58558.19560650014,-0.053888817276809164,1,stop
108490,2022-08-19,2022-08-22,23810.0,22619.5,45,-57805.58198137523,-0.053888817276809275,1,stop
003230,2022-08-17,2022-08-23,115000.0,111500.0,10,-39609.748249999946,-0.034403689943837135,4,time
218410,2022-08-26,2022-08-29,25500.0,24225.0,41,-56405.55878624995,-0.05388881727680905,1,stop
082740,2022-08-24,2022-08-30,8950.0,8850.0,119,-16229.706115000183,-0.015220938888534152,4,time
064350,2022-08-25,2022-08-30,31450.0,29877.5,34,-57689.5877667499,-0.05388881727680894,3,stop
001440,2022-08-29,2022-08-30,16941.0,18296.280000000002,62,79475.13155695214,0.07557902878004885,1,target
267270,2022-08-29,2022-09-01,41700.0,39615.0,25,-56243.706393750035,-0.053888817276809164,3,stop
010130,2022-09-01,2022-09-02,666000.0,632700.0,1,-35931.23113499989,-0.05388881727680894,1,stop
218410,2022-09-02,2022-09-05,27150.0,25792.5,38,-55661.03778074996,-0.05388881727680905,1,stop
017670,2022-09-01,2022-09-07,51800.0,52000.0,20,-257.52739999990445,-0.00024829299723772014,4,time
178320,2022-09-05,2022-09-08,15950.0,15152.5,64,-55072.97408800013,-0.053888817276809164,3,stop
043260,2022-09-08,2022-09-13,1615.0,1534.25,630,-54892.23891637486,-0.05388881727680894,1,stop
028300,2022-09-13,2022-09-14,49332.0,46865.399999999994,20,-53230.01484540012,-0.053888817276809164,1,stop
006800,2022-09-13,2022-09-14,6830.0,6488.5,147,-54167.140197975095,-0.053888817276809164,1,stop
058610,2022-09-14,2022-09-15,16950.0,18306.0,58,74387.20134359982,0.07557902878004841,1,target
277810,2022-09-15,2022-09-16,35350.0,38178.0,28,74894.16324880009,0.07557902878004863,1,target
402340,2022-09-13,2022-09-19,42650.0,40800.0,23,-46444.6897625,-0.04729225013620808,4,time
010170,2022-09-14,2022-09-19,2699.0,2564.0499999999997,365,-53148.81889516255,-0.053888817276809164,3,stop
000150,2022-09-16,2022-09-19,80900.0,76855.0,12,-52375.434213,-0.05388881727680905,1,stop
000250,2022-09-19,2022-09-21,34850.0,33107.5,28,-52645.18820049998,-0.05388881727680905,2,stop
214150,2022-09-19,2022-09-22,15600.0,14820.0,63,-53022.84378300002,-0.05388881727680905,3,stop
000150,2022-09-21,2022-09-22,85900.0,92772.0,11,71496.76182440005,0.07557902878004863,1,target
058610,2022-09-21,2022-09-22,21750.0,20662.5,44,-51630.91320749989,-0.05388881727680894,1,stop
178320,2022-09-20,2022-09-26,17350.0,17150.0,57,-15419.307120000012,-0.015573682165768266,4,time
108490,2022-09-21,2022-09-26,25124.0,23867.8,38,-51507.47378282016,-0.053888817276809275,3,stop
042660,2022-09-22,2022-09-26,18923.0,20436.84,51,73023.171154788,0.07557902878004863,2,target
226950,2022-09-29,2022-09-30,20100.0,19095.0,48,-52051.72942800005,-0.053888817276809164,1,stop
006260,2022-10-11,2022-10-17,60100.0,60300.0,15,-703.3714499999769,-0.0007793271178139216,4,time
021240,2022-10-24,2022-10-25,56600.0,53770.0,16,-48857.842215999844,-0.05388881727680894,1,stop
950160,2022-10-26,2022-10-27,22500.0,21375.0,42,-50983.50363749999,-0.05388881727680905,1,stop
257720,2022-10-26,2022-10-27,2630.0,2498.5,360,-51080.61507300008,-0.053888817276809164,1,stop
267270,2022-10-27,2022-10-28,35300.0,38124.0,26,69446.21441679983,0.07557902878004841,1,target
001440,2022-10-28,2022-11-01,14079.0,15205.320000000002,66,70309.86563858413,0.07557902878004885,2,target
028260,2022-10-28,2022-11-03,117500.0,121000.0,8,24065.146600000095,0.02557180837183526,4,time
298040,2022-11-01,2022-11-03,58600.0,63288.00000000001,16,70944.4003456001,0.07557902878004863,2,target
034020,2022-11-02,2022-11-03,15400.0,14630.0,63,-52343.063734499854,-0.05388881727680894,1,stop
323410,2022-11-03,2022-11-04,19600.0,21168.0,49,72669.58414239984,0.07557902878004841,1,target
010120,2022-11-01,2022-11-07,11040.0,10880.0,87,-17815.202279999852,-0.01852691952437846,4,time
336260,2022-11-04,2022-11-07,30650.0,33102.0,32,74213.16964480001,0.07557902878004863,1,target
319400,2022-11-02,2022-11-08,3470.0,3545.0,280,16956.27983000013,0.017431864933630248,4,time
028050,2022-11-04,2022-11-10,25900.0,25550.0,38,-17294.239375000005,-0.01755168792613171,4,time
047050,2022-11-07,2022-11-11,22850.0,22800.0,43,-6170.34810250008,-0.006272718365138763,4,time
257720,2022-11-07,2022-11-11,2300.0,2310.0,434,236.38222300016787,0.000236536425890721,4,time
066570,2022-11-07,2022-11-11,89200.0,94500.0,11,54106.97484499996,0.05508032531675178,4,time
083650,2022-11-10,2022-11-11,6980.0,7538.400000000001,138,72884.47545744013,0.07557902878004885,1,target
100790,2022-11-08,2022-11-14,4405.0,4525.0,233,23671.323479000013,0.023036764877815585,4,time
377300,2022-11-14,2022-11-15,59500.0,64260.00000000001,17,76536.11449399998,0.07557902878004863,1,target
214150,2022-11-11,2022-11-17,18650.0,19200.0,54,25485.145695000072,0.02527640515226559,4,time
032820,2022-11-11,2022-11-17,1580.0,1545.0,640,-26478.063519999967,-0.026154711987121937,4,time
131970,2022-11-14,2022-11-17,32350.0,34938.0,31,75881.60397459997,0.07557902878004863,3,target
323410,2022-11-14,2022-11-18,28050.0,27700.0,36,-16701.21693000011,-0.01652013279172959,4,time
007660,2022-11-16,2022-11-18,6203.0,5892.849999999999,184,-61576.85062822024,-0.053888817276809275,2,stop
310210,2022-11-18,2022-11-22,22932.0,21785.399999999998,46,-56911.185660420335,-0.053888817276809386,2,stop
082740,2022-11-17,2022-11-23,7700.0,7900.0,134,22492.469500000123,0.021774209639536357,4,time
141080,2022-11-17,2022-11-23,39750.0,38500.0,25,-35230.45968750003,-0.03541130659138436,4,time
064350,2022-11-17,2022-11-23,27800.0,30024.000000000004,37,77830.00234160025,0.07557902878004885,4,target
087010,2022-11-18,2022-11-24,8557.0,8421.0,123,-20992.085599800106,-0.019921852873671875,4,time
108490,2022-11-23,2022-11-28,26828.0,25486.6,38,-55000.89582254004,-0.053888817276809164,3,stop
011200,2022-11-24,2022-11-28,22400.0,21280.0,46,-55590.901743999915,-0.05388881727680894,2,stop
010130,2022-11-28,2022-11-29,664000.0,630800.0,1,-35823.32953999995,-0.05388881727680905,1,stop
000500,2022-11-29,2022-11-30,15824.0,17089.920000000002,63,75432.29952787212,0.07557902878004885,1,target
000250,2022-11-30,2022-12-01,45100.0,48708.0,22,75075.76154320012,0.07557902878004885,1,target
138040,2022-11-30,2022-12-01,36450.0,39366.0,27,74466.65059740003,0.07557902878004863,1,target
319400,2022-11-30,2022-12-02,3765.0,3576.75,270,-54843.683198625105,-0.053888817276809164,2,stop
003550,2022-12-01,2022-12-05,84600.0,80370.0,12,-54770.84962199989,-0.05388881727680894,2,stop
042700,2022-11-30,2022-12-06,13600.0,12920.0,74,-54296.082603999996,-0.05388881727680905,4,stop
373220,2022-12-01,2022-12-06,589000.0,559550.0,1,-31777.01972750004,-0.053888817276809164,3,stop
021240,2022-12-01,2022-12-07,57200.0,56600.0,18,-14987.667779999902,-0.01454006363392324,4,time
257720,2022-12-08,2022-12-09,2765.0,2626.75,364,-54299.31965184992,-0.05388881727680905,1,stop
000100,2022-12-07,2022-12-13,55571.0,54657.0,18,-20502.83798099996,-0.02047359207421806,4,time
032830,2022-12-09,2022-12-15,72700.0,73400.0,13,5199.963925000047,0.005495704218956288,4,time
218410,2022-12-12,2022-12-16,25250.0,25600.0,39,9574.05666750006,0.009711152796818778,4,time
178320,2022-12-12,2022-12-16,17650.0,18650.0,57,52708.96704000002,0.05233180604070431,4,time
145020,2022-12-12,2022-12-16,130000.0,131900.0,7,9531.42893500009,0.010462064786954661,4,time
310210,2022-12-16,2022-12-20,27068.0,25714.6,37,-54032.586909010075,-0.053888817276809164,2,stop
010170,2022-12-16,2022-12-20,2814.0,2673.2999999999997,356,-54047.04572274012,-0.053888817276809164,2,stop
080220,2022-12-15,2022-12-21,4070.0,3866.5,252,-55334.09594789997,-0.05388881727680905,4,stop
237690,2022-12-15,2022-12-21,90200.0,89100.0,11,-16130.56263499998,-0.016238693188979858,4,time
087010,2022-12-16,2022-12-22,8149.0,7741.549999999999,123,-54076.3410057826,-0.053888817276809164,4,stop
257720,2022-12-21,2022-12-22,3215.0,3472.2000000000003,299,72736.54851345997,0.07557902878004863,1,target
003230,2022-12-22,2022-12-28,128500.0,129000.0,7,-196.6490749999648,-0.0002183692705989282,4,time
024110,2022-12-28,2022-12-29,10450.0,9927.5,93,-52432.08255037491,-0.05388881727680894,1,stop
141080,2022-12-27,2023-01-03,41950.0,41400.0,23,-16566.855437500053,-0.017150668973336614,4,time
277810,2023-01-04,2023-01-05,42550.0,45954.0,22,70830.90141160018,0.07557902878004885,1,target
226950,2023-01-04,2023-01-05,22600.0,21470.0,42,-51210.096987000084,-0.053888817276809164,1,stop
031980,2023-01-05,2023-01-06,8260.0,7847.0,117,-52139.12971994991,-0.05388881727680894,1,stop
058610,2023-01-04,2023-01-09,17550.0,18954.0,54,71708.6265011999,0.07557902878004863,3,target
009540,2023-01-05,2023-01-11,74400.0,75400.0,13,8997.896310000098,0.009292348292708086,4,time
319660,2023-01-05,2023-01-11,17250.0,17600.0,56,15583.357020000112,0.016113306845349396,4,time
080220,2023-01-05,2023-01-11,3905.0,3975.0,247,13286.170878500096,0.013758865509720053,4,time
055550,2023-01-06,2023-01-12,39800.0,40050.0,23,1981.556432500016,0.002162202276217773,4,time
277810,2023-01-09,2023-01-12,51300.0,55404.00000000001,20,77633.27085600025,0.07557902878004885,3,target
058610,2023-01-11,2023-01-12,19350.0,18382.5,50,-52197.396581249894,-0.05388881727680894,1,stop
032820,2023-01-12,2023-01-16,1490.0,1609.2,665,74973.61250259995,0.07557902878004863,2,target
950160,2023-01-11,2023-01-17,10250.0,9920.0,95,-35248.20088250004,-0.03615682335157344,4,time
108490,2023-01-11,2023-01-17,24491.0,24443.0,39,-5780.872882199939,-0.006045372658787351,4,time
009830,2023-01-12,2023-01-18,60820.0,57779.0,16,-52500.60006319999,-0.05388881727680905,4,stop
272210,2023-01-18,2023-01-19,12800.0,12160.0,74,-51102.19539200002,-0.05388881727680905,1,stop
043260,2023-01-16,2023-01-20,1285.0,1250.0,808,-32451.708241999964,-0.031219350068409812,4,time
403870,2023-01-17,2023-01-25,14675.0,14775.0,66,2611.2312600000296,0.0026929238579860293,4,time
108490,2023-01-19,2023-01-25,25562.0,27606.960000000003,36,69630.23402179219,0.07557902878004885,2,target
031980,2023-01-18,2023-01-26,7840.0,8030.0,122,19191.817865000106,0.020041997484858243,4,time
257720,2023-01-20,2023-01-26,2955.0,3191.4,331,74009.2498933801,0.07557902878004863,2,target
098460,2023-01-20,2023-01-26,15900.0,17172.0,61,73388.41072440008,0.07557902878004863,2,target
007660,2023-01-26,2023-01-30,6613.0,7142.040000000001,152,76057.60298825603,0.07557902878004863,2,target
064350,2023-01-27,2023-01-30,28900.0,27455.0,34,-53012.05362350005,-0.053888817276809164,1,stop
003670,2023-01-27,2023-01-31,203556.0,219840.48,4,61609.03735814395,0.07557902878004863,2,target
100790,2023-01-30,2023-01-31,5150.0,5562.0,211,82222.41108740005,0.07557902878004863,1,target
011200,2023-01-30,2023-01-31,23050.0,21897.5,47,-58447.59647162503,-0.05388881727680905,1,stop
000270,2023-01-27,2023-02-02,69900.0,69700.0,14,-6802.243979999912,-0.00694300977627571,4,time
082740,2023-01-30,2023-02-03,7470.0,7580.0,146,11543.07543299999,0.01057179807535924,4,time
373220,2023-01-31,2023-02-06,504000.0,525000.0,2,37745.19629999995,0.037402612635077714,4,time
010140,2023-02-01,2023-02-07,5780.0,5630.0,179,-31010.92454149993,-0.029938816475766683,4,time
307950,2023-02-01,2023-02-07,115000.0,116400.0,9,8321.217570000095,0.008030587359079577,4,time
214370,2023-02-02,2023-02-08,35720.0,36700.0,27,22429.526589000016,0.023229810984296106,4,time
196170,2023-02-03,2023-02-09,41700.0,42100.0,26,5926.071840000106,0.005459568159695616,4,time
086520,2023-02-08,2023-02-09,32609.0,35217.72,31,76489.12593532412,0.07557902878004885,1,target
161390,2023-02-06,2023-02-10,36250.0,37400.0,29,28943.44978249981,0.02750078355999519,4,time
257720,2023-02-07,2023-02-10,3260.0,3520.8,317,78194.71224952012,0.07557902878004885,3,target
007660,2023-02-09,2023-02-10,8451.0,8028.45,125,-56992.27370906272,-0.053888817276809275,1,stop
100790,2023-02-09,2023-02-10,6120.0,5814.0,173,-57120.94636110007,-0.053888817276809164,1,stop
036930,2023-02-09,2023-02-13,12730.0,12093.5,83,-57003.87313052511,-0.053888817276809164,2,stop
336260,2023-02-10,2023-02-13,35900.0,34105.0,29,-56168.175277250004,-0.05388881727680905,1,stop
078600,2023-02-10,2023-02-14,98000.0,93100.0,10,-52871.781549999956,-0.05388881727680905,2,stop
082740,2023-02-13,2023-02-14,8000.0,8640.0,134,81113.90483200015,0.07557902878004885,1,target
247540,2023-02-10,2023-02-15,135400.0,146232.0,7,71716.19309680001,0.07557902878004863,3,target
031980,2023-02-15,2023-02-16,8900.0,9612.0,118,79464.38699120004,0.07557902878004863,1,target
080220,2023-02-15,2023-02-20,5110.0,4854.5,205,-56516.157921125065,-0.053888817276809164,3,stop
000990,2023-02-17,2023-02-20,50300.0,47785.0,23,-62415.67762775021,-0.053888817276809275,1,stop
043260,2023-02-15,2023-02-21,1320.0,1370.0,796,35376.606905999826,0.03363023949822286,4,time
100790,2023-02-16,2023-02-22,6130.0,5823.5,175,-57875.71801812493,-0.05388881727680905,4,stop
003230,2023-02-16,2023-02-22,124600.0,121400.0,8,-29609.615680000046,-0.02967054504861555,4,time
028300,2023-02-21,2023-02-22,36339.0,34522.049999999996,29,-56855.022880222416,-0.05388881727680905,1,stop
108490,2023-02-23,2023-02-24,29847.0,32234.760000000002,34,76785.66081688809,0.07557902878004863,1,target
007660,2023-02-27,2023-02-28,9345.0,8877.75,110,-55458.72229012486,-0.05388881727680894,1,stop
108490,2023-02-28,2023-03-02,39147.0,37189.65,26,-54912.30861304514,-0.053888817276809164,1,stop
277810,2023-02-28,2023-03-02,95200.0,90440.0,10,-51361.15922000003,-0.053888817276809164,1,stop
180640,2023-02-27,2023-03-06,44450.0,44500.0,23,-3043.185027499916,-0.0029732370805281017,4,time
000100,2023-02-27,2023-03-06,51202.0,50725.0,20,-13708.596331000095,-0.013371399068830447,4,time
000150,2023-02-28,2023-03-06,99500.0,107460.0,10,75287.62621999998,0.07557902878004863,3,target
257720,2023-03-02,2023-03-06,3780.0,3591.0,261,-53226.77779754996,-0.05388881727680905,2,stop
377300,2023-03-02,2023-03-08,62700.0,59565.0,15,-50740.72504875006,-0.053888817276809164,4,stop
178320,2023-03-06,2023-03-08,18200.0,19656.0,56,77118.74235520011,0.07557902878004885,2,target
353200,2023-03-07,2023-03-08,22700.0,21565.0,45,-55110.73964624992,-0.05388881727680894,1,stop
003670,2023-03-08,2023-03-09,251051.0,238498.44999999998,3,-40633.20498951757,-0.053888817276809164,1,stop
403870,2023-03-06,2023-03-10,16725.0,15888.75,61,-55041.952379437396,-0.05388881727680894,4,stop
241560,2023-03-09,2023-03-10,41750.0,39662.5,23,-51806.25329937495,-0.05388881727680905,1,stop
226950,2023-03-09,2023-03-10,24950.0,23702.5,39,-52496.82350737497,-0.05388881727680905,1,stop
000990,2023-03-09,2023-03-10,52100.0,49495.0,18,-50595.05789549998,-0.05388881727680905,1,stop
058610,2023-03-10,2023-03-13,23850.0,22657.5,39,-50182.33429462509,-0.053888817276809164,1,stop
032820,2023-03-10,2023-03-13,1459.0,1386.05,643,-50613.23931425752,-0.05388881727680905,1,stop
298380,2023-03-08,2023-03-14,22000.0,20900.0,45,-53411.289525000146,-0.053888817276809275,4,stop
034020,2023-03-10,2023-03-14,18030.0,17128.5,52,-50582.10970410006,-0.053888817276809164,2,stop
319400,2023-03-13,2023-03-14,3420.0,3249.0,263,-48526.58431934996,-0.05388881727680905,1,stop
005940,2023-03-14,2023-03-15,9430.0,8958.5,95,-48331.821940375026,-0.053888817276809164,1,stop
028050,2023-03-10,2023-03-16,28650.0,29500.0,32,23362.583279999904,0.02545347259425479,4,time
003550,2023-03-13,2023-03-17,88200.0,90500.0,10,19317.582449999987,0.02187685924870242,4,time
058610,2023-03-16,2023-03-17,29500.0,31860.000000000004,30,66964.37106000003,0.07557902878004863,1,target
010120,2023-03-15,2023-03-20,10700.0,11556.0,82,66389.3097944,0.07557902878004863,3,target
277810,2023-03-17,2023-03-20,114200.0,123336.00000000001,8,69128.41740160016,0.07557902878004885,1,target
319660,2023-03-20,2023-03-21,21050.0,19997.5,45,-51104.892931875074,-0.053888817276809164,1,stop
067310,2023-03-20,2023-03-22,10889.0,11760.12,87,71681.61375490797,0.07557902878004863,2,target
403870,2023-03-21,2023-03-22,24400.0,23180.0,37,-48706.77998300013,-0.053888817276809275,1,stop
032820,2023-03-17,2023-03-23,1450.0,1377.5,634,-49596.96814175008,-0.053888817276809164,4,stop
080220,2023-03-17,2023-03-23,5190.0,5050.0,177,-28471.676786999917,-0.03095802195474806,4,time
319400,2023-03-20,2023-03-24,3540.0,3460.0,268,-25264.838112000027,-0.02659985363596773,4,time
036930,2023-03-24,2023-03-27,13390.0,14461.2,68,68895.36625712004,0.07557902878004863,1,target
950160,2023-03-27,2023-03-28,9590.0,9110.5,96,-49669.26221039996,-0.05388881727680905,1,stop
000990,2023-03-27,2023-03-28,57800.0,62424.00000000001,16,69975.87610880006,0.07557902878004863,1,target
042700,2023-03-27,2023-03-29,20400.0,22032.0,45,69461.34760800016,0.07557902878004885,2,target
084370,2023-03-27,2023-03-30,30800.0,33264.0,30,69915.34334400005,0.07557902878004863,3,target
353200,2023-03-27,2023-03-30,23600.0,25488.0,39,69642.94590239995,0.07557902878004863,3,target
000250,2023-03-28,2023-03-30,78500.0,84780.0,12,71277.33055200009,0.07557902878004863,2,target
222800,2023-03-31,2023-04-03,33200.0,31540.0,30,-53734.9943100001,-0.053888817276809164,1,stop
218410,2023-03-29,2023-04-04,26150.0,28200.0,36,69724.38842999993,0.0739794848664177,4,time
034220,2023-03-29,2023-04-04,15093.0,14338.349999999999,64,-52113.880746720126,-0.053888817276809164,4,stop
009830,2023-04-03,2023-04-04,53600.0,50920.0,20,-57835.25491999963,-0.05388881727680872,1,stop
131970,2023-03-30,2023-04-05,39400.0,39300.0,25,-6529.356875000172,-0.006621173363040467,4,time
214450,2023-04-04,2023-04-05,75900.0,81972.0,12,68916.55272480007,0.07557902878004863,1,target
096770,2023-03-31,2023-04-06,180554.0,171526.3,5,-48705.16145907494,-0.05388881727680905,4,stop
078600,2023-04-04,2023-04-06,106300.0,114804.00000000001,9,72389.62010520021,0.07557902878004885,2,target
196170,2023-04-05,2023-04-06,45400.0,49032.0,22,75575.15685279993,0.07557902878004863,1,target
310210,2023-04-05,2023-04-06,30590.0,33037.200000000004,33,76382.5126033203,0.07557902878004885,1,target
298380,2023-04-06,2023-04-10,25250.0,23987.5,40,-54490.30547500006,-0.053888817276809164,2,stop
352820,2023-04-07,2023-04-10,206000.0,222480.00000000003,4,62348.74774400017,0.07557902878004885,1,target
141080,2023-04-05,2023-04-11,39700.0,40900.0,25,25844.09500000009,0.026009475629816148,4,time
078600,2023-04-10,2023-04-11,132300.0,125685.0,7,-49963.8335647498,-0.05388881727680883,1,stop
000100,2023-04-07,2023-04-12,51107.0,55195.560000000005,20,77341.20026584016,0.07557902878004885,3,target
310210,2023-04-12,2023-04-13,36446.0,39361.68,28,77216.20010652777,0.07557902878004841,1,target
036930,2023-04-12,2023-04-13,19100.0,18145.0,54,-55644.85254150012,-0.053888817276809164,1,stop
145020,2023-04-10,2023-04-14,135300.0,133300.0,7,-17840.13251999987,-0.018814948014148958,4,time
001440,2023-04-13,2023-04-14,14125.0,15255.000000000002,84,89777.65679400042,0.07557902878004907,1,target
003550,2023-04-13,2023-04-14,96700.0,91865.0,12,-62604.505419000285,-0.053888817276809275,1,stop
267260,2023-04-14,2023-04-17,45550.0,49194.0,24,82718.02309919987,0.07557902878004841,1,target
034220,2023-04-14,2023-04-17,15647.0,14864.65,71,-59935.93712225743,-0.05388881727680905,1,stop
307950,2023-04-12,2023-04-18,127100.0,120745.0,8,-54857.17089800001,-0.05388881727680905,4,stop
051910,2023-04-12,2023-04-18,799000.0,825000.0,1,22648.88890000002,0.028313978982455135,4,time
326030,2023-04-14,2023-04-18,76900.0,73055.0,14,-58083.4285884999,-0.05388881727680894,2,stop
047050,2023-04-17,2023-04-18,27450.0,29646.000000000004,41,85158.25018020021,0.07557902878004885,1,target
032820,2023-04-18,2023-04-19,1845.0,1752.75,547,-54447.9540989626,-0.053888817276809164,1,stop
034020,2023-04-18,2023-04-19,19400.0,18430.0,52,-54425.564518,-0.05388881727680905,1,stop
001440,2023-04-17,2023-04-21,15388.0,14788.0,74,-48935.77609839989,-0.04292530268900241,4,time
319400,2023-04-20,2023-04-21,4995.0,4745.25,196,-52818.90976844996,-0.05388881727680905,1,stop
000880,2023-04-20,2023-04-21,30000.0,28500.0,32,-51792.765599999926,-0.05388881727680905,1,stop
000500,2023-04-18,2023-04-24,16350.0,15767.0,61,-39545.49826784991,-0.03960502056999504,4,time
064350,2023-04-21,2023-04-24,32050.0,34614.0,30,72752.81669399992,0.07557902878004863,1,target
257720,2023-04-19,2023-04-25,3350.0,3325.0,292,-11287.33847499988,-0.011525629990695951,4,time
079550,2023-04-21,2023-04-25,81300.0,87804.0,12,73819.70667360001,0.07557902878004863,2,target
047810,2023-04-21,2023-04-27,58200.0,55290.0,16,-50238.982632,-0.05388881727680905,4,stop
319400,2023-04-26,2023-04-27,3975.0,4293.0,256,76997.67682560021,0.07557902878004885,1,target
064350,2023-04-26,2023-04-27,35600.0,33820.0,28,-53778.15494799998,-0.05388881727680905,1,stop
319400,2023-05-02,2023-05-03,4455.0,4811.400000000001,229,77194.02998142014,0.07557902878004885,1,target
267270,2023-04-28,2023-05-08,67600.0,64220.0,14,-51059.03475400014,-0.053888817276809275,4,stop
241560,2023-04-28,2023-05-08,51300.0,51800.0,19,5477.477985000005,0.005613199242049616,4,time
043260,2023-05-08,2023-05-09,1720.0,1634.0,549,-50944.6590633,-0.05388881727680905,1,stop
237690,2023-05-03,2023-05-10,90200.0,85690.0,11,-53529.981279499945,-0.05388881727680905,4,stop
214150,2023-05-03,2023-05-10,24600.0,24000.0,42,-29359.969379999908,-0.028383894507634344,4,time
323410,2023-05-04,2023-05-11,24000.0,25000.0,46,41339.976900000125,0.037402612635077936,4,time
257720,2023-05-10,2023-05-11,3895.0,4206.6,246,72500.84906051995,0.07557902878004863,1,target
043260,2023-05-11,2023-05-12,1623.0,1541.85,644,-56390.020956570166,-0.053888817276809275,1,stop
005290,2023-05-09,2023-05-15,31100.0,30250.0,29,-28273.49714750005,-0.03131280157804961,4,time
000500,2023-05-10,2023-05-16,16828.0,18174.24,57,72578.48233137617,0.07557902878004885,4,target
214450,2023-05-17,2023-05-18,114000.0,123120.00000000001,8,69007.35187200014,0.07557902878004885,1,target
043260,2023-05-17,2023-05-18,1645.0,1776.6000000000001,606,75429.12155772024,0.07557902878004885,1,target
028300,2023-05-18,2023-05-19,38246.0,36333.7,26,-53648.45723081019,-0.053888817276809275,1,stop
031980,2023-05-22,2023-05-24,10600.0,10070.0,95,-54328.453082500026,-0.05388881727680905,2,stop
067310,2023-05-19,2023-05-25,14625.0,14515.0,69,-11703.220375499805,-0.011584070734890206,4,time
095340,2023-05-22,2023-05-25,46350.0,50058.0,21,73649.45827260008,0.07557902878004863,3,target
080220,2023-05-22,2023-05-26,5300.0,5470.0,191,28225.668956500012,0.02785067914515471,4,time
005290,2023-05-22,2023-05-26,35250.0,38070.0,28,74682.29857200012,0.07557902878004885,4,target
082740,2023-05-25,2023-05-26,8970.0,8521.5,114,-55169.00650755002,-0.05388881727680905,1,stop
042660,2023-05-25,2023-05-26,27007.0,25656.649999999998,38,-55367.86914713518,-0.053888817276809275,1,stop
007660,2023-05-26,2023-05-30,12895.0,13926.6,78,76105.57520435983,0.07557902878004841,1,target
083650,2023-05-26,2023-05-30,8680.0,8246.0,116,-54321.97898679983,-0.05388881727680894,1,stop
080220,2023-05-30,2023-05-31,5600.0,5320.0,181,-54684.52834599989,-0.05388881727680894,1,stop
010140,2023-05-25,2023-06-01,6180.0,6050.0,166,-25720.64249700005,-0.025042981523538566,4,time
403870,2023-05-30,2023-06-01,26500.0,28620.000000000004,38,76195.61769200023,0.07557902878004885,2,target
005290,2023-05-30,2023-06-01,39700.0,37715.0,25,-53546.1665187499,-0.05388881727680894,2,stop
180640,2023-05-31,2023-06-01,45850.0,49518.0,22,76324.24981719977,0.07557902878004841,1,target
263750,2023-06-01,2023-06-02,51200.0,48640.0,20,-55245.61664000002,-0.05388881727680905,1,stop
066570,2023-05-31,2023-06-07,125200.0,125700.0,8,-116.54931999999098,-0.0001162294576668721,4,time
005940,2023-06-01,2023-06-08,9950.0,9750.0,103,-24739.31044000003,-0.024111713139263524,4,time
012450,2023-06-01,2023-06-08,108180.0,110219.0,9,14306.810850449954,0.014677569047371053,4,time
006800,2023-06-01,2023-06-08,7338.0,7427.0,140,8213.10447300016,0.007985505025769335,4,time
087010,2023-06-02,2023-06-08,7994.0,7594.299999999999,129,-55635.46510273509,-0.053888817276809164,3,stop
047050,2023-06-09,2023-06-12,38400.0,36480.0,26,-53864.4762240001,-0.053888817276809164,1,stop
067310,2023-06-09,2023-06-13,16488.0,17807.04,60,74854.81695168,0.07557902878004863,2,target
218410,2023-06-08,2023-06-14,24000.0,24000.0,41,-4032.628800000064,-0.004093491870325372,4,time
031980,2023-06-14,2023-06-15,12130.0,13100.400000000001,84,77097.55588752031,0.07557902878004885,1,target
100790,2023-06-12,2023-06-16,5290.0,5340.0,187,5268.373346499982,0.005319613121448574,4,time
034020,2023-06-12,2023-06-16,18980.0,19270.0,52,10990.783933999948,0.011123203986239671,4,time
032820,2023-06-12,2023-06-16,1599.0,1574.0,621,-19548.65806155,-0.019664262791677323,4,time
010170,2023-06-16,2023-06-19,2217.0,2106.15,448,-53584.79528975999,-0.05388881727680905,1,stop
131290,2023-06-16,2023-06-19,48500.0,52380.0,20,73395.97732000006,0.07557902878004863,1,target
086280,2023-06-14,2023-06-20,94786.0,94887.0,10,-2877.497382499976,-0.003032295519375894,4,time
222800,2023-06-16,2023-06-20,35050.0,33297.5,28,-52947.31266649999,-0.05388881727680905,2,stop
006260,2023-06-19,2023-06-20,98000.0,93100.0,10,-52871.781549999956,-0.05388881727680905,1,stop
214150,2023-06-15,2023-06-21,32300.0,32500.0,36,2413.387080000015,0.0020731118951835548,4,time
087010,2023-06-20,2023-06-21,8740.0,9439.2,108,71422.60918751999,0.07557902878004863,1,target
036930,2023-06-21,2023-06-22,18670.0,17736.5,59,-59428.42197017488,-0.05388881727680894,1,stop
214370,2023-06-19,2023-06-23,45000.0,46000.0,22,17877.924899999984,0.018037763865889733,4,time
272210,2023-06-20,2023-06-23,15360.0,14592.0,61,-50549.73922560003,-0.053888817276809164,3,stop
064350,2023-06-20,2023-06-26,37900.0,37050.0,25,-25070.398437500116,-0.026429125957666444,4,time
178320,2023-06-21,2023-06-26,20650.0,19617.5,53,-59046.45032387506,-0.053888817276809164,3,stop
031980,2023-06-26,2023-06-27,17780.0,19202.4,59,79375.10116312024,0.07557902878004885,1,target
087010,2023-06-27,2023-06-28,11173.0,10614.35,97,-58470.84926534747,-0.05388881727680905,1,stop
145020,2023-06-27,2023-06-28,114100.0,108395.0,9,-55402.07395274995,-0.05388881727680905,1,stop
100790,2023-06-23,2023-06-29,5230.0,5320.0,187,12772.303736499976,0.013044478632862067,4,time
357780,2023-06-23,2023-06-29,250000.0,250000.0,3,-3073.649999999907,-0.004093491870325261,4,time
098460,2023-06-29,2023-06-30,16930.0,16083.5,51,-46582.73708542506,-0.053888817276809164,1,stop
307950,2023-06-29,2023-06-30,131500.0,142020.0,6,59700.43928400008,0.07557902878004863,1,target
131970,2023-06-27,2023-07-03,42900.0,42100.0,25,-24336.358499999857,-0.022665175005610494,4,time
087010,2023-06-30,2023-07-03,11367.0,12276.36,77,66227.30898260418,0.07557902878004885,1,target
015760,2023-06-28,2023-07-04,20050.0,20600.0,51,23776.6927875001,0.023225639275376464,4,time
263750,2023-06-28,2023-07-04,54400.0,51680.0,19,-55763.54429600004,-0.053888817276809164,4,stop
298040,2023-07-03,2023-07-04,117500.0,126900.00000000001,8,71125.99864000024,0.07557902878004885,1,target
036930,2023-06-30,2023-07-06,19150.0,18192.5,46,-47525.25751775014,-0.053888817276809275,4,stop
005290,2023-07-03,2023-07-06,42500.0,40375.0,23,-52736.90455624997,-0.05388881727680905,3,stop
095340,2023-07-04,2023-07-07,59700.0,56715.0,17,-54754.664382749936,-0.05388881727680905,3,stop
247540,2023-07-05,2023-07-11,277000.0,295000.0,3,50435.201100000064,0.0606224545063323,4,time
083650,2023-07-12,2023-07-13,8780.0,9482.400000000001,110,73078.18030480004,0.07557902878004863,1,target
032820,2023-07-12,2023-07-14,1595.0,1515.25,610,-52491.42842762498,-0.05388881727680905,2,stop
000500,2023-07-12,2023-07-14,21035.0,19983.25,46,-52203.33116897498,-0.05388881727680905,2,stop
272210,2023-07-12,2023-07-17,17070.0,16216.5,57,-52493.586459525046,-0.053888817276809164,3,stop
042700,2023-07-14,2023-07-17,43250.0,46710.0,21,68723.60453700006,0.07557902878004863,1,target
010120,2023-07-12,2023-07-18,18060.0,17740.0,53,-20832.716148000094,-0.02173967584604508,4,time
083650,2023-07-17,2023-07-18,11040.0,10488.0,87,-51818.66198279988,-0.05388881727680894,1,stop
028050,2023-07-13,2023-07-19,31800.0,32450.0,33,17086.1132474998,0.01626308769836271,4,time
403870,2023-07-17,2023-07-19,34350.0,37098.0,27,70176.39089219994,0.07557902878004863,2,target
047040,2023-07-18,2023-07-19,4695.0,4460.25,200,-50659.79885250004,-0.053888817276809164,1,stop
080220,2023-07-14,2023-07-20,5030.0,4875.0,184,-32228.887677999912,-0.03478245981467909,4,time
078600,2023-07-19,2023-07-20,114900.0,109155.0,8,-49591.57306199998,-0.05388881727680905,1,stop
247540,2023-07-19,2023-07-20,330000.0,356400.0,3,74909.29643999983,0.07557902878004841,1,target
087010,2023-07-19,2023-07-20,21126.0,22816.08,46,73531.87337697612,0.07557902878004885,1,target
226950,2023-07-20,2023-07-21,16200.0,17496.0,61,74773.09771920007,0.07557902878004863,1,target
036930,2023-07-18,2023-07-24,21450.0,23166.0,43,69790.49451660004,0.07557902878004863,4,target
011200,2023-07-21,2023-07-24,21050.0,19997.5,51,-57918.878656125045,-0.053888817276809164,1,stop
028300,2023-07-21,2023-07-25,32238.0,30626.1,33,-57395.77172356506,-0.053888817276809164,2,stop
058610,2023-07-21,2023-07-25,32400.0,30780.0,33,-57684.19268700003,-0.05388881727680905,2,stop
000100,2023-07-24,2023-07-25,64793.0,61553.35,15,-52434.51033626264,-0.053888817276809164,1,stop
226950,2023-07-24,2023-07-25,17610.0,16729.5,57,-54154.19200657506,-0.053888817276809164,1,stop
066970,2023-07-20,2023-07-26,270000.0,291600.0,3,61289.42436000006,0.07557902878004863,4,target
096770,2023-07-25,2023-07-26,198758.0,214658.64,4,60156.85633059207,0.07557902878004863,1,target
005490,2023-07-25,2023-07-26,655000.0,622250.0,1,-35337.77236249996,-0.05388881727680905,1,stop
010120,2023-07-26,2023-07-27,24480.0,23256.0,39,-51507.905389199965,-0.05388881727680905,1,stop
000500,2023-07-26,2023-07-27,22613.0,21482.35,42,-51239.554122435045,-0.053888817276809164,1,stop
006260,2023-07-26,2023-07-27,138000.0,131100.0,7,-52116.47038500011,-0.053888817276809164,1,stop
010130,2023-07-26,2023-07-27,550000.0,522500.0,1,-29672.938624999893,-0.05388881727680894,1,stop
000880,2023-07-26,2023-07-27,33450.0,31777.5,28,-50530.31693850004,-0.053888817276809164,1,stop
047050,2023-07-27,2023-07-28,85100.0,80845.0,10,-45912.12867249991,-0.05388881727680894,1,stop
051910,2023-07-27,2023-07-28,729000.0,692550.0,1,-39330.1313774999,-0.05388881727680894,1,stop
039030,2023-07-28,2023-07-31,156100.0,168588.0,5,59057.27865800017,0.07557902878004885,1,target
000100,2023-07-28,2023-08-01,66133.0,71423.64,13,65052.2166859241,0.07557902878004863,2,target
240810,2023-07-31,2023-08-01,38050.0,36147.5,25,-51320.696121874964,-0.05388881727680905,1,stop
090430,2023-07-28,2023-08-02,110100.0,118908.00000000001,8,66646.57404480013,0.07557902878004885,3,target
000150,2023-08-01,2023-08-02,106500.0,115020.00000000001,8,64467.394512000144,0.07557902878004885,1,target
277810,2023-08-01,2023-08-02,115200.0,124416.00000000001,8,69733.74504960014,0.07557902878004885,1,target
298040,2023-08-01,2023-08-02,174500.0,165775.0,5,-47072.070818749955,-0.05388881727680905,1,stop
039490,2023-07-28,2023-08-03,98500.0,101500.0,9,23287.348350000102,0.026238686042253656,4,time
323410,2023-08-02,2023-08-03,30150.0,28642.5,31,-50425.11288337514,-0.053888817276809275,1,stop
377300,2023-08-02,2023-08-03,53800.0,51110.0,17,-49343.399393499945,-0.05388881727680905,1,stop
035720,2023-08-02,2023-08-03,55100.0,52345.0,17,-50535.71201825014,-0.053888817276809275,1,stop
001440,2023-08-03,2023-08-04,12499.0,11874.05,74,-49900.49532848492,-0.05388881727680894,1,stop
000500,2023-08-03,2023-08-04,22660.0,21527.0,41,-50123.527925350005,-0.05388881727680905,1,stop
010120,2023-08-03,2023-08-04,21800.0,20710.0,42,-49397.35019099992,-0.05388881727680894,1,stop
006260,2023-08-03,2023-08-04,122100.0,115995.0,7,-46111.74662324996,-0.05388881727680905,1,stop
326030,2023-08-02,2023-08-08,90000.0,91600.0,10,12264.45120000001,0.01361151271864669,4,time
277810,2023-08-07,2023-08-08,134000.0,144720.0,6,60835.428623999935,0.07557902878004863,1,target
058610,2023-08-07,2023-08-08,34700.0,32965.0,25,-46802.316831249744,-0.05388881727680883,1,stop
257720,2023-08-07,2023-08-09,9010.0,8559.5,97,-47151.378491074895,-0.05388881727680894,2,stop
108490,2023-08-08,2023-08-14,28289.0,29458.0,31,32538.21224224998,0.03706083341524824,4,time
030200,2023-08-08,2023-08-14,32250.0,32400.0,27,469.55274750001263,0.000538631423301128,4,time
003230,2023-08-14,2023-08-16,161400.0,174312.0,5,61062.42649199988,0.07557902878004841,1,target
237690,2023-08-10,2023-08-17,81600.0,81000.0,10,-9326.442900000024,-0.011416333841867132,4,time
043260,2023-08-16,2023-08-17,1735.0,1648.25,530,-49610.45584112499,-0.05388881727680905,1,stop
042700,2023-08-21,2023-08-22,58800.0,55860.0,15,-47584.603394999984,-0.05388881727680905,1,stop
145020,2023-08-21,2023-08-23,122300.0,116185.0,7,-46187.27773974987,-0.05388881727680894,2,stop
000250,2023-08-25,2023-08-28,78700.0,84996.0,11,65504.01810919994,0.07557902878004863,1,target
032820,2023-08-29,2023-09-01,1398.0,1509.8400000000001,630,66642.03408744023,0.07557902878004885,3,target
226950,2023-08-31,2023-09-01,19190.0,18230.5,47,-48659.842789175105,-0.053888817276809164,1,stop
083650,2023-08-29,2023-09-04,7580.0,7201.0,116,-47437.85722580005,-0.053888817276809164,4,stop
000250,2023-08-30,2023-09-04,85600.0,92448.0,10,64770.058336000075,0.07557902878004863,3,target
034020,2023-09-01,2023-09-04,18290.0,17375.5,49,-48351.24422747479,-0.05388881727680883,1,stop
277810,2023-09-01,2023-09-04,155400.0,167832.0,5,58792.44781200006,0.07557902878004863,1,target
080220,2023-08-30,2023-09-05,4425.0,4500.0,199,11272.227888750029,0.012786279453906424,4,time
084370,2023-09-04,2023-09-05,39150.0,37192.5,22,-46467.821886750055,-0.053888817276809164,1,stop
222800,2023-09-04,2023-09-07,39000.0,37050.0,22,-46289.784255000064,-0.053888817276809164,3,stop
058610,2023-09-05,2023-09-07,37100.0,40068.0,24,67372.96722240001,0.07557902878004863,2,target
067310,2023-09-04,2023-09-08,25430.0,24961.0,35,-20014.21066925011,-0.022460780596743724,4,time
131970,2023-09-04,2023-09-08,53500.0,52200.0,16,-24246.73975999991,-0.028293089264130433,4,time
108490,2023-09-05,2023-09-08,29555.0,31919.4,30,67089.21988740005,0.07557902878004863,3,target
226950,2023-09-07,2023-09-08,23550.0,25434.0,38,67713.46402439987,0.07557902878004841,1,target
267250,2023-09-08,2023-09-11,63500.0,68580.0,14,67267.03488399996,0.07557902878004863,1,target
319400,2023-09-11,2023-09-12,3875.0,3681.25,241,-50383.301015312434,-0.05388881727680905,1,stop
000150,2023-09-12,2023-09-13,153500.0,145825.0,6,-49688.684497499955,-0.05388881727680905,1,stop
098460,2023-09-12,2023-09-13,13480.0,12806.0,68,-49453.45902040007,-0.053888817276809164,1,stop
196170,2023-09-12,2023-09-13,51900.0,56052.00000000001,17,66760.07297879993,0.07557902878004863,1,target
131290,2023-09-08,2023-09-14,47800.0,48250.0,18,4550.029514999944,0.005282197013740664,4,time
141080,2023-09-12,2023-09-18,39600.0,40600.0,23,19199.55429,0.021055662375373485,4,time
036930,2023-09-15,2023-09-18,31450.0,29877.5,28,-47509.072278499836,-0.05388881727680894,1,stop
180640,2023-09-15,2023-09-18,45350.0,43082.5,19,-46486.70466587483,-0.05388881727680883,1,stop
298380,2023-09-13,2023-09-19,20800.0,20300.0,43,-25102.047004999942,-0.028033552161903952,4,time
028300,2023-09-13,2023-09-19,31300.0,31750.0,29,9291.591807499994,0.010224652815244983,4,time
032820,2023-09-20,2023-09-21,1493.0,1418.35,608,-48973.51272584009,-0.053888817276809164,1,stop
010170,2023-09-20,2023-09-21,1539.0,1462.05,590,-48987.86363797507,-0.053888817276809164,1,stop
024110,2023-09-18,2023-09-22,11340.0,11450.0,77,4866.563740500016,0.00556697690341923,4,time
064760,2023-09-18,2023-09-22,97000.0,94600.0,9,-25114.050720000057,-0.02873447763848236,4,time
086790,2023-09-18,2023-09-22,43200.0,44400.0,20,20388.402000000002,0.023570577799943315,4,time
032820,2023-09-25,2023-10-05,1420.0,1349.0,609,-46655.57066205004,-0.053888817276809164,4,stop
145020,2023-10-05,2023-10-06,132900.0,143532.0,6,60336.0333144,0.07557902878004863,1,target
039490,2023-10-12,2023-10-16,106400.0,101080.0,8,-45922.91883200011,-0.053888817276809164,2,stop
034730,2023-10-13,2023-10-19,157300.0,149435.0,5,-42432.30223375,-0.05388881727680905,4,stop
403870,2023-10-16,2023-10-19,34900.0,33155.0,25,-47072.070818749955,-0.05388881727680905,3,stop
178320,2023-10-18,2023-10-19,17700.0,16815.0,49,-46791.526671750005,-0.05388881727680905,1,stop
319400,2023-10-25,2023-10-26,3165.0,3006.75,265,-45249.88263318746,-0.05388881727680905,1,stop
067310,2023-10-25,2023-10-26,23977.0,22778.149999999998,35,-45275.23950801254,-0.053888817276809164,1,stop
259960,2023-10-23,2023-10-27,159500.0,165200.0,5,25147.666075000074,0.03149689744841555,4,time
403870,2023-10-26,2023-10-27,35250.0,33487.5,23,-43740.60907312506,-0.053888817276809164,1,stop
272210,2023-10-31,2023-11-06,13170.0,13700.0,61,28942.318609499955,0.035984750294346446,4,time
090430,2023-11-01,2023-11-06,128100.0,138348.0,6,58156.85378160013,0.07557902878004885,3,target
108490,2023-11-02,2023-11-08,24491.0,26450.280000000002,33,61153.45263706823,0.07557902878004885,4,target
080220,2023-11-03,2023-11-09,4935.0,4700.0,169,-43015.87846724992,-0.05151761130507171,4,time
010170,2023-11-03,2023-11-09,1228.0,1166.6,681,-45117.32552373002,-0.05388881727680905,4,stop
096770,2023-11-06,2023-11-09,145000.0,137750.0,5,-39114.328187499894,-0.05388881727680894,3,stop
950160,2023-11-06,2023-11-10,8640.0,8400.0,96,-26371.28793599992,-0.03175756154059395,4,time
319400,2023-11-08,2023-11-10,3365.0,3196.75,290,-52647.88574037491,-0.05388881727680894,2,stop
440110,2023-11-09,2023-11-10,27800.0,26410.0,27,-40495.46860349993,-0.05388881727680894,1,stop
259960,2023-11-09,2023-11-15,189000.0,204120.0,4,57203.462736000074,0.07557902878004863,4,target
214150,2023-11-09,2023-11-15,37300.0,39400.0,20,38818.92470000009,0.051976311536439335,4,time
257720,2023-11-15,2023-11-16,8510.0,9190.800000000001,94,60528.224842640106,0.07557902878004885,1,target
131290,2023-11-16,2023-11-17,45300.0,48924.0,18,61698.02052240004,0.07557902878004863,1,target
319400,2023-11-14,2023-11-20,3465.0,3350.0,235,-30282.39075374999,-0.03714666602181527,4,time
015760,2023-11-14,2023-11-20,17700.0,17760.0,46,-584.891057999921,-0.0007175376054788796,4,time
007660,2023-11-16,2023-11-20,30342.0,28824.899999999998,27,-44198.32763911504,-0.053888817276809164,2,stop
058470,2023-11-17,2023-11-21,33538.0,36221.04,25,63442.120808200096,0.07557902878004863,2,target
131290,2023-11-20,2023-11-22,51600.0,49020.0,15,-41757.91726499994,-0.05388881727680905,2,stop
131970,2023-11-20,2023-11-24,59200.0,57900.0,13,-20004.152674999903,-0.0259630604610106,4,time
336260,2023-11-21,2023-11-24,20900.0,22572.0,41,64838.157696399954,0.07557902878004863,3,target
082740,2023-11-23,2023-11-24,9550.0,9072.5,87,-44825.02010287496,-0.05388881727680905,1,stop
080220,2023-11-24,2023-11-27,5960.0,6436.8,139,62684.704588640016,0.07557902878004863,1,target
267270,2023-11-24,2023-11-27,51500.0,48925.0,16,-44455.457139999955,-0.05388881727680905,1,stop
323410,2023-11-22,2023-11-28,25750.0,26300.0,32,14171.197520000162,0.017178297623706706,4,time
058610,2023-11-23,2023-11-28,33450.0,36126.0,24,60744.62947679998,0.07557902878004863,3,target
336260,2023-11-27,2023-11-28,22700.0,24516.0,37,63551.836444400134,0.07557902878004885,1,target
000500,2023-11-27,2023-11-29,18900.0,20412.0,44,62923.809009599965,0.07557902878004863,2,target
032820,2023-11-24,2023-11-30,1374.0,1340.0,604,-23876.5386324001,-0.028737466598425132,4,time
277810,2023-11-29,2023-11-30,188800.0,179360.0,4,-40743.64227199997,-0.05388881727680905,1,stop
222800,2023-11-28,2023-12-01,39800.0,37810.0,21,-45092.07655050012,-0.053888817276809164,3,stop
066970,2023-11-30,2023-12-01,164900.0,178092.0,5,62386.5807220001,0.07557902878004885,1,target
000990,2023-11-28,2023-12-04,60300.0,59500.0,14,-14626.682280000066,-0.017306181862095538,4,time
042660,2023-11-29,2023-12-04,26050.0,28134.000000000004,35,68988.43538300006,0.07557902878004863,3,target
000500,2023-12-04,2023-12-05,22300.0,21185.0,42,-50530.31693850004,-0.053888817276809164,1,stop
018260,2023-11-30,2023-12-06,166100.0,163800.0,5,-14869.652524999925,-0.017883889032867417,4,time
017670,2023-12-01,2023-12-07,51600.0,50200.0,16,-25717.437599999947,-0.031114211083145937,4,time
402340,2023-12-01,2023-12-07,50300.0,48950.0,16,-24834.553480000002,-0.0308225929831496,4,time
247540,2023-12-05,2023-12-07,312000.0,296400.0,2,-33665.297640000004,-0.05388881727680905,2,stop
064350,2023-12-04,2023-12-08,28050.0,28550.0,33,12657.858344999957,0.013658852303109148,4,time
080220,2023-12-07,2023-12-08,8280.0,8942.400000000001,98,61398.383336640196,0.07557902878004885,1,target
080220,2023-12-11,2023-12-12,11360.0,12268.800000000001,75,64467.394512000144,0.07557902878004885,1,target
079550,2023-12-12,2023-12-13,126000.0,136080.0,7,66737.37319200009,0.07557902878004863,1,target
098460,2023-12-12,2023-12-13,14270.0,15411.6,62,66944.69791144016,0.07557902878004885,1,target
108490,2023-12-12,2023-12-13,27900.0,26505.0,31,-46662.04475775,-0.05388881727680905,1,stop
319400,2023-12-11,2023-12-15,3540.0,3425.0,241,-31129.633142250008,-0.03644638690843627,4,time
377300,2023-12-11,2023-12-15,48400.0,49650.0,17,17815.354977499926,0.02162723406277567,4,time
028300,2023-12-15,2023-12-18,40400.0,43632.0,21,64194.99707039993,0.07557902878004863,1,target
001440,2023-12-15,2023-12-18,9365.0,8896.75,93,-46988.17732863757,-0.053888817276809164,1,stop
068270,2023-12-15,2023-12-18,169086.0,160631.69999999998,5,-45611.62273042509,-0.053888817276809164,1,stop
011070,2023-12-18,2023-12-19,249500.0,237025.0,3,-40382.17192875,-0.05388881727680905,1,stop
353200,2023-12-14,2023-12-20,27650.0,27650.0,33,-3739.4025900000706,-0.004093491870325372,4,time
011200,2023-12-19,2023-12-20,16680.0,18014.4,53,66891.73174224002,0.07557902878004863,1,target
214370,2023-12-15,2023-12-21,29950.0,28452.5,29,-46858.96516862488,-0.05388881727680894,4,stop
009830,2023-12-18,2023-12-21,35500.0,38340.0,24,64467.394512000144,0.07557902878004885,3,target
078600,2023-12-18,2023-12-22,91000.0,88000.0,9,-30276.828449999914,-0.03692557455591894,4,time
098460,2023-12-20,2023-12-27,16270.0,17571.600000000002,57,70171.85093484016,0.07557902878004885,4,target
100790,2023-12-20,2023-12-27,5320.0,5680.0,175,58998.84865000006,0.06329867785273535,4,time
180640,2023-12-21,2023-12-27,71100.0,67545.0,12,-46030.82042700006,-0.053888817276809164,3,stop
196170,2023-12-22,2023-12-27,87000.0,93960.0,9,59246.44354799995,0.07557902878004863,2,target
298380,2023-12-26,2024-01-02,24150.0,22942.5,37,-48207.73510612501,-0.05388881727680905,3,stop
047050,2023-12-28,2024-01-02,63700.0,60515.0,14,-48113.32121049997,-0.05388881727680905,1,stop
141080,2024-01-02,2024-01-03,64300.0,61085.0,13,-45097.47163024987,-0.05388881727680894,1,stop
950160,2024-01-02,2024-01-03,9020.0,9741.6,98,66885.6784657602,0.07557902878004885,1,target
016360,2023-12-27,2024-01-04,38700.0,37300.0,23,-35752.88060999999,-0.04012111748741953,4,time
068270,2024-01-03,2024-01-04,210208.0,199697.59999999998,4,-45363.556963520125,-0.053888817276809275,1,stop
003230,2024-01-03,2024-01-04,233000.0,221350.0,3,-37711.60745250003,-0.053888817276809164,1,stop
272210,2024-01-04,2024-01-05,19110.0,18154.5,45,-46394.988310125074,-0.053888817276809164,1,stop
267260,2024-01-04,2024-01-05,85500.0,92340.0,10,64694.39238000009,0.07557902878004863,1,target
222800,2024-01-03,2024-01-09,41100.0,40550.0,21,-15053.106442500022,-0.01742070791585626,4,time
005290,2024-01-03,2024-01-09,40600.0,40450.0,21,-6634.838962499984,-0.0077729494126763665,4,time
047810,2024-01-04,2024-01-10,54300.0,55200.0,16,10797.031920000096,0.012413245833481579,4,time
034220,2024-01-09,2024-01-10,13225.0,12563.75,65,-46377.45430093736,-0.05388881727680894,1,stop
226950,2024-01-08,2024-01-11,15980.0,17258.4,55,66502.80872840015,0.07557902878004885,3,target
319400,2024-01-09,2024-01-15,3570.0,3625.0,241,9689.955263250042,0.011249605593857348,4,time
010170,2024-01-11,2024-01-15,1222.0,1160.8999999999999,717,-47270.28604876506,-0.053888817276809164,2,stop
950160,2024-01-15,2024-01-16,12100.0,13068.0,71,65004.622799600125,0.07557902878004885,1,target
214450,2024-01-11,2024-01-17,121100.0,115045.0,7,-45734.09104074992,-0.05388881727680894,4,stop
377300,2024-01-12,2024-01-17,56900.0,54055.0,15,-46047.005666250014,-0.05388881727680905,3,stop
108490,2024-01-15,2024-01-17,32282.0,30667.899999999998,26,-45282.63076727011,-0.053888817276809164,2,stop
323410,2024-01-12,2024-01-18,29700.0,28500.0,30,-39545.36640000006,-0.04433213866344354,4,time
000500,2024-01-22,2024-01-23,21750.0,20662.5,38,-44590.334133749944,-0.05388881727680905,1,stop
403870,2024-01-22,2024-01-23,49700.0,47215.0,16,-42901.67417200003,-0.05388881727680905,1,stop
007660,2024-01-23,2024-01-24,33065.0,31411.75,25,-44597.077983437455,-0.05388881727680905,1,stop
058470,2024-01-23,2024-01-24,45852.0,43559.4,18,-44527.53540545993,-0.05388881727680894,1,stop
028300,2024-01-24,2024-01-25,50000.0,54000.0,15,56749.46700000006,0.07557902878004863,1,target
043260,2024-01-22,2024-01-26,1530.0,1579.0,551,23464.50005204999,0.027801553161278525,4,time
039030,2024-01-22,2024-01-26,194000.0,184300.0,4,-41865.81885999988,-0.05388881727680894,4,stop
031980,2024-01-23,2024-01-29,29500.0,29650.0,28,802.5049900000449,0.0009704395269443111,4,time
000500,2024-01-26,2024-01-29,25900.0,24605.0,30,-41919.76965749997,-0.05388881727680905,1,stop
084370,2024-01-26,2024-01-29,45650.0,43367.5,17,-41868.51639987505,-0.053888817276809164,1,stop
001440,2024-01-25,2024-01-30,9810.0,9319.5,84,-44457.61517190002,-0.05388881727680905,3,stop
098460,2024-01-25,2024-01-30,18730.0,17793.5,44,-44461.931235699914,-0.05388881727680894,3,stop
028300,2024-01-29,2024-01-31,66500.0,71820.0,11,55349.64681399998,0.07557902878004863,2,target
006800,2024-01-29,2024-02-01,7616.0,8225.28,102,58779.735931391944,0.07557902878004863,3,target
034730,2024-01-30,2024-02-01,179200.0,193536.0,4,54237.35726079997,0.07557902878004863,2,target
000880,2024-01-30,2024-02-01,25800.0,27864.000000000004,31,60517.63160880003,0.07557902878004863,2,target
078930,2024-01-31,2024-02-01,44500.0,48060.0,20,67342.70084000006,0.07557902878004863,1,target
267270,2024-01-29,2024-02-02,51000.0,52700.0,15,22289.70172500005,0.02910339173399712,4,time
028260,2024-02-01,2024-02-02,140100.0,151308.0,6,63604.80261360004,0.07557902878004863,1,target
003550,2024-02-01,2024-02-02,81800.0,88344.0,10,61894.75200800004,0.07557902878004863,1,target
032640,2024-02-01,2024-02-07,10120.0,10360.0,84,16616.769456000067,0.019524844290852883,4,time
064350,2024-02-01,2024-02-07,28100.0,28450.0,30,7014.262875000015,0.008311037590364556,4,time
039490,2024-02-02,2024-02-08,107300.0,108900.0,8,9244.370080000022,0.010756931363667954,4,time
024110,2024-02-02,2024-02-08,13210.0,13410.0,67,9733.302255999995,0.010984577896967274,4,time
005940,2024-02-02,2024-02-08,11180.0,11300.0,79,5832.440282000112,0.006596023422658748,4,time
086520,2024-02-08,2024-02-13,117133.0,126503.64000000001,7,62040.8629690361,0.07557902878004885,1,target
042700,2024-02-13,2024-02-14,82200.0,78090.0,11,-48782.311099500046,-0.053888817276809164,1,stop
402340,2024-02-07,2024-02-15,64000.0,62400.0,13,-24148.38295999996,-0.028991154573567157,4,time
403870,2024-02-14,2024-02-15,57500.0,62100.00000000001,15,65261.887050000136,0.07557902878004885,1,target
131290,2024-02-14,2024-02-19,55300.0,52535.0,16,-47735.665628000046,-0.053888817276809164,3,stop
214370,2024-02-14,2024-02-19,24950.0,26946.0,35,66075.29607699998,0.07557902878004863,3,target
454910,2024-02-15,2024-02-19,84700.0,80465.0,10,-45696.3254824999,-0.05388881727680894,2,stop
178320,2024-02-14,2024-02-20,21450.0,21750.0,41,8659.57699500001,0.009835270481138636,4,time
079550,2024-02-15,2024-02-21,129300.0,137600.0,7,54219.43747500004,0.05983554152082937,4,time
226950,2024-02-21,2024-02-23,15190.0,16405.2,59,67812.58642676007,0.07557902878004863,2,target
257720,2024-02-22,2024-02-23,10230.0,9718.5,97,-53535.91586722515,-0.053888817276809275,1,stop
015760,2024-02-20,2024-02-26,23300.0,24850.0,37,53647.871112500085,0.062157799443022244,4,time
196170,2024-02-23,2024-02-26,119800.0,129384.00000000001,7,63453.470701600076,0.07557902878004863,1,target
298040,2024-02-21,2024-02-27,186000.0,192000.0,4,20880.186000000103,0.028032524520954727,4,time
087010,2024-02-26,2024-02-27,29073.0,27619.35,33,-51760.88067867758,-0.053888817276809164,1,stop
226950,2024-02-26,2024-02-27,16600.0,17928.0,58,72851.18243679998,0.07557902878004863,1,target
078600,2024-02-22,2024-02-28,76200.0,74500.0,13,-26094.525014999905,-0.02631187853463557,4,time
064350,2024-02-23,2024-02-29,33950.0,33450.0,28,-17854.476219999837,-0.018760745303751936,4,time
000100,2024-02-27,2024-03-04,70700.0,67165.0,12,-45771.85659900005,-0.053888817276809164,3,stop
043260,2024-02-28,2024-03-04,1570.0,1491.5,615,-52092.192526125116,-0.053888817276809164,2,stop
036930,2024-02-29,2024-03-04,39450.0,37477.5,23,-48952.256111625,-0.05388881727680905,1,stop
032820,2024-02-27,2024-03-05,1340.0,1277.0,676,-46174.761934599956,-0.05091596202866078,4,time
326030,2024-03-04,2024-03-05,96800.0,91960.0,8,-41779.49758400011,-0.053888817276809275,1,stop
108490,2024-02-28,2024-03-06,26001.0,25465.0,37,-23716.15430579998,-0.0246236979530724,4,time
007660,2024-03-05,2024-03-06,36274.0,39175.920000000006,23,63128.25842271221,0.07557902878004885,1,target
240810,2024-03-04,2024-03-08,33500.0,34100.0,25,11523.53674999997,0.013743639618564396,4,time
319660,2024-03-04,2024-03-08,25850.0,25950.0,33,-205.69807499996386,-0.0002408554752395542,4,time
145020,2024-03-05,2024-03-11,202500.0,194400.0,4,-35624.02518,-0.04392975219551232,4,time
010120,2024-03-06,2024-03-11,15720.0,16977.600000000002,61,72557.5985275202,0.07557902878004885,3,target
000500,2024-03-06,2024-03-11,27000.0,29160.000000000004,35,71504.32842000015,0.07557902878004885,3,target
006400,2024-03-08,2024-03-12,411683.0,444617.64,2,62300.77552789601,0.07557902878004863,2,target
237690,2024-03-11,2024-03-12,80000.0,76000.0,12,-51792.765599999926,-0.05388881727680905,1,stop
000150,2024-03-08,2024-03-13,108500.0,117180.00000000001,7,57468.29358200007,0.07557902878004863,3,target
095340,2024-03-11,2024-03-13,91500.0,98820.0,10,69234.34973999998,0.07557902878004863,2,target
028300,2024-03-11,2024-03-13,98700.0,93765.0,9,-47924.49341925001,-0.05388881727680905,2,stop
083650,2024-03-12,2024-03-13,9270.0,10011.6,107,75052.30509684014,0.07557902878004885,1,target
034020,2024-03-12,2024-03-14,16970.0,18327.600000000002,58,74474.97385256004,0.07557902878004863,2,target
032820,2024-03-13,2024-03-14,1470.0,1587.6000000000001,633,70407.92871756002,0.07557902878004863,1,target
214370,2024-03-13,2024-03-14,25900.0,24605.0,35,-48906.39793374995,-0.05388881727680905,1,stop
047050,2024-03-13,2024-03-15,61700.0,58615.0,15,-49931.463086250005,-0.05388881727680905,2,stop
000500,2024-03-14,2024-03-18,28800.0,31104.000000000004,35,76271.28364799998,0.07557902878004863,2,target
001440,2024-03-15,2024-03-18,10400.0,11232.0,87,68462.55698879994,0.07557902878004863,1,target
078600,2024-03-13,2024-03-19,93500.0,93300.0,9,-5243.328810000094,-0.006223773171137648,4,time
000150,2024-03-18,2024-03-19,144300.0,155844.0,7,76430.18215559993,0.07557902878004863,1,target
005940,2024-03-14,2024-03-20,12850.0,12800.0,78,-7996.128464999958,-0.007968614470051705,4,time
058610,2024-03-14,2024-03-20,30850.0,30050.0,32,-29570.272959999973,-0.029919268418258538,4,time
237690,2024-03-19,2024-03-20,94100.0,89395.0,10,-50767.700447499985,-0.05388881727680905,1,stop
009540,2024-03-18,2024-03-22,125600.0,125900.0,8,-1724.9466800000519,-0.0017147342872131377,4,time
178320,2024-03-19,2024-03-22,23350.0,25218.0,42,74205.60304920003,0.07557902878004863,3,target
277810,2024-03-20,2024-03-22,191900.0,207252.0,5,72601.48478199996,0.07557902878004863,2,target
950160,2024-03-22,2024-03-25,16900.0,16055.0,62,-56529.64562050009,-0.053888817276809164,1,stop
005290,2024-03-22,2024-03-25,47200.0,44840.0,22,-56022.50812400004,-0.053888817276809164,1,stop
084370,2024-03-22,2024-03-25,41000.0,38950.0,25,-55299.56743749988,-0.05388881727680894,1,stop
064760,2024-03-25,2024-03-26,110700.0,105165.0,9,-53751.17954924994,-0.05388881727680905,1,stop
240810,2024-03-21,2024-03-27,37550.0,36650.0,25,-26280.854124999954,-0.027963421492607776,4,time
031980,2024-03-21,2024-03-27,46250.0,49000.0,20,51047.02225000004,0.05512257077522298,4,time
043260,2024-03-26,2024-03-27,1957.0,2113.56,500,74039.13794600009,0.07557902878004863,1,target
000250,2024-03-26,2024-03-27,118100.0,127548.00000000001,8,71489.19522880018,0.07557902878004885,1,target
010130,2024-03-26,2024-04-01,458000.0,451000.0,2,-17712.67849999992,-0.019314770378857427,4,time
043260,2024-03-29,2024-04-01,2185.0,2075.75,493,-58116.06882098748,-0.05388881727680905,1,stop
080220,2024-03-29,2024-04-02,28600.0,27170.0,37,-57090.73391449987,-0.05388881727680894,2,stop
067310,2024-03-28,2024-04-03,24277.0,23508.0,41,-35515.22298895009,-0.03563989812940682,4,time
352820,2024-03-28,2024-04-03,226500.0,224000.0,4,-13683.488699999987,-0.015085837434670513,4,time
353200,2024-04-02,2024-04-03,27900.0,26505.0,36,-54188.18100900005,-0.053888817276809164,1,stop
012450,2024-04-03,2024-04-04,245496.0,233221.19999999998,3,-39734.114949180046,-0.053888817276809164,1,stop
240810,2024-04-01,2024-04-05,41650.0,42100.0,23,6393.616992500145,0.006666602455205561,4,time
064350,2024-04-01,2024-04-05,36950.0,37300.0,26,5136.032005000045,0.00533999332170132,4,time
036930,2024-04-03,2024-04-05,36050.0,38934.0,26,70921.70055880002,0.07557902878004863,2,target
067310,2024-04-05,2024-04-08,27567.0,26188.649999999998,35,-52054.15721388755,-0.053888817276809164,1,stop
039030,2024-04-05,2024-04-08,252000.0,239400.0,3,-40786.80290999985,-0.05388881727680894,1,stop
131290,2024-04-05,2024-04-08,65600.0,62320.0,14,-49548.41242399998,-0.05388881727680905,1,stop
000500,2024-04-08,2024-04-09,31400.0,33912.0,29,68901.41953360022,0.07557902878004885,1,target
010120,2024-04-08,2024-04-09,23160.0,25012.800000000003,40,70096.94163840008,0.07557902878004863,1,target
000880,2024-04-04,2024-04-11,29150.0,27692.5,31,-48752.63816087507,-0.053888817276809164,4,stop
307950,2024-04-09,2024-04-11,157000.0,149150.0,6,-50821.65124499984,-0.05388881727680894,1,stop
001440,2024-04-08,2024-04-12,12790.0,13813.2,73,70647.03313852008,0.07557902878004863,3,target
010950,2024-04-08,2024-04-12,83500.0,79325.0,11,-49553.807503749966,-0.05388881727680905,3,stop
000500,2024-04-11,2024-04-12,36950.0,39906.0,25,69896.42685499997,0.07557902878004863,1,target
064350,2024-04-11,2024-04-15,41200.0,39140.0,22,-48901.00285399996,-0.05388881727680905,2,stop
000500,2024-04-15,2024-04-16,45100.0,42845.0,20,-48663.619345000014,-0.05388881727680905,1,stop
010120,2024-04-15,2024-04-16,27860.0,26467.0,33,-49601.28420554986,-0.05388881727680894,1,stop
006260,2024-04-15,2024-04-16,125400.0,119130.0,7,-47358.01004550001,-0.05388881727680905,1,stop
010170,2024-04-11,2024-04-17,998.0,963.0,943,-36764.57300455007,-0.0390200728167569,4,time
082740,2024-04-16,2024-04-18,10840.0,11707.2,83,68078.17393231997,0.07557902878004863,2,target
042660,2024-04-19,2024-04-22,33250.0,31587.5,27,-48434.328455624986,-0.05388881727680905,1,stop
031980,2024-04-19,2024-04-22,51100.0,48545.0,18,-49623.94354050001,-0.05388881727680905,1,stop
010140,2024-04-19,2024-04-25,9580.0,9470.0,96,-14297.901167999837,-0.015528744051354848,4,time
272210,2024-04-24,2024-04-25,17920.0,19353.600000000002,50,67796.69657600019,0.07557902878004885,1,target
011070,2024-04-25,2024-04-30,207000.0,223560.00000000003,4,62651.411568000214,0.07557902878004885,3,target
131290,2024-04-29,2024-04-30,79000.0,85320.0,11,65753.71576399996,0.07557902878004863,1,target
082740,2024-04-26,2024-05-02,13010.0,12359.5,71,-49834.8911587249,-0.05388881727680894,3,stop
278470,2024-04-30,2024-05-02,54800.0,59184.00000000001,18,74636.89899840008,0.07557902878004863,1,target
272210,2024-04-29,2024-05-03,20100.0,19095.0,46,-49882.907368500135,-0.053888817276809275,3,stop
329180,2024-04-29,2024-05-07,140400.0,133380.0,6,-45448.15181399998,-0.05388881727680905,4,stop
237690,2024-05-02,2024-05-07,93100.0,100548.0,10,70445.00503600005,0.07557902878004863,2,target
090430,2024-05-02,2024-05-07,172400.0,163780.0,5,-46505.587444999954,-0.05388881727680905,2,stop
336260,2024-04-30,2024-05-08,19910.0,20950.0,50,47766.94330000004,0.047927742105308146,4,time
043260,2024-05-07,2024-05-08,1869.0,2018.5200000000002,467,66042.98671378812,0.07557902878004885,1,target
218410,2024-05-03,2024-05-10,17670.0,17420.0,58,-18657.334526999854,-0.01818384993667599,4,time
257720,2024-05-10,2024-05-13,22000.0,23760.0,43,71579.99437600013,0.07557902878004885,1,target
043260,2024-05-13,2024-05-14,2125.0,2018.75,457,-52392.96822218748,-0.05388881727680905,1,stop
011200,2024-05-13,2024-05-14,18700.0,17765.0,51,-51452.8755757499,-0.05388881727680894,1,stop
032820,2024-05-14,2024-05-16,1738.0,1877.0400000000002,545,71671.55018276011,0.07557902878004885,1,target
001440,2024-05-14,2024-05-16,18430.0,17508.5,51,-50709.973094175104,-0.053888817276809164,1,stop
214150,2024-05-10,2024-05-17,48500.0,49800.0,19,20850.691864999942,0.022600909378511336,4,time
263750,2024-05-13,2024-05-17,37700.0,40716.0,25,71315.16353000002,0.07557902878004863,3,target
083650,2024-05-16,2024-05-17,9960.0,9462.0,95,-51048.244594499934,-0.05388881727680905,1,stop
336260,2024-05-17,2024-05-21,21650.0,20567.5,44,-51393.52969850006,-0.053888817276809164,2,stop
078600,2024-05-16,2024-05-22,101400.0,100300.0,9,-13610.831624999992,-0.014897211386525,4,time
007660,2024-05-17,2024-05-23,49209.0,53145.72,19,70745.47454727592,0.07557902878004863,4,target
222800,2024-05-17,2024-05-23,33950.0,33750.0,28,-9479.239840000053,-0.00996039324369613,4,time
353200,2024-05-17,2024-05-23,24700.0,24600.0,39,-7836.298665000009,-0.00812550202469653,4,time
003230,2024-05-21,2024-05-23,507000.0,481650.0,1,-27353.054332499974,-0.05388881727680905,2,stop
950160,2024-05-23,2024-05-24,12930.0,13964.400000000001,73,71420.33920884004,0.07557902878004863,1,target
083650,2024-05-23,2024-05-27,10190.0,11005.2,92,70935.32043088018,0.07557902878004885,2,target
032820,2024-05-23,2024-05-27,2245.0,2424.6000000000004,421,71515.29998362018,0.07557902878004885,2,target
009830,2024-05-24,2024-05-27,31700.0,34236.0,36,86349.9889872002,0.07557902878004885,1,target
336260,2024-05-23,2024-05-29,25000.0,24500.0,37,-22236.296074999962,-0.024011622032918845,4,time
005380,2024-05-23,2024-05-29,273500.0,259825.0,3,-44266.62934875011,-0.053888817276809164,4,stop
087010,2024-05-27,2024-05-29,34112.0,36840.96,32,82595.7469143041,0.07557902878004863,2,target
034020,2024-05-28,2024-05-29,21900.0,20805.0,50,-59076.123262499925,-0.05388881727680905,1,stop
267270,2024-05-28,2024-05-30,59900.0,56905.0,18,-58169.749864500016,-0.05388881727680905,2,stop
066570,2024-05-29,2024-05-30,112500.0,106875.0,8,-48555.71775000007,-0.053888817276809164,1,stop
357780,2024-05-29,2024-05-30,343000.0,325850.0,2,-37010.24708499992,-0.05388881727680894,1,stop
047810,2024-05-29,2024-05-30,58100.0,55195.0,16,-50152.661356,-0.05388881727680905,1,stop
084370,2024-05-29,2024-05-31,56500.0,53675.0,17,-51819.74099875009,-0.053888817276809164,2,stop
080220,2024-05-30,2024-06-03,22350.0,21232.5,42,-50643.61361324997,-0.05388881727680905,2,stop
034730,2024-05-31,2024-06-03,164500.0,177660.0,5,62235.24881000002,0.07557902878004863,1,target
196170,2024-06-03,2024-06-04,184000.0,198720.0,5,69612.67952000012,0.07557902878004885,1,target
310210,2024-05-30,2024-06-05,41350.0,44658.0,23,71962.10745379992,0.07557902878004863,4,target
078600,2024-05-31,2024-06-05,117600.0,127008.00000000001,8,71186.53140480013,0.07557902878004885,3,target
267260,2024-06-03,2024-06-05,294500.0,279775.0,3,-47665.52959125,-0.05388881727680905,2,stop
047050,2024-06-04,2024-06-05,49600.0,47120.0,22,-58871.11023200012,-0.053888817276809164,1,stop
214370,2024-06-05,2024-06-07,24250.0,23037.5,40,-52332.273575,-0.05388881727680905,1,stop
180640,2024-06-03,2024-06-10,64900.0,66300.0,14,15818.593699999969,0.017389853451424075,4,time
031980,2024-06-07,2024-06-10,65000.0,70200.0,14,68856.01996000006,0.07557902878004863,1,target
237690,2024-06-10,2024-06-12,106400.0,101080.0,9,-51663.28368599992,-0.05388881727680905,2,stop
036930,2024-06-07,2024-06-13,33800.0,36504.0,28,71610.26075839996,0.07557902878004863,4,target
310210,2024-06-07,2024-06-13,47100.0,45800.0,20,-29783.855099999928,-0.0315813572751783,4,time
440110,2024-06-10,2024-06-13,20700.0,22356.0,48,75181.69388160016,0.07557902878004885,3,target
319400,2024-06-10,2024-06-14,3020.0,3015.0,331,-5746.763661250006,-0.005742343704977171,4,time
214370,2024-06-12,2024-06-17,23850.0,22657.5,40,-51469.060814999975,-0.05388881727680905,3,stop
454910,2024-06-13,2024-06-17,86900.0,82555.0,11,-51571.567330249934,-0.05388881727680905,2,stop
066970,2024-06-14,2024-06-17,171700.0,163115.0,5,-46316.75965374999,-0.05388881727680905,1,stop
222800,2024-06-13,2024-06-19,35000.0,36900.0,28,49026.927739999956,0.04997000428528553,4,time
047050,2024-06-14,2024-06-19,67600.0,64220.0,15,-54706.10866499995,-0.05388881727680905,3,stop
086280,2024-06-17,2024-06-19,94886.0,102476.88,9,64616.7591091441,0.07557902878004885,2,target
082740,2024-06-17,2024-06-20,15300.0,16524.0,61,70619.03673479997,0.07557902878004863,3,target
272210,2024-06-19,2024-06-20,21400.0,20330.0,50,-57727.35332499992,-0.05388881727680905,1,stop
307950,2024-06-19,2024-06-20,163400.0,155230.0,6,-52893.36186900013,-0.053888817276809164,1,stop
000250,2024-06-19,2024-06-20,150500.0,162540.0,7,79714.08464599983,0.07557902878004841,1,target
012330,2024-06-17,2024-06-21,238000.0,237500.0,3,-4421.692724999972,-0.00618573243362297,4,time
043260,2024-06-20,2024-06-21,1830.0,1738.5,571,-56374.806831675,-0.05388881727680905,1,stop
034220,2024-06-20,2024-06-24,10550.0,11394.0,99,79029.30774419988,0.07557902878004841,2,target
000990,2024-06-21,2024-06-24,55900.0,53105.0,16,-48253.59328400006,-0.053888817276809164,1,stop
096770,2024-06-21,2024-06-24,124800.0,118560.0,7,-47131.4166959998,-0.05388881727680883,1,stop
141080,2024-06-21,2024-06-25,74900.0,71155.0,12,-48490.97679300001,-0.05388881727680905,2,stop
078930,2024-06-24,2024-06-25,50800.0,48260.0,19,-52073.30974699999,-0.05388881727680905,1,stop
329180,2024-06-24,2024-06-27,144900.0,156492.0,6,65783.98214639991,0.07557902878004863,3,target
047050,2024-06-24,2024-06-27,64900.0,70092.0,15,73660.80816599994,0.07557902878004863,3,target
214450,2024-06-25,2024-07-01,150700.0,149000.0,6,-13875.522329999949,-0.015328004569863718,4,time
000500,2024-06-28,2024-07-01,55500.0,52725.0,17,-50902.577441249974,-0.05388881727680905,1,stop
087010,2024-06-28,2024-07-01,44967.0,48564.36,21,71451.89191249199,0.07557902878004863,1,target
003490,2024-06-28,2024-07-02,23800.0,22610.0,41,-52645.18820049998,-0.05388881727680905,2,stop
267270,2024-07-02,2024-07-03,58200.0,55290.0,16,-50238.982632,-0.05388881727680905,1,stop
347850,2024-07-03,2024-07-04,7870.0,7476.5,121,-51375.72593532491,-0.05388881727680894,1,stop
298380,2024-07-04,2024-07-05,27200.0,29376.000000000004,34,69975.87610880006,0.07557902878004863,1,target
178320,2024-07-04,2024-07-05,34150.0,32442.5,27,-49745.33283487498,-0.05388881727680905,1,stop
028300,2024-07-04,2024-07-05,78400.0,84672.0,11,65254.3204543998,0.07557902878004841,1,target
086280,2024-07-02,2024-07-08,119296.0,122798.0,8,24022.216493600048,0.025141893988966935,4,time
039030,2024-07-05,2024-07-09,204000.0,220320.0,4,61743.42009599996,0.07557902878004863,2,target
307950,2024-07-04,2024-07-10,172600.0,177300.0,5,19893.974225000013,0.02302563088870979,4,time
240810,2024-07-05,2024-07-10,40250.0,38237.5,24,-52116.47038500011,-0.053888817276809164,3,stop
032820,2024-07-09,2024-07-10,2430.0,2624.4,369,67847.39276651992,0.07557902878004863,1,target
131970,2024-07-05,2024-07-11,41200.0,42400.0,24,24662.795999999857,0.024913493803354392,4,time
000100,2024-07-08,2024-07-12,90000.0,94900.0,13,58717.315215000184,0.050128084683401575,4,time
034020,2024-07-10,2024-07-12,22350.0,21232.5,41,-49437.81328912487,-0.05388881727680894,2,stop
047040,2024-07-10,2024-07-15,3900.0,4212.0,236,69642.94590239984,0.07557902878004841,3,target
454910,2024-07-12,2024-07-15,95000.0,102600.0,11,79070.92401999992,0.07557902878004863,1,target
353200,2024-07-11,2024-07-16,24900.0,23655.0,38,-51048.244594499934,-0.05388881727680905,3,stop
241560,2024-07-15,2024-07-16,52700.0,50065.0,20,-56864.14056500024,-0.053888817276809275,1,stop
950160,2024-07-15,2024-07-16,18490.0,19969.2,57,79746.62100708019,0.07557902878004885,1,target
058610,2024-07-11,2024-07-17,26800.0,25600.0,36,-47026.58759999997,-0.048686320592549515,4,time
403870,2024-07-12,2024-07-17,42000.0,39900.0,25,-56648.337375000236,-0.053888817276809275,3,stop
267270,2024-07-16,2024-07-17,58100.0,62748.00000000001,17,74735.26474120037,0.07557902878004907,1,target
310210,2024-07-17,2024-07-18,75500.0,71725.0,13,-52952.70774624997,-0.05388881727680905,1,stop
064350,2024-07-16,2024-07-19,43250.0,41087.5,23,-53667.5558131251,-0.053888817276809164,3,stop
079550,2024-07-16,2024-07-19,235500.0,223725.0,4,-50821.65124499996,-0.05388881727680905,3,stop
443060,2024-07-18,2024-07-19,133500.0,126825.0,7,-50417.02026374999,-0.05388881727680905,1,stop
000720,2024-07-18,2024-07-19,34800.0,33060.0,29,-54447.14483699994,-0.05388881727680905,1,stop
226950,2024-07-22,2024-07-23,13860.0,14968.800000000001,67,70264.92006072018,0.07557902878004885,1,target
028050,2024-07-18,2024-07-24,25350.0,25050.0,40,-16120.198199999984,-0.01587936770617948,4,time
267270,2024-07-23,2024-07-24,65100.0,61845.0,14,-49170.75684150006,-0.053888817276809164,1,stop
267260,2024-07-24,2024-07-25,351000.0,333450.0,2,-37873.45984500006,-0.053888817276809164,1,stop
082740,2024-07-24,2024-07-25,16900.0,16055.0,56,-51059.03475400014,-0.053888817276809275,1,stop
272210,2024-07-25,2024-07-26,22000.0,20900.0,42,-49850.53688999999,-0.05388881727680905,1,stop
145020,2024-07-25,2024-07-30,240000.0,259200.00000000003,3,54479.488320000004,0.07557902878004863,3,target
316140,2024-07-29,2024-08-02,16110.0,15304.5,60,-52148.84086349991,-0.05388881727680894,4,stop
028050,2024-07-29,2024-08-02,28000.0,27600.0,35,-17974.96330000006,-0.01832072770074933,4,time
010140,2024-07-29,2024-08-02,11990.0,11390.5,81,-52396.47502402507,-0.053888817276809164,4,stop
329180,2024-07-29,2024-08-02,207000.0,209000.0,4,4583.106000000029,0.005528793232376872,4,time
047810,2024-07-30,2024-08-05,55000.0,52250.0,17,-50443.99566249992,-0.05388881727680894,4,stop
326030,2024-08-09,2024-08-12,91000.0,98280.0,11,75741.62195599987,0.07557902878004841,1,target
214450,2024-08-08,2024-08-14,169900.0,183492.0,5,64278.22962200001,0.07557902878004863,4,target
145020,2024-08-08,2024-08-14,250000.0,264000.0,3,38802.53190000006,0.051677272584936595,4,time
068270,2024-08-08,2024-08-14,181414.0,179022.0,5,-15642.09559599997,-0.017224828853392715,4,time
033780,2024-08-12,2024-08-19,100600.0,101100.0,10,862.4705499999691,0.0008563416690865466,4,time
259960,2024-08-14,2024-08-21,330000.0,339500.0,2,16239.175050000078,0.02457654396977138,4,time
257720,2024-08-19,2024-08-21,45300.0,43035.0,22,-53767.36478850001,-0.05388881727680905,2,stop
326030,2024-08-19,2024-08-22,108200.0,102790.0,9,-52537.286605500034,-0.053888817276809164,3,stop
237690,2024-08-21,2024-08-22,98900.0,106812.0,9,67350.26743559993,0.07557902878004863,1,target
058610,2024-08-23,2024-08-26,24700.0,26676.0,37,69151.1171884,0.07557902878004863,1,target
000100,2024-08-23,2024-08-26,95300.0,102924.0,9,64898.69046119996,0.07557902878004863,1,target
015760,2024-08-22,2024-08-27,21150.0,22842.0,44,70414.73865359998,0.07557902878004863,3,target
032820,2024-08-26,2024-08-27,2310.0,2194.5,419,-52218.43739227508,-0.053888817276809164,1,stop
347850,2024-08-29,2024-08-30,8571.0,9256.68,115,74581.2845207398,0.07557902878004841,1,target
096770,2024-08-28,2024-09-03,109800.0,108900.0,8,-10778.632919999887,-0.012256659969748784,4,time
000100,2024-08-29,2024-09-03,136000.0,146880.0,7,72033.99011200003,0.07557902878004863,3,target
454910,2024-08-30,2024-09-03,70500.0,66975.0,14,-53249.43713250011,-0.053888817276809164,2,stop
003670,2024-09-03,2024-09-04,242328.0,230211.59999999998,4,-52295.155426320154,-0.053888817276809275,1,stop
032820,2024-09-05,2024-09-06,2275.0,2161.25,433,-53145.58184731251,-0.05388881727680905,1,stop
003550,2024-09-04,2024-09-10,83500.0,83200.0,11,-7054.468134999974,-0.007671599085162462,4,time
087010,2024-09-12,2024-09-19,51653.0,49070.35,18,-50160.969778814935,-0.05388881727680905,2,stop
080220,2024-09-13,2024-09-19,13330.0,12663.5,72,-51779.81740860001,-0.05388881727680905,1,stop
440110,2024-09-13,2024-09-19,16800.0,15960.0,57,-51663.28368599992,-0.05388881727680905,1,stop
010130,2024-09-19,2024-09-20,679000.0,733320.0,1,51377.18412400014,0.07557902878004885,1,target
032820,2024-09-19,2024-09-20,2550.0,2422.5,364,-50077.13023950008,-0.053888817276809164,1,stop
010130,2024-09-23,2024-09-24,723000.0,686850.0,1,-39006.42659249983,-0.05388881727680883,1,stop
034730,2024-09-23,2024-09-27,155400.0,155000.0,5,-5178.405299999984,-0.006656957785717066,4,time
082740,2024-09-23,2024-09-27,13350.0,13120.0,69,-19598.271376500023,-0.021251431710761715,4,time
319400,2024-09-24,2024-09-30,3100.0,2955.0,312,-49070.40925799997,-0.0506762156376811,4,time
066970,2024-09-25,2024-09-30,106900.0,115452.00000000001,9,72798.21626760007,0.07557902878004863,3,target
080220,2024-09-27,2024-09-30,14010.0,13309.5,61,-46106.89105147484,-0.05388881727680894,1,stop
034220,2024-09-27,2024-09-30,11860.0,11267.0,72,-46069.66500119993,-0.05388881727680894,1,stop
000990,2024-09-25,2024-10-02,40500.0,40450.0,23,-4964.0830424999585,-0.005323006077892822,4,time
012450,2024-09-30,2024-10-02,312151.0,296543.45,2,-33681.59078084503,-0.053888817276809164,1,stop
012450,2024-10-04,2024-10-07,312643.0,337654.44,2,47312.862963415915,0.07557902878004841,1,target
001440,2024-10-07,2024-10-08,13330.0,12663.5,72,-51779.81740860001,-0.05388881727680905,1,stop
178320,2024-10-04,2024-10-10,28700.0,30996.000000000004,31,67320.0010532001,0.07557902878004885,3,target
010130,2024-10-04,2024-10-11,751000.0,794000.0,1,39795.485650000046,0.05292911778290499,4,time
319400,2024-10-08,2024-10-11,2985.0,3223.8,316,71372.66965656006,0.07557902878004863,2,target
087010,2024-10-10,2024-10-11,63500.0,68580.0,14,67267.03488399996,0.07557902878004863,1,target
226950,2024-10-10,2024-10-11,21350.0,23058.0,44,71080.59906639997,0.07557902878004863,1,target
319400,2024-10-14,2024-10-16,3095.0,3342.6000000000004,318,74471.19055476028,0.07557902878004885,2,target
226950,2024-10-14,2024-10-16,26200.0,28296.000000000004,37,73350.57774640014,0.07557902878004885,2,target
141080,2024-10-11,2024-10-17,121500.0,124000.0,7,13962.890024999972,0.01639841158913291,4,time
950160,2024-10-14,2024-10-17,17300.0,16435.0,56,-52267.53261800017,-0.053888817276809275,3,stop
298380,2024-10-14,2024-10-17,40050.0,43254.0,24,72730.11690720008,0.07557902878004863,3,target
440110,2024-10-16,2024-10-17,18710.0,20206.800000000003,57,80695.47209532,0.07557902878004863,1,target
007660,2024-10-16,2024-10-17,39775.0,42957.0,27,81259.56179729989,0.07557902878004863,1,target
087010,2024-10-17,2024-10-18,98300.0,93385.0,10,-53033.63394249999,-0.05388881727680905,1,stop
083650,2024-10-17,2024-10-22,10000.0,10800.0,102,77179.27512000012,0.07557902878004885,3,target
241560,2024-10-21,2024-10-22,43550.0,41372.5,23,-54039.81631587492,-0.05388881727680905,1,stop
454910,2024-10-21,2024-10-22,66000.0,71280.0,15,74909.29644000006,0.07557902878004863,1,target
012330,2024-10-17,2024-10-23,240000.0,246500.0,4,21989.07870000007,0.022878976058186673,4,time
218410,2024-10-22,2024-10-23,13000.0,14040.000000000002,81,79676.2516679999,0.07557902878004863,1,target
034020,2024-10-18,2024-10-24,20900.0,19855.0,49,-55251.01171975001,-0.05388881727680905,4,stop
180640,2024-10-23,2024-10-24,93700.0,89015.0,11,-55607.08698324999,-0.05388881727680905,1,stop
443060,2024-10-24,2024-10-28,126200.0,136296.0,8,76392.34917760012,0.07557902878004885,2,target
083650,2024-10-25,2024-10-29,11610.0,12538.800000000001,90,79063.35742440005,0.07557902878004863,2,target
440110,2024-10-28,2024-10-29,21950.0,20852.5,48,-56842.56024600007,-0.053888817276809164,1,stop
012330,2024-10-28,2024-10-29,258500.0,245575.0,4,-55785.12461499998,-0.05388881727680905,1,stop
015760,2024-10-24,2024-10-30,22250.0,22950.0,46,27910.565090000047,0.027238398273080167,4,time
036930,2024-10-30,2024-11-01,30300.0,32724.000000000004,34,77951.06787120015,0.07557902878004885,2,target
047810,2024-10-30,2024-11-04,59100.0,56145.0,17,-54204.36624824989,-0.05388881727680894,3,stop
098460,2024-10-31,2024-11-04,10810.0,10269.5,98,-57154.39585555007,-0.053888817276809164,2,stop
036930,2024-11-04,2024-11-06,33300.0,31635.0,31,-55693.40825924999,-0.05388881727680905,2,stop
161390,2024-11-06,2024-11-08,39300.0,37335.0,26,-55126.92488549999,-0.05388881727680905,2,stop
005290,2024-11-07,2024-11-08,29250.0,27787.5,35,-55232.128940625,-0.05388881727680905,1,stop
062040,2024-11-07,2024-11-08,54300.0,58644.00000000001,19,78064.5668052003,0.07557902878004885,1,target
267270,2024-11-07,2024-11-11,56800.0,61344.00000000001,18,77360.87341440015,0.07557902878004885,2,target
042660,2024-11-08,2024-11-11,35850.0,38718.0,28,75953.48663279985,0.07557902878004841,1,target
010140,2024-11-08,2024-11-11,11020.0,11901.6,93,77547.01166615996,0.07557902878004863,1,target
353200,2024-11-06,2024-11-12,17810.0,16919.5,57,-54769.23109807505,-0.053888817276809164,4,stop
329180,2024-11-08,2024-11-12,216000.0,205200.0,4,-46613.489040000015,-0.05388881727680905,2,stop
062040,2024-11-11,2024-11-12,61900.0,66852.0,18,84307.00817520008,0.07557902878004863,1,target
196170,2024-11-11,2024-11-13,448000.0,425600.0,2,-48339.91455999995,-0.05388881727680905,2,stop
100790,2024-11-12,2024-11-13,5860.0,5567.0,191,-60384.96960984985,-0.05388881727680894,1,stop
082740,2024-11-12,2024-11-13,16600.0,15770.0,67,-60004.07697950001,-0.05388881727680905,1,stop
033780,2024-11-11,2024-11-15,119400.0,118100.0,9,-16069.433535000077,-0.014936695057666927,4,time
214370,2024-11-12,2024-11-18,18500.0,17575.0,60,-59885.38522499986,-0.05388881727680894,4,stop
277810,2024-11-13,2024-11-18,131300.0,141804.0,7,69544.58015960001,0.07557902878004863,3,target
042660,2024-11-15,2024-11-18,39600.0,37620.0,26,-55547.74110600015,-0.053888817276809275,1,stop
028300,2024-11-19,2024-11-20,75800.0,72010.0,13,-53163.11585649988,-0.05388881727680894,1,stop
011200,2024-11-15,2024-11-21,17670.0,18700.0,58,55363.802241,0.05395878336303994,4,time
006800,2024-11-15,2024-11-21,8542.0,8672.0,121,11447.801421099924,0.01106312789751085,4,time
108490,2024-11-20,2024-11-21,19963.0,18964.85,51,-54928.00829511753,-0.05388881727680905,1,stop
214370,2024-11-21,2024-11-22,20850.0,22518.0,49,77304.1239473999,0.07557902878004863,1,target
032820,2024-11-19,2024-11-25,2360.0,2390.0,429,8682.876988500007,0.008566336622848558,4,time
032830,2024-11-19,2024-11-25,105800.0,106000.0,9,-2107.6125299999258,-0.0022108708719704717,4,time
032640,2024-11-21,2024-11-25,10500.0,11340.0,98,77860.26872399997,0.07557902878004863,2,target
000500,2024-11-26,2024-11-29,43700.0,47196.0,23,76051.85237560002,0.07557902878004863,3,target
277810,2024-11-28,2024-12-02,152200.0,144590.0,6,-49267.86827700003,-0.053888817276809164,2,stop
950160,2024-12-02,2024-12-03,18460.0,19936.800000000003,57,79617.23222232028,0.07557902878004885,1,target
017670,2024-11-28,2024-12-04,61100.0,58800.0,17,-43241.531585000106,-0.04158260756096788,4,time
035720,2024-12-02,2024-12-04,40550.0,43794.0,25,76706.36289499991,0.07557902878004863,2,target
377300,2024-12-03,2024-12-04,27500.0,26125.0,39,-57862.23031874979,-0.05388881727680894,1,stop
007660,2024-12-04,2024-12-05,25673.0,24389.35,41,-56788.23179291759,-0.053888817276809164,1,stop
016360,2024-12-04,2024-12-05,49800.0,47310.0,21,-56421.744025500026,-0.05388881727680905,1,stop
323410,2024-12-05,2024-12-06,23600.0,22420.0,43,-54749.26930300007,-0.053888817276809164,1,stop
950160,2024-12-06,2024-12-09,23050.0,21897.5,50,-62178.29411874991,-0.05388881727680905,1,stop
005940,2024-12-04,2024-12-10,14090.0,13620.0,75,-39476.854087500134,-0.03731393607337352,4,time
003230,2024-12-05,2024-12-10,601000.0,649080.0,1,45475.2395560001,0.07557902878004885,3,target
377300,2024-12-09,2024-12-10,29100.0,31428.000000000004,39,85873.2934644001,0.07557902878004863,1,target
178320,2024-12-09,2024-12-12,27150.0,29322.000000000004,41,84227.55892139999,0.07557902878004863,3,target
347850,2024-12-13,2024-12-17,11636.0,12566.880000000001,91,80120.86482545594,0.07557902878004863,2,target
042700,2024-12-12,2024-12-18,82700.0,86900.0,12,46184.36460000009,0.04648458955826773,4,time
036930,2024-12-16,2024-12-19,30650.0,29117.5,34,-56222.12607474998,-0.05388881727680905,3,stop
095340,2024-12-17,2024-12-19,68000.0,64600.0,16,-58698.46767999977,-0.05388881727680883,2,stop
010170,2024-12-18,2024-12-19,790.0,750.5,1369,-58348.32700422488,-0.05388881727680894,1,stop
068270,2024-12-19,2024-12-26,178562.0,176171.0,5,-15578.670004250016,-0.017428985765656102,4,time
080220,2024-12-24,2024-12-26,9620.0,9139.0,115,-59685.76727424981,-0.05388881727680894,1,stop
272210,2024-12-24,2024-12-26,23600.0,22420.0,47,-59842.22458700021,-0.053888817276809275,1,stop
277810,2024-12-26,2024-12-27,147300.0,139935.0,6,-47681.71483049996,-0.05388881727680905,1,stop
443060,2024-12-23,2024-12-30,161900.0,161400.0,6,-6972.147329999949,-0.007169175959669594,4,time
010170,2024-12-30,2025-01-02,834.0,792.3,1203,-54128.943033345044,-0.053888817276809164,1,stop
108490,2024-12-30,2025-01-02,21667.0,23400.36,46,75414.89635799197,0.07557902878004863,1,target
277810,2025-01-02,2025-01-03,211000.0,227880.00000000003,4,63862.06686400017,0.07557902878004885,1,target
058610,2025-01-02,2025-01-03,27900.0,26505.0,36,-54188.18100900005,-0.053888817276809164,1,stop
082740,2024-12-27,2025-01-06,18800.0,17860.0,53,-53756.57462900004,-0.053888817276809164,4,stop
277810,2025-01-06,2025-01-07,231000.0,249480.00000000003,4,69915.34334400017,0.07557902878004885,1,target
067310,2025-01-07,2025-01-08,11360.0,10792.0,97,-59449.46278119995,-0.05388881727680905,1,stop
454910,2025-01-03,2025-01-09,64600.0,61370.0,15,-52278.32277750003,-0.05388881727680905,4,stop
086280,2025-01-03,2025-01-09,133000.0,129500.0,7,-28243.19697499997,-0.030301557873737783,4,time
098460,2025-01-03,2025-01-09,9000.0,8850.0,112,-20881.458360000164,-0.020691933672486784,4,time
009830,2025-01-06,2025-01-10,17910.0,18560.0,58,33331.73031900008,0.03205051875414644,4,time
042700,2025-01-09,2025-01-13,115500.0,109725.0,8,-49850.53688999999,-0.05388881727680905,2,stop
042660,2025-01-08,2025-01-14,43250.0,46710.0,24,78541.26232800004,0.07557902878004863,4,target
082740,2025-01-09,2025-01-14,21550.0,23274.0,43,70115.85812739993,0.07557902878004863,3,target
000100,2025-01-09,2025-01-15,134100.0,131100.0,7,-24785.071290000225,-0.026373279524233295,4,time
108490,2025-01-10,2025-01-16,30091.0,32498.280000000002,36,81967.11415185593,0.07557902878004863,4,target
001440,2025-01-14,2025-01-16,12680.0,13694.400000000001,85,81552.76737680007,0.07557902878004863,2,target
078600,2025-01-15,2025-01-16,94500.0,102060.0,10,71504.32842000003,0.07557902878004863,1,target
307950,2025-01-13,2025-01-17,141300.0,138000.0,6,-23216.08256999997,-0.027352454905200885,4,time
131970,2025-01-15,2025-01-17,29800.0,32184.000000000004,33,74409.90113040013,0.07557902878004885,2,target
062040,2025-01-16,2025-01-17,81400.0,77330.0,13,-57090.733914499986,-0.05388881727680905,1,stop
067310,2025-01-16,2025-01-20,11830.0,11238.5,96,-61270.841704799794,-0.05388881727680894,2,stop
009830,2025-01-17,2025-01-21,20650.0,19617.5,47,-52361.94651362498,-0.05388881727680905,2,stop
010120,2025-01-20,2025-01-21,44500.0,42275.0,23,-55218.641241250094,-0.053888817276809164,1,stop
010140,2025-01-16,2025-01-22,13010.0,13300.0,87,20516.991064500064,0.018105807695977916,4,time
098460,2025-01-21,2025-01-22,13360.0,14428.800000000001,71,71773.69922336016,0.07557902878004885,1,target
028050,2025-01-20,2025-01-23,18510.0,17584.5,55,-54924.60939487512,-0.053888817276809164,3,stop
080220,2025-01-21,2025-01-23,12940.0,13975.2,73,71475.57535672013,0.07557902878004885,2,target
403870,2025-01-20,2025-01-24,32500.0,33050.0,31,12870.799247500021,0.012760310574946088,4,time
353200,2025-01-22,2025-01-24,18880.0,20390.4,57,81428.67520895996,0.07557902878004863,2,target
222800,2025-01-22,2025-01-24,12730.0,13748.400000000001,85,81874.34768980043,0.07557902878004907,2,target
000720,2025-01-23,2025-01-24,29000.0,31320.000000000004,34,74606.63261600013,0.07557902878004885,1,target
083650,2025-01-23,2025-01-24,20750.0,22410.0,48,75363.29217599996,0.07557902878004863,1,target
098460,2025-01-24,2025-01-31,15460.0,16696.800000000003,71,83055.49326296011,0.07557902878004863,1,target
222800,2025-01-31,2025-02-03,12800.0,12160.0,87,-60079.60809599981,-0.05388881727680894,1,stop
353200,2025-01-31,2025-02-03,19220.0,18259.0,58,-60142.19102109992,-0.05388881727680905,1,stop
047040,2025-01-31,2025-02-03,3370.0,3201.5,333,-60544.12446247507,-0.053888817276809164,1,stop
218410,2025-01-24,2025-02-04,15950.0,17226.0,68,82067.29587760009,0.07557902878004863,3,target
062040,2025-02-03,2025-02-04,71100.0,76788.0,15,80697.74207400018,0.07557902878004885,1,target
035720,2025-02-03,2025-02-04,38350.0,41418.0,28,81250.10355280014,0.07557902878004885,1,target
226950,2025-02-03,2025-02-05,16280.0,17582.4,67,82533.39816656034,0.07557902878004885,2,target
086280,2025-01-31,2025-02-06,145500.0,138225.0,7,-54948.887253750116,-0.053888817276809164,4,stop
010170,2025-02-05,2025-02-06,1092.0,1037.3999999999999,1078,-63509.583997860085,-0.053888817276809164,1,stop
377300,2025-02-05,2025-02-06,29250.0,31590.000000000004,40,88529.1685200003,0.07557902878004885,1,target
000250,2025-02-06,2025-02-10,202000.0,191900.0,5,-54490.30547500006,-0.053888817276809164,2,stop
454910,2025-02-05,2025-02-11,70900.0,69100.0,16,-33364.09424000024,-0.029377437069668444,4,time
000990,2025-02-10,2025-02-11,39750.0,42930.0,26,78200.76552600006,0.07557902878004863,1,target
323410,2025-02-06,2025-02-12,23000.0,23650.0,49,27137.433207500027,0.024051692055078622,4,time
035720,2025-02-06,2025-02-12,44000.0,41800.0,25,-59345.8772499999,-0.05388881727680905,4,stop
131970,2025-02-11,2025-02-12,37400.0,35530.0,29,-58515.03496849991,-0.05388881727680894,1,stop
237690,2025-02-11,2025-02-12,93500.0,88825.0,11,-55488.395228749956,-0.05388881727680905,1,stop
326030,2025-02-07,2025-02-13,125000.0,125400.0,10,-1134.5422000000253,-0.0009065910443104563,4,time
000880,2025-02-12,2025-02-13,33000.0,35640.0,32,79903.24953599973,0.07557902878004841,1,target
226950,2025-02-13,2025-02-14,43200.0,41040.0,29,-67589.55910799978,-0.05388881727680894,1,stop
012450,2025-02-12,2025-02-17,495307.0,534931.56,2,74955.75533698383,0.07557902878004841,3,target
272210,2025-02-13,2025-02-17,33100.0,35748.0,37,92668.09631319996,0.07557902878004863,2,target
267270,2025-02-14,2025-02-17,85300.0,81035.0,14,-64428.04237450007,-0.053888817276809164,1,stop
263750,2025-02-12,2025-02-18,32950.0,32800.0,32,-9106.991439999896,-0.008627208902782013,4,time
240810,2025-02-12,2025-02-18,26050.0,26050.0,41,-4377.082509999862,-0.004093491870325261,4,time
034020,2025-02-17,2025-02-18,26900.0,29052.000000000004,43,87522.81130519998,0.07557902878004863,1,target
145020,2025-02-17,2025-02-18,292500.0,277875.0,4,-63122.43307499983,-0.05388881727680894,1,stop
036930,2025-02-17,2025-02-19,34550.0,37314.0,34,88884.7985131999,0.07557902878004863,2,target
222800,2025-02-18,2025-02-19,18700.0,20196.0,60,84897.2026320002,0.07557902878004885,1,target
226950,2025-02-18,2025-02-19,47000.0,44650.0,23,-58320.81209749996,-0.05388881727680905,1,stop
032820,2025-02-19,2025-02-20,2325.0,2208.75,504,-63219.54451049981,-0.05388881727680894,1,stop
298380,2025-02-19,2025-02-20,44550.0,42322.5,26,-62491.208744250005,-0.05388881727680905,1,stop
454910,2025-02-19,2025-02-20,76000.0,72200.0,15,-61503.90914999996,-0.05388881727680905,1,stop
047810,2025-02-19,2025-02-20,58500.0,63180.00000000001,20,88529.1685200003,0.07557902878004885,1,target
440110,2025-02-20,2025-02-21,17720.0,16834.0,64,-61184.52042879979,-0.05388881727680894,1,stop
047050,2025-02-20,2025-02-21,43900.0,47412.0,26,86365.12217840017,0.07557902878004885,1,target
010140,2025-02-20,2025-02-21,14680.0,13946.0,78,-61775.82116939989,-0.05388881727680894,1,stop
319660,2025-02-20,2025-02-21,21850.0,20757.5,52,-61298.896119500045,-0.053888817276809164,1,stop
214150,2025-02-18,2025-02-24,57400.0,58000.0,19,6896.895310000051,0.0063166806885215365,4,time
047050,2025-02-24,2025-02-25,45800.0,49464.0,24,83172.0188352,0.07557902878004863,1,target
011200,2025-02-25,2025-02-26,19670.0,21243.600000000002,58,86324.26256215991,0.07557902878004863,1,target
257720,2025-02-25,2025-02-26,36100.0,34295.0,31,-60376.33748225006,-0.053888817276809164,1,stop
005290,2025-02-26,2025-02-27,29800.0,28310.0,38,-61093.883089000126,-0.053888817276809164,1,stop
100790,2025-02-24,2025-02-28,5110.0,4854.5,218,-60100.10939905024,-0.053888817276809275,4,stop
015760,2025-02-26,2025-02-28,23000.0,21850.0,49,-60802.54878249997,-0.05388881727680905,2,stop
214150,2025-02-28,2025-03-04,67300.0,63935.0,16,-58094.21874799987,-0.05388881727680894,1,stop
009830,2025-02-28,2025-03-04,22150.0,21042.5,50,-59750.50823124987,-0.05388881727680894,1,stop
278470,2025-02-28,2025-03-05,59100.0,63828.00000000001,18,80493.44399280008,0.07557902878004863,2,target
068270,2025-02-27,2025-03-06,180697.0,181180.0,6,-1553.7381213000044,-0.0014314507549408884,4,time
028300,2025-02-28,2025-03-06,91500.0,86925.0,12,-59237.97565499996,-0.05388881727680905,3,stop
047050,2025-03-06,2025-03-07,60300.0,57285.0,17,-55304.96251724998,-0.05388881727680905,1,stop
011070,2025-03-07,2025-03-11,177500.0,168625.0,6,-57457.59933749994,-0.05388881727680905,2,stop
005490,2025-03-10,2025-03-11,314000.0,298300.0,3,-50821.65124499984,-0.05388881727680894,1,stop
010130,2025-03-11,2025-03-12,817000.0,882360.0,1,61819.08605199994,0.07557902878004863,1,target
010950,2025-03-11,2025-03-17,60900.0,58500.0,17,-44922.586020000046,-0.0433410389887362,4,time
096770,2025-03-11,2025-03-17,133400.0,126730.0,7,-50379.25470550009,-0.053888817276809164,4,stop
950160,2025-03-14,2025-03-18,50900.0,54972.0,21,80879.34036839986,0.07557902878004841,2,target
006260,2025-03-14,2025-03-19,127400.0,121030.0,8,-54986.6528119999,-0.05388881727680894,3,stop
196170,2025-03-18,2025-03-19,453500.0,430825.0,2,-48933.37333249999,-0.05388881727680905,1,stop
082740,2025-03-19,2025-03-20,26900.0,25555.0,38,-55148.50520449993,-0.05388881727680905,1,stop
001440,2025-03-17,2025-03-21,13150.0,12492.5,79,-56046.78598287492,-0.05388881727680905,4,stop
000100,2025-03-21,2025-03-24,129200.0,122740.0,7,-48793.10125900002,-0.05388881727680905,1,stop
257720,2025-03-21,2025-03-25,29050.0,27597.5,35,-54854.47335812496,-0.05388881727680905,2,stop
067310,2025-03-24,2025-03-25,13660.0,12977.0,74,-54535.62414490001,-0.05388881727680905,1,stop
036930,2025-03-21,2025-03-27,39750.0,40450.0,25,13375.82287500007,0.013444484373467791,4,time
087010,2025-04-02,2025-04-04,106500.0,115020.00000000001,9,72525.81882599997,0.07557902878004863,2,target
298380,2025-04-10,2025-04-14,55500.0,59940.00000000001,18,75590.29004400014,0.07557902878004885,2,target
087010,2025-04-14,2025-04-15,170500.0,161975.0,5,-45993.05486875004,-0.053888817276809164,1,stop
454910,2025-04-16,2025-04-17,53500.0,50825.0,18,-51954.61799249996,-0.05388881727680905,1,stop
009830,2025-04-18,2025-04-21,22100.0,23868.0,45,75249.79324200028,0.07557902878004885,1,target
100790,2025-04-22,2025-04-23,5820.0,5529.0,175,-54948.887253750116,-0.053888817276809164,1,stop
043260,2025-04-18,2025-04-24,1076.0,1162.0800000000002,929,75635.99228142388,0.07557902878004841,4,target
347850,2025-04-21,2025-04-25,14789.0,15972.12,68,76093.61998331198,0.07557902878004863,4,target
000500,2025-04-24,2025-04-25,58000.0,55100.0,17,-53195.48633500002,-0.05388881727680905,1,stop
058610,2025-04-23,2025-04-28,26350.0,25032.5,38,-54020.93353675015,-0.053888817276809275,3,stop
010170,2025-04-24,2025-04-28,591.0,561.4499999999999,1741,-55511.648022472626,-0.053888817276809164,2,stop
009830,2025-04-25,2025-04-28,28500.0,30780.000000000004,36,77633.27085600025,0.07557902878004885,1,target
336260,2025-04-24,2025-04-30,15520.0,15260.0,66,-21307.279685999965,-0.02077749265084816,4,time
083650,2025-04-29,2025-04-30,25250.0,27270.0,40,76422.61555999995,0.07557902878004863,1,target
043260,2025-04-29,2025-04-30,1204.0,1300.3200000000002,839,76434.41944913636,0.07557902878004907,1,target
319400,2025-04-25,2025-05-02,4305.0,4385.0,239,14847.015795000014,0.014413481567624453,4,time
098460,2025-04-30,2025-05-02,14790.0,14050.5,72,-57451.12524179986,-0.05388881727680894,1,stop
064400,2025-04-29,2025-05-07,54800.0,52060.0,18,-53217.066653999966,-0.05388881727680905,3,stop
307950,2025-04-30,2025-05-09,123300.0,130300.0,8,51792.44472000003,0.0524462125652605,4,time
062040,2025-04-30,2025-05-09,56900.0,57900.0,18,13749.55865999998,0.013409258711918559,4,time
007660,2025-05-07,2025-05-09,37300.0,40284.0,27,76203.18428759999,0.07557902878004863,2,target
006800,2025-05-02,2025-05-12,11778.0,12720.240000000002,92,81989.81393865612,0.07557902878004885,4,target
098460,2025-05-09,2025-05-12,18200.0,17290.0,57,-55968.55732650007,-0.053888817276809164,1,stop
278470,2025-05-09,2025-05-13,97500.0,105300.0,10,73774.3071000001,0.07557902878004863,2,target
082740,2025-05-12,2025-05-13,31250.0,29687.5,40,-67438.49687499995,-0.05388881727680905,1,stop
443060,2025-05-12,2025-05-13,171000.0,162450.0,7,-64579.1046074999,-0.05388881727680905,1,stop
003490,2025-05-08,2025-05-14,22650.0,22800.0,45,2553.0103125000605,0.0025019154682819345,4,time
079550,2025-05-09,2025-05-15,376000.0,388000.0,2,20847.400400000042,0.027690758389132375,4,time
214370,2025-05-13,2025-05-15,31500.0,34020.0,36,85805.19410400023,0.07557902878004885,2,target
347850,2025-05-14,2025-05-15,21521.0,23242.68,51,83048.75899287593,0.07557902878004863,1,target
011200,2025-05-14,2025-05-15,20300.0,21924.0,54,82945.02096719993,0.07557902878004863,1,target
108490,2025-05-15,2025-05-16,52099.0,56266.920000000006,21,82784.53347452404,0.07557902878004863,1,target
180640,2025-05-15,2025-05-16,159300.0,151335.0,6,-51566.17225049995,-0.05388881727680905,1,stop
277810,2025-05-15,2025-05-16,313500.0,297825.0,3,-50740.72504875006,-0.053888817276809164,1,stop
021240,2025-05-14,2025-05-19,100000.0,95000.0,11,-59345.87724999979,-0.05388881727680894,3,stop
108490,2025-05-19,2025-05-20,55313.0,59738.04,19,79520.90946033224,0.07557902878004885,1,target
071050,2025-05-16,2025-05-22,93000.0,96500.0,11,34194.041474999976,0.0333868605861678,4,time
032820,2025-05-19,2025-05-23,2105.0,2273.4,523,83301.7859497401,0.07557902878004863,4,target
083650,2025-05-19,2025-05-23,37550.0,38150.0,29,12885.96903999988,0.011819794544529527,4,time
028260,2025-05-22,2025-05-23,148700.0,141265.0,7,-56157.38511775003,-0.053888817276809164,1,stop
032820,2025-05-26,2025-05-27,2520.0,2394.0,495,-67298.22480149986,-0.05388881727680894,1,stop
000720,2025-05-26,2025-05-27,56200.0,60696.00000000001,22,93553.38799840002,0.07557902878004863,1,target
298040,2025-05-23,2025-05-29,588000.0,635040.0,1,44491.58212799998,0.07557902878004863,4,target
090430,2025-05-26,2025-05-29,137900.0,131005.0,9,-66958.33477724995,-0.05388881727680905,3,stop
377300,2025-05-28,2025-05-29,35400.0,38232.0,35,93750.11948399991,0.07557902878004863,1,target
298380,2025-05-28,2025-05-29,81200.0,77140.0,15,-65712.07135500014,-0.053888817276809164,1,stop
267250,2025-05-29,2025-05-30,101900.0,110052.0,10,77103.60916400014,0.07557902878004885,1,target
000880,2025-05-29,2025-05-30,70100.0,75708.0,15,79562.75273399986,0.07557902878004841,1,target
010170,2025-05-30,2025-06-02,644.0,695.5200000000001,1918,93461.9835235523,0.07557902878004885,1,target
006800,2025-05-30,2025-06-02,16468.0,15644.599999999999,75,-66634.62999224989,-0.05388881727680894,1,stop
010950,2025-05-28,2025-06-04,56700.0,55800.0,22,-24853.72329000011,-0.01990153168190756,4,time
034730,2025-05-29,2025-06-04,161000.0,173880.0,6,73093.31349600002,0.07557902878004863,3,target
218410,2025-06-02,2025-06-04,19250.0,20790.0,64,93220.45779199991,0.07557902878004863,1,target
078930,2025-05-29,2025-06-05,43350.0,45550.0,25,50396.433000000194,0.04644847624698234,4,time
100790,2025-06-05,2025-06-09,6100.0,6588.0,193,89081.52999880025,0.07557902878004885,1,target
006800,2025-06-05,2025-06-09,17613.0,19022.04,67,89291.20036287629,0.07557902878004885,1,target
131970,2025-06-02,2025-06-10,26450.0,27100.0,47,25365.259742500028,0.020380581108286666,4,time
000990,2025-06-04,2025-06-11,42700.0,46116.0,28,90466.2169935999,0.07557902878004863,4,target
222800,2025-06-09,2025-06-11,21500.0,23220.0,59,95982.26518600015,0.07557902878004885,2,target
323410,2025-06-10,2025-06-11,30650.0,29117.5,44,-72758.04550849996,-0.05388881727680905,1,stop
043260,2025-06-05,2025-06-12,1210.0,1199.0,977,-15560.086400650209,-0.013147187398777072,4,time
009150,2025-06-09,2025-06-13,132600.0,127400.0,9,-51552.82313999976,-0.04314864905188098,4,time
336260,2025-06-11,2025-06-13,19410.0,18439.5,67,-70161.39362482517,-0.053888817276809164,2,stop
267270,2025-06-11,2025-06-13,72900.0,69255.0,17,-66861.22334174998,-0.05388881727680905,2,stop
272210,2025-06-11,2025-06-16,53000.0,57240.00000000001,24,96247.09603200038,0.07557902878004885,3,target
064400,2025-06-13,2025-06-16,59700.0,64476.00000000001,19,85827.89389079995,0.07557902878004863,1,target
032820,2025-06-13,2025-06-16,2670.0,2883.6000000000004,442,89296.4213138402,0.07557902878004885,1,target
042660,2025-06-13,2025-06-17,84000.0,90720.0,14,88983.16425599996,0.07557902878004863,2,target
010950,2025-06-16,2025-06-17,65600.0,62320.0,19,-67244.274004,-0.05388881727680905,1,stop
011200,2025-06-16,2025-06-17,25000.0,23750.0,52,-70136.03674999974,-0.05388881727680883,1,stop
403870,2025-06-12,2025-06-18,27900.0,28500.0,46,22259.003939999966,0.017323852390527916,4,time
018260,2025-06-17,2025-06-18,167900.0,159505.0,7,-63408.37230175012,-0.053888817276809164,1,stop
079550,2025-06-16,2025-06-19,548000.0,591840.0,2,82929.88777600019,0.07557902878004885,3,target
347850,2025-06-17,2025-06-19,32657.0,35269.560000000005,40,98840.9250036804,0.07557902878004885,2,target
064400,2025-06-18,2025-06-19,74700.0,80676.0,17,96088.19752439996,0.07557902878004863,1,target
062040,2025-06-19,2025-06-20,78500.0,84780.0,16,95036.4407360002,0.07557902878004885,1,target
035420,2025-06-19,2025-06-23,254500.0,274860.0,5,96284.92901000031,0.07557902878004885,2,target
267270,2025-06-18,2025-06-24,74800.0,80784.0,17,96216.82964959997,0.07557902878004863,4,target
263750,2025-06-18,2025-06-24,41550.0,42950.0,31,37993.36812000023,0.029462924769423138,4,time
307950,2025-06-19,2025-06-24,162000.0,174960.0,8,98063.0789760002,0.07557902878004885,3,target
319400,2025-06-20,2025-06-24,4750.0,5130.0,321,115371.66641100007,0.07557902878004863,2,target
336260,2025-06-23,2025-06-24,22350.0,24138.0,61,103159.18111260026,0.07557902878004885,1,target
454910,2025-06-24,2025-06-25,63200.0,68256.0,22,105205.94522240013,0.07557902878004863,1,target
018260,2025-06-24,2025-06-25,197800.0,187910.0,7,-74700.27421850013,-0.053888817276809164,1,stop
108490,2025-06-24,2025-06-25,82190.0,78080.5,17,-75381.67279092479,-0.05388881727680894,1,stop
058610,2025-06-24,2025-06-25,29600.0,28120.0,48,-76653.2930879998,-0.05388881727680894,1,stop
080220,2025-06-25,2025-06-26,16720.0,18057.600000000002,84,106271.32188288006,0.07557902878004863,1,target
323410,2025-06-25,2025-06-26,35950.0,34152.5,39,-75641.71563487477,-0.05388881727680894,1,stop
015760,2025-06-25,2025-06-26,38400.0,36480.0,36,-74581.58246400021,-0.053888817276809275,1,stop
010120,2025-06-25,2025-06-26,61400.0,58330.0,23,-76189.31622950034,-0.053888817276809275,1,stop
003490,2025-06-25,2025-06-27,24400.0,23180.0,58,-76351.16862200014,-0.053888817276809164,2,stop
095340,2025-06-26,2025-06-27,63000.0,59850.0,22,-74775.80533499992,-0.05388881727680905,1,stop
010170,2025-06-27,2025-07-01,877.0,947.1600000000001,1552,102989.23537542415,0.07557902878004863,2,target
454910,2025-06-30,2025-07-01,70400.0,66880.0,19,-72164.58673600014,-0.053888817276809164,1,stop
096770,2025-07-01,2025-07-02,121700.0,115615.0,11,-72223.93261325033,-0.053888817276809275,1,stop
000880,2025-07-02,2025-07-03,105700.0,100415.0,12,-68431.19154899986,-0.05388881727680894,1,stop
267270,2025-07-03,2025-07-04,84400.0,80180.0,15,-68301.70963499974,-0.05388881727680883,1,stop
084370,2025-07-04,2025-07-07,44650.0,42417.5,29,-69858.19014287507,-0.053888817276809164,1,stop
005490,2025-07-04,2025-07-10,310000.0,314500.0,4,12865.167099999962,0.010363215505750478,4,time
051910,2025-07-04,2025-07-10,251000.0,271080.0,5,94960.77477999986,0.07557902878004863,4,target
010170,2025-07-09,2025-07-14,1015.0,964.25,1335,-73104.6793824376,-0.053888817276809164,3,stop
066970,2025-07-14,2025-07-15,57200.0,54340.0,23,-70977.66919099982,-0.05388881727680894,1,stop
214370,2025-07-15,2025-07-16,50300.0,47785.0,26,-70556.85297050001,-0.05388881727680905,1,stop
011070,2025-07-11,2025-07-17,157900.0,154300.0,8,-33891.94240000006,-0.026799403391964627,4,time
141080,2025-07-11,2025-07-17,137500.0,138800.0,9,6593.985315000173,0.005322351479264409,4,time
222800,2025-07-16,2025-07-17,25750.0,24462.5,50,-69461.65178125002,-0.05388881727680905,1,stop
087010,2025-07-16,2025-07-17,227000.0,245160.00000000003,5,85880.86006000033,0.07557902878004885,1,target
319660,2025-07-14,2025-07-18,19810.0,20200.0,68,20921.214457999915,0.015512946199870203,4,time
000100,2025-07-18,2025-07-21,136300.0,129485.0,9,-66181.44329324993,-0.05388881727680905,1,stop
131970,2025-07-18,2025-07-22,29700.0,28215.0,45,-72105.24085874995,-0.05388881727680905,2,stop
357780,2025-07-17,2025-07-23,209000.0,208500.0,6,-8130.298649999779,-0.006476043325180814,4,time
353200,2025-07-17,2025-07-23,19570.0,20400.0,65,48577.837392500136,0.038144750426436724,4,time
084370,2025-07-17,2025-07-23,45100.0,42845.0,28,-68129.06708299997,-0.05388881727680905,4,stop
214370,2025-07-23,2025-07-24,61300.0,58235.0,20,-66143.67773499992,-0.05388881727680905,1,stop
003670,2025-07-21,2025-07-25,153000.0,148600.0,8,-40112.42544000014,-0.032733940470133116,4,time
082740,2025-07-23,2025-07-25,30300.0,32724.000000000004,41,93999.81713880016,0.07557902878004885,2,target
000250,2025-07-24,2025-07-25,218000.0,235440.00000000003,5,82475.8920400003,0.07557902878004885,1,target
009830,2025-07-22,2025-07-28,38050.0,38100.0,34,-3606.853024999844,-0.0027848105193006845,4,time
083650,2025-07-25,2025-07-28,39750.0,42930.0,32,96247.09603200015,0.07557902878004885,1,target
298380,2025-07-25,2025-07-28,87000.0,82650.0,14,-65712.0713549999,-0.05388881727680905,1,stop
047050,2025-07-24,2025-07-29,54900.0,52155.0,22,-65161.77322049998,-0.05388881727680905,3,stop
131970,2025-07-29,2025-07-30,36150.0,34342.5,34,-66310.92520725005,-0.053888817276809164,1,stop
267270,2025-07-25,2025-07-31,93000.0,92600.0,13,-10139.393939999864,-0.00837696072249583,4,time
034220,2025-07-28,2025-07-31,9920.0,10713.6,133,99830.63570816023,0.07557902878004885,3,target
082740,2025-07-28,2025-07-31,35800.0,34010.0,37,-71463.22636850015,-0.053888817276809164,3,stop
357780,2025-07-29,2025-07-31,249000.0,236550.0,4,-53734.99430999998,-0.05388881727680905,2,stop
067310,2025-07-31,2025-08-01,12760.0,12122.0,95,-65399.15672950004,-0.05388881727680905,1,stop
403870,2025-07-31,2025-08-01,27300.0,25935.0,44,-64805.69795700023,-0.053888817276809275,1,stop
064760,2025-07-30,2025-08-04,105800.0,100510.0,13,-74203.92688149982,-0.05388881727680894,3,stop
353200,2025-07-31,2025-08-04,23450.0,22277.5,51,-64522.45627012523,-0.053888817276809275,2,stop
009150,2025-07-31,2025-08-04,150300.0,142785.0,8,-64870.43891400006,-0.053888817276809164,2,stop
272210,2025-08-01,2025-08-04,61400.0,58330.0,18,-59626.421397000086,-0.053888817276809164,1,stop
042660,2025-08-01,2025-08-04,116200.0,110390.0,10,-62690.82669499982,-0.05388881727680894,1,stop
326030,2025-08-06,2025-08-07,108600.0,103170.0,10,-58590.56608499971,-0.05388881727680883,1,stop
010170,2025-08-06,2025-08-08,1096.0,1041.2,1053,-62263.967985179974,-0.05388881727680905,2,stop
278470,2025-08-07,2025-08-11,216500.0,233820.00000000003,5,81908.39737000037,0.07557902878004907,2,target
145020,2025-08-08,2025-08-11,365500.0,347225.0,3,-59157.049458749825,-0.05388881727680894,1,stop
247540,2025-08-06,2025-08-12,124700.0,134676.0,9,84919.90241879993,0.07557902878004863,4,target
015760,2025-08-07,2025-08-12,40650.0,38617.5,28,-61406.79771450022,-0.053888817276809275,3,stop
240810,2025-08-11,2025-08-12,35650.0,38502.0,32,86319.72260480002,0.07557902878004863,1,target
222800,2025-08-11,2025-08-13,27750.0,26362.5,41,-61382.51985562476,-0.05388881727680883,2,stop
035720,2025-08-08,2025-08-14,62500.0,64400.0,18,29488.701690000016,0.026182065976816826,4,time
034220,2025-08-14,2025-08-18,12980.0,12331.0,88,-61624.75893640006,-0.053888817276809164,1,stop
095340,2025-08-14,2025-08-18,64000.0,60800.0,17,-58698.467679999885,-0.05388881727680894,1,stop
440110,2025-08-14,2025-08-20,12300.0,11685.0,93,-61714.31726024975,-0.05388881727680883,3,stop
058470,2025-08-14,2025-08-20,47750.0,45362.5,24,-61827.61393500003,-0.053888817276809164,3,stop
336260,2025-08-18,2025-08-20,26500.0,25175.0,42,-60047.23761749989,-0.05388881727680894,2,stop
138040,2025-08-18,2025-08-21,120000.0,129600.00000000001,9,81719.23248000024,0.07557902878004885,3,target
047040,2025-08-22,2025-08-26,4170.0,3961.5,265,-59618.328777374816,-0.05388881727680894,2,stop
010170,2025-08-25,2025-08-26,1076.0,1162.0800000000002,1028,83696.23257836793,0.07557902878004863,1,target
108490,2025-08-26,2025-08-28,95824.0,91032.8,11,-56867.59341603983,-0.05388881727680894,2,stop
319400,2025-08-26,2025-08-28,5000.0,4750.0,222,-59885.38522499986,-0.05388881727680894,2,stop
032820,2025-08-25,2025-08-29,3865.0,3875.0,286,-1678.5407209999394,-0.0015167609307918939,4,time
277810,2025-08-26,2025-09-01,284000.0,269800.0,3,-45966.07946999988,-0.05388881727680894,4,stop
454910,2025-08-26,2025-09-01,62800.0,61400.0,17,-28105.07473000011,-0.02629522931270678,4,time
080220,2025-09-01,2025-09-02,15620.0,16869.600000000002,70,82733.15629039984,0.07557902878004841,1,target
440110,2025-08-28,2025-09-03,13820.0,14925.6,87,90976.20553704002,0.07557902878004863,4,target
319660,2025-09-01,2025-09-03,24000.0,22800.0,45,-58266.86129999976,-0.05388881727680883,2,stop
067310,2025-08-29,2025-09-04,13880.0,13560.0,83,-31202.990119999973,-0.02705387246121116,4,time
009540,2025-08-29,2025-09-04,404000.0,422000.0,2,32582.524600000004,0.04027858027406617,4,time
319400,2025-09-03,2025-09-04,6360.0,6868.8,184,88547.32834944013,0.07557902878004885,1,target
226950,2025-09-03,2025-09-05,77600.0,83808.0,15,88075.17278399994,0.07557902878004863,2,target
032820,2025-09-05,2025-09-08,4200.0,3990.0,287,-65032.29130649986,-0.05388881727680894,1,stop
095340,2025-09-05,2025-09-08,62700.0,67716.0,19,90140.8533828,0.07557902878004863,1,target
347850,2025-09-03,2025-09-09,39564.0,41516.0,29,51739.02242639987,0.04504232614274506,4,time
010130,2025-09-04,2025-09-10,889000.0,893000.0,1,344.908000000054,0.0003875272888633763,4,time
319400,2025-09-08,2025-09-10,7300.0,7884.000000000001,169,93349.08991719992,0.07557902878004863,2,target
950160,2025-09-08,2025-09-10,44050.0,41847.5,28,-66542.91363650002,-0.05388881727680905,2,stop
031980,2025-09-05,2025-09-11,36650.0,39582.0,32,88741.03319679992,0.07557902878004863,4,target
067310,2025-09-10,2025-09-11,16000.0,17280.0,70,84745.87072000024,0.07557902878004885,1,target
010170,2025-09-11,2025-09-12,1531.0,1653.48,822,95224.24363879208,0.07557902878004863,1,target
080220,2025-09-09,2025-09-15,18130.0,18660.0,66,29973.053055000026,0.025020156740194643,4,time
222800,2025-09-10,2025-09-15,29250.0,31590.000000000004,38,84102.71009400021,0.07557902878004885,3,target
353200,2025-09-10,2025-09-15,25700.0,27756.000000000004,43,83618.44797560014,0.07557902878004885,3,target
000990,2025-09-11,2025-09-16,52500.0,56700.00000000001,23,91366.64187000017,0.07557902878004885,3,target
950160,2025-09-15,2025-09-16,49750.0,47262.5,24,-64417.25221499964,-0.05388881727680883,1,stop
064760,2025-09-15,2025-09-17,138000.0,149040.0,8,83535.21542400005,0.07557902878004863,2,target
214370,2025-09-16,2025-09-17,67200.0,63840.0,19,-68884.37824799982,-0.05388881727680894,1,stop
336260,2025-09-12,2025-09-18,32350.0,34938.0,43,105255.12809380004,0.07557902878004863,4,target
005290,2025-09-15,2025-09-19,37250.0,38950.0,32,49354.57168000005,0.04135727494364638,4,time
000880,2025-09-16,2025-09-22,93300.0,90500.0,13,-41263.39776000008,-0.03398136135331675,4,time
047810,2025-09-18,2025-09-22,112000.0,106400.0,12,-72509.87183999969,-0.05388881727680883,2,stop
440110,2025-09-19,2025-09-22,21550.0,23274.0,61,99466.6824597998,0.07557902878004841,1,target
034220,2025-09-17,2025-09-23,12990.0,13320.0,95,26200.194922500057,0.021206673463223025,4,time
064400,2025-09-22,2025-09-23,71800.0,68210.0,17,-65852.3434285,-0.05388881727680905,1,stop
108490,2025-09-22,2025-09-23,134582.0,145348.56,9,91649.48121352773,0.07557902878004841,1,target
066570,2025-09-19,2025-09-24,81800.0,77710.0,16,-70610.8037680001,-0.053888817276809164,3,stop
454910,2025-09-23,2025-09-24,71800.0,68210.0,18,-69726.01068900013,-0.053888817276809164,1,stop
000250,2025-09-23,2025-09-24,266500.0,253175.0,4,-57511.55013499968,-0.05388881727680883,1,stop
347850,2025-09-23,2025-09-24,54930.0,52183.5,23,-68160.89805352502,-0.05388881727680905,1,stop
950160,2025-09-24,2025-09-25,52300.0,49685.0,23,-64897.41431274987,-0.05388881727680894,1,stop
403870,2025-09-22,2025-09-26,33900.0,34000.0,37,-1451.280044999905,-0.001155714560208243,4,time
032820,2025-09-24,2025-09-26,4350.0,4132.5,283,-66416.12926237471,-0.05388881727680883,2,stop
035420,2025-09-26,2025-09-29,251500.0,271620.0,4,76119.95173600002,0.07557902878004863,1,target
068270,2025-09-24,2025-09-30,184200.0,174990.0,6,-59626.421397000086,-0.053888817276809164,4,stop
277810,2025-09-26,2025-09-30,322500.0,306375.0,3,-52197.396581249894,-0.05388881727680894,2,stop
222800,2025-09-25,2025-10-01,41000.0,44280.0,30,93069.12588000018,0.07557902878004885,4,target
082740,2025-10-02,2025-10-13,49450.0,46977.5,24,-64028.80647299974,-0.05388881727680883,2,stop
080220,2025-10-10,2025-10-13,24000.0,22800.0,51,-66035.77613999997,-0.05388881727680905,1,stop
240810,2025-10-10,2025-10-13,57800.0,54910.0,21,-65485.478005500045,-0.053888817276809164,1,stop
042700,2025-10-10,2025-10-13,106900.0,115452.00000000001,11,88975.5976604002,0.07557902878004885,1,target
043260,2025-10-13,2025-10-14,1158.0,1250.64,1048,91826.9935463043,0.07557902878004885,1,target
058610,2025-10-13,2025-10-14,30750.0,29212.5,39,-64700.49390187487,-0.05388881727680894,1,stop
353200,2025-10-13,2025-10-14,34750.0,33012.5,34,-63742.86724624969,-0.05388881727680883,1,stop
001440,2025-10-14,2025-10-15,18650.0,17717.5,65,-65401.85426937486,-0.05388881727680894,1,stop
010130,2025-10-14,2025-10-15,1205000.0,1301400.0,1,91177.47698000027,0.07557902878004885,1,target
083650,2025-10-14,2025-10-15,57800.0,54910.0,21,-65485.478005500045,-0.053888817276809164,1,stop
096770,2025-10-10,2025-10-16,104900.0,113292.00000000001,11,87310.94662840012,0.07557902878004863,4,target
319400,2025-10-15,2025-10-16,10780.0,11642.400000000001,111,90540.36963047995,0.07557902878004863,1,target
003670,2025-10-15,2025-10-16,172700.0,186516.0,6,78405.06360720005,0.07557902878004863,1,target
373220,2025-10-15,2025-10-16,384000.0,414720.0,3,87167.18131200015,0.07557902878004885,1,target
010950,2025-10-13,2025-10-17,64500.0,65300.0,18,9599.537880000193,0.008258836912678591,4,time
131970,2025-10-16,2025-10-17,52300.0,49685.0,24,-67719.04102200014,-0.053888817276809164,1,stop
010170,2025-10-16,2025-10-20,1715.0,1852.2,745,96676.50033230009,0.07557902878004863,2,target
178320,2025-10-16,2025-10-20,25000.0,27000.0,51,96474.09389999998,0.07557902878004863,2,target
086520,2025-10-17,2025-10-20,61600.0,66528.0,19,88559.43490239978,0.07557902878004841,1,target
247540,2025-10-17,2025-10-20,145500.0,157140.0,8,88075.17278399994,0.07557902878004863,1,target
062040,2025-10-17,2025-10-21,135000.0,128250.0,9,-65550.21896249987,-0.05388881727680894,2,stop
066970,2025-10-20,2025-10-21,108600.0,117288.00000000001,12,98607.87385920016,0.07557902878004885,1,target
051910,2025-10-20,2025-10-22,337500.0,364500.0,3,76611.78044999996,0.07557902878004863,2,target
237690,2025-10-21,2025-10-22,107500.0,102125.0,13,-75396.23950625001,-0.05388881727680905,1,stop
078600,2025-10-20,2025-10-24,74200.0,80136.0,18,101059.45083360025,0.07557902878004885,4,target
006400,2025-10-20,2025-10-24,258000.0,278640.0,5,97609.08324000007,0.07557902878004863,4,target
096770,2025-10-22,2025-10-24,124500.0,134460.0,10,94204.11522000027,0.07557902878004885,2,target
010120,2025-10-24,2025-10-27,73100.0,78948.0,19,105092.44628839986,0.07557902878004863,1,target
267270,2025-10-24,2025-10-27,113900.0,108205.0,12,-73739.95002300013,-0.053888817276809164,1,stop
028300,2025-10-22,2025-10-28,45100.0,47650.0,29,68371.9559225,0.05221607787980043,4,time
086520,2025-10-23,2025-10-28,87200.0,94176.0,16,105569.14181119972,0.07557902878004841,3,target
047050,2025-10-24,2025-10-28,59800.0,56810.0,23,-74203.92688149982,-0.05388881727680894,2,stop
009830,2025-10-27,2025-10-28,33150.0,31492.5,43,-76904.16429637512,-0.053888817276809164,1,stop
214150,2025-10-27,2025-10-29,51600.0,49020.0,27,-75164.25107699982,-0.05388881727680894,2,stop
010140,2025-10-28,2025-10-29,30850.0,29307.5,45,-74897.19462937489,-0.05388881727680905,1,stop
000880,2025-10-28,2025-10-29,104100.0,98895.0,13,-73011.61425674986,-0.05388881727680894,1,stop
352820,2025-10-28,2025-10-30,306000.0,330480.0,4,92615.13014400005,0.07557902878004863,2,target
336260,2025-10-29,2025-10-30,40450.0,43686.0,34,104063.38928680005,0.07557902878004863,1,target
006400,2025-10-29,2025-10-30,312500.0,337500.0,4,94582.44500000007,0.07557902878004863,1,target
180640,2025-10-29,2025-10-31,113400.0,107730.0,12,-73416.24523800006,-0.053888817276809164,2,stop
000500,2025-10-30,2025-10-31,71600.0,77328.0,19,102935.96654239995,0.07557902878004863,1,target
267270,2025-10-30,2025-10-31,111500.0,105925.0,12,-72186.16705500009,-0.053888817276809164,1,stop
100790,2025-10-28,2025-11-03,8500.0,8880.0,164,56423.3867240001,0.04042938731664836,4,time
218410,2025-10-30,2025-11-03,33650.0,36342.0,42,106938.69561480032,0.07557902878004885,2,target
272210,2025-10-31,2025-11-03,61700.0,58615.0,22,-73232.81252650009,-0.053888817276809164,1,stop
032820,2025-10-31,2025-11-03,5280.0,5016.0,264,-75203.09565120004,-0.05388881727680905,1,stop
307950,2025-11-03,2025-11-04,230000.0,218500.0,6,-74452.10054999986,-0.05388881727680894,1,stop
277810,2025-11-03,2025-11-04,437000.0,471960.00000000006,3,99198.06831600005,0.07557902878004863,1,target
454910,2025-11-03,2025-11-04,81200.0,87696.0,17,104449.28566239984,0.07557902878004841,1,target
001440,2025-11-03,2025-11-04,25200.0,27216.0,55,104873.01501600002,0.07557902878004863,1,target
000500,2025-11-03,2025-11-05,92000.0,87400.0,15,-74452.10054999986,-0.05388881727680894,2,stop
009830,2025-11-04,2025-11-05,34000.0,32300.0,43,-78876.06594499969,-0.05388881727680883,1,stop
039030,2025-11-05,2025-11-06,285000.0,270750.0,4,-61503.90914999996,-0.05388881727680905,1,stop
353200,2025-11-06,2025-11-07,43950.0,41752.5,31,-73505.26405387535,-0.053888817276809275,1,stop
010170,2025-11-06,2025-11-07,2951.0,2803.45,476,-75783.3904291098,-0.05388881727680894,1,stop
098460,2025-11-07,2025-11-10,19600.0,18620.0,70,-74020.49416999985,-0.05388881727680894,1,stop
000990,2025-11-11,2025-11-12,62100.0,67068.0,22,103374.82908719988,0.07557902878004863,1,target
257720,2025-11-11,2025-11-12,43550.0,41372.5,31,-72836.2741648748,-0.05388881727680894,1,stop
078930,2025-11-11,2025-11-13,56400.0,60912.00000000001,24,102421.43804160017,0.07557902878004885,2,target
015760,2025-11-12,2025-11-13,50000.0,47500.0,28,-75531.1165,-0.05388881727680905,1,stop
090430,2025-11-10,2025-11-14,128200.0,127400.0,10,-13230.307999999728,-0.010308197069262226,4,time
161390,2025-11-11,2025-11-14,56300.0,60804.00000000001,24,102239.83974720049,0.07557902878004907,3,target
068270,2025-11-13,2025-11-14,183600.0,198288.0,7,97245.88665119978,0.07557902878004841,1,target
298380,2025-11-14,2025-11-17,163500.0,176580.0,8,98971.07044800022,0.07557902878004885,1,target
141080,2025-11-13,2025-11-18,167900.0,181332.0,8,101634.51209920016,0.07557902878004885,3,target
000100,2025-11-17,2025-11-18,125400.0,119130.0,11,-74419.73007150018,-0.053888817276809164,1,stop
263750,2025-11-13,2025-11-19,38400.0,38600.0,36,1513.4223599999677,0.00109352119285,4,time
329180,2025-11-17,2025-11-21,586000.0,556700.0,2,-63230.33466999978,-0.05388881727680894,4,stop
095340,2025-11-19,2025-11-21,87100.0,82745.0,17,-79884.9458582499,-0.05388881727680905,2,stop
058610,2025-11-20,2025-11-21,37900.0,40932.0,39,111841.84956360003,0.07557902878004863,1,target
214370,2025-11-24,2025-11-25,77700.0,83916.0,18,105826.4060616002,0.07557902878004885,1,target
950160,2025-11-24,2025-11-25,65900.0,62605.0,21,-74662.50866025011,-0.053888817276809164,1,stop
058610,2025-11-24,2025-11-26,47550.0,45172.5,30,-76960.8126337498,-0.05388881727680894,2,stop
095340,2025-11-26,2025-11-27,109000.0,103550.0,13,-76448.28005750012,-0.053888817276809164,1,stop
017670,2025-11-25,2025-12-01,53900.0,53500.0,26,-16112.557759999996,-0.01148426373028577,4,time
278470,2025-11-25,2025-12-01,248000.0,252500.0,5,17351.90087500005,0.01397739234976969,4,time
058470,2025-11-26,2025-12-02,65700.0,65600.0,22,-8117.052570000058,-0.005609331304312737,4,time
100790,2025-12-01,2025-12-02,9990.0,9490.5,139,-74916.61691647512,-0.053888817276809164,1,stop
950160,2025-12-01,2025-12-02,85400.0,81130.0,16,-73718.36970400019,-0.053888817276809164,1,stop
319400,2025-12-01,2025-12-03,9550.0,10314.0,146,105501.04245079984,0.07557902878004841,2,target
005290,2025-12-02,2025-12-03,41000.0,38950.0,33,-72995.42901749955,-0.05388881727680872,1,stop
307950,2025-12-03,2025-12-04,227500.0,245700.00000000003,6,103284.02994000027,0.07557902878004885,1,target
237690,2025-12-01,2025-12-05,118400.0,118000.0,11,-9724.524260000093,-0.00745804088427704,4,time
454910,2025-12-05,2025-12-08,86800.0,82460.0,16,-74926.86756799999,-0.05388881727680905,1,stop
005380,2025-12-05,2025-12-08,282000.0,304560.0,4,85351.1983680001,0.07557902878004863,1,target
108490,2025-12-05,2025-12-09,292000.0,277400.0,4,-63014.53147999989,-0.05388881727680894,2,stop
083650,2025-12-08,2025-12-09,58000.0,55100.0,26,-81357.80262999982,-0.05388881727680894,1,stop
047040,2025-12-08,2025-12-09,3825.0,3633.75,403,-83163.80557631236,-0.05388881727680894,1,stop
043260,2025-12-09,2025-12-10,4500.0,4860.0,298,101468.04699600022,0.07557902878004885,1,target
064400,2025-12-05,2025-12-11,64700.0,65400.0,21,9088.439324999694,0.006681385342824031,4,time
012330,2025-12-05,2025-12-11,347500.0,360500.0,4,46150.2034,0.033163442246755936,4,time
247540,2025-12-10,2025-12-11,185300.0,176035.0,8,-79976.66221400001,-0.05388881727680905,1,stop
086520,2025-12-09,2025-12-12,114600.0,108870.0,11,-68010.37532849982,-0.05388881727680894,3,stop
319400,2025-12-09,2025-12-12,10640.0,11491.2,126,101440.80725184013,0.07557902878004863,3,target
272210,2025-12-15,2025-12-16,52800.0,50160.0,26,-74063.65480799996,-0.05388881727680905,1,stop
083650,2025-12-15,2025-12-16,61300.0,58235.0,22,-72758.04550849996,-0.05388881727680905,1,stop
180640,2025-12-15,2025-12-16,140000.0,133000.0,10,-75531.1165,-0.05388881727680905,1,stop
319400,2025-12-15,2025-12-16,11180.0,12074.400000000001,125,105743.17351000034,0.07557902878004885,1,target
267270,2025-12-12,2025-12-18,107200.0,101840.0,12,-69402.30590400007,-0.053888817276809164,4,stop
000500,2025-12-17,2025-12-18,91500.0,86925.0,14,-69110.97159749991,-0.05388881727680905,1,stop
003550,2025-12-17,2025-12-18,85400.0,81130.0,16,-73718.36970400019,-0.053888817276809164,1,stop
100790,2025-12-19,2025-12-22,16890.0,18241.2,77,98405.84575668,0.07557902878004863,1,target
319400,2025-12-19,2025-12-22,13820.0,14925.6,94,98296.13012047997,0.07557902878004863,1,target
006800,2025-12-19,2025-12-23,22303.0,24087.24,58,97879.51336674392,0.07557902878004863,2,target
218410,2025-12-23,2025-12-24,35900.0,34105.0,39,-75536.51157975034,-0.053888817276809275,1,stop
042660,2025-12-24,2025-12-26,130800.0,124260.0,10,-70567.64312999975,-0.05388881727680894,1,stop
272210,2025-12-24,2025-12-26,59700.0,56715.0,23,-74079.8400472498,-0.05388881727680894,1,stop
307950,2025-12-22,2025-12-29,298000.0,312000.0,4,50949.85480000009,0.042694062202880856,4,time
100790,2025-12-26,2025-12-29,14120.0,13414.0,96,-73131.38502719998,-0.05388881727680905,1,stop
080220,2025-12-29,2025-12-30,22550.0,24354.0,58,98963.50385240023,0.07557902878004885,1,target
042700,2025-12-29,2025-12-30,136200.0,129390.0,9,-66132.88757549995,-0.05388881727680905,1,stop
131970,2025-12-30,2026-01-02,49950.0,53946.0,26,98267.37705719983,0.07557902878004841,1,target
403870,2025-12-30,2026-01-05,32500.0,35100.0,40,98365.74280000012,0.07557902878004863,2,target
080220,2026-01-02,2026-01-05,26750.0,28890.000000000004,50,101203.21615000046,0.07557902878004907,1,target
028300,2026-01-02,2026-01-06,51600.0,55728.00000000001,26,101513.44656960014,0.07557902878004863,2,target
240810,2026-01-05,2026-01-06,83000.0,78850.0,16,-71646.6590799999,-0.05388881727680905,1,stop
010170,2026-01-05,2026-01-06,2831.0,2689.45,494,-75450.94561491488,-0.05388881727680894,1,stop
042700,2026-01-06,2026-01-07,169000.0,182520.0,8,102300.37251200015,0.07557902878004885,1,target
036930,2026-01-05,2026-01-08,31850.0,34398.0,43,103628.31003980013,0.07557902878004863,3,target
403870,2026-01-07,2026-01-08,36250.0,34437.5,41,-80184.37278437498,-0.05388881727680905,1,stop
377300,2026-01-07,2026-01-08,52000.0,49400.0,29,-81357.80263000005,-0.053888817276809164,1,stop
068270,2026-01-05,2026-01-09,202500.0,217000.0,6,81764.20665000007,0.06721833216858975,4,time
005380,2026-01-08,2026-01-09,361000.0,342950.0,4,-77904.95159000019,-0.053888817276809164,1,stop
086280,2026-01-08,2026-01-09,233500.0,221825.0,6,-75585.06729750009,-0.053888817276809164,1,stop
307950,2026-01-08,2026-01-09,416500.0,449820.00000000006,3,94544.61202200013,0.07557902878004863,1,target
034020,2026-01-06,2026-01-12,86000.0,88100.0,16,27861.822320000036,0.02022515542121317,4,time
272210,2026-01-12,2026-01-13,78300.0,84564.0,17,100718.95403159992,0.07557902878004863,1,target
000880,2026-01-12,2026-01-13,96100.0,103788.0,14,101800.97720239987,0.07557902878004863,1,target
010170,2026-01-12,2026-01-13,3405.0,3234.75,410,-75318.01084987517,-0.053888817276809164,1,stop
000720,2026-01-13,2026-01-14,88800.0,95904.0,16,107506.19028480025,0.07557902878004885,1,target
010140,2026-01-12,2026-01-16,28500.0,29750.0,49,55346.29563750024,0.03958661813536235,4,time
005490,2026-01-14,2026-01-16,352500.0,334875.0,4,-76070.62447499996,-0.05388881727680905,2,stop
241560,2026-01-13,2026-01-19,63000.0,61000.0,22,-49550.39100000006,-0.035709571493489634,4,time
082740,2026-01-13,2026-01-19,53900.0,55100.0,26,25364.80336000002,0.018078823709556158,4,time
042660,2026-01-13,2026-01-19,144500.0,148800.0,9,33256.2013650001,0.025542480343914153,4,time
000880,2026-01-16,2026-01-19,134300.0,127585.0,11,-79701.51314675016,-0.053888817276809164,1,stop
047050,2026-01-16,2026-01-19,57500.0,62100.00000000001,27,117471.39669000031,0.07557902878004885,1,target
032820,2026-01-19,2026-01-20,5610.0,6058.8,258,109517.39139528014,0.07557902878004863,1,target
047040,2026-01-19,2026-01-20,4750.0,4512.5,305,-78161.21787812491,-0.05388881727680905,1,stop
066570,2026-01-19,2026-01-20,97700.0,105516.0,14,103495.89461680013,0.07557902878004863,1,target
196170,2026-01-19,2026-01-20,508000.0,482600.0,2,-54814.01025999989,-0.05388881727680894,1,stop
454910,2026-01-20,2026-01-21,123100.0,116945.0,11,-73054.77489474998,-0.05388881727680905,1,stop
377300,2026-01-21,2026-01-22,52000.0,49400.0,28,-78552.36115999985,-0.05388881727680894,1,stop
003490,2026-01-19,2026-01-23,24600.0,24100.0,58,-34761.81830999977,-0.024335494068082775,4,time
015760,2026-01-21,2026-01-23,65300.0,62035.0,22,-77505.71568849985,-0.05388881727680894,2,stop
017670,2026-01-20,2026-01-26,59500.0,61800.0,24,49185.03803999978,0.03440373449435108,4,time
257720,2026-01-22,2026-01-26,46700.0,50436.0,30,106008.0043560001,0.07557902878004863,2,target
006400,2026-01-23,2026-01-26,402000.0,381900.0,3,-65064.66178500024,-0.053888817276809275,1,stop
000500,2026-01-21,2026-01-27,91100.0,86545.0,16,-78638.68243600009,-0.053888817276809164,4,stop
377300,2026-01-26,2026-01-27,77900.0,74005.0,18,-75649.80825450015,-0.053888817276809164,1,stop
237690,2026-01-26,2026-01-27,138300.0,149364.0,10,104646.01714799996,0.07557902878004863,1,target
263750,2026-01-27,2026-01-28,50100.0,54108.0,28,106144.2030768001,0.07557902878004863,1,target
247540,2026-01-27,2026-01-28,201500.0,217620.0,7,106726.83093800023,0.07557902878004885,1,target
086520,2026-01-27,2026-01-28,126800.0,136944.0,11,105538.87542880024,0.07557902878004885,1,target
078600,2026-01-23,2026-01-29,75000.0,81000.0,18,102149.04060000018,0.07557902878004885,4,target
067310,2026-01-28,2026-01-29,34100.0,36828.0,45,116109.40948199993,0.07557902878004863,1,target
218410,2026-01-28,2026-01-29,42950.0,46386.0,35,113744.84835699992,0.07557902878004863,1,target
323410,2026-01-26,2026-01-30,23750.0,22900.0,61,-57634.41085750004,-0.03973646163496636,4,time
010170,2026-01-29,2026-01-30,3410.0,3682.8,466,120237.74404135998,0.07557902878004863,1,target
373220,2026-01-29,2026-01-30,435000.0,413250.0,3,-70405.79073749995,-0.05388881727680905,1,stop
222800,2026-01-29,2026-01-30,62000.0,58900.0,25,-83623.73612499982,-0.05388881727680894,1,stop
100790,2026-01-30,2026-02-02,18500.0,17575.0,82,-81843.35980750015,-0.053888817276809164,1,stop
214150,2026-01-30,2026-02-02,76100.0,72295.0,20,-82113.1137949999,-0.05388881727680905,1,stop
247540,2026-01-30,2026-02-02,250000.0,237500.0,6,-80926.1962499998,-0.05388881727680894,1,stop
017670,2026-01-28,2026-02-03,70000.0,73600.0,22,72655.28643999994,0.047124557119200716,4,time
080220,2026-02-02,2026-02-03,42550.0,40422.5,34,-78050.61874325015,-0.053888817276809164,1,stop
058470,2026-02-02,2026-02-03,100700.0,95665.0,14,-76059.83431549976,-0.05388881727680894,1,stop
078930,2026-02-02,2026-02-03,68700.0,65265.0,21,-77834.81555325002,-0.05388881727680905,1,stop
353200,2026-02-02,2026-02-05,62400.0,59280.0,23,-77430.18457200006,-0.053888817276809164,3,stop
267270,2026-02-04,2026-02-05,130800.0,124260.0,11,-77624.40744299977,-0.05388881727680894,1,stop
100790,2026-02-04,2026-02-05,25850.0,24557.5,56,-78099.17446100013,-0.053888817276809164,1,stop
009830,2026-02-05,2026-02-06,38950.0,37002.5,36,-75649.80825450015,-0.053888817276809164,1,stop
440110,2026-02-06,2026-02-09,44650.0,48222.0,31,104733.0329973998,0.07557902878004841,1,target
323410,2026-02-05,2026-02-10,25500.0,27540.0,55,106121.50329000014,0.07557902878004863,3,target
009830,2026-02-09,2026-02-10,41900.0,45252.0,33,104623.3173612,0.07557902878004863,1,target
105560,2026-02-09,2026-02-11,150500.0,162540.0,9,102489.53740199981,0.07557902878004841,2,target
078600,2026-02-10,2026-02-11,95900.0,91105.0,15,-77608.2222037497,-0.05388881727680883,1,stop
047040,2026-02-11,2026-02-13,7480.0,7106.0,194,-78289.08126820019,-0.053888817276809164,2,stop
066570,2026-02-12,2026-02-13,127800.0,121410.0,11,-75844.0311255001,-0.053888817276809164,1,stop
090430,2026-02-10,2026-02-19,163100.0,161400.0,9,-21270.642614999786,-0.014473878527716089,4,time
010170,2026-02-23,2026-02-24,4140.0,4471.200000000001,343,107447.17083912063,0.07557902878004907,1,target
034220,2026-02-23,2026-02-25,13400.0,14472.000000000002,106,107475.92390240007,0.07557902878004863,2,target
000500,2026-02-24,2026-02-25,97200.0,104976.0,14,102966.23292480013,0.07557902878004863,1,target
307950,2026-02-26,2026-02-27,491500.0,530820.0,3,111569.45212200005,0.07557902878004863,1,target
080220,2026-02-27,2026-03-03,48050.0,45647.5,31,-80362.41041612485,-0.05388881727680894,1,stop
047040,2026-02-27,2026-03-03,10050.0,9547.5,150,-81330.82723124977,-0.05388881727680894,1,stop
011070,2026-02-27,2026-03-03,333000.0,316350.0,4,-71862.46226999979,-0.05388881727680894,1,stop
035720,2026-02-27,2026-03-03,61300.0,58235.0,24,-79372.41328200023,-0.053888817276809275,1,stop
241560,2026-03-03,2026-03-04,65200.0,61940.0,22,-77387.02393400017,-0.053888817276809164,1,stop
178320,2026-03-03,2026-03-04,46300.0,43985.0,31,-77435.57965174993,-0.05388881727680905,1,stop
010950,2026-03-04,2026-03-05,168000.0,159600.0,8,-72509.87183999992,-0.05388881727680905,1,stop
079550,2026-03-04,2026-03-05,825000.0,783750.0,1,-44509.40793749993,-0.05388881727680894,1,stop
263750,2026-03-04,2026-03-05,60500.0,57475.0,23,-75072.53472124995,-0.05388881727680905,1,stop
078600,2026-03-09,2026-03-10,112900.0,121932.00000000001,12,102512.2371888,0.07557902878004863,1,target
263750,2026-03-10,2026-03-11,66200.0,62890.0,21,-75002.39868450002,-0.05388881727680905,1,stop
218410,2026-03-12,2026-03-13,87600.0,83220.0,15,-70891.34791499982,-0.05388881727680894,1,stop
336260,2026-03-13,2026-03-16,47800.0,45410.0,28,-72207.74737400003,-0.05388881727680905,1,stop
010170,2026-03-13,2026-03-16,7210.0,7786.8,189,103109.24158163997,0.07557902878004863,1,target
047040,2026-03-16,2026-03-17,12700.0,12065.0,108,-73998.9138509999,-0.05388881727680905,1,stop
131970,2026-03-18,2026-03-19,85700.0,92556.0,15,97268.5864380002,0.07557902878004885,1,target
047040,2026-03-19,2026-03-20,14560.0,15724.800000000001,94,103559.45401984011,0.07557902878004863,1,target
066970,2026-03-26,2026-03-27,144200.0,155736.0,9,98199.27769679995,0.07557902878004863,1,target
100790,2026-03-26,2026-03-27,28800.0,31104.000000000004,48,104600.61757440004,0.07557902878004863,1,target
950160,2026-03-27,2026-03-30,122100.0,115995.0,11,-72461.3161222497,-0.05388881727680883,1,stop
100790,2026-03-30,2026-03-31,31500.0,29925.0,45,-76475.25545624993,-0.05388881727680905,1,stop
263750,2026-03-30,2026-03-31,63800.0,68904.0,22,106204.73584160022,0.07557902878004885,1,target
066970,2026-04-03,2026-04-07,166100.0,179388.0,8,100544.9223328,0.07557902878004863,2,target
028050,2026-04-07,2026-04-13,51300.0,48735.0,28,-77494.92552900012,-0.053888817276809164,4,stop
000720,2026-04-09,2026-04-13,182500.0,173375.0,7,-68922.14380625007,-0.053888817276809164,2,stop
005290,2026-04-13,2026-04-15,50500.0,54540.0,28,106991.661784,0.07557902878004863,2,target
010120,2026-04-14,2026-04-15,200000.0,190000.0,7,-75531.1165,-0.05388881727680905,1,stop
001440,2026-04-16,2026-04-17,41800.0,39710.0,34,-76674.87340699998,-0.05388881727680905,1,stop
000500,2026-04-16,2026-04-17,143500.0,136325.0,10,-77419.39441249985,-0.05388881727680894,1,stop
257720,2026-04-14,2026-04-20,47250.0,47150.0,30,-8800.354349999921,-0.006201230511869604,4,time
006800,2026-04-15,2026-04-20,73400.0,69730.0,19,-75239.78219349985,-0.05388881727680894,3,stop
336260,2026-04-15,2026-04-21,44350.0,42132.5,32,-76566.97181200003,-0.05388881727680905,4,stop
082740,2026-04-20,2026-04-21,55600.0,60048.00000000001,24,100968.65168640018,0.07557902878004885,1,target
131290,2026-04-20,2026-04-21,167000.0,158650.0,8,-72078.26545999991,-0.05388881727680905,1,stop
036930,2026-04-21,2026-04-22,95900.0,103572.0,14,101589.11252560001,0.07557902878004863,1,target
007660,2026-04-21,2026-04-22,134800.0,145584.0,10,101997.70868799998,0.07557902878004863,1,target
373220,2026-04-22,2026-04-23,491500.0,466925.0,2,-53033.63394249999,-0.05388881727680905,1,stop
098460,2026-04-20,2026-04-24,33000.0,35640.0,41,102376.03846800025,0.07557902878004885,4,target
080220,2026-04-22,2026-04-24,46150.0,49842.0,31,108251.4999514001,0.07557902878004863,2,target
443060,2026-04-22,2026-04-24,225000.0,243000.00000000003,6,102149.04060000041,0.07557902878004885,2,target
082740,2026-04-23,2026-04-24,66700.0,72036.0,22,111032.22383439983,0.07557902878004841,1,target
067310,2026-04-21,2026-04-27,38800.0,40700.0,35,60738.599075000035,0.04467512579581845,4,time
010140,2026-04-24,2026-04-27,35050.0,33297.5,43,-81311.94445212511,-0.053888817276809164,1,stop
403870,2026-04-24,2026-04-27,51600.0,55728.00000000001,29,113226.53655839991,0.07557902878004863,1,target
010120,2026-04-24,2026-04-27,221000.0,238680.00000000003,6,100333.05765600037,0.07557902878004885,1,target
098460,2026-04-27,2026-04-28,43250.0,41087.5,35,-81668.01971562486,-0.05388881727680894,1,stop
078600,2026-04-27,2026-04-28,175600.0,166820.0,8,-75790.08032800001,-0.05388881727680905,1,stop
090430,2026-04-27,2026-04-29,145900.0,138605.0,10,-78714.21355249989,-0.05388881727680905,2,stop
042700,2026-04-28,2026-04-29,367000.0,348650.0,4,-79199.77072999999,-0.05388881727680905,1,stop
108490,2026-04-28,2026-04-29,345000.0,327750.0,4,-74452.10054999986,-0.05388881727680894,1,stop
277810,2026-04-28,2026-04-29,693000.0,658350.0,2,-74775.80533499992,-0.05388881727680905,1,stop
307950,2026-04-29,2026-04-30,485500.0,461225.0,2,-52386.22437249997,-0.05388881727680905,1,stop
080220,2026-04-27,2026-05-04,54900.0,56700.0,27,42381.962910000235,0.028559180527369055,4,time
010950,2026-04-30,2026-05-04,133700.0,127015.0,11,-79345.43788325018,-0.053888817276809164,1,stop
005490,2026-04-29,2026-05-06,477000.0,515160.00000000006,2,72185.32202400023,0.07557902878004885,3,target
062040,2026-05-04,2026-05-06,279000.0,301320.0,5,105554.00861999998,0.07557902878004863,1,target
096770,2026-04-30,2026-05-07,146500.0,139175.0,10,-79037.91833749996,-0.05388881727680905,3,stop
016360,2026-05-06,2026-05-07,161100.0,153045.0,8,-69531.78781799995,-0.05388881727680905,1,stop
066570,2026-05-04,2026-05-08,146200.0,157896.0,10,110623.62767200032,0.07557902878004885,3,target
377300,2026-05-07,2026-05-08,61800.0,58710.0,23,-76685.66356650018,-0.053888817276809164,1,stop
006800,2026-05-07,2026-05-08,82800.0,78660.0,17,-75941.14256100007,-0.053888817276809164,1,stop
028260,2026-05-07,2026-05-08,392000.0,423360.0,3,88983.16425599996,0.07557902878004863,1,target
214450,2026-05-06,2026-05-11,342000.0,324900.0,4,-73804.69097999996,-0.05388881727680905,3,stop
028050,2026-05-08,2026-05-11,62000.0,58900.0,23,-76933.83723499998,-0.05388881727680905,1,stop
003490,2026-05-08,2026-05-12,26000.0,24700.0,55,-77149.6404250001,-0.053888817276809164,2,stop
307950,2026-05-11,2026-05-12,574000.0,619920.0,2,86864.51748799998,0.07557902878004863,1,target
319400,2026-05-11,2026-05-12,38100.0,41148.0,36,103783.42524960008,0.07557902878004863,1,target
086280,2026-05-11,2026-05-12,252500.0,272700.0,5,95528.26945000025,0.07557902878004885,1,target
012330,2026-05-11,2026-05-12,535000.0,577800.0,2,80962.57292000018,0.07557902878004885,1,target
066570,2026-05-13,2026-05-14,192800.0,208224.0,7,102118.7742176,0.07557902878004863,1,target
064400,2026-05-13,2026-05-14,74100.0,80028.0,19,106530.09945239965,0.07557902878004841,1,target
034220,2026-05-14,2026-05-15,14370.0,15519.6,104,113081.25792288035,0.07557902878004885,1,target
012330,2026-05-14,2026-05-15,680000.0,646000.0,2,-73373.08459999994,-0.05388881727680905,1,stop
454910,2026-05-18,2026-05-19,132100.0,125495.0,11,-78395.90384724992,-0.05388881727680905,1,stop
067310,2026-05-18,2026-05-19,51500.0,48925.0,29,-80575.51606624993,-0.05388881727680905,1,stop
018260,2026-05-18,2026-05-19,189000.0,179550.0,7,-71376.90509249992,-0.05388881727680905,1,stop
000500,2026-05-19,2026-05-20,406000.0,385700.0,3,-65712.07135500014,-0.053888817276809164,1,stop
