code,entry_date,exit_date,entry_price,exit_price,shares,pnl_krw,pnl_pct,hold_days,reason
000500,2014-04-01,2014-04-07,23770.0,23056.899999999998,84,-67906.60460177995,-0.03397068711421558,4,stop
131970,2014-04-02,2014-04-09,7094.0,7170.0,281,13123.632189399796,0.006575932237068871,5,time
086520,2014-04-02,2014-04-09,1010.0,1054.0,1978,78588.12331639975,0.03929253422641277,5,time
039030,2014-04-03,2014-04-10,54900.0,56500.0,36,49330.509839999955,0.024931105816514032,5,time
031980,2014-04-07,2014-04-14,11103.0,11781.0,178,112228.80553499982,0.05672111792089485,5,time
068270,2014-04-07,2014-04-14,33551.0,35705.0,58,116588.76914179977,0.059844471782362074,5,time
030200,2014-04-10,2014-04-17,32700.0,31900.0,62,-57762.467399999965,-0.02845817708450693,5,time
080220,2014-04-18,2014-04-21,3995.0,3875.15,511,-69429.05144103244,-0.03397068711421558,1,stop
058610,2014-04-16,2014-04-23,6730.0,6950.0,306,58681.78615800035,0.02846214435382466,5,time
005290,2014-04-22,2014-04-23,4135.0,4010.95,489,-68768.2418333774,-0.03397068711421558,1,stop
080220,2014-04-23,2014-04-24,4030.0,3909.1,504,-69077.90068452014,-0.03397068711421569,1,stop
067310,2014-04-24,2014-04-25,4106.0,3982.8199999999997,490,-68425.59351649019,-0.03397068711421569,1,stop
098460,2014-04-22,2014-04-29,4800.0,4770.0,422,-20923.991607000353,-0.01031790754613604,5,time
084370,2014-04-29,2014-04-30,21769.0,21115.93,91,-67372.61738357134,-0.03397068711421547,1,stop
064760,2014-04-29,2014-05-07,9850.0,9554.5,202,-67669.21648745006,-0.03397068711421558,3,stop
039030,2014-05-02,2014-05-07,68800.0,66736.0,28,-65516.39877439989,-0.03397068711421558,1,stop
003670,2014-04-30,2014-05-12,13544.0,13857.0,146,37459.40097429999,0.018921772235152234,5,time
000250,2014-05-02,2014-05-13,6060.0,6380.0,327,96210.44096399983,0.04849563067117546,5,time
090430,2014-05-12,2014-05-19,141036.0,139336.0,13,-29548.766652600374,-0.016097810369293475,5,time
068270,2014-05-16,2014-05-19,35979.0,34899.63,58,-70970.95186214708,-0.03397068711421558,1,stop
028300,2014-05-15,2014-05-20,1992.0,1932.24,1015,-68763.65051598009,-0.03397068711421558,3,stop
034730,2014-05-15,2014-05-22,158000.0,168000.0,12,111876.04680000013,0.05893856560623645,5,time
028050,2014-05-21,2014-05-22,53298.0,51699.06,37,-67068.12801572122,-0.03397068711421569,1,stop
032830,2014-05-19,2014-05-26,103500.0,102500.0,19,-27003.09735000017,-0.013715776973027616,5,time
016360,2014-05-20,2014-05-27,41902.0,40644.94,46,-65553.53743068199,-0.03397068711421558,5,stop
180640,2014-05-22,2014-05-29,23671.0,23965.0,83,16278.356831300072,0.00827592697087809,5,time
035720,2014-05-29,2014-05-30,21054.0,20422.38,92,-65875.81390222814,-0.03397068711421569,1,stop
082740,2014-05-26,2014-06-02,4959.0,5114.0,395,53016.93098775041,0.027034862386601688,5,time
000250,2014-05-30,2014-06-02,7350.0,7129.5,261,-65242.62021847512,-0.03397068711421569,1,stop
011070,2014-05-30,2014-06-02,132000.0,128040.0,14,-62850.033707999624,-0.03397068711421536,1,stop
035720,2014-06-02,2014-06-03,19730.0,19138.1,97,-65088.21591488505,-0.03397068711421558,1,stop
086520,2014-05-28,2014-06-05,977.0,1004.0,1974,45237.09450750006,0.023429001189553045,5,time
086280,2014-06-05,2014-06-09,139804.0,135609.88,13,-61811.1036053421,-0.03397068711421569,1,stop
180640,2014-06-03,2014-06-12,26263.0,26263.0,72,-7749.433915199945,-0.004093491870325261,5,time
047050,2014-06-12,2014-06-16,34900.0,33853.0,54,-64094.79086910025,-0.03397068711421569,2,stop
028300,2014-06-12,2014-06-19,2065.0,2188.0,919,104926.46369514987,0.055226847354831854,5,time
066970,2014-06-17,2014-06-19,5535.0,5368.95,339,-63814.7205078525,-0.03397068711421558,2,stop
067310,2014-06-13,2014-06-20,4805.0,5314.0,396,193171.80625380017,0.10140420066620015,5,time
095340,2014-06-16,2014-06-23,14301.0,13871.97,131,-63714.935876413714,-0.03397068711421569,5,stop
064760,2014-06-20,2014-06-23,11100.0,10767.0,177,-66818.97252494982,-0.03397068711421547,1,stop
086520,2014-06-17,2014-06-24,1106.0,1072.82,1699,-63907.53313879925,-0.03397068711421569,5,stop
067310,2014-06-24,2014-06-25,5619.0,5450.43,337,-64400.98072487535,-0.03397068711421547,1,stop
064760,2014-06-25,2014-06-26,10900.0,10573.0,172,-63761.495235800045,-0.03397068711421558,1,stop
035720,2014-06-24,2014-07-01,23523.0,24186.0,80,45171.4787399997,0.023976312784266707,5,time
141080,2014-07-03,2014-07-07,8607.0,8348.789999999999,218,-63813.39412727114,-0.03397068711421569,2,stop
131970,2014-07-03,2014-07-07,5836.0,5660.92,321,-63712.38514452614,-0.03397068711421569,2,stop
000250,2014-07-01,2014-07-08,8060.0,9269.0,233,273170.2055231498,0.14529248434912567,5,target
080220,2014-07-01,2014-07-08,3420.0,3580.0,549,79886.34493199992,0.04249862546907468,5,time
047040,2014-07-04,2014-07-11,9330.0,9260.0,202,-21822.028184999945,-0.011565459241073106,5,time
058470,2014-07-15,2014-07-16,7498.0,7273.0599999999995,254,-64771.312985182274,-0.03397068711421569,1,stop
095340,2014-07-10,2014-07-17,16741.0,18348.0,115,176370.26950674993,0.09150544239670699,5,time
000250,2014-07-10,2014-07-17,9520.0,9980.0,203,85184.69369900017,0.044028041085520275,5,time
011200,2014-07-17,2014-07-18,64508.0,62572.759999999995,30,-65817.04503954016,-0.03397068711421569,1,stop
036930,2014-07-21,2014-07-22,4195.0,4069.15,463,-66056.64378817216,-0.03397068711421536,1,stop
005940,2014-07-18,2014-07-25,9800.0,10800.0,198,189464.13882000023,0.09752962120413144,5,time
000990,2014-07-25,2014-07-28,4800.0,4656.0,413,-67420.94525040011,-0.03397068711421569,1,stop
001440,2014-07-25,2014-07-28,48408.0,46955.76,40,-65853.77557872003,-0.03397068711421558,1,stop
010140,2014-07-24,2014-07-30,21001.0,20370.97,91,-64995.743381523294,-0.03397068711421547,4,stop
039030,2014-07-29,2014-07-30,72700.0,70519.0,26,-64285.24551669974,-0.03397068711421547,1,stop
039490,2014-07-29,2014-07-30,47800.0,46366.0,40,-65026.65825200011,-0.03397068711421569,1,stop
007660,2014-07-28,2014-08-01,3740.0,4301.0,521,283433.83436995,0.1452924843491259,4,target
095340,2014-08-01,2014-08-04,19983.0,19383.51,111,-75437.48745571077,-0.03397068711421569,1,stop
039490,2014-08-04,2014-08-05,51000.0,49470.0,42,-72848.9027069998,-0.03397068711421547,1,stop
024110,2014-07-30,2014-08-06,15250.0,16050.0,124,91157.85724000004,0.04815078396598538,5,time
138040,2014-07-30,2014-08-06,7573.0,7413.0,249,-47450.43116939999,-0.02513469632044396,5,time
055550,2014-07-30,2014-08-06,51400.0,50900.0,36,-25530.24438000028,-0.01378129836964137,5,time
007660,2014-08-05,2014-08-06,4377.0,4245.69,476,-70857.69936634204,-0.03397068711421558,1,stop
030200,2014-07-31,2014-08-07,33500.0,33650.0,58,711.549364999868,0.0003657910018970423,5,time
035720,2014-08-06,2014-08-07,29143.0,33514.45,65,275543.37877478753,0.1452924843491259,1,target
095340,2014-08-06,2014-08-08,19681.0,19090.57,97,-64926.56753273448,-0.03397068711421558,2,stop
031980,2014-08-07,2014-08-08,11653.0,11303.41,170,-67373.67168608517,-0.03397068711421569,1,stop
035720,2014-08-11,2014-08-12,32314.0,31344.579999999998,60,-65939.48017014004,-0.03397068711421558,1,stop
000990,2014-08-11,2014-08-13,5200.0,5979.999999999999,377,285158.985137,0.1452924843491259,2,target
034730,2014-08-07,2014-08-14,190000.0,201500.0,10,106874.39425000013,0.05618505993752354,5,time
131970,2014-08-13,2014-08-18,7044.0,6832.679999999999,286,-68515.51531796437,-0.0339706871142158,2,stop
058470,2014-08-14,2014-08-18,8038.0,7796.86,255,-69709.46189986495,-0.03397068711421558,1,stop
000990,2014-08-18,2014-08-19,6480.0,6285.599999999999,303,-66776.12022924027,-0.03397068711421569,1,stop
011200,2014-08-13,2014-08-21,69735.0,74651.0,28,129240.14345759992,0.06611338263982702,5,time
090430,2014-08-13,2014-08-21,200051.0,216456.0,10,155367.88231549994,0.0775749140155102,5,time
035720,2014-08-14,2014-08-22,34723.0,33681.31,59,-69674.32981933467,-0.03397068711421569,5,stop
086280,2014-08-21,2014-08-22,162063.0,157201.11,13,-71652.40539321164,-0.03397068711421569,1,stop
131290,2014-08-18,2014-08-25,8470.0,8600.0,232,22017.959883999778,0.011191968112774564,5,time
066970,2014-08-19,2014-08-25,6591.0,6393.2699999999995,288,-64557.595662768,-0.03397068711421558,4,stop
034730,2014-08-21,2014-08-28,219000.0,215000.0,9,-43971.42239999981,-0.022283565078173195,5,time
131290,2014-08-27,2014-08-28,9390.0,9108.3,213,-68021.89768309519,-0.03397068711421569,1,stop
095340,2014-08-26,2014-08-29,22589.0,21911.329999999998,88,-67605.68625857192,-0.03397068711421558,3,stop
083650,2014-09-01,2014-09-02,6466.0,6272.0199999999995,303,-66631.85083368327,-0.03397068711421569,1,stop
032820,2014-09-01,2014-09-02,450.0,436.5,4359,-66711.84178567515,-0.03397068711421569,1,stop
039030,2014-08-27,2014-09-03,80900.0,80700.0,24,-12742.914479999803,-0.0065555598755902,5,time
028050,2014-09-02,2014-09-03,44883.0,43536.51,42,-64111.319611730985,-0.03397068711421558,1,stop
042700,2014-09-02,2014-09-03,3480.0,3375.6,554,-65568.09360731998,-0.03397068711421558,1,stop
010140,2014-09-02,2014-09-03,20748.0,20125.559999999998,92,-64918.37118093623,-0.03397068711421569,1,stop
032820,2014-09-04,2014-09-05,495.0,480.15,3817,-64258.54785627755,-0.03397068711421558,1,stop
032640,2014-09-15,2014-09-16,12600.0,12222.0,149,-63849.92060790025,-0.03397068711421569,1,stop
068270,2014-09-15,2014-09-16,31576.0,30628.719999999998,59,-63359.63592936401,-0.03397068711421558,1,stop
032820,2014-09-11,2014-09-18,523.0,535.0,3588,35238.69810240017,0.018757135467258212,5,time
042700,2014-09-11,2014-09-18,3350.0,3410.0,560,25812.722320000175,0.013743639618564396,5,time
028300,2014-09-12,2014-09-18,1861.0,2140.1499999999996,1008,272865.90405563964,0.14529248434912567,4,target
131290,2014-09-16,2014-09-23,10750.0,11200.0,168,67975.77821999998,0.03759561777231224,5,time
180640,2014-09-22,2014-09-23,28513.0,27657.61,68,-65940.97659951402,-0.03397068711421558,1,stop
086520,2014-09-23,2014-09-25,1072.0,1039.84,1784,-65041.8946238081,-0.03397068711421558,2,stop
035420,2014-09-19,2014-09-26,157423.0,164433.0,12,76130.19877080014,0.040253932724486186,5,time
028300,2014-09-22,2014-09-29,2378.0,2433.0,826,37246.270898899995,0.01894051063057134,5,time
083650,2014-09-25,2014-09-30,7019.0,6808.429999999999,270,-64452.91362610529,-0.03397068711421569,3,stop
034730,2014-09-24,2014-10-01,234500.0,248500.0,8,103981.5952000001,0.05536361309264026,5,time
000250,2014-09-29,2014-10-07,9560.0,9880.0,204,57095.07772800024,0.0292422908285761,5,time
011200,2014-10-08,2014-10-10,71879.0,69722.63,27,-66003.86064298055,-0.03397068711421558,1,stop
080220,2014-10-06,2014-10-13,3075.0,2982.75,628,-65676.2446393501,-0.03397068711421569,4,stop
031980,2014-10-08,2014-10-13,11314.0,10974.58,172,-66183.26211906807,-0.03397068711421558,2,stop
084370,2014-10-10,2014-10-13,15828.0,15353.16,122,-65673.38781963615,-0.03397068711421569,1,stop
000250,2014-10-10,2014-10-13,11100.0,10767.0,174,-65686.4475668997,-0.03397068711421547,1,stop
000990,2014-10-14,2014-10-15,5660.0,5490.2,333,-64100.91262563015,-0.03397068711421569,1,stop
011200,2014-10-13,2014-10-16,66661.0,76660.15,28,271501.4930779899,0.1452924843491259,3,target
067310,2014-10-13,2014-10-17,5408.0,5245.76,347,-63821.896566896,-0.03397068711421558,4,stop
028300,2014-10-20,2014-10-21,3032.0,3486.7999999999997,630,277851.09520979994,0.1452924843491259,1,target
086520,2014-10-21,2014-10-22,1130.0,1096.1,1739,-66831.55613559508,-0.03397068711421558,1,stop
039030,2014-10-23,2014-10-28,91500.0,105224.99999999999,21,279500.60698874947,0.14529248434912567,3,target
090430,2014-10-22,2014-10-29,243962.0,236643.13999999998,8,-66376.7096254162,-0.03397068711421569,5,stop
138040,2014-10-23,2014-10-30,9190.0,9410.0,212,38518.061851999955,0.019747577965205432,5,time
141080,2014-10-23,2014-10-30,9934.0,11424.099999999999,196,283219.1360114198,0.14529248434912567,5,target
066970,2014-10-23,2014-10-30,6211.0,6546.0,314,96887.36367770005,0.049622283403131684,5,time
084370,2014-10-29,2014-10-30,16778.0,16274.66,113,-64479.577276769094,-0.03397068711421558,1,stop
000250,2014-10-30,2014-10-31,12900.0,12513.0,156,-68441.23800539994,-0.03397068711421558,1,stop
042660,2014-10-30,2014-10-31,84399.0,81867.03,23,-66018.96097575431,-0.03397068711421547,1,stop
012450,2014-10-30,2014-10-31,32697.0,31716.09,61,-67833.04149414459,-0.03397068711421558,1,stop
032820,2014-10-31,2014-11-03,507.0,491.78999999999996,3885,-66988.85126865772,-0.03397068711421569,1,stop
095340,2014-10-28,2014-11-04,25330.0,26403.0,88,85010.5815988006,0.03809394134022126,5,time
039030,2014-10-31,2014-11-04,111500.0,108155.0,17,-64465.497236749856,-0.03397068711421547,2,stop
012450,2014-11-03,2014-11-04,33002.0,32011.94,59,-66221.01295100315,-0.03397068711421569,1,stop
042660,2014-11-03,2014-11-05,82844.0,80358.68,23,-64802.601963002235,-0.03397068711421569,2,stop
009150,2014-10-30,2014-11-06,45200.0,49400.0,44,176104.70020000008,0.0884464933983613,5,time
131290,2014-11-05,2014-11-06,12250.0,11882.5,162,-67492.36574324965,-0.03397068711421536,1,stop
064760,2014-11-05,2014-11-06,8340.0,8089.8,238,-67506.64984181966,-0.03397068711421547,1,stop
080220,2014-11-10,2014-11-11,3190.0,3094.2999999999997,640,-69434.32295360067,-0.033970687114215914,1,stop
131970,2014-11-06,2014-11-13,7195.0,7346.0,277,33535.917839650065,0.016807395235662215,5,time
009150,2014-11-11,2014-11-13,55000.0,53350.0,36,-67339.3218299998,-0.03397068711421547,2,stop
036930,2014-11-07,2014-11-14,3540.0,3635.0,564,45239.741288999794,0.02263281272637485,5,time
042660,2014-11-07,2014-11-14,87064.0,94394.0,22,152934.87239139993,0.07975281319939942,5,time
009830,2014-11-13,2014-11-14,16989.0,16479.329999999998,117,-67601.6390973106,-0.03397068711421569,1,stop
009540,2014-11-13,2014-11-14,108101.0,104857.97,18,-66176.80026495294,-0.03397068711421558,1,stop
028300,2014-11-14,2014-11-17,3379.0,3277.63,589,-67687.27566921338,-0.03397068711421558,1,stop
067310,2014-11-14,2014-11-17,6586.0,6388.42,302,-67644.457383262,-0.03397068711421558,1,stop
012450,2014-11-11,2014-11-18,35396.0,37129.0,56,88638.54396040016,0.04466642389949982,5,time
064760,2014-11-14,2014-11-20,8750.0,8487.5,227,-67551.88282062486,-0.03397068711421547,4,stop
000880,2014-11-14,2014-11-21,29669.0,30108.0,67,21179.79278674978,0.010642527445085426,5,time
011070,2014-11-24,2014-11-25,111000.0,107670.0,17,-64176.414289499866,-0.03397068711421547,1,stop
098460,2014-11-19,2014-11-26,7460.0,7600.0,265,28888.895765000256,0.014596442598596271,5,time
034020,2014-11-25,2014-11-26,21496.0,20851.12,90,-65796.63918444002,-0.03397068711421558,1,stop
010950,2014-11-25,2014-11-27,46750.0,45347.5,41,-65188.20460487506,-0.03397068711421558,2,stop
035720,2014-11-26,2014-11-27,30066.0,29164.02,65,-66464.93093896494,-0.03397068711421558,1,stop
131970,2014-11-21,2014-11-28,8579.0,9082.0,229,106796.13612845005,0.054298042526367274,5,time
000250,2014-11-27,2014-12-01,11350.0,11009.5,167,-64463.79674882488,-0.03397068711421558,2,stop
009150,2014-11-27,2014-12-01,60900.0,59073.0,31,-64207.02307214984,-0.03397068711421547,2,stop
067310,2014-11-25,2014-12-02,6914.0,6706.58,282,-66310.45861585787,-0.03397068711421547,5,stop
180640,2014-12-02,2014-12-09,29931.0,31888.0,63,115199.74884285033,0.061022576300125975,5,time
003490,2014-12-02,2014-12-09,25189.0,28259.0,75,221828.9945024997,0.11728619688103814,5,time
007660,2014-12-03,2014-12-10,4086.0,4386.0,470,132714.0597059999,0.0690273971259796,5,time
067310,2014-12-11,2014-12-12,7393.0,7171.21,270,-67887.21903943503,-0.03397068711421558,1,stop
003490,2014-12-12,2014-12-15,28808.0,27943.76,69,-67602.96547789196,-0.03397068711421558,1,stop
010950,2014-12-18,2014-12-19,50300.0,48791.0,39,-66716.94324944983,-0.03397068711421547,1,stop
080220,2014-12-17,2014-12-23,3020.0,2929.4,653,-67069.28434750997,-0.03397068711421558,4,stop
082740,2014-12-23,2014-12-24,3548.0,3441.56,554,-66849.30922953179,-0.03397068711421547,1,stop
031980,2014-12-24,2014-12-26,12077.0,11714.69,161,-66128.47239812464,-0.03397068711421569,1,stop
011070,2014-12-24,2014-12-26,107500.0,104275.0,18,-65808.88269749982,-0.03397068711421547,1,stop
039030,2014-12-22,2014-12-29,109900.0,126384.99999999999,17,271762.1566677503,0.14529248434912612,4,target
028300,2014-12-26,2014-12-29,3104.0,3010.88,617,-65134.40116692777,-0.03397068711421547,1,stop
039030,2015-01-02,2015-01-06,125300.0,121541.0,15,-63921.34110074979,-0.03397068711421547,2,stop
018260,2015-01-05,2015-01-06,322500.0,312825.0,6,-65808.88269750006,-0.03397068711421558,1,stop
028300,2015-01-05,2015-01-06,3288.0,3189.36,606,-67765.39608448767,-0.03397068711421547,1,stop
011070,2014-12-30,2015-01-07,111000.0,107670.0,17,-64176.414289499866,-0.03397068711421547,4,stop
011200,2015-01-05,2015-01-12,63898.0,62977.0,31,-36584.70051604998,-0.018448086599228142,5,time
035720,2015-01-06,2015-01-13,28963.0,28622.0,65,-29814.907300749794,-0.0158189387947536,5,time
034730,2015-01-06,2015-01-13,229000.0,222130.0,8,-62305.877571999794,-0.03397068711421547,5,stop
000250,2015-01-06,2015-01-13,10450.0,10700.0,181,37365.060347500024,0.019732022678231376,5,time
039490,2015-01-12,2015-01-13,56300.0,54611.0,34,-65101.479720699834,-0.03397068711421547,1,stop
007660,2015-01-07,2015-01-14,4696.0,5103.0,404,156168.2185658,0.08222123317413321,5,time
131290,2015-01-13,2015-01-15,12500.0,14374.999999999998,148,269100.2461249996,0.14529248434912567,2,target
012330,2015-01-14,2015-01-15,265500.0,257535.0,7,-63207.136172250146,-0.03397068711421569,1,stop
028300,2015-01-15,2015-01-16,3359.0,3258.23,579,-66144.25292606838,-0.03397068711421547,1,stop
039490,2015-01-15,2015-01-20,59700.0,57909.0,32,-64972.242638399825,-0.03397068711421547,3,stop
196170,2015-01-16,2015-01-20,4106.0,4721.9,474,283099.85914556985,0.14529248434912567,2,target
082740,2015-01-14,2015-01-21,3702.0,3998.0,515,144177.258012,0.07553598581913534,5,time
009150,2015-01-15,2015-01-22,63600.0,65900.0,30,60977.21895000036,0.031921995058892705,5,time
131290,2015-01-19,2015-01-26,14850.0,17077.5,131,282969.81826987513,0.1452924843491259,5,target
096770,2015-01-23,2015-01-26,91999.0,89239.03,21,-65706.13921707147,-0.03397068711421558,1,stop
010950,2015-01-20,2015-01-27,53600.0,58200.0,38,165937.46709999978,0.08137609651393762,5,time
141080,2015-01-21,2015-01-27,9809.0,9514.73,208,-69389.15799431247,-0.0339706871142158,4,stop
131970,2015-01-22,2015-01-28,10516.0,10200.52,191,-68310.50449372595,-0.03397068711421558,4,stop
028300,2015-01-28,2015-01-29,3851.0,3735.47,531,-69545.90897123842,-0.03397068711421558,1,stop
000250,2015-01-28,2015-01-30,11350.0,11009.5,180,-69481.9366154999,-0.03397068711421558,2,stop
006400,2015-01-26,2015-02-02,124826.0,127763.0,16,38668.47462320002,0.019338945397366025,5,time
095340,2015-01-26,2015-02-02,28152.0,29236.0,74,71441.95226759976,0.03425414434779639,5,time
036930,2015-01-30,2015-02-02,4030.0,3909.1,490,-67159.07010994991,-0.03397068711421558,1,stop
000720,2015-01-27,2015-02-03,41497.0,41789.0,51,6174.884364000056,0.0029143568988354573,5,time
028300,2015-02-02,2015-02-04,4096.0,4710.4,496,295518.0354764797,0.14529248434912567,2,target
080220,2015-02-02,2015-02-04,3010.0,2919.7,675,-69099.32683237526,-0.03397068711421569,2,stop
000990,2015-02-03,2015-02-04,5160.0,5005.2,414,-72653.00649803993,-0.03397068711421558,1,stop
047040,2015-01-29,2015-02-05,6510.0,7030.0,304,149503.4705279998,0.07545664395570073,5,time
036930,2015-02-04,2015-02-05,4150.0,4025.5,510,-71981.6538652496,-0.03397068711421536,1,stop
131970,2015-02-04,2015-02-05,12478.0,12103.66,169,-71719.16654914687,-0.03397068711421558,1,stop
064760,2015-02-05,2015-02-06,10050.0,9748.5,206,-70410.40302254981,-0.03397068711421547,1,stop
028050,2015-02-02,2015-02-09,23781.0,23067.57,85,-68746.81568552251,-0.03397068711421558,5,stop
066970,2015-02-04,2015-02-10,5859.0,5683.23,361,-71934.00619359151,-0.03397068711421558,4,stop
196170,2015-02-09,2015-02-10,5937.0,5758.889999999999,337,-68045.67050428689,-0.0339706871142158,1,stop
028300,2015-02-06,2015-02-12,5270.0,6060.499999999999,389,298196.5284127749,0.1452924843491259,4,target
000990,2015-02-06,2015-02-12,5070.0,5830.5,404,297941.9741259003,0.14529248434912612,4,target
032820,2015-02-11,2015-02-12,534.0,517.98,3748,-68068.2189741719,-0.03397068711421558,1,stop
068270,2015-02-09,2015-02-13,34218.0,39350.7,58,288685.50749757,0.1452924843491259,4,target
034020,2015-02-10,2015-02-17,20195.0,21116.0,99,82716.64799804986,0.041325170867353656,5,time
068270,2015-02-16,2015-02-17,43929.0,50518.35,52,332274.51082449034,0.14529248434912612,1,target
039030,2015-02-12,2015-02-24,140200.0,146700.0,15,88594.05052499985,0.04207906378475945,5,time
007660,2015-02-12,2015-02-24,5232.0,5605.0,422,147893.5270689004,0.06690672363662609,5,time
036930,2015-02-13,2015-02-24,4855.0,4709.349999999999,472,-77935.40218826011,-0.03397068711421569,4,stop
068270,2015-02-24,2015-02-25,53026.0,51435.22,42,-75742.86107728165,-0.03397068711421547,1,stop
196170,2015-02-25,2015-02-26,6542.0,6345.74,339,-75424.73379627289,-0.03397068711421558,1,stop
000990,2015-02-17,2015-02-27,5800.0,6220.0,406,160366.85715399962,0.06802387595975445,5,time
028300,2015-02-17,2015-02-27,6306.0,6116.82,373,-79995.64533867314,-0.03397068711421569,5,stop
028050,2015-02-26,2015-02-27,27116.0,26302.52,80,-73776.68891888019,-0.03397068711421569,1,stop
039490,2015-02-27,2015-03-02,65100.0,63147.0,35,-77491.23474224936,-0.03397068711421536,1,stop
080220,2015-02-24,2015-03-03,3650.0,3995.0,617,203008.11202674964,0.09004013698028768,5,time
067310,2015-03-02,2015-03-03,8183.0,7937.51,273,-75976.40608890122,-0.03397068711421547,1,stop
018260,2015-02-25,2015-03-04,272000.0,283500.0,8,82811.0962000005,0.03801284946603989,5,time
047040,2015-02-27,2015-03-04,8160.0,7915.2,281,-77983.01585016027,-0.03397068711421569,3,stop
042660,2015-03-03,2015-03-04,96615.0,93716.55,23,-75574.61480198242,-0.03397068711421558,1,stop
000720,2015-03-03,2015-03-04,52540.0,50963.799999999996,43,-76835.52659837063,-0.033970687114215914,1,stop
000880,2015-02-27,2015-03-06,30107.0,32637.0,76,182335.9263836001,0.07959613066158022,5,time
032820,2015-03-05,2015-03-06,640.0,620.8,3511,-76421.28773983987,-0.03397068711421558,1,stop
066970,2015-03-06,2015-03-09,7601.0,7372.969999999999,306,-79103.50135370204,-0.033970687114216025,1,stop
000990,2015-03-06,2015-03-09,7290.0,7071.3,319,-79090.03348933486,-0.03397068711421558,1,stop
009830,2015-03-04,2015-03-11,17958.0,19168.0,124,140471.83560359944,0.06301013185374749,5,time
010140,2015-03-04,2015-03-11,14710.0,14268.699999999999,151,-75542.81567778578,-0.033970687114215914,5,stop
009540,2015-03-05,2015-03-11,117639.0,114109.83,19,-76016.60562344873,-0.03397068711421569,4,stop
032820,2015-03-09,2015-03-16,560.0,554.0,4013,-33216.81974809989,-0.0147639187431432,5,time
000250,2015-03-16,2015-03-17,12150.0,11785.5,183,-75618.99753682502,-0.03397068711421558,1,stop
095340,2015-03-13,2015-03-19,34684.0,33643.479999999996,64,-75494.04568409594,-0.03397068711421558,4,stop
086520,2015-03-17,2015-03-19,1197.0,1161.09,1849,-75272.20002940018,-0.03397068711421547,2,stop
005940,2015-03-19,2015-03-20,13400.0,12998.0,163,-74284.11451569991,-0.03397068711421558,1,stop
024110,2015-03-19,2015-03-20,14200.0,13774.0,154,-74372.53988780035,-0.03397068711421569,1,stop
009150,2015-03-16,2015-03-23,78400.0,78400.0,28,-8996.368639999535,-0.00409349187032515,5,time
028300,2015-03-20,2015-03-24,6322.0,6132.34,334,-71813.23754115822,-0.03397068711421569,2,stop
000250,2015-03-23,2015-03-24,13050.0,12658.5,164,-72787.68514169962,-0.03397068711421536,1,stop
090430,2015-03-18,2015-03-25,307079.0,337487.0,7,203419.19176459964,0.09452453508432512,5,time
180640,2015-03-18,2015-03-25,31252.0,32083.0,70,49033.125683499966,0.02238795918099168,5,time
131970,2015-03-24,2015-03-25,13484.0,13079.48,153,-70163.90029294183,-0.03397068711421547,1,stop
005940,2015-03-24,2015-03-27,13800.0,13386.0,150,-70400.20009499998,-0.03397068711421558,3,stop
068270,2015-03-26,2015-03-27,54551.0,52914.47,40,-74210.65343734017,-0.03397068711421569,1,stop
034730,2015-03-26,2015-03-27,244000.0,236680.0,9,-74685.42966599995,-0.03397068711421558,1,stop
047810,2015-03-23,2015-03-30,51700.0,53400.0,41,60807.56637499994,0.02865391748790369,5,time
131970,2015-03-27,2015-03-30,12277.0,11908.69,169,-70563.88906266028,-0.03397068711421547,1,stop
078600,2015-03-26,2015-04-01,5323.0,6121.45,413,319778.2226924072,0.14529248434912567,4,target
000500,2015-03-27,2015-04-01,22779.0,22095.63,91,-70498.4542873064,-0.03397068711421558,3,stop
010950,2015-04-02,2015-04-03,68000.0,65960.0,32,-74005.23449599976,-0.03397068711421547,1,stop
036930,2015-03-31,2015-04-07,6000.0,6100.0,349,26215.482254999923,0.01250494993183593,5,time
138040,2015-03-31,2015-04-07,12850.0,12950.0,163,7668.061974999728,0.0036567533291271825,5,time
180640,2015-04-06,2015-04-07,36191.0,35105.27,60,-73850.83019241039,-0.0339706871142158,1,stop
003490,2015-04-06,2015-04-07,32674.0,31693.78,66,-73341.50004911446,-0.0339706871142158,1,stop
039490,2015-04-07,2015-04-08,81200.0,78764.0,26,-71801.40214519994,-0.03397068711421558,1,stop
021240,2015-04-08,2015-04-09,101500.0,98455.0,20,-69039.80975500005,-0.03397068711421558,1,stop
006800,2015-04-06,2015-04-10,13675.0,15726.249999999998,159,316276.42846256215,0.14529248434912567,4,target
028300,2015-04-07,2015-04-10,6562.0,7546.299999999999,321,306396.3765611849,0.1452924843491259,3,target
064760,2015-04-10,2015-04-13,14500.0,16675.0,169,356448.7314212504,0.14529248434912612,1,target
058470,2015-04-07,2015-04-14,8619.0,9000.0,245,84415.82975174999,0.039930220810659334,5,time
028050,2015-04-07,2015-04-14,26805.0,28987.0,78,161125.77810420026,0.07697601011583233,5,time
028300,2015-04-13,2015-04-14,7858.0,7622.26,360,-96209.52562548034,-0.03397068711421569,1,stop
196170,2015-04-14,2015-04-15,6376.0,6184.72,375,-81317.3325735,-0.03397068711421558,1,stop
005290,2015-04-14,2015-04-15,5520.0,5354.4,433,-81288.76437635953,-0.03397068711421536,1,stop
009540,2015-04-09,2015-04-16,124452.0,135809.0,16,173015.83695599972,0.08678901875890288,5,time
064760,2015-04-15,2015-04-16,16650.0,16150.5,139,-78710.48458447494,-0.03397068711421558,1,stop
010170,2015-04-15,2015-04-16,982.0,952.54,2367,-79052.07859884948,-0.0339706871142158,1,stop
096770,2015-04-10,2015-04-17,110693.0,107372.20999999999,22,-82822.12834809115,-0.03397068711421569,5,stop
068270,2015-04-14,2015-04-17,64009.0,62088.729999999996,37,-80546.43337758072,-0.03397068711421569,3,stop
051910,2015-04-16,2015-04-17,277000.0,268690.0,8,-75365.62483599968,-0.03397068711421547,1,stop
034020,2015-04-16,2015-04-17,24710.0,23968.7,89,-74793.9207956153,-0.03397068711421569,1,stop
016360,2015-04-16,2015-04-20,64697.0,62756.09,34,-74811.19775293348,-0.0339706871142158,2,stop
024110,2015-04-17,2015-04-20,15150.0,14695.5,147,-75741.4326674249,-0.03397068711421558,1,stop
028260,2015-04-17,2015-04-20,159000.0,154230.0,14,-75705.72242100025,-0.03397068711421569,1,stop
090430,2015-04-17,2015-04-22,380097.0,368694.08999999997,5,-64635.03588287276,-0.03397068711421569,3,stop
068270,2015-04-20,2015-04-22,63206.0,61309.82,35,-75236.72785128513,-0.03397068711421569,2,stop
000100,2015-04-20,2015-04-22,31718.0,30766.46,71,-76589.22792731272,-0.03397068711421547,2,stop
141080,2015-04-22,2015-04-23,13262.0,12864.14,156,-70361.8370874119,-0.03397068711421558,1,stop
009830,2015-04-22,2015-04-23,22130.0,21466.1,93,-69995.14387126523,-0.03397068711421569,1,stop
028260,2015-04-22,2015-04-23,164000.0,159080.0,12,-66931.20472799987,-0.03397068711421547,1,stop
078600,2015-04-17,2015-04-24,6330.0,6210.0,353,-51392.507519999985,-0.0229732361002718,5,time
064760,2015-04-20,2015-04-24,17400.0,16878.0,130,-76930.07372700004,-0.03397068711421558,4,stop
032820,2015-04-23,2015-04-24,705.0,683.85,2837,-68022.40782947233,-0.03397068711421547,1,stop
000990,2015-04-24,2015-04-27,7710.0,7478.7,267,-70011.46855534497,-0.03397068711421558,1,stop
039030,2015-04-24,2015-04-27,116900.0,113393.0,17,-67587.59306704998,-0.03397068711421558,1,stop
009830,2015-04-27,2015-04-28,22613.0,21934.61,89,-68446.5775374847,-0.03397068711421569,1,stop
078930,2015-04-27,2015-04-30,50100.0,48597.0,40,-68155.55603400012,-0.03397068711421569,3,stop
066970,2015-04-28,2015-05-04,7981.0,7741.57,253,-68672.26629489055,-0.03397068711421558,3,stop
067310,2015-04-29,2015-05-04,7223.0,7006.3099999999995,280,-68782.69598074001,-0.03397068711421558,2,stop
095340,2015-04-30,2015-05-04,39459.0,38275.229999999996,50,-67099.55303257518,-0.03397068711421569,1,stop
000990,2015-04-29,2015-05-06,8280.0,8031.599999999999,244,-68710.59529272025,-0.03397068711421569,3,stop
047810,2015-04-30,2015-05-07,64800.0,62856.0,30,-66114.970524,-0.03397068711421558,3,stop
000100,2015-05-06,2015-05-07,35457.0,34393.29,55,-66323.62039239751,-0.03397068711421558,1,stop
000990,2015-05-12,2015-05-13,10050.0,9748.5,191,-65283.43192867469,-0.03397068711421547,1,stop
080220,2015-05-12,2015-05-13,4555.0,4418.349999999999,422,-65373.89788628486,-0.03397068711421547,1,stop
000250,2015-05-13,2015-05-15,12600.0,12222.0,150,-64278.44356499985,-0.03397068711421547,2,stop
028300,2015-05-12,2015-05-18,8991.0,10339.65,214,279875.0199798448,0.14529248434912567,4,target
036930,2015-05-13,2015-05-18,6740.0,6537.8,280,-64183.21624119999,-0.03397068711421558,3,stop
000990,2015-05-15,2015-05-18,11800.0,11446.0,154,-61802.53314619977,-0.03397068711421547,1,stop
084370,2015-05-18,2015-05-19,18216.0,17669.52,105,-65049.78488777974,-0.03397068711421547,1,stop
039030,2015-05-18,2015-05-19,112300.0,108931.0,17,-64928.029952350305,-0.03397068711421569,1,stop
058470,2015-05-18,2015-05-19,10451.0,10137.47,184,-65400.22143936413,-0.03397068711421569,1,stop
005290,2015-05-13,2015-05-20,5850.0,6000.0,323,40563.41316750017,0.021442572440692143,5,time
090430,2015-05-19,2015-05-20,443000.0,429710.0,4,-60265.29206200014,-0.03397068711421569,1,stop
007660,2015-05-14,2015-05-21,5672.0,5674.0,335,-7119.046977500198,-0.0037423259647789697,5,time
009830,2015-05-20,2015-05-22,22552.0,25934.8,82,268993.1878649199,0.1452924843491259,2,target
028300,2015-05-21,2015-05-22,11676.0,11325.72,161,-63932.76837960654,-0.033970687114215914,1,stop
141080,2015-05-21,2015-05-22,12561.0,12184.17,149,-63652.28990125633,-0.03397068711421547,1,stop
058470,2015-05-21,2015-05-22,10572.0,10254.84,178,-64000.10770143615,-0.03397068711421569,1,stop
035720,2015-05-20,2015-05-27,22981.0,22291.57,81,-63307.839067168534,-0.03397068711421558,4,stop
009830,2015-05-26,2015-05-27,24185.0,23459.45,78,-64157.02872715471,-0.03397068711421547,1,stop
028260,2015-05-27,2015-05-28,198000.0,192060.0,9,-60605.389647,-0.03397068711421558,1,stop
010170,2015-05-27,2015-05-28,1113.0,1079.61,1672,-63289.983943956206,-0.03397068711421569,1,stop
064760,2015-05-29,2015-06-01,21700.0,21049.0,88,-64945.0348315998,-0.03397068711421547,1,stop
058610,2015-05-29,2015-06-02,6680.0,6479.599999999999,287,-65202.14860585984,-0.03397068711421547,2,stop
086280,2015-06-01,2015-06-02,126049.0,122267.53,14,-60016.54468833096,-0.03397068711421558,1,stop
018260,2015-05-28,2015-06-03,320000.0,310400.0,5,-54415.61360000004,-0.03397068711421558,4,stop
028260,2015-06-01,2015-06-03,188000.0,182360.0,10,-63938.34597999975,-0.03397068711421547,2,stop
028300,2015-06-02,2015-06-03,12812.0,12427.64,143,-62309.82270398596,-0.03397068711421558,1,stop
034730,2015-06-02,2015-06-03,287000.0,278390.0,6,-58564.804137000116,-0.03397068711421569,1,stop
080220,2015-05-28,2015-06-04,4740.0,5220.0,387,177694.71411599987,0.09675780009217338,5,time
196170,2015-06-03,2015-06-04,6042.0,5860.74,286,-58769.27080510231,-0.0339706871142158,1,stop
003670,2015-06-03,2015-06-04,11280.0,10941.6,153,-58695.4016096401,-0.03397068711421569,1,stop
064760,2015-06-03,2015-06-04,19800.0,22770.0,87,250568.69404049986,0.14529248434912567,1,target
067310,2015-06-04,2015-06-05,7634.0,7404.98,240,-62311.31913336017,-0.03397068711421569,1,stop
005290,2015-06-04,2015-06-05,6680.0,6479.599999999999,275,-62475.926364500076,-0.03397068711421558,1,stop
012450,2015-06-03,2015-06-10,30558.0,34124.0,56,192094.2496535997,0.11212493237178522,5,time
141080,2015-06-05,2015-06-10,12936.0,12547.92,139,-61153.08279788424,-0.03397068711421569,3,stop
034730,2015-06-05,2015-06-10,272000.0,263840.0,6,-55503.92587200017,-0.03397068711421569,3,stop
080220,2015-06-09,2015-06-10,5890.0,6773.499999999999,323,276732.5109434745,0.14529248434912567,1,target
064760,2015-06-08,2015-06-11,23400.0,22698.0,81,-64462.09626089991,-0.03397068711421558,3,stop
068270,2015-06-10,2015-06-11,56517.0,54821.49,32,-61508.1446766241,-0.03397068711421569,1,stop
006800,2015-06-10,2015-06-11,15281.0,14822.57,121,-62884.07747625839,-0.03397068711421558,1,stop
005290,2015-06-10,2015-06-12,7230.0,7013.099999999999,255,-62702.09125852538,-0.0339706871142158,2,stop
080220,2015-06-12,2015-06-15,6500.0,7474.999999999999,278,262845.4836474997,0.14529248434912567,1,target
012450,2015-06-12,2015-06-16,34734.0,33691.979999999996,52,-61427.33749042847,-0.0339706871142158,2,stop
141080,2015-06-12,2015-06-16,14613.0,16804.949999999997,123,261448.9260999069,0.14529248434912545,2,target
080220,2015-06-17,2015-06-18,8880.0,8613.6,214,-64629.42427272,-0.03397068711421558,1,stop
000100,2015-06-19,2015-06-22,37289.0,36170.33,50,-63409.494235324906,-0.03397068711421558,1,stop
141080,2015-06-18,2015-06-23,17466.0,16942.02,108,-64153.55973178777,-0.03397068711421547,3,stop
028300,2015-06-17,2015-06-24,13629.0,14985.0,139,180164.5826196,0.09499295798100915,5,time
068270,2015-06-23,2015-06-24,62918.0,61030.46,29,-62054.95357378712,-0.03397068711421569,1,stop
005290,2015-06-22,2015-06-25,7700.0,7469.0,242,-63373.78398890002,-0.03397068711421558,3,stop
080220,2015-06-24,2015-06-25,9840.0,9544.8,197,-65927.23665708001,-0.03397068711421558,1,stop
000880,2015-06-25,2015-06-26,46887.0,45480.39,40,-63784.621871579904,-0.03397068711421558,1,stop
005830,2015-06-22,2015-06-29,53700.0,56900.0,34,100996.75859999983,0.05525289222678742,5,time
003490,2015-06-23,2015-06-29,23987.0,23267.39,77,-62815.98993974179,-0.03397068711421569,4,stop
000250,2015-06-25,2015-06-29,12350.0,11979.5,151,-63423.09813872492,-0.03397068711421558,2,stop
196170,2015-06-26,2015-06-29,7838.0,7602.86,236,-62910.16296102805,-0.03397068711421558,1,stop
080220,2015-06-29,2015-06-30,9630.0,9341.1,189,-61900.141153094824,-0.03397068711421547,1,stop
035720,2015-06-26,2015-07-01,24185.0,27812.749999999996,76,267363.45859054965,0.14529248434912567,3,target
010140,2015-07-02,2015-07-03,14203.0,13776.91,133,-64244.39979674155,-0.03397068711421558,1,stop
047810,2015-06-29,2015-07-06,76800.0,81300.0,23,95955.81634499971,0.054260405090397645,5,time
012450,2015-07-02,2015-07-06,36263.0,41702.45,52,274289.66254703,0.1452924843491259,2,target
090430,2015-07-03,2015-07-06,445500.0,432135.0,4,-60605.389647,-0.03397068711421558,1,stop
196170,2015-07-01,2015-07-07,7239.0,7021.83,262,-64503.52014675294,-0.03397068711421558,4,stop
035720,2015-07-03,2015-07-07,27838.0,27002.86,67,-63433.16502724099,-0.03397068711421558,2,stop
000250,2015-07-07,2015-07-08,13500.0,13095.0,140,-64278.443564999616,-0.03397068711421536,1,stop
039030,2015-07-07,2015-07-09,106800.0,103596.0,17,-61748.11753260018,-0.03397068711421569,2,stop
012450,2015-07-08,2015-07-09,39624.0,38435.28,47,-63337.32552778791,-0.03397068711421558,1,stop
180640,2015-07-08,2015-07-09,29589.0,28701.329999999998,64,-64404.14363241615,-0.03397068711421569,1,stop
131970,2015-07-14,2015-07-15,7396.0,7174.12,249,-62632.50729263411,-0.03397068711421569,1,stop
000990,2015-07-10,2015-07-16,17600.0,17072.0,104,-62251.461958399974,-0.03397068711421558,4,stop
010120,2015-07-13,2015-07-16,10320.0,10010.4,179,-62825.54668187979,-0.03397068711421547,3,stop
003670,2015-07-15,2015-07-17,11462.0,11118.14,164,-63930.45571602788,-0.03397068711421547,2,stop
016360,2015-07-16,2015-07-20,54512.0,52876.64,32,-59326.07857126393,-0.03397068711421558,2,stop
003230,2015-07-17,2015-07-20,25050.0,24298.5,74,-63043.88933145022,-0.03397068711421569,1,stop
039030,2015-07-14,2015-07-21,116200.0,127500.0,15,161857.14292500005,0.09275455926448806,5,time
009830,2015-07-14,2015-07-21,25999.0,26847.0,71,52465.51757779997,0.02838963128417915,5,time
032820,2015-07-20,2015-07-21,676.0,655.72,2571,-59108.82423396595,-0.03397068711421558,1,stop
006800,2015-07-16,2015-07-22,15622.0,15153.34,114,-60568.25099071814,-0.03397068711421569,4,stop
007660,2015-07-21,2015-07-22,5389.0,5227.33,341,-62497.998697766336,-0.03397068711421547,1,stop
131970,2015-07-21,2015-07-22,8604.0,8345.88,214,-62620.67189667653,-0.033970687114215914,1,stop
051910,2015-07-22,2015-07-23,276000.0,267720.0,6,-56320.16007599956,-0.03397068711421536,1,stop
032820,2015-07-23,2015-07-24,680.0,659.6,2597,-60059.87312065973,-0.03397068711421547,1,stop
066970,2015-07-23,2015-07-24,6572.0,7557.799999999999,268,256197.39843187993,0.1452924843491259,1,target
018260,2015-07-20,2015-07-27,282500.0,283500.0,6,-964.1373000000603,-0.0005681590981849727,5,time
086280,2015-07-28,2015-07-29,95287.0,92428.39,19,-61573.0693056006,-0.03397068711421569,1,stop
047810,2015-07-23,2015-07-30,88600.0,94400.0,19,102976.21500999993,0.06110129082890836,5,time
066970,2015-07-27,2015-07-30,7138.0,6923.86,254,-61661.460667942185,-0.03397068711421569,3,stop
005380,2015-07-27,2015-08-03,139000.0,143500.0,13,50922.09167500003,0.02814808573099503,5,time
047040,2015-07-31,2015-08-03,6960.0,6751.2,260,-61544.058981599985,-0.03397068711421558,1,stop
012330,2015-07-28,2015-08-04,212000.0,205640.0,8,-57680.550415999955,-0.03397068711421558,5,stop
012450,2015-08-04,2015-08-05,40286.0,39077.42,44,-60285.15376096405,-0.03397068711421558,1,stop
032640,2015-08-04,2015-08-06,11800.0,11446.0,150,-60197.27254499984,-0.03397068711421547,2,stop
003230,2015-08-06,2015-08-07,25550.0,24783.5,68,-59088.554417900275,-0.03397068711421569,1,stop
028300,2015-08-07,2015-08-10,12832.0,12447.039999999999,134,-58479.3716236481,-0.03397068711421569,1,stop
011200,2015-08-07,2015-08-10,43757.0,42444.29,39,-58038.435104695614,-0.03397068711421569,1,stop
080220,2015-08-04,2015-08-11,8710.0,8700.0,203,-9270.165824500145,-0.005236897734997803,5,time
000990,2015-08-06,2015-08-12,18550.0,17993.5,94,-59302.81589644984,-0.03397068711421547,4,stop
071050,2015-08-07,2015-08-12,67200.0,65184.0,25,-57136.39427999989,-0.03397068711421547,3,stop
003230,2015-08-10,2015-08-12,29250.0,28372.5,57,-56702.76985912514,-0.03397068711421569,2,stop
036930,2015-08-10,2015-08-12,4915.0,4767.55,343,-57335.181318432325,-0.03397068711421547,2,stop
035720,2015-08-11,2015-08-12,27497.0,26672.09,64,-59850.64508636808,-0.03397068711421558,1,stop
003230,2015-08-17,2015-08-18,26000.0,25220.0,63,-55707.9844229999,-0.03397068711421558,1,stop
000270,2015-08-20,2015-08-21,46750.0,45347.5,35,-55648.46734562493,-0.03397068711421558,1,stop
011200,2015-08-25,2015-08-26,43757.0,50320.549999999996,37,235500.3893938323,0.14529248434912567,1,target
058470,2015-08-28,2015-09-01,9329.0,9049.13,179,-56792.58963132347,-0.03397068711421558,2,stop
000660,2015-08-31,2015-09-01,36850.0,35744.5,47,-58903.20123407501,-0.03397068711421558,1,stop
011200,2015-08-28,2015-09-02,52973.0,51383.81,31,-55849.56704763556,-0.03397068711421558,3,stop
064760,2015-09-01,2015-09-02,24200.0,23474.0,68,-55966.45858759992,-0.03397068711421558,1,stop
042660,2015-09-01,2015-09-02,30606.0,29687.82,54,-56208.744107153965,-0.03397068711421558,1,stop
028260,2015-08-28,2015-09-04,159500.0,162000.0,10,18389.669750000117,0.011516328006315302,5,time
009150,2015-08-31,2015-09-07,59600.0,62900.0,29,88334.54273499968,0.05104898257309598,5,time
083650,2015-09-03,2015-09-07,4100.0,3977.0,389,-54242.163831649814,-0.03397068711421547,2,stop
007660,2015-09-09,2015-09-10,5276.0,5117.72,309,-55445.565126413945,-0.03397068711421558,1,stop
010140,2015-09-11,2015-09-14,9072.0,8799.84,180,-55536.57524015964,-0.03397068711421536,1,stop
042660,2015-09-11,2015-09-14,32516.0,31540.52,50,-55293.065369299846,-0.03397068711421547,1,stop
005830,2015-09-11,2015-09-14,58200.0,56454.0,28,-55422.302451599855,-0.03397068711421547,1,stop
006260,2015-09-14,2015-09-15,35800.0,34726.0,44,-53572.17158919992,-0.03397068711421558,1,stop
086280,2015-09-09,2015-09-16,97537.0,100289.0,16,37506.57332800003,0.02400594434744696,5,time
034020,2015-09-10,2015-09-17,15452.0,17769.8,105,236002.3704475502,0.1452924843491259,5,target
028050,2015-09-17,2015-09-18,21163.0,20528.11,80,-57579.88153083972,-0.03397068711421547,1,stop
010140,2015-09-17,2015-09-18,9757.0,9464.289999999999,173,-57407.14596741879,-0.0339706871142158,1,stop
039030,2015-09-14,2015-09-21,125000.0,121250.0,12,-51014.63774999976,-0.03397068711421547,5,stop
028300,2015-09-17,2015-09-21,10065.0,11574.75,168,245960.53415009985,0.14529248434912567,2,target
009830,2015-09-18,2015-09-21,25394.0,24632.18,64,-55273.20367033593,-0.03397068711421558,1,stop
000250,2015-09-18,2015-09-21,9640.0,9350.8,169,-55407.3381578601,-0.03397068711421569,1,stop
028050,2015-09-21,2015-09-22,20072.0,19469.84,81,-55294.153681572294,-0.0339706871142158,1,stop
214450,2015-09-16,2015-09-23,79000.0,79100.0,20,-4481.052099999972,-0.002832850720794089,5,time
196170,2015-09-22,2015-09-23,4719.0,4577.43,352,-56493.20172724803,-0.03397068711421558,1,stop
028300,2015-09-23,2015-09-24,11180.0,10844.6,144,-54752.99040431995,-0.03397068711421558,1,stop
051910,2015-09-21,2015-09-30,257500.0,285500.0,6,161173.0086000003,0.10419925464474633,5,time
006400,2015-09-21,2015-09-30,95455.0,106225.0,17,175899.94894849975,0.10827268164134596,5,time
005940,2015-09-23,2015-09-30,10200.0,9894.0,158,-54810.12679860019,-0.03397068711421569,3,stop
086520,2015-09-23,2015-10-02,1020.0,1110.0,1584,135518.34621600015,0.08378061178817542,5,time
036930,2015-09-24,2015-10-05,5420.0,5450.0,288,2217.402576000197,0.0014189057761488932,5,time
066970,2015-10-01,2015-10-05,7546.0,8677.9,226,248066.20721112983,0.14529248434912567,2,target
086280,2015-09-30,2015-10-06,109543.0,106256.70999999999,15,-55882.96463048272,-0.03397068711421569,4,stop
012330,2015-10-01,2015-10-06,229000.0,222130.0,7,-54517.64287550002,-0.03397068711421558,3,stop
141080,2015-10-05,2015-10-06,13362.0,12961.14,137,-62258.05985154887,-0.03397068711421547,1,stop
066970,2015-10-07,2015-10-08,9363.0,9082.11,175,-55725.83954621246,-0.03397068711421558,1,stop
010950,2015-10-07,2015-10-08,70900.0,68773.0,23,-55459.71318594995,-0.03397068711421558,1,stop
051910,2015-10-02,2015-10-12,282500.0,287000.0,6,19973.95365000004,0.011770505604306702,5,time
000660,2015-10-08,2015-10-12,38000.0,36860.0,41,-52987.20374300005,-0.03397068711421558,1,stop
003670,2015-10-05,2015-10-13,12008.0,12418.0,153,55015.75742670032,0.0299106443999253,5,time
096770,2015-10-06,2015-10-14,108726.0,107250.0,15,-28758.443571000127,-0.01761333078649452,5,time
010140,2015-10-13,2015-10-14,10444.0,10130.68,184,-65356.41687041614,-0.03397068711421569,1,stop
000720,2015-10-14,2015-10-15,37654.0,36524.38,45,-57627.15509515512,-0.03397068711421569,1,stop
005930,2015-10-08,2015-10-16,25000.0,25300.0,63,12389.616855000146,0.007857386227230867,5,time
011200,2015-10-12,2015-10-19,47237.0,46594.0,34,-28379.496626499807,-0.017649981163196937,5,time
066970,2015-10-12,2015-10-19,8992.0,9921.0,181,160983.2547341499,0.09879764981700423,5,time
032820,2015-10-16,2015-10-19,867.0,840.99,1836,-54137.14169740211,-0.03397068711421569,1,stop
131970,2015-10-15,2015-10-20,5736.0,5563.92,295,-57548.59255301976,-0.03397068711421547,3,stop
095340,2015-10-14,2015-10-21,27568.0,28302.0,62,38369.131129400106,0.02242259115953482,5,time
080220,2015-10-20,2015-10-21,8170.0,7924.9,200,-55571.945389,-0.03397068711421558,1,stop
028300,2015-10-21,2015-10-22,10325.0,10015.25,161,-56535.271798512666,-0.03397068711421569,1,stop
086520,2015-10-20,2015-10-23,1220.0,1183.3999999999999,1339,-55557.66129043,-0.03397068711421558,3,stop
066570,2015-10-22,2015-10-23,54500.0,52865.0,31,-57459.4869857498,-0.03397068711421547,1,stop
068270,2015-10-20,2015-10-27,56445.0,54751.65,28,-53751.062918909825,-0.03397068711421547,5,stop
131290,2015-10-26,2015-10-27,15100.0,14647.0,109,-55976.66151515022,-0.03397068711421569,1,stop
000810,2015-10-21,2015-10-28,314000.0,317000.0,5,8521.605250000022,0.005421538462123898,5,time
086520,2015-10-26,2015-10-28,1363.0,1567.4499999999998,1211,240094.5851633523,0.14529248434912567,2,target
011070,2015-10-22,2015-10-29,94700.0,95000.0,17,-1512.727235000115,-0.0009385610103581632,5,time
058610,2015-10-28,2015-10-29,6090.0,5907.3,288,-59650.39562832005,-0.03397068711421558,1,stop
066570,2015-10-27,2015-10-30,53300.0,51701.0,29,-52568.88371344982,-0.03397068711421547,3,stop
010170,2015-10-29,2015-10-30,998.0,968.06,1668,-56614.820623644395,-0.0339706871142158,1,stop
214450,2015-10-27,2015-11-02,73000.0,70810.0,21,-52136.95978050004,-0.03397068711421558,4,stop
086520,2015-10-30,2015-11-02,1525.0,1479.25,1043,-54095.07162613748,-0.03397068711421558,1,stop
131290,2015-10-30,2015-11-02,12400.0,12028.0,128,-53980.28869119985,-0.03397068711421547,1,stop
012450,2015-10-28,2015-11-04,35294.0,38810.0,49,164688.64648460015,0.09511904517800973,5,time
047810,2015-10-29,2015-11-05,88000.0,92900.0,18,81448.43319000001,0.051360393241440594,5,time
010170,2015-11-04,2015-11-05,1133.0,1099.01,1423,-54832.53922945168,-0.03397068711421569,1,stop
039030,2015-11-04,2015-11-05,104900.0,101753.0,15,-53514.35499974992,-0.03397068711421558,1,stop
000150,2015-11-05,2015-11-06,95316.0,92456.52,16,-51866.78625897621,-0.03397068711421569,1,stop
087010,2015-11-09,2015-11-10,25249.0,24491.53,63,-54098.88071908965,-0.03397068711421569,1,stop
196170,2015-11-09,2015-11-10,4503.0,4367.91,355,-54366.80959655251,-0.03397068711421558,1,stop
028300,2015-11-09,2015-11-10,10942.0,10613.74,146,-54331.67751602223,-0.03397068711421569,1,stop
036930,2015-11-05,2015-11-12,6030.0,6550.0,265,130845.04001999996,0.0817889930761806,5,time
161390,2015-11-06,2015-11-13,48600.0,49250.0,32,14365.159920000238,0.009226245378322728,5,time
141080,2015-11-11,2015-11-13,13312.0,15308.8,116,224617.53906176006,0.1452924843491259,2,target
087010,2015-11-12,2015-11-13,29534.0,28647.98,54,-54239.987207106315,-0.0339706871142158,1,stop
196170,2015-11-12,2015-11-16,4886.0,4739.42,329,-54670.482730198884,-0.03397068711421547,2,stop
141080,2015-11-16,2015-11-17,14363.0,13932.109999999999,112,-54710.00206957571,-0.03397068711421536,1,stop
079550,2015-11-17,2015-11-18,108500.0,105245.0,14,-51660.82316150004,-0.03397068711421558,1,stop
214450,2015-11-18,2015-11-19,74300.0,72071.0,21,-53065.42618754995,-0.03397068711421558,1,stop
080220,2015-11-18,2015-11-19,7200.0,6984.0,220,-53871.45746399998,-0.03397068711421558,1,stop
068270,2015-11-18,2015-11-25,62773.0,64085.0,25,26271.896244999953,0.016721656978162525,5,time
009830,2015-11-18,2015-11-25,28478.0,30596.0,55,109727.61197750014,0.06997526240380392,5,time
005290,2015-11-18,2015-11-25,5350.0,5290.0,297,-24279.30063899979,-0.015262536821312178,5,time
039030,2015-11-19,2015-11-26,110300.0,119200.0,14,117904.23253000015,0.07626523816008368,5,time
086520,2015-11-25,2015-11-26,1687.0,1636.3899999999999,961,-55136.85854850942,-0.03397068711421558,1,stop
006400,2015-11-20,2015-11-27,118462.0,121400.0,13,31770.149589100154,0.02060618668385228,5,time
011200,2015-11-25,2015-11-27,35057.0,34005.29,46,-54844.88477178686,-0.03397068711421547,2,stop
079550,2015-11-27,2015-11-30,121000.0,117370.0,12,-49382.169341999805,-0.03397068711421547,1,stop
034020,2015-11-25,2015-12-02,18092.0,18859.0,89,61462.88480124995,0.038127395358033,5,time
034220,2015-11-26,2015-12-03,23199.0,22922.0,70,-25988.027236500056,-0.015984784717082534,5,time
036930,2015-11-26,2015-12-03,6990.0,7640.0,232,143709.4650839998,0.08851584007306346,5,time
196170,2015-12-03,2015-12-04,5707.0,5535.79,286,-55510.795843217056,-0.03397068711421558,1,stop
032820,2015-12-04,2015-12-07,1010.0,1161.5,1604,235650.35823370027,0.14529248434912612,1,target
010170,2015-12-04,2015-12-08,1059.0,1027.23,1529,-55068.97507054359,-0.03397068711421569,2,stop
196170,2015-12-07,2015-12-08,5791.0,5617.2699999999995,293,-57706.49986173562,-0.03397068711421569,1,stop
000990,2015-12-02,2015-12-09,13000.0,13550.0,122,60402.4406450002,0.03804101424285333,5,time
006260,2015-12-08,2015-12-09,41500.0,40255.0,39,-55044.79413224966,-0.03397068711421536,1,stop
032820,2015-12-09,2015-12-10,1095.0,1062.1499999999999,1496,-55712.06559402007,-0.03397068711421558,1,stop
001440,2015-12-09,2015-12-10,30949.0,30020.53,52,-54733.53682245803,-0.03397068711421558,1,stop
066970,2015-12-10,2015-12-15,9919.0,9621.43,163,-54986.87551352405,-0.03397068711421536,3,stop
131290,2015-12-14,2015-12-18,10750.0,12362.499999999998,150,234553.59290624992,0.1452924843491259,4,target
131290,2015-12-21,2015-12-22,12650.0,12270.5,131,-56359.27129827533,-0.0339706871142158,1,stop
036930,2015-12-22,2015-12-23,8110.0,7866.7,202,-55715.46656986978,-0.03397068711421547,1,stop
214370,2015-12-22,2015-12-23,16016.0,15535.52,102,-55559.42979787197,-0.03397068711421558,1,stop
000880,2015-12-18,2015-12-28,38716.0,39398.0,42,21895.587785399985,0.013449855545328182,5,time
096770,2015-12-23,2015-12-28,133325.0,129325.25,11,-49877.86157213757,-0.03397068711421558,2,stop
064760,2015-12-21,2015-12-29,25500.0,26250.0,65,41813.516062499955,0.025197876015841558,5,time
010950,2015-12-23,2015-12-29,81400.0,78958.0,19,-52599.492496100254,-0.03397068711421569,3,stop
131970,2015-12-28,2015-12-29,4976.0,4826.72,324,-54831.34888790408,-0.03397068711421558,1,stop
098460,2015-12-22,2015-12-30,7500.0,7730.0,218,43291.62777300016,0.026447641045651338,5,time
028050,2015-12-30,2016-01-04,12800.0,14719.999999999998,126,234597.2307839999,0.1452924843491259,1,target
087010,2015-12-30,2016-01-04,30502.0,29586.94,53,-54980.37964965124,-0.03397068711421569,1,stop
028300,2015-12-30,2016-01-04,8792.0,8528.24,184,-55018.538598687854,-0.03397068711421547,1,stop
039030,2015-12-30,2016-01-04,125300.0,121541.0,12,-51137.07288060011,-0.03397068711421569,1,stop
003230,2015-12-29,2016-01-07,26200.0,26500.0,60,11504.564699999988,0.0073100177647471565,5,time
196170,2016-01-05,2016-01-07,5652.0,6499.799999999999,289,237597.77125809016,0.1452924843491259,2,target
028050,2016-01-06,2016-01-07,13350.0,12949.5,124,-56299.75422090036,-0.0339706871142158,1,stop
028300,2016-01-07,2016-01-08,8993.0,8723.21,186,-56888.055023433175,-0.03397068711421569,1,stop
141080,2016-01-07,2016-01-08,12861.0,12475.17,130,-56861.9355289049,-0.03397068711421547,1,stop
214450,2016-01-07,2016-01-08,74700.0,72459.0,22,-55891.637118900195,-0.03397068711421569,1,stop
064760,2016-01-07,2016-01-11,28450.0,27596.5,58,-56119.50250085001,-0.03397068711421558,2,stop
068270,2016-01-05,2016-01-12,66649.0,73241.0,24,151186.2125424,0.09440784650820722,5,time
214370,2016-01-08,2016-01-12,17008.0,16497.76,95,-54951.60739395977,-0.03397068711421547,2,stop
196170,2016-01-11,2016-01-12,6779.0,6575.63,239,-55101.96453628852,-0.03397068711421558,1,stop
000100,2016-01-11,2016-01-14,42295.0,41026.15,38,-54660.823958784575,-0.03397068711421536,3,stop
087010,2016-01-12,2016-01-14,32851.0,31865.469999999998,49,-54745.47424769169,-0.03397068711421569,2,stop
068270,2016-01-14,2016-01-15,77581.0,75253.56999999999,20,-52770.22148377006,-0.03397068711421558,1,stop
000720,2016-01-14,2016-01-20,30551.0,29634.469999999998,52,-54029.67086054222,-0.03397068711421569,4,stop
079550,2016-01-18,2016-01-20,115000.0,111550.0,13,-50844.58895750018,-0.03397068711421569,2,stop
086520,2016-01-18,2016-01-20,1779.0,1725.6299999999999,896,-54211.010892864084,-0.03397068711421569,2,stop
083650,2016-01-20,2016-01-21,3210.0,3113.7,486,-53057.26384551008,-0.03397068711421569,1,stop
001440,2016-01-20,2016-01-21,22373.0,21701.809999999998,69,-52502.12255751458,-0.03397068711421569,1,stop
214370,2016-01-20,2016-01-21,18768.0,18204.96,83,-52978.49724482396,-0.03397068711421558,1,stop
068270,2016-01-19,2016-01-22,86645.0,84045.65,18,-53041.959454184864,-0.03397068711421547,3,stop
141080,2016-01-21,2016-01-22,14338.0,13907.859999999999,105,-51201.35132416501,-0.03397068711421558,1,stop
001440,2016-01-25,2016-01-26,27660.0,26830.2,54,-50798.335685939994,-0.03397068711421558,1,stop
084370,2016-01-20,2016-01-27,13600.0,13400.0,114,-29086.63373999996,-0.01873917581340878,5,time
068270,2016-01-25,2016-01-27,84696.0,82155.12,17,-48968.338600571966,-0.03397068711421558,2,stop
001440,2016-01-28,2016-01-29,29385.0,28503.45,50,-49968.83767612488,-0.03397068711421547,1,stop
141080,2016-01-25,2016-02-01,13812.0,14814.0,108,101783.70527400007,0.0681551557654938,5,time
214370,2016-01-25,2016-02-01,19920.0,20560.0,75,41735.78280000016,0.02790350437480482,5,time
079550,2016-01-29,2016-02-01,127500.0,123675.0,11,-47698.68629624974,-0.03397068711421536,1,stop
047050,2016-01-28,2016-02-02,15200.0,14744.0,97,-50143.98793240008,-0.03397068711421569,3,stop
028050,2016-02-01,2016-02-02,12850.0,12464.5,117,-51131.97141682473,-0.03397068711421536,1,stop
005490,2016-02-01,2016-02-02,178500.0,173145.0,8,-48565.93513799994,-0.03397068711421558,1,stop
017670,2016-02-02,2016-02-03,36750.0,35647.5,40,-49994.3449949997,-0.03397068711421536,1,stop
000720,2016-01-28,2016-02-04,34054.0,36486.0,43,98266.62030280009,0.06703015374462074,5,time
011200,2016-02-02,2016-02-04,19365.0,18784.05,76,-50053.52197478991,-0.03397068711421558,2,stop
032830,2016-02-01,2016-02-11,108500.0,109500.0,13,7181.164250000147,0.005085369955754704,5,time
064760,2016-02-04,2016-02-11,29850.0,28954.5,49,-49744.373270025244,-0.0339706871142158,2,stop
096770,2016-02-05,2016-02-11,141688.0,137437.36,10,-48187.74662348023,-0.03397068711421569,1,stop
131290,2016-02-02,2016-02-12,11600.0,11800.0,127,19287.65128999995,0.01307730999397938,5,time
222800,2016-02-04,2016-02-16,6041.0,6470.0,244,98326.64672539989,0.06663054255901257,5,time
083650,2016-02-12,2016-02-17,2765.0,3179.7499999999995,521,209543.99786976236,0.14529248434912567,3,target
009540,2016-02-16,2016-02-17,93112.0,90318.64,16,-50667.46613523201,-0.03397068711421558,1,stop
047050,2016-02-15,2016-02-22,18550.0,19350.0,77,55564.736150000244,0.03885665403284144,5,time
161390,2016-02-15,2016-02-22,49800.0,49700.0,28,-8506.27554000006,-0.006093304135646016,5,time
083650,2016-02-19,2016-02-22,3520.0,3414.4,483,-57822.03101136,-0.03397068711421558,1,stop
006260,2016-02-16,2016-02-23,41550.0,41300.0,36,-15103.555109999841,-0.010085709127423126,5,time
222800,2016-02-23,2016-02-24,7592.0,7364.24,196,-50607.608960272046,-0.03397068711421558,1,stop
005380,2016-02-18,2016-02-25,147500.0,147000.0,10,-11030.10474999994,-0.007469446135171642,5,time
007660,2016-02-22,2016-02-25,4826.0,4681.22,311,-51044.770396030974,-0.03397068711421558,3,stop
058610,2016-02-24,2016-02-25,5850.0,5674.5,246,-48943.4434573499,-0.03397068711421547,1,stop
082740,2016-02-25,2016-02-26,1722.0,1670.34,833,-48784.48184612091,-0.03397068711421547,1,stop
005290,2016-02-22,2016-02-29,5370.0,5740.0,280,97132.52850000001,0.06452576474196148,5,time
036930,2016-02-22,2016-02-29,8700.0,8880.0,172,24736.18189200014,0.01651147036684053,5,time
000990,2016-02-25,2016-03-04,14550.0,16000.0,98,135837.45871499996,0.09515492302919548,5,time
012450,2016-02-25,2016-03-04,38860.0,40439.0,36,50943.20317380014,0.036373218791968975,5,time
039030,2016-02-26,2016-03-07,124900.0,124400.0,11,-11114.302704999922,-0.008080307355231908,5,time
196170,2016-03-04,2016-03-07,5115.0,4961.55,300,-52187.97441824991,-0.03397068711421558,1,stop
043260,2016-03-04,2016-03-08,984.0,954.48,1563,-52306.73649493186,-0.03397068711421547,2,stop
064350,2016-03-02,2016-03-09,14900.0,15750.0,106,83361.68361499999,0.052719966647139405,5,time
087010,2016-03-04,2016-03-09,26493.0,25698.21,58,-52259.19085254916,-0.03397068711421569,3,stop
034020,2016-03-08,2016-03-09,16830.0,16325.1,89,-50942.196964395,-0.03397068711421558,1,stop
042660,2016-03-07,2016-03-10,24209.0,27840.35,58,204243.0139402852,0.14529248434912612,3,target
032820,2016-03-09,2016-03-10,893.0,1026.9499999999998,1718,223160.32486409484,0.14529248434912567,1,target
145020,2016-03-10,2016-03-11,93437.0,90633.89,18,-57199.856489361264,-0.03397068711421569,1,stop
180640,2016-03-07,2016-03-14,17166.0,19563.0,83,192525.45730485,0.1349713980275442,5,time
003490,2016-03-10,2016-03-14,18531.0,17975.07,90,-56721.13512871484,-0.03397068711421547,2,stop
010140,2016-03-09,2016-03-16,8817.0,8552.49,174,-52176.3430808431,-0.03397068711421569,5,stop
047040,2016-03-09,2016-03-16,6220.0,6033.4,246,-52039.01167602022,-0.03397068711421569,5,stop
000990,2016-03-15,2016-03-16,17350.0,16829.5,93,-54876.44582767505,-0.03397068711421558,1,stop
078600,2016-03-16,2016-03-17,4169.0,4794.349999999999,368,223162.9431367598,0.14529248434912567,1,target
214370,2016-03-11,2016-03-18,19856.0,19260.32,82,-55374.41671163216,-0.03397068711421569,5,stop
001440,2016-03-21,2016-03-22,37899.0,43583.85,41,226023.69694245723,0.14529248434912567,1,target
047050,2016-03-21,2016-03-22,23100.0,22407.0,68,-53422.528651799774,-0.03397068711421547,1,stop
001440,2016-03-24,2016-03-25,43222.0,41925.34,37,-54388.88192981924,-0.03397068711421569,1,stop
034220,2016-03-24,2016-03-25,24632.0,23893.04,65,-54452.34413917968,-0.03397068711421536,1,stop
001440,2016-03-28,2016-03-29,38333.0,37183.01,41,-53451.53897580062,-0.03397068711421569,1,stop
042700,2016-03-28,2016-03-29,2940.0,2851.7999999999997,543,-54293.85866457014,-0.03397068711421569,1,stop
028050,2016-03-23,2016-03-30,10450.0,10900.0,155,62906.31406249991,0.03879243431707691,5,time
141080,2016-03-31,2016-04-01,15264.0,14806.08,104,-53988.99518937594,-0.03397068711421558,1,stop
064760,2016-04-01,2016-04-04,37650.0,36520.5,41,-52499.16370852501,-0.03397068711421558,1,stop
028300,2016-04-01,2016-04-06,7100.0,8164.999999999999,222,229273.40969849983,0.14529248434912567,3,target
086520,2016-04-05,2016-04-06,1586.0,1538.4199999999998,976,-52644.92953345622,-0.03397068711421569,1,stop
042700,2016-03-31,2016-04-07,2900.0,3000.0,549,48213.40783499996,0.03024811185828402,5,time
012450,2016-04-01,2016-04-07,41100.0,39867.0,38,-53116.44082530006,-0.03397068711421558,4,stop
064760,2016-04-06,2016-04-07,40050.0,38848.5,41,-55845.723944925005,-0.03397068711421558,1,stop
196170,2016-04-01,2016-04-08,5248.0,5430.0,301,48146.78649129998,0.03044442437959849,5,time
145020,2016-04-06,2016-04-08,102304.0,117649.59999999999,16,238097.57041791966,0.14529248434912567,2,target
007660,2016-04-07,2016-04-08,5225.0,5068.25,303,-53843.39941323758,-0.03397068711421558,1,stop
086520,2016-04-08,2016-04-12,1600.0,1552.0,1035,-56320.16007599956,-0.03397068711421536,2,stop
031980,2016-04-07,2016-04-15,8306.0,8560.0,190,41650.19375900016,0.026361631301470734,5,time
034020,2016-04-15,2016-04-18,20464.0,19850.079999999998,80,-55678.05583552038,-0.0339706871142158,1,stop
010170,2016-04-11,2016-04-19,1244.0,1248.0,1332,-1478.4573960003909,-0.000891220140005089,5,time
145020,2016-04-11,2016-04-19,109124.0,105850.28,15,-55669.21329830983,-0.03397068711421547,5,stop
000150,2016-04-12,2016-04-20,76646.0,83894.0,21,145162.95982440002,0.09008403038685553,5,time
028050,2016-04-12,2016-04-20,11950.0,12550.0,137,75248.30215999996,0.04591018217802656,5,time
141080,2016-04-19,2016-04-20,17365.0,16844.05,93,-54923.88944078237,-0.03397068711421547,1,stop
034020,2016-04-20,2016-04-21,19966.0,19367.02,83,-56360.22357151308,-0.03397068711421558,1,stop
042700,2016-04-21,2016-04-22,3470.0,3365.9,478,-56410.62603360973,-0.03397068711421547,1,stop
082740,2016-04-18,2016-04-25,2405.0,2332.85,663,-54229.07007462764,-0.03397068711421569,5,stop
009830,2016-04-20,2016-04-26,31441.0,30497.77,52,-55603.64248392219,-0.03397068711421569,4,stop
039490,2016-04-21,2016-04-26,70100.0,67997.0,23,-54833.93362955004,-0.03397068711421558,3,stop
141080,2016-04-22,2016-04-26,17691.0,17160.27,93,-55954.99729898549,-0.03397068711421558,2,stop
000880,2016-04-20,2016-04-27,38132.0,37792.0,43,-21296.619692199863,-0.012973388355274618,5,time
066970,2016-04-26,2016-04-27,8816.0,8551.52,178,-53369.74550660839,-0.0339706871142158,1,stop
058470,2016-04-26,2016-04-28,8649.0,8389.53,182,-53535.373030502815,-0.03397068711421547,2,stop
033780,2016-04-28,2016-04-29,126000.0,122220.0,12,-51422.754851999925,-0.03397068711421558,1,stop
086520,2016-04-25,2016-05-02,1792.0,1849.0,862,42658.64457849995,0.027584337908352907,5,time
058610,2016-05-02,2016-05-03,6160.0,5975.2,252,-52794.02831472014,-0.03397068711421569,1,stop
032820,2016-05-02,2016-05-03,770.0,746.9,2019,-52872.59085685527,-0.0339706871142158,1,stop
012450,2016-05-10,2016-05-11,47468.0,46043.96,32,-51660.00692729605,-0.03397068711421558,1,stop
028300,2016-05-11,2016-05-13,7956.0,7717.32,191,-51681.09297756618,-0.03397068711421569,2,stop
010170,2016-05-17,2016-05-18,1331.0,1291.07,1136,-51423.29900813615,-0.03397068711421569,1,stop
006800,2016-05-17,2016-05-18,8399.0,8147.03,180,-51416.633095470024,-0.03397068711421558,1,stop
005290,2016-05-17,2016-05-24,6050.0,6340.0,250,66087.73887500004,0.043644175461510226,5,time
006260,2016-05-17,2016-05-24,52800.0,53200.0,28,5108.202960000141,0.0034512544033844517,5,time
028300,2016-05-24,2016-05-25,8394.0,8142.179999999999,180,-51386.02431282005,-0.03397068711421558,1,stop
000990,2016-05-26,2016-05-27,20900.0,20273.0,71,-50467.08063815022,-0.03397068711421569,1,stop
011070,2016-05-23,2016-05-30,82300.0,85900.0,18,58537.89287999994,0.0394698547793324,5,time
032820,2016-05-27,2016-05-30,800.0,776.0,1859,-50579.312841199804,-0.03397068711421547,1,stop
043260,2016-05-30,2016-05-31,1175.0,1139.75,1267,-50631.177722912515,-0.03397068711421558,1,stop
011200,2016-05-31,2016-06-01,16278.0,15789.66,90,-49824.97639767011,-0.03397068711421569,1,stop
042660,2016-06-01,2016-06-02,21544.0,20897.68,67,-49091.31788730784,-0.03397068711421547,1,stop
005290,2016-05-27,2016-06-03,6930.0,7400.0,214,94205.772567,0.06344995096098005,5,time
043260,2016-06-02,2016-06-03,1160.0,1125.2,1234,-48682.928707239684,-0.03397068711421536,1,stop
031980,2016-05-30,2016-06-07,9026.0,9535.0,165,77633.99974275008,0.05206830877647328,5,time
011200,2016-06-03,2016-06-07,15654.0,15184.38,93,-49512.154638987035,-0.03397068711421558,1,stop
010140,2016-06-01,2016-06-09,6897.0,7027.0,211,21385.159769100137,0.01467812565278015,5,time
086520,2016-06-08,2016-06-09,1952.0,1893.44,759,-50387.76988132787,-0.03397068711421547,1,stop
028300,2016-06-09,2016-06-10,9391.0,9109.27,155,-49504.774521392304,-0.03397068711421547,1,stop
084370,2016-06-09,2016-06-13,16300.0,15811.0,89,-49337.95665595005,-0.03397068711421558,2,stop
141080,2016-06-07,2016-06-14,19242.0,20394.0,76,81300.71743199998,0.055530471198242726,5,time
042660,2016-06-08,2016-06-14,21122.0,20488.34,70,-50284.7883325899,-0.03397068711421547,4,stop
047050,2016-06-13,2016-06-14,26600.0,25802.0,53,-47946.957533300156,-0.03397068711421569,1,stop
196170,2016-06-08,2016-06-15,5331.0,5506.0,278,42432.97119989991,0.028598993389980842,5,time
087010,2016-06-10,2016-06-15,25387.0,24625.39,55,-47487.31564717274,-0.0339706871142158,3,stop
028300,2016-06-14,2016-06-15,9091.0,8818.27,159,-49160.05160923628,-0.03397068711421547,1,stop
005290,2016-06-20,2016-06-27,8250.0,9000.0,173,123518.33456250001,0.08644346341419062,5,time
011200,2016-06-24,2016-06-27,15208.0,14751.76,94,-48618.71828319179,-0.03397068711421547,1,stop
083650,2016-06-24,2016-06-27,3310.0,3210.7,433,-48743.8061749551,-0.03397068711421569,1,stop
032820,2016-06-24,2016-06-27,940.0,911.8,1526,-48784.95798274013,-0.03397068711421569,1,stop
067310,2016-06-24,2016-06-27,3695.0,3584.15,388,-48758.430371110095,-0.03397068711421569,1,stop
067310,2016-06-29,2016-06-30,3839.0,3723.83,369,-48177.9178032733,-0.03397068711421547,1,stop
010170,2016-06-30,2016-07-04,1393.0,1351.21,1010,-47849.3495264051,-0.03397068711421569,2,stop
141080,2016-07-01,2016-07-04,20769.0,20145.93,67,-47325.36117719556,-0.03397068711421558,1,stop
083650,2016-06-29,2016-07-06,3055.0,2975.0,464,-42819.848847999936,-0.03017287669859825,5,time
033780,2016-07-04,2016-07-06,136000.0,131920.0,10,-46253.27156000002,-0.03397068711421558,2,stop
080220,2016-07-06,2016-07-07,4050.0,3928.5,336,-46280.47936680005,-0.03397068711421558,1,stop
196170,2016-07-01,2016-07-08,6028.0,6057.0,233,981.059769350104,0.0006976973691836807,5,time
214370,2016-07-04,2016-07-08,20304.0,23349.6,67,197878.57493003993,0.1452924843491259,4,target
000250,2016-07-04,2016-07-11,10700.0,10900.0,128,19911.635200000135,0.014521583047986342,5,time
214370,2016-07-11,2016-07-12,22720.0,22038.399999999998,62,-47907.506213440094,-0.03397068711421569,1,stop
082740,2016-07-06,2016-07-13,2269.0,2357.0,601,47143.495235800045,0.034531352869829446,5,time
066970,2016-07-08,2016-07-13,9965.0,11459.75,149,215976.2210501125,0.1452924843491259,3,target
005290,2016-07-07,2016-07-14,10400.0,10550.0,126,13474.000575000187,0.010270544304622042,5,time
196170,2016-07-13,2016-07-14,6828.0,6623.16,228,-52945.84787666402,-0.03397068711421558,1,stop
145020,2016-07-08,2016-07-15,120650.0,117547.0,12,-43059.60037020012,-0.02970723322736135,5,time
031980,2016-07-12,2016-07-15,10764.0,10441.08,128,-46858.37318323203,-0.03397068711421558,3,stop
032820,2016-07-14,2016-07-15,1100.0,1067.0,1328,-49681.455216800096,-0.03397068711421569,1,stop
067310,2016-07-14,2016-07-15,4737.0,4594.89,308,-49620.10161246592,-0.03397068711421558,1,stop
005490,2016-07-15,2016-07-19,227000.0,220190.0,6,-46321.29107700009,-0.03397068711421569,2,stop
080220,2016-07-19,2016-07-20,4900.0,4753.0,288,-47994.57119519985,-0.03397068711421547,1,stop
034020,2016-07-14,2016-07-21,18397.0,19011.0,79,42406.82964010001,0.02914489460527503,5,time
066970,2016-07-15,2016-07-21,12840.0,12454.8,108,-47162.01230712002,-0.03397068711421558,4,stop
036930,2016-07-15,2016-07-22,9670.0,10550.0,143,119801.985446,0.08653709004840415,5,time
011070,2016-07-15,2016-07-22,89100.0,91200.0,15,25929.892125000013,0.01937905209232693,5,time
080220,2016-07-22,2016-07-25,4730.0,4588.099999999999,301,-48420.71346920496,-0.03397068711421558,1,stop
098460,2016-07-22,2016-07-26,9190.0,8914.3,155,-48445.20049532503,-0.03397068711421558,2,stop
010140,2016-07-20,2016-07-27,7589.0,7447.0,180,-31082.871005999856,-0.022728190006366056,5,time
240810,2016-07-26,2016-07-27,25150.0,24395.5,55,-47043.99844512483,-0.03397068711421547,1,stop
005290,2016-07-27,2016-07-28,12100.0,11737.0,111,-45678.506641349755,-0.03397068711421536,1,stop
083650,2016-07-27,2016-07-28,3500.0,3395.0,385,-45828.1495787499,-0.03397068711421547,1,stop
064350,2016-07-22,2016-07-29,20250.0,21300.0,70,67474.11982500018,0.047546104847509874,5,time
031980,2016-07-25,2016-08-01,11738.0,12374.0,119,69736.42386339977,0.04986770587805345,5,time
009540,2016-07-29,2016-08-01,114459.0,111025.23,11,-42819.95242966665,-0.03397068711421569,1,stop
086790,2016-07-26,2016-08-02,27600.0,27250.0,50,-23103.925124999834,-0.016722741067621838,5,time
043260,2016-08-01,2016-08-02,1540.0,1493.8,902,-47242.27533717989,-0.03397068711421547,1,stop
000720,2016-07-29,2016-08-03,35464.0,34400.08,38,-45832.63886687183,-0.03397068711421547,3,stop
067310,2016-08-02,2016-08-04,4997.0,4847.09,274,-46565.41312351287,-0.03397068711421547,2,stop
180640,2016-08-03,2016-08-04,18250.0,17702.5,74,-45930.17885424988,-0.03397068711421547,1,stop
131290,2016-08-04,2016-08-05,10500.0,12074.999999999998,127,193970.36659874977,0.14529248434912567,1,target
080220,2016-08-04,2016-08-05,4905.0,5640.75,272,194066.36992980004,0.1452924843491259,1,target
131290,2016-08-08,2016-08-09,11550.0,11203.5,127,-49887.2142557248,-0.03397068711421547,1,stop
000990,2016-08-09,2016-08-10,20300.0,19691.0,75,-51779.85731624998,-0.03397068711421558,1,stop
012450,2016-08-04,2016-08-11,59997.0,62443.0,22,48244.00601459993,0.03650832686869787,5,time
084370,2016-08-04,2016-08-11,19950.0,20850.0,67,54644.37355499994,0.040834621278381666,5,time
080220,2016-08-08,2016-08-16,5380.0,5870.0,273,127356.44908350008,0.08661174771769331,5,time
006400,2016-08-08,2016-08-16,113566.0,113078.0,12,-11423.730393600184,-0.008372962627130165,5,time
068270,2016-08-11,2016-08-17,84919.0,82371.43,16,-46209.19491298427,-0.0339706871142158,3,stop
180640,2016-08-12,2016-08-17,19300.0,18721.0,74,-48572.737089700066,-0.03397068711421558,2,stop
086520,2016-08-16,2016-08-17,1754.0,1701.3799999999999,837,-49929.65843433305,-0.03397068711421558,1,stop
003490,2016-08-16,2016-08-17,19110.0,18536.7,76,-49394.41285506007,-0.03397068711421558,1,stop
131970,2016-08-17,2016-08-24,5081.0,5384.0,275,77353.04132874985,0.05529632744935409,5,time
006260,2016-08-17,2016-08-24,58000.0,61200.0,24,70868.8953600002,0.050853074095450035,5,time
080220,2016-08-18,2016-08-25,6400.0,6730.0,219,66312.90730650001,0.04725793745511098,5,time
028050,2016-08-23,2016-08-25,12050.0,11688.5,118,-48358.47561115003,-0.03397068711421558,2,stop
145020,2016-08-19,2016-08-26,138110.0,143328.0,10,46366.14673099993,0.03353332848606194,5,time
086280,2016-08-26,2016-08-29,92535.0,89758.95,15,-47206.39504196262,-0.03397068711421569,1,stop
180640,2016-08-31,2016-09-01,19800.0,19206.0,72,-48484.311717600096,-0.03397068711421569,1,stop
066970,2016-08-26,2016-09-02,14509.0,15576.0,99,99434.97103815014,0.0691460314720389,5,time
011200,2016-09-01,2016-09-02,8518.0,8262.46,166,-48089.390401898185,-0.03397068711421569,1,stop
011200,2016-09-05,2016-09-06,8500.0,8245.0,168,-48565.935138000175,-0.03397068711421569,1,stop
180640,2016-09-05,2016-09-06,20000.0,19400.0,71,-48293.857070000144,-0.03397068711421569,1,stop
003490,2016-08-31,2016-09-07,19536.0,20574.0,73,69706.05668970011,0.04882168807636811,5,time
012450,2016-09-05,2016-09-07,64377.0,62445.689999999995,22,-48167.81690499908,-0.03397068711421569,2,stop
012330,2016-09-07,2016-09-09,284000.0,275480.0,4,-38635.085655999836,-0.03397068711421547,2,stop
021240,2016-09-19,2016-09-20,99400.0,96418.0,14,-47327.9799285999,-0.03397068711421547,1,stop
003230,2016-09-20,2016-09-21,32450.0,31476.5,43,-47455.51652297517,-0.03397068711421569,1,stop
010170,2016-09-13,2016-09-23,1429.0,1442.0,987,7012.978031849954,0.004966539344290366,5,time
003230,2016-09-23,2016-09-26,35050.0,40307.5,39,198835.98996787495,0.1452924843491259,1,target
036930,2016-09-20,2016-09-27,10200.0,10900.0,137,89890.45732499985,0.06425303319739739,5,time
058470,2016-09-20,2016-09-27,8569.0,9130.0,163,85449.27290845034,0.06110706257718901,5,time
028300,2016-09-23,2016-09-28,8156.0,7911.32,171,-47432.593945745844,-0.03397068711421547,3,stop
083650,2016-09-22,2016-09-29,3490.0,3610.0,394,41505.34530399996,0.030149711847600402,5,time
010170,2016-09-27,2016-09-29,1639.0,1589.83,929,-51784.312594613526,-0.03397068711421558,2,stop
003230,2016-09-28,2016-09-29,43000.0,41710.0,33,-48259.84731149976,-0.03397068711421547,1,stop
087010,2016-09-27,2016-09-30,22623.0,21944.309999999998,67,-51549.985358548816,-0.0339706871142158,3,stop
003490,2016-09-29,2016-10-04,21609.0,20960.73,66,-48504.51351414877,-0.03397068711421547,2,stop
237690,2016-09-30,2016-10-04,57500.0,55775.0,25,-48889.02784374985,-0.03397068711421547,1,stop
010170,2016-10-04,2016-10-05,1603.0,1554.9099999999999,878,-47866.49044468929,-0.0339706871142158,1,stop
131970,2016-10-04,2016-10-06,5459.0,5295.23,257,-47714.43281443557,-0.03397068711421558,2,stop
031980,2016-09-29,2016-10-07,12459.0,12459.0,114,-5820.780013200128,-0.004093491870325483,5,time
003230,2016-10-04,2016-10-07,45300.0,43941.0,31,-47759.903861549916,-0.03397068711421547,3,stop
047050,2016-09-30,2016-10-10,25250.0,25350.0,57,-215.13823499996215,-0.00014930767971277348,5,time
005290,2016-10-05,2016-10-10,9680.0,9389.6,141,-46419.23918148014,-0.03397068711421569,3,stop
028260,2016-10-07,2016-10-10,166500.0,161505.0,8,-45300.99832200003,-0.03397068711421558,1,stop
018260,2016-10-06,2016-10-11,163000.0,158110.0,8,-44348.7250839998,-0.03397068711421547,3,stop
043260,2016-10-10,2016-10-11,1495.0,1450.1499999999999,926,-47082.089374644915,-0.03397068711421558,1,stop
222800,2016-10-10,2016-10-11,8686.0,8425.42,159,-46969.99321062863,-0.03397068711421536,1,stop
064760,2016-10-11,2016-10-12,37200.0,36084.0,36,-45545.86858320027,-0.0339706871142158,1,stop
066570,2016-10-12,2016-10-13,53700.0,52089.0,24,-43831.7767548,-0.03397068711421558,1,stop
000720,2016-10-12,2016-10-13,41691.0,40440.27,31,-43954.92609032849,-0.03397068711421558,1,stop
011200,2016-10-17,2016-10-18,8072.0,7829.84,162,-44473.336839143885,-0.03397068711421547,1,stop
131970,2016-10-17,2016-10-20,5887.0,5710.389999999999,223,-44648.044968558475,-0.03397068711421558,3,stop
009830,2016-10-21,2016-10-26,34887.0,33840.39,37,-43900.44245721144,-0.03397068711421558,3,stop
084370,2016-10-31,2016-11-02,19400.0,18818.0,66,-43546.09478339995,-0.03397068711421558,2,stop
003230,2016-11-07,2016-11-08,44600.0,51289.99999999999,28,181649.93911399995,0.1452924843491259,1,target
222800,2016-11-08,2016-11-09,9894.0,9597.18,132,-44417.016679068096,-0.03397068711421569,1,stop
079550,2016-11-10,2016-11-11,76800.0,74496.0,17,-44403.140697599854,-0.03397068711421547,1,stop
003230,2016-11-10,2016-11-14,52000.0,50440.0,25,-44212.6860499999,-0.03397068711421547,2,stop
222800,2016-11-11,2016-11-14,10275.0,9966.75,126,-44030.733842025045,-0.03397068711421558,1,stop
047810,2016-11-11,2016-11-14,72300.0,70131.0,17,-41801.394172349945,-0.03397068711421558,1,stop
141080,2016-11-11,2016-11-14,17991.0,17451.27,72,-44054.608692492126,-0.03397068711421569,1,stop
035720,2016-11-11,2016-11-14,16016.0,15535.52,80,-43576.0233708797,-0.03397068711421536,1,stop
000150,2016-11-14,2016-11-16,89014.0,86343.58,14,-42382.82500366587,-0.03397068711421547,2,stop
034020,2016-11-14,2016-11-16,21382.0,20740.54,58,-42177.40606232616,-0.03397068711421569,2,stop
082740,2016-11-15,2016-11-18,2191.0,2125.27,599,-44634.71314322646,-0.03397068711421558,3,stop
047050,2016-11-17,2016-11-18,27200.0,26384.0,44,-40702.87897279998,-0.03397068711421558,1,stop
064350,2016-11-14,2016-11-21,19200.0,19400.0,65,7847.121749999933,0.006280534256025483,5,time
006260,2016-11-14,2016-11-21,61200.0,59364.0,20,-41627.94440399995,-0.03397068711421558,5,stop
180640,2016-11-21,2016-11-22,18200.0,17654.0,66,-40852.521910199896,-0.03397068711421547,1,stop
035720,2016-11-17,2016-11-24,16177.0,16197.0,74,-3430.3101375999395,-0.0028622295743128134,5,time
039030,2016-11-24,2016-12-01,73400.0,77100.0,16,54212.54935999983,0.046108879792887025,5,time
064760,2016-12-09,2016-12-12,33050.0,32058.5,36,-40464.81066329987,-0.03397068711421547,1,stop
080220,2016-12-06,2016-12-13,3945.0,4165.0,308,62580.68123999983,0.051445020623598126,5,time
005490,2016-12-09,2016-12-13,278000.0,269660.0,4,-37818.85145199974,-0.03397068711421536,2,stop
000250,2016-12-13,2016-12-14,10200.0,9894.0,117,-40587.24579389999,-0.03397068711421558,1,stop
145020,2016-12-09,2016-12-15,110215.0,106908.55,11,-41232.2408638522,-0.03397068711421536,4,stop
084370,2016-12-14,2016-12-15,17500.0,16975.0,67,-39876.44184124982,-0.03397068711421547,1,stop
066970,2016-12-12,2016-12-19,12423.0,13026.0,100,55031.03872500011,0.04424681436828015,5,time
005290,2016-12-14,2016-12-21,9910.0,10550.0,119,71102.51023400016,0.06022337646499176,5,time
240810,2016-12-14,2016-12-21,23950.0,25000.0,49,46488.88021750003,0.03956838009360619,5,time
000250,2016-12-19,2016-12-21,11900.0,11543.0,109,-44114.057750349864,-0.03397068711421547,2,stop
078600,2016-12-15,2016-12-22,3700.0,3645.0,316,-22120.378330999985,-0.018897507531712376,5,time
028050,2016-12-15,2016-12-22,10150.0,10450.0,115,29614.66832500021,0.025342168468482917,5,time
006400,2016-12-21,2016-12-22,107203.0,103986.91,11,-40105.42954523023,-0.03397068711421536,1,stop
083650,2016-12-21,2016-12-28,3570.0,3462.9,348,-42252.36357005988,-0.03397068711421547,5,stop
095340,2016-12-23,2016-12-28,15669.0,15198.93,76,-40500.31685117376,-0.03397068711421536,3,stop
078600,2016-12-29,2017-01-02,3880.0,4462.0,306,172701.2649834,0.1452924843491259,1,target
131970,2017-01-03,2017-01-05,7622.0,7393.34,162,-41994.025444494095,-0.03397068711421569,2,stop
028300,2017-01-05,2017-01-06,6206.0,6019.82,195,-41157.58944394509,-0.03397068711421569,1,stop
066970,2017-01-02,2017-01-09,13258.0,13582.0,92,24721.40245040017,0.020244546192279556,5,time
196170,2017-01-02,2017-01-09,4530.0,4490.0,270,-15780.669479999924,-0.012887368321801485,5,time
145020,2017-01-02,2017-01-09,109124.0,114922.0,11,58670.64752230025,0.04882122839410674,5,time
087010,2017-01-04,2017-01-10,19212.0,18635.64,64,-41817.31073932815,-0.03397068711421569,4,stop
028300,2017-01-10,2017-01-11,6444.0,6250.679999999999,190,-41640.18791706022,-0.0339706871142158,1,stop
000990,2017-01-06,2017-01-13,17850.0,19000.0,65,69774.69671250018,0.06006855207080242,5,time
131290,2017-01-09,2017-01-13,10800.0,10476.0,114,-41872.814665199956,-0.03397068711421558,4,stop
222800,2017-01-10,2017-01-16,12368.0,11996.96,99,-41642.63661967195,-0.03397068711421558,4,stop
161390,2017-01-11,2017-01-16,63200.0,61304.0,19,-40838.91800679965,-0.03397068711421525,3,stop
078600,2017-01-13,2017-01-17,4590.0,4452.3,264,-41211.664959959686,-0.03397068711421536,2,stop
028300,2017-01-16,2017-01-17,6822.0,6617.34,174,-40370.535612738226,-0.0339706871142158,1,stop
010140,2017-01-11,2017-01-18,8744.0,8663.0,137,-15973.63401874993,-0.013319066796961154,5,time
064760,2017-01-13,2017-01-20,34950.0,37850.0,34,93439.43121000007,0.0785425274022371,5,time
083650,2017-01-16,2017-01-20,4050.0,4657.5,293,172609.6254401249,0.14529248434912567,4,target
006800,2017-01-18,2017-01-20,8623.0,8364.31,135,-39590.929918642854,-0.033970687114215914,2,stop
005940,2017-01-18,2017-01-24,11200.0,10864.0,104,-39614.566700799856,-0.03397068711421547,4,stop
083650,2017-01-23,2017-01-25,4850.0,5577.5,254,179191.67200074974,0.14529248434912567,2,target
007660,2017-01-26,2017-01-31,4393.0,4261.21,286,-42729.79255988286,-0.03397068711421547,1,stop
083650,2017-01-31,2017-02-01,5600.0,6439.999999999999,227,184908.23398599983,0.14529248434912567,1,target
036930,2017-01-24,2017-02-02,10850.0,11350.0,111,50400.716054999735,0.04180081726007412,5,time
067310,2017-01-26,2017-02-02,4244.0,4116.68,296,-42723.87486190419,-0.03397068711421569,3,stop
131970,2017-02-01,2017-02-02,7874.0,7637.78,185,-49541.675109365024,-0.03397068711421558,1,stop
011070,2017-01-26,2017-02-06,99500.0,104000.0,12,48947.554500000086,0.04094750598478569,5,time
028050,2017-01-31,2017-02-07,12050.0,12500.0,105,41925.45708750002,0.0330980374789156,5,time
003230,2017-02-02,2017-02-07,43500.0,50024.99999999999,29,183497.27593874978,0.14529248434912567,3,target
207940,2017-02-06,2017-02-08,250175.0,242669.75,5,-42541.95666368748,-0.03397068711421558,2,stop
064350,2017-02-07,2017-02-08,21100.0,20467.0,67,-48079.59559145034,-0.0339706871142158,1,stop
000720,2017-02-02,2017-02-09,43200.0,45243.0,29,53938.111921650125,0.043004586743307316,5,time
006400,2017-02-02,2017-02-09,114546.0,123358.0,11,91482.48302820022,0.07252138904772254,5,time
145020,2017-02-07,2017-02-09,118161.0,114616.17,12,-48223.52488942188,-0.03397068711421547,2,stop
000250,2017-02-08,2017-02-09,13450.0,13046.5,96,-43913.40017520031,-0.0339706871142158,1,stop
003230,2017-02-09,2017-02-10,49100.0,56464.99999999999,26,185693.7157854999,0.14529248434912567,1,target
003230,2017-02-13,2017-02-14,57100.0,55387.0,23,-44665.01583805005,-0.03397068711421558,1,stop
032640,2017-02-09,2017-02-16,12550.0,12600.0,104,-164.30050000036135,-0.00012573685785677302,5,time
010170,2017-02-15,2017-02-16,1273.0,1234.81,1065,-46108.560037582414,-0.03397068711421547,1,stop
047040,2017-02-10,2017-02-17,5920.0,6220.0,230,63216.475429999875,0.04637474333894853,5,time
006260,2017-02-13,2017-02-20,70400.0,68288.0,19,-45491.45296959998,-0.03397068711421558,5,stop
145020,2017-02-17,2017-02-22,130096.0,126193.12,10,-44245.33541816007,-0.03397068711421569,3,stop
095340,2017-02-20,2017-02-22,16130.0,15646.1,83,-45531.924582215026,-0.03397068711421558,2,stop
000990,2017-02-16,2017-02-23,18900.0,18333.0,70,-44994.91049549985,-0.03397068711421547,5,stop
086520,2017-02-17,2017-02-24,1516.0,1470.52,895,-46145.120527969906,-0.03397068711421547,5,stop
000100,2017-02-20,2017-02-27,31277.0,32971.0,43,67115.54388170037,0.04984600439759279,5,time
039030,2017-02-22,2017-02-28,83900.0,81383.0,15,-42801.28107224987,-0.03397068711421547,4,stop
083650,2017-02-22,2017-03-02,6850.0,7030.0,187,28311.179347000085,0.02207631418271716,5,time
011070,2017-02-23,2017-03-03,120500.0,125000.0,10,39929.006750000175,0.03309803747891582,5,time
028050,2017-03-07,2017-03-09,13200.0,12804.0,100,-44892.881219999865,-0.03397068711421547,2,stop
010140,2017-03-08,2017-03-09,10327.0,10017.19,127,-44604.78455574624,-0.03397068711421536,1,stop
082740,2017-03-07,2017-03-10,1940.0,1881.8,680,-44865.673413200304,-0.0339706871142158,3,stop
003230,2017-03-15,2017-03-16,63200.0,61304.0,20,-42988.33474399964,-0.03397068711421536,1,stop
039490,2017-03-17,2017-03-20,86000.0,83420.0,14,-40947.749233999755,-0.03397068711421536,1,stop
000250,2017-03-17,2017-03-20,15000.0,14550.0,85,-43362.44208749989,-0.03397068711421547,1,stop
086790,2017-03-14,2017-03-21,39950.0,39050.0,32,-33954.235040000174,-0.026529433229942723,5,time
010170,2017-03-15,2017-03-22,1422.0,1496.0,912,61974.23395679984,0.04773286649929198,5,time
078600,2017-03-17,2017-03-24,4670.0,4730.0,274,11147.559302000096,0.008701880825130903,5,time
018260,2017-03-20,2017-03-24,139500.0,135315.0,8,-37954.89048599987,-0.03397068711421547,4,stop
005380,2017-03-22,2017-03-24,167500.0,162475.0,8,-45573.07638999983,-0.03397068711421547,2,stop
009150,2017-03-20,2017-03-27,66700.0,66300.0,18,-12099.07296000002,-0.010065944692692175,5,time
207940,2017-03-22,2017-03-27,274904.0,266656.88,5,-46747.09325341997,-0.03397068711421558,3,stop
015760,2017-03-24,2017-03-27,48850.0,47384.5,25,-41534.41756812483,-0.03397068711421547,1,stop
047040,2017-03-24,2017-03-27,7290.0,7071.3,170,-42148.2937090497,-0.03397068711421536,1,stop
180640,2017-03-24,2017-03-30,19150.0,18575.5,64,-41682.3600176,-0.03397068711421558,4,stop
095340,2017-03-29,2017-03-30,19597.0,22536.55,62,176735.44132179487,0.14529248434912567,1,target
028300,2017-04-04,2017-04-05,6661.0,6461.17,189,-42815.87125864648,-0.03397068711421558,1,stop
098460,2017-04-05,2017-04-06,11179.0,10843.63,110,-41821.45992986509,-0.03397068711421569,1,stop
087010,2017-03-31,2017-04-07,19260.0,20411.0,65,69463.90505924984,0.055423039326832235,5,time
095340,2017-04-03,2017-04-10,20800.0,20176.0,60,-42444.178608000046,-0.03397068711421558,5,stop
214370,2017-04-06,2017-04-10,10768.0,10444.96,111,-40650.09582760814,-0.03397068711421569,2,stop
067310,2017-04-07,2017-04-10,3839.0,3723.83,345,-45044.3946941176,-0.03397068711421569,1,stop
141080,2017-04-04,2017-04-11,14213.0,14764.0,88,43219.25589080015,0.03451514008488843,5,time
005290,2017-04-04,2017-04-11,9800.0,10200.0,128,45908.27775999997,0.03655575335945738,5,time
010170,2017-04-19,2017-04-20,1689.0,1942.35,739,181558.4450303174,0.14529248434912567,1,target
237690,2017-04-18,2017-04-25,45850.0,45900.0,27,-3727.3465575003065,-0.0030074433336519935,5,time
090430,2017-04-21,2017-04-25,310500.0,301185.0,4,-42240.12005700008,-0.03397068711421569,2,stop
010170,2017-04-24,2017-04-25,2071.0,2008.87,700,-49303.946897450136,-0.03397068711421569,1,stop
145020,2017-04-19,2017-04-26,144930.0,143976.0,8,-12361.117490400095,-0.010649034606513341,5,time
047810,2017-04-21,2017-04-28,63100.0,63800.0,21,9226.13884499995,0.006954599345059265,5,time
005380,2017-04-27,2017-04-28,150000.0,145500.0,8,-40811.710199999856,-0.03397068711421547,1,stop
000880,2017-04-25,2017-05-04,39200.0,40050.0,32,21979.030959999887,0.017501419657996564,5,time
078600,2017-05-04,2017-05-08,5240.0,5082.8,243,-43305.305693220114,-0.03397068711421569,1,stop
082740,2017-04-27,2017-05-10,2074.0,2183.0,599,60007.2184542499,0.048246821237743376,5,time
005940,2017-04-27,2017-05-10,13500.0,13450.0,92,-9676.40337000019,-0.007782034493027945,5,time
071050,2017-04-28,2017-05-11,50800.0,54500.0,24,83541.68772000005,0.06844300576904083,5,time
080220,2017-05-02,2017-05-12,3690.0,3690.0,357,-5398.681806000182,-0.004093491870325483,5,time
078600,2017-05-10,2017-05-12,5120.0,4966.4,247,-43010.10098944022,-0.0339706871142158,2,stop
009540,2017-05-11,2017-05-12,169459.0,164375.22999999998,8,-46106.0773252123,-0.0339706871142158,1,stop
086520,2017-05-08,2017-05-16,1916.0,1993.0,644,44385.02672380023,0.03592989076327857,5,time
090430,2017-05-10,2017-05-17,350000.0,357500.0,3,18130.55887499987,0.017247361875310396,5,time
066570,2017-05-12,2017-05-19,80200.0,81400.0,16,13884.58719999995,0.010807852390966488,5,time
095340,2017-05-12,2017-05-19,22534.0,23835.0,59,71084.12914085016,0.05340514872063551,5,time
131970,2017-05-12,2017-05-19,8579.0,9434.0,155,126684.74871475017,0.09516050794910269,5,time
031980,2017-05-16,2017-05-22,13349.0,15351.349999999999,100,194174.01002824958,0.14529248434912545,4,target
009830,2017-05-17,2017-05-24,34888.0,35312.0,30,8393.160756000085,0.008009935080115715,5,time
131290,2017-05-19,2017-05-25,11600.0,13339.999999999998,120,202479.75275999983,0.14529248434912567,4,target
131970,2017-05-22,2017-05-25,9358.0,9077.26,156,-49649.07792670792,-0.03397068711421558,3,stop
005290,2017-05-19,2017-05-26,11650.0,12050.0,119,41778.133249999955,0.030100723001079688,5,time
083650,2017-05-22,2017-05-29,6480.0,6450.0,226,-12761.744156999746,-0.008704170148703283,5,time
010140,2017-05-26,2017-05-29,10495.0,10180.15,138,-49256.6733331352,-0.03397068711421569,1,stop
012330,2017-05-24,2017-05-31,274500.0,274500.0,3,-3374.8676999999443,-0.004093491870325261,5,time
214450,2017-05-25,2017-06-01,39150.0,40800.0,41,60872.338687499985,0.0378795793535307,5,time
141080,2017-05-25,2017-06-01,16189.0,17066.0,100,80806.88003500015,0.04985733941200987,5,time
078600,2017-05-31,2017-06-01,5910.0,5732.7,174,-34973.59505588992,-0.03397068711421547,1,stop
084370,2017-05-29,2017-06-05,18950.0,19800.0,75,57737.495062500006,0.04057777630435666,5,time
207940,2017-05-29,2017-06-05,306175.0,338174.0,4,122599.59585219994,0.09999081401239351,5,time
222800,2017-06-01,2017-06-05,10370.0,10058.9,140,-49375.36739030015,-0.03397068711421569,2,stop
240810,2017-06-05,2017-06-07,31550.0,30603.5,44,-47212.34674970014,-0.03397068711421569,1,stop
145020,2017-06-05,2017-06-07,173917.0,168699.49,8,-47319.00135235605,-0.03397068711421558,1,stop
087010,2017-06-07,2017-06-08,21425.0,20782.25,64,-46634.18085519993,-0.03397068711421558,1,stop
131970,2017-06-01,2017-06-09,10491.0,10541.0,138,946.4566194002982,0.0006529884848824885,5,time
034220,2017-06-01,2017-06-09,30085.0,33922.0,48,177714.91128719994,0.12292307026009053,5,time
207940,2017-06-08,2017-06-09,361447.0,350603.58999999997,3,-36878.17554164841,-0.03397068711421547,1,stop
042700,2017-06-09,2017-06-12,4480.0,4345.599999999999,325,-49518.20837599994,-0.03397068711421558,1,stop
011070,2017-06-09,2017-06-12,152500.0,147925.0,9,-46678.39354124991,-0.03397068711421547,1,stop
039030,2017-06-09,2017-06-12,101500.0,98455.0,14,-48327.86682850006,-0.03397068711421558,1,stop
036930,2017-06-05,2017-06-13,12100.0,12450.0,116,34728.07564999978,0.024713721174747683,5,time
000990,2017-06-12,2017-06-13,22500.0,21825.0,62,-47443.6131074999,-0.03397068711421547,1,stop
035420,2017-06-12,2017-06-13,185463.0,179899.11,7,-44152.86288479855,-0.03397068711421558,1,stop
000250,2017-06-07,2017-06-14,15500.0,16200.0,88,55828.45531999995,0.04088293107746632,5,time
010170,2017-06-13,2017-06-15,2520.0,2444.4,552,-47308.93446383998,-0.03397068711421558,2,stop
005290,2017-06-14,2017-06-15,15150.0,14695.5,92,-47402.80139730009,-0.03397068711421569,1,stop
042700,2017-06-14,2017-06-15,4455.0,4321.349999999999,314,-47575.2308728951,-0.03397068711421569,1,stop
034220,2017-06-12,2017-06-19,33274.0,34430.0,42,42681.59899079986,0.030506133164173166,5,time
010140,2017-06-15,2017-06-20,11242.0,10904.74,121,-46262.862311897334,-0.0339706871142158,3,stop
267270,2017-06-14,2017-06-21,79697.0,79352.0,17,-11400.15185855003,-0.008404667263436028,5,time
039030,2017-06-15,2017-06-21,97400.0,94478.0,14,-46375.70669059991,-0.03397068711421547,4,stop
028300,2017-06-20,2017-06-21,6383.0,6191.51,215,-46673.12202868215,-0.03397068711421536,1,stop
078600,2017-06-20,2017-06-21,6300.0,6111.0,218,-46709.002323899884,-0.03397068711421547,1,stop
086520,2017-06-16,2017-06-23,2373.0,2463.0,579,46325.58555509988,0.033677930688322144,5,time
009150,2017-06-21,2017-06-26,93200.0,107179.99999999999,14,189795.6762939999,0.14529248434912567,3,target
087010,2017-06-23,2017-06-26,24604.0,23865.88,56,-46859.461495504016,-0.03397068711421558,1,stop
068270,2017-06-21,2017-06-28,89901.0,89588.0,14,-9527.13353969995,-0.007560847484218258,5,time
031980,2017-06-26,2017-06-29,16824.0,16319.279999999999,83,-47490.95469133183,-0.03397068711421547,3,stop
006400,2017-06-27,2017-06-29,169861.0,164765.16999999998,8,-46215.452708547935,-0.03397068711421558,2,stop
087010,2017-06-28,2017-06-29,24881.0,24134.57,61,-51618.00487554842,-0.03397068711421558,1,stop
078600,2017-06-23,2017-06-30,6380.0,6630.0,218,48639.39078699984,0.03493105782127626,5,time
018260,2017-06-29,2017-06-30,189000.0,183330.0,7,-44994.91049549985,-0.03397068711421547,1,stop
131290,2017-06-29,2017-06-30,13900.0,13483.0,99,-46800.82867185003,-0.03397068711421558,1,stop
064760,2017-06-29,2017-07-03,43300.0,42001.0,31,-45651.29883454996,-0.03397068711421558,2,stop
207940,2017-06-27,2017-07-04,399992.0,420355.0,3,55991.16493035015,0.04660663269477738,5,time
145020,2017-07-04,2017-07-05,198265.0,192317.05,6,-40457.668614015216,-0.0339706871142158,1,stop
218410,2017-07-05,2017-07-06,11242.0,10904.74,114,-43586.498376497766,-0.03397068711421536,1,stop
083650,2017-06-30,2017-07-07,7370.0,8030.0,187,117408.05341100018,0.08509216557412325,5,time
006800,2017-06-30,2017-07-07,10706.0,10463.0,129,-36914.50494344975,-0.02669813239671326,5,time
047040,2017-07-04,2017-07-11,7810.0,7860.0,168,2998.070124000078,0.0022823500511195416,5,time
064760,2017-07-10,2017-07-11,49700.0,48209.0,27,-45637.69493115018,-0.03397068711421569,1,stop
267270,2017-07-10,2017-07-11,87771.0,85137.87,15,-44776.05769955274,-0.0339706871142158,1,stop
083650,2017-07-11,2017-07-12,8220.0,7973.4,160,-44729.63437920017,-0.03397068711421569,1,stop
086520,2017-07-11,2017-07-17,2823.0,3246.45,468,192175.97706567007,0.1452924843491259,4,target
064760,2017-07-13,2017-07-17,52200.0,50634.0,25,-44382.73484249972,-0.03397068711421536,2,stop
003670,2017-07-12,2017-07-19,14964.0,15921.0,87,77678.23286744999,0.059598203417037476,5,time
066970,2017-07-14,2017-07-21,22158.0,23874.0,59,95587.86060540006,0.07303330513078143,5,time
031980,2017-07-17,2017-07-24,17968.0,18604.0,76,42597.132277600234,0.03115787384486146,5,time
051910,2017-07-17,2017-07-24,322000.0,335000.0,4,46568.21980000008,0.036113913737394476,5,time
086520,2017-07-19,2017-07-24,3332.0,3831.7999999999997,417,202107.95804156992,0.1452924843491259,3,target
005290,2017-07-18,2017-07-25,16700.0,17000.0,86,19838.105470000068,0.013797044203860409,5,time
036930,2017-07-24,2017-07-25,17600.0,17072.0,82,-49082.88346720021,-0.03397068711421569,1,stop
178320,2017-07-24,2017-07-25,9633.0,9344.01,149,-48814.7845409445,-0.03397068711421558,1,stop
131290,2017-07-24,2017-07-25,14650.0,14210.5,98,-48827.81027845014,-0.03397068711421569,1,stop
095340,2017-07-25,2017-07-26,26145.0,25360.649999999998,53,-47126.81220707251,-0.03397068711421558,1,stop
042700,2017-07-25,2017-07-26,4760.0,4617.2,296,-47918.38933615992,-0.03397068711421558,1,stop
086520,2017-07-26,2017-07-27,4125.0,4001.25,335,-46997.23502718727,-0.03397068711421547,1,stop
207940,2017-07-26,2017-07-27,425446.0,412682.62,3,-43407.947144372854,-0.03397068711421547,1,stop
010170,2017-07-21,2017-07-28,3153.0,3165.0,445,-425.8655339998659,-0.000303172143856445,5,time
078600,2017-07-25,2017-07-28,8300.0,8051.0,169,-47705.488247950096,-0.03397068711421569,3,stop
003670,2017-07-26,2017-07-31,18786.0,18222.42,73,-46640.23459221306,-0.03397068711421558,3,stop
095340,2017-07-28,2017-07-31,26097.0,25314.09,55,-48815.39671659749,-0.03397068711421558,1,stop
035720,2017-08-01,2017-08-02,24385.0,23653.45,57,-47271.6937782825,-0.03397068711421558,1,stop
079550,2017-07-27,2017-08-03,80100.0,80300.0,16,-2061.6868800001685,-0.0016068339224361017,5,time
010950,2017-07-27,2017-08-03,115000.0,112500.0,11,-32603.15162499994,-0.02574363335140517,5,time
003230,2017-08-02,2017-08-03,52700.0,51119.0,26,-46600.171096700244,-0.0339706871142158,1,stop
267270,2017-08-02,2017-08-09,94230.0,93192.0,14,-19895.5863413997,-0.015063999728105015,5,time
267250,2017-08-02,2017-08-09,92000.0,95000.0,14,36597.70030000014,0.028381720351294604,5,time
087010,2017-08-08,2017-08-09,21770.0,21116.899999999998,60,-44423.54655270022,-0.0339706871142158,1,stop
180640,2017-08-09,2017-08-10,25950.0,25171.5,50,-44127.66165374988,-0.03397068711421547,1,stop
001440,2017-08-10,2017-08-11,11754.0,11401.38,110,-43972.57715499005,-0.03397068711421558,1,stop
012450,2017-08-11,2017-08-14,40337.0,39126.89,32,-43899.25211566384,-0.03397068711421547,1,stop
222800,2017-08-11,2017-08-17,10370.0,11925.499999999998,124,187043.5808038998,0.14529248434912567,3,target
214450,2017-08-11,2017-08-21,40800.0,40350.0,31,-19092.278062499827,-0.015077754827637846,5,time
131290,2017-08-18,2017-08-21,15550.0,15083.5,86,-45481.25004204991,-0.03397068711421547,1,stop
003670,2017-08-21,2017-08-22,22971.0,22281.87,56,-43749.33710019593,-0.03397068711421558,1,stop
222800,2017-08-21,2017-08-23,12225.0,11858.25,105,-43655.77625456243,-0.03397068711421558,2,stop
001440,2017-08-17,2017-08-24,11917.0,12054.0,112,9828.881188000087,0.007355630527406065,5,time
066970,2017-08-18,2017-08-24,27813.0,31984.949999999997,48,194192.04701772006,0.1452924843491259,4,target
068270,2017-08-23,2017-08-24,93199.0,90403.03,13,-41205.7812717394,-0.03397068711421547,1,stop
005290,2017-08-21,2017-08-28,17300.0,17300.0,74,-5246.515639999881,-0.004093491870325261,5,time
086520,2017-08-25,2017-08-28,4105.0,3981.85,332,-46350.53946931008,-0.03397068711421569,1,stop
007660,2017-08-22,2017-08-29,4042.0,4394.0,315,105335.16902999999,0.08263562511672196,5,time
010170,2017-08-25,2017-08-29,3211.0,3692.6499999999996,424,198037.9986434197,0.14529248434912567,2,target
003670,2017-08-24,2017-08-30,23608.0,27149.199999999997,57,195738.5734051799,0.14529248434912567,4,target
066970,2017-08-28,2017-09-04,33190.0,33378.0,39,2005.6338354002219,0.001547677865389785,5,time
031980,2017-08-28,2017-09-04,20426.0,19813.22,63,-43765.04960862291,-0.03397068711421547,5,stop
010170,2017-08-31,2017-09-04,3708.0,3596.7599999999998,404,-50947.70654527214,-0.03397068711421569,2,stop
003670,2017-09-04,2017-09-05,28885.0,28018.45,46,-45189.10621653497,-0.03397068711421558,1,stop
141080,2017-09-04,2017-09-05,18391.0,17839.27,72,-45034.08973729191,-0.03397068711421547,1,stop
178320,2017-08-30,2017-09-06,9471.0,9748.0,158,37504.35539610009,0.025033960642811603,5,time
214450,2017-08-31,2017-09-07,44350.0,45250.0,33,23614.522304999875,0.01611656128224981,5,time
066570,2017-09-06,2017-09-08,87000.0,84390.0,15,-44382.73484249995,-0.03397068711421558,2,stop
084370,2017-09-12,2017-09-13,20350.0,19739.5,67,-46370.60522682499,-0.03397068711421558,1,stop
031980,2017-09-13,2017-09-14,22163.0,21498.11,65,-48994.288046307396,-0.03397068711421547,1,stop
086520,2017-09-12,2017-09-19,4729.0,4806.0,292,16758.642806200078,0.01212236795754218,5,time
066970,2017-09-12,2017-09-19,38800.0,41814.0,35,99613.65460550017,0.073268936364284,5,time
240810,2017-09-12,2017-09-19,33200.0,34400.0,41,43476.486099999864,0.03190312890544589,5,time
009150,2017-09-12,2017-09-19,110000.0,109000.0,12,-17374.24739999976,-0.013147187398776738,5,time
078600,2017-09-14,2017-09-21,7550.0,8610.0,184,188771.79288799968,0.13572914370814537,5,time
214370,2017-09-20,2017-09-21,12640.0,12260.8,130,-55884.83516720007,-0.03397068711421558,1,stop
006400,2017-09-20,2017-09-21,218813.0,212248.61,7,-52092.441006623674,-0.03397068711421569,1,stop
207940,2017-09-19,2017-09-22,477809.0,463474.73,2,-32500.33739825315,-0.03397068711421569,3,stop
035720,2017-09-21,2017-09-22,28901.0,28033.969999999998,54,-53077.46564205922,-0.03397068711421569,1,stop
237690,2017-09-21,2017-09-22,34900.0,33853.0,45,-53412.32572425017,-0.03397068711421569,1,stop
068270,2017-09-19,2017-09-26,109780.0,111986.0,12,20995.15446839994,0.01591898542001946,5,time
267270,2017-09-25,2017-09-27,92626.0,89847.22,15,-47252.818362315185,-0.03397068711421569,2,stop
028300,2017-09-27,2017-09-28,6920.0,7957.999999999999,198,199302.91525979992,0.1452924843491259,1,target
078600,2017-09-27,2017-09-28,9160.0,8885.199999999999,150,-46729.40817900025,-0.0339706871142158,1,stop
098460,2017-09-28,2017-09-29,13700.0,13289.0,102,-47525.23652790021,-0.03397068711421569,1,stop
042700,2017-09-29,2017-10-10,4475.0,4340.75,311,-47332.23114841245,-0.03397068711421558,1,stop
028300,2017-10-10,2017-10-11,8313.0,8063.61,168,-47497.484564964194,-0.03397068711421569,1,stop
080220,2017-10-11,2017-10-13,3210.0,3113.7,455,-49672.952777175,-0.03397068711421558,2,stop
039030,2017-09-29,2017-10-16,82500.0,83800.0,16,15329.056560000172,0.011599580378990781,5,time
028300,2017-10-13,2017-10-16,9667.0,9376.99,176,-57863.93103383202,-0.03397068711421558,1,stop
012330,2017-10-10,2017-10-17,235000.0,236000.0,5,169.87475000019185,0.00014440816426919412,5,time
003230,2017-10-11,2017-10-17,60000.0,58200.0,24,-48974.05223999987,-0.03397068711421547,4,stop
034730,2017-10-11,2017-10-18,298000.0,302500.0,4,13061.880700000096,0.010945364796062451,5,time
068270,2017-10-16,2017-10-18,136503.0,156978.44999999998,10,198556.7075502749,0.14529248434912567,2,target
207940,2017-10-16,2017-10-19,574535.0,557298.95,2,-39079.59319959488,-0.03397068711421547,3,stop
028260,2017-10-17,2017-10-19,149000.0,144530.0,10,-50674.5401649999,-0.03397068711421547,2,stop
196170,2017-10-19,2017-10-20,4454.0,4320.38,310,-46958.63395128981,-0.03397068711421547,1,stop
083650,2017-10-19,2017-10-20,5350.0,5189.5,258,-46943.669657550054,-0.03397068711421558,1,stop
012450,2017-10-20,2017-10-23,38758.0,37595.26,35,-46135.257698005065,-0.03397068711421558,1,stop
047810,2017-10-20,2017-10-24,56800.0,55096.0,23,-44430.34850439988,-0.03397068711421547,2,stop
032820,2017-10-23,2017-10-24,675.0,654.75,2120,-48667.964413499925,-0.03397068711421558,1,stop
018260,2017-10-18,2017-10-25,189000.0,193000.0,7,22495.53600000008,0.016983894545117506,5,time
196170,2017-10-24,2017-10-25,4552.0,4415.44,298,-46134.10136621585,-0.03397068711421547,1,stop
028300,2017-10-25,2017-10-26,10942.0,10613.74,122,-45400.442855854286,-0.0339706871142158,1,stop
068270,2017-10-20,2017-10-27,136661.0,132561.16999999998,9,-41830.26845731633,-0.03397068711421547,5,stop
084370,2017-10-26,2017-10-27,22200.0,21534.0,59,-44545.98168329988,-0.03397068711421547,1,stop
090430,2017-10-27,2017-10-30,325000.0,315250.0,3,-33159.514537499985,-0.03397068711421558,1,stop
005290,2017-10-24,2017-10-31,19000.0,21850.0,71,196224.9902825004,0.14529248434912612,5,target
098460,2017-10-24,2017-10-31,15100.0,15360.0,89,17564.21114300005,0.01305456721005327,5,time
214450,2017-10-30,2017-10-31,47000.0,45590.0,26,-41559.924886999885,-0.03397068711421547,1,stop
047810,2017-10-26,2017-11-02,55200.0,56300.0,23,20022.339614999713,0.015752471153997583,5,time
087010,2017-10-31,2017-11-02,22622.0,21943.34,60,-46162.125407219864,-0.03397068711421547,2,stop
011070,2017-10-27,2017-11-03,175000.0,173000.0,7,-18979.022299999837,-0.015475280534664404,5,time
006400,2017-11-02,2017-11-03,221261.0,214623.16999999998,6,-45150.19905281137,-0.033970687114215914,1,stop
082740,2017-11-02,2017-11-03,2340.0,2269.7999999999997,592,-47113.03825488011,-0.03397068711421569,1,stop
086520,2017-11-03,2017-11-06,3872.0,3755.8399999999997,334,-43983.05216060812,-0.03397068711421569,1,stop
035420,2017-11-01,2017-11-08,174247.0,169019.59,7,-41482.688725446584,-0.03397068711421569,5,stop
064350,2017-11-01,2017-11-08,19300.0,19900.0,71,36858.64960999973,0.02686733221660731,5,time
066970,2017-11-03,2017-11-09,34396.0,39555.399999999994,37,185119.44131430984,0.14529248434912567,4,target
080220,2017-11-03,2017-11-10,3625.0,3650.0,357,3595.1055787499063,0.0027748288753963735,5,time
214150,2017-11-08,2017-11-10,3380.0,3278.6,383,-44026.992768590106,-0.03397068711421569,2,stop
010140,2017-11-09,2017-11-10,10786.0,10462.42,127,-46587.31540798675,-0.03397068711421536,1,stop
000250,2017-11-09,2017-11-10,14350.0,13919.5,95,-46363.80327512487,-0.03397068711421547,1,stop
006400,2017-11-06,2017-11-13,211470.0,208044.0,6,-25695.278008199995,-0.020228053258949052,5,time
042660,2017-11-10,2017-11-13,18612.0,18053.64,69,-43676.28413893818,-0.03397068711421569,1,stop
058470,2017-11-10,2017-11-13,11933.0,11575.01,109,-44236.3908516746,-0.03397068711421569,1,stop
033780,2017-11-10,2017-11-13,116000.0,112520.0,11,-43396.45184599981,-0.03397068711421547,1,stop
066970,2017-11-13,2017-11-14,40979.0,39749.63,30,-41810.57680714526,-0.0339706871142158,1,stop
078600,2017-11-14,2017-11-16,8620.0,9913.0,144,180556.08297839994,0.1452924843491259,2,target
087010,2017-11-10,2017-11-17,23729.0,24651.0,54,44389.92834539991,0.03460286282205782,5,time
028300,2017-11-16,2017-11-17,16912.0,16404.64,87,-50040.05411042413,-0.03397068711421569,1,stop
141080,2017-11-13,2017-11-20,16790.0,18467.0,75,120243.55066125002,0.09537852803041713,5,time
039490,2017-11-14,2017-11-21,80000.0,83500.0,15,47427.387375000166,0.039477417860348085,5,time
067310,2017-11-14,2017-11-21,3975.0,4334.0,313,106936.85848065023,0.08585127200855625,5,time
031980,2017-11-17,2017-11-21,23604.0,22895.88,58,-46560.44769877195,-0.03397068711421558,2,stop
028300,2017-11-20,2017-11-21,15618.0,17960.699999999997,89,202189.12449418497,0.1452924843491259,1,target
078600,2017-11-21,2017-11-22,12000.0,13799.999999999998,115,200734.2376499998,0.14529248434912567,1,target
218410,2017-11-21,2017-11-22,10215.0,11747.25,135,200592.4145473123,0.14529248434912567,1,target
082740,2017-11-21,2017-11-22,2859.0,2773.23,482,-46866.73958382313,-0.03397068711421569,1,stop
068270,2017-11-17,2017-11-23,170296.0,165187.12,8,-46333.80666812789,-0.03397068711421547,4,stop
196170,2017-11-21,2017-11-23,5520.0,6347.999999999999,250,200734.2376499998,0.14529248434912567,2,target
086520,2017-11-23,2017-11-24,4842.0,4696.74,305,-50225.95145038515,-0.03397068711421569,1,stop
064760,2017-11-23,2017-11-24,74500.0,72265.0,19,-48140.81315674982,-0.03397068711421547,1,stop
066970,2017-11-23,2017-11-24,44270.0,42941.9,33,-49685.196290235035,-0.03397068711421558,1,stop
042700,2017-11-23,2017-11-27,6450.0,6256.5,229,-50234.113792425254,-0.0339706871142158,2,stop
214150,2017-11-23,2017-11-27,3830.0,3715.1,386,-50279.34677122999,-0.03397068711421558,2,stop
218410,2017-11-24,2017-11-27,12831.0,12446.07,111,-48438.09245579853,-0.03397068711421558,1,stop
067310,2017-11-24,2017-11-27,4504.0,4368.88,317,-48558.04487402807,-0.03397068711421558,1,stop
078600,2017-11-27,2017-11-28,14000.0,13580.0,100,-47613.66189999995,-0.03397068711421558,1,stop
263750,2017-11-27,2017-11-28,39180.0,38004.6,35,-46637.58183104987,-0.03397068711421547,1,stop
095340,2017-11-27,2017-11-28,21571.0,20923.87,65,-47685.592539227335,-0.03397068711421547,1,stop
003230,2017-11-27,2017-11-29,71500.0,69355.0,19,-46202.256922249915,-0.03397068711421547,2,stop
131970,2017-11-28,2017-11-29,8151.0,7906.469999999999,168,-46571.874977628,-0.03397068711421558,1,stop
010170,2017-11-24,2017-12-01,3506.0,3839.0,407,129283.55413105013,0.09049774235876251,5,time
214450,2017-11-30,2017-12-01,60500.0,58685.0,22,-45266.98856349988,-0.03397068711421547,1,stop
145020,2017-11-30,2017-12-01,166926.0,161918.22,8,-45416.90357896779,-0.03397068711421547,1,stop
267270,2017-12-01,2017-12-04,94844.0,91998.68,14,-45158.70149243623,-0.0339706871142158,1,stop
003230,2017-12-01,2017-12-05,71800.0,82570.0,19,198435.97608849988,0.14529248434912567,2,target
028300,2017-12-04,2017-12-05,16314.0,15824.58,84,-46606.15681419638,-0.0339706871142158,1,stop
010170,2017-12-05,2017-12-06,4375.0,4243.75,322,-47911.24728687457,-0.03397068711421525,1,stop
196170,2017-12-05,2017-12-06,6682.0,6481.54,210,-47723.17332236981,-0.03397068711421547,1,stop
028050,2017-12-05,2017-12-06,14050.0,13628.5,100,-47783.7106925,-0.03397068711421558,1,stop
087010,2017-11-30,2017-12-07,28152.0,27307.44,47,-44999.807900724234,-0.0339706871142158,5,stop
034020,2017-12-06,2017-12-07,13425.0,13022.25,102,-46571.26280197478,-0.03397068711421547,1,stop
003230,2017-12-07,2017-12-08,79100.0,76727.0,17,-45732.92225495004,-0.03397068711421558,1,stop
000250,2017-12-08,2017-12-11,14600.0,14162.0,91,-45185.36514310003,-0.03397068711421558,1,stop
032820,2017-12-08,2017-12-11,640.0,620.8,2087,-45426.154233280104,-0.03397068711421569,1,stop
000250,2017-12-13,2017-12-14,15400.0,14938.0,85,-44518.77387649985,-0.03397068711421547,1,stop
214150,2017-12-11,2017-12-15,4500.0,4365.0,292,-44688.822668999666,-0.03397068711421536,4,stop
078600,2017-12-14,2017-12-15,14400.0,13968.0,90,-44076.647016,-0.03397068711421558,1,stop
080220,2017-12-14,2017-12-19,4460.0,4326.2,293,-44443.27221263014,-0.03397068711421569,3,stop
214450,2017-12-18,2017-12-19,57800.0,56066.0,22,-43246.80890860013,-0.03397068711421569,1,stop
064760,2017-12-18,2017-12-19,72400.0,70228.0,17,-41859.21076179994,-0.03397068711421558,1,stop
066570,2017-12-18,2017-12-19,106500.0,103305.0,12,-43464.47136299964,-0.03397068711421536,1,stop
058610,2017-12-15,2017-12-22,6230.0,6200.0,206,-11421.328967000125,-0.008889189341254822,5,time
218410,2017-12-21,2017-12-22,15269.0,14810.93,82,-42582.19020799291,-0.03397068711421547,1,stop
263750,2017-12-19,2017-12-27,43280.0,49771.99999999999,28,176273.75257520005,0.1452924843491259,5,target
218410,2017-12-28,2018-01-02,16440.0,15946.8,83,-46406.99566841987,-0.03397068711421547,1,stop
010170,2017-12-28,2018-01-02,5352.0,6154.799999999999,256,199295.93319935957,0.14529248434912545,1,target
003670,2018-01-02,2018-01-03,36754.0,35651.38,39,-48749.791892451234,-0.0339706871142158,1,stop
039030,2017-12-26,2018-01-04,99800.0,103300.0,12,36968.1775799999,0.030833089076106157,5,time
145020,2017-12-26,2018-01-04,180055.0,187558.0,6,40457.87627910008,0.037406530514484615,5,time
087010,2018-01-02,2018-01-04,30869.0,29942.93,47,-49342.82005141582,-0.0339706871142158,2,stop
078600,2018-01-03,2018-01-04,17850.0,17314.5,79,-47958.8609487752,-0.03397068711421569,1,stop
196170,2018-01-04,2018-01-05,6758.0,6555.26,189,-43439.372161227046,-0.03397068711421558,1,stop
141080,2017-12-28,2018-01-08,20268.0,21520.0,67,78071.53049460007,0.057425895744553035,5,time
000250,2018-01-04,2018-01-08,18500.0,21275.0,69,185679.16982625006,0.1452924843491259,2,target
068270,2018-01-04,2018-01-08,200049.0,230056.34999999998,6,174594.27612019493,0.1452924843491259,2,target
028300,2018-01-05,2018-01-09,18666.0,18106.02,72,-45707.48295559175,-0.03397068711421536,2,stop
078600,2018-01-08,2018-01-09,18500.0,17945.0,77,-48446.90098324977,-0.03397068711421547,1,stop
010170,2018-01-09,2018-01-10,6455.0,6261.349999999999,212,-46540.99411691027,-0.0339706871142158,1,stop
071050,2018-01-09,2018-01-10,79200.0,76824.0,17,-45790.73884440004,-0.03397068711421558,1,stop
035720,2018-01-04,2018-01-11,30608.0,29689.76,41,-42679.7982148882,-0.03397068711421569,5,stop
068270,2018-01-10,2018-01-11,243089.0,235796.33,5,-41336.990920032375,-0.03397068711421547,1,stop
000250,2018-01-10,2018-01-11,21000.0,24149.999999999996,63,192443.04087749962,0.14529248434912567,1,target
267270,2018-01-11,2018-01-12,103375.0,100273.75,12,-42189.10541924974,-0.03397068711421536,1,stop
267250,2018-01-08,2018-01-15,88600.0,88200.0,16,-12190.740800000029,-0.008589683780617308,5,time
018260,2018-01-08,2018-01-15,228000.0,250500.0,6,128995.6756500001,0.09418675564247159,5,time
028050,2018-01-11,2018-01-16,15450.0,14986.5,86,-45188.76611895021,-0.03397068711421569,3,stop
010140,2018-01-11,2018-01-16,7521.0,7295.37,178,-45530.156074773055,-0.03397068711421558,3,stop
000250,2018-01-15,2018-01-17,28400.0,27548.0,51,-49259.73421139992,-0.03397068711421558,2,stop
068270,2018-01-15,2018-01-17,275311.0,267051.67,5,-46816.30311196763,-0.03397068711421569,2,stop
042660,2018-01-16,2018-01-17,17057.0,16545.29,78,-45248.14715729095,-0.03397068711421558,1,stop
237690,2018-01-16,2018-01-18,37750.0,43412.5,35,192188.48659062502,0.1452924843491259,2,target
087010,2018-01-12,2018-01-19,33358.0,34373.0,39,34136.69897234999,0.026209437134759428,5,time
263750,2018-01-17,2018-01-19,53400.0,51798.0,25,-45403.02759750001,-0.03397068711421558,2,stop
086520,2018-01-17,2018-01-19,5477.0,5312.69,244,-45450.23314229795,-0.03397068711421558,2,stop
214150,2018-01-18,2018-01-22,5970.0,6865.499999999999,262,227519.16701294994,0.1452924843491259,2,target
141080,2018-01-19,2018-01-22,30227.0,29320.19,43,-44204.55771771842,-0.03397068711421547,1,stop
039490,2018-01-19,2018-01-22,106500.0,103305.0,12,-43464.47136299964,-0.03397068711421536,1,stop
237690,2018-01-22,2018-01-23,45700.0,44329.0,31,-48181.62486695009,-0.03397068711421569,1,stop
003670,2018-01-17,2018-01-24,43396.0,46400.0,30,84518.95711800014,0.06484611432429044,5,time
214150,2018-01-24,2018-01-25,7320.0,7100.4,189,-47051.82068957994,-0.03397068711421558,1,stop
058610,2018-01-19,2018-01-26,8370.0,8730.0,155,50318.699040000094,0.038741196651381093,5,time
047810,2018-01-22,2018-01-29,53500.0,55200.0,26,38369.09999000025,0.027552135490804597,5,time
001440,2018-01-22,2018-01-29,11354.0,12445.0,126,131197.84204589995,0.09160265049091065,5,time
098460,2018-01-23,2018-01-30,17300.0,18980.0,84,134748.46694399975,0.0926188164335966,5,time
028050,2018-01-29,2018-01-31,17650.0,17120.5,85,-51023.14018962509,-0.03397068711421569,2,stop
083650,2018-01-30,2018-01-31,5200.0,5044.0,306,-54116.32772519975,-0.03397068711421547,1,stop
000990,2018-01-25,2018-02-01,13850.0,15650.0,96,166841.61024000007,0.12533840088298986,5,time
047050,2018-01-26,2018-02-02,23900.0,24250.0,56,14057.187339999946,0.010490913060443807,5,time
178320,2018-02-01,2018-02-02,9575.0,9287.75,156,-50800.37627144973,-0.03397068711421536,1,stop
042660,2018-01-29,2018-02-05,19545.0,19545.0,77,-6167.647562999977,-0.004093491870325372,5,time
003230,2018-02-01,2018-02-06,95600.0,92732.0,15,-48769.99368899991,-0.03397068711421547,3,stop
000990,2018-02-05,2018-02-06,15100.0,14647.0,96,-49300.54592160019,-0.03397068711421569,1,stop
031980,2018-02-08,2018-02-09,23350.0,22649.5,61,-48441.79951947485,-0.03397068711421547,1,stop
005290,2018-02-13,2018-02-14,18550.0,17993.5,76,-47946.957533300156,-0.03397068711421569,1,stop
131970,2018-02-08,2018-02-19,7748.0,8910.199999999999,185,208498.87069764966,0.14529248434912567,5,target
000660,2018-02-14,2018-02-20,78400.0,76048.0,18,-47994.57119519985,-0.03397068711421547,2,stop
000250,2018-02-19,2018-02-20,39700.0,38509.0,37,-49956.93426064984,-0.03397068711421547,1,stop
263750,2018-02-19,2018-02-20,51260.0,49722.2,29,-50556.86640058993,-0.03397068711421558,1,stop
058610,2018-02-20,2018-02-21,10500.0,10185.0,136,-48565.93513799994,-0.03397068711421558,1,stop
080220,2018-02-14,2018-02-23,6050.0,5868.5,233,-47941.856069525005,-0.03397068711421558,5,stop
083650,2018-02-22,2018-02-23,4760.0,4617.2,298,-48242.162237079814,-0.03397068711421547,1,stop
000250,2018-02-22,2018-02-23,38300.0,37151.0,37,-48195.22877034987,-0.03397068711421547,1,stop
058610,2018-02-23,2018-02-26,11500.0,11155.0,121,-47324.57895274996,-0.03397068711421558,1,stop
078600,2018-02-26,2018-02-27,16600.0,16102.0,83,-46858.64526130003,-0.03397068711421558,1,stop
042660,2018-02-23,2018-03-05,20344.0,21011.0,68,39552.87114980025,0.028558378013792574,5,time
263750,2018-03-05,2018-03-06,56200.0,54514.0,25,-47783.7106925,-0.03397068711421558,1,stop
068270,2018-02-28,2018-03-07,274506.0,266270.82,4,-37343.53106720396,-0.03397068711421558,4,stop
082740,2018-03-05,2018-03-12,2427.0,2455.0,597,10728.760550400242,0.007396158820911269,5,time
009540,2018-03-09,2018-03-12,146000.0,141620.0,9,-44688.8226689999,-0.03397068711421547,1,stop
000720,2018-03-12,2018-03-13,43054.0,41762.38,31,-45391.94041622896,-0.03397068711421558,1,stop
237690,2018-03-12,2018-03-13,45500.0,44135.0,29,-44875.87634074991,-0.03397068711421547,1,stop
047040,2018-03-12,2018-03-14,5740.0,5567.8,236,-46070.97925443994,-0.03397068711421558,2,stop
000250,2018-03-13,2018-03-14,44200.0,42874.0,31,-46600.171096700244,-0.0339706871142158,1,stop
010140,2018-03-13,2018-03-14,8183.0,7937.51,171,-47589.61700074049,-0.03397068711421558,1,stop
067310,2018-03-14,2018-03-15,4209.0,4082.73,317,-45377.62230790057,-0.03397068711421569,1,stop
005290,2018-03-14,2018-03-15,18050.0,17508.5,74,-45426.83442845009,-0.03397068711421569,1,stop
006400,2018-03-12,2018-03-19,197764.0,201680.0,6,18563.874068400124,0.01562683076592708,5,time
086520,2018-03-12,2018-03-19,5027.0,5174.0,269,33884.58103225008,0.0250288985603615,5,time
087010,2018-03-19,2018-03-20,34418.0,33385.46,37,-43310.2711179608,-0.03397068711421547,1,stop
066970,2018-03-14,2018-03-21,36435.0,37642.0,36,37948.45631939988,0.028898388335864222,5,time
082740,2018-03-15,2018-03-22,2995.0,3134.0,436,55073.824853800004,0.04212721084420723,5,time
010120,2018-03-15,2018-03-22,12420.0,12520.0,105,5124.582854999928,0.003925079048593183,5,time
032820,2018-03-19,2018-03-22,733.0,711.01,1769,-44099.67162250448,-0.03397068711421558,3,stop
214150,2018-03-22,2018-03-23,6890.0,6683.3,189,-44287.847616285086,-0.03397068711421569,1,stop
028300,2018-03-26,2018-03-27,24158.0,23433.26,53,-43545.21052967897,-0.03397068711421558,1,stop
042660,2018-03-27,2018-03-28,25764.0,24991.079999999998,49,-42935.1434817058,-0.03397068711421547,1,stop
214150,2018-03-26,2018-03-29,6450.0,6256.5,200,-43872.588464999804,-0.03397068711421547,3,stop
043260,2018-03-27,2018-03-29,1085.0,1052.45,1186,-43764.09733538469,-0.03397068711421536,2,stop
058610,2018-03-28,2018-03-29,13150.0,12755.5,96,-42933.91913039982,-0.03397068711421547,1,stop
047050,2018-03-27,2018-03-30,23200.0,22504.0,55,-43396.45184599981,-0.03397068711421547,3,stop
028300,2018-03-29,2018-03-30,25669.0,29519.35,48,179222.50943435985,0.14529248434912567,1,target
012330,2018-03-29,2018-03-30,248000.0,240560.0,5,-42172.100540000014,-0.03397068711421558,1,stop
086280,2018-03-30,2018-04-02,91035.0,88303.95,13,-40249.01874561771,-0.0339706871142158,1,stop
196170,2018-03-28,2018-04-04,6743.0,6675.0,188,-17941.534697600175,-0.014136743027498566,5,time
028300,2018-04-02,2018-04-04,28415.0,32677.249999999996,44,181862.31011904986,0.14529248434912567,2,target
015760,2018-04-04,2018-04-05,35100.0,34047.0,42,-50137.18598069996,-0.03397068711421558,1,stop
214370,2018-04-05,2018-04-06,16640.0,16140.8,87,-49235.24718528008,-0.03397068711421569,1,stop
087010,2018-04-05,2018-04-06,34326.0,33296.22,42,-49031.596751381876,-0.03397068711421547,1,stop
011200,2018-04-06,2018-04-09,5300.0,5141.0,265,-47766.705813249806,-0.03397068711421547,1,stop
263750,2018-04-06,2018-04-09,50620.0,49101.4,27,-46482.497332289815,-0.03397068711421547,1,stop
090430,2018-04-03,2018-04-10,333000.0,342000.0,3,22826.30085,0.022822900241287414,5,time
180640,2018-04-03,2018-04-10,21200.0,23500.0,59,130173.92105500004,0.10395296891732797,5,time
003490,2018-04-03,2018-04-10,22208.0,23311.0,57,57497.922089249594,0.04536998428543049,5,time
028300,2018-04-09,2018-04-10,39205.0,38028.85,34,-45333.98778774496,-0.03397068711421558,1,stop
196170,2018-04-10,2018-04-11,8677.0,9978.55,146,184274.3210818849,0.14529248434912567,1,target
000250,2018-04-09,2018-04-12,50500.0,48985.0,26,-44654.81291049998,-0.03397068711421558,3,stop
087010,2018-04-10,2018-04-12,35847.0,34771.59,35,-42670.17345323227,-0.03397068711421536,2,stop
032820,2018-04-10,2018-04-12,761.0,738.17,1672,-43273.74463733169,-0.03397068711421536,2,stop
000100,2018-04-11,2018-04-12,39400.0,38218.0,48,-64319.25527520012,-0.03397068711421569,1,stop
207940,2018-04-10,2018-04-13,837802.0,812667.94,1,-28493.44369081699,-0.03397068711421558,3,stop
141080,2018-04-12,2018-04-13,36533.0,35437.01,38,-47214.18327665888,-0.03397068711421547,1,stop
218410,2018-04-12,2018-04-13,20098.0,19495.059999999998,69,-47163.44071697723,-0.0339706871142158,1,stop
005290,2018-04-13,2018-04-16,15900.0,15423.0,76,-41097.39217140013,-0.03397068711421569,1,stop
131290,2018-04-13,2018-04-16,15300.0,14841.0,79,-41107.59509894997,-0.03397068711421558,1,stop
196170,2018-04-16,2018-04-17,10248.0,11785.199999999999,115,171427.0389531001,0.1452924843491259,1,target
084370,2018-04-16,2018-04-17,19800.0,19206.0,59,-39730.199879700085,-0.03397068711421569,1,stop
078600,2018-04-17,2018-04-18,21300.0,20661.0,58,-42015.65565089998,-0.03397068711421558,1,stop
032820,2018-04-17,2018-04-18,1020.0,1173.0,1227,182048.4983974502,0.14529248434912612,1,target
095340,2018-04-12,2018-04-19,17027.0,16733.0,81,-29395.979300699895,-0.021289504872623044,5,time
011070,2018-04-18,2018-04-19,137000.0,132890.0,9,-41934.03223050013,-0.03397068711421569,1,stop
178320,2018-04-13,2018-04-20,8690.0,9047.0,140,44846.786341000115,0.036820043619006704,5,time
010170,2018-04-13,2018-04-20,5576.0,5773.0,219,38011.31993805012,0.031091870773424013,5,time
009150,2018-04-18,2018-04-20,127000.0,123190.0,10,-43192.39329499961,-0.03397068711421525,2,stop
001440,2018-04-20,2018-04-23,13389.0,12987.33,96,-43714.23902942403,-0.03397068711421558,1,stop
003230,2018-04-20,2018-04-23,93800.0,90986.0,13,-41471.499514899915,-0.03397068711421547,1,stop
043260,2018-04-20,2018-04-23,1115.0,1282.25,1153,187002.1248200375,0.1452924843491259,1,target
047040,2018-04-20,2018-04-23,6370.0,6178.9,201,-43545.07449064497,-0.03397068711421558,1,stop
078600,2018-04-23,2018-04-24,21600.0,20952.0,60,-44076.647016,-0.03397068711421558,1,stop
083650,2018-04-23,2018-04-24,5650.0,5480.5,231,-44387.8363062751,-0.03397068711421569,1,stop
034020,2018-04-23,2018-04-24,13158.0,12763.26,99,-44302.53983195685,-0.03397068711421547,1,stop
010120,2018-04-23,2018-04-24,13960.0,13541.199999999999,93,-44154.189265379915,-0.03397068711421547,1,stop
011200,2018-04-24,2018-04-25,5220.0,5063.4,242,-42962.48732754006,-0.03397068711421569,1,stop
064350,2018-04-24,2018-04-25,20400.0,19788.0,61,-42321.74347739993,-0.03397068711421558,1,stop
043260,2018-04-25,2018-04-26,1265.0,1227.05,988,-42506.07636846998,-0.03397068711421558,1,stop
180640,2018-04-25,2018-04-26,25300.0,24541.0,49,-42161.89761245018,-0.03397068711421569,1,stop
000720,2018-04-20,2018-04-27,48356.0,49038.0,26,12527.238638200099,0.009952505287099678,5,time
267260,2018-04-24,2018-04-27,38142.0,36997.74,33,-42807.60688733077,-0.03397068711421536,3,stop
001440,2018-04-26,2018-04-27,13470.0,13065.9,89,-40771.91878255503,-0.03397068711421558,1,stop
007660,2018-04-26,2018-04-30,3705.0,3593.85,326,-41078.00660905521,-0.0339706871142158,2,stop
006260,2018-04-24,2018-05-02,75500.0,80200.0,16,70027.68104000017,0.057903337112581665,5,time
032820,2018-04-30,2018-05-02,2650.0,2570.5,454,-40917.14045135002,-0.03397068711421558,1,stop
064350,2018-04-30,2018-05-02,24500.0,28174.999999999996,49,174624.24079624983,0.14529248434912567,1,target
000720,2018-05-02,2018-05-03,61783.0,59929.509999999995,20,-42024.4981881103,-0.0339706871142158,1,stop
011200,2018-05-02,2018-05-03,6300.0,6111.0,197,-42209.51127435011,-0.03397068711421569,1,stop
083650,2018-05-02,2018-05-03,7290.0,7071.3,170,-42148.2937090497,-0.03397068711421536,1,stop
001440,2018-05-02,2018-05-03,14770.0,14326.9,84,-42195.227175780106,-0.03397068711421569,1,stop
196170,2018-05-03,2018-05-04,11180.0,10844.6,108,-41064.742803240195,-0.03397068711421569,1,stop
010120,2018-05-03,2018-05-04,15380.0,14918.6,78,-40799.466686940286,-0.0339706871142158,1,stop
000500,2018-05-03,2018-05-04,24801.0,24056.969999999998,48,-40486.84898680821,-0.0339706871142158,1,stop
064350,2018-05-04,2018-05-08,27400.0,31509.999999999996,43,171380.49188349978,0.14529248434912567,1,target
267260,2018-05-03,2018-05-09,39961.0,38762.17,30,-40771.918782555265,-0.0339706871142158,3,stop
083650,2018-05-08,2018-05-09,7110.0,6896.7,174,-42074.83263069019,-0.03397068711421569,1,stop
000720,2018-05-08,2018-05-09,61200.0,59364.0,20,-41627.94440399995,-0.03397068711421558,1,stop
000500,2018-05-08,2018-05-09,24183.0,23457.51,51,-41945.357480080565,-0.03397068711421569,1,stop
032820,2018-05-09,2018-05-10,2820.0,2735.4,422,-40472.973005339736,-0.03397068711421536,1,stop
064350,2018-05-10,2018-05-11,37150.0,36035.5,32,-40430.80090479972,-0.03397068711421536,1,stop
010170,2018-05-04,2018-05-14,6199.0,6013.03,191,-40267.86015182664,-0.03397068711421569,5,stop
012450,2018-05-11,2018-05-14,30048.0,29146.559999999998,38,-38833.1584895039,-0.03397068711421547,1,stop
001440,2018-05-09,2018-05-15,14552.0,16734.8,81,171454.9671948601,0.1452924843491259,4,target
218410,2018-05-09,2018-05-16,22977.0,22287.69,51,-39853.55327377957,-0.03397068711421569,5,stop
011070,2018-05-09,2018-05-16,130000.0,129000.0,9,-13768.361549999798,-0.011754311163630349,5,time
066970,2018-05-14,2018-05-16,38104.0,36960.88,29,-37581.32729863585,-0.03397068711421547,2,stop
047050,2018-05-15,2018-05-16,26200.0,25414.0,52,-46334.8949804001,-0.03397068711421569,1,stop
064350,2018-05-16,2018-05-17,35750.0,34677.5,32,-38907.16372399987,-0.03397068711421547,1,stop
000720,2018-05-16,2018-05-17,68108.0,66064.76,17,-39377.722742605954,-0.03397068711421558,1,stop
222800,2018-05-14,2018-05-21,8771.0,8819.0,129,1536.800400600303,0.0013566862610423502,5,time
028050,2018-05-18,2018-05-21,19900.0,19303.0,59,-39930.857454850106,-0.03397068711421569,1,stop
001440,2018-05-18,2018-05-21,16850.0,16344.5,69,-39541.44572002487,-0.03397068711421547,1,stop
011200,2018-05-16,2018-05-23,5900.0,5723.0,198,-39730.19987970032,-0.0339706871142158,4,stop
068270,2018-05-16,2018-05-23,217199.0,210683.03,5,-36934.427682207664,-0.03397068711421569,4,stop
047050,2018-05-21,2018-05-23,25700.0,24929.0,44,-38458.2349117999,-0.03397068711421547,1,stop
003230,2018-05-23,2018-05-24,104500.0,101365.0,10,-35540.19763249997,-0.03397068711421558,1,stop
066970,2018-05-25,2018-05-28,39774.0,45740.1,28,161994.27529865992,0.1452924843491259,1,target
005290,2018-05-21,2018-05-29,15400.0,15550.0,73,6310.522412500111,0.005606896195872846,5,time
028300,2018-05-28,2018-05-29,52540.0,50963.799999999996,24,-42884.945078159915,-0.03397068711421547,1,stop
078600,2018-05-29,2018-05-30,23000.0,22310.0,51,-39893.44672049978,-0.03397068711421536,1,stop
000720,2018-05-29,2018-05-30,76572.0,74274.84,15,-39062.928417929914,-0.03397068711421547,1,stop
031980,2018-05-24,2018-05-31,23731.0,25257.0,46,65515.35700899991,0.05994735476091151,5,time
000660,2018-05-24,2018-05-31,95300.0,93400.0,11,-25134.528814999736,-0.023948920678786623,5,time
131970,2018-05-25,2018-06-01,10717.0,11774.0,104,105036.2041819999,0.09413112127636358,5,time
079550,2018-05-30,2018-06-01,50600.0,49082.0,22,-37859.663162200246,-0.0339706871142158,2,stop
028300,2018-05-31,2018-06-01,56360.0,54669.2,19,-36419.0097921401,-0.03397068711421569,1,stop
011070,2018-05-31,2018-06-01,147500.0,143075.0,7,-35115.0756512502,-0.0339706871142158,1,stop
012450,2018-05-30,2018-06-05,33156.0,32161.32,34,-38339.33679608395,-0.03397068711421558,4,stop
003670,2018-06-01,2018-06-05,41030.0,39799.1,27,-37676.350563884946,-0.03397068711421558,2,stop
180640,2018-06-01,2018-06-05,23200.0,22504.0,48,-37873.26706560003,-0.03397068711421558,2,stop
064350,2018-06-04,2018-06-05,44300.0,42971.0,25,-37665.80753874965,-0.03397068711421525,1,stop
003230,2018-06-05,2018-06-07,113500.0,110095.0,9,-34740.96830774995,-0.03397068711421558,1,stop
000990,2018-06-01,2018-06-11,16950.0,19050.0,65,131582.39932500012,0.11929315515459016,5,time
950160,2018-06-08,2018-06-12,79448.0,77064.56,13,-35126.094813004136,-0.03397068711421569,2,stop
009150,2018-06-08,2018-06-15,146000.0,141620.0,7,-34757.97318699991,-0.03397068711421547,4,stop
017670,2018-06-14,2018-06-15,42443.0,41169.71,23,-33199.95214035653,-0.03397068711421558,1,stop
051910,2018-06-08,2018-06-18,370500.0,366500.0,2,-11013.181799999904,-0.014845518948648273,5,time
039030,2018-06-08,2018-06-18,81300.0,78861.0,13,-35944.91375865007,-0.03397068711421569,5,stop
032640,2018-06-11,2018-06-19,13250.0,13850.0,127,69079.11254000012,0.041004161327999666,5,time
068270,2018-06-18,2018-06-19,242045.0,234783.65,3,-24695.675988397445,-0.03397068711421547,1,stop
145020,2018-06-15,2018-06-21,178691.0,173330.27,5,-30386.188780617667,-0.0339706871142158,4,stop
131970,2018-06-22,2018-06-25,14994.0,14544.18,72,-36715.8469643282,-0.0339706871142158,1,stop
043260,2018-06-25,2018-06-26,1250.0,1212.5,860,-36560.49038750003,-0.03397068711421558,1,stop
095340,2018-06-26,2018-06-27,17321.0,16801.37,61,-35934.064645688515,-0.03397068711421558,1,stop
098460,2018-06-22,2018-06-28,21779.0,21125.63,49,-36294.227988203405,-0.03397068711421547,4,stop
080220,2018-06-28,2018-06-29,4970.0,4820.9,211,-35665.01344619505,-0.03397068711421558,1,stop
043260,2018-06-29,2018-07-02,1280.0,1241.6,816,-35522.51255808002,-0.03397068711421558,1,stop
196170,2018-07-02,2018-07-03,8774.0,8510.78,118,-35211.391287322156,-0.03397068711421569,1,stop
145020,2018-07-06,2018-07-09,188921.0,183253.37,5,-32125.78792789241,-0.03397068711421547,1,stop
237690,2018-07-09,2018-07-10,41000.0,39770.0,24,-33465.60236399993,-0.03397068711421547,1,stop
011070,2018-07-10,2018-07-11,159000.0,154230.0,6,-32445.309609000105,-0.03397068711421569,1,stop
003670,2018-07-10,2018-07-11,44761.0,43418.17,22,-33490.83760480699,-0.03397068711421558,1,stop
000250,2018-07-10,2018-07-12,41400.0,40158.0,24,-33792.096045600134,-0.03397068711421569,2,stop
087010,2018-07-11,2018-07-12,24696.0,23955.12,40,-33596.19983663992,-0.03397068711421547,1,stop
034220,2018-07-11,2018-07-12,18854.0,18288.38,53,-33984.65929822705,-0.03397068711421569,1,stop
036930,2018-07-12,2018-07-13,8870.0,8603.9,112,-33786.65448423999,-0.03397068711421558,1,stop
950160,2018-07-11,2018-07-16,84758.0,82215.26,11,-31708.590220373007,-0.03397068711421558,3,stop
000250,2018-07-16,2018-07-17,45000.0,43650.0,21,-32139.221782499924,-0.03397068711421547,1,stop
263750,2018-07-13,2018-07-18,46800.0,45396.0,21,-33424.79065380001,-0.03397068711421558,3,stop
086520,2018-07-13,2018-07-20,4500.0,4806.0,219,62777.66327730019,0.06362815068249272,5,time
042700,2018-07-16,2018-07-23,4785.0,4720.0,201,-16968.071013750043,-0.017622002430080608,5,time
086280,2018-07-17,2018-07-24,64275.0,65776.0,14,17264.28440730006,0.019163694729482428,5,time
078600,2018-07-23,2018-07-24,30200.0,29294.0,32,-32867.030614400166,-0.0339706871142158,1,stop
034220,2018-07-23,2018-07-24,20288.0,19679.36,48,-33119.51906150393,-0.03397068711421547,1,stop
078600,2018-07-26,2018-07-30,32500.0,31525.0,29,-32054.197386250133,-0.03397068711421569,2,stop
032820,2018-07-30,2018-07-31,1775.0,1721.75,641,-38695.45297733764,-0.03397068711421569,1,stop
196170,2018-07-31,2018-08-01,7995.0,9194.25,137,159324.0735591373,0.14529248434912567,1,target
064350,2018-07-26,2018-08-02,26900.0,27200.0,35,6610.590175000019,0.007013272160860673,5,time
178320,2018-08-01,2018-08-02,8385.0,8133.45,150,-42775.77375337505,-0.03397068711421558,1,stop
131970,2018-07-27,2018-08-03,12931.0,13586.0,74,44405.56502570014,0.04635262697778675,5,time
051910,2018-07-27,2018-08-03,376000.0,391000.0,2,26829.712100000004,0.035636820953996784,5,time
214150,2018-07-27,2018-08-03,4785.0,4865.0,202,12151.162338000024,0.01255698266475802,5,time
032820,2018-08-02,2018-08-06,1740.0,1687.8,622,-36808.081429379876,-0.03397068711421547,2,stop
003670,2018-08-03,2018-08-06,47582.0,46154.54,19,-30746.79424999305,-0.03397068711421569,1,stop
084370,2018-08-03,2018-08-06,16150.0,15665.5,57,-31307.68318717496,-0.03397068711421558,1,stop
141080,2018-08-06,2018-08-07,17891.0,17354.27,52,-31640.366644821945,-0.03397068711421547,1,stop
240810,2018-08-02,2018-08-09,28500.0,28100.0,37,-19077.920760000008,-0.01807112707214531,5,time
267250,2018-08-07,2018-08-14,73300.0,75300.0,12,20324.47008,0.02307994627782395,5,time
028300,2018-08-10,2018-08-14,33473.0,32468.809999999998,32,-36429.07668065606,-0.03397068711421569,2,stop
207940,2018-08-08,2018-08-16,625442.0,639988.0,1,11939.931260299985,0.019068457706540753,5,time
028300,2018-08-16,2018-08-17,31799.0,36568.85,28,129513.14829340996,0.1452924843491259,1,target
035720,2018-08-10,2018-08-20,25188.0,24989.0,43,-12970.468384949723,-0.011961738460677829,5,time
141080,2018-08-22,2018-08-23,19167.0,18591.989999999998,51,-33245.117099644616,-0.03397068711421569,1,stop
064350,2018-08-17,2018-08-24,30000.0,31050.0,31,28642.714972500107,0.03076323591421337,5,time
047810,2018-08-20,2018-08-24,40700.0,39479.0,24,-33220.732102800044,-0.03397068711421558,4,stop
042660,2018-08-22,2018-08-27,25319.0,24559.43,39,-33582.62994299852,-0.03397068711421558,3,stop
058610,2018-08-22,2018-08-29,10350.0,10450.0,95,5442.438374999794,0.00552879323237665,5,time
042700,2018-08-23,2018-08-30,5475.0,6025.0,178,93617.48509500013,0.09595191077283838,5,time
226950,2018-08-27,2018-08-30,25173.0,24417.809999999998,38,-32532.85072737909,-0.03397068711421569,3,stop
000250,2018-08-29,2018-08-30,47650.0,46220.5,21,-34031.864843025105,-0.03397068711421569,1,stop
009540,2018-08-24,2018-08-31,115000.0,118000.0,8,20158.90280000004,0.02188667790697063,5,time
003670,2018-08-28,2018-09-04,52494.0,57317.0,18,82685.71159289998,0.08740757660815635,5,time
298040,2018-08-31,2018-09-04,57200.0,55484.0,17,-33071.08916539978,-0.03397068711421536,2,stop
141080,2018-09-03,2018-09-06,21519.0,20873.43,45,-32933.519692267524,-0.03397068711421558,3,stop
087010,2018-09-05,2018-09-06,26998.0,26188.059999999998,38,-34891.42747935408,-0.03397068711421569,1,stop
007660,2018-08-31,2018-09-07,3458.0,3888.0,283,117320.69590069982,0.11974682001393133,5,time
226950,2018-09-03,2018-09-07,27775.0,26941.75,35,-33061.73648181255,-0.03397068711421558,4,stop
950160,2018-09-04,2018-09-11,86762.0,87263.0,11,1583.5049840500578,0.0016572879707683619,5,time
086280,2018-09-10,2018-09-11,65525.0,63559.25,15,-33427.34138568747,-0.03397068711421558,1,stop
003670,2018-09-11,2018-09-12,61411.0,59568.67,15,-31328.59918865247,-0.03397068711421558,1,stop
000720,2018-09-11,2018-09-12,68400.0,66348.0,14,-32567.744739599875,-0.03397068711421547,1,stop
028300,2018-09-10,2018-09-13,46290.0,44901.299999999996,21,-33060.54614026495,-0.03397068711421558,3,stop
196170,2018-09-07,2018-09-14,9205.0,9428.0,108,19938.814615800045,0.02003330349229482,5,time
007660,2018-09-10,2018-09-17,3895.0,4479.25,255,144474.10376081255,0.1452924843491259,5,target
032640,2018-09-14,2018-09-17,17600.0,17072.0,57,-34118.589727199986,-0.03397068711421558,1,stop
047050,2018-09-14,2018-09-17,20150.0,19545.5,49,-33579.53505497496,-0.03397068711421558,1,stop
180640,2018-09-13,2018-09-18,20000.0,23000.0,48,139641.20880000002,0.1452924843491259,3,target
000150,2018-09-12,2018-09-19,107525.0,112252.0,8,34179.24490119994,0.039688419907670136,5,time
226950,2018-09-19,2018-09-20,35883.0,34806.51,28,-34170.420599153964,-0.03397068711421558,1,stop
000250,2018-09-19,2018-09-20,50200.0,48694.0,20,-34145.79753400013,-0.03397068711421569,1,stop
950160,2018-09-19,2018-09-20,100187.0,97181.39,10,-34073.35674839502,-0.03397068711421558,1,stop
141080,2018-09-19,2018-09-21,24722.0,23980.34,41,-34472.35923511686,-0.03397068711421547,2,stop
086520,2018-09-20,2018-09-21,5516.0,5350.5199999999995,180,-33767.60901948006,-0.03397068711421569,1,stop
222800,2018-09-21,2018-09-27,9799.0,9505.029999999999,100,-33326.162354150205,-0.0339706871142158,1,stop
068270,2018-09-18,2018-09-28,241243.0,238041.0,4,-16724.889626000077,-0.017312083245126786,5,time
226950,2018-09-27,2018-09-28,39036.0,37864.92,29,-38500.54305137391,-0.03397068711421547,1,stop
207940,2018-09-21,2018-10-01,782530.0,759054.1,1,-26613.65631900495,-0.03397068711421547,3,stop
196170,2018-09-21,2018-10-01,10429.0,10116.13,94,-33340.65051127109,-0.03397068711421569,3,stop
003670,2018-09-28,2018-10-01,70144.0,68039.68,14,-33398.12700313621,-0.0339706871142158,1,stop
082740,2018-09-20,2018-10-02,3545.0,3679.0,281,33460.59268630005,0.03355149320425199,5,time
028050,2018-10-01,2018-10-05,19300.0,18721.0,47,-30850.25193535001,-0.03397068711421558,3,stop
047050,2018-10-02,2018-10-05,21700.0,21049.0,46,-33948.54093469982,-0.03397068711421536,2,stop
005830,2018-09-28,2018-10-08,71600.0,71000.0,14,-12483.272059999988,-0.012439077133981846,5,time
096770,2018-10-02,2018-10-08,218929.0,212361.13,4,-29782.88967458601,-0.03397068711421558,3,stop
042660,2018-10-05,2018-10-08,33493.0,32488.21,29,-33033.57640177454,-0.03397068711421558,1,stop
000810,2018-10-01,2018-10-10,281500.0,285500.0,3,8503.693500000052,0.010057932756739385,5,time
079550,2018-10-05,2018-10-10,37900.0,36763.0,25,-32224.24617874995,-0.03397068711421558,2,stop
012450,2018-10-10,2018-10-11,29640.0,28750.8,30,-30241.477258200175,-0.0339706871142158,1,stop
141080,2018-10-23,2018-10-24,25073.0,24320.809999999998,36,-30698.160295338137,-0.03397068711421569,1,stop
086520,2018-10-23,2018-10-24,5795.0,5621.15,157,-30942.58842967765,-0.0339706871142158,1,stop
080220,2018-10-23,2018-10-25,4090.0,3967.2999999999997,223,-31019.280435095076,-0.03397068711421569,2,stop
082740,2018-10-26,2018-10-29,3709.0,3597.73,241,-30400.268820636556,-0.03397068711421569,1,stop
009150,2018-11-02,2018-11-06,132000.0,128040.0,6,-26935.72873199999,-0.03397068711421558,2,stop
131970,2018-11-05,2018-11-06,12302.0,11932.94,74,-30960.715630957973,-0.03397068711421558,1,stop
007660,2018-11-05,2018-11-07,5240.0,5082.8,174,-31008.737409960013,-0.03397068711421558,2,stop
080220,2018-11-05,2018-11-07,4250.0,4122.5,214,-30931.87535575009,-0.03397068711421569,2,stop
226950,2018-11-06,2018-11-07,32880.0,31893.6,26,-29074.26234648004,-0.03397068711421558,1,stop
950160,2018-11-06,2018-11-07,86361.0,83770.17,10,-29371.167538184905,-0.03397068711421547,1,stop
000100,2018-11-07,2018-11-08,39092.0,37919.24,21,-27919.69906492217,-0.0339706871142158,1,stop
141080,2018-11-07,2018-11-08,30327.0,29417.19,28,-28879.59048882604,-0.03397068711421558,1,stop
082740,2018-11-07,2018-11-08,3686.0,3575.42,232,-29083.513000791892,-0.03397068711421547,1,stop
087010,2018-11-08,2018-11-09,23314.0,22614.579999999998,35,-27751.62283841509,-0.03397068711421569,1,stop
039490,2018-11-05,2018-11-12,83200.0,84500.0,10,9551.972950000083,0.011467547319200966,5,time
196170,2018-11-07,2018-11-12,8983.0,8713.51,95,-29023.41775752243,-0.03397068711421547,3,stop
007660,2018-11-09,2018-11-12,5959.0,5780.23,138,-27967.65282440721,-0.0339706871142158,1,stop
131290,2018-11-12,2018-11-13,7680.0,7449.599999999999,106,-27686.66419968009,-0.03397068711421569,1,stop
010140,2018-11-13,2018-11-14,6889.0,6682.33,117,-27412.307477860362,-0.03397068711421547,1,stop
180640,2018-11-08,2018-11-15,22500.0,25874.999999999996,36,117822.26992499991,0.14529248434912567,5,target
079550,2018-11-08,2018-11-15,33050.0,35500.0,25,57683.294187500025,0.06973316304397725,5,time
012450,2018-11-15,2018-11-16,35344.0,34283.68,24,-28848.98170617607,-0.03397068711421569,1,stop
000100,2018-11-12,2018-11-19,35558.0,39094.0,23,77736.59369080013,0.09494260163174273,5,time
042660,2018-11-13,2018-11-20,29539.0,31627.0,27,52941.269028599956,0.06630336614703336,5,time
131290,2018-11-15,2018-11-20,7430.0,7207.099999999999,116,-29312.33065598004,-0.03397068711421558,3,stop
214150,2018-11-15,2018-11-20,4825.0,4680.25,180,-29537.475257250015,-0.03397068711421558,3,stop
180640,2018-11-19,2018-11-20,29950.0,29051.5,29,-29539.175745175104,-0.03397068711421569,1,stop
003490,2018-11-19,2018-11-20,21851.0,21195.47,39,-28982.742086356273,-0.03397068711421536,1,stop
950160,2018-11-20,2018-11-21,92172.0,89406.84,9,-28212.72714415798,-0.03397068711421558,1,stop
083650,2018-11-21,2018-11-22,3500.0,3395.0,238,-28330.128830499947,-0.03397068711421547,1,stop
079550,2018-11-21,2018-11-22,39100.0,37927.0,21,-27925.41270434996,-0.03397068711421558,1,stop
180640,2018-11-22,2018-11-23,30450.0,29536.5,27,-27961.12295077485,-0.03397068711421536,1,stop
141080,2018-11-23,2018-11-26,29977.0,29077.69,27,-27526.784324971493,-0.03397068711421558,1,stop
087010,2018-11-21,2018-11-28,21746.0,22532.0,38,26393.408269000007,0.03190312890544611,5,time
083650,2018-11-26,2018-11-28,3730.0,4289.5,218,118279.01304545009,0.1452924843491259,2,target
032820,2018-11-27,2018-11-28,1395.0,1353.1499999999999,583,-27659.62644167256,-0.03397068711421569,1,stop
064350,2018-11-22,2018-11-29,26250.0,26650.0,31,9028.533930000034,0.011082226348793522,5,time
226950,2018-11-23,2018-11-29,34732.0,33690.04,23,-27168.21944110596,-0.03397068711421558,4,stop
267260,2018-11-29,2018-11-30,23646.0,22936.62,36,-28951.010981676052,-0.03397068711421569,1,stop
083650,2018-11-30,2018-12-03,4255.0,4127.349999999999,197,-28508.169916247483,-0.03397068711421558,1,stop
035420,2018-11-28,2018-12-04,128500.0,124645.0,6,-26221.523803499993,-0.03397068711421558,4,stop
032820,2018-12-03,2018-12-04,1295.0,1256.1499999999999,626,-27570.6909231951,-0.03397068711421569,1,stop
240810,2018-11-28,2018-12-05,21450.0,20806.5,39,-28450.863473174977,-0.03397068711421558,5,stop
032640,2018-11-29,2018-12-05,17800.0,17266.0,47,-28452.56396109995,-0.03397068711421558,4,stop
031980,2018-11-29,2018-12-05,11992.0,11632.24,71,-28956.996699172072,-0.03397068711421569,4,stop
039490,2018-12-04,2018-12-05,90700.0,87979.0,8,-24677.480767600122,-0.0339706871142158,1,stop
064350,2018-12-06,2018-12-10,29450.0,28566.5,26,-26041.272083449992,-0.03397068711421558,2,stop
082740,2018-12-04,2018-12-11,3953.0,4448.0,193,92126.72241545003,0.1206152664206408,5,time
083650,2018-12-12,2018-12-13,4625.0,4486.25,175,-27526.648285937496,-0.03397068711421558,1,stop
005380,2018-12-07,2018-12-14,110000.0,116500.0,7,42210.249725,0.05475552906461001,5,time
207940,2018-12-12,2018-12-17,573806.0,556591.82,1,-19515.00348585099,-0.03397068711421558,3,stop
090430,2018-12-13,2018-12-17,189000.0,183330.0,4,-25711.377425999846,-0.03397068711421536,2,stop
012330,2018-12-14,2018-12-17,201000.0,194970.0,4,-27343.845834000036,-0.03397068711421558,1,stop
047040,2018-12-18,2018-12-19,5580.0,5412.599999999999,141,-26758.197792629944,-0.03397068711421547,1,stop
108490,2018-12-20,2018-12-21,17139.0,16624.829999999998,45,-26230.196291917586,-0.03397068711421569,1,stop
078600,2018-12-21,2019-01-02,16700.0,16400.0,46,-16907.554150000098,-0.021984027944511264,5,time
263750,2018-12-24,2019-01-03,40700.0,40600.0,19,-5063.536765000084,-0.006540436607744837,5,time
039030,2019-01-02,2019-01-03,48300.0,46851.0,16,-26282.741368800052,-0.03397068711421569,1,stop
226950,2019-01-02,2019-01-03,34231.0,33204.07,22,-25612.136950696935,-0.03397068711421547,1,stop
196170,2018-12-28,2019-01-07,7800.0,8970.0,100,113458.48215000017,0.14529248434912612,4,target
007660,2019-01-02,2019-01-08,5691.0,5520.2699999999995,136,-26322.736844796105,-0.03397068711421569,4,stop
218410,2019-01-03,2019-01-08,25416.0,24653.52,29,-25067.368639043998,-0.03397068711421558,3,stop
010170,2019-01-07,2019-01-08,4570.0,4432.9,206,-32017.466847070027,-0.03397068711421558,1,stop
178320,2019-01-03,2019-01-10,9086.0,8861.0,83,-21710.553517850116,-0.028755495428456346,5,time
079550,2019-01-03,2019-01-10,38300.0,41350.0,19,54796.90036249987,0.07521498984757291,5,time
000100,2019-01-08,2019-01-14,37077.0,35964.69,21,-26480.576133994502,-0.03397068711421558,4,stop
047050,2019-01-10,2019-01-14,19850.0,19254.5,38,-25653.560836549965,-0.03397068711421558,2,stop
267270,2019-01-08,2019-01-15,47500.0,51000.0,16,52720.27720000001,0.06928909293922958,5,time
032820,2019-01-14,2019-01-15,1350.0,1309.5,551,-25298.158860224998,-0.03397068711421558,1,stop
003230,2019-01-09,2019-01-16,59200.0,59400.0,14,-604.8427000000374,-0.0007289428563738154,5,time
078600,2019-01-10,2019-01-17,18500.0,19800.0,41,50034.38423500012,0.0658891276198681,5,time
005290,2019-01-14,2019-01-21,7490.0,8613.5,99,107859.74243467499,0.1452924843491259,5,target
009830,2019-01-15,2019-01-22,25878.0,25698.0,29,-8280.154547399958,-0.011020733985764752,5,time
000150,2019-01-21,2019-01-22,93740.0,90927.8,9,-28692.67285611003,-0.03397068711421558,1,stop
064760,2019-01-16,2019-01-23,44950.0,49050.0,17,66362.88138499996,0.08674558896019002,5,time
006260,2019-01-16,2019-01-23,54200.0,55800.0,14,19224.249519999954,0.025305962244203783,5,time
214150,2019-01-18,2019-01-23,4570.0,4432.9,196,-30463.22088361997,-0.03397068711421558,3,stop
240810,2019-01-22,2019-01-23,20000.0,19400.0,39,-26527.611630000058,-0.03397068711421569,1,stop
039030,2019-01-24,2019-01-25,44400.0,43068.0,18,-27180.598993199877,-0.03397068711421547,1,stop
058610,2019-01-22,2019-01-29,7890.0,7890.0,99,-3201.145002000034,-0.004093491870325372,5,time
131290,2019-01-25,2019-01-29,7700.0,7469.0,104,-27235.01460679993,-0.03397068711421547,2,stop
082740,2019-01-29,2019-01-31,5176.0,5020.72,152,-26757.245519391843,-0.03397068711421536,2,stop
009150,2019-01-30,2019-01-31,113000.0,109610.0,7,-26901.718973499956,-0.03397068711421558,1,stop
064760,2019-01-25,2019-02-01,52000.0,53900.0,15,25219.384575000033,0.03229539977287432,5,time
131970,2019-01-25,2019-02-01,13233.0,13762.0,60,28392.540057000006,0.03571868547423729,5,time
000990,2019-01-31,2019-02-01,13750.0,13337.5,55,-25719.879865624942,-0.03397068711421547,1,stop
039030,2019-01-28,2019-02-07,47000.0,53500.0,17,106899.77867499995,0.1336382592539913,5,time
010140,2019-02-01,2019-02-07,8532.0,8276.039999999999,93,-26985.92713554611,-0.03397068711421569,1,stop
267260,2019-02-07,2019-02-08,27486.0,26661.42,31,-28978.558886061073,-0.03397068711421569,1,stop
141080,2019-02-01,2019-02-11,25073.0,28833.949999999997,31,113060.35924532742,0.14529248434912567,3,target
214150,2019-02-07,2019-02-11,5340.0,5179.8,163,-29602.773993569892,-0.03397068711421547,2,stop
032820,2019-02-08,2019-02-11,1550.0,1503.5,546,-28782.45861854998,-0.03397068711421558,1,stop
000250,2019-01-31,2019-02-12,43300.0,48000.0,17,76647.76578499994,0.10400721455483564,5,time
267260,2019-02-11,2019-02-12,26494.0,25699.18,32,-28833.745334368083,-0.03397068711421569,1,stop
003230,2019-02-01,2019-02-13,68000.0,68000.0,11,-3065.4535999998916,-0.00409349187032515,5,time
298380,2019-02-12,2019-02-13,18850.0,18284.5,44,-28207.69369990006,-0.03397068711421569,1,stop
237690,2019-02-12,2019-02-13,21800.0,21146.0,38,-28173.683941400028,-0.03397068711421558,1,stop
226950,2019-02-12,2019-02-13,31629.0,30680.129999999997,26,-27968.060941509088,-0.03397068711421569,1,stop
087010,2019-02-12,2019-02-13,24236.0,23508.92,34,-28024.857238204102,-0.03397068711421569,1,stop
084370,2019-02-14,2019-02-15,13600.0,13192.0,59,-27289.4302204001,-0.03397068711421569,1,stop
039030,2019-02-14,2019-02-15,54800.0,53156.0,14,-26092.2867212001,-0.03397068711421569,1,stop
087010,2019-02-15,2019-02-18,24190.0,23464.3,32,-26326.27385968005,-0.03397068711421569,1,stop
237690,2019-02-15,2019-02-18,21700.0,21049.0,36,-26568.42334019998,-0.03397068711421558,1,stop
005290,2019-02-13,2019-02-20,10000.0,10950.0,79,71591.17084749998,0.09051762640199379,5,time
003670,2019-02-13,2019-02-20,61138.0,64960.0,12,42722.12161559996,0.05816491818678493,5,time
214450,2019-02-19,2019-02-20,40150.0,38945.5,19,-25944.344271724927,-0.03397068711421547,1,stop
031980,2019-02-14,2019-02-21,12755.0,12586.0,63,-13908.782194649917,-0.017288960304187695,5,time
090430,2019-02-21,2019-02-22,202000.0,195940.0,3,-20609.91365100001,-0.03397068711421558,1,stop
214150,2019-02-20,2019-02-26,5990.0,5810.3,131,-26687.117397364927,-0.03397068711421547,4,stop
108490,2019-02-25,2019-02-27,15775.0,15301.75,49,-26288.693076537456,-0.03397068711421558,2,stop
005290,2019-02-26,2019-02-27,11250.0,10912.5,79,-30226.172866874957,-0.03397068711421558,1,stop
218410,2019-02-26,2019-02-27,29221.0,28344.37,30,-29813.974593854975,-0.03397068711421558,1,stop
064760,2019-02-25,2019-02-28,66000.0,64020.0,11,-24691.084670999902,-0.03397068711421547,3,stop
090430,2019-02-25,2019-03-04,203000.0,196910.0,3,-20711.942926499993,-0.03397068711421558,4,stop
083650,2019-02-28,2019-03-04,4625.0,4486.25,171,-26897.467753687408,-0.03397068711421547,1,stop
032820,2019-02-28,2019-03-04,1600.0,1552.0,494,-26881.313118399936,-0.03397068711421547,1,stop
196170,2019-03-05,2019-03-06,9830.0,9535.1,75,-25073.694454124896,-0.03397068711421547,1,stop
087010,2019-03-05,2019-03-06,24052.0,23330.44,30,-24540.081343260128,-0.0339706871142158,1,stop
058610,2019-03-07,2019-03-08,8620.0,8361.4,87,-25505.278289489914,-0.03397068711421547,1,stop
298380,2019-03-04,2019-03-11,20300.0,21150.0,36,27514.825109999976,0.03760702694298601,5,time
145020,2019-03-05,2019-03-12,132313.0,140123.0,5,36223.65296450001,0.054691584641376245,5,time
196170,2019-03-08,2019-03-12,9997.0,11496.55,74,107607.80642046488,0.14529248434912567,2,target
131970,2019-03-11,2019-03-14,14617.0,16809.55,53,112687.6917693424,0.14529248434912567,3,target
032820,2019-03-13,2019-03-14,1585.0,1537.45,493,-26575.395340692485,-0.03397068711421558,1,stop
003230,2019-03-08,2019-03-15,75000.0,79200.0,9,34922.2787100001,0.051677272584936595,5,time
298380,2019-03-13,2019-03-15,26650.0,30647.499999999996,29,112418.44606362504,0.1452924843491259,2,target
240810,2019-03-15,2019-03-19,25900.0,25123.0,32,-28187.28784480004,-0.03397068711421558,2,stop
226950,2019-03-15,2019-03-19,35082.0,34029.54,23,-27441.997997030965,-0.03397068711421558,2,stop
196170,2019-03-14,2019-03-20,11708.0,13464.199999999999,69,117509.82272030984,0.14529248434912567,4,target
298380,2019-03-19,2019-03-20,31250.0,30312.5,25,-26570.123828124953,-0.03397068711421558,1,stop
007660,2019-03-19,2019-03-20,5145.0,4990.65,155,-27121.93215978751,-0.03397068711421558,1,stop
031980,2019-03-14,2019-03-21,13942.0,14959.0,58,55498.15426749992,0.06855296622520446,5,time
039030,2019-03-14,2019-03-21,63000.0,65400.0,12,25616.856960000005,0.03384580367747181,5,time
218410,2019-03-21,2019-03-22,29416.0,28533.52,28,-28012.06956900796,-0.03397068711421558,1,stop
131290,2019-03-22,2019-03-25,9370.0,9088.9,87,-27724.41503161518,-0.0339706871142158,1,stop
000660,2019-03-22,2019-03-25,78900.0,76533.0,10,-26833.69945649989,-0.03397068711421547,1,stop
196170,2019-03-22,2019-03-25,13140.0,12745.8,62,-27707.07005478011,-0.03397068711421569,1,stop
298380,2019-03-22,2019-03-27,31200.0,30264.0,26,-27588.716095199925,-0.03397068711421547,3,stop
108490,2019-03-26,2019-03-27,21424.0,20781.28,37,-26959.127445848077,-0.03397068711421569,1,stop
058610,2019-03-21,2019-03-28,9600.0,9460.0,85,-15209.049405000056,-0.018617128447216524,5,time
131290,2019-03-27,2019-03-28,9780.0,9486.6,80,-26609.235050399904,-0.03397068711421547,1,stop
079550,2019-03-27,2019-03-29,40150.0,38945.5,19,-25944.344271724927,-0.03397068711421547,2,stop
108490,2019-03-29,2019-04-05,18843.0,19135.0,41,8770.588258800097,0.011339544290257741,5,time
178320,2019-04-04,2019-04-05,11114.0,10780.58,71,-26836.89637379907,-0.03397068711421569,1,stop
028300,2019-04-04,2019-04-05,35263.0,34205.11,22,-26384.294507681043,-0.03397068711421569,1,stop
214150,2019-04-03,2019-04-08,6750.0,7762.499999999999,115,112913.00867812487,0.14529248434912567,3,target
084370,2019-04-05,2019-04-09,14750.0,14307.5,52,-26085.484769499977,-0.03397068711421558,2,stop
095340,2019-04-08,2019-04-09,10950.0,10621.5,82,-30537.362157150055,-0.03397068711421569,1,stop
214450,2019-04-03,2019-04-10,41300.0,41650.0,18,3234.825404999894,0.0043463937917904705,5,time
180640,2019-04-09,2019-04-10,31600.0,30652.0,25,-26867.709214999923,-0.03397068711421547,1,stop
178320,2019-04-09,2019-04-10,11064.0,10732.08,72,-27092.44569916802,-0.03397068711421558,1,stop
298380,2019-04-10,2019-04-11,37550.0,36423.5,20,-25541.328633499914,-0.03397068711421547,1,stop
036930,2019-04-05,2019-04-12,8310.0,8690.0,93,32068.60400699987,0.041447359283618646,5,time
005290,2019-04-05,2019-04-12,11850.0,11800.0,65,-6397.057387499954,-0.008295629035429353,5,time
214150,2019-04-10,2019-04-12,7530.0,8659.5,102,111721.69461554999,0.1452924843491259,2,target
095340,2019-04-11,2019-04-15,11050.0,10718.5,69,-25930.740368325147,-0.0339706871142158,2,stop
180640,2019-04-12,2019-04-15,34700.0,39905.0,23,116091.30077425006,0.1452924843491259,1,target
034220,2019-04-12,2019-04-16,20288.0,19679.36,40,-27599.599217919866,-0.03397068711421547,2,stop
214150,2019-04-15,2019-04-16,9630.0,9341.1,87,-28493.715768884984,-0.03397068711421558,1,stop
003490,2019-04-15,2019-04-16,24574.0,23836.78,34,-28415.69738288608,-0.03397068711421569,1,stop
000270,2019-04-10,2019-04-17,39050.0,42300.0,19,58527.29842249991,0.07879245310845673,5,time
141080,2019-04-16,2019-04-18,29677.0,28786.69,27,-27251.3052811214,-0.03397068711421547,2,stop
180640,2019-04-17,2019-04-18,41550.0,40303.5,20,-28262.109313499997,-0.03397068711421558,1,stop
131970,2019-04-12,2019-04-19,18516.0,18919.0,44,14340.905244599795,0.017582373477279756,5,time
098460,2019-04-18,2019-04-19,20240.0,19632.8,39,-26845.942969559925,-0.03397068711421547,1,stop
090430,2019-04-16,2019-04-23,232000.0,235500.0,3,7616.698274999973,0.010930959760941272,5,time
141080,2019-04-22,2019-04-23,31328.0,30388.16,25,-26636.44285719993,-0.03397068711421547,1,stop
035720,2019-04-17,2019-04-24,23483.0,23684.0,36,3750.098808599869,0.004430853747102725,5,time
240810,2019-04-22,2019-04-24,27450.0,26626.5,29,-27073.468253924977,-0.03397068711421558,2,stop
011200,2019-04-24,2019-04-25,4205.0,4078.85,185,-26457.041381112533,-0.03397068711421558,1,stop
080220,2019-04-24,2019-04-25,4410.0,4277.7,176,-26397.014157359954,-0.03397068711421547,1,stop
000990,2019-04-22,2019-04-26,15000.0,14550.0,53,-27037.758007499855,-0.03397068711421536,4,stop
131970,2019-04-24,2019-04-26,20931.0,20303.07,37,-26338.75544104958,-0.03397068711421569,2,stop
042700,2019-04-24,2019-04-26,4575.0,4437.75,170,-26451.089673374896,-0.03397068711421547,2,stop
067310,2019-04-30,2019-05-03,3648.0,3538.56,207,-25681.992994656088,-0.03397068711421569,2,stop
042700,2019-04-30,2019-05-03,4715.0,4573.55,160,-25656.96181239991,-0.03397068711421547,2,stop
178320,2019-05-02,2019-05-07,12215.0,11848.55,62,-25756.610404805047,-0.03397068711421569,2,stop
298380,2019-05-02,2019-05-07,33900.0,32883.0,22,-25364.477889299975,-0.03397068711421558,2,stop
010170,2019-05-03,2019-05-07,4434.0,4300.98,166,-25032.678685373976,-0.03397068711421558,1,stop
080220,2019-05-07,2019-05-08,4635.0,4495.95,156,-24591.095981010003,-0.03397068711421558,1,stop
196170,2019-05-07,2019-05-08,12320.0,11950.4,58,-24302.013033760013,-0.03397068711421558,1,stop
218410,2019-05-02,2019-05-10,31221.0,33563.0,24,52971.498352799914,0.07061305314872257,5,time
035720,2019-05-07,2019-05-14,25290.0,26896.0,28,41933.41470360011,0.05914991864989072,5,time
214150,2019-05-16,2019-05-17,11450.0,13167.499999999998,64,106592.78938399989,0.14529248434912567,1,target
131970,2019-05-16,2019-05-17,22365.0,21694.05,33,-25100.732212132425,-0.03397068711421547,1,stop
178320,2019-05-16,2019-05-17,13917.0,13499.49,53,-25085.631879358436,-0.03397068711421547,1,stop
214150,2019-05-20,2019-05-21,13350.0,12949.5,56,-25425.695454600034,-0.03397068711421558,1,stop
005290,2019-05-20,2019-05-21,12650.0,12270.5,59,-25383.183256474906,-0.03397068711421547,1,stop
131970,2019-05-20,2019-05-21,22290.0,21621.3,33,-25016.558059844887,-0.03397068711421547,1,stop
082740,2019-05-21,2019-05-23,3294.0,3195.18,224,-25094.30436777603,-0.03397068711421558,2,stop
214450,2019-05-20,2019-05-27,45150.0,46150.0,16,12992.29151999997,0.017964238099324126,5,time
180640,2019-05-27,2019-05-28,46600.0,45202.0,15,-23772.82119149994,-0.03397068711421547,1,stop
131970,2019-05-27,2019-05-28,24755.0,24012.35,29,-24415.435578357545,-0.03397068711421569,1,stop
058470,2019-05-22,2019-05-29,11732.0,11833.0,63,3315.196366649936,0.004480200366385967,5,time
083650,2019-05-28,2019-05-29,2645.0,2565.65,272,-24467.98065524001,-0.03397068711421558,1,stop
298380,2019-05-28,2019-05-30,35700.0,34629.0,20,-24282.967569000088,-0.03397068711421569,2,stop
100790,2019-05-28,2019-05-30,4343.0,4212.71,165,-24371.222892307444,-0.03397068711421547,2,stop
214450,2019-05-29,2019-05-30,50700.0,49179.0,14,-24140.12658329995,-0.03397068711421547,1,stop
141080,2019-05-29,2019-05-30,27124.0,26310.28,26,-23984.497928404133,-0.0339706871142158,1,stop
247540,2019-05-31,2019-06-03,15244.0,14786.68,45,-23330.014135829988,-0.03397068711421558,1,stop
066970,2019-06-05,2019-06-07,26284.0,25495.48,26,-23241.724802764133,-0.0339706871142158,1,stop
078600,2019-06-05,2019-06-12,16750.0,16247.5,41,-23356.201649874914,-0.03397068711421547,4,stop
007660,2019-06-07,2019-06-14,4190.0,4359.0,165,24969.503055749927,0.03607552957929627,5,time
247540,2019-06-07,2019-06-14,15911.0,15937.0,43,-1689.1737084999913,-0.0024660913793836947,5,time
196170,2019-06-13,2019-06-14,12932.0,12544.039999999999,52,-22870.338239944074,-0.03397068711421569,1,stop
031980,2019-06-11,2019-06-17,10100.0,9797.0,69,-23701.400698650046,-0.03397068711421569,4,stop
307950,2019-06-13,2019-06-17,69500.0,67415.0,9,-21273.103941749898,-0.03397068711421547,2,stop
267260,2019-06-17,2019-06-18,18123.0,17579.31,37,-22805.277571933577,-0.03397068711421569,1,stop
010170,2019-06-17,2019-06-18,4528.0,4392.16,149,-22945.431786712026,-0.03397068711421558,1,stop
064350,2019-06-14,2019-06-21,21550.0,21250.0,32,-12397.817440000013,-0.01795761959370834,5,time
263750,2019-06-14,2019-06-21,44580.0,44700.0,15,-945.7728300000308,-0.0014127206505955003,5,time
131970,2019-06-21,2019-06-24,27322.0,26502.34,24,-22301.150921688066,-0.03397068711421569,1,stop
071050,2019-06-25,2019-06-26,83400.0,80898.0,7,-19854.897012299974,-0.03397068711421558,1,stop
083650,2019-06-26,2019-06-27,2860.0,2774.2,230,-22371.619141299976,-0.03397068711421558,1,stop
141080,2019-06-26,2019-06-27,26474.0,25679.78,24,-21608.984316695947,-0.03397068711421547,1,stop
108490,2019-06-25,2019-07-02,16165.0,16895.0,40,26464.02081999986,0.04088094369631001,5,time
007660,2019-06-25,2019-07-02,4652.0,4775.0,142,14707.30400990008,0.02223851597575166,5,time
218410,2019-07-03,2019-07-04,28587.0,27729.39,23,-22361.450223508407,-0.03397068711421547,1,stop
064760,2019-07-04,2019-07-05,62000.0,60140.0,10,-21086.050270000007,-0.03397068711421558,1,stop
005290,2019-07-02,2019-07-08,12450.0,14317.499999999998,52,94170.54018450005,0.1452924843491259,4,target
095340,2019-07-04,2019-07-08,9470.0,9185.9,69,-22222.996496655047,-0.03397068711421569,2,stop
131290,2019-07-05,2019-07-08,9250.0,8972.5,69,-21706.728362625,-0.03397068711421558,1,stop
078600,2019-07-05,2019-07-08,17800.0,17266.0,36,-21793.453246799996,-0.03397068711421558,1,stop
141080,2019-07-08,2019-07-09,26824.0,26019.28,24,-21894.666288095992,-0.03397068711421558,1,stop
005290,2019-07-10,2019-07-11,13850.0,13434.5,46,-21667.617140349932,-0.03397068711421547,1,stop
078600,2019-07-12,2019-07-16,20700.0,23804.999999999996,31,93341.42050724989,0.14529248434912567,2,target
005290,2019-07-16,2019-07-17,16700.0,16199.0,39,-22150.555711050052,-0.03397068711421569,1,stop
178320,2019-07-16,2019-07-17,14443.0,14009.71,45,-22104.132390697487,-0.03397068711421558,1,stop
141080,2019-07-17,2019-07-18,28776.0,27912.719999999998,22,-21530.625833112048,-0.03397068711421569,1,stop
247540,2019-07-17,2019-07-18,16257.0,15769.289999999999,40,-22115.865757379914,-0.03397068711421547,1,stop
084370,2019-07-17,2019-07-18,11650.0,11300.5,55,-21791.752758874907,-0.03397068711421547,1,stop
066970,2019-07-16,2019-07-23,29993.0,29093.21,22,-22441.203107191017,-0.03397068711421558,5,stop
058610,2019-07-16,2019-07-23,8470.0,8480.0,78,-1929.8162909998791,-0.002917687256240531,5,time
078600,2019-07-18,2019-07-23,22050.0,21388.5,28,-20997.62489789992,-0.03397068711421547,3,stop
100790,2019-07-22,2019-07-23,3720.0,3608.4,177,-22393.385386739974,-0.03397068711421558,1,stop
039030,2019-07-19,2019-07-26,68000.0,72000.0,9,33385.77179999999,0.05448924390200838,5,time
214150,2019-07-31,2019-08-01,15400.0,14938.0,42,-21997.511797799845,-0.03397068711421536,1,stop
000150,2019-07-31,2019-08-01,82712.0,80230.64,7,-19691.10601536394,-0.03397068711421547,1,stop
035420,2019-07-26,2019-08-02,137500.0,142000.0,4,15692.92510000011,0.028499812032100502,5,time
298040,2019-07-31,2019-08-02,34800.0,33756.0,18,-21303.712724399986,-0.03397068711421558,2,stop
298040,2019-08-05,2019-08-06,35950.0,34871.5,17,-20785.063907275093,-0.03397068711421569,1,stop
036930,2019-08-08,2019-08-09,8110.0,7866.7,76,-20962.254749060026,-0.03397068711421558,1,stop
180640,2019-08-08,2019-08-13,30000.0,29100.0,20,-20405.855099999928,-0.03397068711421547,3,stop
214150,2019-08-12,2019-08-13,15650.0,15180.5,40,-21290.108820999856,-0.03397068711421536,1,stop
036930,2019-08-12,2019-08-14,7720.0,7488.4,81,-21266.982185220113,-0.0339706871142158,2,stop
000990,2019-08-13,2019-08-14,14350.0,13919.5,41,-20009.641413475038,-0.03397068711421569,1,stop
005290,2019-08-08,2019-08-16,14850.0,14950.0,41,1592.7239249998238,0.002612949261860731,5,time
222800,2019-08-09,2019-08-19,5832.0,6706.799999999999,107,90770.27675021987,0.14529248434912567,5,target
028300,2019-08-16,2019-08-19,11181.0,12858.15,58,94330.25481706508,0.1452924843491259,1,target
207940,2019-08-13,2019-08-21,414537.0,412356.0,1,-3873.4258363500703,-0.009333246329471079,5,time
012450,2019-08-14,2019-08-22,36261.0,38453.0,18,36664.7947956,0.0561096758807087,5,time
079550,2019-08-16,2019-08-23,30100.0,31250.0,21,21488.33237249998,0.03395609232732011,5,time
141080,2019-08-22,2019-08-23,23546.0,22839.62,33,-26426.19453015295,-0.03397068711421547,1,stop
003230,2019-08-19,2019-08-26,74400.0,72168.0,10,-25303.26032400003,-0.03397068711421558,5,stop
009540,2019-08-21,2019-08-26,107500.0,104275.0,3,-10968.147116249893,-0.03397068711421525,3,stop
028300,2019-08-23,2019-08-26,15639.0,15169.83,44,-23402.658979986096,-0.03397068711421569,1,stop
082740,2019-08-23,2019-08-26,2623.0,2544.31,267,-23818.42827764852,-0.03397068711421558,1,stop
084370,2019-08-20,2019-08-27,12050.0,12450.0,62,21665.12314000004,0.028965645328999923,5,time
066970,2019-08-26,2019-08-27,27535.0,26708.95,21,-19665.632706247503,-0.03397068711421558,1,stop
010140,2019-08-26,2019-08-28,6937.0,6728.889999999999,86,-20289.609745447175,-0.033970687114215914,2,stop
196170,2019-08-29,2019-08-30,8858.0,8592.26,72,-21690.60773709591,-0.03397068711421547,1,stop
078600,2019-08-29,2019-08-30,22900.0,22213.0,27,-21028.23368055001,-0.03397068711421558,1,stop
247540,2019-08-26,2019-09-02,14207.0,14232.0,42,-1398.4668032999616,-0.002340999246742359,5,time
218410,2019-08-26,2019-09-02,31416.0,36128.399999999994,19,86825.41260161973,0.14529248434912545,5,target
226950,2019-08-30,2019-09-02,18717.0,18155.489999999998,33,-21006.501444868627,-0.0339706871142158,1,stop
237690,2019-09-02,2019-09-03,15750.0,18112.5,39,89348.55469312519,0.14529248434912612,1,target
000250,2019-09-03,2019-09-04,34050.0,33028.5,19,-22002.613261574996,-0.03397068711421558,1,stop
028300,2019-09-03,2019-09-04,19320.0,18740.399999999998,34,-22340.330163480015,-0.03397068711421558,1,stop
218410,2019-09-04,2019-09-05,38587.0,44375.049999999996,16,89805.58873275993,0.14529248434912567,1,target
010170,2019-08-30,2019-09-06,3373.0,3505.0,185,21790.711327999947,0.03488061399184983,5,time
090430,2019-09-04,2019-09-06,140000.0,135800.0,4,-19045.464759999886,-0.03397068711421536,2,stop
196170,2019-09-02,2019-09-09,8663.0,9359.0,72,47408.07244320004,0.07591931312312439,5,time
064760,2019-09-06,2019-09-09,59500.0,57715.0,10,-20235.80630749988,-0.03397068711421536,1,stop
042700,2019-09-06,2019-09-09,3260.0,3162.2,184,-20400.413538640016,-0.03397068711421558,1,stop
034220,2019-09-03,2019-09-10,12893.0,13171.0,51,11441.459824499907,0.017380331852628883,5,time
237690,2019-09-05,2019-09-10,18900.0,18333.0,42,-26996.94629729993,-0.03397068711421547,3,stop
218410,2019-09-09,2019-09-10,47124.0,45710.28,12,-19232.1103146479,-0.03397068711421547,1,stop
319660,2019-09-09,2019-09-10,8600.0,8342.0,70,-20473.874616999994,-0.03397068711421558,1,stop
240810,2019-09-09,2019-09-11,27800.0,26966.0,21,-19854.897012299974,-0.03397068711421558,2,stop
084370,2019-09-11,2019-09-16,14150.0,13725.5,45,-21655.713724875008,-0.03397068711421558,1,stop
267260,2019-09-11,2019-09-17,12427.0,12054.19,51,-21554.602712854394,-0.03397068711421547,2,stop
047040,2019-09-17,2019-09-19,4930.0,4782.099999999999,136,-22802.862879080232,-0.033970687114215914,2,stop
000720,2019-09-17,2019-09-19,46994.0,45584.18,14,-22375.564273285912,-0.03397068711421547,2,stop
032820,2019-09-19,2019-09-20,1120.0,1086.3999999999999,582,-22168.920980640105,-0.03397068711421569,1,stop
005490,2019-09-16,2019-09-23,237000.0,231000.0,2,-13907.170199999993,-0.029306314860950033,5,time
064350,2019-09-17,2019-09-24,19650.0,20650.0,34,31161.758879999863,0.046588773174441656,5,time
098460,2019-09-17,2019-09-24,17700.0,18140.0,38,13914.259284000029,0.020663506071881388,5,time
032820,2019-09-24,2019-09-25,1130.0,1096.1,544,-20906.478745119995,-0.03397068711421558,1,stop
034020,2019-09-19,2019-09-26,6019.0,6073.0,108,3150.7638659998775,0.004841372964198953,5,time
307950,2019-09-25,2019-09-26,57500.0,55775.0,10,-19555.611137499916,-0.03397068711421547,1,stop
083650,2019-09-20,2019-09-27,2370.0,2355.0,267,-6586.493037750013,-0.010396697617981565,5,time
222800,2019-09-24,2019-09-27,7306.0,8401.9,84,89269.13375561987,0.14529248434912567,3,target
131970,2019-09-26,2019-09-30,22164.0,21499.079999999998,28,-21106.184047032148,-0.0339706871142158,2,stop
005290,2019-09-25,2019-10-02,16100.0,17100.0,37,34449.62441000005,0.057764055218474386,5,time
028300,2019-10-01,2019-10-02,24277.0,27918.55,26,91814.38570518489,0.14529248434912567,1,target
214150,2019-09-26,2019-10-04,13800.0,14050.0,45,8671.852237500018,0.013948292697241182,5,time
028300,2019-10-04,2019-10-07,31838.0,36613.7,20,92622.85012029996,0.1452924843491259,1,target
222800,2019-09-30,2019-10-08,8572.0,9305.0,75,52178.19817125006,0.08106743562139807,5,time
298380,2019-10-08,2019-10-10,20700.0,20079.0,33,-23232.066031350172,-0.0339706871142158,1,stop
196170,2019-10-08,2019-10-10,10930.0,10602.1,62,-23047.052945110016,-0.03397068711421558,1,stop
087010,2019-10-08,2019-10-10,12163.0,11798.11,56,-23164.998787587974,-0.03397068711421558,1,stop
000500,2019-10-10,2019-10-11,15557.0,15090.289999999999,46,-24338.131397287012,-0.03397068711421558,1,stop
028300,2019-10-10,2019-10-14,43542.0,50073.299999999996,16,101337.62522615993,0.14529248434912567,2,target
034730,2019-10-08,2019-10-16,230000.0,240000.0,2,18055.867000000027,0.03920679109183456,5,time
226950,2019-10-10,2019-10-17,18417.0,18167.0,39,-12664.841939100064,-0.017612340055829012,5,time
068270,2019-10-10,2019-10-17,146023.0,153370.0,4,26907.636872200062,0.04601453984542303,5,time
222800,2019-10-11,2019-10-17,9418.0,9135.46,93,-29788.26321642904,-0.03397068711421558,4,stop
087010,2019-10-17,2019-10-18,12762.0,12379.14,59,-25607.919740643003,-0.03397068711421558,1,stop
178320,2019-10-17,2019-10-21,14042.0,16148.3,53,108254.81068790483,0.14529248434912567,2,target
095340,2019-10-15,2019-10-22,10100.0,10650.0,79,40051.95344750001,0.0501390407505975,5,time
196170,2019-10-18,2019-10-22,11875.0,11518.75,62,-25039.68469562498,-0.03397068711421558,2,stop
082740,2019-10-21,2019-10-22,2890.0,2803.2999999999997,297,-29191.596013305127,-0.03397068711421569,1,stop
039030,2019-10-16,2019-10-23,96400.0,99900.0,4,12378.461379999993,0.032064939441436735,5,time
028300,2019-10-22,2019-10-23,72044.0,69882.68,11,-26952.189455113956,-0.03397068711421558,1,stop
067310,2019-10-18,2019-10-25,3251.0,3738.6499999999996,229,108291.61196480738,0.14529248434912567,5,target
178320,2019-10-23,2019-10-25,15594.0,15126.18,44,-23335.319658155902,-0.03397068711421547,2,stop
028300,2019-10-25,2019-10-28,69935.0,67836.95,10,-23784.72460697498,-0.03397068711421558,1,stop
005290,2019-10-28,2019-10-29,18850.0,18284.5,37,-23720.106065824977,-0.03397068711421558,1,stop
067310,2019-10-28,2019-10-30,3784.0,3670.48,188,-24194.270118832006,-0.03397068711421558,2,stop
086520,2019-10-29,2019-10-30,2683.0,2602.5099999999998,280,-25549.49097554013,-0.0339706871142158,1,stop
003670,2019-10-29,2019-10-30,44487.0,43152.39,16,-24207.87402223202,-0.03397068711421558,1,stop
237690,2019-10-30,2019-10-31,18800.0,18236.0,38,-24296.571472399984,-0.03397068711421558,1,stop
207940,2019-10-28,2019-11-04,563625.0,583261.0,1,17268.264115199912,0.030602662831176852,5,time
237690,2019-11-04,2019-11-05,19600.0,19012.0,37,-24663.876864199876,-0.03397068711421547,1,stop
082740,2019-11-04,2019-11-06,3121.0,3027.37,232,-24625.513856611913,-0.03397068711421547,2,stop
090430,2019-10-31,2019-11-07,187500.0,204500.0,3,48544.41194999998,0.08620203153343176,5,time
031980,2019-10-31,2019-11-07,8080.0,8100.0,88,-1159.1726960000815,-0.0016283767511926506,5,time
298380,2019-11-06,2019-11-07,22900.0,22213.0,30,-23364.70408950001,-0.03397068711421558,1,stop
087010,2019-11-06,2019-11-07,15020.0,14569.4,47,-24008.84891549009,-0.03397068711421569,1,stop
141080,2019-11-07,2019-11-08,26974.0,26164.78,24,-22017.10141869611,-0.0339706871142158,1,stop
226950,2019-11-07,2019-11-08,19217.0,18640.489999999998,34,-22221.227989213192,-0.033970687114215914,1,stop
098460,2019-11-07,2019-11-08,20340.0,19729.8,33,-22828.03010037006,-0.03397068711421569,1,stop
028050,2019-11-05,2019-11-12,18800.0,18700.0,38,-6716.5514899999835,-0.009390866913568274,5,time
222800,2019-11-11,2019-11-12,10322.0,10012.34,64,-22467.118543167948,-0.03397068711421547,1,stop
196170,2019-11-11,2019-11-13,13989.0,13569.33,47,-22360.838047855534,-0.03397068711421569,2,stop
047040,2019-11-11,2019-11-14,4785.0,4641.45,138,-22457.663830304984,-0.03397068711421558,3,stop
161390,2019-11-08,2019-11-15,35000.0,35850.0,18,12673.028835000121,0.020092809041395432,5,time
082740,2019-11-13,2019-11-15,3506.0,3400.8199999999997,189,-22536.022313889116,-0.0339706871142158,2,stop
336260,2019-11-18,2019-11-19,8997.0,8727.09,73,-22336.963197388453,-0.03397068711421547,1,stop
131290,2019-11-18,2019-11-19,9060.0,8788.199999999999,72,-22185.24566472019,-0.033970687114215914,1,stop
226950,2019-11-18,2019-11-19,20819.0,20194.43,31,-21949.52402855642,-0.03397068711421547,1,stop
214150,2019-11-19,2019-11-20,17650.0,17120.5,35,-21009.52831337496,-0.03397068711421547,1,stop
009830,2019-11-14,2019-11-21,22372.0,22130.0,29,-9656.17356669996,-0.014866304983474854,5,time
237690,2019-11-15,2019-11-22,21100.0,20750.0,30,-13063.206074999878,-0.0206132680715283,5,time
080220,2019-11-21,2019-11-28,3755.0,3755.0,167,-2569.919746999978,-0.004093491870325261,5,time
267260,2019-11-28,2019-11-29,9500.0,9215.0,66,-21324.118579500006,-0.03397068711421558,1,stop
196170,2019-11-28,2019-11-29,13349.0,12948.529999999999,47,-21337.824512175517,-0.03397068711421558,1,stop
032820,2019-11-29,2019-12-02,1190.0,1154.3,520,-21045.238559800084,-0.03397068711421569,1,stop
237690,2019-11-29,2019-12-02,23800.0,27369.999999999996,26,90010.39583899989,0.14529248434912567,1,target
083650,2019-11-29,2019-12-02,2135.0,2070.95,290,-21057.141975275008,-0.03397068711421558,1,stop
196170,2019-12-02,2019-12-03,18022.0,20725.3,35,91751.54716122511,0.14529248434912612,1,target
180640,2019-11-29,2019-12-06,36150.0,41572.5,17,89392.19257087493,0.14529248434912567,5,target
196170,2019-12-05,2019-12-06,18384.0,17832.48,35,-21883.23900924006,-0.03397068711421569,1,stop
131290,2019-12-06,2019-12-09,9700.0,11155.0,68,95945.14721299987,0.14529248434912567,1,target
032820,2019-12-04,2019-12-10,981.0,951.5699999999999,668,-22286.866823117947,-0.03397068711421547,4,stop
237690,2019-12-05,2019-12-10,26800.0,25996.0,24,-21875.07666719996,-0.03397068711421547,3,stop
196170,2019-12-09,2019-12-10,16381.0,15889.57,42,-23398.781867517042,-0.03397068711421569,1,stop
226950,2019-12-09,2019-12-12,19242.0,18664.739999999998,36,-23558.967830052017,-0.03397068711421558,3,stop
131290,2019-12-11,2019-12-12,11200.0,12879.999999999998,58,94490.55128799984,0.14529248434912567,1,target
222800,2019-12-09,2019-12-16,10512.0,11131.0,66,37890.261990900035,0.05455054623205946,5,time
267260,2019-12-13,2019-12-16,10000.0,9700.0,69,-23466.733364999993,-0.03397068711421558,1,stop
087010,2019-12-10,2019-12-17,14282.0,15481.0,45,51162.065804249956,0.07951467948154956,5,time
000990,2019-12-12,2019-12-17,21600.0,24839.999999999996,31,97399.7431379999,0.14529248434912567,3,target
131290,2019-12-16,2019-12-18,12600.0,12222.0,55,-23568.762640499976,-0.03397068711421558,2,stop
042700,2019-12-16,2019-12-18,3460.0,3978.9999999999995,203,102167.90858014987,0.14529248434912567,2,target
031980,2019-12-17,2019-12-18,8970.0,8700.9,82,-25015.53776709002,-0.03397068711421558,1,stop
131970,2019-12-13,2019-12-19,19875.0,22856.25,35,101185.32903281262,0.14529248434912612,4,target
005290,2019-12-18,2019-12-19,17000.0,16490.0,42,-24282.967569000088,-0.03397068711421569,1,stop
319660,2019-12-17,2019-12-20,10025.0,11528.75,73,106450.9662813124,0.14529248434912567,3,target
000990,2019-12-19,2019-12-20,26850.0,26044.5,28,-25568.536440300057,-0.03397068711421569,1,stop
067310,2019-12-19,2019-12-20,4031.0,3910.0699999999997,192,-26321.920610592002,-0.03397068711421558,1,stop
084370,2019-12-18,2019-12-23,15900.0,15423.0,45,-24333.982206749963,-0.03397068711421558,3,stop
042700,2019-12-20,2019-12-23,3985.0,3865.45,195,-26428.133086387534,-0.03397068711421558,1,stop
319660,2019-12-23,2019-12-24,11600.0,11252.0,64,-25248.84471039998,-0.03397068711421558,1,stop
000990,2019-12-23,2019-12-24,26550.0,25753.5,28,-25282.854468900012,-0.03397068711421558,1,stop
178320,2019-12-23,2019-12-24,14768.0,14324.96,50,-25112.805676399963,-0.03397068711421558,1,stop
064760,2019-12-18,2019-12-26,63600.0,65900.0,11,22358.31361500011,0.031921995058892705,5,time
180640,2019-12-24,2019-12-26,47750.0,46317.5,15,-24359.4895256249,-0.03397068711421547,1,stop
028300,2019-12-24,2019-12-26,43346.0,42045.619999999995,16,-23586.991871056147,-0.0339706871142158,1,stop
000660,2019-12-20,2019-12-30,94100.0,94100.0,8,-3085.1249600000447,-0.004093491870325372,5,time
319660,2019-12-27,2019-12-30,11975.0,11615.75,59,-24028.7446242125,-0.03397068711421558,1,stop
087010,2019-12-26,2020-01-03,17140.0,16625.8,41,-23900.017688289983,-0.03397068711421558,4,stop
131290,2019-12-27,2020-01-06,13850.0,13434.5,51,-24022.79291647498,-0.03397068711421558,4,stop
086520,2020-01-03,2020-01-06,2893.0,2806.21,249,-24499.16760378459,-0.03397068711421569,1,stop
298380,2019-12-30,2020-01-07,22750.0,22067.5,31,-23985.382182124886,-0.03397068711421547,4,stop
131970,2019-12-30,2020-01-08,26164.0,27171.0,27,24213.762238950003,0.034236956596521484,5,time
039030,2019-12-30,2020-01-08,101400.0,103500.0,7,11747.761304999935,0.016531790842419403,5,time
083650,2020-01-07,2020-01-08,2340.0,2269.7999999999997,292,-23238.187787880073,-0.03397068711421569,1,stop
090430,2020-01-08,2020-01-09,219500.0,212915.0,3,-22395.42597224994,-0.03397068711421547,1,stop
080220,2020-01-06,2020-01-13,4260.0,4345.0,161,10833.86448374996,0.015777882118177544,5,time
011200,2020-01-06,2020-01-13,3725.0,3780.0,185,7320.83151624992,0.010611167981253722,5,time
083650,2020-01-10,2020-01-14,2495.0,2420.15,278,-23589.50859318499,-0.03397068711421558,2,stop
267260,2020-01-13,2020-01-14,12800.0,12416.0,58,-25248.844710399862,-0.03397068711421536,1,stop
131290,2020-01-08,2020-01-15,14950.0,14501.5,47,-23896.956810025033,-0.03397068711421558,5,stop
247540,2020-01-13,2020-01-15,14157.0,13732.289999999999,52,-25036.759856394026,-0.03397068711421558,2,stop
095340,2020-01-14,2020-01-15,11000.0,10670.0,63,-23568.762640499976,-0.03397068711421558,1,stop
064350,2020-01-14,2020-01-16,17450.0,16926.5,39,-23145.341147174942,-0.03397068711421547,2,stop
003230,2020-01-10,2020-01-17,100500.0,101000.0,6,519.9412500000326,0.0008612668765886067,5,time
006400,2020-01-15,2020-01-22,262870.0,280003.0,2,32010.39445069991,0.06081641113795122,5,time
067310,2020-01-15,2020-01-22,4339.0,4662.0,159,48378.244717949885,0.07004289949309572,5,time
078600,2020-01-15,2020-01-22,19300.0,19400.0,35,721.347725000116,0.001066645477497019,5,time
005290,2020-01-16,2020-01-23,17950.0,19200.0,47,55119.35563249991,0.06525932903006981,5,time
095340,2020-01-17,2020-01-28,12800.0,12416.0,47,-20460.27071359998,-0.03397068711421558,5,stop
131290,2020-01-23,2020-01-28,16350.0,15859.5,45,-25022.67981637502,-0.03397068711421558,1,stop
058470,2020-01-22,2020-01-29,14436.0,16601.399999999998,45,94493.46047984995,0.1452924843491259,3,target
086280,2020-01-28,2020-01-29,77280.0,74961.59999999999,9,-23654.46723191999,-0.03397068711421558,1,stop
042700,2020-01-23,2020-01-30,4835.0,4689.95,153,-25158.888899167534,-0.03397068711421558,3,stop
131970,2020-01-29,2020-01-30,35020.0,33969.4,20,-23820.434853399987,-0.03397068711421558,1,stop
003670,2020-01-29,2020-01-30,55858.0,54182.26,12,-22796.6050835161,-0.03397068711421569,1,stop
005380,2020-01-23,2020-01-31,130000.0,126100.0,5,-22106.34302499995,-0.03397068711421547,4,stop
058470,2020-01-31,2020-02-03,16538.0,16041.859999999999,41,-23060.58882899303,-0.03397068711421558,1,stop
207940,2020-01-28,2020-02-04,693805.0,716351.0,1,19636.1816137,0.028269647819200827,5,time
051910,2020-02-05,2020-02-06,391000.0,379270.0,1,-13297.815573500004,-0.03397068711421558,1,stop
078600,2020-02-05,2020-02-06,21000.0,20370.0,32,-22854.557711999863,-0.03397068711421536,1,stop
196170,2020-02-05,2020-02-06,19107.0,21973.05,35,97275.3751864126,0.1452924843491259,1,target
247540,2020-02-04,2020-02-07,16035.0,18440.25,42,97962.67176097503,0.1452924843491259,3,target
003490,2020-02-07,2020-02-10,17604.0,17075.88,42,-25145.727122627897,-0.03397068711421547,1,stop
086520,2020-02-06,2020-02-11,2969.0,3414.35,237,102353.07864140254,0.1452924843491259,3,target
247540,2020-02-10,2020-02-11,18333.0,21082.949999999997,40,106668.42837209988,0.14529248434912567,1,target
214150,2020-02-05,2020-02-12,13800.0,14300.0,49,21656.569935000036,0.03199007726480785,5,time
000250,2020-02-06,2020-02-13,33900.0,35500.0,20,29127.08280000009,0.04291094509154725,5,time
010130,2020-02-11,2020-02-13,434000.0,420980.0,1,-14760.23518899997,-0.03397068711421547,2,stop
222800,2020-02-07,2020-02-14,13509.0,13462.0,55,-5622.321399749839,-0.007558411988919711,5,time
196170,2020-02-11,2020-02-17,24197.0,27826.55,34,119669.31583056506,0.1452924843491259,4,target
247540,2020-02-13,2020-02-17,21372.0,20730.84,28,-20351.983642535983,-0.03397068711421558,2,stop
086520,2020-02-13,2020-02-17,3542.0,3435.74,171,-20599.098547797068,-0.03397068711421569,2,stop
006400,2020-02-12,2020-02-18,334339.0,324308.83,3,-34112.36594139447,-0.03397068711421558,4,stop
180640,2020-02-14,2020-02-18,48600.0,47142.0,15,-24793.113946499885,-0.03397068711421547,2,stop
095340,2020-02-17,2020-02-18,14800.0,14356.0,47,-23657.188012599945,-0.03397068711421547,1,stop
218410,2020-02-17,2020-02-18,33367.0,32365.989999999998,21,-23830.87584925955,-0.03397068711421569,1,stop
141080,2020-02-18,2020-02-19,25273.0,24514.809999999998,30,-25785.85879711504,-0.03397068711421569,1,stop
064760,2020-02-18,2020-02-19,77200.0,74884.0,9,-23629.980205800035,-0.03397068711421558,1,stop
067310,2020-02-18,2020-02-19,4799.0,4655.03,158,-25787.627304557012,-0.03397068711421558,1,stop
178320,2020-02-18,2020-02-19,16170.0,15684.9,47,-25847.076362414868,-0.03397068711421547,1,stop
098460,2020-02-17,2020-02-24,20700.0,20079.0,34,-23936.0680323001,-0.03397068711421569,5,stop
214450,2020-02-19,2020-02-24,44900.0,43553.0,16,-24432.6105064,-0.03397068711421558,3,stop
000250,2020-02-20,2020-02-24,43200.0,41904.0,17,-24976.766642399947,-0.03397068711421547,2,stop
035720,2020-02-20,2020-02-24,38235.0,37087.95,19,-24706.899208702613,-0.03397068711421569,2,stop
009830,2020-02-24,2020-02-25,23943.0,23224.71,29,-23614.573785199434,-0.03397068711421547,1,stop
180640,2020-02-20,2020-02-26,49600.0,57039.99999999999,14,101007.14103199996,0.1452924843491259,4,target
087010,2020-02-26,2020-02-28,14144.0,13719.68,51,-24532.735235424014,-0.03397068711421558,2,stop
000250,2020-02-26,2020-02-28,41650.0,40400.5,17,-24080.609505925095,-0.03397068711421569,2,stop
237690,2020-02-27,2020-02-28,33100.0,32107.0,22,-24765.90613970009,-0.03397068711421569,1,stop
180640,2020-02-28,2020-03-02,66400.0,64408.0,10,-22582.479644000065,-0.03397068711421569,1,stop
237690,2020-03-03,2020-03-04,31550.0,30603.5,22,-23606.17337485007,-0.03397068711421569,1,stop
180640,2020-03-04,2020-03-06,83000.0,80510.0,8,-22582.479643999948,-0.03397068711421547,2,stop
298380,2020-03-06,2020-03-09,19950.0,19351.5,34,-23068.819190550013,-0.03397068711421558,1,stop
011200,2020-03-06,2020-03-09,3670.0,3559.9,190,-23715.004602049943,-0.03397068711421547,1,stop
067310,2020-03-06,2020-03-09,4497.0,4362.09,155,-23705.992016047472,-0.03397068711421558,1,stop
237690,2020-03-06,2020-03-09,34700.0,33659.0,20,-23602.772398999892,-0.03397068711421547,1,stop
141080,2020-03-09,2020-03-10,25223.0,24466.309999999998,26,-22303.531604783027,-0.03397068711421558,1,stop
131970,2020-03-09,2020-03-10,33762.0,32749.14,20,-22964.749329540064,-0.03397068711421569,1,stop
218410,2020-03-09,2020-03-13,32197.0,37026.549999999996,21,98350.61249417241,0.14529248434912567,4,target
218410,2020-03-16,2020-03-17,37758.0,36625.26,18,-23114.528305973974,-0.03397068711421558,1,stop
218410,2020-03-24,2020-03-26,38392.0,37240.24,17,-22196.945021643885,-0.03397068711421536,2,stop
090430,2020-03-25,2020-03-27,177500.0,172175.0,3,-18110.19640124991,-0.03397068711421547,2,stop
098460,2020-03-26,2020-03-27,17220.0,16703.399999999998,41,-24011.56969616993,-0.03397068711421547,1,stop
207940,2020-03-26,2020-03-27,682896.0,662409.12,1,-23225.128040615935,-0.03397068711421547,1,stop
141080,2020-03-27,2020-03-30,23546.0,22839.62,28,-22422.22566194809,-0.03397068711421569,1,stop
068270,2020-03-26,2020-03-31,155445.0,178761.75,4,90443.86542465002,0.1452924843491259,3,target
105560,2020-03-30,2020-04-01,34300.0,33271.0,19,-22164.159614450065,-0.03397068711421569,2,stop
226950,2020-03-31,2020-04-01,18492.0,17937.239999999998,43,-27043.06352982612,-0.03397068711421569,1,stop
039490,2020-03-26,2020-04-02,66700.0,67000.0,10,257.6564500000095,0.0003858477464497856,5,time
055550,2020-03-30,2020-04-02,27100.0,26287.0,24,-22119.94692840008,-0.03397068711421569,3,stop
180640,2020-04-01,2020-04-02,79500.0,77115.0,8,-21630.206405999954,-0.03397068711421547,1,stop
007660,2020-04-01,2020-04-02,2360.0,2289.2,299,-23998.64598794002,-0.03397068711421558,1,stop
272210,2020-04-02,2020-04-03,6822.0,6617.34,97,-22505.413531239028,-0.03397068711421558,1,stop
010170,2020-04-02,2020-04-03,1880.0,2162.0,354,96806.26800060016,0.14529248434912612,1,target
241560,2020-04-02,2020-04-03,21450.0,20806.5,31,-22614.78891457501,-0.03397068711421558,1,stop
034730,2020-03-30,2020-04-06,155500.0,168000.0,4,47303.517100000056,0.07596330138768725,5,time
010170,2020-04-06,2020-04-07,2358.0,2287.2599999999998,291,-23336.748068013112,-0.03397068711421569,1,stop
237690,2020-04-07,2020-04-08,39200.0,38024.0,16,-21330.920531199896,-0.03397068711421547,1,stop
011200,2020-04-02,2020-04-09,3070.0,3280.0,216,42508.67806799989,0.06403040607991284,5,time
095340,2020-04-03,2020-04-10,9500.0,9860.0,72,23040.417743999977,0.033646123174588594,5,time
082740,2020-04-03,2020-04-10,2211.0,2495.0,309,84697.40478240012,0.12382937032272223,5,time
000810,2020-04-03,2020-04-10,167000.0,183000.0,4,61073.72720000008,0.09132270052533231,5,time
039030,2020-04-08,2020-04-10,73500.0,71295.0,8,-19997.737997999997,-0.03397068711421558,2,stop
336260,2020-04-09,2020-04-10,7113.0,6899.61,106,-25642.609694313025,-0.03397068711421558,1,stop
079550,2020-04-10,2020-04-13,23400.0,22698.0,29,-23079.022118099965,-0.03397068711421558,1,stop
222800,2020-04-10,2020-04-13,9550.0,9263.5,73,-23709.903138275025,-0.03397068711421558,1,stop
086280,2020-04-10,2020-04-13,52770.0,51186.9,13,-23331.03442858497,-0.03397068711421558,1,stop
010170,2020-04-10,2020-04-13,2430.0,2357.1,288,-23801.389388640062,-0.03397068711421569,1,stop
078600,2020-04-13,2020-04-14,16150.0,15665.5,41,-22519.561590775033,-0.03397068711421558,1,stop
032830,2020-04-13,2020-04-14,50600.0,49082.0,13,-22371.619141299976,-0.03397068711421558,1,stop
336260,2020-04-13,2020-04-14,6819.0,7841.849999999999,99,98197.0071644925,0.1452924843491259,1,target
042660,2020-04-13,2020-04-16,14969.0,14519.93,45,-22909.143374392646,-0.0339706871142158,2,stop
005490,2020-04-14,2020-04-16,183000.0,177510.0,3,-18671.357416499988,-0.03397068711421558,1,stop
336260,2020-04-16,2020-04-17,7928.0,7690.16,85,-22918.496057979995,-0.03397068711421558,1,stop
078600,2020-04-16,2020-04-17,15800.0,18170.0,43,98825.24714450003,0.1452924843491259,1,target
001440,2020-04-10,2020-04-20,5258.0,5595.0,133,41822.93681614997,0.05973695568382076,5,time
064350,2020-04-17,2020-04-20,14200.0,16329.999999999998,49,101210.7844615,0.1452924843491259,1,target
000720,2020-04-17,2020-04-20,32935.0,31946.95,21,-23522.339320147526,-0.03397068711421558,1,stop
226950,2020-04-17,2020-04-20,18166.0,17621.02,38,-23477.20837061794,-0.03397068711421547,1,stop
011200,2020-04-16,2020-04-21,3605.0,3496.85,188,-23049.773725789855,-0.03397068711421536,3,stop
180640,2020-04-20,2020-04-21,109500.0,106215.0,6,-22344.41133449995,-0.03397068711421547,1,stop
078600,2020-04-20,2020-04-21,17650.0,17120.5,41,-24611.16173852503,-0.03397068711421558,1,stop
006400,2020-04-20,2020-04-21,280982.0,272552.54,2,-19112.25992569409,-0.03397068711421569,1,stop
145020,2020-04-21,2020-04-22,136064.0,131982.08,5,-23137.51890272007,-0.03397068711421569,1,stop
032820,2020-04-21,2020-04-22,877.0,850.6899999999999,799,-23831.420005395543,-0.03397068711421569,1,stop
241560,2020-04-21,2020-04-22,24650.0,23910.5,28,-23473.535316700116,-0.0339706871142158,1,stop
010170,2020-04-22,2020-04-23,2515.0,2892.25,273,99871.82891253743,0.14529248434912567,1,target
007660,2020-04-23,2020-04-24,2944.0,2855.68,273,-27334.051023552078,-0.03397068711421569,1,stop
145020,2020-04-24,2020-04-27,135723.0,131651.31,5,-23079.532264477457,-0.03397068711421547,1,stop
064350,2020-04-22,2020-04-29,17350.0,18000.0,39,22502.219902500045,0.0332171265898642,5,time
267260,2020-04-22,2020-04-29,7880.0,8250.0,87,29285.540278500062,0.04266861574490055,5,time
272210,2020-04-22,2020-04-29,7331.0,7797.0,93,40416.15431849996,0.059211982524495,5,time
047810,2020-04-22,2020-04-29,24500.0,25650.0,28,29293.707590000005,0.04265314014392474,5,time
010170,2020-04-27,2020-04-29,2823.0,2738.31,267,-25634.54938154854,-0.03397068711421569,2,stop
108490,2020-04-29,2020-05-04,10663.0,10343.11,67,-24297.285677328473,-0.03397068711421558,1,stop
067310,2020-04-29,2020-05-04,3551.0,3444.47,201,-24274.49913913349,-0.03397068711421558,1,stop
086790,2020-04-29,2020-05-04,27600.0,26772.0,25,-23466.733364999993,-0.03397068711421558,1,stop
100790,2020-04-29,2020-05-04,2959.0,2870.23,242,-24353.639847162995,-0.03397068711421558,1,stop
058470,2020-04-29,2020-05-04,18340.0,17789.8,39,-24325.81986470986,-0.03397068711421536,1,stop
000880,2020-05-04,2020-05-06,20000.0,19400.0,34,-23126.63578000001,-0.03397068711421558,1,stop
298040,2020-05-04,2020-05-06,17500.0,16975.0,39,-23211.660176249803,-0.03397068711421525,1,stop
078600,2020-05-04,2020-05-07,18300.0,21045.0,37,98490.69008175004,0.1452924843491259,2,target
086790,2020-05-06,2020-05-07,27000.0,26190.0,25,-22956.586987499963,-0.03397068711421558,1,stop
196170,2020-05-06,2020-05-08,33958.0,39051.7,20,98790.3368422999,0.14529248434912567,2,target
298380,2020-05-07,2020-05-08,20650.0,20030.5,34,-23878.2514428501,-0.03397068711421569,1,stop
005940,2020-05-04,2020-05-12,9460.0,9176.199999999999,73,-23486.45902493014,-0.0339706871142158,5,stop
095340,2020-05-08,2020-05-12,11500.0,11155.0,65,-25422.29447875009,-0.03397068711421569,2,stop
196170,2020-05-12,2020-05-13,47003.0,54053.45,14,95718.52116788493,0.14529248434912567,1,target
336260,2020-05-12,2020-05-13,10891.0,10564.27,64,-23705.617908704095,-0.03397068711421569,1,stop
005290,2020-05-07,2020-05-14,16900.0,17600.0,41,25775.748185000033,0.03715707355516429,5,time
141080,2020-05-07,2020-05-14,28426.0,27573.219999999998,24,-23202.273482903955,-0.03397068711421547,5,stop
240810,2020-05-13,2020-05-14,32600.0,31622.0,22,-24391.79879619996,-0.03397068711421558,1,stop
214150,2020-05-08,2020-05-15,12100.0,13914.999999999998,61,107363.72522424976,0.14529248434912545,5,target
007660,2020-05-14,2020-05-15,3246.0,3148.62,217,-23955.861711746897,-0.03397068711421547,1,stop
226950,2020-05-14,2020-05-18,20819.0,20194.43,33,-23365.62235297938,-0.03397068711421536,2,stop
000100,2020-05-15,2020-05-18,43260.0,49748.99999999999,17,106973.89351634972,0.14529248434912545,1,target
000250,2020-05-13,2020-05-19,37350.0,36229.5,19,-24135.02511952503,-0.03397068711421558,4,stop
247540,2020-05-14,2020-05-19,20680.0,23781.999999999996,34,102275.5486786,0.1452924843491259,3,target
336260,2020-05-15,2020-05-20,9488.0,10911.199999999999,81,111789.7697048398,0.14529248434912567,3,target
131290,2020-05-18,2020-05-20,16400.0,18860.0,47,112120.253899,0.1452924843491259,2,target
003230,2020-05-19,2020-05-20,127000.0,123190.0,5,-21596.196647499804,-0.03397068711421525,1,stop
095340,2020-05-19,2020-05-21,13950.0,16042.499999999998,53,107545.54971487483,0.14529248434912567,2,target
196170,2020-05-20,2020-05-21,53679.0,52068.63,15,-27384.147397822584,-0.03397068711421569,1,stop
078600,2020-05-20,2020-05-22,24350.0,28002.499999999996,34,120425.9966307499,0.14529248434912567,2,target
222800,2020-05-21,2020-05-22,12250.0,11882.5,67,-27913.50928887492,-0.03397068711421547,1,stop
214150,2020-05-18,2020-05-25,15050.0,15600.0,51,24821.733787500067,0.032301762579596494,5,time
131290,2020-05-22,2020-05-25,18550.0,21332.5,51,137612.047484625,0.1452924843491259,1,target
131970,2020-05-22,2020-05-25,35674.0,34603.78,26,-31544.867242953973,-0.03397068711421558,1,stop
086520,2020-05-20,2020-05-26,2944.0,3385.6,283,121189.95041055989,0.14529248434912567,4,target
095340,2020-05-25,2020-05-26,18350.0,17799.5,50,-31203.95342375012,-0.03397068711421569,1,stop
078600,2020-05-25,2020-05-26,29200.0,33580.0,31,131670.02313099988,0.14529248434912567,1,target
034730,2020-05-21,2020-05-27,230000.0,264500.0,3,100367.11882500001,0.1452924843491259,4,target
084370,2020-05-26,2020-05-27,22050.0,21388.5,44,-32996.26769670006,-0.03397068711421569,1,stop
247540,2020-05-26,2020-05-27,29031.0,28160.07,33,-32582.13086744561,-0.03397068711421569,1,stop
066970,2020-05-25,2020-05-28,22807.0,22122.79,40,-31026.422484380077,-0.03397068711421569,3,stop
010170,2020-05-26,2020-05-28,3394.0,3292.18,288,-33243.58666051191,-0.03397068711421547,2,stop
336260,2020-05-27,2020-05-28,13982.0,16079.3,63,128130.40940710506,0.1452924843491259,1,target
035720,2020-05-27,2020-05-28,52585.0,51007.45,17,-30402.853562282515,-0.03397068711421558,1,stop
006400,2020-05-27,2020-05-28,370074.0,358971.77999999997,2,-25172.254734258167,-0.0339706871142158,1,stop
078600,2020-05-28,2020-05-29,33650.0,32640.5,27,-30899.56608517503,-0.03397068711421558,1,stop
011200,2020-05-28,2020-05-29,4930.0,4782.099999999999,185,-31018.600239925086,-0.03397068711421569,1,stop
042660,2020-05-28,2020-05-29,19411.0,18828.67,47,-31027.680845444556,-0.03397068711421569,1,stop
180640,2020-05-29,2020-06-01,94500.0,91665.0,9,-28925.29960425,-0.03397068711421558,1,stop
082740,2020-05-28,2020-06-02,3427.0,3941.0499999999997,267,133096.83627383248,0.1452924843491259,3,target
079550,2020-05-28,2020-06-02,34900.0,33853.0,26,-30860.45486290008,-0.03397068711421569,3,stop
042660,2020-06-01,2020-06-02,19456.0,22374.399999999998,44,124522.72059391974,0.14529248434912545,1,target
214370,2020-05-29,2020-06-04,14020.0,16122.999999999998,63,128478.63967155002,0.1452924843491259,4,target
141080,2020-06-02,2020-06-04,35782.0,41149.299999999996,27,140530.54874854488,0.14529248434912567,2,target
010120,2020-05-29,2020-06-05,9290.0,9720.0,95,37112.70574750006,0.042003364803061105,5,time
028300,2020-06-02,2020-06-05,51871.0,50314.869999999995,18,-31754.163296763087,-0.03397068711421569,3,stop
010140,2020-06-04,2020-06-05,6908.0,6700.76,157,-36885.48763972591,-0.03397068711421547,1,stop
042660,2020-06-04,2020-06-05,26608.0,25809.76,40,-36197.26616671996,-0.03397068711421558,1,stop
083650,2020-06-05,2020-06-08,2365.0,2294.0499999999997,414,-33299.29464493506,-0.03397068711421569,1,stop
082740,2020-06-05,2020-06-08,4236.0,4108.92,231,-33279.09284838592,-0.03397068711421547,1,stop
011200,2020-06-05,2020-06-08,5520.0,5354.4,177,-33228.894444840145,-0.03397068711421569,1,stop
086790,2020-06-02,2020-06-09,30050.0,30900.0,32,23178.983920000028,0.024076908526021512,5,time
010140,2020-06-08,2020-06-09,6540.0,6343.8,144,-32029.03016495984,-0.03397068711421547,1,stop
226950,2020-06-08,2020-06-09,23071.0,22378.87,41,-32170.204672493623,-0.03397068711421569,1,stop
141080,2020-06-09,2020-06-10,46192.0,53120.799999999996,20,134381.3899352001,0.1452924843491259,1,target
241560,2020-06-09,2020-06-10,30650.0,29730.5,30,-31271.97294075007,-0.03397068711421569,1,stop
000150,2020-06-09,2020-06-10,49300.0,47821.0,19,-31856.940786950174,-0.0339706871142158,1,stop
042660,2020-06-08,2020-06-11,24742.0,23999.739999999998,38,-31975.838902666,-0.03397068711421558,3,stop
000880,2020-06-10,2020-06-11,28950.0,28081.5,33,-32491.222782974946,-0.03397068711421558,1,stop
034220,2020-06-10,2020-06-11,11738.0,11385.86,82,-32734.93671238597,-0.03397068711421558,1,stop
086520,2020-06-05,2020-06-12,4087.0,3964.39,240,-33359.491917480016,-0.03397068711421558,5,stop
068270,2020-06-10,2020-06-12,225057.0,258815.55,4,130946.79803708999,0.1452924843491259,2,target
298380,2020-06-11,2020-06-12,29150.0,28275.5,32,-31724.302728800103,-0.03397068711421569,1,stop
336260,2020-06-11,2020-06-12,20212.0,19605.64,46,-31620.64098489203,-0.03397068711421558,1,stop
226950,2020-06-11,2020-06-12,25373.0,24611.809999999998,37,-31928.39528955845,-0.03397068711421558,1,stop
141080,2020-06-12,2020-06-15,55000.0,53350.0,17,-31799.124197499943,-0.03397068711421558,1,stop
087010,2020-06-12,2020-06-15,18521.0,21299.149999999998,50,134702.85563462495,0.1452924843491259,1,target
237690,2020-06-12,2020-06-15,38200.0,37054.0,24,-31180.146592799923,-0.03397068711421547,1,stop
298040,2020-06-12,2020-06-15,19250.0,22137.5,49,137204.76062562503,0.1452924843491259,1,target
298380,2020-06-15,2020-06-16,31300.0,30361.0,31,-32999.66867255012,-0.03397068711421569,1,stop
000880,2020-06-15,2020-06-16,24800.0,24056.0,39,-32894.23842119996,-0.03397068711421558,1,stop
068270,2020-06-15,2020-06-16,254523.0,246887.31,3,-25968.79728808638,-0.03397068711421547,1,stop
011070,2020-06-15,2020-06-16,171000.0,165870.0,5,-29078.343517499976,-0.03397068711421558,1,stop
336260,2020-06-16,2020-06-17,22714.0,26121.1,42,138766.70572988992,0.14529248434912567,1,target
034730,2020-06-16,2020-06-17,327500.0,317675.0,2,-22276.391817499883,-0.03397068711421536,1,stop
141080,2020-06-17,2020-06-18,65900.0,63923.0,14,-31377.4031921,-0.03397068711421558,1,stop
237690,2020-06-17,2020-06-18,41100.0,39867.0,23,-32149.424710049992,-0.03397068711421558,1,stop
012450,2020-06-18,2020-06-19,29641.0,28751.77,32,-32258.664054351975,-0.03397068711421558,1,stop
003670,2020-06-18,2020-06-19,67325.0,65305.25,14,-32055.897874175105,-0.03397068711421569,1,stop
003230,2020-06-18,2020-06-22,137500.0,133375.0,7,-32734.392556250095,-0.03397068711421569,2,stop
298380,2020-06-19,2020-06-22,36300.0,35211.0,26,-32098.4100723,-0.03397068711421558,1,stop
196170,2020-06-19,2020-06-22,75373.0,86678.95,12,131564.71038603003,0.1452924843491259,1,target
298040,2020-06-17,2020-06-23,23900.0,27484.999999999996,41,142535.85469074966,0.14529248434912545,4,target
051910,2020-06-17,2020-06-24,484000.0,516000.0,2,59844.2672,0.0617515665184134,5,time
145020,2020-06-23,2020-06-24,170506.0,196081.9,6,148810.3996728299,0.14529248434912567,1,target
005290,2020-06-23,2020-06-24,24200.0,27829.999999999996,44,154885.37409399985,0.14529248434912567,1,target
196170,2020-06-24,2020-06-25,91504.0,88758.88,12,-37344.34730140818,-0.03397068711421569,1,stop
336260,2020-06-24,2020-06-25,32183.0,31217.51,35,-38308.7620231926,-0.03397068711421569,1,stop
131290,2020-06-24,2020-06-25,22250.0,25587.499999999996,51,165060.27258937457,0.14529248434912545,1,target
078600,2020-06-22,2020-06-26,36050.0,34968.5,26,-31877.346642050077,-0.03397068711421569,4,stop
066970,2020-06-25,2020-06-26,25773.0,29638.949999999997,45,168701.8534876122,0.14529248434912567,1,target
064350,2020-06-25,2020-06-26,16100.0,15617.0,73,-39971.66916504991,-0.03397068711421547,1,stop
003670,2020-06-22,2020-06-29,69143.0,69418.0,14,-128.41578889999073,-0.00013250826047817021,5,time
005290,2020-06-26,2020-06-29,29800.0,28906.0,38,-38512.65052540018,-0.03397068711421569,1,stop
145020,2020-06-26,2020-06-29,182953.0,177464.41,6,-37333.1240811029,-0.03397068711421547,1,stop
066970,2020-06-29,2020-06-30,29945.0,29046.649999999998,36,-36663.19985817,-0.03397068711421558,1,stop
131290,2020-06-29,2020-06-30,23950.0,27542.499999999996,45,156769.07581687486,0.14529248434912567,1,target
298040,2020-06-25,2020-07-02,27000.0,28700.0,43,68126.48734500003,0.05861173271561726,5,time
178320,2020-06-29,2020-07-02,14893.0,17126.949999999997,72,155975.7391993797,0.14529248434912567,3,target
005290,2020-07-01,2020-07-02,28600.0,27742.0,39,-37934.48463089997,-0.03397068711421558,1,stop
042660,2020-07-01,2020-07-02,23409.0,22706.73,47,-37418.3185261453,-0.03397068711421536,1,stop
066970,2020-07-02,2020-07-07,31383.0,36090.45,37,168903.46048281714,0.14529248434912545,3,target
090430,2020-07-03,2020-07-07,166500.0,161505.0,7,-39638.37353174994,-0.03397068711421558,2,stop
039030,2020-07-01,2020-07-08,96200.0,103600.0,11,76823.31348999985,0.0725147010627265,5,time
043260,2020-07-03,2020-07-08,641.0,737.15,1840,171560.86177819967,0.14529248434912567,3,target
161390,2020-07-07,2020-07-08,27650.0,26820.5,44,-41376.27219109982,-0.03397068711421547,1,stop
036930,2020-07-02,2020-07-09,6690.0,7200.0,175,84188.91888749995,0.07182763206781129,5,time
237690,2020-07-07,2020-07-10,49400.0,47918.0,25,-42002.05174749973,-0.03397068711421536,3,stop
035720,2020-07-08,2020-07-10,62623.0,72016.45,19,173073.20516142272,0.14529248434912612,2,target
095340,2020-07-08,2020-07-10,18450.0,17896.5,66,-41413.68292545015,-0.03397068711421569,2,stop
353200,2020-07-08,2020-07-13,8720.0,8458.4,140,-41519.113176799845,-0.03397068711421547,3,stop
043260,2020-07-10,2020-07-13,751.0,728.47,1660,-42398.60553161008,-0.03397068711421569,1,stop
035720,2020-07-13,2020-07-14,72057.0,69895.29,16,-39210.2586917521,-0.03397068711421569,1,stop
007660,2020-07-13,2020-07-14,3701.0,3589.97,324,-40781.917651554104,-0.03397068711421569,1,stop
336260,2020-07-14,2020-07-15,40867.0,39640.99,28,-38916.55041734618,-0.03397068711421569,1,stop
298040,2020-07-14,2020-07-15,33050.0,32058.5,35,-39340.78814487485,-0.03397068711421547,1,stop
178320,2020-07-09,2020-07-16,19099.0,19324.0,68,9932.431352599757,0.007639005345716043,5,time
222800,2020-07-15,2020-07-16,13650.0,15697.499999999998,82,162812.9218852499,0.14529248434912567,1,target
009830,2020-07-10,2020-07-17,27390.0,28903.0,45,62833.045605750056,0.050919525537495014,5,time
042700,2020-07-10,2020-07-17,4250.0,4887.5,293,181133.55756062525,0.14529248434912612,5,target
007660,2020-07-16,2020-07-17,3935.0,3816.95,335,-44832.51389866276,-0.0339706871142158,1,stop
180640,2020-07-15,2020-07-20,97700.0,94769.0,11,-36550.28745995008,-0.03397068711421569,3,stop
095340,2020-07-17,2020-07-22,20350.0,23402.5,65,192406.6759793749,0.1452924843491259,3,target
353200,2020-07-16,2020-07-23,11600.0,12950.0,113,146728.35441249982,0.11180942071373146,5,time
034020,2020-07-22,2020-07-23,6986.0,8033.9,218,221527.3954786898,0.14529248434912567,1,target
005380,2020-07-17,2020-07-24,109500.0,125924.99999999999,12,191133.90454500006,0.1452924843491259,5,target
066570,2020-07-17,2020-07-24,75100.0,74100.0,17,-22182.055090000154,-0.01735456388270462,5,time
222800,2020-07-20,2020-07-24,15750.0,15277.5,71,-38031.4124426248,-0.03397068711421536,4,stop
001440,2020-07-23,2020-07-24,7230.0,8314.5,221,232419.700684275,0.1452924843491259,1,target
042700,2020-07-23,2020-07-24,6050.0,5868.5,264,-54320.38627619995,-0.03397068711421558,1,stop
141080,2020-07-24,2020-07-27,59500.0,57715.0,24,-48565.93513799994,-0.03397068711421558,1,stop
196170,2020-07-24,2020-07-27,101317.0,98277.48999999999,14,-48240.73382722284,-0.03397068711421547,1,stop
000250,2020-07-24,2020-07-27,46100.0,44717.0,31,-48603.34587235004,-0.03397068711421558,1,stop
006260,2020-07-24,2020-07-28,43550.0,42243.5,33,-48877.12442827504,-0.03397068711421558,2,stop
001440,2020-07-27,2020-07-28,9410.0,9127.699999999999,149,-47684.7422952652,-0.03397068711421569,1,stop
298040,2020-07-27,2020-07-28,42800.0,49219.99999999999,32,199221.4578879997,0.14529248434912567,1,target
267260,2020-07-28,2020-07-29,10450.0,10136.5,138,-49045.472732849885,-0.03397068711421547,1,stop
058470,2020-07-28,2020-07-29,28612.0,27753.64,50,-48654.36051009991,-0.03397068711421547,1,stop
131970,2020-07-28,2020-07-29,42819.0,41534.43,33,-48056.7070239794,-0.03397068711421547,1,stop
141080,2020-07-29,2020-07-30,63200.0,61304.0,22,-47287.1682184001,-0.03397068711421569,1,stop
226950,2020-07-24,2020-07-31,26774.0,27826.0,53,49776.19256379991,0.03503751756242335,5,time
042700,2020-07-27,2020-07-31,6000.0,5820.0,234,-47749.70093399985,-0.03397068711421547,4,stop
010130,2020-07-29,2020-07-31,433500.0,420495.0,3,-44229.69092924986,-0.03397068711421547,2,stop
034020,2020-07-30,2020-08-03,9176.0,8900.72,160,-49931.767039360246,-0.0339706871142158,2,stop
267260,2020-07-31,2020-08-03,12400.0,12028.0,109,-45967.58958860021,-0.03397068711421569,1,stop
131970,2020-07-31,2020-08-03,45285.0,43926.45,30,-46203.95741017512,-0.03397068711421569,1,stop
222800,2020-07-31,2020-08-03,20300.0,19691.0,67,-46256.67253584997,-0.03397068711421558,1,stop
353200,2020-07-29,2020-08-04,13650.0,13240.5,102,-47351.786759549985,-0.03397068711421558,4,stop
131290,2020-08-03,2020-08-04,41150.0,39915.5,32,-44784.04999279999,-0.03397068711421558,1,stop
035720,2020-08-04,2020-08-05,75971.0,73691.87,17,-43923.841171059525,-0.03397068711421558,1,stop
240810,2020-08-03,2020-08-06,38700.0,37539.0,34,-44750.04023429984,-0.03397068711421547,3,stop
006800,2020-08-05,2020-08-06,9020.0,8749.4,149,-45708.43522882997,-0.03397068711421558,1,stop
066970,2020-08-03,2020-08-07,39769.0,45734.35,33,190897.8236263725,0.1452924843491259,4,target
051910,2020-08-04,2020-08-07,652000.0,749800.0,2,189679.30862000003,0.1452924843491259,3,target
096770,2020-08-06,2020-08-07,157924.0,181612.59999999998,8,183772.48548776004,0.1452924843491259,1,target
011200,2020-08-03,2020-08-10,5920.0,6807.999999999999,226,194613.2979975997,0.14529248434912567,5,target
067310,2020-08-07,2020-08-10,5072.0,4919.84,318,-54854.20344561571,-0.03397068711421536,1,stop
298380,2020-08-07,2020-08-10,35850.0,34774.5,45,-54866.242900124984,-0.03397068711421558,1,stop
096770,2020-08-10,2020-08-11,188426.0,182773.22,8,-51266.582040967885,-0.03397068711421547,1,stop
051910,2020-08-10,2020-08-11,747000.0,724590.0,2,-50810.579198999796,-0.03397068711421547,1,stop
039490,2020-08-11,2020-08-12,119500.0,115915.0,12,-48769.99368899991,-0.03397068711421547,1,stop
006400,2020-08-06,2020-08-13,457208.0,461124.0,2,4061.4512212000554,0.004436476734414274,5,time
003670,2020-08-07,2020-08-13,80789.0,92907.34999999999,19,223279.16535116755,0.1452924843491259,4,target
178320,2020-08-12,2020-08-13,22929.0,22241.13,72,-56146.30219054781,-0.03397068711421547,1,stop
005380,2020-08-11,2020-08-14,171500.0,166355.0,8,-46661.388661999954,-0.03397068711421558,3,stop
032830,2020-08-13,2020-08-14,61100.0,70265.0,23,204414.36534025008,0.1452924843491259,1,target
086520,2020-08-13,2020-08-14,5718.0,5546.46,249,-48422.48197664693,-0.03397068711421558,1,stop
131290,2020-08-13,2020-08-14,43750.0,42437.5,32,-47613.66189999995,-0.03397068711421558,1,stop
071050,2020-08-10,2020-08-18,61700.0,59849.0,25,-52460.05248625018,-0.03397068711421569,5,stop
028300,2020-08-14,2020-08-18,45801.0,44426.97,31,-48288.10942081339,-0.03397068711421547,1,stop
007660,2020-08-14,2020-08-18,4294.0,4165.18,332,-48484.58379566786,-0.03397068711421547,1,stop
028260,2020-08-14,2020-08-18,127500.0,123675.0,11,-47698.68629624974,-0.03397068711421536,1,stop
105560,2020-08-14,2020-08-18,40850.0,39624.5,34,-47236.15358064999,-0.03397068711421558,1,stop
032830,2020-08-18,2020-08-19,64500.0,62565.0,21,-46066.217888250016,-0.03397068711421558,1,stop
090430,2020-08-18,2020-08-19,192500.0,186725.0,7,-45828.1495787499,-0.03397068711421547,1,stop
066570,2020-08-18,2020-08-19,88300.0,85651.0,15,-45045.92513324972,-0.03397068711421536,1,stop
000810,2020-08-18,2020-08-19,186500.0,180905.0,7,-44399.73972174968,-0.03397068711421536,1,stop
005380,2020-08-18,2020-08-19,163500.0,158595.0,8,-44484.764117999934,-0.03397068711421558,1,stop
064760,2020-08-20,2020-08-21,109000.0,105730.0,12,-44484.764117999934,-0.03397068711421558,1,stop
007660,2020-08-20,2020-08-21,4146.0,4021.62,331,-46672.47584327124,-0.0339706871142158,1,stop
000990,2020-08-20,2020-08-21,37900.0,36763.0,36,-46402.914497399935,-0.03397068711421558,1,stop
000500,2020-08-20,2020-08-21,15970.0,15490.9,85,-46166.54667582526,-0.0339706871142158,1,stop
214450,2020-08-19,2020-08-26,68400.0,70600.0,19,36350.75078999996,0.027938588800512143,5,time
237690,2020-08-26,2020-08-27,65800.0,63826.0,20,-44756.842185999965,-0.03397068711421558,1,stop
078600,2020-08-26,2020-08-27,52500.0,50925.0,25,-44637.808031250024,-0.03397068711421558,1,stop
009830,2020-08-26,2020-08-27,42808.0,41523.76,31,-45132.581997908186,-0.03397068711421569,1,stop
298380,2020-08-27,2020-08-28,34300.0,33271.0,37,-43161.7845123501,-0.03397068711421569,1,stop
034220,2020-08-25,2020-08-31,14049.0,13627.529999999999,94,-44913.49113365123,-0.0339706871142158,4,stop
051910,2020-08-27,2020-08-31,774000.0,750780.0,1,-26323.553078999976,-0.03397068711421558,2,stop
035720,2020-08-28,2020-08-31,82994.0,80504.18,21,-59274.7238359293,-0.0339706871142158,1,stop
034020,2020-08-31,2020-09-01,11969.0,13764.349999999999,104,181064.60971377976,0.14529248434912567,1,target
000250,2020-08-26,2020-09-02,58100.0,58200.0,22,-3044.8049500000197,-0.0023793670714791215,5,time
086280,2020-08-31,2020-09-02,72778.0,70594.66,17,-42077.75746992091,-0.03397068711421547,2,stop
178320,2020-08-27,2020-09-03,24430.0,25332.0,53,42358.75714370026,0.032677186407733316,5,time
009830,2020-08-31,2020-09-03,46377.0,53333.549999999996,27,182141.44707705756,0.1452924843491259,3,target
298040,2020-09-02,2020-09-03,49400.0,56809.99999999999,25,179642.5967374998,0.14529248434912567,1,target
006260,2020-09-01,2020-09-04,45350.0,52152.49999999999,32,211090.96063599968,0.14529248434912567,3,target
145020,2020-09-02,2020-09-04,178000.0,172660.0,6,-36322.42207799968,-0.03397068711421525,2,stop
034020,2020-09-03,2020-09-04,14894.0,14447.18,97,-49134.510280602844,-0.03397068711421547,1,stop
272210,2020-09-03,2020-09-04,11444.0,11100.68,126,-49040.16721052397,-0.03397068711421558,1,stop
196170,2020-09-03,2020-09-04,123171.0,119475.87,11,-46079.17560623842,-0.03397068711421558,1,stop
000500,2020-09-04,2020-09-07,17415.0,20027.25,79,200121.1254676124,0.14529248434912567,1,target
267260,2020-09-04,2020-09-07,12850.0,14777.499999999998,107,199999.66670787497,0.1452924843491259,1,target
067310,2020-09-04,2020-09-08,4778.0,5494.7,289,200856.7146268848,0.14529248434912567,2,target
298040,2020-09-07,2020-09-08,68600.0,66542.0,23,-53660.59696130012,-0.03397068711421569,1,stop
006260,2020-09-07,2020-09-08,61900.0,60043.0,25,-52630.10127874976,-0.03397068711421547,1,stop
087010,2020-09-04,2020-09-09,20089.0,19486.329999999998,68,-46459.098618442426,-0.033970687114215914,3,stop
336260,2020-09-08,2020-09-09,58675.0,56914.75,26,-51883.58707967494,-0.03397068711421558,1,stop
032820,2020-09-08,2020-09-09,938.0,1078.6999999999998,1658,226219.34009436937,0.14529248434912545,1,target
071050,2020-09-08,2020-09-09,84100.0,81577.0,18,-51483.9724173001,-0.03397068711421569,1,stop
267260,2020-09-09,2020-09-10,17150.0,19722.5,89,222022.24901237502,0.1452924843491259,1,target
222800,2020-09-04,2020-09-11,19250.0,20700.0,71,97045.28340249998,0.07092284250827352,5,time
010170,2020-09-09,2020-09-14,3777.0,3663.69,404,-51895.76257321797,-0.03397068711421558,3,stop
307950,2020-09-14,2020-09-15,53200.0,61179.99999999999,27,208938.158667,0.1452924843491259,1,target
001440,2020-09-09,2020-09-16,7566.0,7430.0,201,-33487.8153264001,-0.021995062727533377,5,time
000500,2020-09-09,2020-09-16,20386.0,21006.0,74,39562.34648119984,0.02619504119356142,5,time
067310,2020-09-11,2020-09-16,6148.0,5963.5599999999995,247,-51645.72282872605,-0.03397068711421558,3,stop
006260,2020-09-10,2020-09-17,59200.0,58300.0,29,-33058.8456550003,-0.01923396243310771,5,time
080220,2020-09-16,2020-09-17,4545.0,4408.65,330,-51009.53628622508,-0.03397068711421569,1,stop
141080,2020-09-16,2020-09-17,64100.0,62177.0,23,-50140.5869565499,-0.03397068711421547,1,stop
267270,2020-09-16,2020-09-18,27250.0,26432.5,55,-50972.12555187475,-0.03397068711421547,2,stop
237690,2020-09-17,2020-09-18,75300.0,73041.0,20,-51218.69630099973,-0.03397068711421536,1,stop
226950,2020-09-17,2020-09-18,31529.0,30583.129999999997,48,-51470.09643583186,-0.03397068711421547,1,stop
011200,2020-09-15,2020-09-22,7270.0,7051.9,231,-57114.968132145004,-0.03397068711421558,5,stop
307950,2020-09-18,2020-09-22,59900.0,58103.0,24,-48892.42881960003,-0.03397068711421558,2,stop
237690,2020-09-21,2020-09-22,76700.0,74399.0,19,-49562.42106204992,-0.03397068711421558,1,stop
066970,2020-09-21,2020-09-22,44145.0,42820.65,33,-49544.90603642259,-0.03397068711421569,1,stop
000270,2020-09-17,2020-09-23,47200.0,45784.0,32,-51368.339238400105,-0.03397068711421569,4,stop
028300,2020-09-22,2020-09-23,53435.0,51831.95,27,-49067.40902708238,-0.03397068711421547,1,stop
043260,2020-09-24,2020-09-25,1115.0,1081.55,1311,-49714.27463375265,-0.03397068711421569,1,stop
032820,2020-09-25,2020-09-28,1260.0,1449.0,1152,211137.50770559977,0.14529248434912567,1,target
032820,2020-10-05,2020-10-06,1475.0,1430.75,1013,-50816.53090673755,-0.03397068711421558,1,stop
267270,2020-10-06,2020-10-07,30200.0,29294.0,49,-50327.64062830014,-0.03397068711421569,1,stop
226950,2020-10-05,2020-10-13,34031.0,33831.0,43,-14571.678070600145,-0.009946428946107422,5,time
307950,2020-10-06,2020-10-14,66600.0,66500.0,22,-8198.196930000093,-0.005588846987637286,5,time
214150,2020-10-13,2020-10-14,15500.0,15035.0,98,-51660.82316150004,-0.03397068711421558,1,stop
000270,2020-10-07,2020-10-15,49850.0,48900.0,29,-33393.344052500324,-0.023072653008203048,5,time
241560,2020-10-07,2020-10-15,28550.0,27693.5,51,-49519.90886392491,-0.03397068711421558,5,stop
003490,2020-10-07,2020-10-15,15158.0,16051.0,97,80339.94694774994,0.054578134449756455,5,time
357780,2020-10-14,2020-10-15,250900.0,243373.0,5,-42665.24203824974,-0.03397068711421536,1,stop
086280,2020-10-14,2020-10-16,84533.0,97212.95,17,209034.30745764263,0.1452924843491259,2,target
095340,2020-10-15,2020-10-16,20900.0,20273.0,69,-49045.472732849885,-0.03397068711421547,1,stop
058610,2020-10-15,2020-10-16,7300.0,7081.0,199,-49405.97617295012,-0.03397068711421569,1,stop
336260,2020-10-15,2020-10-19,46165.0,44780.049999999996,31,-48671.87553572771,-0.03397068711421569,2,stop
043260,2020-10-16,2020-10-19,1080.0,1047.6,1373,-50431.0302941401,-0.03397068711421569,1,stop
086280,2020-10-19,2020-10-20,92786.0,90002.42,15,-47334.4417827148,-0.03397068711421547,1,stop
214150,2020-10-16,2020-10-23,14400.0,15550.0,103,112022.35323750018,0.07544070843169748,5,time
086280,2020-10-22,2020-10-23,98287.0,95338.39,14,-46798.039871653076,-0.03397068711421569,1,stop
010170,2020-10-22,2020-10-23,3794.0,3680.18,378,-48774.482977121836,-0.03397068711421547,1,stop
145020,2020-10-23,2020-10-26,219900.0,213303.0,6,-44872.47536489996,-0.03397068711421558,1,stop
047050,2020-10-23,2020-10-26,15150.0,14695.5,96,-49463.792762399884,-0.03397068711421547,1,stop
034020,2020-10-21,2020-10-27,12885.0,12498.449999999999,111,-48641.946948247496,-0.03397068711421558,4,stop
241560,2020-10-22,2020-10-27,31150.0,30215.5,46,-48732.582954650046,-0.03397068711421558,3,stop
086790,2020-10-26,2020-10-27,33050.0,32058.5,43,-48332.96829227498,-0.03397068711421558,1,stop
055550,2020-10-26,2020-10-27,31550.0,30603.5,45,-48285.35463037505,-0.03397068711421558,1,stop
011200,2020-10-26,2020-10-28,8190.0,9418.5,174,207288.64688805025,0.14529248434912612,2,target
028260,2020-10-27,2020-10-28,120000.0,116400.0,11,-44892.881219999865,-0.03397068711421547,1,stop
032830,2020-10-28,2020-10-29,66400.0,64408.0,21,-47423.20725240023,-0.03397068711421569,1,stop
000270,2020-10-28,2020-10-30,52600.0,51022.0,27,-48300.65902170027,-0.0339706871142158,2,stop
011200,2020-10-30,2020-11-02,9450.0,9166.5,148,-47566.048238099786,-0.03397068711421547,1,stop
267260,2020-11-03,2020-11-04,15900.0,15423.0,87,-47045.6989330498,-0.03397068711421547,1,stop
319660,2020-10-30,2020-11-06,15375.0,15700.0,91,23753.917346250033,0.016958190415342633,5,time
043260,2020-11-06,2020-11-09,1275.0,1236.75,1165,-50517.24503193726,-0.03397068711421547,1,stop
086520,2020-11-04,2020-11-10,5903.0,5725.91,233,-46776.98783114157,-0.03397068711421558,4,stop
078600,2020-11-04,2020-11-11,41200.0,44000.0,33,86555.68745999993,0.06358947470159415,5,time
131290,2020-11-04,2020-11-11,38750.0,44562.5,35,197279.57232812513,0.1452924843491259,5,target
247540,2020-11-04,2020-11-11,34122.0,36148.0,40,75207.53881200007,0.05503863946637022,5,time
011200,2020-11-10,2020-11-11,12950.0,12561.5,103,-45363.916375224944,-0.03397068711421558,1,stop
096770,2020-11-11,2020-11-12,156447.0,151753.59,9,-47886.52219244535,-0.03397068711421547,1,stop
003490,2020-11-11,2020-11-12,19307.0,18727.79,74,-48590.354144603014,-0.03397068711421558,1,stop
010950,2020-11-11,2020-11-12,66900.0,64893.0,21,-47780.30971665005,-0.03397068711421558,1,stop
087010,2020-11-12,2020-11-13,17923.0,17385.31,77,-46935.88142285356,-0.03397068711421558,1,stop
047040,2020-11-12,2020-11-13,3615.0,3506.5499999999997,383,-47088.04108238267,-0.03397068711421569,1,stop
178320,2020-11-09,2020-11-16,20976.0,21227.0,68,11172.141344999894,0.007823581620356679,5,time
034020,2020-11-12,2020-11-16,15732.0,15260.039999999999,88,-47083.65382353589,-0.03397068711421547,2,stop
011200,2020-11-13,2020-11-16,14400.0,13968.0,92,-45056.12806080002,-0.03397068711421558,1,stop
043260,2020-11-11,2020-11-17,1260.0,1222.2,1137,-48723.06022226997,-0.03397068711421558,4,stop
003490,2020-11-16,2020-11-17,18764.0,21578.6,73,199246.47693790984,0.14529248434912567,1,target
307950,2020-11-13,2020-11-18,75800.0,87170.0,17,187439.23089550016,0.1452924843491259,3,target
010140,2020-11-16,2020-11-18,5757.0,5584.29,238,-46599.0147649108,-0.03397068711421547,2,stop
000270,2020-11-16,2020-11-18,59700.0,57909.0,22,-44668.41681389976,-0.03397068711421536,2,stop
010950,2020-11-17,2020-11-18,68300.0,66251.0,22,-51103.0631221002,-0.03397068711421569,1,stop
131290,2020-11-18,2020-11-19,50000.0,57499.99999999999,27,196370.44987499993,0.1452924843491259,1,target
016360,2020-11-18,2020-11-19,38700.0,37539.0,35,-46066.217888250016,-0.03397068711421558,1,stop
000660,2020-11-18,2020-11-19,99800.0,96806.0,13,-44124.26067789993,-0.03397068711421558,1,stop
237690,2020-11-19,2020-11-20,79600.0,77212.0,17,-46022.00520220003,-0.03397068711421558,1,stop
032820,2020-11-20,2020-11-23,1765.0,1712.05,801,-48081.80622575269,-0.03397068711421569,1,stop
319660,2020-11-17,2020-11-24,18400.0,18900.0,81,34272.64669499989,0.022969184981024515,5,time
001440,2020-11-23,2020-11-24,11091.0,10758.27,124,-46773.07670891401,-0.03397068711421558,1,stop
084370,2020-11-18,2020-11-25,31650.0,33000.0,43,52301.42040750012,0.038385932647054144,5,time
240810,2020-11-20,2020-11-25,38750.0,37587.5,36,-47443.6131074999,-0.03397068711421547,3,stop
042700,2020-11-20,2020-11-25,6400.0,6208.0,221,-48103.402422399726,-0.03397068711421536,3,stop
131290,2020-11-24,2020-11-25,58200.0,56454.0,24,-47504.83067279984,-0.03397068711421547,1,stop
237690,2020-11-24,2020-11-25,77000.0,74690.0,18,-47137.52528099995,-0.03397068711421558,1,stop
226950,2020-11-25,2020-11-26,47644.0,54790.6,28,194047.75110195973,0.14529248434912567,1,target
032820,2020-11-25,2020-11-26,1645.0,1595.6499999999999,838,-46882.792189835105,-0.03397068711421569,1,stop
100790,2020-11-25,2020-11-26,4222.0,4095.3399999999997,326,-46810.07932616188,-0.03397068711421547,1,stop
051910,2020-11-25,2020-11-26,820000.0,795400.0,1,-27888.001969999983,-0.03397068711421558,1,stop
010140,2020-11-26,2020-11-27,6578.0,6380.66,212,-47427.83257955592,-0.03397068711421558,1,stop
043260,2020-11-26,2020-12-01,1750.0,1697.5,798,-47494.627745249774,-0.03397068711421547,3,stop
082740,2020-11-25,2020-12-02,5294.0,5429.0,260,29355.597036999883,0.021302688446543927,5,time
336260,2020-11-27,2020-12-02,47700.0,46269.0,34,-55157.02633529995,-0.03397068711421558,3,stop
267270,2020-11-26,2020-12-03,33650.0,33300.0,41,-19961.777112500044,-0.014452103396191185,5,time
068270,2020-11-26,2020-12-03,286123.0,299793.0,4,49828.44351160014,0.04348759027313287,5,time
319400,2020-12-01,2020-12-03,3500.0,3395.0,386,-45947.18373349984,-0.03397068711421547,2,stop
066970,2020-12-02,2020-12-03,53186.0,51590.42,27,-48838.76142068696,-0.03397068711421558,1,stop
096770,2020-12-02,2020-12-03,180554.0,175137.38,8,-49124.78348967177,-0.03397068711421547,1,stop
036930,2020-12-03,2020-12-04,8660.0,8400.199999999999,155,-45651.298834550194,-0.03397068711421569,1,stop
226950,2020-12-03,2020-12-04,58500.0,56745.0,23,-45760.130061749835,-0.03397068711421547,1,stop
006260,2020-12-03,2020-12-07,67800.0,65766.0,19,-43811.370899700094,-0.03397068711421569,2,stop
307950,2020-12-04,2020-12-07,95000.0,92150.0,14,-45232.97880499973,-0.03397068711421536,1,stop
003670,2020-12-04,2020-12-07,93253.0,90455.41,15,-47572.68014100753,-0.03397068711421558,1,stop
047040,2020-12-07,2020-12-08,4100.0,3977.0,322,-44899.68317170022,-0.0339706871142158,1,stop
237690,2020-12-07,2020-12-09,111000.0,107670.0,11,-41525.915128499735,-0.03397068711421536,2,stop
068270,2020-12-08,2020-12-09,338225.0,328078.25,4,-46011.802274650196,-0.03397068711421569,1,stop
039490,2020-12-03,2020-12-10,135000.0,133000.0,9,-22926.248099999735,-0.01884766236113511,5,time
000660,2020-12-03,2020-12-10,110500.0,116500.0,12,66353.52720000013,0.04998287961182912,5,time
036930,2020-12-09,2020-12-10,8830.0,8565.1,142,-42643.475792809855,-0.03397068711421547,1,stop
082740,2020-12-07,2020-12-11,6369.0,7324.349999999999,207,191771.45393892727,0.14529248434912567,4,target
141080,2020-12-10,2020-12-15,68700.0,66639.0,18,-42056.467361099785,-0.03397068711421536,3,stop
003670,2020-12-10,2020-12-15,99354.0,96373.37999999999,12,-40548.066552108154,-0.03397068711421569,3,stop
263750,2020-12-09,2020-12-16,47900.0,54000.0,26,153028.5409899999,0.12273385050109442,5,time
307950,2020-12-15,2020-12-16,112000.0,128799.99999999999,10,162914.74359999993,0.1452924843491259,1,target
047040,2020-12-10,2020-12-17,4260.0,4330.0,298,15595.92074099998,0.012271169061382814,5,time
095340,2020-12-11,2020-12-17,23400.0,26909.999999999996,69,234859.05805049976,0.14529248434912567,4,target
034220,2020-12-16,2020-12-17,16729.0,16227.13,83,-47222.787745559355,-0.03397068711421547,1,stop
066970,2020-12-17,2020-12-18,70017.0,67916.49,21,-50006.48647878459,-0.03397068711421569,1,stop
001440,2020-12-17,2020-12-18,13398.0,12996.06,111,-50578.564626512816,-0.03397068711421547,1,stop
272210,2020-12-16,2020-12-21,13501.0,13095.97,103,-47294.0721993756,-0.03397068711421569,3,stop
319660,2020-12-18,2020-12-21,21100.0,20467.0,68,-48797.201495799934,-0.03397068711421558,1,stop
357780,2020-12-18,2020-12-21,280000.0,271600.0,5,-47613.66189999995,-0.03397068711421558,1,stop
336260,2020-12-15,2020-12-22,53700.0,54600.0,21,14222.741715000244,0.01259767865698791,5,time
066970,2020-12-21,2020-12-22,66651.0,64651.47,20,-45335.6882756697,-0.03397068711421536,1,stop
015760,2020-12-21,2020-12-22,28600.0,27742.0,48,-46688.59646879975,-0.03397068711421536,1,stop
000250,2020-12-22,2020-12-23,91100.0,88367.0,14,-43376.04599090014,-0.03397068711421569,1,stop
000100,2020-12-22,2020-12-23,66821.0,64816.369999999995,19,-43178.75538184168,-0.03397068711421569,1,stop
042700,2020-12-17,2020-12-24,7925.0,8450.0,188,92303.11928500002,0.061881387217129546,5,time
000990,2020-12-23,2020-12-24,39450.0,45367.5,32,183628.18957199994,0.1452924843491259,1,target
066570,2020-12-24,2020-12-28,125000.0,121250.0,11,-46763.41793749994,-0.03397068711421558,1,stop
319400,2020-12-24,2020-12-28,4455.0,5123.25,313,202831.03767588758,0.1452924843491259,1,target
011070,2020-12-24,2020-12-28,184500.0,178965.0,7,-43923.60310274991,-0.03397068711421547,1,stop
000990,2020-12-28,2020-12-29,43300.0,49794.99999999999,32,201548.81136799976,0.14529248434912567,1,target
218410,2020-12-22,2020-12-30,41466.0,43564.0,31,59578.24992690026,0.04629506391166638,5,time
003550,2020-12-29,2021-01-04,82185.0,94512.74999999999,17,203228.14236341254,0.1452924843491259,2,target
000250,2020-12-29,2021-01-05,79800.0,77406.0,18,-48851.61710939999,-0.03397068711421558,3,stop
064760,2020-12-29,2021-01-06,122300.0,118631.0,12,-49912.72157460009,-0.03397068711421569,4,stop
066570,2020-12-30,2021-01-06,128000.0,147200.0,11,204807.10623999988,0.14529248434912567,3,target
319400,2021-01-04,2021-01-07,5920.0,6807.999999999999,281,241974.94131559995,0.1452924843491259,3,target
067310,2021-01-05,2021-01-07,7770.0,7536.9,179,-47301.792414555326,-0.0339706871142158,2,stop
272210,2020-12-30,2021-01-08,15423.0,15871.0,95,36429.90982499998,0.024835128737993095,5,time
096770,2021-01-06,2021-01-08,251891.0,289674.64999999997,6,219839.77328650467,0.14529248434912567,2,target
047040,2021-01-07,2021-01-08,6080.0,5897.599999999999,268,-55416.860890240176,-0.03397068711421569,1,stop
064350,2021-01-06,2021-01-11,21850.0,21194.5,69,-51274.812402524985,-0.03397068711421558,3,stop
003670,2021-01-07,2021-01-11,126494.0,122699.18,12,-51624.36470038816,-0.03397068711421569,2,stop
034730,2021-01-08,2021-01-11,304000.0,294880.0,5,-51694.832919999724,-0.03397068711421536,1,stop
003550,2021-01-08,2021-01-11,101551.0,98504.47,16,-55259.59976693615,-0.03397068711421569,1,stop
012330,2021-01-08,2021-01-11,358500.0,347745.0,4,-48769.99368899991,-0.03397068711421547,1,stop
096770,2021-01-11,2021-01-12,285345.0,276784.64999999997,5,-48522.57269591256,-0.03397068711421558,1,stop
018260,2021-01-11,2021-01-12,223000.0,216310.0,6,-45505.05687299976,-0.03397068711421536,1,stop
267260,2021-01-11,2021-01-12,20400.0,19788.0,75,-52034.930505000055,-0.03397068711421558,1,stop
051910,2021-01-11,2021-01-12,1012000.0,981640.0,1,-34417.87560199993,-0.03397068711421547,1,stop
039490,2021-01-12,2021-01-13,162500.0,157625.0,9,-49739.27180624986,-0.03397068711421547,1,stop
086520,2021-01-12,2021-01-13,8060.0,7818.2,193,-52904.90012742998,-0.03397068711421558,1,stop
005380,2021-01-11,2021-01-14,256500.0,248805.0,5,-43617.51527624973,-0.03397068711421536,3,stop
267270,2021-01-12,2021-01-14,37500.0,36375.0,41,-52290.003693749895,-0.03397068711421547,2,stop
353200,2021-01-13,2021-01-14,16000.0,15520.0,94,-51150.676783999894,-0.03397068711421547,1,stop
000990,2021-01-13,2021-01-14,61300.0,59461.0,24,-50035.15670520021,-0.03397068711421569,1,stop
086790,2021-01-14,2021-01-15,39900.0,38703.0,35,-47494.627745249774,-0.03397068711421547,1,stop
012330,2021-01-14,2021-01-18,328500.0,318645.0,4,-44688.8226689999,-0.03397068711421547,2,stop
000270,2021-01-14,2021-01-18,71200.0,69064.0,19,-46008.40129880002,-0.03397068711421558,2,stop
009150,2021-01-14,2021-01-18,205000.0,198850.0,6,-41832.00295500015,-0.03397068711421569,2,stop
100790,2021-01-15,2021-01-18,5948.0,5769.5599999999995,287,-58057.24250114593,-0.03397068711421558,1,stop
080220,2021-01-12,2021-01-19,4275.0,4455.0,364,58949.634744000155,0.037839413735134775,5,time
003490,2021-01-18,2021-01-19,24502.0,23766.94,55,-45831.890652185306,-0.0339706871142158,1,stop
064760,2021-01-18,2021-01-19,133100.0,129107.0,10,-45266.98856350011,-0.03397068711421569,1,stop
083650,2021-01-19,2021-01-20,3245.0,3147.65,430,-47455.51652297494,-0.03397068711421558,1,stop
012450,2021-01-19,2021-01-20,40490.0,39275.299999999996,34,-46819.87413661042,-0.033970687114215914,1,stop
145020,2021-01-19,2021-01-20,226100.0,219317.0,6,-46137.63838110003,-0.03397068711421558,1,stop
000270,2021-01-20,2021-01-21,96000.0,93120.0,14,-45709.11542399973,-0.03397068711421536,1,stop
036930,2021-01-18,2021-01-25,9350.0,10600.0,144,173951.53451999975,0.12904908943043303,5,time
352820,2021-01-20,2021-01-25,172260.0,198098.99999999997,7,175398.0858283497,0.14529248434912567,3,target
042700,2021-01-19,2021-01-26,10050.0,10525.0,139,60105.37450875016,0.042976716225355815,5,time
080220,2021-01-25,2021-01-26,5860.0,6738.999999999999,256,218212.66228479962,0.14529248434912567,1,target
079550,2021-01-25,2021-01-26,41200.0,39964.0,36,-50443.273807199905,-0.03397068711421547,1,stop
100790,2021-01-20,2021-01-27,5671.0,5748.0,238,12740.641692100093,0.009428779532599352,5,time
108490,2021-01-26,2021-01-27,19622.0,19033.34,78,-52052.479540386004,-0.03397068711421558,1,stop
000270,2021-01-26,2021-01-27,91700.0,88949.0,16,-49899.117671200074,-0.03397068711421558,1,stop
003490,2021-01-26,2021-01-27,30550.0,29633.5,50,-51949.9061087498,-0.03397068711421547,1,stop
066570,2021-01-21,2021-01-28,168500.0,163445.0,8,-45845.15445799986,-0.03397068711421547,5,stop
011070,2021-01-27,2021-01-28,225500.0,218735.0,6,-46015.203250499675,-0.03397068711421536,1,stop
214150,2021-01-27,2021-01-28,17400.0,16878.0,83,-49116.89322570013,-0.03397068711421569,1,stop
000880,2021-01-27,2021-01-28,35950.0,34871.5,40,-48906.03272300004,-0.03397068711421558,1,stop
352820,2021-01-27,2021-01-29,205920.0,199742.4,7,-49023.026292240014,-0.03397068711421558,2,stop
035420,2021-01-29,2021-02-01,362000.0,351140.0,3,-36934.59773099981,-0.03397068711421547,1,stop
226950,2021-01-28,2021-02-03,47000.0,54049.99999999999,29,198261.42457749997,0.1452924843491259,4,target
068270,2021-02-02,2021-02-03,321809.0,312154.73,4,-43778.58549250616,-0.03397068711421569,1,stop
263750,2021-01-28,2021-02-04,61960.0,70000.0,22,170772.21053200006,0.1251364681904008,5,time
047050,2021-02-02,2021-02-04,18600.0,21390.0,75,202916.13153750007,0.1452924843491259,2,target
096770,2021-02-02,2021-02-04,318799.0,309235.02999999997,4,-43369.10800016578,-0.03397068711421547,2,stop
298040,2021-02-05,2021-02-08,86300.0,83711.0,17,-49895.716695349896,-0.03397068711421547,1,stop
272210,2021-02-05,2021-02-08,17479.0,16954.63,86,-51123.2649186491,-0.03397068711421569,1,stop
079550,2021-02-05,2021-02-09,43600.0,42292.0,34,-50416.06600040011,-0.03397068711421569,2,stop
263750,2021-02-08,2021-02-09,78600.0,76242.0,18,-48117.00632579974,-0.03397068711421536,1,stop
352820,2021-02-03,2021-02-10,229185.0,229185.0,6,-5635.4758019999135,-0.004093491870325261,5,time
047810,2021-02-05,2021-02-10,38800.0,37636.0,38,-50143.98793240008,-0.03397068711421569,3,stop
032820,2021-02-09,2021-02-10,1325.0,1285.25,1089,-49073.530783612514,-0.03397068711421558,1,stop
298040,2021-02-10,2021-02-15,88300.0,85651.0,16,-48048.986808799906,-0.03397068711421547,1,stop
047050,2021-02-08,2021-02-16,21800.0,21146.0,67,-49674.653265100205,-0.03397068711421569,4,stop
047810,2021-02-15,2021-02-16,40150.0,38945.5,34,-46426.72132835002,-0.03397068711421558,1,stop
353200,2021-02-10,2021-02-17,16300.0,15811.0,87,-48229.23852885002,-0.03397068711421558,3,stop
080220,2021-02-16,2021-02-17,6970.0,6760.9,198,-46935.507315510185,-0.03397068711421569,1,stop
064760,2021-02-16,2021-02-17,185600.0,180032.0,7,-44185.47824320011,-0.03397068711421569,1,stop
010950,2021-02-09,2021-02-18,81000.0,85300.0,17,67241.27614500001,0.04877561905507721,5,time
357780,2021-02-17,2021-02-18,312600.0,303222.0,4,-42525.80202839989,-0.03397068711421547,1,stop
319400,2021-02-17,2021-02-18,5920.0,5742.4,227,-45703.67386264028,-0.0339706871142158,1,stop
035720,2021-02-17,2021-02-19,103367.0,100265.98999999999,13,-45701.3271893037,-0.03397068711421569,2,stop
222800,2021-02-18,2021-02-19,25400.0,24638.0,53,-45783.93689270015,-0.03397068711421569,1,stop
108490,2021-02-18,2021-02-19,18307.0,17757.79,73,-45451.01536674355,-0.03397068711421558,1,stop
138040,2021-02-15,2021-02-22,11000.0,11800.0,126,94822.73136000033,0.06833607235728767,5,time
003670,2021-02-18,2021-02-22,154605.0,177795.75,8,179910.24238770013,0.1452924843491259,2,target
272210,2021-02-19,2021-02-22,19581.0,18993.57,68,-45284.26552081783,-0.03397068711421547,1,stop
178320,2021-02-19,2021-02-22,23404.0,22701.88,57,-45369.97011223808,-0.03397068711421569,1,stop
043260,2021-02-19,2021-02-23,1870.0,1813.8999999999999,718,-45663.54234761,-0.03397068711421558,2,stop
042700,2021-02-22,2021-02-23,12175.0,11809.75,112,-46375.70669059991,-0.03397068711421547,1,stop
087010,2021-02-22,2021-02-23,15020.0,14569.4,91,-46485.218112970004,-0.03397068711421558,1,stop
067310,2021-02-22,2021-02-23,8388.0,8136.36,163,-46499.63825057424,-0.0339706871142158,1,stop
267270,2021-02-23,2021-02-24,38750.0,37587.5,34,-44807.85682374984,-0.03397068711421547,1,stop
003670,2021-02-24,2021-02-25,167205.0,162188.85,7,-39806.21168994764,-0.03397068711421569,1,stop
138040,2021-02-24,2021-02-26,12250.0,11882.5,107,-44578.29095387482,-0.03397068711421547,2,stop
011200,2021-02-22,2021-03-02,16600.0,19090.0,82,197999.59731099987,0.14529248434912567,5,target
000660,2021-02-26,2021-03-05,143500.0,139195.0,8,-39043.202758,-0.03397068711421558,4,stop
141080,2021-03-04,2021-03-05,57400.0,55678.0,24,-46851.843309599906,-0.03397068711421547,1,stop
086520,2021-03-05,2021-03-08,8968.0,8698.96,143,-43614.930534604006,-0.03397068711421558,1,stop
100790,2021-03-05,2021-03-08,6339.0,6148.83,202,-43548.74754456314,-0.03397068711421569,1,stop
011200,2021-03-04,2021-03-09,20150.0,23172.5,69,202239.74443237484,0.14529248434912567,3,target
098460,2021-03-04,2021-03-10,22439.0,21765.829999999998,62,-47314.98820085311,-0.03397068711421569,4,stop
083650,2021-03-09,2021-03-10,3590.0,3482.2999999999997,386,-47128.682743790094,-0.03397068711421569,1,stop
105560,2021-03-09,2021-03-10,51900.0,50343.0,26,-45892.76811990002,-0.03397068711421558,1,stop
005490,2021-03-05,2021-03-12,299500.0,301000.0,4,1072.6681000001263,0.0008943537463508289,5,time
083650,2021-03-12,2021-03-15,3800.0,3686.0,347,-44845.26755810017,-0.03397068711421569,1,stop
319400,2021-03-12,2021-03-15,6200.0,6014.0,213,-44913.2870751,-0.03397068711421558,1,stop
100790,2021-03-15,2021-03-16,8064.0,7822.08,163,-44703.51488467213,-0.03397068711421569,1,stop
047040,2021-03-16,2021-03-17,6400.0,6208.0,211,-45926.77787840017,-0.03397068711421569,1,stop
105560,2021-03-12,2021-03-18,51100.0,49567.0,25,-43447.46648375015,-0.03397068711421569,4,stop
267270,2021-03-12,2021-03-19,46100.0,49650.0,28,93817.00727000018,0.07259779020907486,5,time
196170,2021-03-15,2021-03-22,83412.0,86359.0,15,38947.09557374986,0.031092530278264086,5,time
131290,2021-03-15,2021-03-22,54300.0,56400.0,24,44910.64403999969,0.03442222943855677,5,time
237690,2021-03-17,2021-03-22,85000.0,82450.0,15,-43362.44208749989,-0.03397068711421547,3,stop
087010,2021-03-22,2021-03-23,16571.0,16073.869999999999,78,-43958.90523207327,-0.0339706871142158,1,stop
226950,2021-03-22,2021-03-23,44950.0,43601.5,28,-42804.682048099814,-0.03397068711421547,1,stop
078600,2021-03-22,2021-03-23,43150.0,41855.5,30,-44025.632378249895,-0.03397068711421547,1,stop
042700,2021-03-23,2021-03-24,13225.0,12828.25,94,-42279.23127927515,-0.03397068711421569,1,stop
100790,2021-03-18,2021-03-25,7911.0,8674.0,160,116532.76442399994,0.09195968291199574,5,time
039030,2021-03-19,2021-03-26,114100.0,116400.0,12,21907.378380000126,0.015981748871990664,5,time
011200,2021-03-23,2021-03-26,27350.0,31452.499999999996,45,179024.3934693751,0.1452924843491259,3,target
214450,2021-03-25,2021-03-26,70300.0,68191.0,23,-54990.37851865031,-0.0339706871142158,1,stop
011200,2021-03-29,2021-03-30,32600.0,31622.0,44,-48783.59759239992,-0.03397068711421558,1,stop
000500,2021-03-24,2021-03-31,22863.0,24803.0,54,99391.51636560005,0.08041241836768243,5,time
090430,2021-03-24,2021-03-31,249500.0,258500.0,4,31803.86659999995,0.03183099138886125,5,time
001440,2021-03-26,2021-03-31,9411.0,9128.67,155,-49610.2047727427,-0.03397068711421569,3,stop
083650,2021-03-30,2021-03-31,4565.0,4428.05,317,-49215.69157414255,-0.03397068711421558,1,stop
241560,2021-03-29,2021-04-05,40550.0,41550.0,35,29080.44790000003,0.020466471338791203,5,time
066570,2021-04-05,2021-04-06,163000.0,158110.0,10,-55435.90635499987,-0.03397068711421547,1,stop
066970,2021-03-31,2021-04-07,78000.0,85983.0,16,122236.89786960022,0.09783370882710041,5,time
034730,2021-03-31,2021-04-07,281000.0,278000.0,4,-16571.000199999893,-0.014725945693773723,5,time
082740,2021-03-31,2021-04-07,7177.0,6961.69,180,-43935.84661580995,-0.03397068711421558,5,stop
010140,2021-03-31,2021-04-07,6937.0,7051.0,186,15853.655855400022,0.012272854090000784,5,time
031980,2021-04-06,2021-04-07,11100.0,10767.0,145,-54738.70630574995,-0.03397068711421558,1,stop
034220,2021-04-07,2021-04-08,24031.0,23310.07,54,-44133.579351729015,-0.03397068711421558,1,stop
277810,2021-04-07,2021-04-08,26450.0,25656.5,49,-44078.347503924975,-0.03397068711421558,1,stop
079550,2021-04-07,2021-04-08,43550.0,42243.5,30,-44433.749480249826,-0.03397068711421547,1,stop
100790,2021-04-08,2021-04-09,11152.0,10817.44,114,-43237.55825428781,-0.03397068711421547,1,stop
131290,2021-04-08,2021-04-09,63500.0,61595.0,20,-43192.39329499961,-0.03397068711421525,1,stop
352820,2021-04-08,2021-04-09,275220.0,266963.39999999997,4,-37440.66293748026,-0.0339706871142158,1,stop
031980,2021-04-09,2021-04-12,10800.0,10476.0,114,-41872.814665199956,-0.03397068711421558,1,stop
042700,2021-04-07,2021-04-14,15475.0,15875.0,85,28509.096475000028,0.02164884113464205,5,time
319660,2021-04-07,2021-04-14,21850.0,22225.0,60,17060.92867500009,0.012998725088422036,5,time
237690,2021-04-12,2021-04-15,96500.0,110974.99999999999,12,168442.2081149998,0.14529248434912567,3,target
098460,2021-04-14,2021-04-15,27850.0,27014.5,48,-45464.245162799954,-0.03397068711421558,1,stop
071050,2021-04-09,2021-04-16,99700.0,106000.0,12,70474.04093999998,0.058837410850005156,5,time
319400,2021-04-15,2021-04-16,5350.0,5189.5,267,-48581.23952932516,-0.03397068711421569,1,stop
096770,2021-04-14,2021-04-19,276489.0,268194.33,4,-37613.2964716258,-0.03397068711421536,3,stop
066970,2021-04-13,2021-04-20,92330.0,92331.0,14,-5283.45655670017,-0.00408270548986267,5,time
031980,2021-04-20,2021-04-21,14900.0,14453.0,94,-47634.06775509985,-0.03397068711421547,1,stop
298380,2021-04-15,2021-04-22,25350.0,24589.5,56,-48280.2531665999,-0.03397068711421547,5,stop
353200,2021-04-21,2021-04-22,16450.0,15956.5,82,-45875.76324065006,-0.03397068711421558,1,stop
003550,2021-04-16,2021-04-23,102968.0,108164.0,12,57104.38169519999,0.04616222074176579,5,time
036930,2021-04-16,2021-04-23,13200.0,14450.0,100,119221.86975000007,0.09021583655104548,5,time
237690,2021-04-19,2021-04-23,131800.0,127846.0,8,-35859.88936239993,-0.03397068711421547,4,stop
226950,2021-04-22,2021-04-23,48700.0,47239.0,27,-44719.4314516501,-0.03397068711421569,1,stop
267270,2021-04-23,2021-04-26,56500.0,54805.0,22,-42274.129815499764,-0.03397068711421536,1,stop
067310,2021-04-23,2021-04-26,9449.0,10866.349999999999,133,182801.5427078223,0.14529248434912567,1,target
007660,2021-04-22,2021-04-27,3463.0,3359.11,388,-45697.00794997392,-0.03397068711421558,3,stop
000990,2021-04-23,2021-04-28,60100.0,58297.0,21,-42923.716202849755,-0.03397068711421536,3,stop
042700,2021-04-26,2021-04-28,18025.0,17484.25,77,-47202.99406611244,-0.03397068711421558,2,stop
064760,2021-04-23,2021-04-29,229000.0,222130.0,5,-38941.173482499784,-0.03397068711421536,4,stop
028050,2021-04-27,2021-04-29,16650.0,16150.5,78,-44168.47336395015,-0.03397068711421569,2,stop
067310,2021-04-28,2021-04-29,11196.0,10860.119999999999,114,-43408.15120292385,-0.03397068711421547,1,stop
241560,2021-04-28,2021-04-29,49600.0,48112.0,25,-42172.100540000014,-0.03397068711421558,1,stop
058610,2021-04-26,2021-04-30,10900.0,10573.0,127,-47079.70869154995,-0.03397068711421558,4,stop
011200,2021-04-29,2021-05-03,39600.0,38412.0,30,-40403.59309799969,-0.03397068711421536,2,stop
042660,2021-04-30,2021-05-04,31183.0,30247.51,42,-44542.10457083094,-0.03397068711421558,2,stop
267250,2021-04-29,2021-05-07,68000.0,78200.0,17,168151.28893000027,0.14529248434912612,5,target
000150,2021-04-29,2021-05-07,61100.0,65300.0,19,74807.14522999991,0.06436489330389117,5,time
082740,2021-05-03,2021-05-07,8236.0,9471.4,144,172512.74935151986,0.14529248434912567,3,target
010950,2021-04-30,2021-05-10,88400.0,96500.0,15,115707.59872500016,0.08716038500581003,5,time
082740,2021-05-10,2021-05-11,8668.0,8407.96,159,-46872.65728180227,-0.0339706871142158,1,stop
267270,2021-05-10,2021-05-12,66900.0,64893.0,20,-45505.056872999994,-0.03397068711421558,2,stop
000250,2021-05-11,2021-05-12,58900.0,57133.0,23,-46073.01983995037,-0.0339706871142158,1,stop
042660,2021-05-06,2021-05-13,31627.0,33404.0,40,65685.90174999996,0.0518626805439546,5,time
267260,2021-05-07,2021-05-13,23400.0,22698.0,55,-43770.559189500054,-0.03397068711421558,4,stop
000880,2021-05-12,2021-05-13,34100.0,33077.0,38,-44069.84506429988,-0.03397068711421547,1,stop
138040,2021-05-07,2021-05-14,19200.0,19600.0,68,21769.203120000195,0.01665456038237645,5,time
011200,2021-05-13,2021-05-14,47800.0,46366.0,27,-43892.99432009994,-0.03397068711421558,1,stop
180640,2021-05-12,2021-05-17,58400.0,67160.0,22,186886.48444400006,0.1452924843491259,3,target
145020,2021-05-13,2021-05-18,206300.0,200111.0,6,-42097.27907130006,-0.03397068711421558,3,stop
207940,2021-05-13,2021-05-21,1227614.0,1252341.0,1,19623.095872849924,0.015966380554168325,5,time
319400,2021-05-18,2021-05-21,5870.0,5693.9,230,-45916.5749508501,-0.03397068711421569,2,stop
021240,2021-05-14,2021-05-24,76600.0,80800.0,17,65852.83318999992,0.05051234800101456,5,time
180640,2021-05-20,2021-05-24,65700.0,63729.0,21,-46923.26380244992,-0.03397068711421547,2,stop
083650,2021-05-21,2021-05-24,5090.0,5853.5,254,188058.88875954994,0.1452924843491259,1,target
000150,2021-05-21,2021-05-24,78700.0,76339.0,16,-42825.08790320018,-0.03397068711421569,1,stop
031980,2021-05-24,2021-05-25,12400.0,12028.0,109,-45967.58958860021,-0.03397068711421569,1,stop
034020,2021-05-24,2021-05-25,14333.0,13903.01,94,-45821.41564656701,-0.03397068711421558,1,stop
032820,2021-05-24,2021-05-25,1455.0,1411.35,934,-46218.24150874489,-0.03397068711421547,1,stop
214450,2021-05-18,2021-05-26,76000.0,83000.0,17,113354.30765000009,0.08763473914161835,5,time
138040,2021-05-26,2021-05-27,19850.0,19254.5,67,-45231.27831707499,-0.03397068711421558,1,stop
012450,2021-05-26,2021-05-27,50116.0,48612.52,26,-44315.259481635876,-0.03397068711421547,1,stop
083650,2021-05-26,2021-05-28,5550.0,5383.5,241,-45489.75248167501,-0.03397068711421558,2,stop
079550,2021-05-26,2021-05-28,46600.0,45202.0,28,-44375.93289080006,-0.03397068711421558,2,stop
001440,2021-05-26,2021-05-28,12263.0,14102.449999999999,109,194431.03712819703,0.14529248434912545,2,target
032820,2021-05-27,2021-05-28,1505.0,1459.85,875,-44786.60072468757,-0.03397068711421569,1,stop
034020,2021-05-27,2021-05-31,15780.0,18147.0,83,190514.24668095005,0.1452924843491259,2,target
035720,2021-05-28,2021-05-31,125000.0,121250.0,10,-42512.19812500011,-0.03397068711421569,1,stop
000150,2021-05-28,2021-06-01,86000.0,83420.0,15,-43872.588464999804,-0.03397068711421547,2,stop
001440,2021-05-31,2021-06-01,15025.0,17278.75,92,201068.79471275,0.1452924843491259,1,target
034020,2021-06-02,2021-06-03,18628.0,21422.199999999997,74,200511.97539265966,0.14529248434912567,1,target
000500,2021-06-02,2021-06-03,25669.0,29519.35,54,201625.32311365497,0.1452924843491259,1,target
087010,2021-06-02,2021-06-03,12985.0,12595.449999999999,107,-47252.988411107566,-0.03397068711421569,1,stop
001440,2021-06-03,2021-06-04,18712.0,21518.8,78,212303.51179907983,0.14529248434912567,1,target
336260,2021-06-03,2021-06-04,46800.0,45396.0,31,-49341.3576318,-0.03397068711421558,1,stop
178320,2021-06-04,2021-06-08,22128.0,21464.16,68,-51174.61965398397,-0.03397068711421558,2,stop
001440,2021-06-07,2021-06-08,29814.0,28919.579999999998,50,-50698.34699595021,-0.03397068711421569,1,stop
000500,2021-06-07,2021-06-08,37017.0,35906.49,40,-50357.569215780124,-0.03397068711421569,1,stop
034020,2021-06-07,2021-06-08,25046.0,28802.899999999998,60,218590.85722530005,0.1452924843491259,1,target
032820,2021-06-08,2021-06-09,2620.0,2541.4,581,-51770.3345838699,-0.03397068711421547,1,stop
083650,2021-06-08,2021-06-09,7670.0,7439.9,198,-51649.259843609994,-0.03397068711421558,1,stop
000150,2021-06-08,2021-06-09,102500.0,99425.0,14,-48804.003447499825,-0.03397068711421547,1,stop
047040,2021-06-03,2021-06-10,8870.0,8880.0,165,-4352.7848924999125,-0.0029707111396266583,5,time
161390,2021-06-09,2021-06-10,54600.0,52962.0,27,-50137.18598069996,-0.03397068711421558,1,stop
001440,2021-06-10,2021-06-11,28269.0,27420.93,51,-49032.51501486148,-0.03397068711421558,1,stop
145020,2021-06-10,2021-06-11,242500.0,235225.0,5,-41236.832181249745,-0.03397068711421536,1,stop
034020,2021-06-10,2021-06-11,24612.0,23873.64,59,-49385.84239591798,-0.03397068711421558,1,stop
010140,2021-06-08,2021-06-14,6710.0,6508.7,227,-51802.64385444508,-0.03397068711421569,4,stop
032820,2021-06-11,2021-06-14,2170.0,2104.9,648,-47823.162012359826,-0.03397068711421547,1,stop
180640,2021-06-11,2021-06-14,78700.0,76339.0,17,-45501.65589715005,-0.03397068711421558,1,stop
007660,2021-06-14,2021-06-15,3597.0,3489.0899999999997,388,-47465.24331390625,-0.0339706871142158,1,stop
028050,2021-06-09,2021-06-16,21350.0,22150.0,69,49000.00430999976,0.033223848012753576,5,time
064350,2021-06-11,2021-06-16,24650.0,23910.5,57,-47785.41118042497,-0.03397068711421558,3,stop
145020,2021-06-16,2021-06-17,249000.0,241530.0,5,-42342.14933249983,-0.03397068711421547,1,stop
307950,2021-06-14,2021-06-21,124000.0,132500.0,11,87634.41252500005,0.06417429296114441,5,time
214450,2021-06-14,2021-06-21,92700.0,90400.0,15,-40096.83937499998,-0.02880314633308967,5,time
007660,2021-06-17,2021-06-21,3713.0,3601.61,394,-49753.62392433686,-0.03397068711421547,2,stop
035720,2021-06-15,2021-06-22,143500.0,159000.0,9,133795.92172500002,0.10347829123775809,5,time
214150,2021-06-16,2021-06-23,17950.0,18700.0,82,55286.55434499984,0.03751820066991174,5,time
095340,2021-06-22,2021-06-23,24900.0,24153.0,64,-54197.95114559983,-0.03397068711421547,1,stop
028050,2021-06-21,2021-06-24,23750.0,27312.499999999996,59,203825.2539906248,0.14529248434912567,3,target
001440,2021-06-23,2021-06-24,32547.0,31570.59,47,-52025.033665276365,-0.03397068711421547,1,stop
035720,2021-06-24,2021-06-25,172000.0,166840.0,8,-46797.42769599985,-0.03397068711421547,1,stop
078600,2021-06-24,2021-06-25,50900.0,49373.0,30,-51932.90122950007,-0.03397068711421558,1,stop
064760,2021-06-21,2021-06-28,198600.0,192642.0,7,-47280.366266700206,-0.03397068711421569,5,stop
352820,2021-06-21,2021-06-28,313000.0,312000.0,4,-9119.154199999757,-0.007275301800451883,5,time
307950,2021-06-25,2021-06-28,143000.0,138710.0,10,-48633.954654999776,-0.03397068711421547,1,stop
043260,2021-06-23,2021-06-30,1800.0,1895.0,853,74503.72848824994,0.04846824050318532,5,time
039490,2021-06-29,2021-06-30,135000.0,130950.0,9,-41321.8565775,-0.03397068711421558,1,stop
005830,2021-06-29,2021-07-01,55600.0,53932.0,24,-45382.62174240011,-0.03397068711421569,2,stop
263750,2021-06-30,2021-07-01,74500.0,85675.0,19,205898.05318375002,0.1452924843491259,1,target
031980,2021-06-30,2021-07-01,13300.0,12901.0,110,-49756.27668549982,-0.03397068711421547,1,stop
010170,2021-06-25,2021-07-02,3112.0,3304.0,480,85766.58048,0.05735061145901188,5,time
277810,2021-06-29,2021-07-06,23450.0,23650.0,57,5888.533199999947,0.004400380267241211,5,time
237690,2021-07-02,2021-07-06,116400.0,112908.0,12,-47504.83067279984,-0.03397068711421547,2,stop
263750,2021-07-05,2021-07-06,83800.0,81286.0,19,-54150.33748370013,-0.03397068711421569,1,stop
032820,2021-07-06,2021-07-07,3070.0,2977.9,466,-48655.0407052699,-0.03397068711421547,1,stop
138040,2021-07-01,2021-07-08,21300.0,22550.0,68,78813.58287000004,0.054351725742918466,5,time
141080,2021-07-02,2021-07-08,60400.0,58588.0,24,-49300.54592160019,-0.03397068711421569,4,stop
196170,2021-07-06,2021-07-08,80159.0,77754.23,17,-46345.199937225785,-0.0339706871142158,2,stop
012450,2021-07-07,2021-07-08,55005.0,53354.85,27,-50509.08268989762,-0.03397068711421569,1,stop
226950,2021-07-06,2021-07-09,49950.0,48451.5,28,-47566.048238099786,-0.03397068711421547,3,stop
032820,2021-07-12,2021-07-13,2915.0,2827.5499999999997,484,-47983.00787731027,-0.0339706871142158,1,stop
131970,2021-07-08,2021-07-15,51400.0,52700.0,27,29309.04148500017,0.02109480502789607,5,time
086520,2021-07-15,2021-07-16,10052.0,11559.8,143,209088.8548048297,0.14529248434912567,1,target
298040,2021-07-16,2021-07-19,82100.0,79637.0,20,-55844.0234569998,-0.03397068711421547,1,stop
003670,2021-07-13,2021-07-20,157997.0,153257.09,8,-42987.51850979589,-0.03397068711421547,5,stop
078600,2021-07-15,2021-07-20,58200.0,56454.0,24,-47504.83067279984,-0.03397068711421547,3,stop
066970,2021-07-14,2021-07-21,110500.0,113500.0,13,32997.96175000025,0.022944693870752042,5,time
247540,2021-07-15,2021-07-22,64241.0,65699.0,22,26189.444091800135,0.018509389293621004,5,time
010130,2021-07-20,2021-07-23,475500.0,546825.0,2,138332.0724675001,0.1452924843491259,3,target
336260,2021-07-22,2021-07-23,53500.0,51895.0,29,-52766.14031274966,-0.03397068711421536,1,stop
086520,2021-07-19,2021-07-26,11249.0,12936.349999999999,147,240532.41853677714,0.14529248434912567,5,target
043260,2021-07-23,2021-07-26,2040.0,1978.8,645,-44750.040234300075,-0.03397068711421569,1,stop
047050,2021-07-26,2021-07-27,27200.0,26384.0,54,-49953.533284799894,-0.03397068711421547,1,stop
357780,2021-07-21,2021-07-28,350000.0,342000.0,4,-37643.14240000001,-0.026857069199003658,5,time
042700,2021-07-21,2021-07-28,18950.0,19125.0,81,7842.6793012500275,0.005103533930344462,5,time
021240,2021-07-26,2021-08-02,86800.0,84196.0,17,-50184.79964260012,-0.03397068711421569,5,stop
131290,2021-07-26,2021-08-02,73300.0,77400.0,20,75750.29870000016,0.05161205633338106,5,time
010130,2021-07-27,2021-08-03,539000.0,522830.0,2,-36662.51966299978,-0.03397068711421536,5,stop
005490,2021-07-28,2021-08-03,363000.0,352110.0,4,-49382.169341999805,-0.03397068711421547,4,stop
138040,2021-08-02,2021-08-03,25350.0,24589.5,62,-53453.137434449745,-0.03397068711421547,1,stop
086520,2021-07-28,2021-08-04,13004.0,13026.0,127,-3982.446937299799,-0.0024086300448212805,5,time
000250,2021-08-03,2021-08-04,62000.0,60140.0,22,-46389.31059399992,-0.03397068711421558,1,stop
214370,2021-08-06,2021-08-09,15120.0,14666.4,94,-48337.38956087991,-0.03397068711421547,1,stop
196170,2021-08-09,2021-08-10,75488.0,73223.36,18,-46211.91569366376,-0.03397068711421536,1,stop
095340,2021-08-09,2021-08-11,29100.0,28227.0,48,-47504.83067279984,-0.03397068711421547,2,stop
319660,2021-08-09,2021-08-11,23375.0,22673.75,60,-47698.68629624974,-0.03397068711421536,2,stop
086520,2021-08-10,2021-08-12,18258.0,20996.699999999997,78,207152.4967094697,0.14529248434912567,2,target
222800,2021-08-06,2021-08-13,29800.0,30950.0,48,49175.202359999996,0.03433914183266551,5,time
267260,2021-08-12,2021-08-13,24300.0,23571.0,59,-48759.79076145007,-0.03397068711421558,1,stop
066970,2021-08-10,2021-08-18,116100.0,122100.0,12,66078.12815999985,0.04737454472552338,5,time
086520,2021-08-17,2021-08-18,19155.0,18580.35,75,-48859.26930506248,-0.03397068711421558,1,stop
267260,2021-08-17,2021-08-19,24000.0,23280.0,60,-48974.05223999987,-0.03397068711421547,2,stop
079550,2021-08-18,2021-08-20,47800.0,46366.0,30,-48769.99368899991,-0.03397068711421547,2,stop
028300,2021-08-19,2021-08-20,38568.0,37410.96,37,-48532.46953563625,-0.0339706871142158,1,stop
272210,2021-08-19,2021-08-20,19100.0,18527.0,74,-48069.39266390004,-0.03397068711421558,1,stop
028300,2021-08-23,2021-08-25,38163.0,43887.45,36,199842.27942878986,0.14529248434912567,2,target
141080,2021-08-25,2021-08-26,57900.0,56163.0,24,-47259.96041160007,-0.03397068711421558,1,stop
000250,2021-08-26,2021-08-27,61700.0,59849.0,23,-48263.24828734994,-0.03397068711421558,1,stop
263750,2021-08-27,2021-08-30,92300.0,89531.0,15,-47086.510643250076,-0.03397068711421569,1,stop
028300,2021-08-27,2021-08-30,47089.0,54152.35,30,205486.402536975,0.1452924843491259,1,target
000880,2021-08-30,2021-08-31,35450.0,34386.5,42,-50637.129430650035,-0.03397068711421558,1,stop
353200,2021-08-25,2021-09-01,18250.0,18550.0,79,17721.551364999963,0.012277574016737791,5,time
007660,2021-08-26,2021-09-02,3632.0,3801.0,394,60525.14415709977,0.042246871531082864,5,time
298040,2021-08-30,2021-09-02,79800.0,77406.0,18,-48851.61710939999,-0.03397068711421558,3,stop
336260,2021-08-31,2021-09-02,53400.0,51798.0,28,-50851.39090920007,-0.03397068711421558,2,stop
263750,2021-09-01,2021-09-02,92300.0,89531.0,15,-47086.510643250076,-0.03397068711421569,1,stop
067310,2021-08-27,2021-09-03,11949.0,12875.0,118,103167.4842401999,0.07308530355423559,5,time
000150,2021-09-02,2021-09-03,100000.0,97000.0,14,-47613.66189999995,-0.03397068711421558,1,stop
083650,2021-09-03,2021-09-06,5120.0,4966.4,286,-49801.16956672026,-0.0339706871142158,1,stop
298380,2021-09-03,2021-09-06,22500.0,21825.0,65,-49739.27180624986,-0.03397068711421547,1,stop
032820,2021-09-03,2021-09-06,2370.0,2298.9,618,-49812.73288460984,-0.03397068711421547,1,stop
138040,2021-09-02,2021-09-07,30850.0,35477.5,46,206421.70771674998,0.1452924843491259,3,target
087010,2021-09-06,2021-09-07,13082.0,12689.539999999999,108,-48050.89135527611,-0.03397068711421569,1,stop
078600,2021-09-06,2021-09-08,70000.0,80500.0,20,203643.4295000001,0.1452924843491259,2,target
237690,2021-09-06,2021-09-08,118000.0,114460.0,12,-48157.81803600001,-0.03397068711421558,2,stop
028300,2021-09-02,2021-09-09,55880.0,59020.0,25,72543.39267500024,0.05186832694726928,5,time
082740,2021-09-09,2021-09-10,6588.0,6390.36,226,-50636.721313548274,-0.0339706871142158,1,stop
066970,2021-09-10,2021-09-13,124700.0,143405.0,11,199526.9230322498,0.14529248434912567,1,target
138040,2021-09-09,2021-09-14,37300.0,36181.0,39,-49473.99568994995,-0.03397068711421558,3,stop
078600,2021-09-10,2021-09-14,80200.0,77794.0,18,-49096.48737059999,-0.03397068711421558,2,stop
247540,2021-09-10,2021-09-14,90778.0,104394.7,16,211272.4942074397,0.14529248434912567,2,target
067310,2021-09-13,2021-09-14,14278.0,13849.66,122,-59242.14248728589,-0.03397068711421558,1,stop
007660,2021-09-08,2021-09-15,4091.0,3968.27,365,-50783.88153857761,-0.03397068711421569,5,stop
214370,2021-09-14,2021-09-15,16060.0,15578.199999999999,95,-51888.688543449854,-0.03397068711421547,1,stop
058470,2021-09-14,2021-09-17,41147.0,39912.59,37,-51777.7827209814,-0.03397068711421547,3,stop
066970,2021-09-15,2021-09-17,154900.0,150253.0,9,-47413.00432485016,-0.03397068711421569,2,stop
086520,2021-09-17,2021-09-23,20033.0,19432.01,72,-49054.8594261962,-0.03397068711421569,1,stop
028050,2021-09-16,2021-09-24,27300.0,26481.0,56,-51994.118794800015,-0.03397068711421558,3,stop
000150,2021-09-17,2021-09-24,101000.0,97970.0,14,-48089.79851900018,-0.03397068711421569,2,stop
247540,2021-09-16,2021-09-28,110001.0,115684.0,14,73016.16187110008,0.04735819207528369,5,time
066970,2021-09-27,2021-09-28,191900.0,186143.0,7,-45685.30859305011,-0.03397068711421569,1,stop
005290,2021-09-17,2021-09-29,29800.0,31450.0,49,74627.45851749997,0.0510489825730962,5,time
010950,2021-09-29,2021-09-30,113000.0,109610.0,13,-49960.335236499785,-0.03397068711421547,1,stop
078600,2021-09-27,2021-10-05,97800.0,110900.0,14,177248.0721900002,0.1293050281347743,5,time
352820,2021-10-01,2021-10-05,299500.0,290515.0,5,-50929.61335374997,-0.03397068711421558,1,stop
066970,2021-09-30,2021-10-06,172000.0,166840.0,9,-52647.10615799995,-0.03397068711421558,3,stop
003670,2021-09-30,2021-10-06,169629.0,164540.13,9,-51921.37192136841,-0.03397068711421558,3,stop
096770,2021-09-29,2021-10-07,254843.0,247197.71,5,-43335.74442707747,-0.03397068711421558,5,stop
263750,2021-10-08,2021-10-12,91500.0,88755.0,16,-49790.28644399997,-0.03397068711421558,1,stop
066970,2021-10-14,2021-10-15,215600.0,209132.0,7,-51327.527528200066,-0.03397068711421558,1,stop
307950,2021-10-12,2021-10-19,109500.0,115000.0,13,65455.42672500014,0.04592920945125667,5,time
010130,2021-10-13,2021-10-20,557000.0,578000.0,2,37310.787100000074,0.03345415026741838,5,time
082740,2021-10-14,2021-10-20,6346.0,6155.62,249,-53740.65593280899,-0.03397068711421558,4,stop
067310,2021-10-19,2021-10-20,13592.0,13184.24,161,-74423.96264265198,-0.03397068711421558,1,stop
034020,2021-10-14,2021-10-21,21523.0,22296.0,73,49823.63870875025,0.03167455769452343,5,time
051910,2021-10-15,2021-10-21,835000.0,809950.0,1,-28398.148347499897,-0.03397068711421547,4,stop
352820,2021-10-20,2021-10-21,326000.0,316220.0,4,-44348.7250839998,-0.03397068711421547,1,stop
066970,2021-10-20,2021-10-21,215600.0,209132.0,7,-51327.527528200066,-0.03397068711421558,1,stop
078600,2021-10-20,2021-10-21,108000.0,104760.0,14,-51422.75485199969,-0.03397068711421536,1,stop
226950,2021-10-21,2021-10-22,40700.0,39479.0,34,-47062.703812299995,-0.03397068711421558,1,stop
214150,2021-10-21,2021-10-22,23000.0,22310.0,61,-47715.69117549993,-0.03397068711421558,1,stop
263750,2021-10-22,2021-10-25,106600.0,103402.0,13,-47130.72332930006,-0.03397068711421558,1,stop
298380,2021-10-21,2021-10-28,21050.0,24207.499999999996,67,205148.9362823749,0.1452924843491259,5,target
034020,2021-10-26,2021-10-28,24564.0,23827.079999999998,56,-46783.27963646408,-0.03397068711421569,2,stop
263750,2021-10-27,2021-10-28,110400.0,107088.0,12,-45056.12806080002,-0.03397068711421558,1,stop
000150,2021-10-27,2021-10-28,109000.0,105730.0,12,-44484.764117999934,-0.03397068711421558,1,stop
095340,2021-10-29,2021-11-01,27200.0,26384.0,51,-47178.33699119999,-0.03397068711421558,1,stop
067310,2021-10-29,2021-11-02,15408.0,14945.76,91,-47686.03466608771,-0.03397068711421536,2,stop
329180,2021-10-28,2021-11-04,114500.0,112500.0,12,-29560.173599999864,-0.021489238737219085,5,time
082740,2021-10-28,2021-11-04,6816.0,6611.5199999999995,205,-47521.155356880045,-0.03397068711421558,5,stop
084370,2021-10-29,2021-11-04,43850.0,42534.5,32,-47722.493127200054,-0.03397068711421558,4,stop
086520,2021-11-04,2021-11-05,22257.0,25595.55,60,194249.6490163498,0.14529248434912567,1,target
237690,2021-11-04,2021-11-05,95200.0,92344.0,14,-45328.20612879982,-0.03397068711421547,1,stop
034220,2021-11-01,2021-11-08,18208.0,18809.0,76,39870.22292259964,0.028778861566951086,5,time
196170,2021-11-04,2021-11-08,67647.0,65617.59,19,-43712.504531740444,-0.03397068711421558,2,stop
247540,2021-11-05,2021-11-09,119909.0,137895.34999999998,12,209302.97132498957,0.14529248434912545,2,target
086520,2021-11-08,2021-11-09,25546.0,24779.62,54,-46915.91769461427,-0.0339706871142158,1,stop
178320,2021-11-09,2021-11-10,20125.0,19521.25,74,-50649.032846125076,-0.03397068711421558,1,stop
067310,2021-11-04,2021-11-11,15719.0,17041.0,85,106563.06112849992,0.07966427921863883,5,time
222800,2021-11-08,2021-11-11,37300.0,42895.0,37,200748.78360924986,0.14529248434912567,3,target
066970,2021-11-10,2021-11-11,218300.0,211751.0,6,-44545.98168329988,-0.03397068711421547,1,stop
007660,2021-11-10,2021-11-11,4390.0,4258.3,335,-50016.45133802504,-0.03397068711421558,1,stop
000150,2021-11-05,2021-11-12,126000.0,138500.0,11,131414.53792500007,0.09470675695206299,5,time
241560,2021-11-11,2021-11-12,44600.0,43262.0,32,-48538.72733120015,-0.03397068711421569,1,stop
086520,2021-11-12,2021-11-15,29097.0,28224.09,50,-49479.0971537251,-0.03397068711421569,1,stop
263750,2021-11-12,2021-11-15,123100.0,119407.0,11,-46052.61398485,-0.03397068711421558,1,stop
080220,2021-11-16,2021-11-17,6050.0,5868.5,294,-60493.15744394972,-0.03397068711421547,1,stop
247540,2021-11-11,2021-11-18,133202.0,140219.0,11,70954.67606424983,0.04837025467661782,5,time
011070,2021-11-15,2021-11-18,245500.0,282325.0,6,214261.97975249984,0.14529248434912567,3,target
263750,2021-11-17,2021-11-18,142200.0,137934.0,12,-58034.2519044003,-0.0339706871142158,1,stop
259960,2021-11-12,2021-11-19,535000.0,542000.0,2,9573.653300000122,0.008937060572492994,5,time
353200,2021-11-12,2021-11-19,20500.0,21750.0,71,82523.43046250008,0.05663251472294761,5,time
079550,2021-11-18,2021-11-22,60400.0,58588.0,26,-53408.924748400226,-0.03397068711421569,2,stop
080220,2021-11-19,2021-11-22,5820.0,6692.999999999999,233,197251.9350055498,0.14529248434912567,1,target
141080,2021-11-19,2021-11-22,49850.0,48354.5,27,-45775.43445307505,-0.03397068711421558,1,stop
036930,2021-11-18,2021-11-23,14700.0,16905.0,110,235208.16107250028,0.14529248434912612,3,target
011070,2021-11-22,2021-11-23,293000.0,284210.0,4,-39859.436962000094,-0.03397068711421569,1,stop
058470,2021-11-22,2021-11-23,42128.0,40864.159999999996,34,-48713.945606992114,-0.03397068711421569,1,stop
005290,2021-11-18,2021-11-24,37950.0,36811.5,42,-54208.15407315013,-0.03397068711421569,4,stop
084370,2021-11-23,2021-11-24,54800.0,53156.0,28,-52184.5734424002,-0.03397068711421569,1,stop
240810,2021-11-23,2021-11-24,44000.0,42680.0,35,-52375.02808999992,-0.03397068711421558,1,stop
319660,2021-11-23,2021-11-24,24975.0,24225.75,62,-52662.41054932517,-0.03397068711421569,1,stop
178320,2021-11-24,2021-11-25,22203.0,21536.91,68,-51348.06942233397,-0.03397068711421558,1,stop
031980,2021-11-24,2021-11-25,13100.0,12707.0,116,-51681.229016599944,-0.03397068711421558,1,stop
080220,2021-11-24,2021-11-25,6570.0,6372.9,231,-51615.590182695305,-0.0339706871142158,1,stop
237690,2021-11-25,2021-11-26,101300.0,116494.99999999999,14,206290.79408349958,0.14529248434912545,1,target
357780,2021-11-25,2021-11-26,283000.0,274510.0,5,-48123.80827749986,-0.03397068711421547,1,stop
000990,2021-11-22,2021-11-29,72400.0,73500.0,20,16000.949300000211,0.011037684358164324,5,time
218410,2021-11-25,2021-11-29,33650.0,32640.5,44,-50354.848435099935,-0.03397068711421558,2,stop
036930,2021-11-25,2021-11-29,16600.0,16102.0,89,-50246.01720790006,-0.03397068711421558,2,stop
003670,2021-11-26,2021-11-29,159452.0,154668.44,9,-48806.31611107779,-0.03397068711421547,1,stop
100790,2021-11-26,2021-11-29,8617.0,8358.49,181,-53044.238108004676,-0.03397068711421569,1,stop
226950,2021-11-29,2021-11-30,40900.0,39673.0,35,-48684.96929275012,-0.03397068711421569,1,stop
357780,2021-11-29,2021-11-30,265500.0,257535.0,5,-45147.95440874994,-0.03397068711421558,1,stop
007660,2021-11-30,2021-12-01,5153.0,4998.41,284,-49771.64909634204,-0.03397068711421558,1,stop
237690,2021-11-29,2021-12-02,116000.0,133400.0,12,202479.7527600003,0.14529248434912612,3,target
064760,2021-12-02,2021-12-03,150900.0,146373.0,9,-46188.6530188499,-0.03397068711421547,1,stop
036930,2021-12-03,2021-12-07,19750.0,19157.5,74,-49705.262047749944,-0.03397068711421558,2,stop
237690,2021-12-06,2021-12-07,127300.0,123481.0,11,-47623.864827550016,-0.03397068711421558,1,stop
095340,2021-12-06,2021-12-08,31350.0,30409.5,47,-50111.67866182537,-0.0339706871142158,2,stop
131290,2021-12-03,2021-12-10,66400.0,66400.0,22,-5986.650559999747,-0.00409349187032515,5,time
080220,2021-12-07,2021-12-10,6680.0,6479.599999999999,217,-49299.18553125998,-0.03397068711421558,3,stop
298380,2021-12-08,2021-12-10,23150.0,22455.5,62,-48814.20637504989,-0.03397068711421547,2,stop
180640,2021-12-06,2021-12-13,59300.0,64300.0,24,113813.67575999978,0.07987838908495903,5,time
226950,2021-12-10,2021-12-13,43400.0,42098.0,32,-47232.75260479981,-0.03397068711421547,1,stop
141080,2021-12-10,2021-12-13,58700.0,56939.0,24,-47912.94777479977,-0.03397068711421547,1,stop
196170,2021-12-07,2021-12-14,68398.0,70483.0,21,37769.43727515009,0.026265072260941214,5,time
108490,2021-12-14,2021-12-15,15678.0,15207.66,92,-49054.859426195966,-0.03397068711421558,1,stop
082740,2021-12-14,2021-12-15,6793.0,6589.21,214,-49440.053950967034,-0.03397068711421558,1,stop
043260,2021-12-14,2021-12-15,1625.0,1576.25,895,-49462.942518437514,-0.03397068711421558,1,stop
079550,2021-12-10,2021-12-17,62300.0,60431.0,22,-46613.775000100024,-0.03397068711421558,5,stop
298380,2021-12-13,2021-12-17,22750.0,22067.5,63,-48744.48637012509,-0.03397068711421569,4,stop
011070,2021-12-16,2021-12-17,332000.0,322040.0,4,-45164.959287999896,-0.03397068711421547,1,stop
003230,2021-12-16,2021-12-17,97200.0,94284.0,14,-46280.47936680005,-0.03397068711421558,1,stop
108490,2021-12-17,2021-12-20,18161.0,17616.17,75,-46323.841808887664,-0.03397068711421569,1,stop
277810,2021-12-17,2021-12-20,22650.0,21970.5,60,-46219.26180149987,-0.03397068711421547,1,stop
058610,2021-12-17,2021-12-20,11800.0,11446.0,115,-46151.24228449981,-0.03397068711421547,1,stop
307950,2021-12-15,2021-12-22,126000.0,129500.0,11,32706.394874999998,0.023570577799943315,5,time
336260,2021-12-20,2021-12-22,52100.0,50537.0,25,-44297.71044624969,-0.03397068711421536,2,stop
237690,2021-12-21,2021-12-22,141500.0,137255.0,9,-43311.427449750016,-0.03397068711421558,1,stop
005290,2021-12-21,2021-12-22,36500.0,41975.0,36,191133.9045450003,0.14529248434912612,1,target
277810,2021-12-22,2021-12-23,25000.0,24250.0,55,-46763.41793749994,-0.03397068711421558,1,stop
031980,2021-12-22,2021-12-23,14450.0,14016.5,95,-46686.895980874775,-0.03397068711421547,1,stop
108490,2021-12-22,2021-12-23,18989.0,18419.329999999998,72,-46498.413899268024,-0.03397068711421558,1,stop
131290,2021-12-22,2021-12-23,74100.0,71877.0,18,-45362.21588729974,-0.03397068711421536,1,stop
138040,2021-12-21,2021-12-28,36950.0,42000.0,36,175812.6188699999,0.13201822304320254,5,time
047050,2021-12-23,2021-12-28,23050.0,22358.5,57,-44683.72120522498,-0.03397068711421558,3,stop
007660,2021-12-24,2021-12-29,5931.0,6820.65,226,194974.91054455494,0.1452924843491259,3,target
108490,2021-12-28,2021-12-29,21959.0,21300.23,63,-47049.67807479459,-0.03397068711421569,1,stop
353200,2021-12-23,2021-12-30,22800.0,24900.0,58,116021.46782999975,0.08763473914161812,5,time
005290,2021-12-24,2021-12-30,44100.0,50714.99999999999,30,192443.04087749985,0.14529248434912567,4,target
086520,2021-12-29,2021-12-30,23286.0,22587.42,62,-49100.976658722386,-0.0339706871142158,1,stop
066970,2021-12-29,2022-01-03,223800.0,217086.0,6,-45668.30371380015,-0.03397068711421569,2,stop
108490,2022-01-03,2022-01-04,24491.0,28164.649999999998,59,210184.6019151325,0.1452924843491259,1,target
007660,2022-01-03,2022-01-04,7156.0,6941.32,203,-49404.8878606779,-0.03397068711421547,1,stop
031980,2021-12-28,2022-01-05,16850.0,16344.5,82,-46991.28331944998,-0.03397068711421558,5,stop
277810,2022-01-04,2022-01-05,27500.0,26675.0,55,-51439.759731249884,-0.03397068711421547,1,stop
079550,2021-12-30,2022-01-06,68700.0,66639.0,21,-49065.87858795002,-0.03397068711421558,4,stop
319400,2022-01-04,2022-01-06,3910.0,3792.7,392,-52127.437048119726,-0.03397068711421536,2,stop
138040,2022-01-05,2022-01-06,47800.0,46366.0,29,-47144.32723270031,-0.0339706871142158,1,stop
058610,2022-01-05,2022-01-06,13400.0,12998.0,105,-47851.73020949983,-0.03397068711421547,1,stop
096770,2021-12-30,2022-01-07,235163.0,243036.0,6,41316.26997449994,0.029248368620078846,5,time
267270,2022-01-06,2022-01-07,46200.0,44814.0,30,-47137.52528099995,-0.03397068711421558,1,stop
032820,2022-01-06,2022-01-07,1830.0,1775.1,764,-47549.72355402005,-0.03397068711421558,1,stop
082740,2022-01-07,2022-01-11,7412.0,7189.639999999999,189,-47643.18237037794,-0.03397068711421558,2,stop
319400,2022-01-10,2022-01-11,3740.0,4301.0,380,206727.17286099982,0.14529248434912567,1,target
051910,2022-01-10,2022-01-11,732000.0,710040.0,1,-24895.143221999984,-0.03397068711421558,1,stop
267270,2022-01-11,2022-01-12,46800.0,45396.0,31,-49341.3576318,-0.03397068711421558,1,stop
329180,2022-01-06,2022-01-13,102500.0,105500.0,13,33424.17455000011,0.025054991294445772,5,time
032820,2022-01-11,2022-01-13,2155.0,2090.35,677,-49618.02701719757,-0.03397068711421558,2,stop
043260,2022-01-12,2022-01-13,1790.0,1736.3,800,-48701.974172000075,-0.03397068711421569,1,stop
005830,2022-01-07,2022-01-14,59700.0,64600.0,23,106740.51634500013,0.0776475783111723,5,time
298380,2022-01-13,2022-01-14,28850.0,27984.5,48,-47096.71357079991,-0.03397068711421547,1,stop
051910,2022-01-13,2022-01-14,766000.0,743020.0,1,-26051.475010999944,-0.03397068711421547,1,stop
010950,2022-01-11,2022-01-17,96100.0,93217.0,15,-49025.06687774998,-0.03397068711421558,4,stop
138040,2022-01-14,2022-01-17,53900.0,52283.0,25,-45828.14957875013,-0.03397068711421569,1,stop
009830,2022-01-14,2022-01-18,48531.0,47075.07,28,-46214.772513377946,-0.03397068711421558,2,stop
011070,2022-01-17,2022-01-18,375000.0,363750.0,3,-38260.978312500054,-0.03397068711421558,1,stop
298380,2022-01-17,2022-01-19,29850.0,28954.5,46,-46698.799396349816,-0.03397068711421547,2,stop
084370,2022-01-18,2022-01-19,54000.0,52380.0,24,-44076.64701599977,-0.03397068711421536,1,stop
316140,2022-01-13,2022-01-20,14800.0,14800.0,93,-5640.762480000034,-0.004093491870325372,5,time
096770,2022-01-19,2022-01-20,268618.0,260559.46,4,-36542.53323501197,-0.03397068711421558,1,stop
095340,2022-01-19,2022-01-20,35350.0,34289.5,37,-44483.06363007496,-0.03397068711421558,1,stop
000990,2022-01-14,2022-01-21,81200.0,78764.0,17,-46947.0706334,-0.03397068711421558,5,stop
298380,2022-01-21,2022-01-24,32050.0,31088.5,41,-44690.523156925105,-0.03397068711421569,1,stop
078600,2022-01-21,2022-01-24,104100.0,100977.0,12,-42484.990318200085,-0.03397068711421569,1,stop
222800,2022-02-03,2022-02-04,47900.0,46463.0,27,-43984.82066805009,-0.03397068711421569,1,stop
298040,2022-02-04,2022-02-07,55300.0,53641.0,23,-43257.01183614996,-0.03397068711421558,1,stop
131970,2022-02-07,2022-02-08,51600.0,50052.0,24,-42117.684926400194,-0.03397068711421569,1,stop
100790,2022-02-08,2022-02-09,9620.0,9331.4,133,-43514.12561041,-0.03397068711421558,1,stop
326030,2022-02-09,2022-02-10,88700.0,86039.0,14,-42233.31810530019,-0.03397068711421569,1,stop
323410,2022-02-09,2022-02-10,45250.0,43892.5,28,-43090.36401949986,-0.03397068711421547,1,stop
108490,2022-02-07,2022-02-11,25319.0,24559.43,50,-43054.65377307497,-0.03397068711421558,4,stop
267260,2022-02-09,2022-02-11,19700.0,19109.0,64,-42879.5035168,-0.03397068711421558,2,stop
003230,2022-02-10,2022-02-11,97100.0,94187.0,12,-39628.17060419987,-0.03397068711421547,1,stop
028050,2022-02-10,2022-02-11,24300.0,23571.0,50,-41321.8565775,-0.03397068711421558,1,stop
003490,2022-02-07,2022-02-14,29550.0,29900.0,43,9798.254017499974,0.0077023550956776266,5,time
090430,2022-02-11,2022-02-14,177500.0,172175.0,6,-36220.39280249982,-0.03397068711421547,1,stop
086790,2022-02-14,2022-02-16,50600.0,49082.0,24,-41301.4507224001,-0.03397068711421569,2,stop
100790,2022-02-11,2022-02-18,9460.0,10000.0,127,63454.16328700003,0.05275529400599854,5,time
105560,2022-02-11,2022-02-18,64700.0,63700.0,18,-22719.698819999816,-0.019486173603395884,5,time
323410,2022-02-18,2022-02-22,48550.0,47093.5,25,-41279.34437937499,-0.03397068711421558,2,stop
031980,2022-02-18,2022-02-22,15350.0,14889.5,80,-41763.98343799985,-0.03397068711421547,2,stop
011200,2022-02-18,2022-02-22,27350.0,31452.499999999996,45,179024.3934693751,0.1452924843491259,2,target
090430,2022-02-16,2022-02-23,184000.0,185500.0,6,4449.054750000127,0.00402531118507965,5,time
083650,2022-02-22,2022-02-23,4200.0,4830.0,304,185722.80770400004,0.1452924843491259,1,target
007660,2022-02-22,2022-02-24,7137.0,6922.889999999999,179,-43448.24870819552,-0.03397068711421558,2,stop
214150,2022-02-18,2022-02-25,18000.0,18750.0,68,45833.45265000011,0.037402612635077936,5,time
042660,2022-02-24,2022-02-25,23587.0,22879.39,59,-47329.1022506305,-0.03397068711421558,1,stop
034020,2022-02-22,2022-02-28,18500.0,21275.0,69,185679.16982625006,0.1452924843491259,4,target
222800,2022-02-23,2022-03-03,48600.0,53200.0,26,114068.92769999988,0.09016926404318282,5,time
352820,2022-02-23,2022-03-03,282500.0,278500.0,4,-20583.797199999914,-0.01819482295888708,5,time
083650,2022-02-25,2022-03-03,4650.0,5347.5,283,191417.55075037503,0.1452924843491259,3,target
047040,2022-02-25,2022-03-07,6180.0,7020.0,213,172997.91030599992,0.13127244127351378,5,time
036930,2022-03-03,2022-03-07,27300.0,26481.0,48,-44566.38753840001,-0.03397068711421558,2,stop
086520,2022-03-03,2022-03-07,18122.0,17578.34,73,-44991.71357820113,-0.03397068711421569,2,stop
042660,2022-02-28,2022-03-08,22654.0,22965.0,64,13903.522153599886,0.009578571519289092,5,time
000150,2022-03-07,2022-03-08,126500.0,122705.0,10,-43022.344502500026,-0.03397068711421558,1,stop
079550,2022-03-07,2022-03-08,76000.0,73720.0,17,-43940.60798199987,-0.03397068711421547,1,stop
032820,2022-03-07,2022-03-08,2155.0,2090.35,634,-46466.51274579484,-0.03397068711421547,1,stop
012450,2022-03-03,2022-03-10,54598.0,52960.06,24,-44564.75506999204,-0.03397068711421558,4,stop
028050,2022-03-08,2022-03-10,26750.0,25947.5,50,-45488.0519937498,-0.03397068711421547,1,stop
047050,2022-03-08,2022-03-10,23000.0,22310.0,59,-46151.24228449981,-0.03397068711421547,1,stop
010950,2022-03-08,2022-03-10,94000.0,91180.0,14,-44756.842185999965,-0.03397068711421558,1,stop
307950,2022-03-10,2022-03-14,122500.0,118825.0,10,-41661.95416249987,-0.03397068711421547,2,stop
196170,2022-03-11,2022-03-14,50047.0,48545.59,26,-44254.24597488716,-0.03397068711421569,1,stop
011200,2022-03-08,2022-03-15,33400.0,32398.0,40,-45437.03735599993,-0.03397068711421558,4,stop
032820,2022-03-14,2022-03-15,2600.0,2522.0,490,-43328.43232899974,-0.03397068711421536,1,stop
267270,2022-03-14,2022-03-15,39450.0,38266.5,32,-42933.91913039982,-0.03397068711421547,1,stop
214370,2022-03-16,2022-03-17,11760.0,11407.199999999999,108,-43195.11407568003,-0.03397068711421558,1,stop
000720,2022-03-11,2022-03-18,48600.0,48450.0,27,-9415.718437500065,-0.007167277389244164,5,time
032820,2022-03-17,2022-03-18,2580.0,2502.6,495,-43433.862580350135,-0.03397068711421569,1,stop
214150,2022-03-14,2022-03-21,20700.0,21350.0,61,34358.31267750007,0.02717893471345678,5,time
323410,2022-03-16,2022-03-21,53100.0,51507.0,23,-41536.1180560498,-0.03397068711421547,3,stop
141080,2022-03-15,2022-03-22,49000.0,50200.0,25,24891.263500000117,0.02029605526754441,5,time
028300,2022-03-18,2022-03-22,30180.0,29274.6,42,-43109.40948426002,-0.03397068711421558,2,stop
237690,2022-03-21,2022-03-22,111800.0,108446.0,11,-41825.201003300026,-0.03397068711421558,1,stop
180640,2022-03-22,2022-03-24,60100.0,58297.0,20,-40879.72971699992,-0.03397068711421547,2,stop
058610,2022-03-18,2022-03-25,12850.0,13750.0,98,82779.11872999999,0.06565871492474917,5,time
353200,2022-03-21,2022-03-28,26450.0,29100.0,47,119088.1430424999,0.09568542104247757,5,time
011070,2022-03-22,2022-03-28,403000.0,390910.0,3,-41117.798026499804,-0.03397068711421547,4,stop
214370,2022-03-24,2022-03-28,13780.0,15846.999999999998,87,174385.68706454965,0.14529248434912545,2,target
051910,2022-03-25,2022-03-28,536000.0,519920.0,2,-36458.4611119997,-0.03397068711421536,1,stop
005290,2022-03-22,2022-03-29,38050.0,40250.0,32,65202.48895999999,0.05348848757475433,5,time
180640,2022-03-28,2022-03-29,63900.0,61983.0,20,-43464.47136299964,-0.03397068711421536,1,stop
047810,2022-03-29,2022-03-30,45100.0,43747.0,33,-50616.7235755499,-0.03397068711421547,1,stop
329180,2022-03-29,2022-03-30,122500.0,118825.0,12,-49994.3449949997,-0.03397068711421536,1,stop
373220,2022-03-28,2022-04-01,439000.0,425830.0,2,-29860.567963000038,-0.03397068711421558,4,stop
003670,2022-03-28,2022-04-04,113893.0,118741.0,11,48036.467171000084,0.038298531795858404,5,time
083650,2022-03-28,2022-04-04,5900.0,6330.0,221,89406.20382850012,0.06848952482387127,5,time
214370,2022-03-30,2022-04-04,18800.0,18236.0,77,-49232.526404600125,-0.03397068711421569,3,stop
001440,2022-04-01,2022-04-04,17758.0,17225.26,48,-28989.37398926413,-0.03397068711421569,1,stop
087010,2022-03-30,2022-04-06,9836.0,9739.0,148,-20279.542283799965,-0.013914855360420697,5,time
001440,2022-04-06,2022-04-07,17757.0,17224.29,72,-43481.61228128383,-0.03397068711421547,1,stop
058610,2022-04-06,2022-04-07,15250.0,14792.5,84,-43566.50063850009,-0.03397068711421569,1,stop
086520,2022-04-06,2022-04-07,19093.0,18520.21,67,-43506.33737571351,-0.03397068711421558,1,stop
178320,2022-04-04,2022-04-11,19724.0,19600.0,62,-12676.974993199809,-0.01035451433068213,5,time
247540,2022-04-11,2022-04-12,116573.0,113075.81,10,-39646.19577620481,-0.03397068711421547,1,stop
003670,2022-04-11,2022-04-12,134249.0,130221.53,9,-41091.984619798604,-0.03397068711421569,1,stop
086520,2022-04-11,2022-04-12,18751.0,18188.47,66,-42089.32078781095,-0.03397068711421558,1,stop
003230,2022-04-06,2022-04-13,104000.0,104500.0,12,867.7580999999773,0.0006945201879904328,5,time
214370,2022-04-11,2022-04-13,22100.0,25414.999999999996,56,180020.79167799978,0.14529248434912567,2,target
066570,2022-04-14,2022-04-18,128000.0,124160.0,9,-39179.2417919999,-0.03397068711421547,2,stop
095340,2022-04-12,2022-04-19,32650.0,34650.0,36,66970.71611999976,0.05691150097069597,5,time
009540,2022-04-18,2022-04-19,98100.0,95157.0,12,-40036.28770620003,-0.03397068711421558,1,stop
329180,2022-04-15,2022-04-20,139500.0,160425.0,9,182624.51838375,0.1452924843491259,3,target
006260,2022-04-15,2022-04-22,59000.0,59400.0,22,3454.593560000183,0.002658416659367502,5,time
010140,2022-04-15,2022-04-22,6110.0,6150.0,215,3191.046340000117,0.0024263543367430973,5,time
000250,2022-04-19,2022-04-22,39700.0,38509.0,30,-40505.62237349991,-0.03397068711421547,3,stop
047050,2022-04-20,2022-04-25,24850.0,24104.5,59,-49863.407424775185,-0.03397068711421569,3,stop
131970,2022-04-19,2022-04-26,46700.0,48900.0,25,50053.20875000022,0.042822874679681044,5,time
095340,2022-04-25,2022-04-28,37000.0,35890.0,35,-44042.63725749985,-0.03397068711421547,3,stop
064760,2022-04-25,2022-05-02,135000.0,140300.0,9,42580.06501500029,0.035005059930321325,5,time
068270,2022-04-29,2022-05-04,155077.0,150424.69,8,-42193.05055123614,-0.03397068711421569,3,stop
000250,2022-04-28,2022-05-06,44250.0,42922.5,29,-43643.02259512502,-0.03397068711421558,5,stop
237690,2022-05-03,2022-05-06,103100.0,100007.0,12,-42076.873216200154,-0.03397068711421569,2,stop
247540,2022-05-04,2022-05-06,128977.0,125107.69,10,-43864.76622054493,-0.03397068711421558,1,stop
079550,2022-05-03,2022-05-09,85800.0,83226.0,15,-43770.55918949982,-0.03397068711421547,3,stop
086520,2022-05-06,2022-05-09,16997.0,16487.09,72,-41620.598296163604,-0.03397068711421525,1,stop
086280,2022-05-03,2022-05-10,104290.0,101161.3,12,-42562.53256758,-0.03397068711421558,4,stop
267260,2022-05-06,2022-05-10,24000.0,23280.0,51,-41627.94440399995,-0.03397068711421558,2,stop
001440,2022-05-09,2022-05-10,20892.0,20265.239999999998,58,-41210.848725756165,-0.03397068711421569,1,stop
336260,2022-05-09,2022-05-10,39050.0,37878.5,31,-41170.51315217465,-0.03397068711421525,1,stop
047810,2022-05-10,2022-05-11,48150.0,46705.5,24,-39301.67692260002,-0.03397068711421558,1,stop
078930,2022-05-10,2022-05-11,47450.0,46026.5,25,-40344.076020624954,-0.03397068711421558,1,stop
267270,2022-05-06,2022-05-12,39500.0,38315.0,31,-41644.94928324991,-0.03397068711421547,4,stop
336260,2022-05-12,2022-05-13,38800.0,37636.0,30,-39587.35889400006,-0.03397068711421569,1,stop
028300,2022-05-13,2022-05-16,34980.0,40227.0,33,167909.82600645022,0.14529248434912612,1,target
298040,2022-05-11,2022-05-18,60200.0,60000.0,19,-8476.318569999887,-0.007402151365772713,5,time
357780,2022-05-18,2022-05-19,267400.0,259378.0,4,-36376.837691600085,-0.03397068711421569,1,stop
066970,2022-05-19,2022-05-20,239200.0,275080.0,5,173969.67262999993,0.1452924843491259,1,target
080220,2022-05-20,2022-05-23,5980.0,5800.599999999999,212,-43116.21143596014,-0.03397068711421569,1,stop
000990,2022-05-17,2022-05-24,71500.0,69800.0,16,-31808.15383999981,-0.027772387867813997,5,time
066970,2022-05-23,2022-05-24,277000.0,268690.0,4,-37682.81241799984,-0.03397068711421547,1,stop
028300,2022-05-18,2022-05-25,42245.0,43637.0,28,34013.49995119986,0.028722269978804782,5,time
078600,2022-05-20,2022-05-25,96500.0,93605.0,13,-42665.24203824974,-0.03397068711421536,3,stop
357780,2022-05-24,2022-05-25,271400.0,263258.0,4,-36920.99382760003,-0.03397068711421558,1,stop
277810,2022-05-25,2022-05-26,22600.0,21922.0,52,-39968.26818919997,-0.03397068711421558,1,stop
087010,2022-05-20,2022-05-27,9884.0,9981.0,128,7194.551084799925,0.005680175803549403,5,time
058610,2022-05-26,2022-05-27,18800.0,18236.0,62,-39641.77450759988,-0.03397068711421547,1,stop
226950,2022-05-24,2022-05-30,23000.0,22310.0,50,-39111.22227499983,-0.03397068711421547,4,stop
007660,2022-05-27,2022-05-30,7915.0,7677.55,155,-41724.021971762646,-0.03397068711421569,1,stop
011200,2022-05-30,2022-05-31,34000.0,32980.0,34,-39315.28082600003,-0.03397068711421558,1,stop
000250,2022-05-25,2022-06-02,43700.0,43600.0,27,-7527.506444999948,-0.006372454131491567,5,time
377300,2022-05-26,2022-06-03,101000.0,107500.0,11,66736.11422500014,0.05999950122712905,5,time
009830,2022-05-27,2022-06-07,44040.0,50645.99999999999,27,172963.09224989987,0.14529248434912567,5,target
267270,2022-06-07,2022-06-08,46050.0,44668.5,28,-43852.1826098999,-0.03397068711421547,1,stop
267260,2022-06-07,2022-06-09,24500.0,23765.0,53,-44161.671412249794,-0.03397068711421547,2,stop
010170,2022-06-08,2022-06-09,2294.0,2225.18,548,-42754.075527452165,-0.03397068711421569,1,stop
010950,2022-06-02,2022-06-10,114000.0,121500.0,10,70106.94825000013,0.061426673138206045,5,time
006260,2022-06-02,2022-06-10,66900.0,64893.0,17,-38679.29834204982,-0.03397068711421547,5,stop
068270,2022-06-02,2022-06-10,141785.0,141343.0,8,-8174.08199119987,-0.007198126892318468,5,time
226950,2022-06-10,2022-06-13,26400.0,25608.0,44,-39505.73547359998,-0.03397068711421558,1,stop
096770,2022-06-09,2022-06-14,236148.0,229063.56,5,-40156.68225128995,-0.03397068711421558,3,stop
329180,2022-06-10,2022-06-14,132500.0,128525.0,8,-36050.34400999977,-0.03397068711421536,2,stop
047810,2022-06-10,2022-06-14,57800.0,56066.0,20,-39315.28082600003,-0.03397068711421558,2,stop
064350,2022-06-09,2022-06-15,21250.0,20612.5,58,-41917.02735124971,-0.03397068711421536,4,stop
247540,2022-06-15,2022-06-16,135379.0,131317.63,8,-36833.656767772045,-0.03397068711421558,1,stop
226950,2022-06-15,2022-06-17,24900.0,24153.0,45,-38107.93439924996,-0.03397068711421558,2,stop
226950,2022-06-21,2022-06-22,27100.0,26287.0,41,-37788.24266935,-0.03397068711421558,1,stop
257720,2022-06-22,2022-06-23,2858.0,2772.2599999999998,394,-38296.756578442175,-0.03397068711421569,1,stop
196170,2022-06-21,2022-06-28,49213.0,50631.0,22,26666.96886699996,0.02460208508145323,5,time
257720,2022-06-27,2022-06-28,3258.0,3160.2599999999998,355,-39335.34658351494,-0.03397068711421558,1,stop
141080,2022-06-23,2022-06-29,39950.0,38751.5,28,-38043.31585809984,-0.03397068711421547,4,stop
083650,2022-06-28,2022-06-29,6200.0,7129.999999999999,179,161431.0557565,0.1452924843491259,1,target
003230,2022-06-23,2022-06-30,97200.0,101500.0,11,42778.76179499994,0.039964100567509986,5,time
267260,2022-06-24,2022-07-01,23000.0,25000.0,49,93092.41969999997,0.08250707405399416,5,time
298040,2022-06-29,2022-07-01,64200.0,62274.0,18,-39301.67692260002,-0.03397068711421558,2,stop
257720,2022-06-30,2022-07-01,3533.0,4062.95,329,169075.9755595224,0.14529248434912567,1,target
083650,2022-07-01,2022-07-04,7070.0,8130.499999999999,173,177913.0821826749,0.1452924843491259,1,target
087010,2022-07-01,2022-07-04,9739.0,9446.83,125,-41402.629753937246,-0.03397068711421536,1,stop
000720,2022-07-01,2022-07-04,42000.0,40740.0,29,-41423.885852999985,-0.03397068711421558,1,stop
068270,2022-06-28,2022-07-05,154635.0,162168.0,7,48139.47027645027,0.044421810135953255,5,time
034020,2022-06-29,2022-07-05,18450.0,17896.5,64,-40158.72283679969,-0.03397068711421536,4,stop
257720,2022-07-04,2022-07-05,4225.0,4098.25,297,-42676.29520976264,-0.03397068711421569,1,stop
032820,2022-07-04,2022-07-05,2305.0,2235.85,544,-42645.516378320055,-0.03397068711421558,1,stop
047810,2022-07-04,2022-07-05,57300.0,55581.0,21,-40923.94240304991,-0.03397068711421547,1,stop
257720,2022-07-07,2022-07-08,4424.0,4291.28,267,-40172.59881826816,-0.03397068711421569,1,stop
042700,2022-07-12,2022-07-13,13600.0,13192.0,86,-39777.813541600015,-0.03397068711421558,1,stop
087010,2022-07-12,2022-07-13,9981.0,9681.57,118,-40055.26515144319,-0.03397068711421569,1,stop
141080,2022-07-07,2022-07-14,45100.0,45950.0,26,17229.298775000032,0.014676364713049894,5,time
064760,2022-07-12,2022-07-14,117000.0,113490.0,10,-39791.41744500003,-0.03397068711421558,2,stop
145020,2022-07-13,2022-07-15,119000.0,115430.0,9,-36424.45135349978,-0.03397068711421536,2,stop
028300,2022-07-11,2022-07-18,36282.0,35193.54,32,-39486.14585270407,-0.03397068711421569,5,stop
086520,2022-07-18,2022-07-19,15320.0,14860.4,74,-38556.183016279945,-0.03397068711421558,1,stop
064350,2022-07-20,2022-07-21,20650.0,20030.5,54,-37924.281703350134,-0.03397068711421569,1,stop
108490,2022-07-20,2022-07-25,19914.0,19316.579999999998,56,-37927.13852306409,-0.03397068711421569,3,stop
086520,2022-07-21,2022-07-26,17302.0,16782.94,67,-39425.26838498935,-0.033970687114215914,3,stop
080220,2022-07-20,2022-07-27,4910.0,5040.0,230,25183.756045000162,0.022274704882599083,5,time
079550,2022-07-20,2022-07-27,75000.0,81500.0,15,92602.0901250001,0.0822184055009132,5,time
078600,2022-07-20,2022-07-27,71400.0,72400.0,15,10566.607050000224,0.009854778551659171,5,time
214370,2022-07-26,2022-07-27,23080.0,26541.999999999996,49,164503.16235009977,0.14529248434912567,1,target
352820,2022-07-27,2022-07-28,171000.0,165870.0,6,-34894.012220999924,-0.03397068711421547,1,stop
012450,2022-07-27,2022-07-29,53071.0,61031.649999999994,22,169833.09273848496,0.1452924843491259,2,target
064350,2022-07-25,2022-08-01,24450.0,25900.0,44,59203.070849999785,0.05496844828460401,5,time
010170,2022-07-27,2022-08-03,2080.0,2204.0,571,65727.91609179974,0.0552778576527897,5,time
009830,2022-07-29,2022-08-04,53709.0,52097.729999999996,22,-40185.86262408295,-0.03397068711421558,4,stop
012450,2022-08-01,2022-08-04,64989.0,63039.33,19,-41994.94370797346,-0.03397068711421558,3,stop
214370,2022-07-29,2022-08-05,28020.0,28700.0,44,24779.205528000137,0.020075545443314358,5,time
003670,2022-07-29,2022-08-05,130856.0,132311.0,9,8229.928752450272,0.0069800849570933465,5,time
082740,2022-08-04,2022-08-05,8048.0,7806.5599999999995,145,-39688.02777916007,-0.03397068711421569,1,stop
377300,2022-08-05,2022-08-08,74200.0,71974.0,16,-40376.38529120013,-0.03397068711421569,1,stop
277810,2022-08-05,2022-08-09,29100.0,28227.0,41,-40577.04286634992,-0.03397068711421547,2,stop
058610,2022-08-03,2022-08-10,16500.0,17350.0,76,59270.413170000305,0.04721078279090052,5,time
161390,2022-08-04,2022-08-11,38550.0,39500.0,30,23676.41227500001,0.020448951261274884,5,time
237690,2022-08-05,2022-08-12,106800.0,110000.0,11,30281.66328000021,0.02574640350434665,5,time
196170,2022-08-09,2022-08-12,62475.0,60600.75,18,-38245.673921174835,-0.03397068711421547,3,stop
086520,2022-08-08,2022-08-16,21935.0,22526.0,53,26466.275328849908,0.022739457585094547,5,time
083650,2022-08-12,2022-08-16,8870.0,8603.9,132,-39819.98564214003,-0.03397068711421558,1,stop
010170,2022-08-10,2022-08-17,2652.0,2572.44,513,-46269.460205045994,-0.03397068711421558,4,stop
000150,2022-08-16,2022-08-17,84600.0,82062.0,13,-37403.93239829992,-0.03397068711421547,1,stop
336260,2022-08-12,2022-08-18,40200.0,38994.0,29,-39648.57645929977,-0.03397068711421536,3,stop
082740,2022-08-17,2022-08-18,9000.0,8730.0,136,-41627.94440399995,-0.03397068711421558,1,stop
310210,2022-08-17,2022-08-18,37471.0,36346.87,32,-40780.14914411213,-0.03397068711421569,1,stop
010130,2022-08-11,2022-08-19,565000.0,587000.0,2,39239.31980000017,0.034685168623219687,5,time
277810,2022-08-18,2022-08-19,31900.0,30943.0,36,-39056.80666140001,-0.03397068711421558,1,stop
047050,2022-08-16,2022-08-22,24350.0,28002.499999999996,47,166471.23063662462,0.14529248434912545,4,target
058470,2022-08-19,2022-08-22,28953.0,28084.41,39,-38402.69697616948,-0.03397068711421558,1,stop
108490,2022-08-19,2022-08-22,23810.0,23095.7,48,-38869.07279448025,-0.0339706871142158,1,stop
100790,2022-08-19,2022-08-22,6700.0,6499.0,172,-39192.845695400145,-0.03397068711421569,1,stop
095340,2022-08-19,2022-08-23,36300.0,35211.0,31,-38271.181240050355,-0.033970687114215914,2,stop
064350,2022-08-25,2022-08-26,31450.0,30506.5,37,-39575.45547852502,-0.03397068711421558,1,stop
267260,2022-08-25,2022-08-26,33300.0,32301.0,35,-39638.373531749705,-0.03397068711421536,1,stop
083650,2022-08-26,2022-08-29,9510.0,9224.699999999999,122,-39458.80200687051,-0.033970687114216025,1,stop
218410,2022-08-26,2022-08-29,25500.0,24735.0,45,-39026.19787874981,-0.03397068711421547,1,stop
010950,2022-08-24,2022-08-31,101500.0,98455.0,11,-37971.895365250064,-0.03397068711421569,5,stop
064350,2022-08-29,2022-08-31,29950.0,29051.5,37,-37687.91388177499,-0.03397068711421558,2,stop
267260,2022-08-30,2022-08-31,34150.0,33125.5,34,-39488.73059434979,-0.03397068711421536,1,stop
079550,2022-08-25,2022-09-01,101000.0,103000.0,11,17382.042700000107,0.01562742908273762,5,time
001440,2022-08-31,2022-09-01,18302.0,17752.94,59,-36724.34940395318,-0.03397068711421569,1,stop
083650,2022-09-01,2022-09-02,11300.0,10961.0,97,-37278.096291849855,-0.03397068711421547,1,stop
010130,2022-09-01,2022-09-02,666000.0,646020.0,1,-22650.499161000014,-0.03397068711421558,1,stop
009830,2022-08-29,2022-09-05,62255.0,63503.0,18,17805.37306680018,0.01587103021056535,5,time
078600,2022-08-31,2022-09-05,98000.0,95060.0,11,-36662.519662999664,-0.03397068711421525,3,stop
226950,2022-09-06,2022-09-07,23350.0,22649.5,46,-36529.88160484983,-0.03397068711421547,1,stop
218410,2022-09-01,2022-09-08,25350.0,26400.0,43,40549.65263250028,0.03715707355516429,5,time
010170,2022-09-13,2022-09-14,2699.0,2618.0299999999997,403,-36992.31229117466,-0.03397068711421569,1,stop
086520,2022-09-13,2022-09-14,24392.0,23660.239999999998,44,-36500.90529060818,-0.0339706871142158,1,stop
214370,2022-09-07,2022-09-16,28720.0,29720.0,37,32536.010901999893,0.030582918579872054,5,time
277810,2022-09-14,2022-09-16,33200.0,38180.0,32,154536.27107200003,0.1452924843491259,2,target
403870,2022-09-14,2022-09-16,16725.0,16223.25,64,-36404.045498399995,-0.03397068711421558,2,stop
108490,2022-09-15,2022-09-16,23177.0,22481.69,47,-37047.47611946147,-0.03397068711421558,1,stop
086520,2022-09-16,2022-09-19,28013.0,27172.61,39,-37155.89922955958,-0.03397068711421569,1,stop
058610,2022-09-16,2022-09-19,20550.0,19933.5,53,-37041.728470274946,-0.03397068711421558,1,stop
402340,2022-09-14,2022-09-20,41750.0,40497.5,25,-35497.68543437496,-0.03397068711421558,4,stop
277810,2022-09-19,2022-09-20,36000.0,34920.0,30,-36730.53917999973,-0.03397068711421536,1,stop
108490,2022-09-19,2022-09-20,22836.0,22150.92,47,-36502.40171998204,-0.03397068711421558,1,stop
000150,2022-09-19,2022-09-20,84500.0,81965.0,12,-34485.89511899988,-0.03397068711421547,1,stop
214150,2022-09-19,2022-09-20,15600.0,15132.0,69,-36608.10404939996,-0.03397068711421558,1,stop
058610,2022-09-21,2022-09-22,21750.0,21097.5,47,-34766.475626625004,-0.03397068711421558,1,stop
000150,2022-09-22,2022-09-23,91400.0,88658.0,11,-34193.41119589994,-0.03397068711421558,1,stop
214150,2022-09-22,2022-09-23,15550.0,15083.5,66,-34904.21514855011,-0.03397068711421569,1,stop
042660,2022-09-22,2022-09-26,18923.0,21761.449999999997,54,148636.72091938497,0.1452924843491259,2,target
108490,2022-09-22,2022-09-26,24881.0,24134.57,41,-34694.06885077851,-0.03397068711421558,2,stop
000150,2022-09-27,2022-09-28,84900.0,82353.0,12,-34649.14195980015,-0.03397068711421569,1,stop
087010,2022-10-05,2022-10-06,8624.0,8365.28,120,-35196.01887647994,-0.03397068711421547,1,stop
058470,2022-10-05,2022-10-06,27651.0,26821.469999999998,37,-34794.94179448951,-0.03397068711421558,1,stop
267260,2022-10-05,2022-10-07,34200.0,33174.0,30,-34894.012220999924,-0.03397068711421547,2,stop
319660,2022-10-11,2022-10-13,16300.0,15811.0,63,-34924.62100365001,-0.03397068711421558,2,stop
222800,2022-10-07,2022-10-17,32450.0,34500.0,31,59240.06713250012,0.05882201942908405,5,time
000660,2022-10-07,2022-10-17,89600.0,95200.0,11,57379.21420000016,0.058150664887779424,5,time
058470,2022-10-11,2022-10-18,27691.0,27972.0,37,6167.468644749955,0.006012670015646204,5,time
000990,2022-10-11,2022-10-18,39450.0,41600.0,26,51531.68026500021,0.05018278170328205,5,time
247540,2022-10-18,2022-10-19,110600.0,107282.0,9,-33853.31361090008,-0.03397068711421569,1,stop
353200,2022-10-13,2022-10-20,24700.0,24500.0,40,-12025.437200000044,-0.012157512179067687,5,time
086520,2022-10-18,2022-10-20,28260.0,27412.2,37,-35561.28368276986,-0.03397068711421547,2,stop
138040,2022-10-19,2022-10-20,24150.0,23425.5,43,-35317.433714325074,-0.03397068711421569,1,stop
009830,2022-10-19,2022-10-20,64750.0,62807.5,16,-35234.10980600002,-0.03397068711421558,1,stop
066970,2022-10-20,2022-10-21,215100.0,208647.0,4,-29261.996213400038,-0.03397068711421558,1,stop
078600,2022-10-20,2022-10-21,90000.0,87300.0,11,-33669.660915000015,-0.03397068711421558,1,stop
086520,2022-10-24,2022-10-25,28985.0,28115.45,35,-34502.049754287465,-0.03397068711421558,1,stop
003670,2022-10-19,2022-10-26,179323.0,189016.0,5,44647.615163750015,0.04973854185262683,5,time
007660,2022-10-20,2022-10-27,5572.0,5640.0,187,8408.335731399828,0.008060428185815427,5,time
257720,2022-10-26,2022-10-27,2630.0,2551.1,377,-33721.01565033512,-0.03397068711421569,1,stop
950160,2022-10-26,2022-10-27,22500.0,21825.0,44,-33669.660915000015,-0.03397068711421558,1,stop
067310,2022-10-26,2022-10-27,9530.0,9244.1,104,-33707.751844519866,-0.03397068711421547,1,stop
084370,2022-10-27,2022-10-28,23600.0,22892.0,41,-32907.84232459997,-0.03397068711421558,1,stop
131970,2022-10-28,2022-10-31,26150.0,25365.5,40,-35574.207391,-0.03397068711421558,1,stop
267270,2022-10-28,2022-11-01,38850.0,44677.5,27,152579.8395528749,0.14529248434912567,2,target
257720,2022-10-31,2022-11-01,2350.0,2279.5,450,-35965.319613749976,-0.03397068711421558,1,stop
006400,2022-10-27,2022-11-03,670637.0,723505.0,1,49963.737939200015,0.07441632084773175,5,time
000990,2022-10-28,2022-11-03,44250.0,42922.5,23,-34613.43171337503,-0.03397068711421558,4,stop
079550,2022-10-31,2022-11-07,100500.0,100000.0,10,-9103.950750000076,-0.00904825061723924,5,time
267270,2022-11-03,2022-11-07,43650.0,50197.49999999999,21,133335.53546512476,0.14529248434912567,2,target
096770,2022-11-01,2022-11-08,171699.0,182031.0,6,57587.3034336,0.05583525577523929,5,time
012330,2022-11-01,2022-11-08,219500.0,217500.0,5,-14468.293999999994,-0.013167810851005712,5,time
319400,2022-11-07,2022-11-08,3540.0,3433.7999999999997,290,-34914.41807610006,-0.03397068711421569,1,stop
323410,2022-11-03,2022-11-09,19600.0,22540.0,47,133997.3766109998,0.14529248434912567,4,target
214370,2022-11-08,2022-11-09,23380.0,22678.6,46,-36576.81507158012,-0.03397068711421569,1,stop
377300,2022-11-09,2022-11-11,44850.0,51577.49999999999,23,150048.8426433747,0.14529248434912545,2,target
298040,2022-11-07,2022-11-14,64500.0,69300.0,15,67822.73190000001,0.07002048082769696,5,time
090430,2022-11-08,2022-11-14,107000.0,123049.99999999999,10,155641.763975,0.1452924843491259,4,target
083650,2022-11-11,2022-11-14,8150.0,9372.5,151,179009.84751012526,0.14529248434912612,1,target
336260,2022-11-08,2022-11-15,32950.0,36250.0,32,100967.54384000017,0.09564828284372417,5,time
138040,2022-11-09,2022-11-15,26000.0,29899.999999999996,40,151277.97619999968,0.14529248434912545,4,target
319660,2022-11-14,2022-11-15,18400.0,17848.0,66,-41301.4507224001,-0.03397068711421569,1,stop
323410,2022-11-14,2022-11-18,28050.0,27208.5,43,-41020.87021477497,-0.03397068711421558,4,stop
377300,2022-11-14,2022-11-21,59500.0,61000.0,20,25034.700500000035,0.021013394889246362,5,time
214150,2022-11-15,2022-11-21,19400.0,18818.0,61,-40247.14820890012,-0.03397068711421569,4,stop
035720,2022-11-15,2022-11-21,58500.0,56745.0,20,-39791.41744500003,-0.03397068711421558,4,stop
310210,2022-11-18,2022-11-21,22932.0,22244.04,52,-40555.412659944035,-0.03397068711421558,1,stop
131970,2022-11-15,2022-11-22,31200.0,31100.0,38,-8647.62333000009,-0.007285499909202575,5,time
326030,2022-11-21,2022-11-22,76900.0,74593.0,15,-39230.256429749774,-0.03397068711421536,1,stop
241560,2022-11-21,2022-11-22,40200.0,38994.0,28,-38281.384167599725,-0.03397068711421536,1,stop
298380,2022-11-22,2022-11-23,24000.0,23280.0,48,-39179.2417919999,-0.03397068711421547,1,stop
138040,2022-11-23,2022-11-24,45100.0,43747.0,25,-38346.002708749846,-0.03397068711421547,1,stop
267270,2022-11-21,2022-11-28,57300.0,62500.0,20,98996.86560000014,0.08628545825662615,5,time
058470,2022-11-21,2022-11-28,33558.0,34339.0,34,21799.78602989996,0.01908437876705693,5,time
082740,2022-11-22,2022-11-28,7690.0,7459.3,150,-39230.256429749774,-0.03397068711421536,4,stop
064350,2022-11-22,2022-11-29,29000.0,31000.0,39,73134.98790000007,0.06458971558689375,5,time
138040,2022-11-28,2022-11-29,36650.0,35550.5,32,-39886.64476879989,-0.03397068711421547,1,stop
298040,2022-11-24,2022-12-01,85800.0,83226.0,12,-35016.44735159993,-0.03397068711421547,5,stop
006260,2022-11-28,2022-12-01,75000.0,72750.0,15,-38260.978312500054,-0.03397068711421558,3,stop
000500,2022-12-01,2022-12-02,17545.0,17018.649999999998,61,-36398.77398583281,-0.033970687114215914,1,stop
086520,2022-11-30,2022-12-05,25783.0,25009.51,47,-41213.05936005851,-0.03397068711421558,3,stop
138040,2022-12-02,2022-12-05,41100.0,39867.0,25,-34945.026858749916,-0.03397068711421547,1,stop
000250,2022-11-30,2022-12-07,45100.0,47100.0,26,47041.152080000145,0.04007087656114594,5,time
090430,2022-11-30,2022-12-07,129500.0,135000.0,9,44577.61942500016,0.0382036957336378,5,time
010170,2022-12-01,2022-12-08,2574.0,2600.0,421,6472.699821900111,0.005966169827954282,5,time
257720,2022-12-08,2022-12-09,2765.0,2682.0499999999997,428,-40247.82840407011,-0.03397068711421569,1,stop
214370,2022-12-06,2022-12-13,25780.0,27000.0,42,46651.57488600025,0.04303629633441508,5,time
377300,2022-12-06,2022-12-13,62700.0,68200.0,17,88856.08594499994,0.08326672814104952,5,time
257720,2022-12-12,2022-12-13,2740.0,2657.7999999999997,427,-39790.73724983027,-0.0339706871142158,1,stop
196170,2022-12-12,2022-12-13,41050.0,39818.5,28,-39090.81641989993,-0.03397068711421547,1,stop
145020,2022-12-12,2022-12-16,130000.0,126100.0,9,-39791.41744500003,-0.03397068711421558,4,stop
352820,2022-12-15,2022-12-16,161500.0,156655.0,7,-38448.03198424983,-0.03397068711421547,1,stop
257720,2022-12-19,2022-12-20,3025.0,2934.25,372,-38271.18124005012,-0.03397068711421569,1,stop
178320,2022-12-14,2022-12-21,17200.0,18550.0,66,84185.05210499978,0.07407358870961978,5,time
310210,2022-12-15,2022-12-21,24816.0,24071.52,45,-37979.377512120176,-0.03397068711421569,4,stop
218410,2022-12-15,2022-12-22,24650.0,24800.0,46,2232.7094749999233,0.001966791140605606,5,time
257720,2022-12-23,2022-12-26,3190.0,3094.2999999999997,355,-38514.351013325155,-0.03397068711421569,1,stop
352820,2022-12-23,2022-12-28,173000.0,167810.0,6,-35302.12932299997,-0.03397068711421558,3,stop
000500,2022-12-22,2022-12-29,19266.0,18688.02,58,-38003.45642113802,-0.03397068711421558,5,stop
214370,2022-12-28,2022-12-29,28800.0,27936.0,38,-37220.27970239986,-0.03397068711421547,1,stop
010170,2022-12-28,2022-12-29,2882.0,2795.54,382,-37442.159366854,-0.03397068711421558,1,stop
141080,2022-12-26,2023-01-03,41100.0,41400.0,28,3659.0278199999593,0.0031758986999641525,5,time
310210,2022-12-28,2023-01-03,27396.0,26574.12,40,-37269.25375464,-0.03397068711421558,3,stop
196170,2023-01-03,2023-01-04,39100.0,37927.0,27,-35904.102048450266,-0.0339706871142158,1,stop
277810,2023-01-04,2023-01-05,42550.0,48932.49999999999,25,154732.64152187482,0.14529248434912567,1,target
240810,2023-01-09,2023-01-11,29400.0,28518.0,39,-38995.58909610007,-0.03397068711421569,2,stop
277810,2023-01-09,2023-01-12,51300.0,49761.0,22,-38383.41344310017,-0.03397068711421569,3,stop
047040,2023-01-11,2023-01-12,4745.0,4602.65,243,-39214.44189204741,-0.03397068711421547,1,stop
377300,2023-01-06,2023-01-13,61900.0,71185.0,17,153067.12918775016,0.14529248434912612,5,target
031980,2023-01-06,2023-01-13,7590.0,7550.0,146,-10364.162736000028,-0.009342011017253848,5,time
086790,2023-01-06,2023-01-13,46450.0,49500.0,23,65564.8823225,0.06129972341052525,5,time
009830,2023-01-13,2023-01-16,60820.0,58995.4,18,-37232.52321545989,-0.03397068711421547,1,stop
083650,2023-01-12,2023-01-17,7220.0,7003.4,152,-37323.66936824005,-0.03397068711421558,3,stop
950160,2023-01-12,2023-01-18,10100.0,9797.0,109,-37441.34313265025,-0.0339706871142158,4,stop
336260,2023-01-13,2023-01-18,33750.0,32737.5,34,-39026.19787874981,-0.03397068711421547,3,stop
032820,2023-01-17,2023-01-18,1535.0,1488.95,716,-37378.76517700986,-0.03397068711421547,1,stop
012450,2023-01-13,2023-01-19,80167.0,77761.98999999999,14,-38170.44433537312,-0.03397068711421569,4,stop
277810,2023-01-18,2023-01-19,63200.0,61304.0,17,-36540.084532399895,-0.03397068711421547,1,stop
272210,2023-01-18,2023-01-19,12800.0,12416.0,84,-36567.29233920004,-0.03397068711421558,1,stop
138040,2023-01-16,2023-01-25,43900.0,45950.0,25,46601.13793749991,0.04241239290566168,5,time
277810,2023-01-25,2023-01-26,67700.0,77855.0,16,157561.83059599996,0.1452924843491259,1,target
145020,2023-01-18,2023-01-27,141900.0,144000.0,7,10585.92160500004,0.010645082245758664,5,time
108490,2023-01-26,2023-01-27,28679.0,27818.63,45,-43891.46388096758,-0.03397068711421569,1,stop
214370,2023-01-19,2023-01-30,27820.0,26985.399999999998,38,-35953.75629586005,-0.03397068711421558,5,stop
257720,2023-01-20,2023-01-30,2955.0,2866.35,371,-37285.06829234259,-0.03397068711421569,4,stop
066970,2023-01-27,2023-01-30,212500.0,206125.0,5,-36135.36840624979,-0.03397068711421536,1,stop
098460,2023-01-20,2023-01-31,15900.0,17140.0,69,80811.62962200004,0.07357468863790095,5,time
039030,2023-01-30,2023-01-31,77500.0,75175.0,13,-34264.83168874995,-0.03397068711421558,1,stop
003670,2023-01-31,2023-02-01,225849.0,219073.53,5,-38405.349737332435,-0.03397068711421558,1,stop
108490,2023-02-01,2023-02-02,31844.0,30888.68,40,-43320.26998695987,-0.03397068711421547,1,stop
214450,2023-01-27,2023-02-03,75800.0,77600.0,14,20776.699299999746,0.019556003045682502,5,time
100790,2023-01-30,2023-02-06,5150.0,5200.0,210,6036.842175000114,0.005575503354234623,5,time
006400,2023-01-30,2023-02-06,679448.0,686302.0,1,4049.2802717000013,0.0059528151417209685,5,time
196170,2023-02-03,2023-02-06,41700.0,40449.0,26,-36873.3801657001,-0.03397068711421569,1,stop
007660,2023-01-31,2023-02-07,7264.0,7527.0,180,41841.96084900014,0.031964246515977734,5,time
042660,2023-02-06,2023-02-07,21677.0,21026.69,43,-31700.870005193632,-0.03397068711421569,1,stop
086520,2023-02-06,2023-02-07,27174.0,31250.1,34,134392.44486423,0.1452924843491259,1,target
214370,2023-02-02,2023-02-09,35720.0,38920.0,34,103502.07022399968,0.08512545622639767,5,time
226950,2023-02-07,2023-02-09,24100.0,23377.0,46,-37703.21827309998,-0.03397068711421558,2,stop
247540,2023-02-07,2023-02-10,119500.0,137425.0,9,156441.79173375014,0.1452924843491259,3,target
086520,2023-02-09,2023-02-10,33883.0,38965.45,36,177429.86541638966,0.14529248434912545,1,target
100790,2023-02-09,2023-02-10,6120.0,5936.4,200,-41627.94440399995,-0.03397068711421558,1,stop
000250,2023-02-06,2023-02-13,51200.0,52000.0,18,10580.646960000042,0.011467547319200966,5,time
257720,2023-02-07,2023-02-13,3260.0,3162.2,344,-38139.903572240146,-0.03397068711421569,4,stop
078600,2023-02-10,2023-02-13,98000.0,95060.0,13,-43328.43232899974,-0.03397068711421536,1,stop
086520,2023-02-13,2023-02-15,36690.0,42193.5,31,165444.28591357497,0.1452924843491259,2,target
082740,2023-02-14,2023-02-16,8740.0,8477.8,137,-40722.60463273013,-0.03397068711421569,2,stop
080220,2023-02-15,2023-02-16,5110.0,4956.7,241,-41883.357690334786,-0.03397068711421547,1,stop
042660,2023-02-15,2023-02-16,23498.0,22793.059999999998,52,-41556.387872116175,-0.03397068711421569,1,stop
066970,2023-02-15,2023-02-16,251000.0,243470.0,4,-34145.79753400001,-0.03397068711421558,1,stop
031980,2023-02-16,2023-02-17,9600.0,9312.0,123,-40158.72283679969,-0.03397068711421536,1,stop
247540,2023-02-13,2023-02-20,132600.0,147300.0,8,112905.93876000028,0.10631243323907325,5,time
214150,2023-02-17,2023-02-21,20100.0,19497.0,58,-39648.57645929977,-0.03397068711421536,2,stop
005490,2023-02-20,2023-02-22,341000.0,330770.0,3,-34791.98294549994,-0.03397068711421558,2,stop
031980,2023-02-20,2023-02-22,9260.0,8982.199999999999,128,-40311.08655488002,-0.03397068711421558,2,stop
028300,2023-02-21,2023-02-22,36339.0,35248.83,34,-42019.94088047091,-0.03397068711421547,1,stop
034220,2023-02-21,2023-02-22,14890.0,14443.3,83,-42031.64023739495,-0.03397068711421558,1,stop
247540,2023-02-22,2023-02-23,159100.0,154327.0,7,-37876.66804144974,-0.03397068711421536,1,stop
086520,2023-02-17,2023-02-24,44244.0,47481.0,26,79199.54643510003,0.06876948089017909,5,time
267270,2023-02-23,2023-02-24,59900.0,58103.0,21,-42780.87521715043,-0.033970687114215914,1,stop
010130,2023-02-22,2023-02-27,604000.0,585880.0,1,-20541.894133999944,-0.03397068711421547,3,stop
108490,2023-02-23,2023-02-27,29847.0,34324.049999999996,43,186685.89566594223,0.14529248434912567,2,target
214370,2023-02-24,2023-02-27,38680.0,37519.6,32,-42095.91868095985,-0.03397068711421547,1,stop
007660,2023-02-27,2023-02-28,9345.0,9064.65,124,-39409.827954630135,-0.03397068711421569,1,stop
277810,2023-02-27,2023-02-28,81100.0,93265.0,14,165154.82132450002,0.1452924843491259,1,target
257720,2023-02-27,2023-02-28,3735.0,3622.95,310,-39378.19887922518,-0.03397068711421569,1,stop
247540,2023-02-28,2023-03-02,168200.0,163154.0,6,-34322.64827820007,-0.03397068711421569,1,stop
005830,2023-02-28,2023-03-07,76700.0,74399.0,15,-39128.227154250024,-0.03397068711421558,4,stop
108490,2023-03-02,2023-03-07,37784.0,36650.479999999996,33,-42405.8156004122,-0.03397068711421569,3,stop
086520,2023-02-28,2023-03-08,54936.0,63176.399999999994,21,167810.33164518,0.1452924843491259,5,target
000150,2023-02-28,2023-03-08,99500.0,104600.0,11,51449.13449500012,0.04695297236546714,5,time
180640,2023-02-28,2023-03-08,45100.0,46300.0,26,26302.471519999905,0.022405129188557193,5,time
247540,2023-03-07,2023-03-08,208000.0,201760.0,5,-35370.14884000004,-0.03397068711421558,1,stop
000250,2023-03-07,2023-03-08,58000.0,56260.0,20,-39451.31985999993,-0.03397068711421558,1,stop
003670,2023-03-08,2023-03-09,251051.0,243519.47,4,-34152.73552473402,-0.03397068711421558,1,stop
006400,2023-03-08,2023-03-09,769520.0,746434.4,1,-26171.18936091999,-0.03397068711421558,1,stop
096770,2023-03-08,2023-03-09,171207.0,166070.79,6,-34936.25234105694,-0.03397068711421558,1,stop
051910,2023-03-08,2023-03-09,727000.0,705190.0,1,-24725.09442949982,-0.03397068711421536,1,stop
310210,2023-03-09,2023-03-10,26248.0,25460.559999999998,44,-39278.27820875193,-0.03397068711421547,1,stop
000990,2023-03-09,2023-03-10,52100.0,50537.0,22,-38981.985192700056,-0.03397068711421558,1,stop
226950,2023-03-09,2023-03-10,24950.0,24201.5,46,-39032.99983044993,-0.03397068711421547,1,stop
083650,2023-03-09,2023-03-10,6810.0,6605.7,170,-39373.09741545003,-0.03397068711421558,1,stop
178320,2023-03-08,2023-03-13,18830.0,18265.1,63,-40345.43641096493,-0.03397068711421558,3,stop
058610,2023-03-10,2023-03-13,23850.0,23134.5,46,-37312.106050350005,-0.03397068711421558,1,stop
298380,2023-03-10,2023-03-13,22050.0,21388.5,50,-37495.758746249834,-0.03397068711421547,1,stop
226950,2023-03-13,2023-03-14,23200.0,22504.0,47,-37084.24066839996,-0.03397068711421558,1,stop
086520,2023-03-14,2023-03-15,72791.0,83709.65,15,158822.2379650122,0.14529248434912567,1,target
058610,2023-03-15,2023-03-16,23900.0,27484.999999999996,47,163394.76025524992,0.14529248434912567,1,target
086520,2023-03-17,2023-03-20,87310.0,84690.7,13,-38602.0961902549,-0.03397068711421547,1,stop
003550,2023-03-17,2023-03-20,91700.0,88949.0,12,-37424.33825339982,-0.03397068711421547,1,stop
277810,2023-03-17,2023-03-21,114200.0,131330.0,10,166114.85463500023,0.14529248434912612,2,target
058610,2023-03-20,2023-03-21,31200.0,30264.0,36,-38199.76074720011,-0.03397068711421569,1,stop
403870,2023-03-20,2023-03-21,18600.0,21390.0,61,165038.45365049993,0.1452924843491259,1,target
028050,2023-03-16,2023-03-23,29750.0,28857.5,39,-39459.82229962479,-0.03397068711421536,5,stop
214370,2023-03-22,2023-03-23,40700.0,39479.0,30,-41525.915128499735,-0.03397068711421536,1,stop
036930,2023-03-22,2023-03-23,12250.0,11882.5,102,-42495.19324574992,-0.03397068711421547,1,stop
067310,2023-03-20,2023-03-24,10889.0,12522.349999999999,105,166310.49778691237,0.14529248434912567,4,target
403870,2023-03-23,2023-03-24,22650.0,26047.499999999996,52,171322.30804649997,0.1452924843491259,1,target
058610,2023-03-23,2023-03-27,33500.0,38525.0,35,170551.37220624997,0.1452924843491259,2,target
277810,2023-03-24,2023-03-27,142700.0,138419.0,9,-43678.73284154991,-0.03397068711421547,1,stop
000250,2023-03-24,2023-03-27,60500.0,69575.0,22,193606.7176175001,0.1452924843491259,1,target
319660,2023-03-21,2023-03-28,20300.0,20950.0,61,34458.30875750026,0.02779514016338358,5,time
403870,2023-03-27,2023-03-28,26650.0,25850.5,52,-47130.72332930006,-0.03397068711421558,1,stop
066970,2023-03-28,2023-03-29,295500.0,286635.0,4,-40199.53454699996,-0.03397068711421558,1,stop
000990,2023-03-28,2023-03-29,59000.0,67850.0,22,188806.551065,0.1452924843491259,1,target
240810,2023-03-23,2023-03-30,33300.0,35200.0,35,61527.50257500005,0.052730002587523916,5,time
042700,2023-03-27,2023-03-30,20400.0,23460.0,68,201781.54671599995,0.1452924843491259,3,target
067310,2023-03-30,2023-03-31,14805.0,14360.85,96,-48337.389560879674,-0.03397068711421536,1,stop
036930,2023-03-27,2023-04-03,15460.0,15700.0,90,15834.086639999878,0.011366893766875164,5,time
131970,2023-03-30,2023-04-04,39400.0,38218.0,36,-48239.44145639986,-0.03397068711421547,3,stop
000990,2023-03-31,2023-04-04,70200.0,80730.0,20,204225.2678700001,0.1452924843491259,2,target
000250,2023-03-29,2023-04-05,78500.0,85000.0,17,104705.192575,0.07837010434423375,5,time
218410,2023-03-29,2023-04-05,26150.0,26150.0,53,-5679.900290000252,-0.004093491870325483,5,time
005490,2023-04-04,2023-04-05,392000.0,380240.0,3,-39995.475995999994,-0.03397068711421558,1,stop
196170,2023-04-05,2023-04-06,45400.0,52209.99999999999,31,204719.8304844997,0.14529248434912567,1,target
310210,2023-04-05,2023-04-07,30590.0,29672.3,46,-47856.49157569022,-0.03397068711421569,2,stop
214450,2023-04-05,2023-04-07,86400.0,83808.0,16,-47015.0901504003,-0.0339706871142158,2,stop
083650,2023-04-03,2023-04-10,7770.0,8620.0,181,147632.85697349976,0.10485380953382162,5,time
298380,2023-04-06,2023-04-10,25250.0,24492.5,66,-56677.262540250085,-0.03397068711421569,2,stop
272210,2023-04-04,2023-04-11,14390.0,14420.0,103,-2993.3385685000103,-0.0020172448068166426,5,time
078600,2023-04-07,2023-04-12,124900.0,121153.0,10,-42478.18836649996,-0.03397068711421558,3,stop
086520,2023-04-11,2023-04-12,148134.0,143689.98,10,-50380.015656389995,-0.03397068711421558,1,stop
247540,2023-04-12,2023-04-13,290000.0,281300.0,4,-39451.31985999993,-0.03397068711421558,1,stop
036930,2023-04-12,2023-04-13,19100.0,18527.0,70,-45471.047114499845,-0.03397068711421547,1,stop
141080,2023-04-07,2023-04-14,41300.0,45100.0,32,115825.33600000013,0.08753955246121858,5,time
196170,2023-04-10,2023-04-17,50900.0,50500.0,32,-19437.413119999925,-0.011919869144428885,5,time
214450,2023-04-10,2023-04-17,86300.0,99244.99999999999,19,238510.09382224968,0.14529248434912567,5,target
326030,2023-04-14,2023-04-17,76900.0,74593.0,20,-52307.008572999854,-0.03397068711421547,1,stop
047050,2023-04-17,2023-04-18,27450.0,31567.499999999996,60,239571.94884749968,0.14529248434912567,1,target
032820,2023-04-18,2023-04-19,1845.0,1789.6499999999999,1095,-68709.06485358742,-0.03397068711421558,1,stop
310210,2023-04-13,2023-04-20,40705.0,39483.85,31,-42915.38381201727,-0.03397068711421536,5,stop
352820,2023-04-13,2023-04-20,238000.0,257000.0,5,89843.07725000009,0.0754116495349848,5,time
267260,2023-04-17,2023-04-21,47800.0,46366.0,34,-55272.65951419994,-0.03397068711421558,4,stop
006260,2023-04-17,2023-04-21,94600.0,91762.0,17,-54694.493619700195,-0.03397068711421569,4,stop
047050,2023-04-20,2023-04-21,31100.0,30167.0,41,-43365.84306335007,-0.03397068711421569,1,stop
319400,2023-04-20,2023-04-21,4995.0,4845.15,259,-43998.59462024248,-0.03397068711421558,1,stop
003670,2023-04-19,2023-04-24,372701.0,361519.97,5,-63377.35501354281,-0.0339706871142158,3,stop
257720,2023-04-21,2023-04-24,3430.0,3327.1,409,-47711.269906895,-0.03397068711421558,1,stop
042660,2023-04-21,2023-04-24,26474.0,25679.78,53,-47719.840366036864,-0.03397068711421547,1,stop
064350,2023-04-21,2023-04-25,32050.0,36857.5,43,200465.13740387512,0.1452924843491259,2,target
319400,2023-04-24,2023-04-25,4180.0,4054.6,362,-51462.20617186022,-0.03397068711421569,1,stop
032820,2023-04-21,2023-04-26,1696.0,1645.12,829,-47817.17629486392,-0.03397068711421558,3,stop
047810,2023-04-24,2023-04-26,58100.0,56357.0,26,-51375.14119010023,-0.03397068711421569,2,stop
000880,2023-04-25,2023-04-26,29300.0,28421.0,51,-50820.782126549864,-0.03397068711421547,1,stop
079550,2023-04-26,2023-04-27,87300.0,84681.0,16,-47504.83067279984,-0.03397068711421547,1,stop
064350,2023-04-27,2023-04-28,33900.0,32883.0,42,-48423.09415230015,-0.03397068711421569,1,stop
267270,2023-04-28,2023-05-02,67600.0,65572.0,21,-48280.25316660013,-0.03397068711421569,1,stop
086520,2023-04-28,2023-05-02,147153.0,142738.41,9,-45041.74193295441,-0.03397068711421547,1,stop
214150,2023-05-03,2023-05-08,24600.0,23862.0,58,-48525.1234277999,-0.03397068711421547,2,stop
042700,2023-05-04,2023-05-08,22650.0,21970.5,64,-49300.54592159996,-0.03397068711421558,1,stop
352820,2023-05-04,2023-05-08,295000.0,286150.0,4,-40131.515030000126,-0.03397068711421569,1,stop
043260,2023-05-08,2023-05-09,1720.0,1668.3999999999999,818,-47850.369819160085,-0.03397068711421569,1,stop
267270,2023-05-08,2023-05-09,70300.0,68191.0,20,-47817.72045100015,-0.03397068711421569,1,stop
237690,2023-05-03,2023-05-10,90200.0,87494.0,15,-46015.20325049991,-0.03397068711421547,4,stop
058610,2023-05-09,2023-05-10,31700.0,30749.0,43,-46358.70181134995,-0.03397068711421558,1,stop
319400,2023-05-03,2023-05-11,4400.0,5060.0,324,207367.19506799988,0.14529248434912567,5,target
257720,2023-05-10,2023-05-11,3895.0,4479.25,344,194898.39879889996,0.1452924843491259,1,target
043260,2023-05-11,2023-05-12,1623.0,1574.31,947,-52272.352629088564,-0.03397068711421558,1,stop
277810,2023-05-10,2023-05-15,112600.0,109222.0,11,-42124.48687809985,-0.03397068711421547,3,stop
058610,2023-05-12,2023-05-15,31750.0,30797.5,47,-50751.062121624826,-0.03397068711421547,1,stop
323410,2023-05-09,2023-05-16,24300.0,25150.0,56,41882.84225999983,0.03074274401075372,5,time
257720,2023-05-15,2023-05-16,4610.0,5301.5,309,207205.73492032522,0.14529248434912612,1,target
214150,2023-05-18,2023-05-22,26500.0,25705.0,56,-50470.48161399993,-0.03397068711421558,2,stop
043260,2023-05-19,2023-05-22,1742.0,1689.74,856,-50713.71940679196,-0.03397068711421558,1,stop
214450,2023-05-17,2023-05-24,114000.0,115900.0,12,17126.44686000026,0.012504949931836151,5,time
000500,2023-05-18,2023-05-24,18090.0,17547.3,82,-50449.39556373004,-0.03397068711421558,4,stop
067310,2023-05-22,2023-05-24,15045.0,14593.65,96,-49120.97439672006,-0.03397068711421558,2,stop
095340,2023-05-19,2023-05-25,42750.0,49162.49999999999,34,211425.5176987499,0.1452924843491259,4,target
005290,2023-05-24,2023-05-25,36400.0,35308.0,38,-47042.29795719986,-0.03397068711421547,1,stop
007660,2023-05-24,2023-05-25,10589.0,12177.349999999999,133,204856.12612267234,0.14529248434912567,1,target
042660,2023-05-25,2023-05-26,27007.0,26196.79,57,-52354.58822514163,-0.03397068711421569,1,stop
083650,2023-05-25,2023-05-26,8350.0,8099.5,186,-52820.555926349945,-0.03397068711421558,1,stop
082740,2023-05-25,2023-05-26,8970.0,8700.9,173,-52776.683337884955,-0.03397068711421558,1,stop
042700,2023-05-22,2023-05-30,25950.0,27200.0,56,63838.13225999987,0.04387888328042955,5,time
039030,2023-05-26,2023-05-30,94800.0,91956.0,15,-48361.87658699998,-0.03397068711421558,1,stop
257720,2023-05-26,2023-05-30,5350.0,5189.5,281,-51128.57044097525,-0.0339706871142158,1,stop
007660,2023-05-30,2023-05-31,13887.0,13470.39,106,-50063.11272668722,-0.03397068711421569,1,stop
000660,2023-05-30,2023-05-31,113200.0,109804.0,13,-50048.76060860022,-0.03397068711421569,1,stop
131290,2023-05-24,2023-06-01,40600.0,43500.0,34,92652.16698999982,0.06704268728179419,5,time
180640,2023-06-01,2023-06-02,50000.0,48500.0,28,-47613.66189999995,-0.03397068711421558,1,stop
353200,2023-05-26,2023-06-05,24100.0,25450.0,62,77329.71777500003,0.05169380215353603,5,time
196170,2023-06-02,2023-06-05,53400.0,51798.0,26,-47219.14870140026,-0.0339706871142158,1,stop
082740,2023-05-30,2023-06-07,8670.0,9280.0,170,97353.95023499988,0.06597605483776015,5,time
000660,2023-06-02,2023-06-08,111000.0,107670.0,12,-45300.99832200003,-0.03397068711421558,3,stop
047050,2023-06-07,2023-06-08,33550.0,38582.5,48,234248.12776200008,0.1452924843491259,1,target
403870,2023-06-01,2023-06-09,26750.0,28800.0,54,104453.80096500018,0.07222831529475271,5,time
003670,2023-06-05,2023-06-13,368823.0,380940.0,4,42279.07223819988,0.0286251812032281,5,time
180640,2023-06-05,2023-06-13,47150.0,48350.0,32,32103.430720000062,0.021253015229475425,5,time
086520,2023-06-08,2023-06-14,128513.0,147789.94999999998,12,224321.3833314299,0.1452924843491259,4,target
007660,2023-06-13,2023-06-14,18127.0,17583.19,84,-51785.57095567812,-0.03397068711421569,1,stop
003230,2023-06-08,2023-06-15,118300.0,114751.0,13,-52303.60759715014,-0.03397068711421569,5,stop
031980,2023-06-14,2023-06-15,12130.0,13949.499999999998,134,236432.93084134953,0.14529248434912545,1,target
078600,2023-06-14,2023-06-15,111000.0,107670.0,14,-52851.16470899992,-0.03397068711421558,1,stop
067310,2023-06-09,2023-06-16,16488.0,17737.0,97,114241.43610315002,0.0713484797850581,5,time
214150,2023-06-15,2023-06-16,32300.0,31331.0,50,-54925.75997749972,-0.03397068711421547,1,stop
010170,2023-06-16,2023-06-19,2217.0,2150.49,758,-57152.92302263109,-0.03397068711421569,1,stop
034020,2023-06-13,2023-06-20,18580.0,19270.0,82,50169.34573899978,0.03289119546064745,5,time
031980,2023-06-19,2023-06-20,15750.0,18112.5,104,238262.8125150001,0.1452924843491259,1,target
086280,2023-06-15,2023-06-22,94186.0,94537.0,17,-612.4731227499433,-0.0003820784505652597,5,time
047050,2023-06-15,2023-06-22,36950.0,39200.0,44,92045.28949000011,0.05655034150698923,5,time
353200,2023-06-16,2023-06-23,29200.0,30150.0,57,47169.31901249988,0.028307576031153747,5,time
042660,2023-06-22,2023-06-23,34204.0,33177.88,49,-57000.21920696646,-0.033970687114215914,1,stop
012450,2023-06-20,2023-06-26,139860.0,135664.19999999998,12,-57079.257885720115,-0.03397068711421569,4,stop
087010,2023-06-22,2023-06-26,9303.0,10698.449999999999,182,246284.32720300485,0.14529248434912567,2,target
064350,2023-06-23,2023-06-26,38550.0,37393.5,43,-56376.27617752529,-0.0339706871142158,1,stop
178320,2023-06-23,2023-06-26,20350.0,19739.5,82,-56752.08400894981,-0.03397068711421547,1,stop
131290,2023-06-20,2023-06-27,51700.0,54800.0,33,95006.47546499991,0.055622372253504304,5,time
031980,2023-06-26,2023-06-27,17780.0,17246.6,95,-57445.88308235002,-0.03397068711421558,1,stop
145020,2023-06-27,2023-06-28,114100.0,110677.0,14,-54327.18822790007,-0.03397068711421558,1,stop
087010,2023-06-28,2023-06-29,11105.0,10771.85,153,-57784.790325802285,-0.03397068711421547,1,stop
310210,2023-06-26,2023-06-30,40378.0,39166.659999999996,42,-57676.33320594602,-0.03397068711421558,4,stop
131970,2023-06-27,2023-06-30,42900.0,41613.0,39,-56901.726946349954,-0.03397068711421558,3,stop
098460,2023-06-29,2023-06-30,16930.0,16422.1,99,-57002.735929095186,-0.03397068711421569,1,stop
031980,2023-06-30,2023-07-03,20800.0,23919.999999999996,79,239019.2023959998,0.14529248434912567,1,target
007660,2023-06-30,2023-07-04,27911.0,32097.649999999998,59,239535.43848978216,0.14529248434912567,2,target
267270,2023-06-29,2023-07-06,82600.0,83300.0,20,7188.500900000101,0.0043463937917906925,5,time
036930,2023-06-30,2023-07-06,19150.0,18575.5,86,-56010.671273650136,-0.03397068711421569,4,stop
257720,2023-07-04,2023-07-06,7750.0,7517.5,243,-64048.87769512506,-0.03397068711421558,2,stop
307950,2023-06-30,2023-07-07,139200.0,146400.0,11,72691.35060000024,0.04741891372258911,5,time
298040,2023-07-06,2023-07-07,123500.0,119795.0,13,-54602.667271749815,-0.03397068711421547,1,stop
095340,2023-07-06,2023-07-07,61800.0,59946.0,27,-56748.6830331001,-0.03397068711421569,1,stop
087010,2023-07-03,2023-07-10,13257.0,13112.0,152,-30233.160262800055,-0.014986336682786927,5,time
047050,2023-07-07,2023-07-10,43900.0,42583.0,37,-55242.05073154997,-0.03397068711421558,1,stop
003670,2023-07-10,2023-07-11,395480.0,383615.6,4,-53800.71716632042,-0.0339706871142158,1,stop
086520,2023-07-06,2023-07-12,185609.0,180040.72999999998,9,-56812.655388838844,-0.0339706871142158,4,stop
087010,2023-07-12,2023-07-13,15922.0,15444.34,112,-60648.377981743775,-0.03397068711421547,1,stop
083650,2023-07-12,2023-07-13,8780.0,10097.0,204,260535.58531860006,0.1452924843491259,1,target
247540,2023-07-07,2023-07-14,272500.0,281500.0,5,39283.54025000008,0.028798833168820037,5,time
082740,2023-07-07,2023-07-14,11310.0,12250.0,144,128286.45950399991,0.07867857865504102,5,time
272210,2023-07-12,2023-07-17,17070.0,16557.899999999998,105,-60957.390647475375,-0.0339706871142158,3,stop
042700,2023-07-14,2023-07-17,43250.0,49737.49999999999,36,226480.58552249987,0.1452924843491259,1,target
095340,2023-07-14,2023-07-17,85400.0,82838.0,18,-52279.80076619983,-0.03397068711421547,1,stop
083650,2023-07-17,2023-07-18,11040.0,10708.8,153,-57446.56327752001,-0.03397068711421558,1,stop
007660,2023-07-17,2023-07-19,36226.0,35139.22,46,-56673.72552536568,-0.03397068711421536,2,stop
353200,2023-07-18,2023-07-19,38800.0,37636.0,42,-55422.302451599855,-0.03397068711421547,1,stop
042660,2023-07-13,2023-07-20,41267.0,40028.99,46,-64560.11238489719,-0.03397068711421569,5,stop
010140,2023-07-13,2023-07-20,8250.0,8530.0,230,56433.8110799999,0.02970697143589396,5,time
087010,2023-07-19,2023-07-20,21126.0,24294.899999999998,76,233546.4306877798,0.14529248434912567,1,target
095340,2023-07-20,2023-07-21,87800.0,85166.0,21,-62707.19272230007,-0.03397068711421558,1,stop
403870,2023-07-17,2023-07-24,34350.0,33319.5,49,-57243.525019275025,-0.03397068711421558,5,stop
005490,2023-07-19,2023-07-24,496000.0,570400.0,3,216443.8736399999,0.1452924843491259,3,target
042700,2023-07-20,2023-07-24,43800.0,42486.0,43,-64053.97915889998,-0.03397068711421558,2,stop
247540,2023-07-20,2023-07-24,347000.0,399049.99999999994,5,252372.39298749994,0.1452924843491259,2,target
087010,2023-07-24,2023-07-25,28104.0,27260.88,65,-62127.66643746011,-0.03397068711421569,1,stop
003670,2023-07-24,2023-07-25,494350.0,568502.5,3,215723.84865712514,0.1452924843491259,1,target
310210,2023-07-24,2023-07-25,49453.0,47969.409999999996,37,-62229.72972271824,-0.03397068711421547,1,stop
000250,2023-07-24,2023-07-25,64900.0,62953.0,28,-61802.5331462,-0.03397068711421558,1,stop
066970,2023-07-21,2023-07-26,263000.0,302450.0,7,267791.10979250004,0.1452924843491259,3,target
047050,2023-07-25,2023-07-26,70500.0,81075.0,26,266627.4330525005,0.14529248434912612,1,target
096770,2023-07-25,2023-07-26,198758.0,192795.25999999998,9,-60837.404219487216,-0.03397068711421569,1,stop
086520,2023-07-25,2023-07-26,225242.0,259028.3,8,262108.87627108,0.1452924843491259,1,target
000100,2023-07-25,2023-07-26,63453.0,61549.409999999996,29,-62582.61497691483,-0.0339706871142158,1,stop
247540,2023-07-26,2023-07-27,483000.0,468510.0,4,-65706.85342200007,-0.03397068711421558,1,stop
006260,2023-07-26,2023-07-27,138000.0,133860.0,14,-65706.85342199984,-0.03397068711421547,1,stop
005490,2023-07-26,2023-07-27,666000.0,646020.0,2,-45300.99832200003,-0.03397068711421558,1,stop
010120,2023-07-26,2023-07-27,24480.0,23745.6,80,-66604.71104640001,-0.03397068711421558,1,stop
267260,2023-07-26,2023-07-27,82800.0,80316.0,23,-64768.18408740009,-0.03397068711421558,1,stop
031980,2023-07-27,2023-07-28,27550.0,31682.499999999996,69,276511.4123628747,0.14529248434912567,1,target
003670,2023-07-27,2023-07-28,530215.0,514308.55,3,-54097.45230923267,-0.03397068711421569,1,stop
036930,2023-07-27,2023-07-28,23750.0,27312.499999999996,80,276373.2257499995,0.14529248434912567,1,target
047050,2023-07-28,2023-07-31,64900.0,74635.0,31,292650.1541507498,0.14529248434912567,1,target
095340,2023-07-28,2023-07-31,106500.0,103305.0,18,-65196.707044499926,-0.03397068711421558,1,stop
031980,2023-07-31,2023-08-01,33600.0,32592.0,64,-73134.58467840031,-0.03397068711421569,1,stop
036930,2023-07-31,2023-08-01,28250.0,27402.5,76,-73018.95149950008,-0.03397068711421558,1,stop
039030,2023-07-28,2023-08-02,156100.0,151417.0,12,-63707.07962219976,-0.03397068711421547,3,stop
006260,2023-07-31,2023-08-02,113200.0,130179.99999999999,19,312854.4915489997,0.14529248434912567,2,target
298040,2023-08-01,2023-08-02,174500.0,169265.0,11,-65281.73144074995,-0.03397068711421558,1,stop
310210,2023-08-02,2023-08-03,55908.0,54230.76,37,-70352.45039406582,-0.03397068711421547,1,stop
323410,2023-08-02,2023-08-03,30150.0,29245.5,70,-71777.59531425033,-0.03397068711421569,1,stop
277810,2023-08-02,2023-08-03,122300.0,118631.0,17,-70709.6888973501,-0.03397068711421558,1,stop
000100,2023-07-28,2023-08-04,66133.0,70345.0,30,117856.69658399979,0.05933563144545029,5,time
000150,2023-08-01,2023-08-04,106500.0,103305.0,19,-68818.7463247499,-0.03397068711421558,3,stop
257720,2023-08-03,2023-08-04,8130.0,7886.099999999999,251,-69401.33348785504,-0.03397068711421558,1,stop
010120,2023-08-03,2023-08-04,21800.0,21146.0,93,-68951.38438289985,-0.03397068711421547,1,stop
298040,2023-08-04,2023-08-07,181300.0,175861.0,11,-67825.6613765501,-0.03397068711421558,1,stop
326030,2023-08-04,2023-08-07,95700.0,92829.0,21,-68349.41165745002,-0.03397068711421558,1,stop
039030,2023-08-04,2023-08-07,168900.0,163833.0,12,-68930.97852780018,-0.03397068711421569,1,stop
257720,2023-08-07,2023-08-08,9010.0,8739.699999999999,219,-67107.71537461528,-0.03397068711421569,1,stop
087010,2023-08-08,2023-08-09,25972.0,29867.8,81,306007.9994492098,0.14529248434912567,1,target
090430,2023-08-03,2023-08-10,120900.0,130500.0,16,145219.62144000013,0.07498593309282509,5,time
310210,2023-08-07,2023-08-10,57081.0,65643.15,34,282301.28598274477,0.14529248434912567,3,target
298040,2023-08-09,2023-08-11,189200.0,183524.0,12,-77215.75569840055,-0.0339706871142158,2,stop
108490,2023-08-10,2023-08-11,28094.0,27251.18,79,-75482.14226862136,-0.03397068711421569,1,stop
277810,2023-08-07,2023-08-14,134000.0,139000.0,14,62105.41330000013,0.0330671987315283,5,time
000150,2023-08-07,2023-08-14,106200.0,108600.0,18,35238.52511999989,0.018412869895316986,5,time
196170,2023-08-10,2023-08-14,47400.0,45978.0,47,-75766.93998629972,-0.03397068711421547,2,stop
214150,2023-08-11,2023-08-14,35500.0,34435.0,61,-73648.13203174947,-0.03397068711421536,1,stop
087010,2023-08-11,2023-08-16,36002.0,34921.94,60,-73465.15953101986,-0.03397068711421547,2,stop
310210,2023-08-14,2023-08-16,72924.0,70736.28,27,-66963.44597905804,-0.03397068711421558,1,stop
180640,2023-08-14,2023-08-16,48950.0,47481.5,41,-68255.8848215749,-0.03397068711421558,1,stop
000500,2023-08-17,2023-08-18,22852.0,22166.44,89,-69169.99911053805,-0.03397068711421558,1,stop
003230,2023-08-14,2023-08-22,161400.0,185610.0,12,281726.13875399996,0.1452924843491259,5,target
042700,2023-08-21,2023-08-22,58800.0,57036.0,34,-67992.30919319973,-0.03397068711421547,1,stop
039030,2023-08-21,2023-08-22,169600.0,164512.0,11,-63448.60545759997,-0.03397068711421558,1,stop
214150,2023-08-22,2023-08-23,37150.0,36035.5,55,-69490.439055125,-0.03397068711421558,1,stop
007660,2023-08-21,2023-08-24,34670.0,33629.9,58,-68388.86297731008,-0.03397068711421558,3,stop
042700,2023-08-24,2023-08-25,60600.0,58782.0,33,-68012.71504829987,-0.03397068711421547,1,stop
000250,2023-08-25,2023-08-29,78700.0,90505.0,25,286191.74824374984,0.14529248434912567,2,target
066970,2023-08-29,2023-08-30,245500.0,238135.0,8,-66795.1656940002,-0.03397068711421569,1,stop
083650,2023-08-30,2023-08-31,7630.0,7401.099999999999,277,-71879.96468733507,-0.03397068711421558,1,stop
003670,2023-08-25,2023-09-01,441038.0,427806.86,4,-59998.38347729202,-0.03397068711421558,5,stop
087010,2023-08-31,2023-09-01,43997.0,42677.09,47,-70327.38520205137,-0.03397068711421558,1,stop
226950,2023-08-31,2023-09-01,19190.0,18614.3,108,-70485.90468642022,-0.03397068711421569,1,stop
032820,2023-08-29,2023-09-04,1398.0,1356.06,1521,-72316.922064543,-0.03397068711421558,4,stop
010130,2023-08-29,2023-09-05,521000.0,543000.0,4,79199.92280000029,0.0379601418702753,5,time
277810,2023-09-01,2023-09-05,155400.0,178710.0,12,271253.04809399974,0.14529248434912567,2,target
067310,2023-09-04,2023-09-05,25430.0,24667.1,91,-78703.00243760552,-0.0339706871142158,1,stop
307950,2023-09-01,2023-09-06,175800.0,202169.99999999997,10,255717.96361499955,0.14529248434912567,3,target
058610,2023-09-05,2023-09-06,37100.0,35987.0,58,-73182.19834029977,-0.03397068711421547,1,stop
084370,2023-09-05,2023-09-06,38450.0,37296.5,56,-73229.8120021997,-0.03397068711421547,1,stop
226950,2023-09-05,2023-09-06,19030.0,21884.5,114,315562.9491613498,0.14529248434912567,1,target
257720,2023-09-06,2023-09-07,9060.0,8788.199999999999,240,-73950.81888240064,-0.033970687114215914,1,stop
403870,2023-09-06,2023-09-07,35350.0,34289.5,61,-73336.94274147484,-0.03397068711421547,1,stop
000250,2023-09-01,2023-09-08,86900.0,96500.0,21,193526.86794000003,0.10592609936149144,5,time
277810,2023-09-07,2023-09-08,176000.0,202399.99999999997,12,307210.65935999947,0.14529248434912567,1,target
067310,2023-09-07,2023-09-08,25515.0,24749.55,83,-72023.99601458246,-0.03397068711421558,1,stop
214150,2023-09-07,2023-09-08,40000.0,38800.0,53,-72100.68801999977,-0.03397068711421547,1,stop
108490,2023-09-06,2023-09-11,30237.0,29329.89,72,-74041.4208790441,-0.03397068711421558,3,stop
226950,2023-09-08,2023-09-11,23600.0,22892.0,90,-72236.72705399967,-0.03397068711421547,1,stop
131290,2023-09-08,2023-09-11,47800.0,46366.0,44,-71529.32407720014,-0.03397068711421569,1,stop
307950,2023-09-08,2023-09-12,219000.0,212430.0,9,-67033.23400349985,-0.03397068711421547,2,stop
058610,2023-09-08,2023-09-12,39800.0,38606.0,53,-71740.1845799,-0.03397068711421558,2,stop
277810,2023-09-11,2023-09-12,220000.0,213400.0,9,-67339.3218299998,-0.03397068711421547,1,stop
000150,2023-09-12,2023-09-13,153500.0,148895.0,13,-67866.47308674967,-0.03397068711421547,1,stop
196170,2023-09-12,2023-09-13,51900.0,59684.99999999999,39,294424.76117924973,0.14529248434912567,1,target
087010,2023-09-12,2023-09-13,42979.0,41689.63,47,-68700.15429686056,-0.03397068711421558,1,stop
141080,2023-09-13,2023-09-14,40800.0,39576.0,51,-70767.50548680034,-0.03397068711421569,1,stop
226950,2023-09-13,2023-09-14,21700.0,21049.0,96,-70849.12890719995,-0.03397068711421558,1,stop
298380,2023-09-13,2023-09-15,20800.0,20176.0,100,-70740.29767999984,-0.03397068711421547,2,stop
267250,2023-09-11,2023-09-18,68700.0,71500.0,31,77816.17272000015,0.03649658415242718,5,time
145020,2023-09-11,2023-09-18,122800.0,123100.0,17,-3470.4373750002123,-0.0016604955149598366,5,time
000150,2023-09-15,2023-09-18,136000.0,131920.0,14,-64754.58018400008,-0.03397068711421558,1,stop
180640,2023-09-15,2023-09-18,45350.0,43989.5,44,-67863.07211089996,-0.03397068711421558,1,stop
196170,2023-09-15,2023-09-19,65200.0,74980.0,31,294002.92836100026,0.1452924843491259,2,target
036930,2023-09-18,2023-09-19,30550.0,29633.5,67,-69612.87418572512,-0.03397068711421569,1,stop
084370,2023-09-18,2023-09-20,43150.0,41855.5,47,-68973.49072592496,-0.03397068711421558,2,stop
028300,2023-09-18,2023-09-20,31800.0,30846.0,64,-69216.66049919999,-0.03397068711421558,2,stop
032820,2023-09-20,2023-09-21,1493.0,1448.21,1385,-70325.54867509217,-0.03397068711421547,1,stop
257720,2023-09-20,2023-09-21,8950.0,8681.5,231,-70313.47521082521,-0.03397068711421569,1,stop
218410,2023-09-20,2023-09-21,18210.0,17663.7,113,-69982.9003582052,-0.03397068711421569,1,stop
083650,2023-09-20,2023-09-21,7980.0,7740.599999999999,259,-70292.0490629701,-0.03397068711421558,1,stop
267260,2023-09-18,2023-09-22,70300.0,68191.0,29,-69335.69465394993,-0.03397068711421558,4,stop
196170,2023-09-21,2023-09-22,74300.0,72071.0,26,-65700.05147029995,-0.03397068711421558,1,stop
011200,2023-09-21,2023-09-22,17100.0,16587.0,116,-67461.75696059992,-0.03397068711421558,1,stop
257720,2023-09-25,2023-09-26,9460.0,9176.199999999999,207,-66598.58928987011,-0.03397068711421569,1,stop
058610,2023-09-25,2023-09-26,39900.0,38703.0,49,-66492.4788433502,-0.03397068711421569,1,stop
196170,2023-09-26,2023-09-27,80300.0,77891.0,24,-65543.60658119991,-0.03397068711421558,1,stop
042700,2023-10-05,2023-10-06,56100.0,54417.0,34,-64870.21336289984,-0.03397068711421547,1,stop
083650,2023-10-06,2023-10-10,8290.0,8041.3,232,-65410.28832787997,-0.03397068711421558,1,stop
145020,2023-10-05,2023-10-13,132900.0,143400.0,14,138941.5257300001,0.07458986655978439,5,time
039490,2023-10-12,2023-10-13,106400.0,103208.0,17,-61516.85117479996,-0.03397068711421558,1,stop
131970,2023-10-12,2023-10-16,50100.0,48597.0,38,-64747.778232299956,-0.03397068711421558,2,stop
031980,2023-10-13,2023-10-16,24700.0,23959.0,77,-64683.159691149835,-0.03397068711421547,1,stop
034730,2023-10-13,2023-10-16,157300.0,152581.0,12,-64196.8201446,-0.03397068711421558,1,stop
095340,2023-10-13,2023-10-16,84300.0,81771.0,22,-63074.49811409996,-0.03397068711421558,1,stop
403870,2023-10-16,2023-10-17,34900.0,33853.0,53,-62907.85029745032,-0.0339706871142158,1,stop
298040,2023-10-17,2023-10-19,182000.0,176540.0,10,-61897.760470000096,-0.03397068711421569,2,stop
267260,2023-10-17,2023-10-19,73500.0,71295.0,25,-62492.931243750034,-0.03397068711421558,2,stop
039030,2023-10-13,2023-10-20,152600.0,153400.0,12,2067.074880000204,0.001127512104142303,5,time
009830,2023-10-17,2023-10-20,30600.0,29682.0,60,-62441.91660599969,-0.03397068711421547,3,stop
031980,2023-10-18,2023-10-20,27550.0,26723.5,70,-65587.81926725013,-0.03397068711421569,2,stop
178320,2023-10-19,2023-10-20,17400.0,16878.0,101,-59768.749587900005,-0.03397068711421558,1,stop
067310,2023-10-27,2023-10-30,24319.0,23589.43,73,-60377.08213818958,-0.03397068711421558,1,stop
108490,2023-11-02,2023-11-03,24491.0,23756.27,73,-60804.10866591544,-0.03397068711421558,1,stop
087010,2023-11-03,2023-11-06,32077.0,31114.69,56,-61092.13731065206,-0.03397068711421558,1,stop
080220,2023-11-03,2023-11-07,4935.0,4786.95,364,-61093.08958389005,-0.03397068711421558,2,stop
090430,2023-11-01,2023-11-08,128100.0,142800.0,13,183711.89518500003,0.11019086152160451,5,time
196170,2023-11-03,2023-11-08,68200.0,66154.0,26,-60306.10377219971,-0.03397068711421547,3,stop
247540,2023-11-07,2023-11-08,306500.0,297305.0,5,-52119.95490124985,-0.03397068711421547,1,stop
012450,2023-11-02,2023-11-09,117553.0,126619.0,15,128362.75911150011,0.0727134667160454,5,time
086520,2023-11-08,2023-11-09,161083.0,156250.51,10,-54783.939284554916,-0.03397068711421558,1,stop
067310,2023-11-08,2023-11-09,28252.0,27404.44,62,-59572.30922280392,-0.03397068711421558,1,stop
003670,2023-11-08,2023-11-09,297579.0,288651.63,5,-50602.94962335727,-0.03397068711421547,1,stop
036930,2023-11-09,2023-11-10,32250.0,31282.5,54,-59227.99442775012,-0.03397068711421569,1,stop
007660,2023-11-09,2023-11-10,26111.0,25327.67,66,-58609.901076771086,-0.03397068711421558,1,stop
257720,2023-11-09,2023-11-10,8730.0,8468.1,200,-59381.038340999745,-0.03397068711421547,1,stop
454910,2023-11-06,2023-11-13,43900.0,43550.0,40,-21155.16650000005,-0.012033520978420698,5,time
247540,2023-11-10,2023-11-13,240000.0,232800.0,7,-57136.39427999966,-0.03397068711421536,1,stop
042700,2023-11-13,2023-11-14,61100.0,59267.0,28,-58183.89484179998,-0.03397068711421558,1,stop
007660,2023-11-13,2023-11-14,25819.0,25044.43,66,-57954.465010958724,-0.03397068711421547,1,stop
087010,2023-11-14,2023-11-15,33240.0,32242.8,50,-56524.218626999995,-0.03397068711421558,1,stop
323410,2023-11-09,2023-11-16,22650.0,24350.0,77,123366.63454500004,0.07065445796722192,5,time
035720,2023-11-10,2023-11-17,45800.0,47500.0,36,54262.46717999992,0.03287247022182416,5,time
021240,2023-11-10,2023-11-17,51200.0,51900.0,32,15619.472799999872,0.009522417420509965,5,time
036930,2023-11-16,2023-11-17,36700.0,35599.0,46,-57415.27429969981,-0.03397068711421547,1,stop
007660,2023-11-16,2023-11-20,30342.0,29431.739999999998,56,-57787.749174791854,-0.03397068711421547,2,stop
131290,2023-11-17,2023-11-22,49950.0,48451.5,34,-57758.77286055009,-0.03397068711421569,3,stop
357780,2023-11-16,2023-11-23,270000.0,268500.0,6,-15612.551549999975,-0.009626305804379065,5,time
454910,2023-11-22,2023-11-23,59600.0,68540.0,27,234073.57625100017,0.1452924843491259,1,target
058470,2023-11-17,2023-11-24,33538.0,35140.0,51,74451.42140730005,0.04347768786680084,5,time
064760,2023-11-17,2023-11-24,95100.0,99000.0,17,59478.98434500024,0.03674809994571815,5,time
082740,2023-11-23,2023-11-24,9550.0,9263.5,182,-59112.36124884989,-0.03397068711421547,1,stop
307950,2023-11-20,2023-11-27,158300.0,182045.0,11,253288.78842024994,0.1452924843491259,5,target
080220,2023-11-24,2023-11-27,5960.0,6853.999999999999,287,248811.54216309963,0.14529248434912567,1,target
087010,2023-11-24,2023-11-27,35033.0,33982.01,48,-57190.26573746395,-0.03397068711421558,1,stop
058610,2023-11-27,2023-11-28,34550.0,33513.5,54,-63452.00643344992,-0.03397068711421558,1,stop
454910,2023-11-27,2023-11-29,76700.0,88205.0,24,267762.0178740001,0.1452924843491259,2,target
010120,2023-11-23,2023-11-30,15260.0,15140.0,114,-20769.063323999988,-0.011924997832026607,5,time
277810,2023-11-29,2023-11-30,188800.0,183136.0,10,-64210.42404799978,-0.03397068711421547,1,stop
000500,2023-11-24,2023-12-01,18640.0,21436.0,92,249445.7459863997,0.14529248434912567,5,target
403870,2023-11-29,2023-12-01,41000.0,47149.99999999999,48,286264.4780399997,0.14529248434912567,2,target
336260,2023-11-27,2023-12-04,22700.0,22700.0,82,-7628.389480000362,-0.004093491870325594,5,time
066970,2023-11-30,2023-12-04,164900.0,189634.99999999997,11,263849.1548357494,0.14529248434912545,2,target
454910,2023-12-01,2023-12-04,95100.0,92247.0,23,-74389.5447670496,-0.03397068711421536,1,stop
247540,2023-12-01,2023-12-04,269500.0,309925.0,8,313610.88143000053,0.14529248434912612,1,target
403870,2023-12-04,2023-12-05,47750.0,46317.5,44,-71454.50260849996,-0.03397068711421558,1,stop
000500,2023-12-04,2023-12-05,22300.0,21631.0,95,-72049.6733822499,-0.03397068711421558,1,stop
080220,2023-12-04,2023-12-06,7120.0,8187.999999999999,300,310701.68958,0.1452924843491259,2,target
012450,2023-12-04,2023-12-06,138739.0,134576.83,15,-70777.1982679728,-0.03397068711421569,2,stop
003670,2023-12-05,2023-12-06,328597.0,318739.08999999997,6,-67053.02768294723,-0.03397068711421569,1,stop
018260,2023-11-30,2023-12-07,166100.0,161117.0,10,-56490.208868499845,-0.03397068711421547,5,stop
247540,2023-12-06,2023-12-07,308500.0,299245.0,7,-73444.07348074974,-0.03397068711421547,1,stop
087010,2023-12-06,2023-12-07,36341.0,35250.77,59,-72920.96938526165,-0.03397068711421569,1,stop
064350,2023-12-05,2023-12-08,29000.0,28130.0,72,-71012.37574800011,-0.03397068711421569,3,stop
080220,2023-12-08,2023-12-11,9300.0,10695.0,213,288140.90678325016,0.1452924843491259,1,target
066970,2023-12-06,2023-12-12,186500.0,180905.0,11,-69771.01956275012,-0.03397068711421569,4,stop
352820,2023-12-11,2023-12-12,237500.0,230375.0,8,-64618.541149999946,-0.03397068711421558,1,stop
108490,2023-12-12,2023-12-13,27900.0,27063.0,72,-68318.80287479982,-0.03397068711421547,1,stop
064760,2023-12-12,2023-12-13,110100.0,106797.0,18,-67400.5393953002,-0.03397068711421569,1,stop
079550,2023-12-12,2023-12-14,126000.0,122220.0,16,-68563.67313600006,-0.03397068711421558,2,stop
080220,2023-12-13,2023-12-14,12900.0,12513.0,152,-66686.33446679986,-0.03397068711421547,1,stop
068270,2023-12-13,2023-12-15,167062.0,162050.13999999998,11,-62499.12101979717,-0.03397068711421569,2,stop
440110,2023-12-14,2023-12-15,22800.0,22116.0,87,-67461.75696060015,-0.03397068711421569,1,stop
007660,2023-12-14,2023-12-15,29807.0,28912.79,66,-66906.10552622704,-0.03397068711421558,1,stop
098460,2023-12-12,2023-12-19,14270.0,16410.5,142,294750.5906664496,0.14529248434912567,5,target
218410,2023-12-12,2023-12-19,16150.0,16380.0,125,20392.00231250003,0.010089696790344993,5,time
028300,2023-12-15,2023-12-19,40400.0,46460.0,46,270322.10670199967,0.14529248434912567,2,target
277810,2023-12-15,2023-12-19,179100.0,173727.0,10,-60911.47747349995,-0.03397068711421558,2,stop
180640,2023-12-19,2023-12-20,61500.0,70725.0,33,295210.2429787498,0.14529248434912567,1,target
011200,2023-12-19,2023-12-20,16680.0,19182.0,124,300856.9843596001,0.1452924843491259,1,target
086520,2023-12-20,2023-12-21,145386.0,141024.41999999998,16,-79112.68398849573,-0.03397068711421547,1,stop
078600,2023-12-20,2023-12-21,91700.0,88949.0,26,-81086.06621569954,-0.03397068711421536,1,stop
031980,2023-12-15,2023-12-22,27200.0,27300.0,68,-800.0774600000586,-0.00043207088455454734,5,time
028300,2023-12-21,2023-12-26,49850.0,48354.5,46,-77987.7772163502,-0.03397068711421569,2,stop
454910,2023-12-19,2023-12-27,108700.0,105439.0,19,-70240.35423005023,-0.03397068711421569,5,stop
009830,2023-12-19,2023-12-27,34500.0,38600.0,60,236791.50569999986,0.11426061489291128,5,time
011200,2023-12-26,2023-12-27,19610.0,19021.7,113,-75363.24415290495,-0.03397068711421558,1,stop
196170,2023-12-22,2023-12-28,87000.0,100049.99999999999,22,278409.6600449993,0.14529248434912545,3,target
298380,2023-12-27,2023-12-28,24850.0,24104.5,86,-72682.25489034993,-0.03397068711421558,1,stop
241560,2023-12-21,2024-01-02,49400.0,49500.0,46,-4726.31071000034,-0.0020774867931399044,5,time
307950,2023-12-28,2024-01-02,213000.0,206610.0,10,-72440.78560499963,-0.03397068711421547,1,stop
087010,2023-12-28,2024-01-02,36971.0,35861.87,58,-72927.73732720292,-0.03397068711421558,1,stop
196170,2024-01-02,2024-01-03,96900.0,93993.0,22,-72502.00317030051,-0.0339706871142158,1,stop
298380,2024-01-02,2024-01-03,24850.0,24104.5,86,-72682.25489034993,-0.03397068711421558,1,stop
141080,2023-12-27,2024-01-04,61100.0,59267.0,35,-72729.86855224986,-0.03397068711421547,4,stop
310210,2023-12-27,2024-01-04,50800.0,49276.0,42,-72563.22073559975,-0.03397068711421547,4,stop
000250,2024-01-02,2024-01-04,79000.0,76630.0,27,-72542.81488049985,-0.03397068711421547,2,stop
080220,2024-01-03,2024-01-04,16500.0,18975.0,125,300010.4095312499,0.1452924843491259,1,target
068270,2024-01-03,2024-01-04,210208.0,203901.75999999998,9,-64342.10983291222,-0.03397068711421569,1,stop
272210,2024-01-04,2024-01-05,19110.0,18536.7,110,-71491.91334284982,-0.03397068711421547,1,stop
222800,2024-01-04,2024-01-05,41700.0,40449.0,50,-70910.34647250012,-0.03397068711421569,1,stop
237690,2024-01-04,2024-01-05,68500.0,66445.0,30,-69890.05371750006,-0.03397068711421558,1,stop
326030,2024-01-04,2024-01-05,102800.0,99716.0,20,-69924.06347599998,-0.03397068711421558,1,stop
066970,2024-01-05,2024-01-08,211500.0,205155.0,9,-64737.57530474989,-0.03397068711421558,1,stop
005290,2024-01-05,2024-01-08,42600.0,41322.0,47,-68094.33846870018,-0.03397068711421569,1,stop
180640,2024-01-08,2024-01-09,82600.0,80122.0,24,-67420.94525040011,-0.03397068711421569,1,stop
440110,2024-01-09,2024-01-10,26700.0,25899.0,75,-68104.54139625002,-0.03397068711421558,1,stop
950160,2024-01-04,2024-01-11,10240.0,11776.0,206,306838.2828031997,0.14529248434912567,5,target
080220,2024-01-10,2024-01-11,20350.0,19739.5,95,-65749.36562012485,-0.03397068711421547,1,stop
100790,2024-01-05,2024-01-12,6210.0,6590.0,329,116278.44335100008,0.056847647113455135,5,time
178320,2024-01-05,2024-01-12,18790.0,19290.0,108,45524.24607599969,0.022407479607313485,5,time
257720,2024-01-11,2024-01-12,8970.0,8700.9,239,-72911.14056505519,-0.03397068711421569,1,stop
267260,2024-01-08,2024-01-15,90200.0,95600.0,21,105302.88069000002,0.05552840551216076,5,time
377300,2024-01-12,2024-01-15,56900.0,55193.0,37,-71600.74457004992,-0.03397068711421558,1,stop
226950,2024-01-12,2024-01-15,17650.0,17120.5,120,-72032.66850299994,-0.03397068711421558,1,stop
323410,2024-01-12,2024-01-15,29700.0,28809.0,71,-71716.37774894969,-0.03397068711421547,1,stop
214450,2024-01-11,2024-01-16,121100.0,117467.0,17,-70015.8898239499,-0.03397068711421558,3,stop
080220,2024-01-16,2024-01-18,21500.0,20855.0,94,-68733.72192849987,-0.03397068711421547,2,stop
377300,2024-01-17,2024-01-18,56700.0,54999.0,35,-67492.36574324989,-0.03397068711421558,1,stop
323410,2024-01-17,2024-01-18,30400.0,29488.0,67,-69271.07611280004,-0.03397068711421558,1,stop
108490,2024-01-17,2024-01-18,33353.0,32352.41,61,-69193.97599028051,-0.03397068711421558,1,stop
950160,2024-01-15,2024-01-19,12100.0,11737.0,168,-69135.03707879991,-0.03397068711421558,4,stop
080220,2024-01-22,2024-01-23,27900.0,32084.999999999996,70,284082.58415250015,0.1452924843491259,1,target
403870,2024-01-22,2024-01-23,49700.0,48209.0,39,-65921.1149005501,-0.03397068711421569,1,stop
000500,2024-01-22,2024-01-23,21750.0,21097.5,90,-66574.10226374981,-0.03397068711421547,1,stop
039030,2024-01-22,2024-01-24,194000.0,188180.0,10,-65978.93148999987,-0.03397068711421547,2,stop
007660,2024-01-23,2024-01-24,33065.0,32073.05,60,-67471.95988814975,-0.03397068711421547,1,stop
031980,2024-01-23,2024-01-24,29500.0,28615.0,68,-68223.57555100019,-0.03397068711421569,1,stop
058470,2024-01-23,2024-01-24,45852.0,44476.44,43,-67054.86420990573,-0.03397068711421547,1,stop
036930,2024-01-23,2024-01-26,33900.0,32883.0,59,-68022.91797585017,-0.03397068711421569,3,stop
028300,2024-01-24,2024-01-26,50000.0,57499.99999999999,38,276373.2257499995,0.14529248434912567,2,target
403870,2024-01-25,2024-01-26,49600.0,48112.0,40,-67475.36086399993,-0.03397068711421558,1,stop
098460,2024-01-25,2024-01-29,18730.0,18168.1,106,-67522.2943307301,-0.03397068711421558,2,stop
080220,2024-01-26,2024-01-29,31000.0,30070.0,65,-68529.6633774999,-0.03397068711421558,1,stop
000500,2024-01-26,2024-01-29,25900.0,25123.0,77,-67825.66137654986,-0.03397068711421547,1,stop
039030,2024-01-26,2024-01-29,185900.0,180323.0,10,-63224.14105149987,-0.03397068711421547,1,stop
090430,2024-01-24,2024-01-30,138800.0,134636.0,13,-61367.20823739981,-0.03397068711421547,4,stop
028300,2024-01-29,2024-01-30,66500.0,64505.0,29,-65587.81926725013,-0.03397068711421569,1,stop
001440,2024-01-29,2024-01-30,9720.0,9428.4,199,-65784.39567138022,-0.03397068711421569,1,stop
267270,2024-01-30,2024-01-31,54900.0,53253.0,33,-61615.479474449996,-0.03397068711421558,1,stop
034730,2024-01-30,2024-01-31,179200.0,173824.0,10,-60945.4872320001,-0.03397068711421569,1,stop
000270,2024-01-30,2024-02-02,101000.0,116149.99999999999,18,264445.53916499973,0.14529248434912567,3,target
105560,2024-01-30,2024-02-02,55900.0,64284.99999999999,33,268329.31028475007,0.1452924843491259,3,target
000880,2024-01-31,2024-02-02,27350.0,31452.499999999996,66,262569.11042174976,0.14529248434912567,2,target
006260,2024-01-31,2024-02-02,87400.0,100509.99999999999,20,254263.36768999975,0.14529248434912567,2,target
006800,2024-01-29,2024-02-05,7616.0,8493.0,255,215016.68058224977,0.1105874440054262,5,time
028260,2024-02-02,2024-02-05,152900.0,148313.0,13,-67601.19697044976,-0.03397068711421547,1,stop
034730,2024-02-02,2024-02-05,195600.0,189732.0,10,-66523.08762599993,-0.03397068711421558,1,stop
000880,2024-02-05,2024-02-06,31100.0,30167.0,67,-70866.13378644991,-0.03397068711421558,1,stop
000270,2024-02-05,2024-02-06,119600.0,116012.0,17,-69148.64098220016,-0.03397068711421569,1,stop
086790,2024-02-05,2024-02-06,55800.0,54126.0,37,-70216.54739909992,-0.03397068711421558,1,stop
006260,2024-02-06,2024-02-07,103000.0,99910.0,19,-66557.09738449985,-0.03397068711421547,1,stop
000810,2024-02-02,2024-02-13,292000.0,335800.0,7,297319.4070700002,0.1452924843491259,5,target
003550,2024-02-02,2024-02-13,89900.0,93000.0,23,62615.95589500037,0.030248111858284243,5,time
042700,2024-02-13,2024-02-14,82200.0,79734.0,27,-75481.25801490014,-0.03397068711421569,1,stop
031980,2024-02-13,2024-02-14,34400.0,33368.0,65,-76045.82000599941,-0.03397068711421536,1,stop
005380,2024-02-06,2024-02-15,234000.0,240000.0,8,40186.66320000007,0.02144257244069192,5,time
032830,2024-02-06,2024-02-15,76000.0,79400.0,26,80041.34918000014,0.04046022033547603,5,time
402340,2024-02-07,2024-02-15,64000.0,62080.0,33,-71828.60995200067,-0.033970687114215914,4,stop
131290,2024-02-14,2024-02-16,55300.0,53641.0,39,-73348.84615694988,-0.03397068711421558,2,stop
080220,2024-02-15,2024-02-16,33500.0,32495.0,60,-68359.61458500009,-0.03397068711421558,1,stop
178320,2024-02-15,2024-02-16,22750.0,22067.5,89,-68861.25852287491,-0.03397068711421558,1,stop
403870,2024-02-14,2024-02-19,57500.0,55775.0,37,-72355.76120875007,-0.03397068711421558,3,stop
214370,2024-02-16,2024-02-19,26100.0,25317.0,77,-68349.41165745002,-0.03397068711421558,1,stop
003670,2024-02-16,2024-02-19,300487.0,291472.39,6,-61316.941814336926,-0.03397068711421558,1,stop
196170,2024-02-19,2024-02-20,91800.0,89046.0,21,-65564.01243630005,-0.03397068711421558,1,stop
214150,2024-02-19,2024-02-20,32650.0,31670.5,61,-67735.53551652492,-0.03397068711421558,1,stop
042700,2024-02-16,2024-02-21,75500.0,73235.0,26,-66761.15593550005,-0.03397068711421558,3,stop
098460,2024-02-20,2024-02-21,19460.0,18876.2,100,-66182.99004099984,-0.03397068711421547,1,stop
079550,2024-02-15,2024-02-22,129300.0,138000.0,15,122166.82057500002,0.06291645879269225,5,time
298040,2024-02-21,2024-02-22,186000.0,180420.0,10,-63258.15081000002,-0.03397068711421558,1,stop
178320,2024-02-19,2024-02-23,21750.0,21097.5,92,-68053.52675849991,-0.03397068711421558,4,stop
257720,2024-02-22,2024-02-23,10230.0,9923.1,198,-68888.12623208994,-0.03397068711421558,1,stop
310210,2024-02-22,2024-02-26,42450.0,41176.5,47,-67854.56967127486,-0.03397068711421547,2,stop
031980,2024-02-23,2024-02-26,41900.0,40643.0,46,-65550.40853290004,-0.03397068711421558,1,stop
196170,2024-02-23,2024-02-26,119800.0,137770.0,16,278816.9469039999,0.1452924843491259,1,target
267260,2024-02-20,2024-02-27,127000.0,129000.0,15,22104.487500000047,0.01159007518683497,5,time
257720,2024-02-26,2024-02-27,9840.0,9544.8,205,-68604.4848462001,-0.03397068711421558,1,stop
032830,2024-02-26,2024-02-27,93600.0,90792.0,21,-66849.58130760002,-0.03397068711421558,1,stop
145020,2024-02-21,2024-02-28,179500.0,185900.0,10,56455.055800000206,0.03141515243067716,5,time
087010,2024-02-27,2024-02-28,28248.0,27400.559999999998,68,-65328.1207513439,-0.03397068711421558,1,stop
298040,2024-02-27,2024-02-28,197000.0,191090.0,9,-60299.30182049982,-0.03397068711421547,1,stop
298380,2024-02-27,2024-02-28,23950.0,23231.5,81,-65977.23100207513,-0.03397068711421569,1,stop
226950,2024-02-26,2024-02-29,16600.0,16102.0,121,-68312.00092310016,-0.03397068711421569,3,stop
064350,2024-02-28,2024-03-04,33500.0,32495.0,56,-63802.30694599985,-0.03397068711421547,2,stop
043260,2024-02-28,2024-03-04,1570.0,1522.8999999999999,1195,-63807.408409775235,-0.03397068711421569,2,stop
036930,2024-02-29,2024-03-04,39450.0,38266.5,51,-68425.93361407495,-0.03397068711421558,1,stop
196170,2024-02-28,2024-03-05,153300.0,176295.0,12,267587.46636299975,0.14529248434912567,3,target
039030,2024-03-04,2024-03-05,211500.0,205155.0,8,-57544.51138199982,-0.03397068711421547,1,stop
042700,2024-03-05,2024-03-06,96000.0,93120.0,20,-65298.73631999991,-0.03397068711421558,1,stop
012450,2024-02-28,2024-03-07,183458.0,210976.69999999998,10,266857.2592086501,0.1452924843491259,5,target
298040,2024-03-06,2024-03-07,237000.0,229890.0,8,-64482.50211600005,-0.03397068711421558,1,stop
141080,2024-03-07,2024-03-08,75000.0,72750.0,26,-66319.02907499997,-0.03397068711421558,1,stop
010120,2024-03-07,2024-03-08,16060.0,15578.199999999999,122,-66636.00002422021,-0.03397068711421569,1,stop
319660,2024-03-04,2024-03-11,25850.0,25400.0,71,-39377.44117250014,-0.021430355648211385,5,time
082740,2024-03-04,2024-03-11,9040.0,9200.0,205,25108.51971999975,0.013533171990376625,5,time
240810,2024-03-08,2024-03-11,35300.0,34241.0,54,-64829.401652700035,-0.03397068711421558,1,stop
007660,2024-03-05,2024-03-12,36274.0,36469.0,54,2471.419266300043,0.001260253762505048,5,time
079550,2024-03-08,2024-03-12,178700.0,173339.0,10,-60775.43843950005,-0.03397068711421558,2,stop
141080,2024-03-11,2024-03-12,81500.0,79055.0,23,-63751.292308249744,-0.03397068711421547,1,stop
028300,2024-03-12,2024-03-13,99300.0,96321.0,18,-60789.042342900066,-0.03397068711421558,1,stop
298380,2024-03-12,2024-03-13,27850.0,27014.5,66,-62513.33709885017,-0.03397068711421569,1,stop
237690,2024-03-12,2024-03-13,78000.0,75660.0,23,-61013.50674900017,-0.03397068711421569,1,stop
095340,2024-03-11,2024-03-14,91500.0,88755.0,20,-62237.85805499996,-0.03397068711421558,3,stop
010120,2024-03-11,2024-03-14,15840.0,18216.0,118,271881.43353360007,0.1452924843491259,3,target
000150,2024-03-13,2024-03-14,116400.0,133860.0,15,253972.4485050002,0.1452924843491259,1,target
078600,2024-03-13,2024-03-15,93500.0,90695.0,19,-60418.33597525023,-0.03397068711421569,2,stop
006400,2024-03-13,2024-03-15,443990.0,430670.3,4,-60399.97070565983,-0.03397068711421547,2,stop
214370,2024-03-14,2024-03-15,25350.0,24589.5,78,-67247.49548204988,-0.03397068711421558,1,stop
058470,2024-03-14,2024-03-15,46353.0,53305.95,43,289927.0051195575,0.1452924843491259,1,target
032820,2024-03-14,2024-03-18,1519.0,1473.43,1314,-67882.32163421088,-0.03397068711421547,2,stop
028300,2024-03-15,2024-03-18,104200.0,101074.0,18,-63788.70304259984,-0.03397068711421547,1,stop
083650,2024-03-15,2024-03-18,10420.0,10107.4,183,-64851.84809331037,-0.0339706871142158,1,stop
267260,2024-03-15,2024-03-19,153600.0,148992.0,12,-62686.78686719993,-0.03397068711421558,2,stop
950160,2024-03-15,2024-03-20,12530.0,12154.1,152,-64773.62564875977,-0.03397068711421547,3,stop
000150,2024-03-18,2024-03-20,144300.0,139971.0,13,-63798.905970149906,-0.03397068711421558,2,stop
237690,2024-03-19,2024-03-20,94100.0,91277.0,19,-60806.04722215026,-0.03397068711421569,1,stop
214150,2024-03-20,2024-03-21,35900.0,34823.0,50,-61047.51650749985,-0.03397068711421547,1,stop
000250,2024-03-20,2024-03-22,87100.0,84487.0,20,-59244.99930699961,-0.03397068711421536,2,stop
042660,2024-03-18,2024-03-25,28050.0,30000.0,67,122562.88509749994,0.0651406504060692,5,time
058470,2024-03-18,2024-03-25,50357.0,48846.29,37,-63367.288125026505,-0.03397068711421558,5,stop
237690,2024-03-22,2024-03-25,91900.0,89143.0,18,-56258.94251069985,-0.03397068711421547,1,stop
950160,2024-03-25,2024-03-26,15280.0,14821.6,118,-61320.95496583986,-0.03397068711421547,1,stop
402340,2024-03-25,2024-03-26,79300.0,76921.0,22,-59333.42467910028,-0.03397068711421569,1,stop
277810,2024-03-20,2024-03-27,191900.0,189900.0,9,-25024.936319999862,-0.01447292395088462,5,time
005290,2024-03-25,2024-03-27,44550.0,43213.5,40,-60605.389647,-0.03397068711421558,2,stop
000250,2024-03-26,2024-03-27,118100.0,135815.0,14,240502.89023949974,0.14529248434912567,1,target
257720,2024-03-21,2024-03-28,10670.0,11410.0,180,124936.31681999983,0.06497593793435685,5,time
043260,2024-03-26,2024-03-28,1957.0,2250.5499999999997,901,256482.64469277184,0.14529248434912545,2,target
042700,2024-03-27,2024-03-28,110300.0,126844.99999999999,16,256707.0888439999,0.1452924843491259,1,target
031980,2024-03-27,2024-03-29,47450.0,46026.5,38,-61322.99555135006,-0.03397068711421558,2,stop
007660,2024-03-28,2024-03-29,41964.0,40705.08,48,-68504.90427331207,-0.03397068711421558,1,stop
267260,2024-03-27,2024-04-01,180000.0,174600.0,10,-61217.56530000013,-0.03397068711421569,3,stop
095340,2024-03-29,2024-04-01,99600.0,96612.0,18,-60972.69503879966,-0.03397068711421536,1,stop
352820,2024-03-28,2024-04-02,226500.0,219705.0,9,-69328.89270224981,-0.03397068711421547,3,stop
000250,2024-03-29,2024-04-02,136600.0,132502.0,13,-60394.52914430015,-0.03397068711421569,2,stop
064760,2024-04-01,2024-04-02,131500.0,127555.0,13,-58139.68215574976,-0.03397068711421547,1,stop
080220,2024-04-02,2024-04-03,28750.0,27887.5,64,-62577.955639999826,-0.03397068711421547,1,stop
240810,2024-04-02,2024-04-03,42500.0,41225.0,43,-62152.83365875017,-0.03397068711421569,1,stop
084370,2024-03-28,2024-04-04,42450.0,46500.0,48,185476.4067599997,0.09092232339292972,5,time
067310,2024-04-03,2024-04-04,23935.0,27525.249999999996,75,261118.15098656225,0.14529248434912567,1,target
042700,2024-04-01,2024-04-05,134100.0,130077.0,13,-59289.21199305006,-0.03397068711421558,4,stop
064350,2024-04-02,2024-04-05,38400.0,37248.0,47,-61380.812140799826,-0.03397068711421547,3,stop
064760,2024-04-04,2024-04-05,132300.0,128331.0,16,-71991.8567927999,-0.03397068711421558,1,stop
353200,2024-04-03,2024-04-08,26150.0,25365.5,68,-60476.152564699994,-0.03397068711421558,3,stop
012450,2024-04-05,2024-04-08,229706.0,222814.82,8,-62497.96468800795,-0.03397068711421558,1,stop
039030,2024-04-04,2024-04-09,222500.0,255874.99999999997,9,291282.8339812497,0.14529248434912567,3,target
267260,2024-04-05,2024-04-09,193100.0,222064.99999999997,9,252794.22580574965,0.14529248434912567,2,target
440110,2024-04-08,2024-04-09,20600.0,19982.0,89,-62353.49123390019,-0.03397068711421569,1,stop
084370,2024-04-09,2024-04-11,49050.0,47578.5,41,-68395.32483142521,-0.03397068711421569,1,stop
010120,2024-04-08,2024-04-12,23160.0,26633.999999999996,79,266138.68882169947,0.14529248434912567,3,target
000500,2024-04-09,2024-04-12,35750.0,41112.5,56,291210.1041849996,0.14529248434912567,2,target
039030,2024-04-11,2024-04-12,244000.0,280600.0,8,283937.12456000014,0.1452924843491259,1,target
267260,2024-04-11,2024-04-12,210500.0,242074.99999999997,9,275573.1979912496,0.14529248434912567,1,target
001440,2024-04-05,2024-04-15,12630.0,13380.0,149,103708.27577850013,0.05504584946754143,5,time
214450,2024-04-12,2024-04-15,127500.0,123675.0,17,-73716.15154874953,-0.03397068711421536,1,stop
006260,2024-04-12,2024-04-16,116200.0,112714.0,19,-75086.7448163,-0.03397068711421558,2,stop
298040,2024-04-12,2024-04-16,325000.0,315250.0,6,-66319.02907499997,-0.03397068711421558,2,stop
000500,2024-04-15,2024-04-16,45100.0,43747.0,49,-75158.16530915024,-0.03397068711421569,1,stop
010120,2024-04-15,2024-04-16,27860.0,27024.2,80,-75800.94974479964,-0.03397068711421547,1,stop
267260,2024-04-16,2024-04-17,234000.0,226980.0,8,-63666.26791199995,-0.03397068711421558,1,stop
161390,2024-04-12,2024-04-19,60000.0,58200.0,37,-75501.66386999935,-0.03397068711421525,5,stop
440110,2024-04-18,2024-04-19,20500.0,19885.0,104,-72508.80512199923,-0.03397068711421525,1,stop
010120,2024-04-18,2024-04-19,29180.0,33557.0,73,309849.2963679503,0.1452924843491259,1,target
003230,2024-04-16,2024-04-22,242500.0,278875.0,8,282191.6094500001,0.1452924843491259,4,target
042660,2024-04-19,2024-04-22,33250.0,32252.5,66,-74634.41502824984,-0.03397068711421547,1,stop
031980,2024-04-19,2024-04-22,51100.0,49567.0,43,-74729.64235205017,-0.03397068711421569,1,stop
090430,2024-04-19,2024-04-22,145000.0,140650.0,15,-73971.22473749984,-0.03397068711421547,1,stop
082740,2024-04-16,2024-04-23,10840.0,11610.0,192,138874.65859199967,0.06664894459276027,5,time
010120,2024-04-22,2024-04-23,33420.0,32417.399999999998,64,-72742.79226047988,-0.03397068711421558,1,stop
042660,2024-04-24,2024-04-25,35050.0,33998.5,61,-72714.56416092487,-0.03397068711421558,1,stop
226950,2024-04-24,2024-04-25,16400.0,15908.0,131,-73066.56516139978,-0.03397068711421547,1,stop
003670,2024-04-25,2024-04-26,281100.0,272667.0,8,-76481.1449148003,-0.03397068711421569,1,stop
440110,2024-04-22,2024-04-29,18800.0,20100.0,115,140198.95812500035,0.06477238369183325,5,time
082740,2024-04-26,2024-04-30,13010.0,12619.699999999999,169,-74776.9159163651,-0.03397068711421558,2,stop
131290,2024-04-29,2024-04-30,79000.0,76630.0,29,-77916.35672349948,-0.03397068711421536,1,stop
267260,2024-04-24,2024-05-02,245000.0,237650.0,8,-66659.12666000007,-0.03397068711421558,5,stop
003230,2024-04-24,2024-05-02,282000.0,302500.0,7,134987.10802499996,0.06830396705399489,5,time
000500,2024-04-30,2024-05-02,50300.0,48791.0,43,-73559.7066596502,-0.03397068711421569,1,stop
272210,2024-04-30,2024-05-02,20150.0,19545.5,108,-74012.03644769965,-0.03397068711421547,1,stop
087010,2024-04-25,2024-05-03,26844.0,30870.6,85,331900.97059095,0.1452924843491259,5,target
131290,2024-05-02,2024-05-03,82000.0,79540.0,25,-69720.00492499955,-0.03397068711421536,1,stop
090430,2024-05-02,2024-05-07,172400.0,167228.0,11,-64496.10601940006,-0.03397068711421558,2,stop
218410,2024-05-03,2024-05-07,17670.0,17139.899999999998,136,-81729.53084651986,-0.03397068711421558,1,stop
214450,2024-05-07,2024-05-08,139000.0,134830.0,15,-70910.34647249989,-0.03397068711421558,1,stop
131290,2024-05-07,2024-05-08,82000.0,79540.0,25,-69720.00492499955,-0.03397068711421536,1,stop
257720,2024-05-03,2024-05-09,14850.0,17077.5,162,349932.1416772506,0.14529248434912612,3,target
278470,2024-05-02,2024-05-10,57900.0,66585.0,35,294773.8642012498,0.14529248434912567,5,target
011070,2024-05-02,2024-05-10,222500.0,234000.0,9,94988.23132500029,0.04738032765098388,5,time
043260,2024-05-08,2024-05-10,1911.0,2197.6499999999996,1055,293261.8117372121,0.14529248434912567,2,target
214150,2024-05-10,2024-05-13,48500.0,47045.0,48,-79174.71778800013,-0.03397068711421569,1,stop
005290,2024-05-10,2024-05-13,47950.0,46511.5,49,-79907.62808367517,-0.03397068711421569,1,stop
259960,2024-05-10,2024-05-13,265000.0,257050.0,8,-72100.68801999954,-0.03397068711421536,1,stop
257720,2024-05-13,2024-05-14,26000.0,25220.0,88,-77814.3274480002,-0.03397068711421569,1,stop
000500,2024-05-13,2024-05-14,66800.0,64796.0,34,-77242.96350520011,-0.03397068711421569,1,stop
043260,2024-05-13,2024-05-14,2125.0,2061.25,1082,-78196.93723112531,-0.03397068711421569,1,stop
009830,2024-05-08,2024-05-16,28250.0,30000.0,71,115663.74013749999,0.05759983164213245,5,time
001440,2024-05-14,2024-05-16,18430.0,17877.1,120,-75215.98189860024,-0.03397068711421569,1,stop
032820,2024-05-14,2024-05-16,1738.0,1998.6999999999998,1279,323342.41908743465,0.14529248434912567,1,target
011200,2024-05-14,2024-05-16,18560.0,18003.2,119,-75115.31301343953,-0.03397068711421536,1,stop
218410,2024-05-10,2024-05-17,17600.0,17072.0,134,-80208.6144464002,-0.03397068711421569,4,stop
083650,2024-05-16,2024-05-17,9960.0,9661.199999999999,225,-76215.86879850039,-0.0339706871142158,1,stop
007660,2024-05-17,2024-05-20,49209.0,47732.729999999996,45,-75311.37927119294,-0.0339706871142158,1,stop
214150,2024-05-17,2024-05-20,49250.0,47772.5,45,-75374.12727562524,-0.03397068711421569,1,stop
010120,2024-05-17,2024-05-20,38900.0,44735.0,57,322527.55445024977,0.14529248434912567,1,target
001440,2024-05-20,2024-05-22,19200.0,18624.0,120,-78358.4835839998,-0.03397068711421547,2,stop
000810,2024-05-20,2024-05-22,365500.0,354535.0,6,-74583.40039049974,-0.03397068711421547,2,stop
257720,2024-05-16,2024-05-23,28400.0,31450.0,78,228120.32626500027,0.1028612563619109,5,time
263750,2024-05-16,2024-05-23,38700.0,40900.0,57,115990.09514999948,0.052521348385108135,5,time
032820,2024-05-20,2024-05-23,1970.0,2265.5,1170,335269.81475324975,0.14529248434912567,3,target
007660,2024-05-22,2024-05-23,51543.0,49996.71,43,-75377.4942417168,-0.03397068711421569,1,stop
003230,2024-05-22,2024-05-24,493500.0,478695.0,4,-67135.26327900006,-0.03397068711421558,2,stop
336260,2024-05-23,2024-05-24,25000.0,24250.0,98,-83323.90832499973,-0.03397068711421547,1,stop
196170,2024-05-23,2024-05-24,192300.0,186531.0,12,-78480.91871459968,-0.03397068711421547,1,stop
005380,2024-05-23,2024-05-27,273500.0,265295.0,8,-74413.35159799969,-0.03397068711421547,2,stop
178320,2024-05-24,2024-05-27,30050.0,34557.5,77,336571.678106125,0.1452924843491259,1,target
950160,2024-05-24,2024-05-27,15660.0,15190.199999999999,149,-79356.32989839045,-0.0339706871142158,1,stop
000150,2024-05-24,2024-05-28,193000.0,221949.99999999997,12,336884.4162299996,0.14529248434912567,2,target
010120,2024-05-27,2024-05-28,47000.0,45590.0,50,-79922.93247499969,-0.03397068711421547,1,stop
336260,2024-05-27,2024-05-28,26400.0,25608.0,89,-79909.32857159991,-0.03397068711421558,1,stop
083650,2024-05-27,2024-05-28,11070.0,10737.9,212,-79815.46163814003,-0.03397068711421558,1,stop
034020,2024-05-28,2024-05-29,21900.0,21243.0,109,-81184.69451534981,-0.03397068711421547,1,stop
178320,2024-05-29,2024-05-30,32400.0,31428.0,73,-80439.88080420019,-0.03397068711421569,1,stop
084370,2024-05-29,2024-05-31,56500.0,54805.0,41,-78783.60556524992,-0.03397068711421558,2,stop
267260,2024-05-27,2024-06-03,285000.0,291000.0,8,38514.597600000445,0.016872960932404757,5,time
087010,2024-05-28,2024-06-04,34015.0,38571.0,70,308221.7887839996,0.1292991305326967,5,time
034730,2024-06-03,2024-06-04,176200.0,170914.0,13,-77902.75282009924,-0.03397068711421525,1,stop
950160,2024-05-29,2024-06-05,14090.0,14190.0,167,7007.580018999986,0.00297468774734444,5,time
310210,2024-05-30,2024-06-05,41350.0,47552.49999999999,56,336826.2323929998,0.14529248434912567,4,target
257720,2024-06-04,2024-06-05,43000.0,41710.0,57,-83357.91808349965,-0.03397068711421547,1,stop
196170,2024-06-05,2024-06-07,230500.0,265075.0,10,335284.3607125003,0.1452924843491259,1,target
214370,2024-06-05,2024-06-07,24250.0,23522.5,103,-84947.87429337483,-0.03397068711421547,1,stop
078600,2024-05-31,2024-06-10,117600.0,123100.0,19,95034.91069499962,0.042483768288800405,5,time
000250,2024-06-04,2024-06-10,124800.0,121056.0,19,-80643.93935519969,-0.03397068711421547,3,stop
180640,2024-06-05,2024-06-10,66700.0,64699.0,37,-83932.68300215015,-0.03397068711421569,2,stop
031980,2024-06-07,2024-06-10,65000.0,74750.0,40,378194.9405000005,0.14529248434912612,1,target
196170,2024-06-10,2024-06-11,265000.0,257050.0,9,-81113.27402249957,-0.03397068711421536,1,stop
247540,2024-06-10,2024-06-11,219000.0,212430.0,11,-81929.50822649943,-0.03397068711421536,1,stop
086520,2024-06-10,2024-06-11,105949.0,102770.53,23,-82875.89777627913,-0.03397068711421547,1,stop
237690,2024-06-10,2024-06-12,106400.0,103208.0,23,-83228.68100119988,-0.03397068711421558,2,stop
440110,2024-06-11,2024-06-12,21500.0,20855.0,114,-83357.91808349965,-0.03397068711421547,1,stop
000100,2024-06-11,2024-06-12,78400.0,76048.0,31,-82657.31705839979,-0.03397068711421547,1,stop
310210,2024-06-07,2024-06-13,47100.0,45687.0,56,-89704.13901960012,-0.03397068711421558,4,stop
078600,2024-06-12,2024-06-13,154900.0,150253.0,15,-79021.6738747498,-0.03397068711421547,1,stop
145020,2024-06-12,2024-06-13,240000.0,232800.0,9,-73461.07835999946,-0.03397068711421536,1,stop
003670,2024-06-12,2024-06-14,278192.0,269846.24,8,-75689.94189305604,-0.03397068711421558,2,stop
257720,2024-06-13,2024-06-14,51900.0,50343.0,46,-81194.89744290011,-0.03397068711421558,1,stop
047050,2024-06-13,2024-06-14,55800.0,64169.99999999999,43,349015.7462444999,0.1452924843491259,1,target
000150,2024-06-14,2024-06-17,225500.0,218735.0,11,-84361.20595924975,-0.03397068711421547,1,stop
214150,2024-06-14,2024-06-17,55400.0,53738.0,44,-82902.18731960002,-0.03397068711421558,1,stop
402340,2024-06-11,2024-06-18,89400.0,93400.0,27,97789.37544000009,0.04046608343749014,5,time
047050,2024-06-17,2024-06-18,69400.0,67318.0,34,-80249.4261566,-0.03397068711421558,1,stop
082740,2024-06-17,2024-06-18,15300.0,14841.0,156,-81174.49158779997,-0.03397068711421558,1,stop
079550,2024-06-18,2024-06-19,204500.0,198365.0,11,-76504.95174574945,-0.03397068711421536,1,stop
042700,2024-06-13,2024-06-20,175900.0,179300.0,13,34698.34225000022,0.015156548650657742,5,time
003230,2024-06-19,2024-06-20,695000.0,674150.0,3,-70910.34647250036,-0.0339706871142158,1,stop
000660,2024-06-14,2024-06-21,225000.0,234000.0,11,88565.09805000015,0.035742768454861684,5,time
272210,2024-06-18,2024-06-21,19500.0,18915.0,122,-80909.2154714996,-0.03397068711421547,3,stop
000250,2024-06-20,2024-06-21,161600.0,156752.0,14,-76943.67763040029,-0.03397068711421569,1,stop
012450,2024-06-20,2024-06-21,258228.0,250481.16,8,-70258.17534350394,-0.03397068711421558,1,stop
000990,2024-06-21,2024-06-24,55900.0,54223.0,41,-77946.96550615039,-0.0339706871142158,1,stop
079550,2024-06-21,2024-06-24,213500.0,207095.0,10,-72610.83439749992,-0.03397068711421558,1,stop
141080,2024-06-21,2024-06-24,74900.0,72653.0,30,-76419.92734949989,-0.03397068711421558,1,stop
100790,2024-06-18,2024-06-25,6170.0,6090.0,386,-40549.31930000009,-0.01700638014429201,5,time
078930,2024-06-24,2024-06-25,50800.0,49276.0,44,-76018.61219919939,-0.03397068711421536,1,stop
310210,2024-06-24,2024-06-25,51000.0,49470.0,44,-76317.89807399968,-0.03397068711421547,1,stop
145020,2024-06-24,2024-06-25,248000.0,240560.0,9,-75909.78097199975,-0.03397068711421547,1,stop
000250,2024-06-25,2024-06-26,147300.0,142881.0,15,-75144.56140574953,-0.03397068711421536,1,stop
034220,2024-06-25,2024-06-26,11800.0,11446.0,188,-75447.24825640023,-0.03397068711421569,1,stop
009540,2024-06-25,2024-06-26,155800.0,151126.0,14,-74182.0852401997,-0.03397068711421547,1,stop
028300,2024-06-26,2024-06-27,72000.0,69840.0,30,-73461.07835999946,-0.03397068711421536,1,stop
086280,2024-06-21,2024-06-28,107291.0,109543.0,21,37918.881319200154,0.016810232172772777,5,time
000500,2024-06-28,2024-07-01,55500.0,53835.0,39,-73614.12227324955,-0.03397068711421536,1,stop
087010,2024-06-28,2024-07-01,44967.0,51712.049999999996,49,320503.1933014272,0.14529248434912567,1,target
010120,2024-06-28,2024-07-01,43600.0,42292.0,50,-74141.27352999989,-0.03397068711421558,1,stop
329180,2024-06-25,2024-07-02,152000.0,153300.0,14,9425.375890000723,0.004424129580784086,5,time
007660,2024-07-01,2024-07-02,56794.0,55090.18,39,-75330.45874571102,-0.03397068711421558,1,stop
021240,2024-06-26,2024-07-03,61000.0,63700.0,35,85471.75227500033,0.039987615866561965,5,time
298380,2024-07-02,2024-07-03,24250.0,23522.5,91,-75051.0345698744,-0.03397068711421536,1,stop
036930,2024-07-02,2024-07-03,38550.0,37393.5,57,-74731.34283997491,-0.03397068711421558,1,stop
347850,2024-07-03,2024-07-04,7870.0,7633.9,277,-74140.93343241513,-0.03397068711421569,1,stop
000250,2024-07-03,2024-07-04,162500.0,186875.0,13,307283.3891562498,0.14529248434912567,1,target
000500,2024-07-03,2024-07-04,49700.0,48209.0,43,-72682.25489034993,-0.03397068711421558,1,stop
087010,2024-07-03,2024-07-05,57468.0,66088.2,38,317652.33074801974,0.14529248434912567,2,target
178320,2024-07-04,2024-07-05,34150.0,33125.5,65,-75493.16143037518,-0.03397068711421569,1,stop
028300,2024-07-04,2024-07-05,78400.0,90160.0,28,319312.8974560001,0.1452924843491259,1,target
207940,2024-07-04,2024-07-08,1192113.0,1156349.6099999999,1,-40543.47523471061,-0.03397068711421569,2,stop
298380,2024-07-05,2024-07-08,29400.0,28518.0,93,-92989.48169070017,-0.03397068711421569,1,stop
310210,2024-07-05,2024-07-08,57000.0,65550.0,48,397977.44508,0.1452924843491259,1,target
000150,2024-07-05,2024-07-08,229500.0,222615.0,12,-93662.87490899954,-0.03397068711421547,1,stop
003490,2024-07-02,2024-07-09,23200.0,22504.0,95,-74957.50773399929,-0.03397068711421525,5,stop
028300,2024-07-08,2024-07-09,95400.0,92538.0,25,-81113.27402250003,-0.03397068711421558,1,stop
000250,2024-07-08,2024-07-10,196700.0,226204.99999999997,12,343342.8221369996,0.14529248434912567,2,target
087010,2024-07-08,2024-07-10,64058.0,73666.7,37,344760.4713255046,0.14529248434912567,2,target
086520,2024-07-09,2024-07-10,103006.0,99915.81999999999,22,-77070.60204912163,-0.03397068711421547,1,stop
347850,2024-07-08,2024-07-11,8758.0,8495.26,275,-81910.80285932496,-0.03397068711421558,3,stop
032820,2024-07-10,2024-07-11,2925.0,2837.25,870,-86546.3329428751,-0.03397068711421558,1,stop
310210,2024-07-10,2024-07-11,70900.0,68773.0,35,-84395.21571774967,-0.03397068711421547,1,stop
006260,2024-07-11,2024-07-12,159800.0,155006.0,15,-81521.39112449996,-0.03397068711421558,1,stop
298040,2024-07-11,2024-07-12,394000.0,382180.0,6,-80399.06909399992,-0.03397068711421558,1,stop
353200,2024-07-11,2024-07-12,24900.0,24153.0,97,-82143.76970505016,-0.03397068711421569,1,stop
131970,2024-07-09,2024-07-15,42400.0,41128.0,53,-76426.72930119978,-0.03397068711421547,4,stop
039030,2024-07-10,2024-07-15,207500.0,201275.0,12,-84684.29866499966,-0.03397068711421547,3,stop
058610,2024-07-12,2024-07-15,27550.0,26723.5,85,-79642.3519673748,-0.03397068711421547,1,stop
403870,2024-07-12,2024-07-15,42000.0,40740.0,56,-79990.95199199999,-0.03397068711421558,1,stop
032820,2024-07-15,2024-07-16,2885.0,2798.45,791,-77611.45923854737,-0.03397068711421558,1,stop
454910,2024-07-15,2024-07-16,103600.0,100492.0,22,-77515.04157319991,-0.03397068711421558,1,stop
310210,2024-07-15,2024-07-16,83300.0,80801.0,27,-76491.34784235014,-0.03397068711421569,1,stop
950160,2024-07-15,2024-07-17,18490.0,17935.3,123,-77347.37346379459,-0.03397068711421536,2,stop
047040,2024-07-16,2024-07-17,4270.0,4141.9,517,-75079.60276701488,-0.03397068711421558,1,stop
226950,2024-07-12,2024-07-18,10280.0,11821.999999999998,228,340934.0112851993,0.14529248434912545,4,target
079550,2024-07-16,2024-07-18,235500.0,228435.0,9,-72083.68314075004,-0.03397068711421558,2,stop
267270,2024-07-17,2024-07-18,63800.0,61886.0,35,-75943.79073049966,-0.03397068711421547,1,stop
009540,2024-07-17,2024-07-19,180000.0,174600.0,12,-73461.0783599997,-0.03397068711421547,2,stop
443060,2024-07-18,2024-07-19,133500.0,129495.0,17,-77185.14691575011,-0.03397068711421558,1,stop
010140,2024-07-18,2024-07-19,10930.0,10602.1,213,-79177.77866626531,-0.03397068711421569,1,stop
096770,2024-07-18,2024-07-19,127500.0,123675.0,18,-78052.39575749962,-0.03397068711421547,1,stop
000100,2024-07-16,2024-07-23,96500.0,96800.0,22,-2119.9357300000265,-0.0009974094616320706,5,time
226950,2024-07-22,2024-07-23,13860.0,15938.999999999998,159,320555.12237594975,0.14529248434912567,1,target
079550,2024-07-22,2024-07-23,232500.0,225525.0,9,-71165.41966124997,-0.03397068711421558,1,stop
267270,2024-07-22,2024-07-23,59400.0,68310.0,37,319691.09239650005,0.1452924843491259,1,target
012450,2024-07-22,2024-07-23,288789.0,280125.33,7,-68751.50903219543,-0.03397068711421558,1,stop
009540,2024-07-23,2024-07-25,186600.0,181002.0,12,-76154.65123319998,-0.03397068711421558,2,stop
082740,2024-07-24,2024-07-25,16900.0,16393.0,140,-80467.08861099975,-0.03397068711421547,1,stop
010120,2024-07-24,2024-07-25,51600.0,50052.0,45,-78970.6592369997,-0.03397068711421547,1,stop
090430,2024-07-23,2024-07-26,177700.0,172369.0,12,-72522.40902539995,-0.03397068711421558,3,stop
272210,2024-07-25,2024-07-26,22000.0,21340.0,103,-77066.11276100017,-0.03397068711421569,1,stop
347850,2024-07-25,2024-07-29,9522.0,9236.34,239,-77397.9799844427,-0.03397068711421547,2,stop
226950,2024-07-25,2024-08-01,14660.0,15100.0,155,58686.60313000018,0.02579729009263909,5,time
145020,2024-07-25,2024-08-01,240000.0,246500.0,9,49475.42707500048,0.022878976058186895,5,time
047810,2024-08-01,2024-08-02,56500.0,54805.0,43,-82626.70827574981,-0.03397068711421547,1,stop
329180,2024-07-29,2024-08-05,207000.0,200790.0,10,-70400.20009499998,-0.03397068711421558,5,stop
064350,2024-07-29,2024-08-05,49500.0,48015.0,44,-74073.25401300006,-0.03397068711421558,5,stop
009540,2024-07-29,2024-08-05,200000.0,194000.0,10,-68019.51699999999,-0.03397068711421558,5,stop
042660,2024-08-02,2024-08-05,32050.0,31088.5,74,-80660.94423445035,-0.03397068711421569,1,stop
084370,2024-08-02,2024-08-05,45850.0,44474.5,52,-81086.06621569954,-0.03397068711421536,1,stop
095340,2024-08-12,2024-08-13,54900.0,53253.0,39,-72818.2939243496,-0.03397068711421536,1,stop
214150,2024-08-12,2024-08-13,50800.0,49276.0,42,-72563.22073559975,-0.03397068711421547,1,stop
145020,2024-08-12,2024-08-13,261000.0,253170.0,8,-71012.37574800011,-0.03397068711421569,1,stop
141080,2024-08-13,2024-08-14,94600.0,91762.0,22,-70781.10939019988,-0.03397068711421558,1,stop
298380,2024-08-13,2024-08-14,30600.0,29682.0,68,-70767.50548680034,-0.03397068711421569,1,stop
214450,2024-08-08,2024-08-16,169900.0,188100.0,12,209400.73571999976,0.10258984213767963,5,time
259960,2024-08-14,2024-08-19,330000.0,320100.0,6,-67339.3218299998,-0.03397068711421547,2,stop
009830,2024-08-16,2024-08-19,28500.0,27645.0,83,-80450.08373174956,-0.03397068711421536,1,stop
064350,2024-08-14,2024-08-20,52800.0,51216.0,38,-68237.17945439997,-0.03397068711421558,3,stop
084370,2024-08-19,2024-08-20,51600.0,50052.0,40,-70196.14154400001,-0.03397068711421558,1,stop
326030,2024-08-13,2024-08-21,98000.0,107000.0,21,180008.72295000008,0.08736730989668562,5,time
006800,2024-08-13,2024-08-21,7895.0,8174.0,266,65388.7065433003,0.031100670988215562,5,time
131290,2024-08-21,2024-08-22,52000.0,50440.0,43,-76045.82000599941,-0.03397068711421536,1,stop
031980,2024-08-19,2024-08-23,53500.0,51895.0,39,-70961.36111024977,-0.03397068711421547,4,stop
043260,2024-08-20,2024-08-23,1750.0,1697.5,1139,-67789.95113012497,-0.03397068711421558,3,stop
005830,2024-08-21,2024-08-23,121300.0,117661.0,18,-74256.90670889989,-0.03397068711421558,2,stop
237690,2024-08-22,2024-08-23,106500.0,103305.0,21,-76062.8248852496,-0.03397068711421536,1,stop
277810,2024-08-20,2024-08-27,143600.0,151000.0,13,88265.8778299999,0.04722759559596712,5,time
000100,2024-08-26,2024-08-28,110300.0,126844.99999999999,18,288795.4749494996,0.14529248434912567,2,target
310210,2024-08-27,2024-08-29,87200.0,84584.0,23,-68209.97164760018,-0.03397068711421569,2,stop
058610,2024-08-23,2024-08-30,24700.0,26300.0,83,124006.77914,0.060418670599613034,5,time
015760,2024-08-27,2024-08-30,22050.0,21388.5,94,-70492.02644295013,-0.03397068711421569,3,stop
237690,2024-08-26,2024-09-02,111200.0,110600.0,18,-18971.118180000223,-0.009467088137212198,5,time
347850,2024-08-29,2024-09-03,8571.0,8313.869999999999,238,-69376.43834463344,-0.0339706871142158,3,stop
226950,2024-08-30,2024-09-03,14100.0,16214.999999999998,148,303545.0776289995,0.14529248434912567,2,target
373220,2024-08-28,2024-09-04,375000.0,399500.0,6,137345.68665000005,0.06097239999414672,5,time
003670,2024-09-03,2024-09-04,242328.0,235058.16,8,-65932.13406230393,-0.03397068711421558,1,stop
011070,2024-09-03,2024-09-04,278000.0,269660.0,7,-66182.99004099984,-0.03397068711421547,1,stop
006400,2024-09-03,2024-09-04,365668.0,354697.95999999996,5,-62181.401855890406,-0.0339706871142158,1,stop
000100,2024-08-30,2024-09-05,135000.0,130950.0,15,-68869.7609625,-0.03397068711421558,4,stop
032820,2024-09-05,2024-09-06,2275.0,2206.75,930,-71956.14654637454,-0.03397068711421536,1,stop
278470,2024-09-04,2024-09-11,55200.0,59000.0,38,135377.91726000002,0.06446528948642771,5,time
226950,2024-09-05,2024-09-12,15420.0,17733.0,137,307289.20753995003,0.1452924843491259,5,target
087010,2024-09-12,2024-09-13,51653.0,50103.409999999996,42,-73781.65434362134,-0.03397068711421569,1,stop
214450,2024-09-12,2024-09-13,186500.0,180905.0,11,-69771.01956275012,-0.03397068711421569,1,stop
062040,2024-09-13,2024-09-19,40750.0,39527.5,53,-73452.5759203746,-0.03397068711421536,1,stop
090430,2024-09-10,2024-09-20,139300.0,137700.0,15,-32492.43570000003,-0.015532475452575745,5,time
267260,2024-09-13,2024-09-20,291000.0,334650.0,7,296301.18992249994,0.1452924843491259,2,target
032820,2024-09-20,2024-09-23,2575.0,2497.75,903,-79080.34070816217,-0.03397068711421547,1,stop
298040,2024-09-20,2024-09-23,334000.0,323980.0,6,-68155.55603399989,-0.03397068711421558,1,stop
440110,2024-09-12,2024-09-24,15120.0,15720.0,146,78294.89235599991,0.03542660765863004,5,time
267260,2024-09-23,2024-09-24,328500.0,318645.0,6,-67033.23400350008,-0.03397068711421558,1,stop
310210,2024-09-23,2024-09-24,94900.0,92053.0,23,-74233.09987795027,-0.03397068711421569,1,stop
000150,2024-09-13,2024-09-25,160100.0,163500.0,13,35540.11252999981,0.01705630280575754,5,time
347850,2024-09-24,2024-09-25,10110.0,9806.699999999999,219,-75300.66619726503,-0.03397068711421558,1,stop
226950,2024-09-24,2024-09-25,20100.0,19497.0,110,-75195.5760435001,-0.03397068711421558,1,stop
010130,2024-09-19,2024-09-26,679000.0,713000.0,3,93351.26550000021,0.04577516980332552,5,time
000100,2024-09-25,2024-09-26,156400.0,151708.0,13,-69148.64098220016,-0.03397068711421569,1,stop
403870,2024-09-24,2024-10-02,30500.0,31750.0,72,80735.02830000035,0.03672234862679269,5,time
086520,2024-09-25,2024-10-02,89370.0,86688.9,23,-69907.39869433502,-0.03397068711421558,4,stop
006260,2024-09-25,2024-10-02,124800.0,121056.0,17,-72155.10363359982,-0.03397068711421547,4,stop
180640,2024-09-26,2024-10-02,84900.0,82353.0,25,-72185.71241625003,-0.03397068711421558,3,stop
000500,2024-09-26,2024-10-02,38450.0,37296.5,56,-73229.8120021997,-0.03397068711421547,3,stop
066970,2024-10-02,2024-10-04,110500.0,107185.0,18,-67645.40965649998,-0.03397068711421558,1,stop
051910,2024-10-02,2024-10-04,358000.0,347260.0,5,-60877.467715000035,-0.03397068711421558,1,stop
010130,2024-10-07,2024-10-08,777000.0,753690.0,2,-52851.16470899992,-0.03397068711421558,1,stop
001440,2024-10-07,2024-10-08,13330.0,12930.1,155,-70269.26252477476,-0.03397068711421547,1,stop
079550,2024-10-08,2024-10-10,242000.0,234740.0,8,-65842.89245599997,-0.03397068711421558,1,stop
226950,2024-10-10,2024-10-11,21350.0,24552.499999999996,94,291922.85618824954,0.14529248434912567,1,target
310210,2024-10-07,2024-10-15,100500.0,110600.0,20,193167.1118999999,0.09599263481733344,5,time
012450,2024-10-07,2024-10-15,335292.0,368280.0,6,189099.93631320004,0.09388965085357426,5,time
064350,2024-10-08,2024-10-16,60600.0,64100.0,34,110205.25077000028,0.05342586090944157,5,time
082740,2024-10-08,2024-10-16,14910.0,15770.0,138,109897.75106999953,0.05334980772669118,5,time
087010,2024-10-11,2024-10-16,75300.0,86595.0,30,328593.21945750015,0.1452924843491259,3,target
298380,2024-10-15,2024-10-16,41100.0,39867.0,54,-75481.25801490014,-0.03397068711421569,1,stop
226950,2024-10-15,2024-10-17,25650.0,29497.499999999996,86,320869.3150957492,0.14529248434912545,2,target
950160,2024-10-16,2024-10-17,17300.0,16781.0,131,-77076.31568855,-0.03397068711421558,1,stop
141080,2024-10-16,2024-10-17,125000.0,121250.0,18,-76521.95662500011,-0.03397068711421558,1,stop
326030,2024-10-16,2024-10-18,125700.0,121929.0,18,-76950.47958209971,-0.03397068711421547,2,stop
007660,2024-10-17,2024-10-21,42838.0,41552.86,54,-78673.1418696423,-0.03397068711421569,2,stop
087010,2024-10-18,2024-10-21,100600.0,97582.0,24,-82113.16092240019,-0.03397068711421569,1,stop
347850,2024-10-21,2024-10-22,12587.0,12209.39,183,-78338.79193382803,-0.03397068711421536,1,stop
440110,2024-10-16,2024-10-23,18710.0,20050.0,121,152384.04721100023,0.06723278931052801,5,time
083650,2024-10-21,2024-10-23,10290.0,9981.3,224,-78391.1329521602,-0.03397068711421569,2,stop
454910,2024-10-22,2024-10-23,70800.0,68676.0,31,-74644.61795580061,-0.033970687114215914,1,stop
000150,2024-10-17,2024-10-24,198000.0,204000.0,11,56879.549099999946,0.026085493224513367,5,time
012330,2024-10-17,2024-10-24,240000.0,250000.0,9,80882.56350000063,0.03740261263507816,5,time
226950,2024-10-23,2024-10-24,30650.0,29730.5,74,-77137.53325384995,-0.03397068711421558,1,stop
267260,2024-10-24,2024-10-25,338500.0,328345.0,6,-69073.81951349974,-0.03397068711421547,1,stop
047810,2024-10-24,2024-10-28,56800.0,55096.0,39,-75338.41702919966,-0.03397068711421547,2,stop
083650,2024-10-25,2024-10-28,11610.0,11261.699999999999,189,-74627.2729789652,-0.03397068711421569,1,stop
443060,2024-10-23,2024-10-29,125100.0,143865.0,18,327545.9103915002,0.1452924843491259,4,target
010130,2024-10-28,2024-10-29,1300000.0,1495000.0,1,189097.47025000025,0.14529248434912612,1,target
440110,2024-10-28,2024-10-29,21950.0,21291.5,97,-72411.87731027533,-0.03397068711421569,1,stop
218410,2024-10-23,2024-10-30,13850.0,13434.5,164,-77249.7654569,-0.03397068711421558,5,stop
083650,2024-10-30,2024-10-31,12450.0,12076.5,183,-77486.13327847468,-0.03397068711421547,1,stop
015760,2024-10-25,2024-11-01,22850.0,23050.0,96,10153.585920000449,0.004623414108928081,5,time
443060,2024-10-31,2024-11-01,142600.0,138322.0,15,-72746.87343150028,-0.03397068711421569,1,stop
098460,2024-11-01,2024-11-04,10710.0,10388.699999999999,206,-75034.36978821037,-0.0339706871142158,1,stop
066970,2024-10-29,2024-11-05,109700.0,115500.0,21,111999.90417,0.04856154684573766,5,time
036930,2024-10-30,2024-11-06,30300.0,30750.0,75,24337.343812500127,0.010697198844471956,5,time
062040,2024-11-05,2024-11-06,46500.0,53474.99999999999,49,331429.68151124986,0.1452924843491259,1,target
310210,2024-11-05,2024-11-07,117000.0,113490.0,19,-75603.69314549956,-0.03397068711421536,2,stop
003230,2024-11-05,2024-11-07,589000.0,571330.0,3,-60095.243269499624,-0.03397068711421536,2,stop
403870,2024-11-06,2024-11-07,37000.0,35890.0,75,-94377.07983749965,-0.03397068711421547,1,stop
161390,2024-11-06,2024-11-08,39300.0,38121.0,70,-93560.84563349932,-0.03397068711421536,2,stop
145020,2024-11-07,2024-11-08,313000.0,303610.0,6,-63870.32646299992,-0.03397068711421558,1,stop
298040,2024-11-07,2024-11-08,477500.0,463175.0,4,-64958.63873499981,-0.03397068711421547,1,stop
000250,2024-11-04,2024-11-11,137400.0,133278.0,15,-70094.11226850003,-0.03397068711421558,5,stop
062040,2024-11-08,2024-11-11,55200.0,63479.99999999999,41,329204.14974599937,0.14529248434912567,1,target
000150,2024-11-08,2024-11-12,236500.0,229405.0,9,-72389.77096724953,-0.03397068711421536,2,stop
272210,2024-11-11,2024-11-12,23150.0,26622.499999999996,104,350208.51490299916,0.14529248434912545,1,target
196170,2024-11-11,2024-11-12,448000.0,434560.0,5,-76181.85903999954,-0.03397068711421536,1,stop
042660,2024-11-08,2024-11-13,35850.0,34774.5,64,-78031.98990239995,-0.03397068711421558,3,stop
087010,2024-11-12,2024-11-13,113600.0,110192.0,21,-81133.6798775997,-0.03397068711421547,1,stop
100790,2024-11-12,2024-11-13,5860.0,5684.2,407,-81113.95421766955,-0.03397068711421536,1,stop
010140,2024-11-12,2024-11-13,11840.0,11484.8,201,-80937.78366864054,-0.0339706871142158,1,stop
267270,2024-11-07,2024-11-14,56800.0,60700.0,38,138917.54410999967,0.06428741273716976,5,time
083650,2024-11-13,2024-11-14,15920.0,15442.4,143,-77425.25581075996,-0.03397068711421558,1,stop
218410,2024-11-13,2024-11-14,14280.0,13851.6,160,-77705.4962208001,-0.03397068711421558,1,stop
033780,2024-11-14,2024-11-15,123000.0,119310.0,18,-75297.60531899985,-0.03397068711421547,1,stop
100790,2024-11-15,2024-11-18,6300.0,6111.0,353,-75634.30192814954,-0.03397068711421536,1,stop
087010,2024-11-15,2024-11-18,113000.0,129949.99999999999,19,312301.7450974998,0.14529248434912567,1,target
062040,2024-11-13,2024-11-19,59700.0,57909.0,38,-77154.53813309968,-0.03397068711421547,4,stop
329180,2024-11-13,2024-11-19,205500.0,236324.99999999997,11,328811.4088462498,0.14529248434912567,4,target
267270,2024-11-18,2024-11-19,64000.0,62080.0,36,-78358.4835839998,-0.03397068711421547,1,stop
028300,2024-11-19,2024-11-20,75800.0,73526.0,30,-77338.19082899997,-0.03397068711421558,1,stop
272210,2024-11-14,2024-11-21,27500.0,26675.0,81,-75756.73705874942,-0.03397068711421536,5,stop
000500,2024-11-20,2024-11-21,46450.0,45056.5,52,-82147.1706809001,-0.03397068711421558,1,stop
083650,2024-11-19,2024-11-22,16450.0,18917.5,142,339779.0621207496,0.14529248434912567,3,target
329180,2024-11-21,2024-11-22,236000.0,228920.0,9,-72236.72705399967,-0.03397068711421547,1,stop
214370,2024-11-22,2024-11-25,22700.0,22019.0,107,-82606.30242064968,-0.03397068711421547,1,stop
108490,2024-11-22,2024-11-25,20791.0,20167.27,116,-82023.23912092578,-0.03397068711421547,1,stop
011200,2024-11-19,2024-11-26,17940.0,18500.0,130,63027.55991999991,0.026993890769174023,5,time
018260,2024-11-19,2024-11-26,147600.0,151500.0,15,49254.1242750003,0.022221110986759607,5,time
083650,2024-11-25,2024-11-26,19360.0,18779.2,121,-79669.89987176005,-0.03397068711421558,1,stop
096770,2024-11-25,2024-11-27,119900.0,116303.0,19,-77477.63083885005,-0.03397068711421558,2,stop
010120,2024-11-26,2024-11-27,30020.0,29119.399999999998,77,-78614.91716308985,-0.03397068711421547,1,stop
278470,2024-11-21,2024-11-28,51000.0,51400.0,44,8351.75352000026,0.003717539565985861,5,time
214370,2024-11-27,2024-11-28,24400.0,23668.0,93,-77174.94398820028,-0.03397068711421569,1,stop
131970,2024-11-27,2024-11-28,26600.0,25802.0,85,-76896.06396849966,-0.03397068711421547,1,stop
086520,2024-11-26,2024-11-29,77794.0,75460.18,29,-76726.89942972083,-0.03397068711421547,3,stop
108490,2024-11-28,2024-11-29,22154.0,21489.38,99,-74591.76679109083,-0.03397068711421547,1,stop
032640,2024-11-28,2024-11-29,11930.0,11572.1,185,-75061.2374974247,-0.03397068711421547,1,stop
347850,2024-11-28,2024-12-02,9709.0,9417.73,228,-75285.76992304204,-0.03397068711421558,2,stop
336260,2024-11-29,2024-12-02,18600.0,18042.0,115,-72746.87343150005,-0.03397068711421558,1,stop
010130,2024-11-29,2024-12-02,1154000.0,1327100.0,1,167860.36974500003,0.1452924843491259,1,target
277810,2024-11-29,2024-12-02,150300.0,145791.0,14,-71563.33383569983,-0.03397068711421547,1,stop
000500,2024-11-26,2024-12-03,43700.0,46500.0,53,138470.66836,0.05971745144233109,5,time
035720,2024-12-02,2024-12-04,40550.0,46632.5,53,312614.4832213749,0.1452924843491259,2,target
377300,2024-12-03,2024-12-04,27500.0,26675.0,82,-76692.00541749969,-0.03397068711421547,1,stop
021240,2024-12-03,2024-12-04,70900.0,68773.0,31,-74750.0482071503,-0.03397068711421569,1,stop
950160,2024-12-02,2024-12-05,18460.0,21229.0,116,311481.3529958003,0.14529248434912612,3,target
010130,2024-12-04,2024-12-05,1604000.0,1844599.9999999998,1,233317.18636999978,0.14529248434912567,1,target
007660,2024-12-04,2024-12-05,25673.0,24902.809999999998,88,-76835.66263740417,-0.03397068711421569,1,stop
000810,2024-12-04,2024-12-05,418000.0,405460.0,5,-71080.39526499994,-0.03397068711421558,1,stop
226950,2024-12-04,2024-12-06,24000.0,23280.0,94,-76726.01517599961,-0.03397068711421547,2,stop
039030,2024-12-06,2024-12-09,140300.0,136091.0,17,-81116.67499834998,-0.03397068711421558,1,stop
035720,2024-12-06,2024-12-09,44400.0,43068.0,54,-81541.79697959963,-0.03397068711421547,1,stop
000150,2024-12-06,2024-12-09,220000.0,213400.0,11,-82303.6155699999,-0.03397068711421558,1,stop
010130,2024-12-09,2024-12-10,1845000.0,1789650.0,1,-62748.004432499874,-0.03397068711421547,1,stop
950160,2024-12-09,2024-12-10,21550.0,20903.5,109,-79887.22222857503,-0.03397068711421558,1,stop
347850,2024-12-09,2024-12-10,10961.0,10632.17,215,-80147.9070274774,-0.03397068711421558,1,stop
003230,2024-12-05,2024-12-11,601000.0,691150.0,3,262263.6452774999,0.1452924843491259,4,target
377300,2024-12-06,2024-12-13,29150.0,33522.5,83,351932.2110741255,0.14529248434912612,5,target
950160,2024-12-12,2024-12-13,24100.0,27714.999999999996,92,322513.0084909997,0.14529248434912567,1,target
066970,2024-12-13,2024-12-16,106500.0,103305.0,23,-83306.90344574954,-0.03397068711421536,1,stop
087010,2024-12-13,2024-12-17,107400.0,104178.0,23,-84010.90544669982,-0.03397068711421547,2,stop
950160,2024-12-16,2024-12-17,28350.0,27499.5,91,-87740.07546622492,-0.03397068711421558,1,stop
062040,2024-12-17,2024-12-18,73500.0,71295.0,33,-82490.66924174968,-0.03397068711421547,1,stop
319400,2024-12-12,2024-12-19,3190.0,3490.0,700,200229.62890000036,0.08956542738951878,5,time
009150,2024-12-12,2024-12-19,119300.0,127900.0,18,145543.16717999987,0.0676985950526856,5,time
095340,2024-12-18,2024-12-19,66800.0,64796.0,35,-79514.81537299929,-0.03397068711421525,1,stop
042700,2024-12-13,2024-12-20,83600.0,81092.0,30,-85296.47431800002,-0.03397068711421558,5,stop
010170,2024-12-17,2024-12-23,750.0,727.5,3256,-83051.83025699947,-0.03397068711421536,4,stop
000250,2024-12-19,2024-12-23,116000.0,133400.0,20,337466.2546000001,0.1452924843491259,2,target
257720,2024-12-20,2024-12-23,32050.0,31088.5,79,-86111.00803407514,-0.03397068711421569,1,stop
443060,2024-12-23,2024-12-24,161900.0,157043.0,15,-82592.6985172499,-0.03397068711421558,1,stop
241560,2024-12-23,2024-12-24,47350.0,45929.5,52,-83738.82737869956,-0.03397068711421536,1,stop
058470,2024-12-19,2024-12-27,37363.0,38444.0,62,57330.910903699696,0.024720439968343166,5,time
000150,2024-12-19,2024-12-27,249000.0,255000.0,9,44656.739100000355,0.019904255313522468,5,time
329180,2024-12-27,2024-12-30,297000.0,288090.0,8,-80807.18619599985,-0.03397068711421547,1,stop
