code,entry_date,exit_date,entry_price,exit_price,shares,pnl_krw,pnl_pct,hold_days,reason
066570,2014-05-30,2014-06-17,74200.0,77800.0,26,85417.81508000009,0.044225422270737,10,time
011070,2014-05-30,2014-06-17,132000.0,143500.0,15,163877.02537499997,0.08267109027733577,10,time
000660,2014-06-02,2014-06-18,44200.0,49000.0,45,207211.90139999986,0.10405925109398306,10,time
005830,2014-06-02,2014-06-18,57100.0,53103.0,35,-147672.8352452498,-0.07380694743940253,10,stop
180640,2014-06-03,2014-06-19,26263.0,25236.0,79,-89396.66696075001,-0.04303786166239698,10,time
051910,2014-06-17,2014-07-01,288500.0,294000.0,7,30110.18517499999,0.01489259407322141,10,time
086520,2014-06-17,2014-07-01,1106.0,1110.0,1887,-1027.2854417997878,-0.000491660014521722,10,time
067310,2014-06-18,2014-07-02,5024.0,5663.0,409,252159.4772532503,0.12257534943040382,10,time
034220,2014-06-18,2014-07-02,28051.0,29947.0,73,129607.98789700028,0.0632209974317981,10,time
017670,2014-06-19,2014-07-03,41149.0,42444.0,48,53882.181285599945,0.027248677514785546,10,time
000250,2014-07-01,2014-07-08,8060.0,9672.0,258,406147.79286119994,0.19508780975560946,5,target
028300,2014-07-03,2014-07-08,2244.0,2086.92,970,-160838.88267282,-0.07380694743940253,3,stop
010130,2014-07-01,2014-07-15,400000.0,428000.0,5,131390.8729999999,0.06561996369875178,10,time
000720,2014-07-02,2014-07-16,57405.0,58378.0,39,28660.100677649956,0.012786867548020941,10,time
000250,2014-07-15,2014-07-16,10550.0,9811.5,202,-157470.89276514994,-0.07380694743940253,1,stop
016360,2014-07-03,2014-07-17,44570.0,45783.0,48,49284.82758479938,0.023010717112427193,10,time
034220,2014-07-09,2014-07-23,30686.0,30224.0,73,-42806.86172529962,-0.019087587117535998,10,time
095340,2014-07-10,2014-07-24,16741.0,17713.0,137,123372.13450040063,0.053729883429958214,10,time
005940,2014-07-16,2014-07-29,9470.0,11364.0,224,414311.8424032,0.19508780975560946,9,target
006800,2014-07-16,2014-07-30,9217.0,10170.0,230,209856.0017585,0.09887915674067393,10,time
098460,2014-07-18,2014-08-01,5050.0,5290.0,434,94870.90617200034,0.0432367184170257,10,time
047040,2014-07-23,2014-08-05,10050.0,9346.5,218,-161889.6245878504,-0.07380694743940275,9,stop
000720,2014-07-24,2014-08-07,61394.0,60227.0,39,-55191.41614155006,-0.023024053407077028,10,time
071050,2014-07-29,2014-08-12,47300.0,48400.0,54,48757.26338999998,0.019067124597806684,10,time
055550,2014-07-30,2014-08-13,51400.0,51200.0,45,-18452.60415000003,-0.007968614470051705,10,time
095340,2014-08-01,2014-08-18,19983.0,20052.0,115,-1506.240795750171,-0.0006546914369096601,10,time
005940,2014-08-13,2014-08-18,12000.0,11160.0,201,-178227.1096379999,-0.07380694743940253,2,stop
034730,2014-08-05,2014-08-20,185500.0,222600.0,11,398534.523695,0.1950878097556097,10,target
086280,2014-08-07,2014-08-22,143556.0,159563.0,16,245943.8298312002,0.10695359411445904,10,time
090430,2014-08-12,2014-08-25,194049.0,232858.8,13,492701.7570450301,0.1950878097556097,8,target
131290,2014-08-18,2014-09-01,8470.0,9230.0,268,193776.79110400006,0.085267658800106,10,time
095340,2014-08-26,2014-09-01,22589.0,21007.769999999997,124,-206973.69414261496,-0.07380694743940286,4,stop
032830,2014-08-20,2014-09-03,108500.0,109000.0,21,1131.2967750006355,0.0004959390427148325,10,time
039030,2014-08-21,2014-09-04,74400.0,80500.0,32,184867.54607999977,0.07756013312417753,10,time
042700,2014-09-02,2014-09-04,3480.0,3236.3999999999996,728,-187200.5342625603,-0.07380694743940264,2,stop
058610,2014-09-01,2014-09-12,7420.0,6900.599999999999,340,-186414.32512220042,-0.07380694743940275,6,stop
071050,2014-08-28,2014-09-16,50100.0,53500.0,56,178340.78136000037,0.06349297774326557,10,time
042700,2014-09-12,2014-09-16,3590.0,3338.7,659,-174814.04571006447,-0.0738069474394023,2,stop
032820,2014-09-16,2014-09-18,570.0,530.0999999999999,4540,-191217.29449470015,-0.07380694743940264,2,stop
017670,2014-09-03,2014-09-22,48482.0,51243.0,47,120046.06057285005,0.05262235873290955,10,time
032640,2014-09-04,2014-09-23,11850.0,12850.0,207,196337.07395999972,0.0799492514317568,10,time
047810,2014-09-04,2014-09-23,38000.0,40850.0,64,171895.45328000002,0.07059949623940032,10,time
180640,2014-09-22,2014-09-24,28513.0,26517.089999999997,84,-176977.74646645878,-0.07380694743940286,2,stop
131290,2014-09-16,2014-09-30,10750.0,11000.0,240,49249.761000000406,0.019067124597806684,10,time
015760,2014-09-19,2014-10-06,47050.0,47000.0,51,-12376.31828249991,-0.005151840975670341,10,time
028300,2014-09-23,2014-10-08,2383.0,2601.0,1104,229180.81120799948,0.0870133561247517,10,time
003550,2014-09-23,2014-10-08,69621.0,69905.0,37,-79.84705079952255,-3.096119267287367e-05,10,time
034730,2014-09-24,2014-10-10,234500.0,240000.0,9,40704.820424999576,0.01926465650798237,10,time
039490,2015-04-07,2015-04-08,81200.0,78764.0,31,-85609.36409619963,-0.03397068711421547,1,stop
021240,2015-04-08,2015-04-09,101500.0,98455.0,25,-86299.76219374966,-0.03397068711421547,1,stop
028300,2015-04-07,2015-04-10,6562.0,7546.299999999999,389,371302.7740881648,0.14529248434912567,3,target
064760,2015-04-10,2015-04-13,14500.0,16675.0,209,440815.2950712503,0.1452924843491259,1,target
028300,2015-04-13,2015-04-14,7858.0,7622.26,442,-118123.91757350601,-0.03397068711421558,1,stop
196170,2015-04-14,2015-04-15,6376.0,6184.72,526,-114061.1118230964,-0.03397068711421569,1,stop
058470,2015-04-07,2015-04-16,8619.0,8870.0,296,63621.54548039986,0.024909006510060783,7,time
028050,2015-04-07,2015-04-16,26805.0,28987.0,95,196242.93487050012,0.0769760101158321,7,time
096770,2015-04-07,2015-04-16,102822.0,118245.29999999999,24,358954.7092808401,0.1452924843491259,7,target
064760,2015-04-15,2015-04-16,16650.0,16150.5,194,-109854.92093084985,-0.03397068711421558,1,stop
010170,2015-04-16,2015-04-17,1007.0,976.79,2809,-96202.14550788607,-0.0339706871142158,1,stop
051910,2015-04-16,2015-04-17,277000.0,268690.0,10,-94207.0310449996,-0.03397068711421547,1,stop
034020,2015-04-16,2015-04-17,24710.0,23968.7,114,-95803.44910898991,-0.03397068711421558,1,stop
009540,2015-04-09,2015-04-20,124452.0,129904.0,19,93592.06285500014,0.039535234725655455,7,time
016360,2015-04-16,2015-04-20,64697.0,62756.09,43,-94614.1618640041,-0.0339706871142158,2,stop
068270,2015-04-17,2015-04-20,65680.0,63709.6,41,-91584.19846948003,-0.03397068711421558,1,stop
024110,2015-04-17,2015-04-20,15150.0,14695.5,181,-93259.85927077523,-0.03397068711421569,1,stop
005830,2015-04-20,2015-04-21,52700.0,51119.0,49,-87823.39937455021,-0.03397068711421569,1,stop
000100,2015-04-20,2015-04-22,31718.0,30766.46,82,-88455.16464844625,-0.03397068711421569,2,stop
028260,2015-04-21,2015-04-22,165000.0,160050.0,15,-84174.15228749998,-0.03397068711421558,1,stop
141080,2015-04-22,2015-04-23,13262.0,12864.14,187,-84343.99702144926,-0.03397068711421569,1,stop
009830,2015-04-22,2015-04-23,22130.0,21466.1,112,-84295.22702775989,-0.03397068711421558,1,stop
064760,2015-04-20,2015-04-24,17400.0,16878.0,150,-88765.4696849999,-0.03397068711421558,4,stop
032820,2015-04-23,2015-04-24,705.0,683.85,3411,-81785.13680166751,-0.03397068711421558,1,stop
078600,2015-04-17,2015-04-27,6330.0,6140.099999999999,434,-93432.28874637,-0.03397068711421558,6,stop
000990,2015-04-24,2015-04-27,7710.0,7478.7,313,-82073.36950495467,-0.03397068711421547,1,stop
039030,2015-04-24,2015-04-27,116900.0,113393.0,20,-79514.81537299929,-0.03397068711421525,1,stop
028260,2015-04-24,2015-04-27,175500.0,170235.0,13,-77593.26401774958,-0.03397068711421536,1,stop
196170,2015-04-20,2015-04-28,6195.0,6009.15,422,-88911.37154896511,-0.03397068711421558,6,stop
009830,2015-04-27,2015-04-28,22613.0,21934.61,106,-81520.6429098132,-0.03397068711421569,1,stop
078930,2015-04-27,2015-04-30,50100.0,48597.0,48,-81786.66724080034,-0.03397068711421569,3,stop
066970,2015-04-28,2015-05-04,7981.0,7741.57,303,-82243.86042431556,-0.03397068711421558,3,stop
067310,2015-04-29,2015-05-04,7223.0,7006.3099999999995,336,-82539.2351768883,-0.03397068711421569,2,stop
095340,2015-04-30,2015-05-04,39459.0,38275.229999999996,60,-80519.46363908984,-0.03397068711421547,1,stop
000990,2015-04-29,2015-05-06,8280.0,8031.599999999999,293,-82509.03451133985,-0.03397068711421558,3,stop
047810,2015-04-30,2015-05-07,64800.0,62856.0,36,-79337.96462880028,-0.03397068711421569,3,stop
000100,2015-05-06,2015-05-07,35457.0,34393.29,66,-79588.34447087673,-0.03397068711421547,1,stop
000990,2015-05-12,2015-05-13,10050.0,9748.5,229,-78271.75869982503,-0.03397068711421558,1,stop
080220,2015-05-12,2015-05-13,4555.0,4418.349999999999,506,-78386.71168355504,-0.03397068711421558,1,stop
000250,2015-05-13,2015-05-15,12600.0,12222.0,180,-77134.13227799954,-0.03397068711421536,2,stop
028300,2015-05-12,2015-05-18,8991.0,10339.65,256,334803.76221888,0.1452924843491259,4,target
036930,2015-05-13,2015-05-18,6740.0,6537.8,336,-77019.85948943999,-0.03397068711421558,3,stop
000990,2015-05-15,2015-05-18,11800.0,11446.0,185,-74243.30280549964,-0.03397068711421547,1,stop
084370,2015-05-18,2015-05-19,18216.0,17669.52,127,-78679.26362617174,-0.03397068711421547,1,stop
039030,2015-05-18,2015-05-19,112300.0,108931.0,20,-76385.91759099998,-0.03397068711421558,1,stop
058470,2015-05-18,2015-05-19,10451.0,10137.47,221,-78551.3529244531,-0.03397068711421536,1,stop
090430,2015-05-19,2015-05-20,443000.0,429710.0,5,-75331.61507749977,-0.03397068711421547,1,stop
005290,2015-05-13,2015-05-22,5850.0,6160.0,388,110623.3141859998,0.04868104103911031,7,time
009830,2015-05-20,2015-05-22,22552.0,25934.8,98,321479.66354587954,0.14529248434912567,2,target
028300,2015-05-21,2015-05-22,11676.0,11325.72,189,-75051.5107064941,-0.03397068711421558,1,stop
007660,2015-05-14,2015-05-26,5672.0,6522.799999999999,402,331668.81708131917,0.14529248434912545,7,target
035720,2015-05-20,2015-05-27,22981.0,22291.57,96,-75031.51296849689,-0.033970687114216025,4,stop
009830,2015-05-26,2015-05-27,24185.0,23459.45,99,-81430.07492292719,-0.03397068711421547,1,stop
028260,2015-05-27,2015-05-28,198000.0,192060.0,11,-74073.25401300006,-0.03397068711421558,1,stop
010170,2015-05-27,2015-05-28,1113.0,1079.61,2105,-79680.27284810273,-0.03397068711421569,1,stop
064760,2015-05-29,2015-06-01,21700.0,21049.0,107,-78967.25826114975,-0.03397068711421547,1,stop
058610,2015-05-29,2015-06-02,6680.0,6479.599999999999,349,-79287.63018622063,-0.0339706871142158,2,stop
086280,2015-06-01,2015-06-02,126049.0,122267.53,18,-77164.12888499675,-0.03397068711421547,1,stop
018260,2015-05-28,2015-06-03,320000.0,310400.0,7,-76181.85904000001,-0.03397068711421558,4,stop
028260,2015-06-01,2015-06-03,188000.0,182360.0,12,-76726.01517599961,-0.03397068711421547,2,stop
028300,2015-06-02,2015-06-03,12812.0,12427.64,176,-76689.01255875174,-0.03397068711421547,1,stop
034730,2015-06-02,2015-06-03,287000.0,278390.0,7,-68325.60482649994,-0.03397068711421558,1,stop
196170,2015-06-03,2015-06-04,6042.0,5860.74,360,-73975.30590852024,-0.03397068711421569,1,stop
003670,2015-06-03,2015-06-04,11280.0,10941.6,193,-74040.60464483965,-0.03397068711421547,1,stop
064760,2015-06-03,2015-06-04,19800.0,22770.0,110,316810.99246500013,0.1452924843491259,1,target
080220,2015-05-28,2015-06-05,4740.0,5451.0,487,335776.0141351498,0.14529248434912567,6,target
028260,2015-06-08,2015-06-09,204500.0,190185.0,12,-181330.5667709997,-0.07380694743940241,1,stop
141080,2015-06-05,2015-06-10,12936.0,12547.92,183,-80510.89317994798,-0.03397068711421558,3,stop
034730,2015-06-05,2015-06-10,272000.0,263840.0,8,-74005.23449599976,-0.03397068711421547,3,stop
012450,2015-06-03,2015-06-11,30558.0,35141.7,71,315591.7501606648,0.14529248434912567,6,target
064760,2015-06-10,2015-06-11,24900.0,23157.0,90,-165591.60559649975,-0.07380694743940241,1,stop
080220,2015-06-10,2015-06-15,6250.0,7500.0,362,441893.8298750003,0.1950878097556097,3,target
005290,2015-06-04,2015-06-16,6680.0,6212.4,335,-165355.15171970055,-0.07380694743940286,8,stop
096770,2015-06-11,2015-06-16,125453.0,116671.29,18,-166859.1461598212,-0.07380694743940264,3,stop
141080,2015-06-15,2015-06-19,15414.0,18496.8,163,490718.3617555797,0.19508780975560946,4,target
095340,2015-06-16,2015-06-22,41261.0,38372.729999999996,50,-152442.55329132522,-0.07380694743940264,4,stop
009830,2015-06-10,2015-06-24,25273.0,23642.0,89,-153949.1329754498,-0.06836459204677836,10,time
196170,2015-06-25,2015-06-26,6758.0,8109.599999999999,314,414454.81092628,0.1950878097556097,1,target
064760,2015-06-15,2015-06-29,24650.0,26950.0,102,223604.28321000002,0.08883084763061788,10,time
005290,2015-06-19,2015-06-29,7520.0,6993.599999999999,404,-224489.31063392013,-0.07380694743940264,6,stop
138040,2015-06-16,2015-06-30,14850.0,15850.0,140,131067.11520000012,0.06297091945153843,10,time
141080,2015-06-26,2015-06-30,19918.0,18523.739999999998,127,-186915.75512468955,-0.07380694743940275,2,stop
000880,2015-06-22,2015-07-06,44796.0,47374.0,42,100246.3123158,0.05322070979853577,10,time
028300,2015-06-29,2015-07-07,15799.0,14693.07,176,-205465.41397597594,-0.07380694743940253,6,stop
090430,2015-07-03,2015-07-07,445500.0,414315.0,5,-164594.0658037495,-0.0738069474394023,2,stop
141080,2015-07-06,2015-07-07,20568.0,19128.239999999998,99,-150460.9220200684,-0.07380694743940275,1,stop
086520,2015-07-03,2015-07-09,1282.0,1192.26,1782,-168807.67388832616,-0.07380694743940264,4,stop
047810,2015-06-29,2015-07-13,76800.0,80300.0,36,114297.84233999951,0.04129287243245905,10,time
000990,2015-07-09,2015-07-23,16700.0,17000.0,129,29757.158204999752,0.013797044203860409,10,time
000880,2015-07-15,2015-07-23,50389.0,46861.77,46,-171273.4444723311,-0.07380694743940264,6,stop
009830,2015-07-16,2015-07-24,26301.0,24459.929999999997,94,-182682.34402793134,-0.07380694743940275,6,stop
034730,2015-07-15,2015-07-29,295000.0,287500.0,7,-60808.01037500007,-0.02941314885667301,10,time
047810,2015-07-21,2015-08-04,87800.0,96300.0,28,227223.34921999974,0.09232114729940388,10,time
095340,2015-07-30,2015-08-05,41032.0,38159.759999999995,53,-160692.2812692041,-0.07380694743940264,4,stop
021240,2015-08-07,2015-08-10,104500.0,97185.0,22,-169877.3321134993,-0.0738069474394023,1,stop
033780,2015-07-29,2015-08-12,104500.0,114000.0,20,180874.63250000007,0.08644346341419062,10,time
015760,2015-08-03,2015-08-18,50500.0,50800.0,43,3962.728855000343,0.0018227844155935813,10,time
047810,2015-08-06,2015-08-19,102000.0,94860.0,22,-165813.2811059996,-0.07380694743940241,8,stop
086520,2016-04-29,2016-05-02,1916.0,1858.52,1153,-75132.58997075772,-0.03397068711421547,1,stop
058610,2016-05-02,2016-05-03,6160.0,5975.2,356,-74582.04000016022,-0.03397068711421569,1,stop
032820,2016-05-02,2016-05-03,770.0,746.9,2851,-74660.60254229419,-0.03397068711421525,1,stop
028300,2016-05-11,2016-05-13,7956.0,7717.32,272,-73598.20570627204,-0.03397068711421558,2,stop
012450,2016-05-03,2016-05-19,44819.0,45431.0,48,20472.89124479983,0.009505534948107908,10,time
006260,2016-05-18,2016-06-01,53800.0,57500.0,39,135275.75314499997,0.06439821965532144,10,time
043260,2016-05-30,2016-06-03,1175.0,1092.75,1846,-160275.0879603254,-0.07380694743940275,4,stop
086520,2016-06-08,2016-06-09,1952.0,1815.36,1125,-162266.47295399988,-0.07380694743940253,1,stop
145020,2016-06-01,2016-06-14,115944.0,107827.92,18,-154211.671640808,-0.07380694743940253,8,stop
035420,2016-06-01,2016-06-16,140198.0,140399.0,15,-5612.280024750158,-0.00266567401176776,10,time
021240,2016-06-02,2016-06-17,108500.0,103000.0,20,-118568.80849999981,-0.054577231913764956,10,time
005930,2016-06-08,2016-06-22,28380.0,28900.0,77,30966.327546000015,0.014154266559111894,10,time
012450,2016-06-09,2016-06-23,48741.0,48436.0,41,-20657.899648950202,-0.010325442076097757,10,time
005290,2016-06-16,2016-06-30,8200.0,9310.0,248,266134.3612759998,0.13071824276674016,10,time
035420,2016-06-23,2016-07-07,146808.0,150813.0,14,47481.62319810013,0.02307536517465425,10,time
033780,2016-07-01,2016-07-12,137500.0,127874.99999999999,15,-152401.9127812502,-0.07380694743940264,7,stop
145020,2016-07-12,2016-07-18,125424.0,116644.31999999999,15,-139017.14551764028,-0.07380694743940275,4,stop
214370,2016-07-05,2016-07-19,21744.0,21248.0,99,-57781.25377200032,-0.026811006036638885,10,time
012450,2016-07-05,2016-07-19,50116.0,53784.0,43,148427.44994019996,0.06879710338507494,10,time
005290,2016-07-06,2016-07-20,9960.0,10750.0,217,162067.0941645,0.07489909260983962,10,time
043260,2016-07-19,2016-07-20,1335.0,1241.55,1648,-162567.95164691983,-0.07380694743940253,1,stop
066970,2016-07-18,2016-07-21,13164.0,12242.519999999999,135,-131316.13831761037,-0.07380694743940275,3,stop
084370,2016-07-08,2016-07-22,17450.0,18550.0,120,123029.22659999994,0.058685714945871936,10,time
141080,2016-07-22,2016-07-25,24922.0,23177.46,81,-149164.1202894929,-0.07380694743940253,1,stop
005290,2016-07-27,2016-07-28,12100.0,11253.0,156,-139478.23057739995,-0.07380694743940253,1,stop
036930,2016-07-19,2016-08-02,10100.0,11250.0,217,239832.28918250045,0.10930180360978636,10,time
034220,2016-07-20,2016-08-03,27451.0,28330.0,79,60348.809092149604,0.027796123103481785,10,time
064350,2016-07-22,2016-08-05,20250.0,21500.0,99,115169.31236250023,0.0573822185080497,10,time
031980,2016-07-22,2016-08-05,11230.0,12247.0,180,174236.22848700034,0.08609679475192578,10,time
240810,2016-08-03,2016-08-09,25750.0,23947.5,87,-165536.1867191249,-0.07380694743940253,4,stop
009540,2016-07-29,2016-08-12,114459.0,126724.0,15,176396.49439424975,0.10262413909107071,10,time
012450,2016-08-02,2016-08-17,59284.0,61322.0,41,73350.40159729961,0.030142684223869898,10,time
145020,2016-08-18,2016-08-22,127880.0,153456.0,17,424600.8885723995,0.19508780975560924,2,target
084370,2016-08-08,2016-08-23,20800.0,22200.0,104,136305.5376799996,0.0629386769460949,10,time
034020,2016-08-08,2016-08-23,20961.0,21613.0,103,58110.07662360044,0.026884564677575717,10,time
064350,2016-08-10,2016-08-25,22050.0,23800.0,94,155520.70663500042,0.07494670718758556,10,time
034220,2016-08-22,2016-08-31,29808.0,27721.44,87,-191623.4040281037,-0.07380694743940241,7,stop
005930,2016-08-19,2016-09-02,32760.0,31940.0,68,-64725.09490799997,-0.0290215546501279,10,time
003490,2016-09-02,2016-09-06,21274.0,19784.82,103,-161913.4177592029,-0.07380694743940253,2,stop
006260,2016-08-25,2016-09-08,61700.0,61800.0,36,-5513.534820000175,-0.00247938083607957,10,time
066970,2016-08-26,2016-09-09,14509.0,15390.0,156,127754.94952740008,0.056378879324260334,10,time
105560,2016-08-26,2016-09-09,37750.0,39750.0,60,110363.81100000022,0.048669766838531636,10,time
035420,2016-09-01,2016-09-20,169238.0,167437.0,14,-34849.66426970065,-0.014691747706139902,10,time
034020,2016-09-06,2016-09-21,22605.0,21022.649999999998,90,-150329.24676742498,-0.07380694743940253,8,stop
003230,2016-09-19,2016-09-21,29650.0,35580.0,80,463280.51467999956,0.19508780975560946,2,target
003230,2016-09-23,2016-09-26,35050.0,42060.0,67,458661.3813865003,0.1950878097556097,1,target
161390,2016-09-08,2016-09-27,59700.0,62300.0,37,86863.8836099999,0.039279320879040736,10,time
000660,2016-09-09,2016-09-28,38550.0,41200.0,62,154020.5275650001,0.06436700739150703,10,time
010170,2016-09-20,2016-10-05,1496.0,1558.0,1576,87761.63039120007,0.03718070833290987,10,time
161390,2016-09-29,2016-10-05,62500.0,58124.99999999999,41,-189347.8310312503,-0.07380694743940264,3,stop
003230,2016-09-30,2016-10-07,46700.0,43431.0,56,-193241.93081479985,-0.07380694743940253,4,stop
035420,2016-09-23,2016-10-10,176650.0,174647.0,13,-35373.547116049565,-0.015385882109689608,10,time
237690,2016-09-29,2016-10-10,57300.0,53289.0,44,-186296.0981838,-0.07380694743940253,6,stop
031980,2016-10-05,2016-10-11,12840.0,11941.199999999999,188,-178368.9819640806,-0.07380694743940286,4,stop
028260,2016-10-07,2016-10-12,166500.0,154845.0,14,-172241.87088149972,-0.07380694743940241,3,stop
005930,2016-10-10,2016-10-12,33000.0,30689.999999999996,71,-173128.57291950006,-0.07380694743940264,2,stop
012450,2016-10-05,2016-10-19,66721.0,68657.0,36,59646.836627999786,0.024804081603379213,10,time
131970,2016-10-19,2016-10-20,6138.0,5708.339999999999,412,-186861.8140840442,-0.07380694743940264,1,stop
009540,2016-10-10,2016-10-24,136262.0,141259.0,17,75205.27431774978,0.032428391128045186,10,time
131970,2016-10-24,2016-10-25,6214.0,5779.0199999999995,385,-176778.0907242354,-0.07380694743940275,1,stop
086790,2016-10-12,2016-10-26,30700.0,32150.0,71,93713.65171250049,0.04294443766674427,10,time
000720,2016-10-12,2016-10-26,41691.0,41108.0,52,-39111.245838599745,-0.01802008260308774,10,time
105560,2016-10-12,2016-10-26,40050.0,42950.0,55,150002.4759750003,0.06801958861846513,10,time
009830,2016-10-21,2016-10-28,34887.0,32444.909999999996,67,-172716.92149835825,-0.07380694743940253,5,stop
032640,2016-10-25,2016-11-08,12100.0,12050.0,183,-18197.669602500275,-0.00820880801962165,10,time
000660,2016-10-27,2016-11-09,42900.0,39897.0,52,-164837.90886420012,-0.07380694743940264,9,stop
030200,2016-11-02,2016-11-16,32850.0,31000.0,67,-132604.52249250025,-0.06017955092785665,10,time
086790,2016-11-11,2016-11-17,35000.0,32549.999999999996,62,-160345.28520499985,-0.07380694743940253,4,stop
003230,2016-11-09,2016-11-21,50800.0,47244.0,42,-157655.62235639966,-0.07380694743940241,8,stop
222800,2016-11-08,2016-11-22,9894.0,10465.0,225,118973.0413462501,0.05338201006438714,10,time
005490,2016-12-09,2016-12-19,278000.0,258539.99999999997,7,-143793.5138290003,-0.07380694743940275,6,stop
055550,2016-12-09,2016-12-23,47250.0,46800.0,44,-28261.786410000175,-0.01357831575727475,10,time
047050,2016-12-09,2016-12-23,27650.0,28100.0,76,25487.219209999777,0.012114751480790442,10,time
000660,2016-12-09,2016-12-23,46450.0,46300.0,45,-15296.363212500233,-0.0073095516382361,10,time
024110,2016-12-09,2016-12-23,13750.0,13450.0,154,-54741.73858999973,-0.02582236113860903,10,time
222800,2017-01-13,2017-01-17,12843.0,11943.99,166,-157532.81412413693,-0.07380694743940253,2,stop
083650,2017-01-12,2017-01-20,4030.0,4836.0,516,406147.79286119994,0.19508780975560946,6,target
083650,2017-01-23,2017-01-25,4850.0,5820.0,518,490682.81493700016,0.1950878097556097,2,target
000660,2017-01-12,2017-01-26,51600.0,53300.0,40,59340.847800000105,0.02871738145952829,10,time
005930,2017-01-12,2017-01-26,38000.0,39900.0,54,93888.02367000002,0.04570183353615831,10,time
078600,2017-01-12,2017-01-26,4540.0,4850.0,458,133039.96663699998,0.06390893489623828,10,time
105560,2017-01-17,2017-02-02,45300.0,47350.0,43,79907.2456125,0.04097512494348998,10,time
131970,2017-01-31,2017-02-07,7773.0,7228.889999999999,308,-176903.2634952669,-0.07380694743940297,5,stop
036930,2017-02-02,2017-02-07,11700.0,10881.0,174,-150429.0007467002,-0.07380694743940264,3,stop
011070,2017-01-26,2017-02-13,99500.0,105000.0,23,116748.34097500006,0.05095661661925477,10,time
000660,2017-01-31,2017-02-13,53300.0,49569.0,45,-177229.56984524988,-0.07380694743940253,9,stop
005940,2017-01-31,2017-02-14,11400.0,11600.0,210,32065.09110000031,0.013378552131949828,10,time
034020,2017-02-14,2017-02-17,23371.0,21735.03,107,-184781.09386004042,-0.07380694743940253,3,stop
000250,2017-02-08,2017-02-22,13450.0,13850.0,152,52242.398479999974,0.025524545546170563,10,time
032640,2017-02-09,2017-02-23,12550.0,13300.0,164,114202.47461000038,0.055422833316707276,10,time
006260,2017-02-13,2017-02-27,70400.0,66600.0,32,-130473.94208000042,-0.05784980907050685,10,time
071050,2017-02-13,2017-02-27,48600.0,46950.0,47,-86682.48716249969,-0.03790513257843142,10,time
098460,2017-02-20,2017-03-07,9560.0,10180.0,244,141274.3937479998,0.06049458710879563,10,time
083650,2017-02-22,2017-03-09,6850.0,6920.0,306,12766.615749000106,0.006083654928080051,10,time
011070,2017-02-23,2017-03-10,120500.0,126500.0,18,98792.6148000001,0.045495213928662626,10,time
009540,2017-03-02,2017-03-16,151705.0,161244.0,14,124448.2556807003,0.05852772813593021,10,time
006400,2017-03-02,2017-03-16,125805.0,133148.0,17,115698.23310345039,0.05403568812408044,10,time
010140,2017-03-07,2017-03-21,9786.0,9871.0,259,11562.90751245059,0.0045568303441672064,10,time
017670,2017-03-09,2017-03-23,42357.0,45291.0,49,134836.38523110002,0.06489132043584522,10,time
105560,2017-03-10,2017-03-24,48700.0,50200.0,47,60911.79249499971,0.026581246573093686,10,time
032640,2017-03-16,2017-03-30,14750.0,14800.0,153,-1621.165432499256,-0.0007175376054786575,10,time
066570,2017-03-24,2017-03-30,73000.0,67890.0,32,-172611.33006399963,-0.07380694743940241,4,stop
039490,2017-03-17,2017-03-31,86000.0,81400.0,26,-128410.98841999937,-0.05736290974702862,10,time
003670,2017-03-21,2017-04-04,13463.0,14101.0,190,110379.56472499995,0.043101661675446934,10,time
047040,2017-03-23,2017-04-06,7030.0,7190.0,316,41306.87725599995,0.01857294359208539,10,time
042700,2017-04-04,2017-04-12,3540.0,3292.2,684,-178918.73722764011,-0.07380694743940264,6,stop
006400,2017-03-30,2017-04-13,137554.0,134127.0,16,-63689.933367200196,-0.028905359234127292,10,time
009150,2017-03-30,2017-04-13,69800.0,69200.0,31,-27412.85142999934,-0.012654292799806455,10,time
098460,2017-04-04,2017-04-18,10519.0,10800.0,230,54524.40539450012,0.022510722293039853,10,time
010170,2017-04-19,2017-04-20,1689.0,2026.8,1332,439403.20882812,0.1950878097556097,1,target
000990,2017-04-11,2017-04-25,20850.0,21800.0,108,93069.20331000024,0.04128354327227379,10,time
010170,2017-04-24,2017-04-26,2071.0,1926.03,1161,-177667.82232753187,-0.07380694743940275,2,stop
011070,2017-04-24,2017-04-27,143000.0,132990.0,16,-169064.52191199968,-0.07380694743940241,3,stop
240810,2017-04-19,2017-05-08,26500.0,27250.0,84,53691.6796500003,0.02409254137862793,10,time
009150,2017-04-26,2017-05-16,70900.0,76800.0,33,184537.45612500003,0.07878166183863211,10,time
096770,2017-04-26,2017-05-16,168747.0,168747.0,14,-9681.825375599787,-0.004093491870325261,10,time
078930,2017-04-26,2017-05-16,60000.0,64800.0,39,177058.33704000013,0.07557902878004863,10,time
005940,2017-04-27,2017-05-17,13500.0,14000.0,161,71355.24427500041,0.0327919343566998,10,time
066570,2017-05-16,2017-05-18,81400.0,78958.0,30,-83051.83025699947,-0.03397068711421536,2,stop
031980,2017-05-16,2017-05-22,13349.0,15351.349999999999,184,357280.17845198,0.1452924843491259,4,target
138040,2017-05-08,2017-05-23,13550.0,14400.0,168,133049.87598,0.05838034812304915,10,time
131290,2017-05-18,2017-05-23,10900.0,12534.999999999998,217,344055.57414024975,0.14529248434912567,3,target
131970,2017-05-16,2017-05-25,8805.0,9233.0,280,109383.00340799987,0.044316273658294714,7,time
009830,2017-05-17,2017-05-26,34888.0,35372.0,65,22073.684242999647,0.009722684176875829,7,time
010140,2017-05-26,2017-05-29,10495.0,10180.15,221,-78882.06381610734,-0.03397068711421547,1,stop
005290,2017-05-22,2017-05-31,11850.0,13600.0,237,402017.70647249976,0.1429813089083185,7,time
032640,2017-05-23,2017-06-01,14700.0,16200.0,174,249748.18298999965,0.09752962120413122,7,time
012330,2017-05-23,2017-06-01,272000.0,273000.0,9,-1058.9260499998927,-0.0004320708845544363,7,time
078600,2017-05-31,2017-06-01,5910.0,5732.7,544,-109342.73396783974,-0.03397068711421547,1,stop
214450,2017-05-25,2017-06-05,39150.0,40450.0,68,77229.16434000013,0.028976200609076352,7,time
222800,2017-06-01,2017-06-05,10370.0,10058.9,268,-94518.56043286016,-0.03397068711421569,2,stop
240810,2017-06-05,2017-06-07,31550.0,30603.5,86,-92278.67773805046,-0.0339706871142158,1,stop
084370,2017-05-29,2017-06-08,18950.0,19500.0,118,55544.686535000335,0.024811446360351486,7,time
131970,2017-06-01,2017-06-12,10491.0,10176.27,265,-94551.03975222725,-0.03397068711421547,6,stop
145020,2017-06-08,2017-06-12,175110.0,169856.69999999998,13,-77420.83454215527,-0.03397068711421569,2,stop
034220,2017-06-01,2017-06-13,30085.0,34597.75,92,402605.9693133496,0.14529248434912567,7,target
011070,2017-06-12,2017-06-13,151000.0,146470.0,16,-82167.57653599977,-0.03397068711421547,1,stop
000990,2017-06-12,2017-06-13,22500.0,21825.0,109,-83408.93272125022,-0.03397068711421569,1,stop
042700,2017-06-13,2017-06-14,4465.0,4331.05,590,-89593.6073044748,-0.03397068711421547,1,stop
036930,2017-06-05,2017-06-15,12100.0,12400.0,225,56143.657125000376,0.02059840502545196,7,time
010170,2017-06-13,2017-06-15,2520.0,2444.4,1047,-89732.70721673919,-0.03397068711421525,2,stop
005290,2017-06-14,2017-06-15,15150.0,14695.5,171,-88107.38085802505,-0.03397068711421558,1,stop
000250,2017-06-07,2017-06-16,15500.0,15750.0,170,31575.950875000563,0.011969516325314844,7,time
010140,2017-06-15,2017-06-20,11242.0,10904.74,233,-89084.6852782811,-0.03397068711421558,3,stop
039030,2017-06-15,2017-06-21,97400.0,94478.0,26,-86126.31242540013,-0.03397068711421569,4,stop
028300,2017-06-20,2017-06-21,6383.0,6191.51,409,-88787.47399874916,-0.03397068711421547,1,stop
078600,2017-06-20,2017-06-21,6300.0,6111.0,414,-88704.25211969996,-0.03397068711421558,1,stop
267270,2017-06-14,2017-06-22,79697.0,77306.09,32,-86735.22314158361,-0.03397068711421547,6,stop
009150,2017-06-21,2017-06-26,93200.0,107179.99999999999,26,352477.68454599986,0.1452924843491259,3,target
087010,2017-06-23,2017-06-26,24604.0,23865.88,103,-86187.93810780207,-0.03397068711421558,1,stop
086520,2017-06-16,2017-06-27,2373.0,2640.0,1136,291370.18856879976,0.1079617283869958,7,time
031980,2017-06-26,2017-06-29,16824.0,16319.279999999999,155,-88687.92743562022,-0.03397068711421569,3,stop
006400,2017-06-27,2017-06-29,169861.0,164765.16999999998,16,-92430.90541709587,-0.03397068711421558,2,stop
068270,2017-06-21,2017-06-30,89901.0,90453.0,27,4912.390751400497,0.0020214611612048294,7,time
018260,2017-06-29,2017-06-30,189000.0,183330.0,13,-83561.97663449962,-0.03397068711421547,1,stop
064760,2017-06-29,2017-07-03,43300.0,42001.0,60,-88357.3525829995,-0.03397068711421536,2,stop
078600,2017-06-23,2017-07-04,6380.0,6480.0,400,29423.47160000028,0.011516328006315524,7,time
145020,2017-07-04,2017-07-05,198265.0,192317.05,12,-80915.33722803043,-0.0339706871142158,1,stop
207940,2017-06-27,2017-07-06,399992.0,421082.0,7,135720.04887770023,0.04841672897522864,7,time
218410,2017-07-05,2017-07-06,11242.0,10904.74,220,-84114.29511254001,-0.03397068711421558,1,stop
083650,2017-06-30,2017-07-10,7370.0,8475.5,339,363420.6096897749,0.1452924843491259,6,target
006800,2017-06-30,2017-07-10,10706.0,10384.82,233,-84837.27455873322,-0.03397068711421569,6,stop
064760,2017-07-10,2017-07-11,49700.0,48209.0,53,-89585.10486485017,-0.03397068711421569,1,stop
267270,2017-07-10,2017-07-11,87771.0,85137.87,30,-89552.11539910547,-0.0339706871142158,1,stop
047040,2017-07-04,2017-07-13,7810.0,7575.7,326,-86590.88572651008,-0.03397068711421558,7,stop
086520,2017-07-11,2017-07-17,2823.0,3246.45,922,378603.10011655465,0.14529248434912567,4,target
064760,2017-07-13,2017-07-17,52200.0,50634.0,48,-85214.85089759994,-0.03397068711421558,2,stop
003670,2017-07-12,2017-07-21,14964.0,17208.6,174,378738.37753757974,0.14529248434912567,7,target
066970,2017-07-14,2017-07-24,22158.0,25481.699999999997,116,373878.86347133946,0.14529248434912567,6,target
036930,2017-07-24,2017-07-25,17600.0,17072.0,167,-99961.4821832003,-0.03397068711421569,1,stop
031980,2017-07-17,2017-07-26,17968.0,18265.0,148,32928.2197894007,0.01236823079855931,7,time
051910,2017-07-17,2017-07-26,322000.0,326500.0,8,25336.907000000123,0.009824456224654554,7,time
086520,2017-07-25,2017-07-26,4081.0,3958.5699999999997,697,-96739.29563363455,-0.03397068711421558,1,stop
005290,2017-07-18,2017-07-27,16700.0,17000.0,165,38061.481425000355,0.013797044203860631,7,time
078600,2017-07-26,2017-07-27,8570.0,8312.9,312,-90936.65266764024,-0.03397068711421569,1,stop
207940,2017-07-26,2017-07-27,425446.0,412682.62,6,-86815.89428874571,-0.03397068711421547,1,stop
066970,2017-07-27,2017-07-28,25032.0,24281.04,106,-90241.22112583183,-0.03397068711421547,1,stop
010170,2017-07-21,2017-07-31,3153.0,3058.41,947,-101549.43181732437,-0.033970687114215914,6,stop
003670,2017-07-26,2017-07-31,18786.0,18222.42,142,-90724.83989170194,-0.03397068711421558,3,stop
095340,2017-07-28,2017-07-31,26097.0,25314.09,100,-88755.26675745007,-0.03397068711421558,1,stop
035720,2017-08-01,2017-08-02,24385.0,23653.45,109,-90396.7477514525,-0.03397068711421558,1,stop
003230,2017-08-02,2017-08-03,52700.0,51119.0,49,-87823.39937455021,-0.03397068711421569,1,stop
010950,2017-07-27,2017-08-04,115000.0,111550.0,23,-89955.81123249978,-0.03397068711421547,6,stop
079550,2017-07-27,2017-08-07,80100.0,80400.0,33,-961.9577549998648,-0.0003635049484913555,7,time
087010,2017-08-08,2017-08-09,21770.0,21116.899999999998,120,-88847.09310540045,-0.0339706871142158,1,stop
267270,2017-08-02,2017-08-10,94230.0,91403.09999999999,27,-86527.96767328447,-0.03397068711421536,6,stop
180640,2017-08-09,2017-08-10,25950.0,25171.5,100,-88255.32330749976,-0.03397068711421547,1,stop
267250,2017-08-02,2017-08-11,92000.0,95500.0,28,87154.1279000002,0.03379425572156447,7,time
001440,2017-08-10,2017-08-11,11754.0,11401.38,216,-86346.15150434384,-0.03397068711421547,1,stop
066970,2017-08-16,2017-08-24,27443.0,32931.6,93,498475.5760058095,0.19508780975560946,6,target
055550,2017-08-11,2017-08-28,53800.0,53400.0,47,-29107.285180000123,-0.011498001224449328,10,time
000880,2017-08-14,2017-08-29,52000.0,49350.0,49,-139909.40930749942,-0.05484641968847204,10,time
009830,2017-08-16,2017-08-30,43171.0,42326.0,59,-60146.50510704983,-0.02358669331040253,10,time
131290,2017-08-18,2017-09-01,15550.0,16550.0,165,153998.61510000052,0.05995194273608484,10,time
003670,2017-08-30,2017-09-01,26155.0,31386.0,93,475080.30063884985,0.19508780975560946,2,target
138040,2017-09-01,2017-09-06,16700.0,15530.999999999998,172,-212246.9111626004,-0.07380694743940275,3,stop
031980,2017-08-24,2017-09-07,19917.0,21062.0,153,162180.0969025502,0.05315975670167239,10,time
007660,2017-09-06,2017-09-08,4714.0,4384.0199999999995,599,-208647.3442393397,-0.07380694743940286,2,stop
010170,2017-08-28,2017-09-11,3626.0,3659.0,690,12449.422393499874,0.004970191187666728,10,time
010950,2017-08-30,2017-09-13,123000.0,122000.0,19,-28521.48045000015,-0.0121902927494284,10,time
006400,2017-09-01,2017-09-15,193848.0,210002.0,14,214367.29057379998,0.07889871714048091,10,time
031980,2017-09-13,2017-09-20,22163.0,20611.59,105,-171954.80109669734,-0.07380694743940253,5,stop
035720,2017-09-07,2017-09-21,25691.0,28501.0,125,337053.6404125001,0.10483559955641497,10,time
066970,2017-09-12,2017-09-21,38800.0,36084.0,64,-183488.20839680033,-0.07380694743940275,7,stop
005290,2017-09-08,2017-09-22,19200.0,18700.0,136,-78500.75243999995,-0.03002855718620223,10,time
207940,2017-09-15,2017-09-29,466900.0,490900.0,6,132094.78331999946,0.04709896089281895,10,time
068270,2017-09-20,2017-10-12,110176.0,121966.0,20,226074.38414600026,0.10247906232340909,10,time
000660,2017-09-21,2017-10-13,81100.0,86100.0,36,167504.2462799996,0.0573064161524659,10,time
078600,2017-09-22,2017-10-16,8650.0,8370.0,321,-100994.29629600048,-0.036330927971632954,10,time
005930,2017-09-25,2017-10-17,52999.0,54800.0,52,82081.48312779982,0.02974917725817794,10,time
028300,2017-10-12,2017-10-17,9469.0,8806.17,285,-199409.3129482721,-0.07380694743940241,3,stop
068270,2017-10-16,2017-10-18,136503.0,163803.6,22,586535.39717454,0.19508780975560946,2,target
034730,2017-10-11,2017-10-25,298000.0,298500.0,9,-6504.638625000138,-0.0024225077962822805,10,time
010130,2017-10-17,2017-10-26,541000.0,503129.99999999994,4,-159901.9341859999,-0.07380694743940253,7,stop
028300,2017-10-25,2017-10-26,10942.0,10176.06,246,-198897.02084581833,-0.07380694743940264,1,stop
207940,2017-10-13,2017-10-27,552716.0,549079.0,5,-29457.09326675022,-0.010646788626828996,10,time
098460,2017-10-19,2017-11-02,14340.0,15180.0,235,183007.53074999992,0.0542441278527519,10,time
066570,2017-10-20,2017-11-03,96500.0,92000.0,35,-170877.35262499982,-0.05053472800072467,10,time
032830,2017-10-26,2017-11-09,132500.0,132500.0,16,-8688.183999999426,-0.004093491870325039,10,time
018260,2017-10-27,2017-11-10,196000.0,204000.0,13,93251.18920000037,0.03655575335945738,10,time
005290,2017-10-30,2017-11-13,20950.0,21850.0,122,99001.71473000012,0.038690081271283594,10,time
042660,2017-11-10,2017-11-13,18612.0,18053.64,142,-89884.52677868353,-0.03397068711421536,1,stop
005930,2017-11-02,2017-11-16,57500.0,55780.0,61,-118985.12709400011,-0.03388408654829134,10,time
064760,2017-11-03,2017-11-16,56700.0,68040.0,57,631229.4668610003,0.1950878097556097,9,target
028300,2017-11-16,2017-11-17,16912.0,16404.64,214,-123087.02965092799,-0.03397068711421558,1,stop
078600,2017-11-16,2017-11-17,9390.0,10798.5,386,527224.11139995,0.1452924843491259,1,target
066970,2017-11-09,2017-11-20,38058.0,39265.0,56,58658.454850800335,0.027491435222861904,7,time
031980,2017-11-17,2017-11-21,23604.0,22895.88,162,-130048.14702070784,-0.03397068711421558,2,stop
028300,2017-11-20,2017-11-21,15618.0,17960.699999999997,146,331681.03568708943,0.14529248434912567,1,target
058470,2017-11-13,2017-11-22,11773.0,11893.0,221,15778.985713399947,0.006057597994242769,7,time
141080,2017-11-13,2017-11-22,16790.0,17966.0,155,171077.26885600016,0.06566148451803078,7,time
078600,2017-11-21,2017-11-22,12000.0,13799.999999999998,262,457324.9588199998,0.1452924843491259,1,target
218410,2017-11-21,2017-11-22,10215.0,11747.25,308,457647.8791153501,0.1452924843491259,1,target
068270,2017-11-17,2017-11-23,170296.0,165187.12,22,-127417.96833735239,-0.03397068711421569,4,stop
082740,2017-11-22,2017-11-23,2760.0,2677.2,1142,-107196.03801131994,-0.03397068711421558,1,stop
086520,2017-11-23,2017-11-24,4842.0,4696.74,666,-109673.71693756245,-0.03397068711421569,1,stop
064760,2017-11-23,2017-11-24,74500.0,72265.0,43,-108950.26135475002,-0.03397068711421558,1,stop
066970,2017-11-23,2017-11-24,44270.0,42941.9,72,-108404.06463323999,-0.03397068711421558,1,stop
042700,2017-11-23,2017-11-27,6450.0,6256.5,500,-109681.47116249986,-0.03397068711421558,2,stop
214150,2017-11-23,2017-11-27,3830.0,3715.1,842,-109676.7097963104,-0.03397068711421569,2,stop
218410,2017-11-24,2017-11-27,12831.0,12446.07,242,-105603.7691378668,-0.03397068711421547,1,stop
067310,2017-11-24,2017-11-27,4504.0,4368.88,692,-106000.52698052768,-0.03397068711421547,1,stop
078600,2017-11-27,2017-11-28,14000.0,13580.0,218,-103797.78294199985,-0.03397068711421558,1,stop
263750,2017-11-27,2017-11-28,39180.0,38004.6,78,-103935.18236633996,-0.03397068711421558,1,stop
095340,2017-11-27,2017-11-28,21571.0,20923.87,142,-104174.67908569658,-0.03397068711421547,1,stop
003230,2017-11-27,2017-11-29,71500.0,69355.0,42,-102131.30477549927,-0.03397068711421536,2,stop
131970,2017-11-28,2017-11-29,8151.0,7906.469999999999,365,-101182.94265972776,-0.03397068711421569,1,stop
214450,2017-11-30,2017-12-01,60500.0,58685.0,48,-98764.33868399961,-0.03397068711421547,1,stop
145020,2017-11-30,2017-12-01,166926.0,161918.22,17,-96510.9201053069,-0.03397068711421558,1,stop
010170,2017-11-24,2017-12-04,3506.0,4031.8999999999996,889,453373.4035301446,0.14529248434912567,6,target
267270,2017-12-01,2017-12-04,94844.0,91998.68,30,-96768.64605522063,-0.0339706871142158,1,stop
003230,2017-12-01,2017-12-05,71800.0,82570.0,40,417759.94965999946,0.14529248434912567,2,target
028300,2017-12-04,2017-12-05,16314.0,15824.58,188,-104309.01763177197,-0.03397068711421558,1,stop
196170,2017-12-05,2017-12-06,6682.0,6481.54,464,-105445.48772180825,-0.03397068711421569,1,stop
028050,2017-12-05,2017-12-06,14050.0,13628.5,220,-105124.16352349985,-0.03397068711421558,1,stop
087010,2017-11-30,2017-12-07,28152.0,27307.44,104,-99574.04301436851,-0.0339706871142158,5,stop
034020,2017-12-06,2017-12-07,13425.0,13022.25,227,-103643.88878478715,-0.03397068711421547,1,stop
003230,2017-12-07,2017-12-08,79100.0,76727.0,37,-99536.36020194972,-0.03397068711421547,1,stop
010170,2017-12-06,2017-12-11,4309.0,4179.73,707,-103609.47090918571,-0.03397068711421569,3,stop
000250,2017-12-08,2017-12-11,14600.0,14162.0,201,-99805.03729410004,-0.03397068711421558,1,stop
032820,2017-12-08,2017-12-11,640.0,620.8,4598,-100081.19653312024,-0.03397068711421569,1,stop
000250,2017-12-13,2017-12-14,15400.0,14938.0,188,-98465.05280920025,-0.03397068711421569,1,stop
214150,2017-12-11,2017-12-15,4500.0,4365.0,645,-98713.3240462495,-0.03397068711421547,4,stop
078600,2017-12-14,2017-12-15,14400.0,13968.0,199,-97458.3639576002,-0.03397068711421569,1,stop
080220,2017-12-14,2017-12-19,4460.0,4326.2,645,-97835.87227695016,-0.03397068711421569,3,stop
214450,2017-12-18,2017-12-19,57800.0,56066.0,49,-96322.43802370038,-0.03397068711421569,1,stop
064760,2017-12-18,2017-12-19,72400.0,70228.0,39,-96029.95410059998,-0.03397068711421558,1,stop
066570,2017-12-18,2017-12-19,106500.0,103305.0,26,-94173.02128649969,-0.03397068711421547,1,stop
058610,2017-12-15,2017-12-27,6230.0,6550.0,455,133553.80128999986,0.04706061448625509,7,time
010120,2017-12-19,2018-01-05,12940.0,13420.0,212,90217.49633599957,0.03284894428904428,10,time
010170,2017-12-28,2018-01-08,5352.0,6422.4,536,560286.6107116793,0.19508780975560924,5,target
218410,2017-12-21,2018-01-09,15269.0,18322.8,180,536799.9292397997,0.19508780975560946,10,target
024110,2017-12-22,2018-01-10,16800.0,16900.0,163,5029.435904999729,0.0018345230590177675,10,time
000250,2018-01-08,2018-01-11,20700.0,24840.0,166,671131.7472779998,0.19508780975560946,3,target
068270,2018-01-09,2018-01-12,243650.0,292380.0,13,618641.5962155,0.1950878097556097,3,target
141080,2017-12-28,2018-01-15,20268.0,22170.0,141,255679.59927330026,0.08936487493758083,10,time
028050,2018-01-11,2018-01-17,15450.0,14368.499999999998,268,-305956.53821190074,-0.07380694743940275,4,stop
068270,2018-01-15,2018-01-17,275311.0,256039.22999999998,11,-223775.58938516676,-0.07380694743940264,2,stop
028300,2018-01-05,2018-01-19,18666.0,22399.2,152,554145.99545808,0.19508780975560946,10,target
141080,2018-01-19,2018-01-22,30227.0,28111.109999999997,112,-250155.1966911764,-0.07380694743940264,1,stop
003550,2018-01-10,2018-01-24,87948.0,88137.0,32,-5503.541601600125,-0.0019532916379549903,10,time
214150,2018-01-24,2018-01-25,7320.0,6807.599999999999,384,-207701.08538112044,-0.07380694743940275,1,stop
003670,2018-01-12,2018-01-26,39574.0,44944.0,95,493238.7464464996,0.1310461945059911,10,time
218410,2018-01-17,2018-01-31,19757.0,19757.0,171,-13845.551495400257,-0.004093491870325372,10,time
086520,2018-01-17,2018-01-31,5477.0,5093.61,617,-249703.34811097803,-0.07380694743940241,10,stop
010170,2018-01-31,2018-02-01,6529.0,6071.969999999999,498,-240255.0206532334,-0.07380694743940264,1,stop
051910,2018-01-25,2018-02-02,436000.0,405480.0,5,-161084.20356999943,-0.0738069474394023,6,stop
058610,2018-01-22,2018-02-05,8800.0,8183.999999999999,357,-232138.59354840033,-0.07380694743940264,10,stop
028050,2018-01-26,2018-02-06,16850.0,15670.499999999998,277,-344886.45227192435,-0.07380694743940241,7,stop
042660,2018-01-31,2018-02-06,20655.0,19209.149999999998,157,-239619.03361647762,-0.07380694743940264,4,stop
000250,2018-02-20,2018-02-21,46950.0,43663.5,65,-225499.4120388748,-0.07380694743940253,1,stop
138040,2018-02-06,2018-02-22,17100.0,16050.0,178,-198823.11061500013,-0.06524564587828785,10,time
058610,2018-02-20,2018-02-22,10500.0,12600.0,291,596776.3965450004,0.1950878097556097,2,target
080220,2018-02-19,2018-03-06,6060.0,5635.799999999999,504,-225683.40271176025,-0.07380694743940264,10,stop
042660,2018-02-26,2018-03-13,22210.0,24120.0,139,252055.4001475009,0.08155177740151998,10,time
028050,2018-03-13,2018-03-14,18150.0,16879.5,170,-227993.2615207499,-0.07380694743940253,1,stop
098460,2018-03-14,2018-03-19,19640.0,18265.199999999997,155,-224941.52867330052,-0.07380694743940275,3,stop
031980,2018-03-14,2018-03-20,24833.0,23094.69,122,-223864.62904814957,-0.07380694743940275,4,stop
039490,2018-03-13,2018-03-23,113000.0,105090.0,27,-225443.9931614995,-0.07380694743940241,8,stop
000660,2018-03-14,2018-03-23,89300.0,83049.0,34,-224350.3939813003,-0.07380694743940264,7,stop
066570,2018-03-14,2018-03-28,112500.0,109000.0,27,-106669.69177500019,-0.03507724990102645,10,time
028300,2018-03-28,2018-03-30,22884.0,27460.8,126,563160.0436509596,0.19508780975560946,2,target
082740,2018-03-19,2018-04-02,3132.0,3063.0,916,-74775.04660619982,-0.026033960919159105,10,time
058610,2018-03-28,2018-04-02,13150.0,12229.5,219,-212797.4053445249,-0.07380694743940253,3,stop
207940,2018-03-23,2018-04-06,680714.0,754894.0,4,284686.44614480017,0.10443423750362513,10,time
028300,2018-04-02,2018-04-06,28415.0,34098.0,104,577178.7714004,0.19508780975560946,4,target
098460,2018-03-28,2018-04-11,19860.0,19280.0,145,-95653.65553499991,-0.0331783747864991,10,time
207940,2018-04-11,2018-04-13,853803.0,794036.7899999999,3,-189267.21503762854,-0.07380694743940264,2,stop
196170,2018-04-11,2018-04-13,8983.0,10779.6,340,596526.3969418001,0.1950878097556097,2,target
214150,2018-04-16,2018-04-17,7300.0,6789.0,433,-233564.70599285,-0.07380694743940253,1,stop
000100,2018-04-11,2018-04-18,39400.0,36642.0,77,-224173.05357370013,-0.07380694743940264,5,stop
009150,2018-04-16,2018-04-30,119500.0,118500.0,26,-38656.45809999993,-0.012427437545050601,10,time
039490,2018-04-16,2018-04-30,114500.0,118500.0,27,95012.02530000033,0.03069800186346261,10,time
064350,2018-05-02,2018-05-03,28750.0,26737.5,106,-225185.37173374975,-0.07380694743940253,1,stop
010120,2018-05-03,2018-05-08,15380.0,14303.4,192,-218199.63751103962,-0.07380694743940241,2,stop
039490,2018-05-08,2018-05-09,123999.0,115319.06999999999,23,-210737.81818576017,-0.07380694743940241,1,stop
000720,2018-05-02,2018-05-15,61783.0,74139.59999999999,49,591281.67870373,0.1950878097556097,8,target
082740,2018-05-02,2018-05-17,3499.0,3845.0,874,288979.68591460027,0.09438711739314076,10,time
000500,2018-05-02,2018-05-17,23110.0,23524.0,132,41985.25389959989,0.01374749879889503,10,time
218410,2018-05-08,2018-05-23,22294.0,23709.0,128,168891.2945216,0.059116686159794485,10,time
071050,2018-05-14,2018-05-29,96000.0,98100.0,27,45910.31116500031,0.017691962995011412,10,time
039490,2018-05-15,2018-05-30,128000.0,119039.99999999999,28,-264828.3420160003,-0.07380694743940264,10,stop
028050,2018-05-21,2018-05-30,19350.0,17995.5,168,-240207.58209419996,-0.07380694743940253,6,stop
000720,2018-05-29,2018-05-30,76572.0,71211.95999999999,34,-192373.5539522525,-0.07380694743940275,1,stop
003230,2018-05-23,2018-06-07,104500.0,111500.0,30,196533.05250000022,0.06261794886563377,10,time
000660,2018-05-24,2018-06-08,95300.0,88629.0,33,-232382.43660885002,-0.07380694743940253,10,stop
131970,2018-05-30,2018-06-15,11547.0,13208.0,253,407021.68750814954,0.13916455870587519,10,time
178320,2019-04-16,2019-04-22,11739.0,10917.269999999999,263,-228130.4786611311,-0.07380694743940275,4,stop
003490,2019-04-16,2019-04-23,23699.0,22040.07,130,-227651.14231775515,-0.07380694743940264,5,stop
000270,2019-04-17,2019-05-02,42050.0,44900.0,73,194856.61856750026,0.06340552235487262,10,time
131970,2019-04-18,2019-05-03,19522.0,19322.0,159,-44427.05661359988,-0.014296406613995782,10,time
218410,2019-04-26,2019-05-14,30197.0,33417.0,97,299415.1315592001,0.10210311561311847,10,time
178320,2019-04-30,2019-05-15,11915.0,14298.0,247,574804.7517309496,0.19508780975560946,9,target
131290,2019-12-13,2019-12-16,13550.0,12601.5,236,-236291.31475970056,-0.07380694743940275,1,stop
058470,2019-12-13,2019-12-30,12574.0,12874.0,254,62886.543822800275,0.019667598668795305,10,time
011070,2019-12-13,2019-12-30,135500.0,140000.0,23,90422.83652500017,0.028980894008519886,10,time
098460,2019-12-13,2019-12-30,20800.0,21100.0,154,32936.445849999785,0.01027054430462182,10,time
028050,2019-12-13,2019-12-30,19650.0,19200.0,163,-86260.0902224998,-0.02690051114047054,10,time
000660,2019-12-16,2020-01-02,87200.0,94700.0,35,249218.4304750003,0.08156360458578216,10,time
222800,2019-12-30,2020-01-06,11654.0,10838.22,275,-236812.25220702495,-0.07380694743940253,3,stop
000990,2019-12-30,2020-01-15,28200.0,28800.0,113,54540.79809000017,0.01709600830264657,10,time
039030,2019-12-30,2020-01-15,101400.0,109300.0,31,231295.740675,0.0734968573823811,10,time
207940,2019-12-30,2020-01-15,625442.0,631987.0,5,19812.593041750602,0.006328270812239634,10,time
131290,2020-01-07,2020-01-15,15750.0,14647.499999999998,194,-225776.50642574998,-0.07380694743940253,6,stop
035420,2020-01-02,2020-01-16,187500.0,191500.0,18,57956.315400000196,0.017152513636441213,10,time
064350,2020-01-15,2020-01-16,17150.0,16635.5,183,-106737.92656432511,-0.03397068711421558,1,stop
095340,2020-01-16,2020-01-17,11100.0,12764.999999999998,303,489224.24745524954,0.14529248434912567,1,target
214450,2020-01-17,2020-01-20,40100.0,38897.0,96,-130923.96632160014,-0.03397068711421558,1,stop
095340,2020-01-20,2020-01-21,13650.0,13240.5,274,-127199.89776584972,-0.03397068711421547,1,stop
006400,2020-01-15,2020-01-28,262870.0,279024.0,11,165319.9170293007,0.05710738206860588,7,time
067310,2020-01-15,2020-01-28,4339.0,4486.0,725,93368.79646624997,0.029646599555132713,7,time
078600,2020-01-15,2020-01-28,19300.0,18721.0,163,-106991.29926514952,-0.03397068711421547,7,stop
005290,2020-01-16,2020-01-29,17950.0,18500.0,187,88790.57002749993,0.02642174932584851,7,time
058470,2020-01-22,2020-01-29,14436.0,16601.399999999998,250,524963.6693324996,0.14529248434912567,3,target
086280,2020-01-28,2020-01-29,77280.0,74961.59999999999,40,-105130.96547520021,-0.03397068711421569,1,stop
042700,2020-01-28,2020-01-30,4800.0,4656.0,648,-105783.95283839945,-0.03397068711421536,2,stop
131970,2020-01-29,2020-01-30,35020.0,33969.4,104,-123866.26123768045,-0.03397068711421569,1,stop
003670,2020-01-29,2020-01-30,55858.0,54182.26,65,-123481.6108690449,-0.03397068711421558,1,stop
005380,2020-01-29,2020-01-30,132000.0,128040.0,27,-121210.77929399954,-0.03397068711421547,1,stop
011070,2020-01-30,2020-02-03,160000.0,148800.0,21,-248276.57063999958,-0.07380694743940241,2,stop
207940,2020-01-28,2020-02-06,693805.0,754894.0,4,232262.2196902004,0.08359531503526596,7,time
237690,2020-02-05,2020-02-06,31800.0,29573.999999999996,104,-244375.0816728007,-0.07380694743940275,1,stop
196170,2020-02-06,2020-02-07,22945.0,27534.0,140,627401.347937,0.19508780975560946,1,target
247540,2020-02-10,2020-02-11,18333.0,21999.6,188,673163.7753027594,0.19508780975560946,1,target
006400,2020-02-05,2020-02-19,314269.0,326997.0,10,114025.40003800066,0.03624105603441419,10,time
084370,2020-02-06,2020-02-20,19400.0,20800.0,166,218517.02990000043,0.06777604995346564,10,time
222800,2020-02-07,2020-02-21,13509.0,13082.0,255,-122681.46044475026,-0.03557265975628077,10,time
196170,2020-02-10,2020-02-24,25448.0,25783.0,135,31012.390302749816,0.009016720335877082,10,time
247540,2020-02-21,2020-02-24,22212.0,20657.16,150,-246192.82085070014,-0.07380694743940264,1,stop
051910,2020-02-12,2020-02-26,408500.0,395000.0,10,-151343.16024999972,-0.03700594685135494,10,time
180640,2020-02-19,2020-02-26,48900.0,58680.0,67,639901.3280969998,0.19508780975560946,5,target
035720,2020-02-20,2020-02-27,38235.0,35558.549999999996,90,-254272.89317197492,-0.07380694743940253,5,stop
066970,2020-07-08,2020-07-09,37942.0,36803.74,92,-118716.63964464422,-0.03397068711421569,1,stop
036930,2020-07-08,2020-07-09,7330.0,7110.099999999999,480,-119659.9343063999,-0.03397068711421558,1,stop
237690,2020-07-08,2020-07-10,50900.0,49373.0,69,-119445.6728278501,-0.03397068711421558,2,stop
035720,2020-07-08,2020-07-10,62623.0,72016.45,56,510110.4994231397,0.14529248434912567,2,target
222800,2020-07-10,2020-07-15,12600.0,14489.999999999998,294,538840.5144569995,0.14529248434912567,3,target
043260,2020-07-08,2020-07-17,697.0,744.0,5052,222313.2410550001,0.06306232718576466,7,time
042700,2020-07-09,2020-07-17,4250.0,4887.5,803,496417.2243043757,0.14529248434912612,6,target
178320,2020-07-09,2020-07-20,19099.0,20651.0,178,261509.25261879945,0.07683466670432537,7,time
009830,2020-07-10,2020-07-21,27390.0,31498.499999999996,135,537858.6622076253,0.1452924843491259,7,target
336260,2020-07-15,2020-07-21,35715.0,41072.25,119,618215.6321903626,0.1452924843491259,4,target
039490,2020-07-20,2020-07-21,103000.0,99910.0,35,-122605.17939249985,-0.03397068711421558,1,stop
001440,2020-07-21,2020-07-22,7102.0,6888.94,593,-143231.62178613152,-0.03397068711421569,1,stop
034020,2020-07-21,2020-07-22,5018.0,5770.7,840,613129.6375385998,0.1452924843491259,1,target
005380,2020-07-21,2020-07-23,122000.0,118340.0,34,-141072.47825799976,-0.03397068711421558,2,stop
000150,2020-07-22,2020-07-23,49150.0,47675.5,91,-152113.7463550251,-0.03397068711421558,1,stop
298040,2020-07-22,2020-07-24,37700.0,43355.0,119,652575.3698327495,0.14529248434912567,2,target
042700,2020-07-23,2020-07-24,6050.0,5868.5,689,-141767.97781932494,-0.03397068711421558,1,stop
196170,2020-07-24,2020-07-27,101317.0,98277.48999999999,45,-155059.50158750266,-0.03397068711421558,1,stop
353200,2020-07-17,2020-07-28,11750.0,13512.499999999998,326,557182.9690712495,0.14529248434912567,7,target
222800,2020-07-17,2020-07-28,14950.0,15500.0,256,124700.28352000006,0.0325452090976559,7,time
141080,2020-07-23,2020-07-28,54000.0,62099.99999999999,77,604820.9856149997,0.14529248434912567,3,target
034020,2020-07-24,2020-07-28,7394.0,8503.099999999999,620,666827.5007058987,0.14529248434912567,2,target
001440,2020-07-27,2020-07-28,9410.0,9127.699999999999,472,-151055.02257292066,-0.03397068711421569,1,stop
298040,2020-07-28,2020-07-29,47950.0,46511.5,94,-153292.1844870504,-0.03397068711421569,1,stop
226950,2020-07-28,2020-07-29,29026.0,28155.219999999998,156,-153998.09103447758,-0.033970687114215914,1,stop
267260,2020-07-28,2020-07-29,10450.0,10136.5,433,-153889.0557487253,-0.03397068711421569,1,stop
058470,2020-07-28,2020-07-29,28612.0,27753.64,158,-153747.77921191603,-0.03397068711421558,1,stop
131970,2020-07-28,2020-07-29,42819.0,41534.43,105,-152907.70416720584,-0.03397068711421525,1,stop
064350,2020-07-29,2020-07-30,18450.0,17896.5,237,-148712.77050502412,-0.03397068711421536,1,stop
010130,2020-07-29,2020-07-31,433500.0,420495.0,10,-147432.30309749907,-0.03397068711421536,2,stop
100790,2020-07-29,2020-08-03,3636.0,3526.92,1203,-148762.35673291795,-0.03397068711421558,3,stop
034020,2020-07-30,2020-08-03,9176.0,8900.72,467,-145738.34504613234,-0.03397068711421569,2,stop
267260,2020-07-31,2020-08-03,12400.0,12028.0,337,-142119.9788197996,-0.03397068711421547,1,stop
131290,2020-08-03,2020-08-04,41150.0,39915.5,100,-139950.15622750064,-0.03397068711421569,1,stop
319660,2020-07-29,2020-08-07,15475.0,15600.0,282,17261.741347500123,0.003950987193726885,7,time
240810,2020-07-29,2020-08-07,37650.0,36520.5,116,-148534.21927289944,-0.03397068711421547,7,stop
222800,2020-08-03,2020-08-07,19650.0,19060.5,210,-140341.26845025038,-0.03397068711421569,4,stop
066970,2020-08-03,2020-08-07,39769.0,45734.35,104,601617.3835497797,0.14529248434912567,4,target
051910,2020-08-04,2020-08-07,652000.0,749800.0,6,569037.9258599994,0.14529248434912567,3,target
067310,2020-08-07,2020-08-10,5072.0,4919.84,863,-148865.33828165568,-0.03397068711421547,1,stop
096770,2020-08-07,2020-08-10,164811.0,189532.65,26,623306.8633874552,0.1452924843491259,1,target
298380,2020-08-07,2020-08-10,35850.0,34774.5,122,-148748.48075144924,-0.03397068711421547,1,stop
051910,2020-08-10,2020-08-11,747000.0,724590.0,6,-152431.73759699985,-0.03397068711421558,1,stop
178320,2020-08-10,2020-08-11,23029.0,22338.13,199,-155858.93497080356,-0.03397068711421558,1,stop
039490,2020-08-11,2020-08-12,119500.0,115915.0,37,-150374.14720774908,-0.03397068711421536,1,stop
003670,2020-08-07,2020-08-13,80789.0,92907.34999999999,54,634582.8909980543,0.14529248434912567,4,target
006400,2020-08-07,2020-08-14,456718.0,443016.45999999996,9,-139795.8199434271,-0.03397068711421558,5,stop
005380,2020-08-11,2020-08-14,171500.0,166355.0,25,-145816.83956875,-0.03397068711421558,3,stop
096770,2020-08-12,2020-08-14,182030.0,176569.1,24,-148579.11215411965,-0.03397068711421547,2,stop
032830,2020-08-13,2020-08-14,61100.0,70265.0,82,728781.650343501,0.14529248434912612,1,target
071050,2020-08-10,2020-08-18,61700.0,59849.0,74,-155281.7553593004,-0.03397068711421569,5,stop
028300,2020-08-14,2020-08-18,45801.0,44426.97,98,-152652.7330077337,-0.03397068711421569,1,stop
007660,2020-08-14,2020-08-18,4294.0,4165.18,1055,-154069.98766394518,-0.03397068711421558,1,stop
028260,2020-08-14,2020-08-18,127500.0,123675.0,35,-151768.54730624985,-0.03397068711421558,1,stop
105560,2020-08-14,2020-08-18,40850.0,39624.5,110,-152822.84981974866,-0.03397068711421525,1,stop
032830,2020-08-18,2020-08-19,64500.0,62565.0,68,-149166.80078099947,-0.03397068711421547,1,stop
090430,2020-08-18,2020-08-19,192500.0,186725.0,22,-144031.3272474995,-0.03397068711421547,1,stop
066570,2020-08-18,2020-08-19,88300.0,85651.0,49,-147150.02210194943,-0.03397068711421547,1,stop
000810,2020-08-18,2020-08-19,186500.0,180905.0,23,-145884.85908574983,-0.03397068711421558,1,stop
005380,2020-08-18,2020-08-19,163500.0,158595.0,26,-144575.48338349955,-0.03397068711421547,1,stop
064760,2020-08-20,2020-08-21,109000.0,105730.0,39,-144575.4833834991,-0.03397068711421536,1,stop
007660,2020-08-20,2020-08-21,4146.0,4021.62,1026,-144670.57466826495,-0.03397068711421536,1,stop
000990,2020-08-20,2020-08-21,37900.0,36763.0,112,-144364.62288080016,-0.03397068711421558,1,stop
000500,2020-08-20,2020-08-21,15970.0,15490.9,266,-144474.13430317026,-0.03397068711421569,1,stop
237690,2020-08-26,2020-08-27,65800.0,63826.0,62,-138746.21077660052,-0.03397068711421569,1,stop
078600,2020-08-26,2020-08-27,52500.0,50925.0,78,-139269.96105750045,-0.03397068711421569,1,stop
214450,2020-08-19,2020-08-28,68400.0,68200.0,61,-29263.36346999975,-0.007005499204037813,7,time
298380,2020-08-27,2020-08-28,34300.0,33271.0,116,-135318.02711979998,-0.03397068711421558,1,stop
034220,2020-08-25,2020-08-31,14049.0,13627.529999999999,292,-139518.50437261863,-0.03397068711421569,4,stop
051910,2020-08-28,2020-08-31,767000.0,743990.0,5,-130427.42384749977,-0.03397068711421558,1,stop
034020,2020-08-31,2020-09-01,11969.0,13764.349999999999,329,572790.9288060921,0.14529248434912567,1,target
086280,2020-08-31,2020-09-02,72778.0,70594.66,54,-133658.75902210223,-0.03397068711421569,2,stop
009830,2020-08-28,2020-09-03,44138.0,50758.7,90,577826.5944388504,0.1452924843491259,4,target
298040,2020-09-02,2020-09-03,49400.0,56809.99999999999,77,553299.1979514998,0.1452924843491259,1,target
000250,2020-08-26,2020-09-04,58100.0,56357.0,70,-138317.68781950045,-0.03397068711421569,7,stop
178320,2020-08-27,2020-09-04,24430.0,28094.499999999996,163,579233.1886983258,0.14529248434912612,6,target
006260,2020-09-01,2020-09-04,45350.0,52152.49999999999,99,653062.6594676245,0.14529248434912567,3,target
034020,2020-09-03,2020-09-04,14894.0,14447.18,300,-151962.40292969998,-0.03397068711421558,1,stop
272210,2020-09-03,2020-09-04,11444.0,11100.68,390,-151790.99374685995,-0.03397068711421558,1,stop
000500,2020-09-04,2020-09-07,17415.0,20027.25,255,645960.5948638124,0.1452924843491259,1,target
267260,2020-09-04,2020-09-07,12850.0,14777.499999999998,346,646727.8942142492,0.14529248434912567,1,target
067310,2020-09-04,2020-09-08,4778.0,5494.7,932,647745.5295233792,0.14529248434912567,2,target
298040,2020-09-07,2020-09-08,68600.0,66542.0,74,-172647.1380494004,-0.03397068711421569,1,stop
006260,2020-09-07,2020-09-08,61900.0,60043.0,82,-172626.7321942998,-0.03397068711421558,1,stop
087010,2020-09-04,2020-09-09,20089.0,19486.329999999998,221,-150992.07050993666,-0.03397068711421558,3,stop
336260,2020-09-08,2020-09-09,58675.0,56914.75,85,-169619.41929893754,-0.03397068711421558,1,stop
032820,2020-09-08,2020-09-09,938.0,1078.6999999999998,5322,726139.5223053293,0.14529248434912567,1,target
071050,2020-09-08,2020-09-09,84100.0,81577.0,59,-168753.0207011504,-0.03397068711421569,1,stop
267260,2020-09-09,2020-09-10,17150.0,19722.5,286,713464.7552532507,0.1452924843491259,1,target
010170,2020-09-09,2020-09-14,3777.0,3663.69,1300,-166991.31521084905,-0.03397068711421536,3,stop
222800,2020-09-04,2020-09-15,19250.0,20000.0,231,154515.57948749978,0.034708060394467166,7,time
067310,2020-09-14,2020-09-15,6379.0,6187.63,744,-161409.49760679714,-0.0339706871142158,1,stop
001440,2020-09-09,2020-09-17,7566.0,7339.0199999999995,649,-166999.27349434048,-0.033970687114215914,6,stop
000500,2020-09-09,2020-09-18,20386.0,19774.42,241,-167090.82776422147,-0.03397068711421569,7,stop
080220,2020-09-17,2020-09-18,4140.0,4015.7999999999997,1147,-161498.0590179311,-0.0339706871142158,1,stop
006260,2020-09-10,2020-09-21,59200.0,57424.0,95,-191270.8818040006,-0.03397068711421569,7,stop
141080,2020-09-18,2020-09-21,64000.0,62080.0,72,-156716.9671679996,-0.03397068711421547,1,stop
307950,2020-09-15,2020-09-22,58100.0,56357.0,79,-156101.39053915069,-0.03397068711421569,5,stop
011200,2020-09-15,2020-09-22,7270.0,7051.9,632,-156262.5967944404,-0.03397068711421569,5,stop
237690,2020-09-18,2020-09-22,72600.0,70422.0,64,-158022.94189439993,-0.03397068711421558,2,stop
066970,2020-09-21,2020-09-22,44145.0,42820.65,112,-168152.40836604033,-0.03397068711421569,1,stop
000270,2020-09-21,2020-09-22,47500.0,46075.0,104,-168008.20698999893,-0.03397068711421536,1,stop
028300,2020-09-22,2020-09-23,53435.0,51831.95,86,-156288.78430848476,-0.03397068711421558,1,stop
043260,2020-09-24,2020-09-25,1115.0,1081.55,4095,-155286.0065791132,-0.03397068711421569,1,stop
032820,2020-09-25,2020-09-28,1260.0,1449.0,3599,659621.4324934501,0.1452924843491259,1,target
032820,2020-10-05,2020-10-06,1475.0,1430.75,3164,-158720.14194365032,-0.03397068711421569,1,stop
267270,2020-10-06,2020-10-07,30200.0,29294.0,153,-157145.4901250992,-0.03397068711421536,1,stop
226950,2020-10-05,2020-10-14,34031.0,33010.07,137,-158561.89453734923,-0.03397068711421558,6,stop
241560,2020-10-07,2020-10-15,28550.0,27693.5,160,-155356.5768279992,-0.03397068711421547,5,stop
357780,2020-10-14,2020-10-15,250900.0,243373.0,18,-153594.8713376997,-0.03397068711421547,1,stop
307950,2020-10-06,2020-10-16,66600.0,68000.0,69,77482.35008999985,0.016841479772040202,7,time
000270,2020-10-07,2020-10-16,49850.0,48354.5,92,-155975.5544327004,-0.03397068711421569,6,stop
086280,2020-10-15,2020-10-16,84783.0,97500.45,51,628957.532177302,0.14529248434912567,1,target
003490,2020-10-07,2020-10-19,15158.0,15934.0,302,214900.7228752002,0.04689103447276932,7,time
336260,2020-10-15,2020-10-19,46165.0,44780.049999999996,95,-149155.74760948867,-0.0339706871142158,2,stop
043260,2020-10-16,2020-10-19,1080.0,1047.6,4364,-160292.07298152056,-0.03397068711421569,1,stop
086280,2020-10-19,2020-10-20,92786.0,90002.42,49,-154625.84315686952,-0.03397068711421569,1,stop
086280,2020-10-22,2020-10-23,98287.0,95338.39,46,-153764.98814971838,-0.033970687114215914,1,stop
010170,2020-10-22,2020-10-23,3794.0,3680.18,1195,-154194.46338005364,-0.03397068711421525,1,stop
145020,2020-10-23,2020-10-26,219900.0,213303.0,19,-142096.17198885046,-0.03397068711421569,1,stop
047050,2020-10-23,2020-10-26,15150.0,14695.5,290,-149421.87396975048,-0.03397068711421569,1,stop
214150,2020-10-16,2020-10-27,14400.0,14900.0,327,143720.38966500014,0.030486595217510626,7,time
034020,2020-10-21,2020-10-27,12885.0,12498.449999999999,352,-154251.93987191934,-0.03397068711421547,4,stop
241560,2020-10-22,2020-10-27,31150.0,30215.5,145,-153613.57670487463,-0.03397068711421547,3,stop
011200,2020-10-26,2020-11-04,8190.0,9828.0,518,828596.3410997996,0.19508780975560946,7,target
043260,2020-11-06,2020-11-10,1275.0,1185.75,3628,-341801.46809805,-0.07380694743940253,2,stop
011200,2020-11-06,2020-11-10,10300.0,12360.0,449,903260.2850930002,0.1950878097556097,2,target
000270,2020-10-28,2020-11-11,52600.0,58100.0,84,442530.5140200006,0.10004121905578156,10,time
009830,2020-11-10,2020-11-13,62642.0,58257.06,77,-356412.39649654087,-0.07380694743940253,3,stop
003490,2020-11-12,2020-11-18,19539.0,18171.27,249,-359499.3757500006,-0.07380694743940241,4,stop
034020,2020-11-10,2020-11-19,15201.0,14136.929999999998,319,-358310.3083170429,-0.07380694743940241,7,stop
131290,2020-11-18,2020-11-19,50000.0,60000.0,90,878904.8550000004,0.1950878097556097,1,target
011200,2020-11-12,2020-11-20,13200.0,12276.0,368,-358936.98498239927,-0.07380694743940241,6,stop
006400,2020-11-09,2020-11-23,501264.0,514971.0,9,104510.79858465027,0.02313944428095116,10,time
032820,2020-11-20,2020-11-23,1765.0,1641.4499999999998,2676,-349001.48864661064,-0.07380694743940275,1,stop
226950,2020-11-23,2020-11-24,39286.0,47143.2,114,874725.9553827597,0.19508780975560946,1,target
319660,2020-11-20,2020-11-25,19500.0,18135.0,242,-348695.5764434999,-0.07380694743940253,3,stop
001440,2020-11-23,2020-11-25,11091.0,10314.63,405,-331911.41524170805,-0.07380694743940275,2,stop
032820,2020-11-25,2020-11-26,1645.0,1529.85,2594,-315306.07228424586,-0.07380694743940275,1,stop
307950,2020-11-13,2020-11-27,75800.0,81000.0,59,287567.5682200007,0.06422727122036487,10,time
058610,2020-11-19,2020-11-30,7900.0,7346.999999999999,625,-364840.94271874987,-0.07380694743940253,7,stop
226950,2020-11-27,2020-11-30,55201.0,53544.97,86,-161454.05039043073,-0.03397068711421558,1,stop
319400,2020-11-30,2020-12-01,3600.0,3492.0,1274,-155982.35638440028,-0.03397068711421569,1,stop
336260,2020-11-30,2020-12-01,49200.0,47724.0,93,-155615.05099260062,-0.03397068711421569,1,stop
043260,2020-11-26,2020-12-03,1750.0,1627.5,2354,-304397.4204617501,-0.07380694743940264,5,stop
082740,2020-11-24,2020-12-04,5208.0,6249.599999999999,1032,1049735.8338566395,0.19508780975560946,8,target
003670,2020-12-01,2020-12-04,82063.0,94372.45,53,632653.0785843581,0.1452924843491259,3,target
319400,2020-12-03,2020-12-04,3580.0,3472.6,1091,-132834.63455413003,-0.03397068711421558,1,stop
307950,2020-12-04,2020-12-07,95000.0,92150.0,53,-171239.13404749893,-0.03397068711421536,1,stop
051910,2020-11-25,2020-12-09,820000.0,836000.0,5,62961.53600000031,0.015338830239522094,10,time
237690,2020-12-07,2020-12-09,111000.0,107670.0,44,-166103.66051399894,-0.03397068711421536,2,stop
066970,2020-12-01,2020-12-10,48569.0,52321.0,91,322312.3030946003,0.07284120348067114,7,time
036930,2020-12-04,2020-12-11,8590.0,8332.3,589,-172072.71322833654,-0.033970687114215914,5,stop
000660,2020-12-04,2020-12-15,116000.0,117500.0,43,43868.029175000265,0.008784609527903164,7,time
095340,2020-12-11,2020-12-17,23400.0,26909.999999999996,208,707980.9286159994,0.14529248434912567,4,target
263750,2020-12-09,2020-12-18,47900.0,53740.0,93,523262.60354400054,0.11732809492460805,7,time
141080,2020-12-09,2020-12-18,64800.0,65700.0,69,43593.054255000316,0.009738542964809138,7,time
307950,2020-12-17,2020-12-18,127500.0,123675.0,43,-186458.50097624958,-0.03397068711421547,1,stop
047040,2020-12-10,2020-12-21,4260.0,4610.0,1120,371291.0325600011,0.07772981278821622,7,time
066970,2020-12-18,2020-12-21,69055.0,66983.34999999999,71,-166746.61499844305,-0.03397068711421569,1,stop
042700,2020-12-18,2020-12-21,8400.0,8148.0,590,-168552.36312599946,-0.03397068711421547,1,stop
272210,2020-12-18,2020-12-21,13992.0,13572.24,354,-168456.04748992808,-0.03397068711421558,1,stop
015760,2020-12-21,2020-12-22,28600.0,27742.0,170,-165355.4458269989,-0.03397068711421536,1,stop
357780,2020-12-21,2020-12-22,275700.0,267429.0,17,-159400.33711364958,-0.03397068711421547,1,stop
000250,2020-12-22,2020-12-23,91100.0,88367.0,52,-161111.02796619944,-0.03397068711421547,1,stop
000100,2020-12-22,2020-12-23,66821.0,64816.369999999995,71,-161352.19116372336,-0.03397068711421558,1,stop
336260,2020-12-15,2020-12-24,53700.0,52089.0,94,-171674.45895630028,-0.03397068711421569,7,stop
042700,2020-12-23,2020-12-24,8650.0,8390.5,543,-159742.13518657442,-0.03397068711421547,1,stop
000990,2020-12-23,2020-12-24,39450.0,45367.5,119,682867.3299708748,0.1452924843491259,1,target
066570,2020-12-24,2020-12-28,125000.0,121250.0,39,-165797.57268749923,-0.03397068711421547,1,stop
319400,2020-12-24,2020-12-28,4455.0,5123.25,1094,708936.5981387254,0.1452924843491259,1,target
011070,2020-12-24,2020-12-28,184500.0,178965.0,26,-163144.8115244992,-0.03397068711421547,1,stop
000990,2020-12-28,2020-12-29,43300.0,49794.99999999999,114,718017.6404984994,0.14529248434912567,1,target
003550,2020-12-29,2021-01-04,82185.0,94512.74999999999,62,741184.9897959745,0.14529248434912567,2,target
218410,2020-12-22,2021-01-05,41466.0,44637.0,115,344047.31380875036,0.07206575998129283,7,time
000250,2020-12-29,2021-01-05,79800.0,77406.0,64,-173694.63861120027,-0.03397068711421569,3,stop
064760,2020-12-29,2021-01-06,122300.0,118631.0,42,-174694.52551109903,-0.03397068711421536,4,stop
066570,2020-12-30,2021-01-06,128000.0,147200.0,41,763371.9414400002,0.1452924843491259,3,target
096770,2021-01-05,2021-01-06,224832.0,258556.8,22,719487.3642211203,0.1452924843491259,1,target
319400,2021-01-04,2021-01-07,5920.0,6807.999999999999,989,851648.4589363998,0.1452924843491259,3,target
067310,2021-01-05,2021-01-07,7770.0,7536.9,646,-170709.26201006956,-0.03397068711421547,2,stop
011200,2021-01-06,2021-01-07,16500.0,16005.0,337,-189111.26213924866,-0.03397068711421536,1,stop
047040,2021-01-06,2021-01-08,5900.0,5723.0,944,-189420.75094160065,-0.03397068711421569,2,stop
064350,2021-01-06,2021-01-11,21850.0,21194.5,255,-189493.87192237563,-0.03397068711421569,3,stop
003670,2021-01-07,2021-01-11,126494.0,122699.18,44,-189289.33723475598,-0.03397068711421558,2,stop
058610,2021-01-07,2021-01-11,9580.0,9292.6,589,-191904.1435072692,-0.03397068711421547,2,stop
096770,2021-01-08,2021-01-11,265666.0,305515.89999999997,21,811517.030123204,0.14529248434912567,1,target
012330,2021-01-11,2021-01-12,368500.0,357445.0,15,-187988.94010874908,-0.03397068711421547,1,stop
018260,2021-01-11,2021-01-12,223000.0,216310.0,25,-189604.40363749955,-0.03397068711421547,1,stop
267260,2021-01-11,2021-01-12,20400.0,19788.0,278,-192876.14240520075,-0.03397068711421569,1,stop
039490,2021-01-12,2021-01-13,162500.0,157625.0,33,-182377.32995624933,-0.03397068711421547,1,stop
086520,2021-01-12,2021-01-13,8060.0,7818.2,683,-187223.04034733027,-0.03397068711421558,1,stop
005380,2021-01-11,2021-01-14,256500.0,248805.0,22,-191917.06721549947,-0.03397068711421547,3,stop
353200,2021-01-13,2021-01-14,16000.0,15520.0,332,-180659.83715200052,-0.03397068711421569,1,stop
000990,2021-01-13,2021-01-14,61300.0,59461.0,86,-179292.64486030117,-0.0339706871142158,1,stop
086790,2021-01-14,2021-01-15,39900.0,38703.0,131,-177765.6067036502,-0.03397068711421558,1,stop
006400,2021-01-07,2021-01-18,673574.0,691197.0,8,118484.84438439924,0.02196282917646264,7,time
012330,2021-01-14,2021-01-18,328500.0,318645.0,15,-167583.08500874974,-0.03397068711421558,2,stop
000270,2021-01-14,2021-01-18,71200.0,69064.0,73,-176769.12077960093,-0.0339706871142158,2,stop
100790,2021-01-15,2021-01-18,5948.0,5769.5599999999995,915,-185095.38985556923,-0.03397068711421547,1,stop
003490,2021-01-18,2021-01-19,24502.0,23766.94,209,-174161.18447830435,-0.0339706871142158,1,stop
064760,2021-01-18,2021-01-19,133100.0,129107.0,38,-172014.55654130038,-0.03397068711421569,1,stop
083650,2021-01-19,2021-01-20,3245.0,3147.65,1547,-170729.49781637732,-0.03397068711421558,1,stop
012450,2021-01-19,2021-01-20,40490.0,39275.299999999996,124,-170754.83508646023,-0.03397068711421558,1,stop
080220,2021-01-12,2021-01-21,4275.0,4916.25,1289,801551.4479814367,0.14529248434912567,7,target
000270,2021-01-20,2021-01-21,96000.0,93120.0,50,-163246.84079999942,-0.03397068711421547,1,stop
036930,2021-01-18,2021-01-27,9350.0,10450.0,549,581082.9972749995,0.11307197967434224,7,time
042700,2021-01-19,2021-01-28,10050.0,9748.5,499,-170557.23838957492,-0.03397068711421558,7,stop
066570,2021-01-21,2021-01-28,168500.0,163445.0,32,-183380.61783199944,-0.03397068711421547,5,stop
079550,2021-01-21,2021-01-28,39750.0,38557.5,138,-186560.53025175072,-0.03397068711421569,5,stop
080220,2021-01-27,2021-01-28,6450.0,6256.5,905,-198523.46280412562,-0.03397068711421569,1,stop
100790,2021-01-20,2021-01-29,5671.0,5500.87,856,-165096.1554281963,-0.03397068711421569,7,stop
352820,2021-01-28,2021-01-29,210870.0,204543.9,24,-172119.30659748055,-0.03397068711421569,1,stop
214150,2021-01-28,2021-01-29,16500.0,16005.0,318,-178449.20284949895,-0.03397068711421536,1,stop
035420,2021-01-29,2021-02-01,362000.0,351140.0,13,-160049.9235009998,-0.03397068711421558,1,stop
226950,2021-01-28,2021-02-03,47000.0,54049.99999999999,111,758862.6940724999,0.1452924843491259,4,target
068270,2021-02-02,2021-02-03,321809.0,312154.73,15,-164169.6955968989,-0.033970687114215914,1,stop
047050,2021-02-02,2021-02-04,18600.0,21390.0,264,714264.7830119999,0.1452924843491259,2,target
096770,2021-02-02,2021-02-04,318799.0,309235.02999999997,15,-162634.15500062238,-0.03397068711421558,2,stop
263750,2021-01-28,2021-02-05,61960.0,71254.0,84,757064.8135091998,0.1452924843491259,6,target
298040,2021-02-05,2021-02-08,86300.0,83711.0,63,-184907.65598864947,-0.03397068711421547,1,stop
272210,2021-02-05,2021-02-08,17479.0,16954.63,311,-184875.99290348683,-0.03397068711421569,1,stop
079550,2021-02-05,2021-02-09,43600.0,42292.0,125,-185353.1838250002,-0.03397068711421558,2,stop
263750,2021-02-08,2021-02-09,78600.0,76242.0,67,-179102.19021269958,-0.03397068711421547,1,stop
047810,2021-02-05,2021-02-10,38800.0,37636.0,140,-184741.00817199983,-0.03397068711421558,3,stop
032820,2021-02-09,2021-02-10,1325.0,1285.25,3910,-176196.05634887423,-0.03397068711421547,1,stop
298040,2021-02-10,2021-02-15,88300.0,85651.0,58,-174177.577181899,-0.03397068711421536,1,stop
352820,2021-02-03,2021-02-16,229185.0,245520.0,23,352994.7456337502,0.06688904542617413,7,time
047050,2021-02-08,2021-02-16,21800.0,21146.0,242,-179421.88194260094,-0.0339706871142158,4,stop
047810,2021-02-15,2021-02-16,40150.0,38945.5,124,-169320.9836681001,-0.03397068711421558,1,stop
353200,2021-02-10,2021-02-17,16300.0,15811.0,316,-175177.4640817996,-0.03397068711421547,3,stop
080220,2021-02-16,2021-02-17,6970.0,6760.9,744,-176363.72445828095,-0.0339706871142158,1,stop
064760,2021-02-16,2021-02-17,185600.0,180032.0,27,-170429.7017951999,-0.03397068711421558,1,stop
319400,2021-02-16,2021-02-17,6150.0,5965.5,843,-176321.89245532546,-0.03397068711421569,1,stop
357780,2021-02-17,2021-02-18,312600.0,303222.0,16,-170103.20811359957,-0.03397068711421547,1,stop
240810,2021-02-17,2021-02-18,53400.0,51798.0,93,-168899.26266270038,-0.03397068711421569,1,stop
035720,2021-02-17,2021-02-19,103367.0,100265.98999999999,48,-168743.36192973703,-0.0339706871142158,2,stop
222800,2021-02-18,2021-02-19,25400.0,24638.0,191,-164994.94238690007,-0.03397068711421558,1,stop
010950,2021-02-09,2021-02-22,81000.0,86600.0,63,330846.81336000003,0.06475930375345462,7,time
003670,2021-02-18,2021-02-22,154605.0,177795.75,31,697152.1892523365,0.14529248434912567,2,target
272210,2021-02-19,2021-02-22,19581.0,18993.57,243,-161824.65472880471,-0.03397068711421547,1,stop
178320,2021-02-19,2021-02-22,23404.0,22701.88,204,-162376.7351385355,-0.03397068711421547,1,stop
042700,2021-02-22,2021-02-23,12175.0,11809.75,413,-171010.4184215879,-0.03397068711421569,1,stop
043260,2021-02-22,2021-02-23,1980.0,1920.6,2544,-171311.23473551963,-0.03397068711421547,1,stop
087010,2021-02-22,2021-02-23,15020.0,14569.4,335,-171126.90184444934,-0.03397068711421547,1,stop
267270,2021-02-23,2021-02-24,38750.0,37587.5,125,-164734.76773437392,-0.03397068711421536,1,stop
003670,2021-02-24,2021-02-25,167205.0,162188.85,28,-159224.84675979055,-0.03397068711421569,1,stop
138040,2021-02-17,2021-02-26,11050.0,12250.0,452,520332.1079599997,0.10405925109398306,7,time
011200,2021-02-22,2021-03-02,16600.0,19090.0,303,731632.6583564989,0.14529248434912567,5,target
000660,2021-02-26,2021-03-05,143500.0,139195.0,34,-165933.61172149982,-0.03397068711421558,4,stop
141080,2021-03-04,2021-03-05,57400.0,55678.0,90,-175694.41241099965,-0.03397068711421547,1,stop
086520,2021-03-05,2021-03-08,8968.0,8698.96,553,-168664.73136808444,-0.03397068711421569,1,stop
100790,2021-03-05,2021-03-08,6339.0,6148.83,783,-168805.29369996488,-0.03397068711421569,1,stop
011200,2021-03-04,2021-03-09,20150.0,23172.5,256,750338.7619519997,0.1452924843491259,3,target
098460,2021-03-04,2021-03-10,22439.0,21765.829999999998,230,-175523.3433257453,-0.03397068711421569,4,stop
083650,2021-03-09,2021-03-10,3590.0,3482.2999999999997,1455,-177648.27303682547,-0.03397068711421569,1,stop
105560,2021-03-09,2021-03-10,51900.0,50343.0,100,-176510.6466149995,-0.03397068711421547,1,stop
083650,2021-03-12,2021-03-15,3800.0,3686.0,1336,-172660.74195280112,-0.0339706871142158,1,stop
319400,2021-03-12,2021-03-15,6200.0,6014.0,818,-172483.89120860025,-0.03397068711421569,1,stop
005490,2021-03-05,2021-03-16,299500.0,306000.0,16,84054.8284,0.01752050580193809,7,time
100790,2021-03-15,2021-03-16,8064.0,7822.08,609,-167021.1077592969,-0.0339706871142158,1,stop
047040,2021-03-16,2021-03-17,6400.0,6208.0,758,-164988.14043519925,-0.03397068711421547,1,stop
010120,2021-03-16,2021-03-17,12360.0,11989.199999999999,392,-164781.3611035198,-0.03397068711421558,1,stop
105560,2021-03-12,2021-03-18,51100.0,49567.0,99,-172051.96727565117,-0.0339706871142158,4,stop
005290,2021-03-17,2021-03-19,33250.0,32252.5,141,-159446.250287625,-0.03397068711421558,2,stop
237690,2021-03-17,2021-03-22,85000.0,82450.0,55,-158995.62098750006,-0.03397068711421558,3,stop
267270,2021-03-12,2021-03-23,46100.0,48350.0,110,225988.38542499952,0.04451365874337876,7,time
087010,2021-03-22,2021-03-23,16571.0,16073.869999999999,277,-156110.4711446697,-0.03397068711421558,1,stop
196170,2021-03-15,2021-03-24,83412.0,83162.0,58,-34283.91866219975,-0.007078393647436676,7,time
042700,2021-03-23,2021-03-24,13225.0,12828.25,368,-165518.6926678,-0.03397068711421558,1,stop
100790,2021-03-18,2021-03-26,7911.0,9097.65,619,712302.3876495827,0.1452924843491259,6,target
011200,2021-03-23,2021-03-26,27350.0,31452.499999999996,178,708140.9341677483,0.14529248434912545,3,target
214450,2021-03-26,2021-03-29,69000.0,66930.0,81,-190080.54025649838,-0.03397068711421525,1,stop
039030,2021-03-19,2021-03-30,114100.0,120100.0,39,215073.57612000033,0.048276701370499,7,time
011200,2021-03-29,2021-03-30,32600.0,31622.0,166,-184047.20909860078,-0.03397068711421569,1,stop
001440,2021-03-26,2021-03-31,9411.0,9128.67,596,-190759.238997126,-0.03397068711421558,3,stop
083650,2021-03-30,2021-03-31,4565.0,4245.45,1084,-365650.79724678956,-0.07380694743940253,1,stop
241560,2021-03-30,2021-03-31,43650.0,40594.5,113,-364467.78894442413,-0.07380694743940241,1,stop
000500,2021-03-24,2021-04-02,22863.0,25008.0,207,423310.71223304886,0.0893421666144818,7,time
090430,2021-03-24,2021-04-02,249500.0,258500.0,19,151068.3663499998,0.03183099138886125,7,time
138040,2021-04-01,2021-04-02,17500.0,16274.999999999998,277,-358190.67743374966,-0.07380694743940253,1,stop
272210,2021-04-01,2021-04-08,19760.0,18376.8,246,-359185.2615530407,-0.07380694743940275,5,stop
064760,2021-04-02,2021-04-08,201200.0,187116.0,24,-356808.90009120014,-0.07380694743940264,4,stop
100790,2021-04-08,2021-04-09,11152.0,10371.359999999999,408,-336209.0383443842,-0.07380694743940264,1,stop
352820,2021-04-08,2021-04-09,275220.0,255954.59999999998,16,-325384.17986448016,-0.07380694743940264,1,stop
010140,2021-04-01,2021-04-15,7333.0,7060.0,663,-200389.9485958498,-0.04117006035790216,10,time
240810,2021-04-02,2021-04-16,55100.0,55900.0,88,50321.1051199995,0.010366130752246905,10,time
039030,2021-04-02,2021-04-16,128000.0,123200.0,37,-196485.50151999947,-0.04143998592518805,10,time
071050,2021-04-09,2021-04-23,99700.0,108000.0,42,330411.50709000044,0.07881547520566579,10,time
047040,2021-04-09,2021-04-23,7000.0,7090.0,604,36872.55440199934,0.008711020377055956,10,time
036930,2021-04-15,2021-04-29,12800.0,14000.0,367,419849.97445999924,0.08927274326683143,10,time
064760,2021-04-23,2021-04-29,229000.0,212970.0,19,-321503.3806114993,-0.07380694743940241,4,stop
035720,2021-04-16,2021-04-30,115500.0,113500.0,40,-98697.83999999985,-0.02133862621023308,10,time
028050,2021-04-16,2021-04-30,14800.0,17760.0,319,922107.9114280008,0.1950878097556097,10,target
011200,2021-04-29,2021-05-03,39600.0,36828.0,117,-342355.6568718003,-0.07380694743940264,2,stop
047040,2021-04-30,2021-05-04,7610.0,7077.299999999999,671,-377314.6236383151,-0.07380694743940264,2,stop
082740,2021-05-04,2021-05-06,9256.0,8608.08,510,-348810.84770843945,-0.07380694743940241,1,stop
267270,2021-04-23,2021-05-10,56500.0,66200.0,78,736308.7379700011,0.16688514757848627,10,time
058610,2021-05-06,2021-05-13,11650.0,10834.5,376,-323675.80060460046,-0.07380694743940264,5,stop
000150,2021-04-29,2021-05-14,61100.0,68500.0,75,534583.8307500007,0.11652366296043737,10,time
042660,2021-04-30,2021-05-17,31183.0,32649.0,163,217423.0900603002,0.04272685706717594,10,time
138040,2021-05-03,2021-05-17,17950.0,16693.5,241,-319652.39010717534,-0.07380694743940264,9,stop
207940,2021-05-17,2021-05-21,1352702.0,1258012.8599999999,3,-299860.9050516696,-0.07380694743940275,3,stop
083650,2021-05-21,2021-05-24,5090.0,6108.0,740,735662.8948540003,0.1950878097556097,1,target
011200,2021-05-10,2021-05-25,42900.0,49350.0,119,744365.5034025004,0.14564070340791258,10,time
030200,2021-05-13,2021-05-28,31100.0,33800.0,131,335960.79809499905,0.08236784484832782,10,time
024110,2021-05-14,2021-05-31,10650.0,10800.0,482,51049.565925000235,0.009933360356853216,10,time
083650,2021-05-26,2021-05-31,5550.0,5161.5,932,-382212.9134799009,-0.07380694743940275,3,stop
001440,2021-05-31,2021-06-01,15025.0,18030.0,333,977210.3630317505,0.1950878097556097,1,target
214450,2021-05-18,2021-06-02,76000.0,82400.0,69,418807.1803200003,0.07977231934059459,10,time
034020,2021-05-31,2021-06-02,17856.0,21427.2,280,976498.4500992009,0.1950878097556097,2,target
000150,2021-05-28,2021-06-07,86000.0,103200.0,51,856639.2653400004,0.1950878097556097,6,target
000500,2021-06-03,2021-06-08,35491.0,33006.63,165,-432711.70292154886,-0.07380694743940286,3,stop
001440,2021-06-07,2021-06-08,29814.0,27727.019999999997,176,-387729.973560337,-0.07380694743940275,1,stop
012450,2021-05-26,2021-06-09,50116.0,51034.0,103,73120.55478669889,0.014149028970584343,10,time
034020,2021-06-08,2021-06-09,30789.0,29865.329999999998,167,-174870.117894236,-0.03397068711421569,1,stop
032820,2021-06-08,2021-06-09,2620.0,2541.4,1965,-175092.4396855496,-0.03397068711421547,1,stop
083650,2021-06-09,2021-06-10,6530.0,6334.099999999999,775,-172114.88532887492,-0.03397068711421558,1,stop
000150,2021-06-09,2021-06-10,99000.0,96030.0,51,-171715.27066649962,-0.03397068711421547,1,stop
001440,2021-06-10,2021-06-11,28269.0,27420.93,173,-166325.9823053144,-0.03397068711421558,1,stop
145020,2021-06-10,2021-06-11,242500.0,235225.0,20,-164947.32872499898,-0.03397068711421536,1,stop
032820,2021-06-11,2021-06-14,2170.0,2104.9,2178,-160738.9612082094,-0.03397068711421547,1,stop
047040,2021-06-01,2021-06-15,8320.0,8620.0,720,190813.36392000038,0.031816598567042886,10,time
035720,2021-06-02,2021-06-16,128000.0,143000.0,45,649404.4342499999,0.112614302051121,10,time
064350,2021-06-11,2021-06-16,24650.0,23910.5,191,-160123.04448177572,-0.03397068711421569,3,stop
145020,2021-06-16,2021-06-17,249000.0,241530.0,22,-186305.45706299972,-0.03397068711421558,1,stop
010140,2021-06-09,2021-06-18,6663.0,6463.11,759,-171994.72885209415,-0.03397068711421547,7,stop
214150,2021-06-15,2021-06-18,16950.0,19492.5,371,914715.3744566245,0.14529248434912567,3,target
064760,2021-06-18,2021-06-21,202100.0,196037.0,30,-206201.16578549985,-0.03397068711421558,1,stop
067310,2021-06-18,2021-06-21,11299.0,10960.029999999999,536,-205972.07605224568,-0.033970687114215914,1,stop
307950,2021-06-14,2021-06-23,124000.0,134000.0,36,340644.3372000009,0.07622154910787438,7,time
007660,2021-06-16,2021-06-23,3657.0,3547.29,1500,-186560.5302517498,-0.03397068711421558,5,stop
352820,2021-06-17,2021-06-23,292000.0,335800.0,18,764535.6181800012,0.14529248434912612,4,target
214150,2021-06-21,2021-06-23,19300.0,18721.0,303,-198885.66673215013,-0.03397068711421558,2,stop
001440,2021-06-23,2021-06-24,32547.0,31570.59,168,-185961.8224631166,-0.03397068711421569,1,stop
035720,2021-06-21,2021-06-25,155500.0,150835.0,37,-195675.1455297498,-0.03397068711421558,4,stop
095340,2021-06-23,2021-06-25,24500.0,23765.0,223,-185812.31556474883,-0.03397068711421536,2,stop
028050,2021-06-23,2021-06-25,26400.0,25608.0,207,-185856.52825080045,-0.03397068711421569,2,stop
078600,2021-06-24,2021-06-25,50900.0,49373.0,104,-180034.05759560037,-0.03397068711421569,1,stop
307950,2021-06-25,2021-06-28,143000.0,138710.0,37,-179945.632223499,-0.03397068711421536,1,stop
298380,2021-06-25,2021-06-29,22300.0,21631.0,238,-180503.39226290025,-0.03397068711421558,2,stop
039490,2021-06-29,2021-06-30,135000.0,130950.0,38,-174470.06110499892,-0.03397068711421536,1,stop
005830,2021-06-29,2021-07-01,55600.0,53932.0,93,-175857.65925180074,-0.03397068711421569,2,stop
263750,2021-06-30,2021-07-01,74500.0,85675.0,67,726061.55596375,0.1452924843491259,1,target
043260,2021-06-23,2021-07-02,1800.0,1870.0,3040,189747.30456000008,0.03463620566805092,7,time
010170,2021-06-25,2021-07-06,3112.0,3138.0,1706,22467.597423799336,0.004227063788855512,7,time
263750,2021-07-05,2021-07-06,83800.0,77934.0,65,-402488.8334154999,-0.07380694743940253,1,stop
277810,2021-06-29,2021-07-07,23450.0,22746.5,221,-176253.8729383247,-0.03397068711421558,6,stop
032820,2021-07-06,2021-07-07,3070.0,2855.1,1703,-386322.0385076655,-0.07380694743940264,1,stop
058470,2021-07-02,2021-07-16,36081.0,37303.0,151,161650.07963370066,0.029636109663292443,10,time
010950,2021-07-07,2021-07-16,106500.0,99045.0,46,-361996.10701349936,-0.07380694743940241,7,stop
000720,2021-07-05,2021-07-19,58572.0,56043.0,93,-256827.32613135036,-0.047094372138370644,10,time
012450,2021-07-06,2021-07-20,54496.0,52562.0,95,-204405.2279574992,-0.03943706179697648,10,time
047050,2021-07-07,2021-07-21,23950.0,23450.0,206,-122915.64018999971,-0.02488485947219743,10,time
078600,2021-07-20,2021-07-21,61700.0,57380.99999999999,80,-364730.1049640002,-0.07380694743940264,1,stop
032820,2021-07-16,2021-07-22,3065.0,2850.45,1666,-377313.14580158424,-0.07380694743940241,4,stop
086520,2021-07-19,2021-07-26,11249.0,13498.8,464,1019439.0069438396,0.19508780975560946,5,target
357780,2021-07-23,2021-07-29,364600.0,339078.0,13,-350232.5266426997,-0.07380694743940253,4,stop
042700,2021-07-23,2021-07-29,19825.0,18437.25,239,-350112.4524083873,-0.07380694743940253,4,stop
247540,2021-07-16,2021-07-30,66736.0,71531.0,76,342559.86350379884,0.06746266532341982,10,time
047050,2021-07-26,2021-08-02,27200.0,25296.0,230,-462267.3291440001,-0.07380694743940264,5,stop
010130,2021-07-22,2021-08-05,517000.0,525000.0,9,52718.81580000091,0.01131705371001801,10,time
086520,2021-07-30,2021-08-09,13734.0,16480.8,357,957623.0894332193,0.19508780975560946,6,target
012450,2021-08-05,2021-08-10,56228.0,52292.03999999999,83,-344847.58516592626,-0.07380694743940264,3,stop
138040,2021-07-29,2021-08-12,24000.0,24650.0,183,100600.03505250067,0.022878976058186895,10,time
005830,2021-07-30,2021-08-13,56000.0,59400.0,87,274961.5364100002,0.05637226040897647,10,time
086520,2021-08-12,2021-08-17,18985.0,17656.05,237,-332472.2542807427,-0.07380694743940264,2,stop
066970,2021-08-13,2021-08-17,129700.0,120620.99999999999,39,-373767.0765679516,-0.07380694743940286,1,stop
214150,2021-08-03,2021-08-18,23750.0,25300.0,245,354784.0767625002,0.06090251181813766,10,time
222800,2021-08-09,2021-08-24,30800.0,31400.0,191,90153.26250999887,0.01530728426207073,10,time
207940,2021-08-18,2021-08-24,1479245.0,1375697.8499999999,3,-327912.3890503282,-0.07380694743940275,4,stop
247540,2021-08-10,2021-08-25,77410.0,78424.0,56,38851.06485679932,0.008951969946539018,10,time
005830,2021-08-17,2021-08-31,60300.0,58700.0,74,-136337.9389199987,-0.03051887185386537,10,time
000810,2021-08-18,2021-09-01,230500.0,227000.0,23,-101989.28927499987,-0.019215716505699976,10,time
263750,2021-08-31,2021-09-01,98000.0,91140.0,44,-318621.5989879994,-0.07380694743940241,1,stop
138040,2021-08-26,2021-09-02,25950.0,31140.0,190,962986.7527950006,0.1950878097556097,5,target
086520,2021-09-01,2021-09-02,20555.0,19116.149999999998,224,-340221.66063368134,-0.07380694743940286,1,stop
214450,2021-08-24,2021-09-07,98100.0,94000.0,56,-251436.9992399998,-0.04571649577788561,10,time
353200,2021-08-25,2021-09-08,18250.0,18200.0,270,-33654.0818249993,-0.006822002851502362,10,time
078600,2021-09-06,2021-09-08,70000.0,84000.0,70,957029.7310000006,0.1950878097556097,2,target
138040,2021-09-09,2021-09-14,37300.0,34689.0,143,-394131.66670734994,-0.07380694743940253,3,stop
247540,2021-09-10,2021-09-14,90778.0,108933.59999999999,59,1046072.9490453778,0.19508780975560924,2,target
067310,2021-09-03,2021-09-15,12599.0,11717.07,391,-364006.6299928287,-0.07380694743940264,8,stop
028300,2021-09-02,2021-09-16,55880.0,60097.0,88,349849.3378291996,0.0710628743569981,10,time
058470,2021-09-14,2021-09-23,41147.0,38266.71,138,-419578.98071223963,-0.07380694743940264,4,stop
066970,2021-09-14,2021-09-24,150400.0,180480.0,37,1086873.2749119988,0.19508780975560946,5,target
267260,2021-09-08,2021-09-27,26500.0,26200.0,201,-81951.29488500021,-0.015367905169906604,10,time
028050,2021-09-24,2021-09-27,27850.0,25900.5,214,-440387.95635635033,-0.07380694743940264,1,stop
066970,2021-09-27,2021-09-28,191900.0,178467.0,28,-397035.6158817997,-0.07380694743940253,1,stop
000810,2021-09-15,2021-10-05,232500.0,240000.0,20,130501.16250000056,0.028032524520954505,10,time
247540,2021-09-16,2021-10-06,110001.0,102300.93,48,-390152.4435281521,-0.07380694743940264,10,stop
078600,2021-09-27,2021-10-07,97800.0,90954.0,55,-397464.18853349984,-0.07380694743940253,7,stop
005830,2021-09-24,2021-10-12,62800.0,65500.0,94,228859.29067000095,0.038724144625695844,10,time
058610,2023-03-10,2023-03-13,23850.0,22180.5,216,-380661.18491339963,-0.07380694743940253,1,stop
086520,2023-03-14,2023-03-15,72791.0,87349.2,69,980970.9039380094,0.19508780975560946,1,target
403870,2023-03-20,2023-03-21,18600.0,22320.0,291,1057146.759594,0.1950878097556097,1,target
108490,2023-03-20,2023-03-21,40608.0,37765.439999999995,133,-399079.7596467361,-0.07380694743940264,1,stop
277810,2023-03-20,2023-03-23,124000.0,148800.0,43,1041404.5970800007,0.1950878097556097,3,target
028050,2023-03-10,2023-03-24,28650.0,29250.0,180,86547.19320000056,0.016763188928202055,10,time
058610,2023-03-23,2023-03-27,33500.0,40200.0,178,1164646.5889700009,0.1950878097556097,2,target
247540,2023-03-24,2023-03-27,245000.0,227849.99999999997,23,-416380.4986775005,-0.07380694743940264,1,stop
000250,2023-03-24,2023-03-27,60500.0,72600.0,95,1122556.8120249994,0.19508780975560946,1,target
003550,2023-03-14,2023-03-28,86200.0,83200.0,58,-193976.40002000052,-0.03875381117878285,10,time
007660,2023-03-29,2023-04-03,10210.0,9495.3,609,-459451.31125498563,-0.07380694743940264,3,stop
403870,2023-03-24,2023-04-04,26150.0,24319.5,219,-423167.46386002563,-0.07380694743940264,7,stop
042700,2023-03-27,2023-04-04,20400.0,18972.0,316,-476336.33481360134,-0.07380694743940275,6,stop
005490,2023-04-03,2023-04-05,385000.0,358050.0,14,-398276.99873499945,-0.07380694743940253,2,stop
078600,2023-04-04,2023-04-07,106300.0,127560.0,54,1121131.0330379996,0.19508780975560946,3,target
066970,2023-03-28,2023-04-11,295500.0,317500.0,19,393758.37120000087,0.07005183191597886,10,time
006260,2023-03-28,2023-04-11,77400.0,83800.0,76,460858.81680000015,0.07825536668303279,10,time
078600,2023-04-10,2023-04-11,132300.0,123038.99999999999,52,-508346.2783854008,-0.07380694743940264,1,stop
086520,2023-04-11,2023-04-12,148134.0,137764.62,42,-459727.5189398229,-0.07380694743940275,1,stop
247540,2023-04-11,2023-04-12,302000.0,280860.0,20,-446306.69245999865,-0.0738069474394023,1,stop
003670,2023-04-11,2023-04-13,296609.0,275846.37,21,-460256.65838099737,-0.07380694743940241,2,stop
214370,2023-04-04,2023-04-18,42700.0,44200.0,136,179599.53076000046,0.030891514270061426,10,time
012450,2023-04-05,2023-04-19,110727.0,110320.0,45,-38681.169077250175,-0.0077541523127538925,10,time
000250,2023-04-13,2023-04-20,93500.0,86955.0,63,-435259.8629032504,-0.07380694743940264,5,stop
214450,2023-04-19,2023-04-20,107500.0,99975.0,47,-373338.5039162496,-0.07380694743940253,1,stop
319400,2023-04-20,2023-04-21,4995.0,4645.349999999999,1024,-377947.87667712104,-0.07380694743940275,1,stop
003670,2023-04-18,2023-04-24,390148.0,362837.63999999996,15,-432431.2834020313,-0.07380694743940275,4,stop
051910,2023-04-12,2023-04-25,799000.0,743070.0,7,-413277.0415444989,-0.07380694743940241,9,stop
042660,2023-04-20,2023-04-25,26474.0,24620.82,193,-377549.00854369346,-0.07380694743940264,3,stop
042700,2023-04-24,2023-04-25,21750.0,20227.5,233,-374465.35442287475,-0.07380694743940253,1,stop
006260,2023-04-13,2023-04-27,88000.0,92600.0,67,283128.4237900004,0.0479652574182714,10,time
012330,2023-04-26,2023-04-27,237000.0,220409.99999999997,20,-350247.30501000024,-0.07380694743940264,1,stop
267260,2023-04-26,2023-05-09,52500.0,48825.0,92,-356897.5702949986,-0.0738069474394023,7,stop
064350,2023-04-24,2023-05-10,33550.0,33600.0,151,-13233.943887500092,-0.002609279488612004,10,time
267270,2023-04-28,2023-05-10,67600.0,62867.99999999999,80,-399607.0517920004,-0.07380694743940264,6,stop
000810,2023-04-26,2023-05-12,226500.0,225500.0,21,-40431.179250000045,-0.008490430096063428,10,time
319400,2023-05-12,2023-05-15,4825.0,4487.25,1032,-367937.01066809986,-0.07380694743940253,1,stop
241560,2023-04-28,2023-05-16,51300.0,51300.0,106,-22285.191960001364,-0.004093491870325594,10,time
214150,2023-05-18,2023-05-23,26500.0,24645.0,193,-377919.79777924996,-0.07380694743940253,3,stop
000270,2023-05-11,2023-05-25,90500.0,87100.0,53,-199325.77769000083,-0.0415087639989542,10,time
005380,2023-05-11,2023-05-25,211500.0,203500.0,22,-194550.06779999938,-0.04176371440005289,10,time
043260,2023-05-11,2023-05-25,1623.0,1662.0,2991,96410.83952294942,0.019837718121699988,10,time
007660,2023-05-23,2023-05-26,10755.0,12906.0,441,926356.9281214504,0.1950878097556097,3,target
042660,2023-05-25,2023-05-26,27007.0,25116.51,172,-343242.65447714645,-0.07380694743940264,1,stop
042700,2023-05-26,2023-05-31,28150.0,26179.5,171,-355689.4387682248,-0.07380694743940253,2,stop
214450,2023-05-17,2023-06-01,114000.0,120000.0,43,237150.02670000028,0.048322640136499784,10,time
007660,2023-05-30,2023-06-09,13887.0,16664.399999999998,349,946592.8335029697,0.19508780975560946,7,target
047050,2023-06-09,2023-06-12,38400.0,37248.0,150,-195896.20896000043,-0.03397068711421569,1,stop
095340,2023-05-26,2023-06-13,51300.0,56000.0,94,420735.21147000045,0.08714940458599973,10,time
005930,2023-05-30,2023-06-14,71300.0,71900.0,68,20810.006680000573,0.004287208057834668,10,time
067310,2023-06-13,2023-06-14,17822.0,17287.34,294,-178199.84330017772,-0.03397068711421558,1,stop
066570,2023-05-31,2023-06-15,125200.0,123600.0,35,-73793.22159999982,-0.016820731590832305,10,time
086520,2023-06-14,2023-06-15,147545.0,143118.65,33,-165593.00399012212,-0.03397068711421547,1,stop
031980,2023-06-14,2023-06-15,12130.0,13949.499999999998,409,721649.7665232252,0.1452924843491259,1,target
403870,2023-06-01,2023-06-16,26750.0,31450.0,195,892420.8764249999,0.1708882123618043,10,time
007660,2023-06-12,2023-06-16,17504.0,20129.6,320,814759.9062783998,0.1452924843491259,4,target
214150,2023-06-15,2023-06-16,32300.0,31331.0,152,-166974.3103315998,-0.03397068711421558,1,stop
010170,2023-06-16,2023-06-19,2217.0,2150.49,2607,-196566.8473878624,-0.03397068711421569,1,stop
131290,2023-06-16,2023-06-20,48500.0,55774.99999999999,119,839520.0381137487,0.14529248434912567,2,target
031980,2023-06-19,2023-06-20,15750.0,18112.5,356,815591.9351475006,0.1452924843491259,1,target
214370,2023-06-20,2023-06-21,46100.0,44717.0,141,-221066.8312258497,-0.03397068711421558,1,stop
042660,2023-06-21,2023-06-22,34159.0,33134.229999999996,187,-217245.25669248216,-0.0339706871142158,1,stop
086280,2023-06-15,2023-06-26,94186.0,96388.0,52,94094.79709239956,0.019190076079280027,7,time
047050,2023-06-15,2023-06-26,36950.0,37950.0,133,112467.92017999943,0.022859322964036588,7,time
012450,2023-06-20,2023-06-26,139860.0,135664.19999999998,46,-218803.8218952613,-0.0339706871142158,4,stop
131290,2023-06-22,2023-06-26,54000.0,52380.0,114,-209364.07332599908,-0.03397068711421547,2,stop
353200,2023-06-16,2023-06-27,29200.0,31200.0,197,369263.9826199999,0.06411928265910438,7,time
031980,2023-06-26,2023-06-27,17780.0,17246.6,312,-188664.37391255982,-0.03397068711421558,1,stop
178320,2023-06-26,2023-06-27,20350.0,19739.5,272,-188250.81524919998,-0.03397068711421558,1,stop
087010,2023-06-27,2023-06-28,11173.0,10837.81,501,-190375.50689197145,-0.0339706871142158,1,stop
145020,2023-06-27,2023-06-28,114100.0,110677.0,49,-190145.15879764874,-0.03397068711421536,1,stop
310210,2023-06-26,2023-06-30,40378.0,39166.659999999996,137,-188134.7059336817,-0.03397068711421569,4,stop
131970,2023-06-27,2023-06-30,42900.0,41613.0,130,-189672.42315449938,-0.03397068711421547,3,stop
098460,2023-06-29,2023-06-30,16930.0,16422.1,323,-185978.62328381557,-0.03397068711421569,1,stop
267270,2023-06-29,2023-07-10,82600.0,85100.0,66,142171.8246299997,0.02604895692294562,7,time
031980,2023-06-30,2023-07-10,20800.0,19344.0,259,-398070.10159279965,-0.07380694743940253,6,stop
039030,2023-06-30,2023-07-10,112300.0,104439.0,47,-390008.50223065075,-0.07380694743940275,6,stop
353200,2023-06-30,2023-07-10,32200.0,29945.999999999996,167,-397345.9615951013,-0.07380694743940286,6,stop
042660,2023-07-10,2023-07-12,36824.0,44188.799999999996,139,999712.4757538391,0.19508780975560946,2,target
007660,2023-06-30,2023-07-14,27911.0,33493.2,193,1052112.1972723696,0.19508780975560946,10,target
010140,2023-07-11,2023-07-17,7240.0,8688.0,712,1006810.9019871997,0.19508780975560946,4,target
087010,2023-07-12,2023-07-18,15922.0,19106.399999999998,384,1194148.104645119,0.19508780975560946,4,target
082740,2023-07-10,2023-07-24,11820.0,11860.0,435,-3723.011010000482,-0.000723249880038912,10,time
010120,2023-07-11,2023-07-25,16880.0,20256.0,305,1005545.2789960001,0.1950878097556097,10,target
095340,2023-07-17,2023-07-25,85200.0,102240.0,72,1198123.098336,0.1950878097556097,6,target
005490,2023-07-24,2023-07-26,566000.0,679200.0,9,994920.29586,0.1950878097556097,2,target
047050,2023-07-25,2023-07-26,70500.0,84600.0,95,1308103.3925249986,0.19508780975560946,1,target
003670,2023-07-25,2023-07-26,552509.0,513833.36999999994,12,-489910.85631334316,-0.07380694743940275,1,stop
036930,2023-07-18,2023-07-27,21450.0,25740.0,342,1432790.6946209995,0.19508780975560946,7,target
006260,2023-07-26,2023-07-27,138000.0,128339.99999999999,49,-499656.5984129999,-0.07380694743940253,1,stop
247540,2023-07-26,2023-07-27,483000.0,449189.99999999994,14,-499656.5984130008,-0.07380694743940275,1,stop
086520,2023-07-26,2023-07-27,255653.0,237757.28999999998,26,-491157.41159509774,-0.07380694743940264,1,stop
042700,2023-07-14,2023-07-28,43250.0,47150.0,149,552977.0627949992,0.085710794411888,10,time
031980,2023-07-27,2023-07-28,27550.0,33060.0,251,1350593.559459501,0.1950878097556097,1,target
095340,2023-07-28,2023-08-01,106500.0,99045.0,67,-527255.1993457489,-0.07380694743940241,2,stop
000660,2023-07-28,2023-08-03,126200.0,117365.99999999999,57,-531533.5366791002,-0.07380694743940264,4,stop
298040,2023-08-01,2023-08-03,174500.0,162285.0,38,-489976.7678315006,-0.07380694743940264,2,stop
039030,2023-07-28,2023-08-09,156100.0,145173.0,46,-530587.7211719006,-0.07380694743940264,8,stop
000100,2023-07-28,2023-08-11,66133.0,72451.0,109,657089.9275855003,0.09105019310333806,10,time
028050,2023-07-28,2023-08-11,32700.0,37200.0,220,957598.9797000019,0.13295786245944674,10,time
214450,2023-08-11,2023-08-14,155100.0,144243.0,52,-595952.4397397991,-0.07380694743940241,1,stop
087010,2023-08-11,2023-08-16,36002.0,33481.86,224,-595896.8730787514,-0.07380694743940253,2,stop
310210,2023-08-14,2023-08-16,72924.0,67819.31999999999,103,-555014.2933473783,-0.07380694743940264,1,stop
307950,2023-08-03,2023-08-17,160000.0,148800.0,40,-472907.7536000004,-0.07380694743940264,9,stop
326030,2023-08-03,2023-08-18,92600.0,86118.0,69,-472124.50013309997,-0.07380694743940253,10,stop
298040,2023-08-09,2023-08-24,189200.0,190300.0,35,11248.219674999826,0.0016966622467076142,10,time
042700,2023-08-21,2023-08-25,58800.0,54683.99999999999,106,-460553.03853720054,-0.07380694743940264,4,stop
003230,2023-08-16,2023-08-30,179200.0,189900.0,40,397362.3370000003,0.05537190788964974,10,time
214150,2023-08-17,2023-08-31,35800.0,38850.0,184,532549.8913000003,0.08075329164351563,10,time
087010,2023-08-31,2023-09-01,43997.0,40917.21,157,-510410.0034870086,-0.07380694743940264,1,stop
138040,2023-08-24,2023-09-07,51000.0,54200.0,126,375676.3130400013,0.05839475962016416,10,time
307950,2023-08-31,2023-09-07,176000.0,211200.0,39,1340622.8721599998,0.19508780975560946,5,target
277810,2023-09-01,2023-09-07,155400.0,186480.0,42,1274763.6016920004,0.1950878097556097,4,target
018260,2023-08-25,2023-09-08,139400.0,147200.0,44,317051.5097199995,0.051631549474089766,10,time
067310,2023-09-07,2023-09-13,25515.0,23728.949999999997,298,-561834.3620726559,-0.07380694743940275,4,stop
058610,2023-09-08,2023-09-13,39800.0,37014.0,176,-517597.5363151999,-0.07380694743940253,3,stop
016360,2023-08-31,2023-09-14,37550.0,38100.0,184,72586.37390000094,0.010493687343291924,10,time
214150,2023-09-07,2023-09-18,40000.0,37200.0,190,-561577.9573999988,-0.07380694743940241,7,stop
196170,2023-09-13,2023-09-19,61200.0,73440.0,110,1314841.6630799994,0.19508780975560946,4,target
131970,2023-09-08,2023-09-20,54400.0,50592.0,129,-518543.35182240047,-0.07380694743940264,8,stop
267250,2023-09-14,2023-09-21,71600.0,66588.0,96,-507902.92736640107,-0.07380694743940275,5,stop
084370,2023-09-18,2023-09-21,43150.0,40129.5,165,-526091.4029208757,-0.07380694743940264,3,stop
196170,2023-09-26,2023-09-27,80300.0,74679.0,81,-480614.672146949,-0.07380694743940241,1,stop
005830,2023-09-14,2023-10-04,89200.0,89600.0,77,2561.12317999918,0.0003724565966236604,10,time
138040,2023-09-25,2023-10-04,57500.0,53475.0,112,-475863.4270600006,-0.07380694743940264,3,stop
005940,2023-09-19,2023-10-10,10530.0,10550.0,764,-17734.737347998656,-0.002201931550990577,10,time
257720,2023-09-20,2023-10-11,8950.0,9960.0,726,704469.4387170011,0.10829372301358231,10,time
078930,2024-02-02,2024-02-15,50500.0,46965.0,135,-503757.59533874877,-0.07380694743940241,7,stop
028260,2024-02-02,2024-02-20,152900.0,162300.0,44,384809.63620000053,0.057132938322081106,10,time
000810,2024-02-02,2024-02-20,292000.0,303000.0,23,224730.63214999996,0.033423534120861076,10,time
006800,2024-02-02,2024-02-20,8313.0,8662.0,820,257400.29103900027,0.03771709051115635,10,time
024110,2024-02-02,2024-02-20,13210.0,13660.0,516,203580.6562379999,0.029832165106082886,10,time
030200,2024-02-20,2024-02-21,42200.0,39246.0,166,-517627.0930498,-0.07380694743940253,1,stop
178320,2024-02-15,2024-02-23,22750.0,21157.5,287,-482458.2734676255,-0.07380694743940264,6,stop
003550,2024-02-20,2024-02-26,102900.0,95697.0,68,-517035.9583577998,-0.07380694743940253,4,stop
031980,2024-02-23,2024-02-26,41900.0,38967.0,145,-448929.85265574977,-0.07380694743940253,1,stop
402340,2024-02-20,2024-02-27,69400.0,64541.99999999999,101,-517937.43876310065,-0.07380694743940264,5,stop
267260,2024-02-21,2024-02-28,130500.0,121364.99999999999,50,-482144.2331625009,-0.07380694743940275,5,stop
196170,2024-02-26,2024-02-29,143000.0,171600.0,42,1173045.0131400004,0.1950878097556097,3,target
012450,2024-02-27,2024-02-29,170216.0,204259.19999999998,38,1263319.8698555185,0.19508780975560924,2,target
042700,2024-02-28,2024-03-04,82100.0,98520.0,75,1202634.8099250002,0.1950878097556097,2,target
036930,2024-02-29,2024-03-05,39450.0,36688.5,189,-550941.2275358243,-0.07380694743940253,2,stop
015760,2024-02-20,2024-03-06,23300.0,24650.0,302,377660.6858949987,0.05360924572517067,10,time
196170,2024-03-06,2024-03-08,193900.0,180327.0,38,-544449.8296992993,-0.07380694743940253,2,stop
138040,2024-02-26,2024-03-12,81300.0,81300.0,74,-24655.590839999728,-0.004093491870325261,10,time
079550,2024-03-08,2024-03-14,178700.0,166191.0,38,-501769.90493689943,-0.07380694743940253,4,stop
032830,2024-02-29,2024-03-15,101800.0,99100.0,73,-226974.30282500014,-0.030507515170424826,10,time
319660,2024-03-04,2024-03-18,25850.0,27850.0,286,540015.3129799999,0.0729592360313902,10,time
145020,2024-03-05,2024-03-19,202500.0,188325.0,34,-508745.29430249985,-0.07380694743940253,10,stop
012330,2024-03-18,2024-03-20,269500.0,250634.99999999997,29,-577501.6481657503,-0.07380694743940264,2,stop
000150,2024-03-19,2024-03-20,160900.0,149637.0,40,-475567.85971399955,-0.07380694743940253,1,stop
058470,2024-03-12,2024-03-26,47855.0,49056.0,127,127170.18393065128,0.020900421331299324,10,time
000250,2024-03-26,2024-03-27,118100.0,141720.0,52,1199451.2212279998,0.19508780975560946,1,target
005940,2024-03-14,2024-03-28,12850.0,11950.5,491,-466209.4586212756,-0.07380694743940264,10,stop
042700,2024-03-27,2024-03-28,110300.0,132360.0,67,1443376.6153190006,0.1950878097556097,1,target
055550,2024-03-15,2024-03-29,50200.0,46686.0,143,-530439.9374989001,-0.07380694743940264,10,stop
257720,2024-03-21,2024-04-01,10670.0,12804.0,622,1296236.223860599,0.19508780975560946,7,target
043260,2024-03-29,2024-04-01,2185.0,2032.05,3149,-508417.5840076227,-0.07380694743940264,1,stop
031980,2024-03-21,2024-04-02,46250.0,43012.5,143,-488702.133651874,-0.07380694743940241,8,stop
007660,2024-03-28,2024-04-02,41964.0,39026.52,175,-542639.4797050506,-0.07380694743940264,3,stop
042700,2024-04-02,2024-04-03,145000.0,140650.0,44,-216982.25922999904,-0.03397068711421547,1,stop
000250,2024-04-02,2024-04-03,136900.0,132793.0,47,-218828.98911655042,-0.03397068711421569,1,stop
064350,2024-04-03,2024-04-05,38800.0,37636.0,162,-213771.73802759964,-0.03397068711421558,2,stop
080220,2024-04-03,2024-04-08,26950.0,26141.5,233,-213559.1770369755,-0.03397068711421569,3,stop
039030,2024-04-05,2024-04-08,252000.0,244440.0,24,-205691.0194079997,-0.03397068711421558,1,stop
440110,2024-04-08,2024-04-09,20600.0,19982.0,289,-202473.69625390042,-0.03397068711421569,1,stop
259960,2024-03-28,2024-04-11,255500.0,237614.99999999997,28,-528622.1983209997,-0.07380694743940253,9,stop
240810,2024-04-01,2024-04-11,41650.0,38734.5,171,-526268.7433284754,-0.07380694743940264,7,stop
010120,2024-04-09,2024-04-12,24560.0,28243.999999999996,235,839534.5840729987,0.14529248434912567,2,target
000500,2024-04-11,2024-04-12,36950.0,42492.5,179,962077.0177746257,0.1452924843491259,1,target
039030,2024-04-11,2024-04-12,244000.0,280600.0,27,958287.7953900006,0.1452924843491259,1,target
267260,2024-04-12,2024-04-15,238500.0,231345.0,30,-243339.82206749916,-0.03397068711421547,1,stop
214450,2024-04-12,2024-04-15,127500.0,123675.0,56,-242829.675689999,-0.03397068711421547,1,stop
064760,2024-04-01,2024-04-16,131500.0,133000.0,54,51659.88975000009,0.00726665841252272,10,time
001440,2024-04-08,2024-04-16,12790.0,12406.3,466,-202702.9220261909,-0.03397068711421569,5,stop
000500,2024-04-15,2024-04-16,45100.0,43747.0,156,-239279.05690260045,-0.03397068711421569,1,stop
010120,2024-04-15,2024-04-16,27860.0,27024.2,252,-238772.9916961193,-0.03397068711421547,1,stop
298040,2024-04-16,2024-04-17,331000.0,321070.0,20,-225144.60127000045,-0.03397068711421569,1,stop
161390,2024-04-12,2024-04-19,60000.0,58200.0,120,-244870.26120000053,-0.03397068711421569,5,stop
440110,2024-04-18,2024-04-19,20500.0,19885.0,319,-222406.81571074948,-0.03397068711421547,1,stop
010120,2024-04-18,2024-04-19,29180.0,33557.0,224,950770.4436495993,0.14529248434912567,1,target
003230,2024-04-16,2024-04-22,242500.0,278875.0,27,952396.6818937501,0.1452924843491259,4,target
042660,2024-04-19,2024-04-22,33250.0,32252.5,208,-235211.489786,-0.03397068711421558,1,stop
031980,2024-04-19,2024-04-22,51100.0,49567.0,135,-234616.31901224982,-0.03397068711421558,1,stop
090430,2024-04-19,2024-04-22,145000.0,140650.0,47,-231776.50417749956,-0.03397068711421547,1,stop
010120,2024-04-22,2024-04-23,33420.0,32417.399999999998,206,-234140.8625884205,-0.03397068711421569,1,stop
082740,2024-04-16,2024-04-24,10840.0,12465.999999999998,611,963413.7914296985,0.14529248434912567,6,target
042660,2024-04-24,2024-04-25,35050.0,33998.5,200,-238408.40708500054,-0.03397068711421569,1,stop
226950,2024-04-24,2024-04-25,16400.0,15908.0,427,-238163.53682379983,-0.03397068711421558,1,stop
003670,2024-04-25,2024-04-26,281100.0,272667.0,24,-229443.4347444009,-0.03397068711421569,1,stop
082740,2024-04-26,2024-04-30,13010.0,12619.699999999999,520,-230082.8182041999,-0.03397068711421558,2,stop
440110,2024-04-22,2024-05-02,18800.0,18236.0,366,-234014.34628679976,-0.03397068711421558,7,stop
267260,2024-04-24,2024-05-02,245000.0,237650.0,28,-233306.94331,-0.03397068711421558,5,stop
087010,2024-04-25,2024-05-03,26844.0,30870.6,259,1011321.7809771299,0.1452924843491259,5,target
003230,2024-04-24,2024-05-07,282000.0,305500.0,24,534600.6822000006,0.07889871714048091,7,time
237690,2024-05-07,2024-05-08,101100.0,94023.0,72,-537873.4562508008,-0.07380694743940264,1,stop
178320,2024-05-07,2024-05-09,27250.0,25342.5,269,-541645.6345041245,-0.07380694743940253,2,stop
131290,2024-04-30,2024-05-10,78300.0,75951.0,83,-221026.01951565035,-0.03397068711421569,6,stop
000500,2024-05-08,2024-05-10,51400.0,61680.0,137,1375349.3795420006,0.1950878097556097,2,target
257720,2024-05-10,2024-05-13,22000.0,26400.0,326,1400779.0266799992,0.19508780975560946,1,target
058470,2024-05-08,2024-05-14,59268.0,55119.24,119,-521151.1425161576,-0.07380694743940253,4,stop
000500,2024-05-13,2024-05-14,66800.0,62123.99999999999,129,-636740.7334878016,-0.07380694743940275,1,stop
032820,2024-05-14,2024-05-16,1738.0,2085.6,4176,1417554.0000547199,0.19508780975560946,1,target
090430,2024-05-02,2024-05-20,172400.0,179700.0,38,249734.08308999892,0.03807656328829756,10,time
214150,2024-05-10,2024-05-27,48500.0,49000.0,148,44364.96470000036,0.006173585533073345,10,time
259960,2024-05-10,2024-05-27,265000.0,260000.0,27,-163924.6342499992,-0.02288418070296061,10,time
298040,2024-05-20,2024-05-27,373000.0,447600.0,18,1311326.043660001,0.1950878097556097,5,target
001440,2024-05-14,2024-05-29,18430.0,18070.0,393,-170746.13150400016,-0.023546901687291344,10,time
000150,2024-05-29,2024-05-30,220500.0,205065.0,32,-521380.79834400024,-0.07380694743940264,1,stop
007660,2024-05-17,2024-05-31,49209.0,46681.0,176,-479109.9549983982,-0.055255914446516896,10,time
010120,2024-05-27,2024-05-31,47000.0,43710.0,158,-548720.777848999,-0.07380694743940241,4,stop
042700,2024-05-27,2024-06-03,151000.0,140430.0,49,-546725.6982634999,-0.07380694743940253,5,stop
090430,2024-06-03,2024-06-04,194200.0,180606.0,36,-516592.60733879916,-0.07380694743940241,1,stop
257720,2024-06-04,2024-06-05,43000.0,39990.0,161,-511553.1840894995,-0.07380694743940253,1,stop
267260,2024-05-27,2024-06-07,285000.0,265050.0,26,-547538.5084649995,-0.07380694743940253,8,stop
031980,2024-06-07,2024-06-10,65000.0,78000.0,104,1320310.4044000003,0.1950878097556097,1,target
078600,2024-05-31,2024-06-11,117600.0,141120.0,61,1401091.526184,0.1950878097556097,6,target
196170,2024-06-05,2024-06-11,230500.0,276600.0,29,1305564.334055001,0.1950878097556097,3,target
000100,2024-06-07,2024-06-12,80200.0,74586.0,84,-497794.5241331989,-0.07380694743940241,3,stop
237690,2024-06-10,2024-06-12,106400.0,98952.0,77,-605381.0380771998,-0.07380694743940253,2,stop
145020,2024-06-12,2024-06-14,240000.0,223199.99999999997,30,-532021.2228000015,-0.07380694743940275,2,stop
003230,2024-06-04,2024-06-17,579000.0,694800.0,12,1357029.09612,0.1950878097556097,8,target
000150,2024-06-14,2024-06-21,225500.0,209715.0,30,-499878.2739225002,-0.07380694743940264,5,stop
402340,2024-06-11,2024-06-25,89400.0,95600.0,92,535011.5569199985,0.06497384985678845,10,time
214150,2024-06-13,2024-06-27,53800.0,51400.0,139,-363263.6897600014,-0.04852054799506933,10,time
042700,2024-06-13,2024-06-27,175900.0,173700.0,42,-122404.28213999979,-0.016549400442726014,10,time
082740,2024-06-17,2024-07-01,15300.0,15700.0,543,182512.2477599997,0.021943279584045294,10,time
087010,2024-07-01,2024-07-02,47873.0,57447.6,180,1683032.4849366006,0.1950878097556097,1,target
000100,2024-07-02,2024-07-03,83200.0,77376.0,123,-756179.4980064016,-0.07380694743940275,1,stop
021240,2024-06-27,2024-07-04,65600.0,61007.99999999999,110,-533203.492184001,-0.07380694743940275,5,stop
009540,2024-06-21,2024-07-05,151500.0,155700.0,41,146236.3764899997,0.023515797463962596,10,time
329180,2024-06-25,2024-07-09,152000.0,152400.0,57,-12774.020339997485,-0.0014726852699837867,10,time
000250,2024-07-04,2024-07-10,179000.0,214800.0,37,1293552.63437,0.1950878097556097,4,target
298380,2024-07-05,2024-07-10,29400.0,27341.999999999996,218,-473587.55849580094,-0.07380694743940275,3,stop
086280,2024-06-27,2024-07-11,114044.0,126300.0,63,740407.0954392003,0.10293388496350464,10,time
032820,2024-07-10,2024-07-11,2925.0,2720.25,2369,-512020.54995536245,-0.07380694743940253,1,stop
034020,2024-07-10,2024-07-12,22350.0,20785.5,310,-511959.58919025026,-0.07380694743940264,2,stop
105560,2024-07-03,2024-07-17,84300.0,84100.0,113,-61572.41745000146,-0.0064562593866474005,10,time
950160,2024-07-17,2024-07-18,18050.0,17508.5,525,-322284.97398562357,-0.03397068711421547,1,stop
141080,2024-07-09,2024-07-19,81800.0,76074.0,106,-640701.3359241989,-0.07380694743940241,8,stop
039490,2024-07-12,2024-07-19,144600.0,134478.0,45,-480814.180105499,-0.07380694743940241,5,stop
267270,2024-07-18,2024-07-19,63700.0,61789.0,143,-309798.2911523506,-0.03397068711421569,1,stop
079550,2024-07-19,2024-07-22,230500.0,223585.0,33,-258695.22803024948,-0.03397068711421547,1,stop
010140,2024-07-19,2024-07-22,11000.0,10670.0,694,-259630.49638900068,-0.03397068711421569,1,stop
226950,2024-07-19,2024-07-22,11680.0,13431.999999999998,654,1111125.0984215997,0.1452924843491259,1,target
267270,2024-07-22,2024-07-23,59400.0,68310.0,131,1131879.2730795005,0.1452924843491259,1,target
087010,2024-07-22,2024-07-23,79467.0,77082.98999999999,98,-264860.0409145104,-0.03397068711421547,1,stop
009540,2024-07-11,2024-07-25,165500.0,183800.0,43,755415.3391550006,0.10602789241229127,10,time
012450,2024-07-11,2024-07-25,263321.0,315985.2,27,1388604.631940729,0.19508780975560946,10,target
226950,2024-07-24,2024-07-25,15660.0,15190.199999999999,523,-278546.04387153033,-0.03397068711421558,1,stop
082740,2024-07-24,2024-07-25,16900.0,16393.0,484,-278186.2206266001,-0.03397068711421558,1,stop
090430,2024-07-23,2024-07-26,177700.0,172369.0,45,-271959.0338452505,-0.03397068711421569,3,stop
010120,2024-07-25,2024-07-26,49900.0,48403.0,161,-273230.9988131495,-0.03397068711421547,1,stop
272210,2024-07-25,2024-07-26,22000.0,21340.0,365,-273098.36075499933,-0.03397068711421547,1,stop
347850,2024-07-25,2024-07-29,9522.0,9236.34,845,-273645.57776926365,-0.03397068711421547,2,stop
010140,2024-07-29,2024-08-02,11990.0,11150.699999999999,651,-576761.9908823855,-0.07380694743940264,4,stop
145020,2024-07-25,2024-08-05,240000.0,232800.0,33,-269357.2873199992,-0.03397068711421547,7,stop
316140,2024-07-29,2024-08-05,16110.0,14982.3,484,-576152.3832312608,-0.07380694743940264,5,stop
055550,2024-07-29,2024-08-05,58400.0,54312.0,133,-573932.6724627996,-0.07380694743940253,5,stop
005940,2024-08-02,2024-08-05,13880.0,12908.4,525,-538449.8125755005,-0.07380694743940264,1,stop
329180,2024-07-26,2024-08-09,184500.0,221400.0,42,1513474.160310001,0.1950878097556097,10,target
214450,2024-08-16,2024-08-26,184600.0,171678.0,41,-559257.7537339004,-0.07380694743940264,6,stop
145020,2024-08-20,2024-08-27,289000.0,268770.0,26,-555223.2594610006,-0.07380694743940264,5,stop
000100,2024-08-26,2024-08-28,110300.0,132360.0,66,1421833.6807620004,0.1950878097556097,2,target
310210,2024-08-28,2024-08-29,87700.0,81561.0,99,-641551.0920439493,-0.07380694743940253,1,stop
259960,2024-08-16,2024-08-30,334500.0,327000.0,22,-194672.22555000056,-0.026423234205071533,10,time
138040,2024-08-19,2024-09-02,89200.0,92500.0,86,251525.23156999983,0.032750582982005616,10,time
326030,2024-08-19,2024-09-02,108200.0,112400.0,71,265837.6994500002,0.0345646165783311,10,time
237690,2024-08-27,2024-09-03,113400.0,105462.0,61,-511139.3898050999,-0.07380694743940253,5,stop
298380,2024-08-30,2024-09-03,33500.0,31154.999999999996,214,-529730.5758685013,-0.07380694743940275,2,stop
000100,2024-09-04,2024-09-05,142200.0,132246.0,50,-525370.9575150004,-0.07380694743940264,1,stop
021240,2024-08-29,2024-09-12,68600.0,63797.99999999999,118,-598139.6381002013,-0.07380694743940275,10,stop
180640,2024-09-27,2024-09-30,91900.0,85467.0,78,-529671.4623993002,-0.07380694743940264,1,stop
347850,2024-09-27,2024-09-30,10635.0,9890.55,675,-530441.784794813,-0.07380694743940264,1,stop
138040,2024-09-27,2024-10-16,99400.0,102800.0,72,214748.31960000005,0.029971720681393865,10,time
