strategy,p_rsi_n,p_rsi_thresh,p_stop_pct,p_target_pct,p_max_hold,IS_CAGR,IS_Sharpe,IS_MDD,IS_PF,IS_N,IS_WR,OOS_CAGR,OOS_Sharpe,OOS_MDD,OOS_PF,OOS_N,OOS_WR,p_lookback,p_vol_mult,p_ret_thresh
RSIOversold,2.0,5.0,0.03,0.05,3,-0.10420325702436428,-0.7414243009250776,-0.47618202887124217,0.8034384550338978,758,0.41160949868073876,0.15701919843959833,0.6680796732251398,-0.24463344475603854,1.119547717006859,1041,0.4620557156580211,,,
RSIOversold,2.0,5.0,0.03,0.05,5,-0.06765295880263522,-0.4974220724170575,-0.38490857958637925,0.8429673426773827,581,0.39759036144578314,0.11295176716846167,0.5473920623008699,-0.21431664011002982,1.104967912219215,869,0.46375143843498273,,,
RSIOversold,2.0,5.0,0.03,0.05,7,-0.08176281497443516,-0.6272466825143156,-0.40162793041932765,0.8108029761494612,502,0.3884462151394422,0.057557932959838576,0.35023762013909304,-0.24575096621101333,1.082904166284113,801,0.44818976279650435,,,
RSIOversold,2.0,5.0,0.03,0.07,3,-0.09667291258822552,-0.6724479362568624,-0.49494702078316044,0.8286759709744138,725,0.4027586206896552,0.257608538264275,0.963068784431764,-0.28372298802853935,1.1930660653312428,943,0.43584305408271473,,,
RSIOversold,2.0,5.0,0.03,0.07,5,-0.009512906842179092,-0.011458961587997491,-0.2190184295438946,0.9728017852370713,517,0.39264990328820115,0.25683013856301673,0.9674989461568981,-0.2411874609071888,1.2327151753064403,748,0.4264705882352941,,,
RSIOversold,2.0,5.0,0.03,0.07,7,-0.026029089455362864,-0.15134284670870168,-0.3313020261732592,0.9362532141650467,450,0.38,0.2004482377639658,0.8153149671746946,-0.2768860726319027,1.1950140798818418,668,0.4026946107784431,,,
RSIOversold,2.0,5.0,0.03,0.1,3,-0.10893558109494461,-0.7792662915559739,-0.5328985555890232,0.8023506744041374,693,0.39826839826839827,0.2604018695593098,0.9496904841363266,-0.3167875659190523,1.215546537710187,881,0.4120317820658343,,,
RSIOversold,2.0,5.0,0.03,0.1,5,-0.030861592036135588,-0.17935936940569958,-0.2952499800559142,0.9066449665019811,482,0.3651452282157676,0.30299351989792855,1.0744165653565345,-0.28388251472137915,1.2731759180839948,662,0.3987915407854985,,,
RSIOversold,2.0,5.0,0.03,0.1,7,0.021315039143694703,0.234139225006159,-0.2336748935892129,1.0694789652967491,389,0.39331619537275064,0.21592861521590856,0.8436785887372252,-0.3086598635459479,1.2166401252022707,571,0.35376532399299476,,,
RSIOversold,2.0,5.0,0.05,0.05,3,-0.03613664563688912,-0.2010430026346003,-0.3440544216884961,0.9218106945979445,656,0.48628048780487804,-0.0010374470189579155,0.14681477373497542,-0.3755886821216601,1.0206109977526097,889,0.5050618672665916,,,
RSIOversold,2.0,5.0,0.05,0.05,5,-0.009511861097202035,-0.012267537332173731,-0.24495229769592675,0.9750837482517026,469,0.47974413646055436,0.10655035412126246,0.5110279294737871,-0.2873579966211932,1.0988898250500014,701,0.5492154065620543,,,
RSIOversold,2.0,5.0,0.05,0.05,7,-0.02687353094109468,-0.15416534352185468,-0.3477197190107376,0.9487784240381639,390,0.49743589743589745,0.13647770053482122,0.6139567685613352,-0.269567935527838,1.1471325752202417,609,0.555008210180624,,,
RSIOversold,2.0,5.0,0.05,0.07,3,-0.036534821321458355,-0.19752469540651524,-0.40452442647907727,0.9284985937357831,630,0.4714285714285714,0.04832681263929328,0.31436499702036674,-0.30291982691152963,1.067761909934036,826,0.47094430992736075,,,
RSIOversold,2.0,5.0,0.05,0.07,5,0.024829512203871307,0.25080008800513703,-0.23804224539213403,1.07507013494206,427,0.47540983606557374,0.290379371405741,1.0280556867894228,-0.3076436806438676,1.257526420153629,624,0.5064102564102564,,,
RSIOversold,2.0,5.0,0.05,0.07,7,0.009511696562980676,0.1396678946749937,-0.2788579898962409,1.0360291293445998,350,0.4742857142857143,0.12846830472238158,0.5934672270391471,-0.3243275942660999,1.148523133235839,521,0.4836852207293666,,,
RSIOversold,2.0,5.0,0.05,0.1,3,-0.03993260863371251,-0.23538187106935377,-0.39104308044552805,0.8962972507782032,603,0.45107794361525705,0.058417912272597405,0.34460792024953507,-0.33386329590553154,1.0747458538485788,768,0.45703125,,,
RSIOversold,2.0,5.0,0.05,0.1,5,0.015477397226997036,0.18320775790929822,-0.22948196720177472,1.0457768879558789,401,0.4538653366583541,0.17665371084972104,0.698705432384957,-0.346331860952676,1.166291840689963,547,0.4570383912248629,,,
RSIOversold,2.0,5.0,0.05,0.1,7,0.01824544815151441,0.20839013863072403,-0.18683316119689752,1.0864590833660563,311,0.4758842443729904,0.10511164756575209,0.4924180699597335,-0.31667178329933154,1.1378296126801761,465,0.42795698924731185,,,
RSIOversold,2.0,5.0,0.07,0.05,3,-0.031817296871735734,-0.15389973741433344,-0.33836452279737084,0.9254065552184466,632,0.5015822784810127,0.007357356391726855,0.17472442465667246,-0.34602160988274044,1.0284089449707732,833,0.5234093637454982,,,
RSIOversold,2.0,5.0,0.07,0.05,5,-0.008660393244522169,-0.0025230866665490294,-0.24338376007284568,0.986587067196978,438,0.5,0.1439290978974681,0.6283641733587215,-0.24686531215340946,1.1852489482659485,629,0.5914149443561209,,,
RSIOversold,2.0,5.0,0.07,0.05,7,-0.06045672598736851,-0.41423746199970535,-0.4087061926159249,0.8507808026292718,353,0.5127478753541076,0.14208870778582483,0.6298592524372707,-0.31442250062970967,1.1805586261910137,533,0.6135084427767354,,,
RSIOversold,2.0,5.0,0.07,0.07,3,-0.05231539142063424,-0.31664920270749436,-0.4012754893017233,0.8972238183287674,598,0.4866220735785953,0.13423137944178487,0.5816260332143511,-0.2897616270515343,1.1404057896619086,765,0.5098039215686274,,,
RSIOversold,2.0,5.0,0.07,0.07,5,-0.008605498396040745,0.006790162993009193,-0.2626665182385117,0.999058410204146,398,0.4824120603015075,0.18624716904931526,0.7557500964051976,-0.3443763243399438,1.2193416282438065,541,0.5489833641404805,,,
RSIOversold,2.0,5.0,0.07,0.07,7,-0.01506354927837339,-0.0480652425214335,-0.3390839184862372,1.002546748238936,318,0.4937106918238994,0.13031726299848057,0.6021431338211317,-0.30937001701906075,1.156561728845204,461,0.5401301518438177,,,
RSIOversold,2.0,5.0,0.07,0.1,3,-0.03898350783639948,-0.22122269186370214,-0.3727925412238553,0.8983575824743054,575,0.4573913043478261,0.02952821811824813,0.2585741270881557,-0.39883548318787443,1.0563003380091671,717,0.4839609483960948,,,
RSIOversold,2.0,5.0,0.07,0.1,5,0.007335567205712712,0.12252873343934567,-0.21882051486934084,1.0077660606461876,371,0.4716981132075472,0.14091323002794254,0.5961344437759565,-0.37807465476882196,1.1669146656134766,487,0.48459958932238195,,,
RSIOversold,2.0,5.0,0.07,0.1,7,-0.007687215321650842,0.006383192772500005,-0.28378342875208096,1.0040903413191944,282,0.46099290780141844,0.06649606876514857,0.37164047066551176,-0.3263057378384807,1.1058836799025926,397,0.473551637279597,,,
RSIOversold,2.0,10.0,0.03,0.05,3,-0.09986139647755865,-0.7024023997878507,-0.4658537930177442,0.8085503227950595,758,0.4129287598944591,0.15472654006693465,0.6603374964359946,-0.24463344475603854,1.1172428008495314,1042,0.4616122840690979,,,
RSIOversold,2.0,10.0,0.03,0.05,5,-0.0688223575120035,-0.5121148302085141,-0.3881384154779671,0.841685007488907,577,0.3968804159445407,0.10958573178111997,0.5348960110928705,-0.21431664011002982,1.102460103712095,870,0.4632183908045977,,,
RSIOversold,2.0,10.0,0.03,0.05,7,-0.06605430072519358,-0.4978845653218402,-0.36004322287181934,0.8421126357424435,496,0.3971774193548387,0.05713782826703584,0.3486173664060564,-0.24575096621101333,1.0803549341568748,802,0.4476309226932668,,,
RSIOversold,2.0,10.0,0.03,0.07,3,-0.095955629882997,-0.6856930137926873,-0.4941858527434093,0.8310174948428698,725,0.40413793103448276,0.2520838245564825,0.9462422127968352,-0.28372298802853935,1.1904884647319065,944,0.4353813559322034,,,
RSIOversold,2.0,10.0,0.03,0.07,5,-0.01914886357081258,-0.09232820285044957,-0.24879504575471456,0.9637807746922474,518,0.3938223938223938,0.25683013856301673,0.9674989461568981,-0.2411874609071888,1.2327151753064403,748,0.4264705882352941,,,
RSIOversold,2.0,10.0,0.03,0.07,7,-0.008333745361414402,-0.008959213532483523,-0.28430758993609684,0.979170717783997,441,0.3900226757369615,0.2004482377639658,0.8153149671746946,-0.2768860726319027,1.1950140798818418,668,0.4026946107784431,,,
RSIOversold,2.0,10.0,0.03,0.1,3,-0.09353078346199217,-0.6762259256902089,-0.49948756237409586,0.8240044426275843,688,0.4055232558139535,0.25943364134282487,0.9465786833447902,-0.3167875659190523,1.2128168008256448,882,0.41156462585034015,,,
RSIOversold,2.0,10.0,0.03,0.1,5,-0.030861592036135588,-0.17935936940569958,-0.2952499800559142,0.9066449665019811,482,0.3651452282157676,0.30299351989792855,1.0744165653565345,-0.28388251472137915,1.2731759180839948,662,0.3987915407854985,,,
RSIOversold,2.0,10.0,0.03,0.1,7,0.021315039143694703,0.234139225006159,-0.2336748935892129,1.0694789652967491,389,0.39331619537275064,0.21592861521590856,0.8436785887372252,-0.3086598635459479,1.2166401252022707,571,0.35376532399299476,,,
RSIOversold,2.0,10.0,0.05,0.05,3,-0.03378734398554051,-0.18513962127643946,-0.3378547495381853,0.9248079124273997,657,0.4840182648401826,-0.0033477927545156883,0.13633563921138267,-0.3755886821216601,1.0173230870011554,890,0.5044943820224719,,,
RSIOversold,2.0,10.0,0.05,0.05,5,-0.009778890231751158,-0.014312218755354565,-0.24324678792770682,0.9761501125281903,469,0.47761194029850745,0.10655035412126246,0.5110279294737871,-0.2873579966211932,1.0988898250500014,701,0.5492154065620543,,,
RSIOversold,2.0,10.0,0.05,0.05,7,0.003336589427021419,0.0902391833545038,-0.2672505824290906,1.0139819038354128,391,0.5140664961636828,0.13647770053482122,0.6139567685613352,-0.269567935527838,1.1471325752202417,609,0.555008210180624,,,
RSIOversold,2.0,10.0,0.05,0.07,3,-0.04533857691265164,-0.25877514202419266,-0.423783138028337,0.9098167221401962,633,0.4707740916271722,0.04972897413533839,0.31891206825838514,-0.30291982691152963,1.0642209451387883,827,0.4703748488512696,,,
RSIOversold,2.0,10.0,0.05,0.07,5,0.02567540277428204,0.2582388785890505,-0.23134745799400414,1.0903198549176074,426,0.4812206572769953,0.290379371405741,1.0280556867894228,-0.3076436806438676,1.257526420153629,624,0.5064102564102564,,,
RSIOversold,2.0,10.0,0.05,0.07,7,0.026013454138461567,0.27119932482456865,-0.23840633500563135,1.0676653593095502,349,0.4785100286532951,0.12846830472238158,0.5934672270391471,-0.3243275942660999,1.148523133235839,521,0.4836852207293666,,,
RSIOversold,2.0,10.0,0.05,0.1,3,-0.034708610031174536,-0.19554469078024883,-0.3772233607314939,0.9092958069786056,604,0.45364238410596025,0.05343957529980048,0.32944398743046893,-0.33386329590553154,1.071005267293781,769,0.4564369310793238,,,
RSIOversold,2.0,10.0,0.05,0.1,5,0.015477397226997036,0.18320775790929822,-0.22948196720177472,1.0457768879558789,401,0.4538653366583541,0.17665371084972104,0.698705432384957,-0.346331860952676,1.166291840689963,547,0.4570383912248629,,,
RSIOversold,2.0,10.0,0.05,0.1,7,0.01824544815151441,0.20839013863072403,-0.18683316119689752,1.0864590833660563,311,0.4758842443729904,0.10511164756575209,0.4924180699597335,-0.31667178329933154,1.1378296126801761,465,0.42795698924731185,,,
RSIOversold,2.0,10.0,0.07,0.05,3,-0.03164581478084327,-0.15384357341614532,-0.33802628902574494,0.9275111058817376,632,0.5,0.0024765200366745344,0.15824334527160985,-0.34602160988274044,1.0237387434966225,834,0.5227817745803357,,,
RSIOversold,2.0,10.0,0.07,0.05,5,-0.005937178285887357,0.018251067024108877,-0.23492626981895814,0.9979185765466072,437,0.5011441647597255,0.13572780674974183,0.6016876367212973,-0.24686531215340946,1.178333785190066,630,0.5904761904761905,,,
RSIOversold,2.0,10.0,0.07,0.05,7,-0.06045672598736851,-0.41423746199970535,-0.4087061926159249,0.8507808026292718,353,0.5127478753541076,0.14208870778582483,0.6298592524372707,-0.31442250062970967,1.1805586261910137,533,0.6135084427767354,,,
RSIOversold,2.0,10.0,0.07,0.07,3,-0.0623305245840996,-0.39482519425140655,-0.4245762974604308,0.8806185819369035,599,0.48414023372287146,0.13423137944178487,0.5816260332143511,-0.2897616270515343,1.1404057896619086,765,0.5098039215686274,,,
RSIOversold,2.0,10.0,0.07,0.07,5,-0.00181824359588445,0.05589083574868417,-0.24238675807190702,1.0183991594360566,396,0.48737373737373735,0.18624716904931526,0.7557500964051976,-0.3443763243399438,1.2193416282438065,541,0.5489833641404805,,,
RSIOversold,2.0,10.0,0.07,0.07,7,-0.01506354927837339,-0.0480652425214335,-0.3390839184862372,1.002546748238936,318,0.4937106918238994,0.13031726299848057,0.6021431338211317,-0.30937001701906075,1.156561728845204,461,0.5401301518438177,,,
RSIOversold,2.0,10.0,0.07,0.1,3,-0.03249437110090747,-0.17137709294436196,-0.355543353858885,0.914126943612397,575,0.4608695652173913,0.023940983095265267,0.2419726872650967,-0.39883548318787443,1.051182891025277,718,0.4832869080779944,,,
RSIOversold,2.0,10.0,0.07,0.1,5,0.013949199363088471,0.17126705521399108,-0.20477519084100682,1.0607447544032071,371,0.4797843665768194,0.14091323002794254,0.5961344437759565,-0.37807465476882196,1.1669146656134766,487,0.48459958932238195,,,
RSIOversold,2.0,10.0,0.07,0.1,7,-0.007687215321650842,0.006383192772500005,-0.28378342875208096,1.0040903413191944,282,0.46099290780141844,0.06649606876514857,0.37164047066551176,-0.3263057378384807,1.1058836799025926,397,0.473551637279597,,,
RSIOversold,2.0,15.0,0.03,0.05,3,-0.09833135148674443,-0.6900118287276735,-0.4623453233569278,0.812399143313674,759,0.4137022397891963,0.14625976222494108,0.630986215027429,-0.24463344475603854,1.1122469573994405,1045,0.46124401913875596,,,
RSIOversold,2.0,15.0,0.03,0.05,5,-0.07262256600998684,-0.545414705162488,-0.39788849944870974,0.8361232675775936,578,0.3961937716262976,0.11888846291507438,0.563976593929502,-0.21431664011002982,1.1067677312081057,874,0.4645308924485126,,,
RSIOversold,2.0,15.0,0.03,0.05,7,-0.06775361052115658,-0.5115033565781438,-0.36484253365872,0.8377841598723247,500,0.396,0.049594443842580604,0.3208194255820458,-0.24575096621101333,1.0759235407050831,806,0.4466501240694789,,,
RSIOversold,2.0,15.0,0.03,0.07,3,-0.0908746834058739,-0.6453572257445976,-0.48217323670782575,0.8366178974422648,726,0.4049586776859504,0.25535695130362734,0.9505007320928529,-0.28372298802853935,1.1884732929969721,948,0.4356540084388186,,,
RSIOversold,2.0,15.0,0.03,0.07,5,-0.02063008442333858,-0.10446119871497424,-0.253186974551755,0.9567331819942072,519,0.3930635838150289,0.2559790691382813,0.957131730005521,-0.2411874609071888,1.231403571065316,751,0.42609853528628494,,,
RSIOversold,2.0,15.0,0.03,0.07,7,-0.008392470438475463,-0.009344512497214255,-0.2844831846420116,0.9762688589181779,442,0.38687782805429866,0.20024532500275427,0.8080355704570648,-0.2768860726319027,1.1938160994698819,671,0.40238450074515647,,,
RSIOversold,2.0,15.0,0.03,0.1,3,-0.0914702309126938,-0.6587069817239626,-0.4951330712709514,0.8294504313227795,689,0.40493468795355586,0.2581364142253988,0.9362727727251238,-0.3167875659190523,1.2107729250405195,885,0.41129943502824856,,,
RSIOversold,2.0,15.0,0.03,0.1,5,-0.030928178214243096,-0.1793993347875508,-0.2983465390007193,0.9070153746964464,482,0.36721991701244816,0.30477925884048696,1.068666886106745,-0.28388251472137915,1.2738779044137387,665,0.39849624060150374,,,
RSIOversold,2.0,15.0,0.03,0.1,7,0.014115591802946525,0.17620361547587648,-0.25152585610580414,1.0468163113574485,391,0.38618925831202044,0.21791378077319834,0.8428728279177391,-0.3086598635459479,1.2177048894663853,574,0.35365853658536583,,,
RSIOversold,2.0,15.0,0.05,0.05,3,-0.03378734398554051,-0.18513962127643946,-0.3378547495381853,0.9248079124273997,657,0.4840182648401826,-0.01633961098783976,0.09398750789954745,-0.3755886821216601,1.0062793207580427,891,0.5028058361391695,,,
RSIOversold,2.0,15.0,0.05,0.05,5,-0.013905129593499876,-0.047599126379876386,-0.2587932509104287,0.9616569571051398,469,0.47547974413646055,0.10371779820800109,0.4996655330035339,-0.2873579966211932,1.0939316243988753,703,0.5490753911806543,,,
RSIOversold,2.0,15.0,0.05,0.05,7,0.003336589427021419,0.0902391833545038,-0.2672505824290906,1.0139819038354128,391,0.5140664961636828,0.1314569595433437,0.5947731510846684,-0.269567935527838,1.142234569735617,610,0.5540983606557377,,,
RSIOversold,2.0,15.0,0.05,0.07,3,-0.04533857691265164,-0.25877514202419266,-0.423783138028337,0.9098167221401962,633,0.4707740916271722,0.05423338824356816,0.33346785598858175,-0.30291982691152963,1.068790297175832,829,0.47285886610373945,,,
RSIOversold,2.0,15.0,0.05,0.07,5,0.022731812383934846,0.2369035381772924,-0.23730594900370494,1.0763384436036154,426,0.4812206572769953,0.2693409436304688,0.9711124361466958,-0.3076436806438676,1.2399682714925244,622,0.5048231511254019,,,
RSIOversold,2.0,15.0,0.05,0.07,7,0.026013454138461567,0.27119932482456865,-0.23840633500563135,1.0676653593095502,349,0.4785100286532951,0.11765369100708578,0.5543192285167556,-0.3243275942660999,1.138512410621335,523,0.4818355640535373,,,
RSIOversold,2.0,15.0,0.05,0.1,3,-0.034708610031174536,-0.19554469078024883,-0.3772233607314939,0.9092958069786056,604,0.45364238410596025,0.02887416013889821,0.25373874186486434,-0.33386329590553154,1.0506115679534969,770,0.45714285714285713,,,
RSIOversold,2.0,15.0,0.05,0.1,5,0.013618437870357658,0.16951240100816997,-0.2337563393463007,1.0406633404019472,401,0.4538653366583541,0.17271103669964583,0.6919096401287065,-0.346331860952676,1.1617897048065626,548,0.458029197080292,,,
RSIOversold,2.0,15.0,0.05,0.1,7,0.01824544815151441,0.20839013863072403,-0.18683316119689752,1.0864590833660563,311,0.4758842443729904,0.10723524879910484,0.5002629638021722,-0.31667178329933154,1.1352151131406425,465,0.42795698924731185,,,
RSIOversold,2.0,15.0,0.07,0.05,3,-0.03164581478084327,-0.15384357341614532,-0.33802628902574494,0.9275111058817376,632,0.5,-0.0029508022627536823,0.13949360308528067,-0.34602160988274044,1.0154463827922375,837,0.5221027479091995,,,
RSIOversold,2.0,15.0,0.07,0.05,5,-0.010377023432124322,-0.017762928350080937,-0.24854105712416596,0.9797533750875931,437,0.4988558352402746,0.14065251720915084,0.6147988122194136,-0.24686531215340946,1.1733335720713762,633,0.5908372827804107,,,
RSIOversold,2.0,15.0,0.07,0.05,7,-0.06045672598736851,-0.41423746199970535,-0.4087061926159249,0.8507808026292718,353,0.5127478753541076,0.13465890302493655,0.6062655624853801,-0.31442250062970967,1.1725372733069475,536,0.6119402985074627,,,
RSIOversold,2.0,15.0,0.07,0.07,3,-0.0623305245840996,-0.39482519425140655,-0.4245762974604308,0.8806185819369035,599,0.48414023372287146,0.14387709575554886,0.6092039558859877,-0.2897616270515343,1.1447303986936348,766,0.5104438642297651,,,
RSIOversold,2.0,15.0,0.07,0.07,5,-0.005719661915212559,0.027333843348058082,-0.2538965064306199,1.0020414492193037,396,0.48737373737373735,0.20050113778356482,0.7887602090229116,-0.3443763243399438,1.2273816511844493,544,0.5514705882352942,,,
RSIOversold,2.0,15.0,0.07,0.07,7,-0.01506354927837339,-0.0480652425214335,-0.3390839184862372,1.002546748238936,318,0.4937106918238994,0.10901369182553111,0.527568247548483,-0.30937001701906075,1.1457184378515008,465,0.5376344086021505,,,
RSIOversold,2.0,15.0,0.07,0.1,3,-0.03249437110090747,-0.17137709294436196,-0.355543353858885,0.914126943612397,575,0.4608695652173913,0.01049281068130048,0.20049247007646084,-0.39883548318787443,1.0348283077985725,718,0.4818941504178273,,,
RSIOversold,2.0,15.0,0.07,0.1,5,0.004288849119715499,0.10030226227812945,-0.22203898262503308,1.0438594986407532,372,0.48118279569892475,0.10812485175970399,0.4978433066153854,-0.37807465476882196,1.1391247558121627,488,0.48155737704918034,,,
RSIOversold,2.0,15.0,0.07,0.1,7,-0.007687215321650842,0.006383192772500005,-0.28378342875208096,1.0040903413191944,282,0.46099290780141844,0.08096323950775997,0.4171380468868603,-0.3263057378384807,1.1108179045818263,401,0.47381546134663344,,,
RSIOversold,3.0,5.0,0.03,0.05,3,-0.05577271092208702,-0.29902683825808446,-0.42635183976815694,0.9112551901587794,762,0.4461942257217848,-0.013832343908554479,0.08650339340736235,-0.24561891892023802,1.005335425193684,1027,0.439143135345667,,,
RSIOversold,3.0,5.0,0.03,0.05,5,-0.06923111386911573,-0.43729193297549285,-0.38482450657321354,0.8774949138348306,610,0.41475409836065574,0.008274731179580774,0.164763999523689,-0.28334218808903955,1.022801665089564,873,0.43986254295532645,,,
RSIOversold,3.0,5.0,0.03,0.05,7,-0.004444374183309341,0.037559269707501175,-0.2667991289779784,0.9915499804237813,549,0.4335154826958106,-0.031030826290403657,0.007672760540433464,-0.2911678009745793,0.9927513228040412,813,0.4268142681426814,,,
RSIOversold,3.0,5.0,0.03,0.07,3,-0.0564492964506067,-0.299628325262987,-0.4041942443943183,0.89898332928174,720,0.41388888888888886,0.047884105117771636,0.31316167528952543,-0.32878868151556506,1.0606503113811008,917,0.40676117775354415,,,
RSIOversold,3.0,5.0,0.03,0.07,5,0.003620035112080533,0.09701507367328888,-0.25878474993598444,1.0085816263419112,555,0.4,0.02073155985184183,0.21284269964932007,-0.3403550982277488,1.0360431757541868,735,0.38231292517006804,,,
RSIOversold,3.0,5.0,0.03,0.07,7,-0.009135077971641703,0.0013641670074805877,-0.28391212551461564,0.9956274616618569,478,0.3786610878661088,0.024224778997723018,0.2271603015339037,-0.3887486894591814,1.059506134847215,653,0.37059724349157736,,,
RSIOversold,3.0,5.0,0.03,0.1,3,-0.043895162154084955,-0.22157609708398035,-0.3832724850908945,0.9081948288106769,692,0.41184971098265893,0.01822424537769418,0.20727496547354032,-0.341714719682535,1.0618713724901614,855,0.3883040935672515,,,
RSIOversold,3.0,5.0,0.03,0.1,5,0.007652731136322366,0.12606149643979925,-0.29109991717302197,1.016958636743098,502,0.3745019920318725,-0.020598375243578326,0.04467468316833373,-0.38492389525214843,1.0043256674557794,662,0.33534743202416917,,,
RSIOversold,3.0,5.0,0.03,0.1,7,0.07618357936732045,0.5921039188141086,-0.21732232388620054,1.198517409461524,417,0.37410071942446044,0.17675444449357114,0.7690786722112921,-0.3046645112536026,1.1864509710678457,573,0.34554973821989526,,,
RSIOversold,3.0,5.0,0.05,0.05,3,-0.06353106728206293,-0.35713326995180183,-0.45283777894776944,0.8800897200213362,651,0.4946236559139785,-0.10100857956197018,-0.25892851748927437,-0.28491455817537037,0.9283433070867542,880,0.48977272727272725,,,
RSIOversold,3.0,5.0,0.05,0.05,5,-0.061103243862315804,-0.3843023750928183,-0.3725363428484052,0.8845126922012959,487,0.49075975359342916,-0.09944299825209801,-0.2689930571503936,-0.3502354461819841,0.929716870198688,693,0.5021645021645021,,,
RSIOversold,3.0,5.0,0.05,0.05,7,-0.019759749882676703,-0.06723096045976476,-0.2945264153923648,0.9579717356864761,421,0.5083135391923991,-0.04608955505704293,-0.05259258342730135,-0.3013891468893869,0.9701280745199552,626,0.5223642172523961,,,
RSIOversold,3.0,5.0,0.05,0.07,3,-0.06717822078489055,-0.37545858953634287,-0.4690453125193609,0.8831150134561909,613,0.466557911908646,-0.054562464450516046,-0.05264337807329743,-0.32131616653923334,0.9717123125293949,790,0.4582278481012658,,,
RSIOversold,3.0,5.0,0.05,0.07,5,-0.03321325245549922,-0.16545011456461572,-0.3166908078249041,0.9374522498763767,440,0.45227272727272727,0.02050293075908094,0.2157909082400454,-0.335792435938969,1.01865304351386,597,0.4639865996649916,,,
RSIOversold,3.0,5.0,0.05,0.07,7,0.051391781929089,0.4262769539538029,-0.23438762642155297,1.138876102724612,372,0.489247311827957,0.06805141195868925,0.38535631767297157,-0.3160491729814897,1.0725757890499086,512,0.46484375,,,
RSIOversold,3.0,5.0,0.05,0.1,3,-0.04320892957815525,-0.22052088037590128,-0.41859250653965385,0.933967340103107,591,0.4703891708967851,-0.1181550128212141,-0.30248162721612665,-0.39967688088639197,0.9358697523963083,740,0.43108108108108106,,,
RSIOversold,3.0,5.0,0.05,0.1,5,-0.027031547172280512,-0.11206817699992319,-0.3193934472829357,0.9698482785628052,413,0.423728813559322,-0.07808997414281948,-0.15207784589796233,-0.4702242953582866,0.9352068386329968,540,0.4148148148148148,,,
RSIOversold,3.0,5.0,0.05,0.1,7,0.07939466321310373,0.5937412229025496,-0.16372136862905973,1.2248145275378237,326,0.4754601226993865,-0.008388902443868695,0.11810050990785981,-0.3988976298777015,1.02766327681749,458,0.42139737991266374,,,
RSIOversold,3.0,5.0,0.07,0.05,3,-0.04219607081245713,-0.20331942029429687,-0.40354059029594525,0.9165175533345922,612,0.5081699346405228,-0.15153335916362431,-0.4529639994253529,-0.3430591942442228,0.9116611225814206,811,0.5141800246609125,,,
RSIOversold,3.0,5.0,0.07,0.05,5,-0.06004411522856412,-0.3587885006554114,-0.3735140115820208,0.8735852391289604,442,0.5,-0.08462515145013505,-0.17444343678712998,-0.297790058485391,0.9365542648906158,607,0.5420098846787479,,,
RSIOversold,3.0,5.0,0.07,0.05,7,-0.01807240906324381,-0.06273523426146414,-0.26444544003601367,0.9892020369496644,362,0.5497237569060773,-0.0196176744903932,0.06496584240243347,-0.3641819168697916,0.9825880350865966,523,0.5793499043977055,,,
RSIOversold,3.0,5.0,0.07,0.07,3,-0.012299849970752286,7.895798179824733e-05,-0.30805533207651603,0.9913334637585058,588,0.5,-0.1295375004855983,-0.3250273034230869,-0.35483977004796063,0.9129274826336897,733,0.4815825375170532,,,
RSIOversold,3.0,5.0,0.07,0.07,5,-0.045746782384728846,-0.2611102211446795,-0.33050063693669895,0.924186082758856,396,0.47474747474747475,-0.06923421107048,-0.10842050093229694,-0.39590875307758955,0.9611173855877709,532,0.4868421052631579,,,
RSIOversold,3.0,5.0,0.07,0.07,7,0.046596060667379646,0.38542149096484385,-0.21633049714390262,1.1563284326480858,328,0.5182926829268293,0.054540912947742326,0.33513536252556175,-0.30562210901659337,1.0874682315900472,443,0.5169300225733634,,,
RSIOversold,3.0,5.0,0.07,0.1,3,0.020281944330711177,0.20990283991772235,-0.27354304955472575,1.0362194715617377,565,0.5079646017699115,-0.12022492841724874,-0.2912274207012725,-0.39322708093701153,0.939639385908151,699,0.4663805436337625,,,
RSIOversold,3.0,5.0,0.07,0.1,5,-0.05534457695748829,-0.31711024119046527,-0.3557294080122939,0.8874875821221331,370,0.4297297297297297,-0.013834875594528562,0.1046299902701402,-0.40304611791401246,1.0182540494305632,490,0.45918367346938777,,,
RSIOversold,3.0,5.0,0.07,0.1,7,0.06360832720880327,0.4875002346538185,-0.19146504332539793,1.2099150341238571,295,0.5016949152542373,0.146109451176752,0.6312877322995475,-0.3600093383968638,1.1624454608890566,398,0.48743718592964824,,,
RSIOversold,3.0,10.0,0.03,0.05,3,-0.06338483579416698,-0.3459857985602095,-0.43622651293165293,0.8893582531035976,779,0.43902439024390244,-0.023987890997774763,0.0505888913683325,-0.2329240835752926,0.9972013630491366,1051,0.4367269267364415,,,
RSIOversold,3.0,10.0,0.03,0.05,5,-0.0535801900211913,-0.3150250024686365,-0.32704385756394116,0.8980770904456171,619,0.420032310177706,0.021012111771433473,0.2152799862463519,-0.26104140293188727,1.0310497023370904,893,0.4423292273236282,,,
RSIOversold,3.0,10.0,0.03,0.05,7,0.007890646383703181,0.12717945973996417,-0.2007091915429805,1.0178855428331715,556,0.44064748201438847,0.008257590256397496,0.16549619780154726,-0.25705421712509,1.0189521892137539,832,0.4326923076923077,,,
RSIOversold,3.0,10.0,0.03,0.07,3,-0.07180758424721767,-0.395512298428409,-0.4236134239388508,0.8834301578193533,735,0.4095238095238095,0.04478570592558495,0.30212072957188574,-0.3274492878350118,1.0544573964276216,935,0.40641711229946526,,,
RSIOversold,3.0,10.0,0.03,0.07,5,0.006793499999124597,0.11977837612073747,-0.21735796476668312,1.0186853877185162,560,0.4,0.002353778548620511,0.14426189607949333,-0.36179217884431414,1.0211925571706917,746,0.3806970509383378,,,
RSIOversold,3.0,10.0,0.03,0.07,7,-0.014881436592162678,-0.04010496389738881,-0.24538973943331077,0.984885833951962,486,0.3765432098765432,0.014552273688257289,0.19265065041555063,-0.3863712082655475,1.0479702457619067,666,0.36786786786786785,,,
RSIOversold,3.0,10.0,0.03,0.1,3,-0.05076301426664642,-0.26040490050280984,-0.3978052762007104,0.9071983673255859,702,0.41025641025641024,0.0015134710709236998,0.14851238563624378,-0.3389215232590753,1.043063972398408,868,0.3847926267281106,,,
RSIOversold,3.0,10.0,0.03,0.1,5,-0.007851823575148908,0.019132778494268504,-0.3176714355045991,0.984944096659063,512,0.373046875,-0.01914971032425994,0.052457964309955606,-0.35728346121573484,1.0050565675321308,668,0.3413173652694611,,,
RSIOversold,3.0,10.0,0.03,0.1,7,0.06433485245502535,0.51542041232638,-0.21126304903282478,1.1731625419732747,421,0.37767220902612825,0.17235090579225432,0.7481029423407406,-0.25996899576696586,1.189260743353766,583,0.346483704974271,,,
RSIOversold,3.0,10.0,0.05,0.05,3,-0.06658406412645934,-0.3735773372413248,-0.4537477995912649,0.8717989797470781,661,0.4947049924357035,-0.12433060662214357,-0.34828833089773803,-0.3070483259923579,0.9153705896553768,896,0.4877232142857143,,,
RSIOversold,3.0,10.0,0.05,0.05,5,-0.058662528731040386,-0.35386048609402493,-0.38817441764030014,0.9006153390465468,490,0.4897959183673469,-0.10277896833392486,-0.27795162907690085,-0.32752137745131304,0.9177883133185429,693,0.49783549783549785,,,
RSIOversold,3.0,10.0,0.05,0.05,7,0.004433799701102137,0.10367181727646771,-0.25808202215419973,1.0104727133635045,423,0.5271867612293144,-0.028281504132357305,0.02405922759334751,-0.2779848712535379,0.9811336752501518,635,0.525984251968504,,,
RSIOversold,3.0,10.0,0.05,0.07,3,-0.06939805166237312,-0.38864712603563517,-0.46326148710983117,0.8820002266040978,623,0.47030497592295345,-0.08020157836690867,-0.14478036367282224,-0.29630060236836164,0.9581860883174437,805,0.4583850931677019,,,
RSIOversold,3.0,10.0,0.05,0.07,5,-0.046207110163800746,-0.2530773894672311,-0.36577568664490523,0.9246776264932203,444,0.45045045045045046,0.01385828249465959,0.19268513745044846,-0.3148671953202008,1.0075945563119684,600,0.46166666666666667,,,
RSIOversold,3.0,10.0,0.05,0.07,7,0.014113312311059056,0.17091535876272068,-0.2508172330453322,1.050290093417921,375,0.48,0.08756144520694753,0.44914367473769823,-0.305264282923557,1.0953203510137672,517,0.4700193423597679,,,
RSIOversold,3.0,10.0,0.05,0.1,3,-0.03132186912932755,-0.12646885879065048,-0.37989767635354765,0.936826311442329,600,0.4666666666666667,-0.17093028437544844,-0.5113805636898499,-0.43345706229026837,0.8861620091606865,751,0.42609853528628494,,,
RSIOversold,3.0,10.0,0.05,0.1,5,-0.034351751524080876,-0.16516161306420643,-0.3579336689397632,0.9489254913699613,411,0.4209245742092457,-0.08738331970756186,-0.18716524787709465,-0.3762230091228198,0.9340214577485892,546,0.41208791208791207,,,
RSIOversold,3.0,10.0,0.05,0.1,7,0.068254089694338,0.5321891993940842,-0.19434390891116549,1.2012664109256712,325,0.48307692307692307,0.06421132471179036,0.37091582272457163,-0.35143354410904915,1.0914176438029006,457,0.4310722100656455,,,
RSIOversold,3.0,10.0,0.07,0.05,3,-0.053179903733165945,-0.2743756315322001,-0.424041852758259,0.8910752757102423,622,0.5032154340836013,-0.1751863086696518,-0.535700043149557,-0.3957494092326488,0.8935562556160123,817,0.5116279069767442,,,
RSIOversold,3.0,10.0,0.07,0.05,5,-0.05775883513004809,-0.3378335346067271,-0.3720586575878131,0.891248123555294,446,0.5044843049327354,-0.068663500806044,-0.10717735115433416,-0.29262572132452025,0.9539486463525632,613,0.5481239804241436,,,
RSIOversold,3.0,10.0,0.07,0.05,7,-0.02610616543307198,-0.12386418125194101,-0.25438655563466406,0.9771276117923767,361,0.5484764542936288,-0.011294738060888654,0.09767161633246063,-0.3426807792783715,0.9829392920709402,526,0.5779467680608364,,,
RSIOversold,3.0,10.0,0.07,0.07,3,0.0062534892596071145,0.11964507842592202,-0.29698632161481353,1.0198640607724865,597,0.5058626465661642,-0.17368432553190105,-0.4963755052747708,-0.3957091158951218,0.8836392641290539,742,0.477088948787062,,,
RSIOversold,3.0,10.0,0.07,0.07,5,-0.05654217787193172,-0.33208440110588583,-0.3734732652616364,0.9089523800187568,404,0.46782178217821785,-0.09254191783717236,-0.194287609816597,-0.37987751263506553,0.9334123179747364,531,0.4821092278719397,,,
RSIOversold,3.0,10.0,0.07,0.07,7,0.02334574616770735,0.23442200896430176,-0.22393594481110857,1.101605178442066,329,0.5045592705167173,0.0711532812212956,0.3917368504183396,-0.3091757647189747,1.0997901216311272,444,0.5225225225225225,,,
RSIOversold,3.0,10.0,0.07,0.1,3,0.04436825057012994,0.3583866483049982,-0.23259608268173348,1.072078922225932,573,0.506108202443281,-0.1479910306880654,-0.3916782285711077,-0.42240095551907664,0.9070040837275484,706,0.4546742209631728,,,
RSIOversold,3.0,10.0,0.07,0.1,5,-0.054202629387532286,-0.31101424533987393,-0.32605716530089013,0.8997270813774639,377,0.4297082228116711,-0.07779403349769909,-0.12806922175880955,-0.3986915863870948,0.9496087491417965,488,0.45491803278688525,,,
RSIOversold,3.0,10.0,0.07,0.1,7,0.029767105009132377,0.2786724309978397,-0.22204998997021763,1.1168882184582918,294,0.4897959183673469,0.11317497895965234,0.5286489732247587,-0.36089200239632546,1.1310065352703267,401,0.47880299251870323,,,
RSIOversold,3.0,15.0,0.03,0.05,3,-0.05556336752134261,-0.28978052209839206,-0.4206735928462908,0.9076678030091483,784,0.4489795918367347,-0.0500550259919208,-0.04103316253388008,-0.23565555165702878,0.9760878439969729,1066,0.4333958724202627,,,
RSIOversold,3.0,15.0,0.03,0.05,5,-0.052508554160989096,-0.3058620488402056,-0.32929325886863825,0.9044705259028871,624,0.4230769230769231,-0.01396596897101543,0.08537494661323657,-0.2931129736313449,1.0015026810581804,897,0.4358974358974359,,,
RSIOversold,3.0,15.0,0.03,0.05,7,0.021522496346810804,0.22453070520226828,-0.18920915485025036,1.048384288542994,559,0.4472271914132379,-0.019120004186284456,0.062987634363423,-0.2941041678783808,0.9905457807361474,837,0.4265232974910394,,,
RSIOversold,3.0,15.0,0.03,0.07,3,-0.04672065784100676,-0.22715630359909042,-0.3684010255810579,0.9297682549348263,741,0.41970310391363025,0.011829791227151887,0.18820020227277598,-0.31072208082922614,1.0321607786398983,948,0.4029535864978903,,,
RSIOversold,3.0,15.0,0.03,0.07,5,0.014770840603616886,0.17596149075956516,-0.22219764834196887,1.0313167827157297,566,0.4045936395759717,-0.014950306246886869,0.0819708625625879,-0.32870601796429133,1.0056158059371092,756,0.37566137566137564,,,
RSIOversold,3.0,15.0,0.03,0.07,7,-0.004170930697293462,0.040620065122214756,-0.22169440248078542,1.0035098778124323,492,0.3800813008130081,-0.016204552431798858,0.07967547263768686,-0.40533371952245967,1.0157641921176566,670,0.3611940298507463,,,
RSIOversold,3.0,15.0,0.03,0.1,3,-0.03750728719399621,-0.1753019616986371,-0.36957217598854486,0.9244120036018728,710,0.4126760563380282,-0.041037533122610936,-0.0015262898697024673,-0.3250410846304129,1.0021420267739698,879,0.378839590443686,,,
RSIOversold,3.0,15.0,0.03,0.1,5,-0.0006183395732053398,0.06959297619807726,-0.2913402411334951,0.9958312806395672,511,0.37573385518590996,-0.052942184541783455,-0.0798101049889098,-0.3247315209827618,0.9723768548535476,667,0.3373313343328336,,,
RSIOversold,3.0,15.0,0.03,0.1,7,0.04310669068122852,0.3777021188912974,-0.25124673416041843,1.1138549117107495,425,0.36470588235294116,0.1111765385049368,0.5356831625482996,-0.26744384546612054,1.1373574368363932,589,0.3361629881154499,,,
RSIOversold,3.0,15.0,0.05,0.05,3,-0.06480780448640333,-0.35688270983376774,-0.4556102753176481,0.8746321138537806,665,0.49624060150375937,-0.1790708381934828,-0.5564827299143943,-0.39693802861137883,0.8810070046970194,904,0.48008849557522126,,,
RSIOversold,3.0,15.0,0.05,0.05,5,-0.04375956696693406,-0.24696043737595405,-0.3539947393524764,0.9294582728485178,496,0.49798387096774194,-0.13067782413459317,-0.38664821424335577,-0.32921526675618995,0.9014619247034867,698,0.49570200573065903,,,
RSIOversold,3.0,15.0,0.05,0.05,7,0.009390325189582382,0.13826452171600614,-0.26647734432490067,1.0291247616435595,428,0.530373831775701,-0.06729134169947737,-0.13201527172555638,-0.2622266746881231,0.950252999051012,635,0.5181102362204725,,,
RSIOversold,3.0,15.0,0.05,0.07,3,-0.0655712361725812,-0.36370151006595636,-0.46246629113017235,0.8868389038109749,631,0.4659270998415214,-0.09876749242724292,-0.20443499704275894,-0.2859160623181064,0.9383452155714126,817,0.4504283965728274,,,
RSIOversold,3.0,15.0,0.05,0.07,5,-0.029335352833429473,-0.13073170354398478,-0.3306068879257278,0.9530165197495799,443,0.4604966139954853,-0.018493706468377225,0.07745458214229103,-0.3071565506689279,0.9880333205810737,607,0.45799011532125206,,,
RSIOversold,3.0,15.0,0.05,0.07,7,0.028920355917406493,0.27283199995466045,-0.2155868418125344,1.0873302939426366,380,0.4789473684210526,0.08166009229304172,0.42798534754560574,-0.3012615638797126,1.0791362794842099,519,0.4662813102119461,,,
RSIOversold,3.0,15.0,0.05,0.1,3,-0.03489278761171444,-0.14971300272883648,-0.39221777154346815,0.9444016862952618,606,0.4735973597359736,-0.18269322884027495,-0.5430669053404417,-0.4526029930717126,0.8696529489111301,760,0.4236842105263158,,,
RSIOversold,3.0,15.0,0.05,0.1,5,-0.026705720793899657,-0.11479920227536389,-0.33838560001136186,0.9665941545365907,412,0.4344660194174757,-0.11002993051831922,-0.26145470391608167,-0.3979918943310943,0.9241735971322281,553,0.41229656419529837,,,
RSIOversold,3.0,15.0,0.05,0.1,7,0.07358214199725688,0.5736371406376396,-0.1937579226617121,1.1990531125007737,334,0.47305389221556887,0.006251017922891178,0.16943344608042854,-0.3471131062652687,1.0309264235758937,461,0.4229934924078091,,,
RSIOversold,3.0,15.0,0.07,0.05,3,-0.058923470677687884,-0.31049895445079406,-0.4442406110062409,0.8809115016653017,627,0.5007974481658692,-0.19703435169025107,-0.6170656155431579,-0.4403762264535531,0.863041983884954,822,0.5012165450121655,,,
RSIOversold,3.0,15.0,0.07,0.05,5,-0.06851938946567449,-0.4051550364990277,-0.4067805639295977,0.8623365858064752,450,0.5,-0.11599940484737237,-0.2827368483766547,-0.31879873268409553,0.9058816832274859,613,0.5350734094616639,,,
RSIOversold,3.0,15.0,0.07,0.05,7,0.0011341436537324334,0.07918805192160452,-0.2243156988014683,1.0497472491838824,369,0.5582655826558266,-0.07349677159578583,-0.1335225896346656,-0.3495997077572842,0.9264998381374577,524,0.5648854961832062,,,
RSIOversold,3.0,15.0,0.07,0.07,3,0.004505102753474155,0.10859442504448712,-0.29061597982961984,1.0066184771419877,603,0.5008291873963516,-0.21717755304668707,-0.658495474018314,-0.46244589716270235,0.863029579960843,752,0.4734042553191489,,,
RSIOversold,3.0,15.0,0.07,0.07,5,-0.051896741273967484,-0.27740242713435453,-0.3663100465874015,0.9203219829435074,410,0.47317073170731705,-0.11927054083794841,-0.28703215953707534,-0.38362303560210786,0.9291945608629997,536,0.4832089552238806,,,
RSIOversold,3.0,15.0,0.07,0.07,7,0.03813930269220456,0.3302442731190715,-0.21548749514948462,1.1447696441866857,334,0.5059880239520959,0.04968075988956233,0.31975151913257743,-0.29403971962843667,1.0863731291113714,446,0.5224215246636771,,,
RSIOversold,3.0,15.0,0.07,0.1,3,0.05018376277781145,0.3953864228375288,-0.21817839405159667,1.0851654389580008,574,0.5139372822299652,-0.17269369323562545,-0.4750520618161838,-0.4435297283658496,0.8957478048740416,716,0.45391061452513964,,,
RSIOversold,3.0,15.0,0.07,0.1,5,-0.06402311453363996,-0.3590850053617628,-0.35477173241595994,0.874054901008416,380,0.43157894736842106,-0.14435369328769299,-0.3682610081580605,-0.40501217510563425,0.9010686378423595,494,0.4473684210526316,,,
RSIOversold,3.0,15.0,0.07,0.1,7,0.02968255541975129,0.2765961537832072,-0.22210695618553566,1.116454430865672,296,0.4864864864864865,0.10188521552309848,0.48855292245211007,-0.3466004901839519,1.1190272628908922,403,0.4813895781637717,,,
NewHigh52w,,,0.05,0.1,7,-0.00137643807099197,0.1040626340577011,-0.25640921700148167,1.0093955021908199,484,0.390495867768595,0.19540393138318168,0.6527491220189102,-0.39072566788573304,1.1076698087300352,726,0.39807162534435264,120.0,1.2,
NewHigh52w,,,0.05,0.1,10,0.05065741707252025,0.3415329241822255,-0.24071467883972186,1.0744700628464443,429,0.3962703962703963,0.2529624130668833,0.7835818963273012,-0.35936376943196213,1.1447668093360395,663,0.39819004524886875,120.0,1.2,
NewHigh52w,,,0.05,0.1,14,0.040096396287031766,0.295721110297135,-0.2206773519995836,1.0646401575509967,394,0.39086294416243655,0.1472216654312415,0.5503141046333654,-0.387201438502921,1.092761068067407,654,0.38685015290519875,120.0,1.2,
NewHigh52w,,,0.05,0.15,7,0.05251009915944138,0.34183359612686653,-0.29394032905210155,1.095108317735398,436,0.35091743119266056,0.5155448050751035,1.194883227159518,-0.32290636060038436,1.2618579087622446,635,0.35748031496062993,120.0,1.2,
NewHigh52w,,,0.05,0.15,10,0.13548645331015363,0.6998814980120871,-0.24176868935077,1.2317869368574321,368,0.3641304347826087,0.320865674187911,0.884280985524952,-0.36894243159826323,1.1708345971584915,579,0.3298791018998273,120.0,1.2,
NewHigh52w,,,0.05,0.15,14,0.05528056144539417,0.35910111404781325,-0.2191358954588435,1.0930254849621597,339,0.3215339233038348,0.1877154194512911,0.6375539004425022,-0.35005284657604274,1.1120683903444475,528,0.3106060606060606,120.0,1.2,
NewHigh52w,,,0.05,0.2,7,0.07753909312442997,0.439305921664483,-0.275111257175488,1.1286378502434804,415,0.3253012048192771,0.7470960841126704,1.5081022644581399,-0.27477761744416285,1.372127392568891,580,0.33620689655172414,120.0,1.2,
NewHigh52w,,,0.05,0.2,10,0.11249391708057055,0.6013742586972008,-0.21852069498912507,1.2161639019563297,346,0.3468208092485549,0.6746127428885342,1.4005723632215594,-0.33601453197783104,1.349642972715858,532,0.31203007518796994,120.0,1.2,
NewHigh52w,,,0.05,0.2,14,0.13205439775809125,0.6876022705492106,-0.23323180927196008,1.2605587770072466,309,0.313915857605178,0.5901140152357776,1.2981742876135225,-0.3112145769677016,1.3254112494687076,489,0.29243353783231085,120.0,1.2,
NewHigh52w,,,0.07,0.1,7,0.03208521488962979,0.25645930033616166,-0.3122423828809411,1.0510296566519892,421,0.45368171021377673,0.08885293816627127,0.4209567066043513,-0.41013633649272874,1.0602131391571163,590,0.4542372881355932,120.0,1.2,
NewHigh52w,,,0.07,0.1,10,0.0973779010926159,0.5579374054244385,-0.1760879893660907,1.1630009280122278,371,0.477088948787062,0.00023995822577393966,0.20560695629056688,-0.4731907089949603,1.0059776226333614,525,0.4361904761904762,120.0,1.2,
NewHigh52w,,,0.07,0.1,14,0.0724936092348456,0.4529067714263736,-0.1949670506240443,1.1283039837247022,321,0.4735202492211838,-0.04322214602604946,0.07657676231543936,-0.4805563852765974,0.972188005350328,492,0.43089430894308944,120.0,1.2,
NewHigh52w,,,0.07,0.15,7,0.029877416025166914,0.24349829913165488,-0.26844577645628287,1.0805531620902504,374,0.3983957219251337,0.2614920631638977,0.7697036237482677,-0.3163975312308589,1.1458566796622007,507,0.40433925049309666,120.0,1.2,
NewHigh52w,,,0.07,0.15,10,0.13420360628231953,0.6866978340532804,-0.20754118402678245,1.2655805723750517,319,0.43573667711598746,0.09435009610114808,0.43222951792424497,-0.34771295924761203,1.0648406379046758,448,0.3794642857142857,120.0,1.2,
NewHigh52w,,,0.07,0.15,14,0.07859920869264991,0.46313752013637344,-0.20722745518387053,1.148750131241878,282,0.4078014184397163,0.16775625400706184,0.5903863637313707,-0.33181293631343733,1.1071933068445914,412,0.36893203883495146,120.0,1.2,
NewHigh52w,,,0.07,0.2,7,0.12814361976708244,0.619909559031223,-0.24138386442157156,1.226451239676687,352,0.4005681818181818,0.45899347432316695,1.1054241635039723,-0.3070746031859175,1.2551143343118922,480,0.37916666666666665,120.0,1.2,
NewHigh52w,,,0.07,0.2,10,0.11982098865864677,0.6241124416670417,-0.23107245372367635,1.234140609066864,295,0.4101694915254237,0.06001827831633233,0.3543490776580856,-0.4190961296321122,1.0697047477084567,428,0.3364485981308411,120.0,1.2,
NewHigh52w,,,0.07,0.2,14,0.18314597215886752,0.9111306494858568,-0.216672646625112,1.3607818432828773,254,0.39763779527559057,0.25402504970962636,0.7539610311024699,-0.35120477683952056,1.1919124572668593,377,0.33687002652519893,120.0,1.2,
NewHigh52w,,,0.1,0.1,7,0.0904373852599738,0.5113063457198989,-0.2913408232114153,1.1312084322896272,371,0.5067385444743935,-0.09338234614545837,-0.02548607444377361,-0.4476015057636401,0.9534121904080393,505,0.49306930693069306,120.0,1.2,
NewHigh52w,,,0.1,0.1,10,0.15927519811384605,0.8368730423085231,-0.25586473989615877,1.3002662921837873,310,0.5387096774193548,-0.026400344814118015,0.14792330609404303,-0.4726320846011606,1.0059967485909749,442,0.502262443438914,120.0,1.2,
NewHigh52w,,,0.1,0.1,14,0.20530201828241634,1.0140859580626904,-0.21413083724724358,1.3801560598098168,274,0.5766423357664233,-0.15148598225140497,-0.1815877658713873,-0.4838328644613564,0.9102291399666461,406,0.4852216748768473,120.0,1.2,
NewHigh52w,,,0.1,0.15,7,0.14658040237569292,0.686090233999632,-0.20833991301234822,1.2457195506603005,327,0.45871559633027525,0.11180647339402627,0.47171418968398354,-0.3810671124025701,1.0781753910572163,436,0.46559633027522934,120.0,1.2,
NewHigh52w,,,0.1,0.15,10,0.17104104347173754,0.7949587728512991,-0.24701654859049182,1.3541642582525553,274,0.4744525547445255,-0.09255515181692675,-0.03593529711306826,-0.49173070914458716,0.9781932306633402,368,0.4266304347826087,120.0,1.2,
NewHigh52w,,,0.1,0.15,14,0.13802788498140317,0.7132792635437155,-0.26123469887028783,1.289588391277179,232,0.4827586206896552,-0.09979656224002931,-0.07460516868875071,-0.5455112090288012,0.9608691652723719,324,0.4074074074074074,120.0,1.2,
NewHigh52w,,,0.1,0.2,7,0.16419653954451996,0.7650067242503781,-0.24428689886504473,1.271337468432055,305,0.4426229508196721,0.14313973233570598,0.5316908608908114,-0.39769997931691126,1.1001403832927636,413,0.4213075060532688,120.0,1.2,
NewHigh52w,,,0.1,0.2,10,0.20250093184470686,0.9300790577809163,-0.2577413613426277,1.4733202390645528,249,0.4738955823293173,0.09767045515098216,0.44182614510238444,-0.41175737292053016,1.0722829291728728,332,0.3855421686746988,120.0,1.2,
NewHigh52w,,,0.1,0.2,14,0.16597489565386025,0.8460822017041544,-0.24111918252988984,1.3630825670084419,206,0.46116504854368934,0.08602327375979901,0.415944382658715,-0.4038849475021672,1.0642717837129119,306,0.3888888888888889,120.0,1.2,
NewHigh52w,,,0.05,0.1,7,-0.036043469577171305,-0.06752097318767765,-0.27070039751249086,0.9529559249329506,462,0.3852813852813853,0.10456704915905579,0.4583783411132683,-0.3551277433559624,1.0644048175578447,687,0.38427947598253276,120.0,1.5,
NewHigh52w,,,0.05,0.1,10,-0.030057270464421304,-0.0469146431406903,-0.2960335448286221,0.9633414385914335,423,0.375886524822695,0.14801000338997672,0.560412968061232,-0.35364079932127457,1.0887854999048687,644,0.391304347826087,120.0,1.5,
NewHigh52w,,,0.05,0.1,14,0.004683068638822174,0.12165173410008631,-0.26023510608576383,1.0090050854934762,390,0.3769230769230769,0.001788594403560717,0.20542773981779555,-0.4379438661666676,1.0089258407193438,624,0.36698717948717946,120.0,1.5,
NewHigh52w,,,0.05,0.15,7,0.0009612687898472583,0.10510760177993811,-0.29939560112924457,0.9979428517176668,427,0.34894613583138173,0.2458726203895698,0.7443704810748031,-0.34641098411204685,1.141795043721352,602,0.33554817275747506,120.0,1.5,
NewHigh52w,,,0.05,0.15,10,0.09943051366504929,0.5673169638962852,-0.24810940352999244,1.167788692270914,372,0.3467741935483871,0.25714742934130586,0.779925467226278,-0.3375235954860233,1.1557500207694615,554,0.33212996389891697,120.0,1.5,
NewHigh52w,,,0.05,0.15,14,0.011708355788336622,0.16278352266773835,-0.2910859321852298,0.9964804267643276,339,0.30678466076696165,0.07122365029115385,0.37829397261250974,-0.3886366837647426,1.0426099470308452,510,0.3,120.0,1.5,
NewHigh52w,,,0.05,0.2,7,0.0005848776549939316,0.11399882899177505,-0.3824659043872478,1.009744398374772,408,0.3235294117647059,0.4735145209394269,1.1419122941451463,-0.3125710576418743,1.2756064436315526,554,0.3231046931407942,120.0,1.5,
NewHigh52w,,,0.05,0.2,10,0.11836273925464891,0.6377332079026301,-0.22838330994974276,1.2062388262563368,339,0.3333333333333333,0.47470612085737773,1.1426026627702288,-0.30232844608386833,1.2819845107015322,505,0.31683168316831684,120.0,1.5,
NewHigh52w,,,0.05,0.2,14,-0.029658121808280202,-0.050799304492056385,-0.33844378387053775,0.9751886225745048,321,0.2616822429906542,0.3384741944404879,0.9258698276196864,-0.33848089472266507,1.2266444596847754,462,0.2857142857142857,120.0,1.5,
NewHigh52w,,,0.07,0.1,7,0.009741853488536067,0.15348091423435006,-0.2890018227999156,1.0239518560271283,406,0.45566502463054187,-0.0446927186513042,0.07820743740189437,-0.4481698655177785,0.9878077512558516,564,0.43439716312056736,120.0,1.5,
NewHigh52w,,,0.07,0.1,10,0.022075524221804477,0.211438214867444,-0.19698942977934775,1.036073050437694,354,0.4491525423728814,-0.024810834542993376,0.12745912297145473,-0.49554490358415415,0.9800957193904214,518,0.4343629343629344,120.0,1.5,
NewHigh52w,,,0.07,0.1,14,0.053206990051053005,0.3460334511541429,-0.2477997430280695,1.0898461800420896,321,0.470404984423676,-0.05747753789097687,0.023508060124221856,-0.4971146259848329,0.9661066528083475,472,0.4258474576271186,120.0,1.5,
NewHigh52w,,,0.07,0.15,7,-0.021083000263348084,0.006342918258245259,-0.2979004860465836,0.9869835734301602,361,0.3961218836565097,0.10737984648847188,0.4619949898592987,-0.3560767095101063,1.0799433760833022,492,0.3902439024390244,120.0,1.5,
NewHigh52w,,,0.07,0.15,10,0.028338555130450915,0.24008551028664635,-0.23958250846792972,1.0836861944180396,313,0.3961661341853035,-0.02823082630189311,0.13593893338650376,-0.4763783250019956,0.9926058604639517,448,0.3705357142857143,120.0,1.5,
NewHigh52w,,,0.07,0.15,14,0.004999495167107515,0.13041122302244593,-0.2770345131982531,1.0185023542420941,277,0.37545126353790614,-0.06792414358105636,0.00946856372183273,-0.5337615247893323,0.9721753040968537,407,0.343980343980344,120.0,1.5,
NewHigh52w,,,0.07,0.2,7,0.04791033215032425,0.3285119147596524,-0.2374398067357315,1.099492837033215,342,0.38596491228070173,0.3464046210015732,0.9290463609925722,-0.29571897261864843,1.226716943098152,458,0.3777292576419214,120.0,1.5,
NewHigh52w,,,0.07,0.2,10,0.03809664349874731,0.2885262900717671,-0.2579609178217973,1.08041094142428,286,0.38461538461538464,0.20188170957826146,0.655480159509602,-0.33957898612769566,1.1351018453778188,410,0.36341463414634145,120.0,1.5,
NewHigh52w,,,0.07,0.2,14,0.0740777815605671,0.45661842530336416,-0.23609827827462826,1.1569013090625455,248,0.375,0.1799805604104865,0.619093709470045,-0.3583479016521659,1.1329317150490772,363,0.3333333333333333,120.0,1.5,
NewHigh52w,,,0.1,0.1,7,0.07896699164349186,0.4634337341659913,-0.333456900877089,1.1406888031072397,351,0.5014245014245015,0.029487680210158018,0.2843547018540621,-0.4135347855721885,1.0404112795489115,491,0.5030549898167006,120.0,1.5,
NewHigh52w,,,0.1,0.1,10,0.1309783963122262,0.7132611049028662,-0.282434527175482,1.2375816654302976,301,0.5182724252491694,-0.04115179376951994,0.10579648509645573,-0.5231673192456283,0.9979404792980725,433,0.5011547344110855,120.0,1.5,
NewHigh52w,,,0.1,0.1,14,0.0886116493393938,0.5210982478286887,-0.2944238790766268,1.1890091884292775,258,0.5310077519379846,-0.23957175972165656,-0.5207677180153887,-0.5450009876728172,0.8404021067578511,387,0.46511627906976744,120.0,1.5,
NewHigh52w,,,0.1,0.15,7,0.05086365638303891,0.33715396918770335,-0.27154496179998444,1.102452644289583,312,0.44871794871794873,0.1279943780119852,0.5102163859036442,-0.39768687448315576,1.0904720601402054,423,0.4562647754137116,120.0,1.5,
NewHigh52w,,,0.1,0.15,10,0.13333067334881532,0.67762376572141,-0.2354869387285241,1.2646400708329948,272,0.4522058823529412,-0.028642813759348185,0.1413397337656533,-0.5263071530942812,0.9969680699653127,358,0.43575418994413406,120.0,1.5,
NewHigh52w,,,0.1,0.15,14,0.00794540733577187,0.14401535531311593,-0.3677736282478856,1.036054821417783,230,0.43043478260869567,-0.18951899492916469,-0.33841103926399435,-0.5454119379127655,0.8955447031582261,306,0.3888888888888889,120.0,1.5,
NewHigh52w,,,0.1,0.2,7,0.0718278508703134,0.42873118390087944,-0.27038644702912296,1.1461850543127978,300,0.43,0.00732436579525686,0.24201354172931944,-0.37874554810700134,1.0458952337239327,390,0.4153846153846154,120.0,1.5,
NewHigh52w,,,0.1,0.2,10,0.09851735528344929,0.5452531705979266,-0.3277377007517287,1.199606611062881,250,0.416,0.1416893079774384,0.5323513581960684,-0.43791044245618627,1.1152803911965754,330,0.4090909090909091,120.0,1.5,
NewHigh52w,,,0.1,0.2,14,0.08883546657296137,0.520558076478302,-0.3195636630444483,1.1692453769459001,206,0.4174757281553398,0.006306946682334891,0.23519211425472167,-0.5008887650086529,1.0138665262420474,293,0.37542662116040953,120.0,1.5,
NewHigh52w,,,0.05,0.1,7,-0.005984142856276797,0.06415396233013727,-0.2193677893274395,0.9938249838287261,403,0.3970223325062035,0.12130224198850148,0.5012577774471343,-0.3788652706854605,1.092631690075728,617,0.40032414910858993,120.0,2.0,
NewHigh52w,,,0.05,0.1,10,-0.007837623824312079,0.053729448612267666,-0.25191245508231785,0.9970232296017486,386,0.37823834196891193,0.10131246661847992,0.45332580142214823,-0.3722004332987363,1.0781078576029561,579,0.3955094991364421,120.0,2.0,
NewHigh52w,,,0.05,0.1,14,0.06023539895723373,0.4186070547233534,-0.23718600218541042,1.1035197807020989,356,0.3960674157303371,0.10803935864557634,0.46916440984272473,-0.3608916204441621,1.0811348683711346,571,0.38528896672504376,120.0,2.0,
NewHigh52w,,,0.05,0.15,7,0.051472047984026714,0.3486231214613517,-0.2534720732678255,1.0960768808787162,375,0.376,0.30353896944343606,0.8769670357863226,-0.3000824621367,1.1915406892604004,537,0.35195530726256985,120.0,2.0,
NewHigh52w,,,0.05,0.15,10,0.09068781159322548,0.538383263253843,-0.23153954184512682,1.1645632004387547,339,0.3421828908554572,0.19045829259237612,0.6542625327117678,-0.34918819526816547,1.135179075852843,500,0.342,120.0,2.0,
NewHigh52w,,,0.05,0.15,14,0.08672581811380109,0.5124340924170085,-0.24274326933197277,1.157546683808001,317,0.33753943217665616,0.23835162763048734,0.764973348022055,-0.3287840105430102,1.173449743839157,452,0.3274336283185841,120.0,2.0,
NewHigh52w,,,0.05,0.2,7,0.04628827712978856,0.3223471833453453,-0.25571889282091664,1.0941842661443266,362,0.3397790055248619,0.5186067435011086,1.2358081404553967,-0.3105711113037598,1.3182098882201354,505,0.3306930693069307,120.0,2.0,
NewHigh52w,,,0.05,0.2,10,0.04973768001921419,0.3407606679718047,-0.22067157571488727,1.1060197539141114,318,0.3050314465408805,0.4033084142617289,1.0521685038279964,-0.37084292369893657,1.2692313681117664,463,0.3174946004319654,120.0,2.0,
NewHigh52w,,,0.05,0.2,14,0.1602500400653859,0.832887746565807,-0.20397957566689617,1.306544530956151,293,0.32081911262798635,0.44123377566940447,1.1440310290732951,-0.2989910062790804,1.3122817809670313,420,0.3047619047619048,120.0,2.0,
NewHigh52w,,,0.07,0.1,7,-0.004450854100880086,0.07402873060954243,-0.2221603240645268,1.005873564586348,360,0.45,0.008048406731746338,0.21901512908057078,-0.41235834719621867,1.028734329394243,531,0.4538606403013183,120.0,2.0,
NewHigh52w,,,0.07,0.1,10,0.028099013547079554,0.24586908091055307,-0.2446238986492737,1.048014955156685,337,0.44807121661721067,0.06819602134588765,0.3719638797089254,-0.35960227753955787,1.0489321063249506,487,0.45790554414784396,120.0,2.0,
NewHigh52w,,,0.07,0.1,14,0.0615476644303623,0.41598119751113255,-0.2438804800581007,1.1198842506191895,300,0.47333333333333333,-0.005430320583057369,0.1700573941572877,-0.40414768836173254,1.008324010047264,453,0.4370860927152318,120.0,2.0,
NewHigh52w,,,0.07,0.15,7,0.025759294489123397,0.22926830028572803,-0.27494528481438363,1.054853833657026,333,0.40540540540540543,0.033457277047670875,0.28689621095435675,-0.3429660144769727,1.0293918339283126,464,0.3857758620689655,120.0,2.0,
NewHigh52w,,,0.07,0.15,10,0.04298753632194385,0.3089369282457171,-0.3122643901318347,1.0989513113520246,287,0.3867595818815331,-0.042352082566748606,0.07099810401717391,-0.39857899933600727,0.9589387695418815,406,0.3793103448275862,120.0,2.0,
NewHigh52w,,,0.07,0.15,14,0.042326039386019865,0.3098103172607416,-0.3244504564841575,1.0920409055112301,259,0.39768339768339767,-0.04981967168634904,0.05775549760372363,-0.4557008609016012,0.9782520420787433,370,0.35405405405405405,120.0,2.0,
NewHigh52w,,,0.07,0.2,7,0.09791443405418687,0.54981139857878,-0.24695675571212894,1.175305157813574,320,0.3875,0.35596943701890305,0.954331281316658,-0.337099886434703,1.2210665802700074,430,0.3813953488372093,120.0,2.0,
NewHigh52w,,,0.07,0.2,10,0.15220975789724966,0.7864977018314723,-0.21770956606537395,1.3165017957615228,263,0.39923954372623577,0.08823013459380347,0.41904446969837306,-0.3548833884751098,1.0692469972680065,384,0.3619791666666667,120.0,2.0,
NewHigh52w,,,0.07,0.2,14,0.1336773112864551,0.7320710521331132,-0.17487130122379269,1.2725693504409605,234,0.3974358974358974,0.30981076813124986,0.8789910556808668,-0.3359373897763852,1.2383352925753197,333,0.3633633633633634,120.0,2.0,
NewHigh52w,,,0.1,0.1,7,0.04670566802614906,0.3255852760514049,-0.37446921703686153,1.0893109254689441,322,0.5031055900621118,-0.12778524189602203,-0.19354882066520093,-0.4772194656920383,0.9379774975772152,446,0.48878923766816146,120.0,2.0,
NewHigh52w,,,0.1,0.1,10,0.08895918266498204,0.5486237653141717,-0.2860204297896659,1.1771988733462673,278,0.5215827338129496,0.05617672793085182,0.3433057239346823,-0.3678359275586186,1.0591290557835402,401,0.5311720698254364,120.0,2.0,
NewHigh52w,,,0.1,0.1,14,0.1292427919931758,0.7791691950226609,-0.21617282068447052,1.303802305566354,240,0.5708333333333333,-0.1766214380451282,-0.34262933580706606,-0.4957442367417849,0.8887875583934889,358,0.4748603351955307,120.0,2.0,
NewHigh52w,,,0.1,0.15,7,0.055175224808402756,0.3584401549199979,-0.34524361787854563,1.1016783751883383,298,0.44966442953020136,0.008733121125026999,0.23614464996751133,-0.44122567342550334,1.0188710594048398,400,0.44,120.0,2.0,
NewHigh52w,,,0.1,0.15,10,0.07664199391337845,0.4630976746605196,-0.33039269503408486,1.1463547395147817,250,0.432,-0.09497516233832881,-0.07043176546275912,-0.48482901862842354,0.960411074162223,331,0.4471299093655589,120.0,2.0,
NewHigh52w,,,0.1,0.15,14,0.06592304129322368,0.4283501619616149,-0.25527583537444654,1.179878909291299,205,0.47804878048780486,-0.33386188976240017,-0.8652969535772512,-0.6536754570747426,0.7359630385785015,288,0.3611111111111111,120.0,2.0,
NewHigh52w,,,0.1,0.2,7,0.054868200665747935,0.35825725378690326,-0.3843461208321777,1.1066937426441223,283,0.4275618374558304,0.17209192804698015,0.600501902571049,-0.4235079365413412,1.1601222516534018,372,0.42473118279569894,120.0,2.0,
NewHigh52w,,,0.1,0.2,10,0.12836926079762656,0.6866356019255211,-0.2553676579865597,1.2562661429968285,232,0.43103448275862066,0.17895033929172088,0.6156944782644913,-0.4581272516397802,1.1637738967993716,312,0.42948717948717946,120.0,2.0,
NewHigh52w,,,0.1,0.2,14,0.09642504844195887,0.5648137550238692,-0.3609542497024104,1.2173431261349017,195,0.4358974358974359,0.07750213330300504,0.398411991866959,-0.375302640319193,1.0571869505021618,272,0.39705882352941174,120.0,2.0,
NewHigh52w,,,0.05,0.1,7,0.03043084281146058,0.24712573478992483,-0.23127510089650727,1.054547725018379,445,0.39775280898876403,0.12100421402738237,0.49678377014989594,-0.35762352403261,1.0739966133191394,691,0.3878437047756874,252.0,1.2,
NewHigh52w,,,0.05,0.1,10,0.07173794376272968,0.4301812960017745,-0.2762366637682915,1.100028771399617,409,0.39853300733496333,0.0244770113477899,0.26085915826881445,-0.3887370914970719,1.017807123753642,661,0.3751891074130106,252.0,1.2,
NewHigh52w,,,0.05,0.1,14,0.043356733980312034,0.30849217663065326,-0.233010582020987,1.0611300381846986,379,0.39050131926121373,0.0360671640487078,0.29112954079559905,-0.36970292620843237,1.0164480852484108,630,0.3682539682539683,252.0,1.2,
NewHigh52w,,,0.05,0.15,7,0.06856683801673258,0.41938506393172614,-0.18335112002672516,1.1384182286026323,401,0.3541147132169576,0.2344787410890219,0.7235947039542746,-0.31152916339491554,1.1451559504071975,611,0.337152209492635,252.0,1.2,
NewHigh52w,,,0.05,0.15,10,0.1703719202538181,0.8534755424069268,-0.2094806108710323,1.3011500560828875,351,0.36752136752136755,0.24160984042701883,0.7391484353922191,-0.29941420007627784,1.137260086801049,563,0.32149200710479575,252.0,1.2,
NewHigh52w,,,0.05,0.15,14,0.17880127464582385,0.9040380412128399,-0.22827622896930655,1.3228112284893874,326,0.36503067484662577,0.25149801767061253,0.7688797577327126,-0.268687520350274,1.1606640484207926,524,0.3148854961832061,252.0,1.2,
NewHigh52w,,,0.05,0.2,7,0.08394476157822539,0.47045089987078414,-0.2363536734248033,1.1449614404549375,387,0.32558139534883723,0.7575931938693057,1.5387552492780965,-0.26026689996506147,1.377432617922367,560,0.3339285714285714,252.0,1.2,
NewHigh52w,,,0.05,0.2,10,0.11710124915643338,0.6178232237061652,-0.20275061065471822,1.2297410629108485,332,0.34036144578313254,0.6574434825559674,1.4262404312937926,-0.25053692900829583,1.3482701242615271,508,0.3110236220472441,252.0,1.2,
NewHigh52w,,,0.05,0.2,14,0.17453981869667068,0.883020135359617,-0.20606672302821394,1.3701715438063224,275,0.3381818181818182,0.4789295008723631,1.159297595718881,-0.29309713235255075,1.2920092300223245,459,0.28540305010893247,252.0,1.2,
NewHigh52w,,,0.07,0.1,7,0.1012829746051942,0.5575736819311429,-0.19917336227109794,1.1457648552364643,397,0.47103274559193953,0.08893255204808326,0.4216816086871965,-0.37237267062730905,1.0713367858142449,567,0.4497354497354497,252.0,1.2,
NewHigh52w,,,0.07,0.1,10,0.17474715499702476,0.8911184202230658,-0.2065732412653437,1.3034681034472224,345,0.5072463768115942,0.009802471756917175,0.2252153414462055,-0.49252359260418854,1.0163257839741768,518,0.4420849420849421,252.0,1.2,
NewHigh52w,,,0.07,0.1,14,0.09199026732147608,0.5308434378778648,-0.2135456445237195,1.1443570306258497,333,0.4804804804804805,0.011220203427042996,0.2258403060270618,-0.433548916070849,1.0232981184196481,492,0.4410569105691057,252.0,1.2,
NewHigh52w,,,0.07,0.15,7,0.0657917594265276,0.3955286577830898,-0.17371486423234828,1.1188956627516264,355,0.4084507042253521,0.09450890817603219,0.4325032454563083,-0.3762956477662682,1.076647742395169,509,0.3889980353634578,252.0,1.2,
NewHigh52w,,,0.07,0.15,10,0.07485989097510282,0.43244726984559223,-0.24869978490586653,1.1536693376042173,308,0.4155844155844156,-0.014585009715635588,0.17259012510225466,-0.450631906807907,1.0088320078351591,446,0.3632286995515695,252.0,1.2,
NewHigh52w,,,0.07,0.15,14,0.08706780792444135,0.5118223727433243,-0.19868899079362157,1.1650177436993796,276,0.4166666666666667,0.12975624188350587,0.5111816808102921,-0.3884592577210544,1.0862669969278684,407,0.371007371007371,252.0,1.2,
NewHigh52w,,,0.07,0.2,7,0.14731957259399597,0.7078815360498353,-0.2562444314763326,1.2831057928482976,337,0.4094955489614243,0.3912632592669285,1.0017011628230348,-0.2786741447930239,1.2376453142504797,469,0.3773987206823028,252.0,1.2,
NewHigh52w,,,0.07,0.2,10,-0.011919153022350693,0.05330047545318309,-0.376195640018818,1.0148714493655184,279,0.3763440860215054,-0.01925152334340552,0.16303739138637716,-0.42083362534467805,1.0276006193465779,421,0.3254156769596199,252.0,1.2,
NewHigh52w,,,0.07,0.2,14,0.1000447209998474,0.5764526946128025,-0.20480352562052773,1.2192660943687383,237,0.4008438818565401,0.22812307497234263,0.7137245757395204,-0.3467580160368515,1.1807642067408666,362,0.3397790055248619,252.0,1.2,
NewHigh52w,,,0.1,0.1,7,0.10039802152212207,0.5597025311232797,-0.23306898358920292,1.1518974175838566,343,0.5014577259475219,0.002149102086989041,0.21236537626364774,-0.46199035553683343,1.0004269608851195,483,0.5031055900621118,252.0,1.2,
NewHigh52w,,,0.1,0.1,10,0.16329075170736562,0.8355815912872621,-0.22398146590452395,1.2807118017392969,296,0.5472972972972973,-0.06824469605325356,0.024571440737078794,-0.48044179184205105,0.969372184777443,413,0.5012106537530266,252.0,1.2,
NewHigh52w,,,0.1,0.1,14,0.13303926315292425,0.7178628579053332,-0.21157605699310444,1.255904585726153,257,0.5680933852140078,-0.18564576243755393,-0.32831054861555387,-0.45563393594453094,0.877457653051994,388,0.48195876288659795,252.0,1.2,
NewHigh52w,,,0.1,0.15,7,0.055748235509458066,0.3520537328075682,-0.21810208460089342,1.0936605059336542,317,0.4384858044164038,0.016633351130149965,0.2589913237590165,-0.41173097186161833,1.007576213872942,424,0.44575471698113206,252.0,1.2,
NewHigh52w,,,0.1,0.15,10,0.17987420008984945,0.8425920020392622,-0.2788032940046111,1.3737783735818825,254,0.484251968503937,-0.031444256653131,0.1335158860467254,-0.41763327138413797,0.9974406236122505,359,0.4373259052924791,252.0,1.2,
NewHigh52w,,,0.1,0.15,14,0.2014490868992198,0.9761261649971332,-0.25789871059663927,1.4571026813899162,213,0.5258215962441315,-0.1279441213727882,-0.12767902213100762,-0.5488934896181027,0.8801999955371526,313,0.3929712460063898,252.0,1.2,
NewHigh52w,,,0.1,0.2,7,0.19613293258555453,0.8535131947482547,-0.264222253274385,1.3110648039996353,300,0.45,0.10209792716809463,0.4500255944824532,-0.3367421737699706,1.0801010993846283,399,0.41854636591478694,252.0,1.2,
NewHigh52w,,,0.1,0.2,10,0.16242236576915436,0.7797749621477309,-0.2548828746005233,1.3255323930319283,239,0.47280334728033474,-0.1219380453910266,-0.06115610004514351,-0.5192229392007752,0.945160428232355,331,0.3806646525679758,252.0,1.2,
NewHigh52w,,,0.1,0.2,14,0.2600761614954661,1.2177330619179485,-0.1791551025201139,1.5567708204314554,189,0.5026455026455027,-0.12213433859953338,-0.1047152902391125,-0.49288819465430955,0.9181565198088987,284,0.36971830985915494,252.0,1.2,
NewHigh52w,,,0.05,0.1,7,0.003656969949479505,0.1218166416102766,-0.2613377515518762,1.0101546307773455,423,0.3900709219858156,0.10396005177395784,0.45880672025394353,-0.3724063004253929,1.0636113929751811,660,0.3893939393939394,252.0,1.5,
NewHigh52w,,,0.05,0.1,10,0.006537339618185589,0.13610444902840674,-0.2791075690818007,1.0059274841385466,399,0.37593984962406013,0.07589134254657903,0.38914525901205715,-0.36944416201054564,1.0435018285099047,624,0.3814102564102564,252.0,1.5,
NewHigh52w,,,0.05,0.1,14,0.03916658498023273,0.2912968091602413,-0.23471517957552634,1.0605189437737554,373,0.38605898123324395,0.06161216486291843,0.3540404990698769,-0.3434234119584205,1.0353812929778399,593,0.37268128161888703,252.0,1.5,
NewHigh52w,,,0.05,0.15,7,0.05558190378775563,0.36202308998641364,-0.23309660506714625,1.0939127727176103,390,0.3435897435897436,0.12780233204379643,0.5069072687881605,-0.3110857170327538,1.0936762605177501,567,0.3350970017636684,252.0,1.5,
NewHigh52w,,,0.05,0.15,10,0.15075604137397858,0.7805705813813005,-0.2170408630744779,1.248329628406131,343,0.3498542274052478,0.08315397909563949,0.4059055276020511,-0.41852636555099443,1.0623683507483455,541,0.3123844731977819,252.0,1.5,
NewHigh52w,,,0.05,0.15,14,-0.01664639714886562,0.02562031218792074,-0.24680346578622003,0.9740381061521436,325,0.3046153846153846,0.05272235533285041,0.33401954231962544,-0.3992630680798055,1.0255162663780073,506,0.29051383399209485,252.0,1.5,
NewHigh52w,,,0.05,0.2,7,0.06302971526021262,0.38692607354093056,-0.30697328024433945,1.1118943403255461,360,0.325,0.4406369951749116,1.1119111944993083,-0.26647130114394746,1.2553791904892069,544,0.32536764705882354,252.0,1.5,
NewHigh52w,,,0.05,0.2,10,0.09798935300339617,0.5404871563417838,-0.2642178148760851,1.1743057551543004,318,0.32075471698113206,0.4004119174421459,1.0534275965123827,-0.2897434363282162,1.2345055186519458,503,0.30019880715705766,252.0,1.5,
NewHigh52w,,,0.05,0.2,14,0.04662967470287138,0.32412206809051075,-0.2316680260787466,1.1090620870518573,288,0.2986111111111111,0.36879864570944276,0.9904224679707611,-0.2727248681591232,1.2077767794348138,458,0.27729257641921395,252.0,1.5,
NewHigh52w,,,0.07,0.1,7,-0.01679441304487972,0.031676645134425266,-0.29446196679003134,0.9763313623980973,381,0.4435695538057743,-0.01528583886067103,0.155702667997598,-0.4309240359413882,1.019085638407269,544,0.44485294117647056,252.0,1.5,
NewHigh52w,,,0.07,0.1,10,0.08651200243763868,0.4979895315230305,-0.23406981129194815,1.1542437927775762,334,0.47305389221556887,-0.05199779780432556,0.0427855126255054,-0.5329095645896217,0.97592961532346,500,0.438,252.0,1.5,
NewHigh52w,,,0.07,0.1,14,0.01078025966902807,0.1568506163938569,-0.20884629420947676,1.0308366045357136,314,0.4585987261146497,-0.0408457517534222,0.07209329764418893,-0.475216814059813,0.9931146897024515,465,0.4344086021505376,252.0,1.5,
NewHigh52w,,,0.07,0.15,7,0.044198431958494044,0.3119014810978072,-0.270887835641627,1.0674581012320923,346,0.3988439306358382,-0.006512515700354493,0.18444474062017713,-0.49263968488480614,1.0139076662300657,491,0.37474541751527496,252.0,1.5,
NewHigh52w,,,0.07,0.15,10,0.04668777273725655,0.3242303892371536,-0.22829950099177798,1.0781157022649959,302,0.39072847682119205,-0.06119615346868501,0.036572985703378434,-0.4877121197706321,0.9713239518010671,434,0.3663594470046083,252.0,1.5,
NewHigh52w,,,0.07,0.15,14,0.07327720253208736,0.4423634788936221,-0.2077278486697709,1.1332823677850576,259,0.40540540540540543,0.01318498678583313,0.23607680586427615,-0.42936868114439763,1.0343933904493172,397,0.36523929471032746,252.0,1.5,
NewHigh52w,,,0.07,0.2,7,0.09713708008852384,0.5343184713808915,-0.28111915051100045,1.1705727412068545,318,0.389937106918239,0.18251194653716296,0.622463733910626,-0.3637488013632111,1.132846510444631,451,0.36807095343680707,252.0,1.5,
NewHigh52w,,,0.07,0.2,10,-0.014134036347056456,0.03138559067151096,-0.425020273524392,1.0023334480063908,268,0.3656716417910448,0.017545670981773398,0.2535438555815963,-0.4245309582288087,1.0258004281356365,411,0.3333333333333333,252.0,1.5,
NewHigh52w,,,0.07,0.2,14,0.08343797506334383,0.49285351893843543,-0.19804510317678958,1.1738540488585756,234,0.3803418803418803,0.33995306679758275,0.9212478483290047,-0.2958107542253686,1.2086869459509093,364,0.3489010989010989,252.0,1.5,
NewHigh52w,,,0.1,0.1,7,0.042960741017977755,0.30406411863656707,-0.3580663816729097,1.0732828202068254,333,0.5045045045045045,-0.0007928260131578879,0.2040927515736735,-0.44519319919600087,1.025792977554268,481,0.501039501039501,252.0,1.5,
NewHigh52w,,,0.1,0.1,10,0.1304206180542249,0.7164093964631045,-0.21657274692562056,1.2700630461419766,283,0.5371024734982333,-0.08230302120016386,-0.02657111488077602,-0.44588807768273075,0.9708168209012911,412,0.5,252.0,1.5,
NewHigh52w,,,0.1,0.1,14,0.030746056977108305,0.25516915929828504,-0.37266545562120656,1.0619701674376218,239,0.5146443514644351,-0.16168327632322066,-0.2656158434019908,-0.4576572058332563,0.8828508868347149,383,0.47780678851174935,252.0,1.5,
NewHigh52w,,,0.1,0.15,7,0.06431229074992006,0.39534820654218705,-0.304193575383647,1.1292950463304565,305,0.4524590163934426,-0.03376172393954391,0.12581408862987087,-0.46623466090270327,1.0048923936788716,418,0.43779904306220097,252.0,1.5,
NewHigh52w,,,0.1,0.15,10,0.14336673163239189,0.7498704513411912,-0.2869801245688588,1.2673376911095735,254,0.4566929133858268,0.05580080804006493,0.3451150698547704,-0.4061745748702227,1.0756411261034378,360,0.4527777777777778,252.0,1.5,
NewHigh52w,,,0.1,0.15,14,0.11296285209809387,0.6428082736618838,-0.25086426680717056,1.2161514470523023,206,0.47572815533980584,-0.19116337661679694,-0.3725127717287215,-0.6594203300554131,0.8843805030462503,310,0.3967741935483871,252.0,1.5,
NewHigh52w,,,0.1,0.2,7,0.07786660278832991,0.4481546598331056,-0.31355065194314613,1.1560521255069658,283,0.4169611307420495,0.05100275881910976,0.3406477201127321,-0.34551803493079336,1.065648027287165,394,0.41116751269035534,252.0,1.5,
NewHigh52w,,,0.1,0.2,10,0.14346284581946578,0.7446375449166638,-0.2858447283155765,1.3091583954382118,234,0.4444444444444444,0.19813380134955816,0.6401751231370073,-0.32336297110939893,1.1330773584524196,319,0.4231974921630094,252.0,1.5,
NewHigh52w,,,0.1,0.2,14,0.12142104251971997,0.6533563103471821,-0.28166365063234766,1.2609568812219845,192,0.4427083333333333,-0.015457792783874824,0.17884066689644745,-0.48201383812180343,0.9941577078015137,287,0.3867595818815331,252.0,1.5,
NewHigh52w,,,0.05,0.1,7,-0.025077328721632708,-0.0457923302783805,-0.21217012394343648,0.9693362977543998,356,0.3904494382022472,0.12893420236014097,0.5281488640733284,-0.33891526204156674,1.0916548191305449,572,0.3986013986013986,252.0,2.0,
NewHigh52w,,,0.05,0.1,10,-0.010093909329742523,0.02765792581599748,-0.2373973841756214,0.9994299202366825,336,0.37797619047619047,0.06298256483323028,0.355549489064382,-0.3768524925698439,1.059395995358514,553,0.39059674502712477,252.0,2.0,
NewHigh52w,,,0.05,0.1,14,0.025243095392035952,0.23048761136733972,-0.2005492839785865,1.0559140170889796,323,0.38080495356037153,0.13361766940682962,0.5426526257385147,-0.33463012138603676,1.10124347087252,526,0.3897338403041825,252.0,2.0,
NewHigh52w,,,0.05,0.15,7,0.07317088247161974,0.46327606105095004,-0.18425792271731045,1.1431450046823106,333,0.37237237237237236,0.19098974602216257,0.6660736329457208,-0.28958288667705734,1.1318566473494596,514,0.3404669260700389,252.0,2.0,
NewHigh52w,,,0.05,0.15,10,0.11584247241212209,0.6770530634481856,-0.18410112396456269,1.2378042192507133,303,0.35973597359735976,0.19131711334680435,0.6700027714504562,-0.2961413692010274,1.1399567383950389,462,0.341991341991342,252.0,2.0,
NewHigh52w,,,0.05,0.15,14,0.12199702198322782,0.727831438648183,-0.19347556336798966,1.2537725796044923,288,0.3541666666666667,0.08319128093995087,0.40980445664924536,-0.3726179973287699,1.0435864075118253,425,0.3035294117647059,252.0,2.0,
NewHigh52w,,,0.05,0.2,7,0.0303989563646625,0.2509164387212821,-0.24614729217159714,1.0703616806221568,322,0.33229813664596275,0.4199327360870113,1.1300071222273835,-0.3082730040605963,1.2677772630553312,491,0.32179226069246436,252.0,2.0,
NewHigh52w,,,0.05,0.2,10,0.06126542842298721,0.40467548106765866,-0.1924666101463186,1.1427680725278988,280,0.32142857142857145,0.3780136135354437,1.0577081000633806,-0.3152378769528018,1.2645318255307576,431,0.3225058004640371,252.0,2.0,
NewHigh52w,,,0.05,0.2,14,0.11795205541567988,0.6685305936467423,-0.190269969292151,1.267475692396235,265,0.32452830188679244,0.29291132838076717,0.8878602549194408,-0.3253462596796389,1.206651151772529,402,0.2885572139303483,252.0,2.0,
NewHigh52w,,,0.07,0.1,7,-0.030275223118033767,-0.06306893464587955,-0.27593122286256744,0.9614043422770268,326,0.4447852760736196,-0.015287414868865312,0.14130381380290727,-0.37935985233231373,1.0031708733088138,500,0.452,252.0,2.0,
NewHigh52w,,,0.07,0.1,10,0.020335186826965668,0.20455993720008614,-0.21374739519733932,1.0378606340277605,302,0.45364238410596025,0.008634167605222176,0.21165360740932143,-0.37941438975136554,1.0221861715883487,469,0.4584221748400853,252.0,2.0,
NewHigh52w,,,0.07,0.1,14,0.07070114483850976,0.46672923653279624,-0.19808725874528588,1.145174270032634,277,0.4729241877256318,-0.04509247691106377,0.044090445189915485,-0.4128048717430616,0.9839939299817009,442,0.4343891402714932,252.0,2.0,
NewHigh52w,,,0.07,0.15,7,0.036815322955666474,0.28513602051474596,-0.19598958881348105,1.0725353658547216,305,0.4,0.03236315636066078,0.28227277891572866,-0.34930512160631344,1.0342715644504152,443,0.3927765237020316,252.0,2.0,
NewHigh52w,,,0.07,0.15,10,0.09889098822346676,0.5881528595454931,-0.20971255301791858,1.2078184229731639,263,0.4144486692015209,-0.08244180540819013,-0.03565196697550458,-0.42660869691493586,0.9546368041395036,398,0.3743718592964824,252.0,2.0,
NewHigh52w,,,0.07,0.15,14,0.07137031465290211,0.4617408845170772,-0.19414141429955578,1.1553205495457228,241,0.4066390041493776,-0.1411777954101776,-0.22269867345684213,-0.5640591362331913,0.9140273235280582,358,0.3407821229050279,252.0,2.0,
NewHigh52w,,,0.07,0.2,7,0.06510504205095935,0.4243520765411772,-0.23685129263504656,1.118284293215579,284,0.38028169014084506,0.256056273232663,0.7789244539905187,-0.33846390349396527,1.1722643407365867,420,0.3761904761904762,252.0,2.0,
NewHigh52w,,,0.07,0.2,10,0.09762063260157161,0.6086058940115777,-0.1733073086940229,1.2496724379774484,234,0.4017094017094017,0.0984490063752097,0.442796259057179,-0.34169757963601066,1.0887866860389848,378,0.35978835978835977,252.0,2.0,
NewHigh52w,,,0.07,0.2,14,0.11901410631827969,0.7061611686225227,-0.19512492226092104,1.270789251064086,217,0.4055299539170507,0.15760132439165764,0.5774581590351515,-0.33244377723033325,1.13469615867366,330,0.3484848484848485,252.0,2.0,
NewHigh52w,,,0.1,0.1,7,0.04192469537306498,0.30790699463283405,-0.2881164628449462,1.0870014218958655,292,0.5102739726027398,0.030895377588912254,0.27549158569414134,-0.33211040751387944,1.0486553452033442,432,0.5023148148148148,252.0,2.0,
NewHigh52w,,,0.1,0.1,10,0.10420081861494301,0.6334632428553075,-0.19250382643194497,1.2226935996428685,254,0.531496062992126,-0.0001613902983815807,0.19319464791473293,-0.4031179214079911,1.0324656280206599,389,0.5167095115681234,252.0,2.0,
NewHigh52w,,,0.1,0.1,14,0.16317004734425344,0.9326509323224091,-0.21346726123912518,1.3835207891455674,233,0.5879828326180258,-0.21733553791984483,-0.4985314268754903,-0.5843965993536484,0.869091286644929,346,0.476878612716763,252.0,2.0,
NewHigh52w,,,0.1,0.15,7,0.09122041166961004,0.5203794375001648,-0.2402564514331732,1.15823555627206,274,0.4489051094890511,0.021171918033158876,0.2595718639430484,-0.4770272348580842,1.0462392673916836,383,0.4412532637075718,252.0,2.0,
NewHigh52w,,,0.1,0.15,10,0.13606161336085898,0.7349708853048239,-0.22242888646416892,1.276543915658402,232,0.46120689655172414,-0.09056161134241214,-0.04292746476840125,-0.5347368368892399,0.964085748686007,331,0.4380664652567976,252.0,2.0,
NewHigh52w,,,0.1,0.15,14,0.13159939519190367,0.743183575674782,-0.19263218491717193,1.3230157229697797,194,0.5051546391752577,-0.32232621832533337,-0.8284034363826022,-0.6840784989940714,0.7684737114033292,295,0.3593220338983051,252.0,2.0,
NewHigh52w,,,0.1,0.2,7,0.022839065812400916,0.21455824093501413,-0.37268767749941023,1.0517135017104928,260,0.41923076923076924,0.1398725257155089,0.5289756443337248,-0.433358286338702,1.1469948010076638,368,0.41304347826086957,252.0,2.0,
NewHigh52w,,,0.1,0.2,10,0.07711163290753631,0.4836218987136423,-0.22975720257700094,1.1904285501490668,211,0.44075829383886256,0.10221738441729866,0.4517103943018567,-0.464700567148995,1.1239198097376202,300,0.43333333333333335,252.0,2.0,
NewHigh52w,,,0.1,0.2,14,0.07874686737628767,0.494536591397205,-0.2942457228274886,1.206594540876069,179,0.46368715083798884,0.04764009761681587,0.3317716171702867,-0.5062803595002213,1.0399239895739634,277,0.3971119133574007,252.0,2.0,
Momentum5,,,0.03,0.06,3,-0.12150258130313407,-0.3855793608726108,-0.49990126495264264,0.8940772485424101,1111,0.36633663366336633,-0.2084667543969113,-0.31756798831128535,-0.4773557631200198,0.9149647881643651,1387,0.3684210526315789,,,0.03
Momentum5,,,0.03,0.06,5,-0.09881737223051057,-0.3105335384618505,-0.3985723680168305,0.9091467704860953,1024,0.365234375,-0.12599361747661997,-0.07754212692322823,-0.38184168131773144,0.9480598112141523,1304,0.3696319018404908,,,0.03
Momentum5,,,0.03,0.06,7,-0.0913380583038923,-0.26397289417807535,-0.3654239315380138,0.9169550435987933,985,0.3634517766497462,-0.11365342187581695,-0.0452051628970578,-0.39066596087191274,0.9549282493535923,1281,0.3692427790788447,,,0.03
Momentum5,,,0.03,0.1,3,-0.02319567688615143,0.03545799549509216,-0.27309909980489067,0.976460992928538,961,0.3184183142559833,0.5027493865066237,1.1242732841558476,-0.372728822706453,1.203066552772396,1255,0.3362549800796813,,,0.03
Momentum5,,,0.03,0.1,5,0.02118747540944832,0.2110599505559929,-0.2930079564362025,1.028820717653307,832,0.3016826923076923,0.6794036514537394,1.3606363554477965,-0.30369591153534203,1.2716400523493887,1115,0.3273542600896861,,,0.03
Momentum5,,,0.03,0.1,7,0.05417438571459221,0.3390857168438214,-0.26510510735102066,1.0580061501786142,781,0.293213828425096,0.5924444385113967,1.2594967111463686,-0.3332675668830606,1.2544461098239312,1070,0.31588785046728973,,,0.03
Momentum5,,,0.03,0.15,3,0.10315777265360326,0.5171869189002166,-0.2306043117484352,1.1091917323936278,900,0.31333333333333335,0.8468665869152543,1.5031781073773955,-0.3902595569603874,1.3252722250356943,1140,0.3175438596491228,,,0.03
Momentum5,,,0.03,0.15,5,0.15194729473206436,0.6979166711245443,-0.1969338385186985,1.1724255677824946,734,0.29155313351498635,0.9279569994500667,1.6171090219694824,-0.3357592811045441,1.3800719517390394,953,0.291710388247639,,,0.03
Momentum5,,,0.03,0.15,7,0.14857134811854578,0.683052593491399,-0.1965808524575241,1.1842590567220488,650,0.2723076923076923,0.7328232612603813,1.430475678561833,-0.35826689394510336,1.3280540674172379,895,0.26145251396648045,,,0.03
Momentum5,,,0.05,0.06,3,-0.19094250773986965,-0.7378202822080145,-0.6124900348323864,0.8255832389761522,911,0.4434687156970362,-0.36441757913497264,-0.8271017696348277,-0.679644676497796,0.8419003523202809,1180,0.4491525423728814,,,0.03
Momentum5,,,0.05,0.06,5,-0.15050312360329443,-0.5539759405035011,-0.5141551446834332,0.8618861629775854,799,0.4518147684605757,-0.34381596803175574,-0.7436551210947092,-0.6636200722548177,0.8461397286313926,1070,0.4485981308411215,,,0.03
Momentum5,,,0.05,0.06,7,-0.1527682628277225,-0.5959409821030554,-0.5252023634397153,0.8467321969597733,740,0.44594594594594594,-0.32772656888051177,-0.7218263185951455,-0.6441571212513009,0.8545018773246628,1023,0.45454545454545453,,,0.03
Momentum5,,,0.05,0.1,3,-0.14443529242754605,-0.4802664494039067,-0.5234977492366388,0.871748663221941,814,0.3857493857493858,-0.04809045689834357,0.11498203222391805,-0.5641127295311237,1.010928572923656,1061,0.3986804901036758,,,0.03
Momentum5,,,0.05,0.1,5,-0.058983580048427076,-0.1257657090039414,-0.39042159447276825,0.9392890153644112,659,0.37481031866464337,0.15200652671207227,0.5445191001677658,-0.4482329997062562,1.0917918803357063,908,0.4008810572687225,,,0.03
Momentum5,,,0.05,0.1,7,0.04153197952644838,0.2947553958283964,-0.28810615249828886,1.0553468197561844,578,0.3961937716262976,0.23292261354669508,0.6967951307885482,-0.39367535388153696,1.1153723285032022,842,0.39548693586698336,,,0.03
Momentum5,,,0.05,0.15,3,-0.0024892178970148393,0.1179810852172392,-0.270386323074873,1.0136446530660117,762,0.38451443569553806,0.14566272208580533,0.5289506217585161,-0.560043223701802,1.0832594673275109,984,0.3780487804878049,,,0.03
Momentum5,,,0.05,0.15,5,0.013178479268623589,0.17534359860064472,-0.28373806288062575,1.0365223527562022,583,0.35334476843910806,0.22697950170467962,0.6739326136555451,-0.44391948558380423,1.1253441540688462,789,0.35107731305449935,,,0.03
Momentum5,,,0.05,0.15,7,0.015285557499096214,0.183375211146944,-0.36826450319769966,1.0255111384299676,503,0.3379721669980119,0.34279123337710216,0.8717838417267365,-0.3374795379426512,1.1852697559339358,705,0.3432624113475177,,,0.03
Momentum5,,,0.07,0.06,3,-0.23809410511287676,-1.0347620821789214,-0.7072018754475462,0.7868917263588295,816,0.47671568627450983,-0.39892605747956866,-0.9887758937370509,-0.7134117789275003,0.8304795236916972,1055,0.5023696682464455,,,0.03
Momentum5,,,0.07,0.06,5,-0.113955096553786,-0.354043097845853,-0.4921021025156823,0.8990490776881319,678,0.5117994100294986,-0.35074925754005803,-0.7576240125012083,-0.6892287991210111,0.841451294508255,912,0.5142543859649122,,,0.03
Momentum5,,,0.07,0.06,7,-0.11520020215469651,-0.4000130486202389,-0.4579953279099682,0.8844353520823933,618,0.5161812297734628,-0.31997061621423895,-0.7103215809136268,-0.6627543062487025,0.8456999846801592,839,0.5220500595947557,,,0.03
Momentum5,,,0.07,0.1,3,-0.13534855258170952,-0.4487412645240404,-0.5304353833724136,0.8834999711964634,732,0.430327868852459,0.011205253711627616,0.2609401921313385,-0.4819306786346239,1.024955532288973,954,0.4549266247379455,,,0.03
Momentum5,,,0.07,0.1,5,-0.043688691849845696,-0.04539681056445743,-0.40728330229919174,0.9638563008026151,555,0.43783783783783786,0.056706426601609516,0.3551479883931413,-0.5112095213098129,1.0525994214350884,763,0.45740498034076016,,,0.03
Momentum5,,,0.07,0.1,7,0.028163920855173163,0.23761042675140118,-0.27842960628025815,1.0584718248384004,481,0.44490644490644493,0.026643451033710797,0.2896098284541586,-0.4402751491008572,1.0411595331088253,699,0.4492131616595136,,,0.03
Momentum5,,,0.07,0.15,3,-0.04280039464748775,-0.04093879525827474,-0.4316725015032453,0.97032857975778,688,0.4258720930232558,0.1106428991544457,0.46501762644440664,-0.46897851417110636,1.0697835663492454,870,0.43103448275862066,,,0.03
Momentum5,,,0.07,0.15,5,-0.0011631581765706445,0.1187578985235668,-0.37442915460361337,1.0272615347802168,499,0.4168336673346693,0.32017858479806605,0.8248337573241241,-0.4111388378872163,1.1582192242345986,672,0.41517857142857145,,,0.03
Momentum5,,,0.07,0.15,7,0.09741806699835531,0.5132224720973724,-0.33838035695843516,1.134128428411134,425,0.4,0.10199440677444827,0.44777245333316973,-0.49853861374155584,1.0756221645759017,595,0.3899159663865546,,,0.03
Momentum5,,,0.03,0.06,3,-0.10795484125566213,-0.34139833621616184,-0.45765309235513196,0.9046289919023058,1093,0.3696248856358646,-0.19703264839727075,-0.2967104298567491,-0.47837157108488415,0.9197162802735853,1372,0.3688046647230321,,,0.05
Momentum5,,,0.03,0.06,5,-0.08824415756773552,-0.2717014580341528,-0.38861675522638217,0.9151180180390273,1010,0.36633663366336633,-0.10959797642445368,-0.03582728767236787,-0.3415475726894106,0.9568142723690316,1290,0.3705426356589147,,,0.05
Momentum5,,,0.03,0.06,7,-0.08137452014859747,-0.2279333393446131,-0.3377311752898401,0.9240566639212716,977,0.3664278403275333,-0.10996666672387823,-0.04635984461574194,-0.36913039367003153,0.9549151859830113,1262,0.3692551505546751,,,0.05
Momentum5,,,0.03,0.1,3,-0.05517395220017718,-0.10248652398107858,-0.32788828446767815,0.9499613546731179,958,0.31315240083507306,0.5486526644568657,1.1932213259140003,-0.3553258563156412,1.2187739736850556,1236,0.3389967637540453,,,0.05
Momentum5,,,0.03,0.1,5,0.007102643713678081,0.15397473713991575,-0.2555268636068564,1.0085382294329048,833,0.29891956782713086,0.7872540101762879,1.4975454301228661,-0.285696872958781,1.3026346454809703,1110,0.3324324324324324,,,0.05
Momentum5,,,0.03,0.1,7,0.01799266197106353,0.1963655984629605,-0.26278651660664254,1.0223042727016995,773,0.2897800776196636,0.6685514639701289,1.3681466776370839,-0.311689095891553,1.2731564011373644,1064,0.31860902255639095,,,0.05
Momentum5,,,0.03,0.15,3,0.10787528807097857,0.5345153750075065,-0.21575618272706631,1.1174179161837188,889,0.31046119235095615,0.7934823723512769,1.4551707538516763,-0.3672720204491837,1.3095346879801952,1129,0.31443755535872453,,,0.05
Momentum5,,,0.03,0.15,5,0.1525502096480964,0.7002485978898487,-0.1969338385186985,1.173249305378714,729,0.2908093278463649,0.7771966481621781,1.4573459410305891,-0.31795682660592217,1.3346446698114531,955,0.2848167539267016,,,0.05
Momentum5,,,0.03,0.15,7,0.1506788554813312,0.6869427616047658,-0.1965808524575241,1.1885796902636,646,0.2739938080495356,0.8022390125184433,1.5254304177579503,-0.3366062637978474,1.3537258037952509,878,0.265375854214123,,,0.05
Momentum5,,,0.05,0.06,3,-0.1709590756625059,-0.6517147727367112,-0.5699652506372059,0.8440756960384231,906,0.4492273730684327,-0.33960979173138295,-0.7437563956285049,-0.6570392920686476,0.853316853458148,1170,0.45213675213675214,,,0.05
Momentum5,,,0.05,0.06,5,-0.1854886713141619,-0.7427366441189649,-0.5894365531288185,0.8202741832059687,792,0.43813131313131315,-0.3292301343221209,-0.705631737387651,-0.6504625754582634,0.8484053284559111,1055,0.4483412322274882,,,0.05
Momentum5,,,0.05,0.06,7,-0.16981336575089434,-0.6821986565113887,-0.5626183538600523,0.8277767064020454,742,0.4420485175202156,-0.31958901648309646,-0.7028811511592552,-0.6391789332167964,0.8526978600216412,1017,0.45427728613569324,,,0.05
Momentum5,,,0.05,0.1,3,-0.1325156763098979,-0.4301411189883146,-0.4956642986049621,0.8791843625798991,807,0.3903345724907063,0.031872070341520065,0.29993579053694414,-0.5398439427788744,1.0399198878540794,1061,0.4043355325164939,,,0.05
Momentum5,,,0.05,0.1,5,-0.06573122699709566,-0.16044320648344093,-0.410294497341293,0.9386714560429614,655,0.37251908396946565,0.020265657512505975,0.27652171839267625,-0.4276605512758057,1.0388753474851748,909,0.39163916391639164,,,0.05
Momentum5,,,0.05,0.1,7,0.02045124515903618,0.20448781100365143,-0.2880608413654262,1.033433466620652,576,0.390625,0.22390385235566646,0.6821595140646715,-0.3666002835893877,1.1159829639603442,840,0.3952380952380952,,,0.05
Momentum5,,,0.05,0.15,3,-0.024508412401527457,0.028316231133957447,-0.27271087198188293,0.9875547960626283,759,0.3847167325428195,0.18286186147716954,0.5958078531730524,-0.525256392703102,1.0929908673772413,978,0.3803680981595092,,,0.05
Momentum5,,,0.05,0.15,5,0.01592975191862389,0.18676280905837242,-0.2829101193381828,1.0403367798830403,584,0.3561643835616438,0.21905286042119165,0.6677756898613451,-0.4270950741662394,1.1207555762918513,791,0.347661188369153,,,0.05
Momentum5,,,0.05,0.15,7,0.02796264830789208,0.23662266453013675,-0.3671521486626863,1.0448791681419503,500,0.342,0.37412022020781577,0.9136854119335615,-0.30065522018329305,1.1969907604318712,699,0.3447782546494993,,,0.05
Momentum5,,,0.07,0.06,3,-0.23387278014119428,-0.9997175801930971,-0.6904396469103126,0.7895169956118613,812,0.479064039408867,-0.3461015214744727,-0.7256506452784374,-0.6817441496518566,0.8532721845015452,1050,0.5076190476190476,,,0.05
Momentum5,,,0.07,0.06,5,-0.14055624318468507,-0.45335624622455634,-0.5147646987642391,0.8701879854114326,678,0.5058997050147492,-0.3514945252791064,-0.7739401392059303,-0.7057051270798409,0.8386057964428819,904,0.5132743362831859,,,0.05
Momentum5,,,0.07,0.06,7,-0.12906003856245885,-0.4862482562248734,-0.49429524061888974,0.8723095192296839,618,0.511326860841424,-0.34416215673073647,-0.8926640889502346,-0.6935048636506063,0.838857028636681,825,0.5212121212121212,,,0.05
Momentum5,,,0.07,0.1,3,-0.12881179385096642,-0.42089821612095885,-0.5118935191220733,0.891022637132743,730,0.4328767123287671,0.08623762956259218,0.4163829783717002,-0.4658960222161893,1.0555919488636507,942,0.4607218683651805,,,0.05
Momentum5,,,0.07,0.1,5,-0.030000775370089383,0.006926813646536121,-0.3862627622718714,0.975509188640659,552,0.4384057971014493,0.10833310258389539,0.45973801772129924,-0.49628273331851647,1.07396693831747,762,0.45931758530183725,,,0.05
Momentum5,,,0.07,0.1,7,0.0275042664021794,0.23478121486827966,-0.27842960628025815,1.0585759664395888,480,0.4479166666666667,0.02081341398579073,0.2768625087226365,-0.41930079070613335,1.0284591481735892,693,0.44733044733044736,,,0.05
Momentum5,,,0.07,0.15,3,-0.02613512768346704,0.02564237839527899,-0.3792126746905651,0.9813357692894158,686,0.43002915451895046,0.06385843711802353,0.3741879295300388,-0.48362696125214955,1.0489857096666675,864,0.42939814814814814,,,0.05
Momentum5,,,0.07,0.15,5,0.00169340139150842,0.13016037403362912,-0.3797076471953815,1.0327226372610758,496,0.4213709677419355,0.33624685011217714,0.8510428572754154,-0.3891326777076598,1.1717662139402598,664,0.41566265060240964,,,0.05
Momentum5,,,0.07,0.15,7,0.06910360078485378,0.40537280572542383,-0.33632422313677257,1.0977819002754685,423,0.3971631205673759,0.13111334746404446,0.5043269349117512,-0.4818032175106056,1.0805454843959734,590,0.39152542372881355,,,0.05
Momentum5,,,0.03,0.06,3,-0.11949408849655174,-0.39964197992986344,-0.4481917175768507,0.8878617262807145,1041,0.3659942363112392,-0.18237280368595776,-0.2580235481993405,-0.4545104379313577,0.9214045165453876,1355,0.3682656826568266,,,0.07
Momentum5,,,0.03,0.06,5,-0.10297401927034211,-0.33566246098156816,-0.4162934316244409,0.9015144612795124,984,0.3617886178861789,-0.09350443585171586,0.00521038057381638,-0.3621687299838936,0.9634381316866335,1279,0.3721657544956998,,,0.07
Momentum5,,,0.03,0.06,7,-0.06746632983383227,-0.16709138614921643,-0.32753085751301114,0.9362011779467484,957,0.36886102403343785,-0.09724815022212085,-0.005861889556600758,-0.3709367673206907,0.9641294306126872,1251,0.37090327737809753,,,0.07
Momentum5,,,0.03,0.1,3,-0.05739295807748113,-0.11502456556674664,-0.3187454080704045,0.9453769852505975,918,0.3115468409586057,0.5125948793305852,1.1410741166335483,-0.35647660251804814,1.2067438885192856,1215,0.3374485596707819,,,0.07
Momentum5,,,0.03,0.1,5,0.008843665557588087,0.15942433645698084,-0.27855536981856377,1.0147221854004822,803,0.298879202988792,0.69744389778661,1.3866926253556588,-0.2873547981449014,1.2769665189047588,1095,0.3278538812785388,,,0.07
Momentum5,,,0.03,0.1,7,0.054108917855012484,0.3422522521923901,-0.23757489783616126,1.0644062407160664,747,0.2958500669344043,0.6552945171448981,1.351386235431263,-0.303454865519296,1.2765410955983043,1041,0.31892411143131605,,,0.07
Momentum5,,,0.03,0.15,3,0.10096534219448783,0.5092219521059986,-0.20836915545340906,1.11028382408057,851,0.3125734430082256,0.8532849083874547,1.5247015251200509,-0.36223900005136134,1.3351355127509363,1107,0.3179765130984643,,,0.07
Momentum5,,,0.03,0.15,5,0.2083768154544996,0.8952311981312852,-0.1958659220222576,1.2380079994487039,701,0.29529243937232524,0.8320334167875989,1.5206740926326778,-0.30840267600013105,1.3469683356298803,947,0.28722280887011614,,,0.07
Momentum5,,,0.03,0.15,7,0.1795965398683219,0.7989831259143874,-0.17865613211919218,1.2174579117874937,628,0.2786624203821656,0.7426207103425355,1.4401623916980295,-0.3320118178382494,1.3312731001328229,875,0.26171428571428573,,,0.07
Momentum5,,,0.05,0.06,3,-0.19336229609653188,-0.7426361242279506,-0.6168867701758969,0.8229263692650495,878,0.4407744874715262,-0.32415192731232045,-0.6954792950551939,-0.6390645390026575,0.8616092378739549,1161,0.45219638242894056,,,0.07
Momentum5,,,0.05,0.06,5,-0.170151435865312,-0.703695991532111,-0.5567689681433129,0.8324334873885648,775,0.44,-0.32262989891840965,-0.69986378131485,-0.6472939717001384,0.8527014648245818,1053,0.4482431149097816,,,0.07
Momentum5,,,0.05,0.06,7,-0.15350354017422152,-0.6104838674961861,-0.5274571119936555,0.8418826195469965,728,0.44368131868131866,-0.32265191192516574,-0.7195129754319833,-0.6484293282509923,0.8500468986452846,1014,0.4526627218934911,,,0.07
Momentum5,,,0.05,0.1,3,-0.12596081824772276,-0.4104762742081307,-0.48033928934356307,0.8848148844502837,775,0.3896774193548387,-0.01682183626417233,0.18960404114585747,-0.5380684299313052,1.0187992628652682,1047,0.40114613180515757,,,0.07
Momentum5,,,0.05,0.1,5,-0.0769900131981115,-0.21294544532573204,-0.41210123500788454,0.9185574877122623,633,0.3712480252764613,0.07102774704351433,0.3830347170367979,-0.41314139410530415,1.053707667909059,895,0.39329608938547483,,,0.07
Momentum5,,,0.05,0.1,7,0.04358080862031999,0.3030739655119443,-0.3404268422255894,1.0592882304907285,563,0.3960923623445826,0.1823002081081031,0.6026684127834993,-0.38998866446450886,1.097305849688573,832,0.3918269230769231,,,0.07
Momentum5,,,0.05,0.15,3,0.008925169374427444,0.16215903951085398,-0.23924364697091938,1.0228281591299182,728,0.385989010989011,0.24083534707854515,0.699385512762671,-0.4991152584538908,1.1130832383788323,968,0.38326446280991733,,,0.07
Momentum5,,,0.05,0.15,5,0.019889782045634963,0.20281063511510972,-0.28456155129101524,1.0381469107178543,564,0.3546099290780142,0.3064704397036857,0.8158265047550078,-0.3911593884215995,1.154292638692677,789,0.35107731305449935,,,0.07
Momentum5,,,0.05,0.15,7,0.029329686200161298,0.24218413990049203,-0.33770349868435956,1.0471103240660111,500,0.34,0.30993853173112074,0.8215395609059504,-0.2930452515565467,1.1607859176993167,702,0.33903133903133903,,,0.07
Momentum5,,,0.07,0.06,3,-0.22465218845051382,-0.9386159810707316,-0.6681581310584401,0.7936454299730312,790,0.479746835443038,-0.3556330745184123,-0.7676861931404998,-0.7062055470018516,0.8524241200806962,1045,0.507177033492823,,,0.07
Momentum5,,,0.07,0.06,5,-0.11382955131881922,-0.3618622208162861,-0.4770948489547103,0.8942555190862326,666,0.5105105105105106,-0.3041239419084435,-0.6268141888453156,-0.6668188762145041,0.8656588869727623,909,0.5214521452145214,,,0.07
Momentum5,,,0.07,0.06,7,-0.10292756690016569,-0.30592367070125426,-0.4476959083241243,0.8922421766388099,608,0.5197368421052632,-0.3472690153509985,-0.8901548749885897,-0.7025388073896439,0.8327456552609774,831,0.5186522262334536,,,0.07
Momentum5,,,0.07,0.1,3,-0.1286175202417491,-0.43269365197581805,-0.5179259001013143,0.8869721566294098,709,0.4315937940761636,0.09444709534731399,0.43223325997008644,-0.452451699959453,1.0533910775049462,929,0.4564047362755651,,,0.07
Momentum5,,,0.07,0.1,5,-0.04269372934070703,-0.04544863759978669,-0.38850846364832203,0.9630988271743284,548,0.43795620437956206,0.1719385422884745,0.581451780920891,-0.4841056276106672,1.0909500445150746,759,0.463768115942029,,,0.07
Momentum5,,,0.07,0.1,7,0.05733134739266732,0.3569769626823877,-0.2931990986140761,1.0829806051853201,482,0.45020746887966806,0.042183205782753364,0.3246084890708394,-0.4214628908899477,1.0396604077547795,691,0.45007235890014474,,,0.07
Momentum5,,,0.07,0.15,3,0.01009024245146617,0.16909890511985373,-0.3669237106122808,1.0158755205048595,664,0.4352409638554217,0.17758456340708428,0.5868250792117242,-0.4625452553089282,1.0934137074280372,854,0.4344262295081967,,,0.07
Momentum5,,,0.07,0.15,5,0.023051322179744593,0.2171575008676092,-0.34880069535988356,1.055437877751443,495,0.41818181818181815,0.3802352579226054,0.9192693555086475,-0.4082453042958467,1.1850689565622172,659,0.4157814871016692,,,0.07
Momentum5,,,0.07,0.15,7,0.10643228489490864,0.5559522402771012,-0.3419161320467895,1.1531008233804834,417,0.41247002398081534,0.046387941117653764,0.33598113836955096,-0.4485135169174308,1.038029543395256,588,0.38095238095238093,,,0.07
Momentum5,,,0.03,0.06,3,-0.08480757274304906,-0.2746725406955245,-0.4032939876575623,0.9120041879409575,890,0.36966292134831463,-0.11518460564962807,-0.0723529061807397,-0.38523947486089116,0.9476020784368107,1286,0.37558320373250387,,,0.1
Momentum5,,,0.03,0.06,5,-0.05750950082518702,-0.14213029789252862,-0.3624585833035764,0.9385167898835788,862,0.3689095127610209,-0.0857318716107035,0.010901808794498624,-0.348937437851638,0.9688050447136217,1233,0.37388483373884834,,,0.1
Momentum5,,,0.03,0.06,7,-0.04616870404925133,-0.08730650464264228,-0.3334409520003623,0.9552806789656335,853,0.3704572098475967,-0.07485190072377423,0.03397874227291711,-0.32724534054762766,0.9714108812383678,1214,0.3723228995057661,,,0.1
Momentum5,,,0.03,0.1,3,0.016754717168594002,0.19102901212961174,-0.23606264599292348,1.0281230757047246,797,0.3174404015056462,0.47031974628801043,1.1177191674533011,-0.3084854109975599,1.1998606460089112,1154,0.33708838821490467,,,0.1
Momentum5,,,0.03,0.1,5,0.04333029204554961,0.30197519564557046,-0.24915100832055892,1.056054437200933,718,0.2994428969359331,0.5980489900286852,1.2910723128270343,-0.3139341766336282,1.259409422388185,1057,0.3254493850520341,,,0.1
Momentum5,,,0.03,0.1,7,0.09129036703257687,0.4948631088204736,-0.2353289111607202,1.11846944273774,678,0.3023598820058997,0.5915395926060707,1.3034451648839338,-0.31030399134475073,1.2666012485174072,1004,0.3197211155378486,,,0.1
Momentum5,,,0.03,0.15,3,0.18795615240997843,0.8408887173570431,-0.19776505027266966,1.221621980631249,733,0.31923601637107774,0.6647700351069294,1.3505833668015228,-0.3054722631979129,1.2867225001633626,1052,0.3051330798479088,,,0.1
Momentum5,,,0.03,0.15,5,0.20355633744599655,0.8960348889407468,-0.19271982690249467,1.2604936432059783,630,0.2984126984126984,0.974939263256043,1.715342095695538,-0.2759893587443395,1.3952528189056088,918,0.2908496732026144,,,0.1
Momentum5,,,0.03,0.15,7,0.22452996641595346,0.9589477128936357,-0.16484167298839125,1.3003257636975742,574,0.29094076655052264,0.8812466983567708,1.6475376790576681,-0.2611109382487925,1.392077982059286,840,0.2726190476190476,,,0.1
Momentum5,,,0.05,0.06,3,-0.1580724154578298,-0.6287646910353963,-0.5373256568217104,0.843661532686785,778,0.4473007712082262,-0.3395736541110952,-0.7542165051696997,-0.6730588216873236,0.8465972056009007,1123,0.44968833481745324,,,0.1
Momentum5,,,0.05,0.06,5,-0.15459357602487456,-0.6023792459697758,-0.5209498423566148,0.8390781367133785,713,0.44460028050490885,-0.3060001020009925,-0.6577405004951179,-0.6257779517484444,0.8590162568966516,1029,0.4518950437317784,,,0.1
Momentum5,,,0.05,0.06,7,-0.17436748004344615,-0.7226857501456468,-0.5701623130124198,0.8086560002583579,684,0.43567251461988304,-0.30539966595012746,-0.6838658894213834,-0.6233007621312265,0.8574497350115811,1004,0.4551792828685259,,,0.1
Momentum5,,,0.05,0.1,3,-0.10340478146018772,-0.34490842043016157,-0.43022756347479707,0.9082285681644995,698,0.3868194842406877,0.024433509641459628,0.2845311787147025,-0.43374857870315764,1.0258474981900583,1010,0.401980198019802,,,0.1
Momentum5,,,0.05,0.1,5,-0.07041158207002307,-0.20782117386282253,-0.37403905133314463,0.9221830231077993,596,0.3724832214765101,0.02778194211703422,0.2905663037328555,-0.4128151107322423,1.0299253504147217,893,0.387458006718925,,,0.1
Momentum5,,,0.05,0.1,7,-0.016163845336299776,0.04520002730224934,-0.2919231499961783,0.9869359422314012,556,0.3776978417266187,0.14131792144944577,0.5264160179968864,-0.3718176531960541,1.0788841431611167,824,0.3895631067961165,,,0.1
Momentum5,,,0.05,0.15,3,-0.000324785070936473,0.11825632635827468,-0.32603050247285426,1.017976448183025,652,0.37576687116564417,0.30245371143510713,0.8060064273559135,-0.35119036216954436,1.1323613409779012,935,0.38181818181818183,,,0.1
Momentum5,,,0.05,0.15,5,0.09582195953253803,0.5202402491201521,-0.20907569029847173,1.1226569208499397,532,0.37218045112781956,0.403714630430426,0.9805979576067511,-0.3766196481630134,1.184483948140451,768,0.3580729166666667,,,0.1
Momentum5,,,0.05,0.15,7,0.05640282687147513,0.35574567677704055,-0.24073470789617113,1.0701987069453658,480,0.3458333333333333,0.3221244850377314,0.8483001018892927,-0.2842798192811442,1.1781605912927904,684,0.34502923976608185,,,0.1
Momentum5,,,0.07,0.06,3,-0.2213909799750582,-0.9050009111792531,-0.6654079454982318,0.7903421963810886,722,0.4792243767313019,-0.31388955153018183,-0.6689782343554578,-0.6727117431000367,0.8587260209372762,1004,0.5089641434262948,,,0.1
Momentum5,,,0.07,0.06,5,-0.17853100465776517,-0.7095287868709494,-0.5856142963669151,0.8178673524964525,630,0.49523809523809526,-0.1826207724671518,-0.2567035612618045,-0.5445492568084714,0.9158793818159795,889,0.5354330708661418,,,0.1
Momentum5,,,0.07,0.06,7,-0.15031085037925063,-0.5557647956576721,-0.5489012172846927,0.8361246360481237,587,0.5059625212947189,-0.29287522877066774,-0.6281836193681893,-0.6331517501410187,0.8668311431663681,832,0.5288461538461539,,,0.1
Momentum5,,,0.07,0.1,3,-0.1500249371976412,-0.5550317905381276,-0.5523439222052637,0.8707500352321812,643,0.4152410575427683,0.04877595798138401,0.3386649300274718,-0.4335176999168182,1.0354088268544737,908,0.45484581497797355,,,0.1
Momentum5,,,0.07,0.1,5,-0.10395411839880442,-0.34700137961813665,-0.4936197052982463,0.8889447380150484,519,0.42196531791907516,0.19017260971129413,0.6190040180321221,-0.4108839845660053,1.1029666560177165,741,0.4669365721997301,,,0.1
Momentum5,,,0.07,0.1,7,0.012472754381927409,0.1720249883929964,-0.288237277754369,1.0332942954395918,476,0.4411764705882353,0.021060594935512045,0.2760246772779777,-0.3600300857520705,1.0273054299890785,680,0.4485294117647059,,,0.1
Momentum5,,,0.07,0.15,3,-0.0748441034966526,-0.20831547742174522,-0.4841678464041804,0.9409644196050061,603,0.40630182421227196,0.20215061411536306,0.6321396002248985,-0.37795997315182117,1.1058153339797379,831,0.43441636582430804,,,0.1
Momentum5,,,0.07,0.15,5,0.024377741991910895,0.2229909797281037,-0.37250969135030043,1.047563058465913,471,0.4182590233545648,0.28858203537106886,0.7809821107332477,-0.3535100327806666,1.1646165413997462,647,0.42040185471406494,,,0.1
Momentum5,,,0.07,0.15,7,0.04792772330351336,0.31822702085594023,-0.2681730373184841,1.0697209448234042,419,0.39618138424821003,0.09233559556604987,0.4287532619495603,-0.32940748951913723,1.0603406470798054,575,0.38956521739130434,,,0.1
