code,entry_date,exit_date,entry_price,exit_price,shares,pnl_krw,pnl_pct,hold_days,reason
005380,2020-10-23,2020-10-26,163500.0,173310.0,12,109332.28715400002,0.05566089861745516,1,target
000270,2020-10-23,2020-10-26,45250.0,47965.0,44,110948.30974699999,0.05566089861745516,1,target
207940,2020-10-26,2020-10-29,942528.0,999079.68,2,105044.5891403521,0.05566089861745516,3,target
005930,2020-10-23,2020-10-30,60400.0,57380.0,33,-107534.72957699979,-0.05388881727680894,5,stop
009150,2020-10-23,2020-10-30,138000.0,133500.0,14,-70731.99524999992,-0.036568704091945126,5,time
066570,2020-10-23,2020-10-30,89000.0,84550.0,22,-105635.6615050002,-0.053888817276809164,5,stop
006400,2020-10-26,2020-10-30,412172.0,436902.32,5,114841.25244862004,0.05566089861745516,4,target
007660,2020-11-09,2020-11-10,3429.0,3634.7400000000002,591,112928.71757226298,0.05566089861745516,1,target
178320,2020-11-09,2020-11-10,20976.0,22234.56,96,112213.0424632323,0.05566089861745538,1,target
196170,2020-11-09,2020-11-11,93365.0,88696.75,21,-105779.44038033788,-0.053888817276809275,2,stop
028260,2020-11-10,2020-11-11,116000.0,122960.0,18,116353.62669599988,0.05566089861745516,1,target
009150,2020-11-10,2020-11-13,140500.0,148930.0,15,117440.26257749973,0.055660898617454935,3,target
064350,2020-11-09,2020-11-16,15500.0,15850.0,130,37107.99072499992,0.01839471960357053,5,time
001440,2020-11-09,2020-11-16,7340.0,7780.400000000001,276,112889.76585528022,0.05566089861745516,5,target
207940,2020-11-11,2020-11-18,1093797.0,1159424.82,1,60951.74703984917,0.05566089861745538,5,target
035420,2020-11-11,2020-11-18,281000.0,281000.0,7,-8061.159400000004,-0.004093491870325372,5,time
267260,2020-11-13,2020-11-18,16350.0,17331.0,207,188598.19534065016,0.05566089861745516,3,target
028260,2020-11-16,2020-11-23,121500.0,122500.0,17,8485.051049999893,0.004103269513457963,5,time
012450,2020-11-16,2020-11-23,27910.0,27910.0,75,-8578.557150000008,-0.004093491870325372,5,time
010120,2020-11-18,2020-11-23,10640.0,11278.400000000001,210,124511.75454480015,0.05566089861745516,3,target
068270,2020-11-18,2020-11-24,245554.0,260287.24000000002,9,123151.28642116208,0.05566089861745516,4,target
298040,2020-11-18,2020-11-25,61700.0,62000.0,36,1665.2392199998721,0.0007488412324121452,5,time
207940,2020-11-23,2020-11-30,1170887.0,1143252.0,1,-32352.05974165001,-0.0275986433940536,5,time
105560,2020-11-23,2020-11-30,45800.0,45350.0,47,-29909.434062499553,-0.013878599482953002,5,time
012330,2020-11-23,2020-11-30,239500.0,244000.0,9,31546.933875000104,0.01461873897135968,5,time
009830,2020-11-24,2020-12-01,59861.0,56867.95,57,-184084.2752814074,-0.05388881727680905,5,stop
011070,2020-11-25,2020-12-02,162000.0,156500.0,13,-79920.02362500015,-0.037905132578431644,5,time
034730,2020-11-30,2020-12-02,222000.0,235320.0,8,98967.4525919999,0.05566089861745516,2,target
000660,2020-12-01,2020-12-02,98600.0,104516.0,34,186812.21175080026,0.05566089861745516,1,target
028260,2020-11-30,2020-12-07,123000.0,123000.0,15,-7561.179000000004,-0.004093491870325372,5,time
055550,2020-11-30,2020-12-07,34050.0,34050.0,54,-7535.36034000013,-0.004093491870325372,5,time
034020,2020-12-02,2020-12-07,14719.0,13983.05,168,-133409.1004516203,-0.053888817276809164,3,stop
012450,2020-12-02,2020-12-09,26941.0,26943.0,92,-9974.226211600006,-0.004019559461867606,5,time
012330,2020-12-02,2020-12-09,242500.0,241500.0,10,-19908.654499999713,-0.008200322831684703,5,time
267260,2020-12-07,2020-12-11,15500.0,16430.0,130,112285.7077550001,0.05566089861745516,4,target
032830,2020-12-07,2020-12-14,72800.0,75300.0,27,59245.58470499981,0.030106594260501218,5,time
006400,2020-12-07,2020-12-14,540426.0,537489.0,3,-15429.346231049625,-0.009505846964966813,5,time
005380,2020-12-09,2020-12-16,188000.0,190000.0,14,17130.99220000021,0.006501258216160544,5,time
009150,2020-12-09,2020-12-16,162000.0,169500.0,16,109023.6996000004,0.04201329091345607,5,time
034020,2020-12-16,2020-12-17,13947.0,13249.65,192,-144470.74036463955,-0.05388881727680894,1,stop
207940,2020-12-11,2020-12-18,1201432.0,1166523.0,1,-39729.79514495004,-0.03303071036650229,5,time
000660,2020-12-14,2020-12-21,116000.0,116000.0,20,-9507.823999999557,-0.00409349187032515,5,time
006800,2020-12-14,2020-12-21,9956.0,9458.199999999999,235,-126226.52287884988,-0.05388881727680905,5,stop
032830,2020-12-16,2020-12-22,75200.0,79712.0,35,146667.98154400056,0.05566089861745538,4,target
028260,2020-12-17,2020-12-23,128500.0,136210.0,20,143213.03669000044,0.05566089861745538,4,target
005930,2020-12-18,2020-12-24,73300.0,77698.0,16,65354.182657599915,0.05566089861745516,4,target
207940,2020-12-21,2020-12-29,1166523.0,1195614.0,1,24224.593718850054,0.020742637574186595,5,time
105560,2020-12-21,2020-12-29,45200.0,43400.0,50,-98996.60749999993,-0.04375348555690528,5,time
005380,2020-12-22,2020-12-30,186000.0,192000.0,20,104400.93000000017,0.028032524520954505,5,time
000660,2020-12-23,2021-01-04,113000.0,119780.0,25,157422.89052500017,0.05566089861745516,5,target
034020,2020-12-24,2021-01-04,12499.0,13248.94,103,71740.09097104915,0.05566089861745516,4,target
012330,2020-12-29,2021-01-04,252000.0,267120.0,6,84256.07450400013,0.05566089861745516,2,target
032830,2020-12-30,2021-01-05,78800.0,74860.0,52,-221068.78783600032,-0.053888817276809164,2,stop
010130,2021-01-04,2021-01-05,404000.0,428240.0,4,90051.46587199997,0.05566089861745516,1,target
068270,2020-12-29,2021-01-07,313547.0,310939.0,5,-19426.44900500006,-0.012377175570702614,5,time
105560,2021-01-04,2021-01-07,43150.0,45739.0,45,108203.85758474981,0.055660898617454935,3,target
267250,2021-01-05,2021-01-08,55000.0,58300.0,55,168567.87392499996,0.05566089861745516,3,target
009150,2021-01-07,2021-01-08,177000.0,187620.0,10,98633.1030900001,0.05566089861745516,1,target
000270,2021-01-07,2021-01-08,62400.0,66144.0,29,100839.80980319995,0.05566089861745516,1,target
000810,2021-01-04,2021-01-11,186000.0,184000.0,10,-27563.690999999875,-0.01480216400075185,5,time
034020,2021-01-08,2021-01-11,13898.0,13203.099999999999,168,-125967.77485404024,-0.053888817276809164,1,stop
035420,2021-01-08,2021-01-11,293500.0,311110.0,7,114486.84197649988,0.05566089861745516,1,target
000150,2021-01-05,2021-01-12,51600.0,50200.0,59,-94833.05114999972,-0.031114211083145937,5,time
047810,2021-01-11,2021-01-12,28400.0,26980.0,76,-116447.40132400021,-0.053888817276809164,1,stop
015760,2021-01-11,2021-01-13,27000.0,25650.0,80,-116533.72259999951,-0.05388881727680883,2,stop
034730,2021-01-12,2021-01-14,288500.0,305810.0,8,128613.10843600007,0.05566089861745516,2,target
042700,2021-01-08,2021-01-15,8800.0,9328.0,266,130440.88571360009,0.05566089861745516,5,target
010140,2021-01-11,2021-01-18,6805.0,6464.75,318,-116748.98628202523,-0.053888817276809164,5,stop
005930,2021-01-14,2021-01-18,88700.0,84265.0,28,-133992.20067099994,-0.05388881727680905,2,stop
005380,2021-01-15,2021-01-18,252000.0,239400.0,9,-122360.40872999979,-0.05388881727680894,1,stop
055550,2021-01-12,2021-01-19,33050.0,33050.0,75,-10158.41324999975,-0.004093491870325261,5,time
012330,2021-01-18,2021-01-19,318000.0,337080.0,7,124043.66524200002,0.05566089861745516,1,target
000660,2021-01-13,2021-01-20,129000.0,130500.0,17,16437.47212500032,0.0074868163637407115,5,time
009150,2021-01-19,2021-01-20,198500.0,210410.0,15,165920.9403675003,0.05566089861745516,1,target
034020,2021-01-19,2021-01-21,12547.0,13299.820000000002,237,165705.78646296356,0.05566089861745538,2,target
009540,2021-01-20,2021-01-22,111500.0,105925.0,24,-144372.33411000017,-0.053888817276809164,2,stop
000150,2021-01-21,2021-01-22,56000.0,59360.0,59,184115.12576800026,0.05566089861745516,1,target
207940,2021-01-18,2021-01-25,1153434.0,1149070.0,1,-9078.13792860019,-0.007861489000181132,5,time
105560,2021-01-18,2021-01-25,45200.0,44100.0,50,-64099.789249999914,-0.028330154678790853,5,time
068270,2021-01-20,2021-01-26,274406.0,290870.36,9,137621.2641687179,0.05566089861745516,4,target
267260,2021-01-22,2021-01-28,18600.0,17670.0,163,-163568.02786049945,-0.05388881727680894,4,stop
005490,2021-01-25,2021-01-28,262000.0,248900.0,6,-84810.65366999991,-0.05388881727680905,3,stop
086790,2021-01-25,2021-01-28,36050.0,34247.5,46,-89466.6074942497,-0.05388881727680894,3,stop
028260,2021-01-26,2021-01-28,146500.0,139175.0,18,-142268.25300749997,-0.05388881727680905,2,stop
006800,2021-01-22,2021-01-29,9897.0,9458.0,306,-146349.30158370035,-0.0482687931807152,5,time
032830,2021-01-28,2021-01-29,74500.0,70775.0,28,-112541.3635849997,-0.05388881727680894,1,stop
005380,2021-01-28,2021-02-01,238000.0,226100.0,8,-102722.31844000006,-0.053888817276809164,2,stop
009150,2021-01-29,2021-02-01,214000.0,203300.0,12,-138545.64797999943,-0.05388881727680883,1,stop
034020,2021-01-29,2021-02-01,12258.0,11645.1,211,-139540.39278430445,-0.05388881727680883,1,stop
000660,2021-01-28,2021-02-02,124000.0,131440.0,17,117468.12503599981,0.055660898617454935,3,target
028260,2021-02-01,2021-02-03,129000.0,136740.0,17,122204.74298100034,0.05566089861745538,2,target
005930,2021-01-28,2021-02-04,83200.0,82500.0,25,-25972.665124999825,-0.012472512972377836,5,time
032830,2021-02-01,2021-02-08,70000.0,72700.0,31,74560.15421500057,0.0343200448718195,5,time
207940,2021-02-01,2021-02-08,1165069.0,1169433.0,1,-423.55106600001454,-0.0003631239680998988,5,time
015760,2021-02-02,2021-02-09,23050.0,24433.0,147,188815.52251694957,0.055660898617454935,5,target
018260,2021-02-03,2021-02-10,195500.0,194500.0,11,-19780.750549999997,-0.009187642807049978,5,time
068270,2021-02-04,2021-02-10,300066.0,285062.7,7,-113321.60001844517,-0.053888817276809164,4,stop
009150,2021-02-08,2021-02-17,206000.0,201000.0,8,-46635.91159999976,-0.028265979931725083,5,time
034730,2021-02-08,2021-02-17,310000.0,298500.0,5,-63682.69712499995,-0.041038410720297125,5,time
012450,2021-02-09,2021-02-18,43494.0,43241.0,90,-38745.11287349975,-0.009886574745131216,5,time
000270,2021-02-17,2021-02-18,85700.0,81415.0,18,-83224.50022349996,-0.05388881727680905,1,stop
005930,2021-02-10,2021-02-19,82600.0,82600.0,25,-8462.783000000287,-0.004093491870325483,5,time
028260,2021-02-10,2021-02-19,132000.0,125400.0,15,-106822.57905000006,-0.05388881727680905,5,stop
034020,2021-02-17,2021-02-19,11341.0,10773.949999999999,140,-85659.83922265004,-0.053888817276809164,2,stop
000660,2021-02-19,2021-02-22,129000.0,136740.0,15,107827.71439500037,0.05566089861745538,1,target
034020,2021-02-22,2021-02-23,11051.0,10498.449999999999,206,-122819.31421353482,-0.05388881727680905,1,stop
009150,2021-02-19,2021-02-24,199000.0,189050.0,9,-96625.8783224998,-0.05388881727680894,3,stop
005380,2021-02-18,2021-02-25,241000.0,245000.0,11,33005.957600000314,0.012436076729337442,5,time
207940,2021-02-18,2021-02-25,1140342.0,1127251.0,2,-35451.513323700055,-0.015526388403054647,5,time
105560,2021-02-19,2021-02-26,43650.0,43800.0,44,-1290.4600500003435,-0.0006711327358592811,5,time
012450,2021-02-25,2021-02-26,39675.0,37691.25,62,-132710.86923037516,-0.053888817276809164,1,stop
319400,2021-02-26,2021-03-02,5120.0,5427.200000000001,422,120401.48466688022,0.05566089861745516,1,target
263750,2021-02-26,2021-03-02,57000.0,60420.0,37,117523.84995299997,0.05566089861745516,1,target
028260,2021-02-23,2021-03-03,124000.0,124000.0,17,-8639.005600000266,-0.004093491870325483,5,time
005930,2021-02-24,2021-03-04,81800.0,82400.0,21,5522.966610000236,0.0032114458421172998,5,time
032830,2021-02-25,2021-03-05,75400.0,79924.0,32,134453.07973759994,0.05566089861745516,5,target
010120,2021-03-03,2021-03-05,11520.0,10944.0,207,-128653.22975039948,-0.05388881727680883,2,stop
272210,2021-03-04,2021-03-05,17569.0,16690.55,98,-92890.43300519488,-0.05388881727680905,1,stop
051910,2021-03-05,2021-03-08,853000.0,904180.0,2,95066.7084019999,0.05566089861745516,1,target
307950,2021-03-05,2021-03-08,125000.0,118750.0,17,-114645.44468749966,-0.05388881727680894,1,stop
010130,2021-03-02,2021-03-09,408500.0,397500.0,5,-63208.43075000006,-0.03091104778079401,5,time
064760,2021-03-02,2021-03-09,159000.0,161600.0,14,27170.09778000042,0.012191771784625605,5,time
000660,2021-03-08,2021-03-09,143000.0,135850.0,14,-108009.49659500015,-0.053888817276809164,1,stop
042660,2021-03-05,2021-03-12,22032.0,23353.920000000002,97,119089.943020368,0.05566089861745516,5,target
005930,2021-03-08,2021-03-15,82900.0,81800.0,25,-35912.44812499988,-0.01730817412536323,5,time
005380,2021-03-09,2021-03-16,230500.0,234000.0,9,22905.420525000198,0.011028732765049343,5,time
028260,2021-03-09,2021-03-16,120000.0,124000.0,17,59439.20460000029,0.02910339173399734,5,time
012330,2021-03-09,2021-03-16,299500.0,303500.0,7,19325.57830000017,0.00920742977414446,5,time
058470,2021-03-16,2021-03-17,28832.0,30561.920000000002,73,117286.23890691297,0.0556608986174556,1,target
055550,2021-03-12,2021-03-19,35200.0,35450.0,67,7035.425282500219,0.00297970776127765,5,time
006400,2021-03-17,2021-03-19,665742.0,632454.9,3,-107751.93548773509,-0.053888817276809164,2,stop
032830,2021-03-15,2021-03-22,78300.0,77000.0,26,-42043.47147000022,-0.02062833811002629,5,time
000810,2021-03-16,2021-03-23,191500.0,185000.0,11,-79922.07272500033,-0.037897107028774024,5,time
161390,2021-03-16,2021-03-23,45400.0,44250.0,46,-61302.72903499985,-0.02932019857405055,5,time
000660,2021-03-23,2021-03-24,139000.0,132050.0,14,-104988.2519349996,-0.05388881727680883,1,stop
005380,2021-03-23,2021-03-25,229500.0,218025.0,8,-99053.66420999984,-0.05388881727680894,2,stop
028260,2021-03-19,2021-03-26,120000.0,123000.0,18,44988.69330000039,0.020804170832916746,5,time
105560,2021-03-19,2021-03-26,51700.0,53200.0,43,55199.142355000135,0.024801281092817984,5,time
034020,2021-03-22,2021-03-26,11678.0,12378.68,182,118437.51569213253,0.05566089861745538,4,target
009150,2021-03-24,2021-03-31,184000.0,187500.0,11,30091.743275000248,0.014850381925619605,5,time
005930,2021-03-25,2021-04-01,81000.0,82900.0,22,34373.779110000236,0.019267278073457295,5,time
012330,2021-04-07,2021-04-08,297000.0,314820.0,7,115852.1024429996,0.055660898617454935,1,target
034730,2021-04-07,2021-04-09,278500.0,295210.0,7,108635.72569149989,0.05566089861745516,2,target
006400,2021-04-07,2021-04-13,638328.0,676627.68,3,106712.3244563283,0.05566089861745538,4,target
009150,2021-04-07,2021-04-14,192500.0,190500.0,11,-30613.08139999979,-0.014440572474269886,5,time
000270,2021-04-07,2021-04-14,84600.0,86000.0,25,26229.12525000004,0.012387230486430534,5,time
005380,2021-04-08,2021-04-15,229000.0,230500.0,11,6127.991375000216,0.002429913204760048,5,time
000150,2021-04-14,2021-04-15,49150.0,52099.0,42,115032.94616309949,0.055660898617454935,1,target
012330,2021-04-14,2021-04-21,304000.0,298500.0,6,-40377.83114999998,-0.022111537247671453,5,time
006800,2021-04-14,2021-04-21,10155.0,9837.0,208,-74605.38614879968,-0.03527992905252475,5,time
298040,2021-04-14,2021-04-21,72600.0,75500.0,29,75223.71871499997,0.03568789757287094,5,time
055550,2021-04-15,2021-04-22,37200.0,37200.0,67,-10214.35367999971,-0.004093491870325261,5,time
042660,2021-04-15,2021-04-22,25275.0,26030.0,99,64270.02950775018,0.02565564417865218,5,time
009540,2021-04-22,2021-04-26,137000.0,145220.0,20,152686.2725800001,0.05566089861745516,2,target
005380,2021-04-21,2021-04-28,227500.0,221500.0,8,-55317.21760000009,-0.030359158018800292,5,time
034020,2021-04-21,2021-04-28,13416.0,13754.0,150,42303.31618500012,0.02099717597015105,5,time
010130,2021-04-21,2021-04-28,418000.0,427000.0,4,29041.67980000004,0.017349471223375712,5,time
096770,2021-04-22,2021-04-29,262714.0,270586.0,10,67721.384356,0.025747993669070324,5,time
009150,2021-04-26,2021-04-30,193000.0,183350.0,16,-166600.06267999997,-0.05388881727680905,4,stop
034730,2021-04-28,2021-05-03,288500.0,274075.0,6,-93388.8304725003,-0.053888817276809275,3,stop
012450,2021-04-28,2021-05-04,39573.0,37594.35,46,-98209.76583550498,-0.05388881727680905,4,stop
012330,2021-04-28,2021-05-06,279000.0,274500.0,6,-33780.78944999981,-0.020156500065965144,5,time
005380,2021-05-03,2021-05-06,212000.0,224720.0,8,94509.45923200017,0.05566089861745516,2,target
005930,2021-04-29,2021-05-07,82400.0,81900.0,36,-30103.835579999723,-0.010136613885675216,5,time
012450,2021-05-06,2021-05-07,37740.0,40004.4,45,94637.62654110021,0.05566089861745516,1,target
000660,2021-04-30,2021-05-10,130000.0,130000.0,22,-11720.851999999955,-0.004093491870325372,5,time
034020,2021-05-06,2021-05-11,12064.0,12787.84,143,96133.95201238384,0.05566089861745516,3,target
009150,2021-05-04,2021-05-12,175000.0,166250.0,10,-94413.89562499989,-0.05388881727680905,5,stop
066570,2021-05-07,2021-05-13,152500.0,144875.0,15,-123412.44928124966,-0.05388881727680894,4,stop
042700,2021-05-07,2021-05-13,16200.0,15390.0,147,-128478.42916649999,-0.05388881727680905,4,stop
051910,2021-05-12,2021-05-13,912000.0,866400.0,1,-49203.12732000009,-0.053888817276809164,1,stop
005930,2021-05-10,2021-05-17,82300.0,79600.0,35,-106026.27437499957,-0.03676600185756851,5,time
032830,2021-05-11,2021-05-18,85400.0,86100.0,22,7654.9018699997105,0.004069676229098151,5,time
000660,2021-05-13,2021-05-20,116000.0,122960.0,17,109889.53632399999,0.05566089861745516,4,target
006400,2021-05-13,2021-05-21,601125.0,629518.0,3,77537.29662405024,0.04294626439555271,5,time
055550,2021-05-13,2021-05-21,40550.0,40300.0,49,-20356.80487750005,-0.010233482672604488,5,time
012330,2021-05-17,2021-05-25,278000.0,277000.0,10,-21363.515499999747,-0.007675889381583034,5,time
042660,2021-05-21,2021-05-25,30828.0,29286.6,63,-104781.29667579033,-0.053888817276809275,2,stop
005380,2021-05-18,2021-05-26,227500.0,223500.0,9,-44284.9347000001,-0.021603935969308652,5,time
005930,2021-05-20,2021-05-27,79400.0,79600.0,27,-3401.6406299998052,-0.0015849112453134584,5,time
207940,2021-05-25,2021-05-27,1247977.0,1185578.15,1,-67329.35441165767,-0.053888817276809164,2,stop
028260,2021-05-21,2021-05-28,139500.0,138000.0,13,-26874.59872499993,-0.01480216400075196,5,time
042700,2021-05-27,2021-05-28,15875.0,16827.5,106,93771.10408175015,0.05566089861745516,1,target
000660,2021-05-25,2021-06-01,121500.0,128790.0,19,128640.97089450061,0.05566089861745538,5,target
005380,2021-05-28,2021-06-01,223500.0,236910.0,8,99636.15159599995,0.05566089861745516,2,target
000270,2021-05-26,2021-06-02,82100.0,87026.0,38,173850.5960566001,0.05566089861745516,5,target
105560,2021-05-28,2021-06-02,56100.0,59466.0,32,100037.37099840003,0.05566089861745516,3,target
012330,2021-05-27,2021-06-03,274500.0,279000.0,6,20170.66724999994,0.012232844328521786,5,time
042700,2021-06-01,2021-06-03,16150.0,17119.0,135,121494.25028925017,0.05566089861745516,2,target
005490,2021-06-01,2021-06-07,355500.0,337725.0,6,-115077.05106749944,-0.05388881727680883,4,stop
207940,2021-06-03,2021-06-08,1195614.0,1267350.84,1,66625.49091403815,0.05566089861745516,3,target
010130,2021-06-02,2021-06-09,448000.0,430000.0,5,-98914.64349999977,-0.04410759264339259,5,time
096770,2021-06-02,2021-06-09,261239.0,270094.0,10,77582.85347450012,0.029663918506717346,5,time
066570,2021-06-03,2021-06-10,152000.0,150000.0,14,-36638.42419999954,-0.01719752487203141,5,time
032830,2021-06-07,2021-06-14,84400.0,80900.0,36,-138080.51658000005,-0.045392932373333195,5,time
005930,2021-06-08,2021-06-15,82300.0,80900.0,15,-25997.318849999923,-0.021034793345192204,5,time
000660,2021-06-09,2021-06-16,125500.0,129500.0,19,66003.7903,0.027648548229425307,5,time
267260,2021-06-09,2021-06-16,21700.0,21800.0,112,1206.7165599996224,0.0004959390427143884,5,time
009150,2021-06-10,2021-06-17,176000.0,176000.0,12,-8655.398400000297,-0.004093491870325483,5,time
012330,2021-06-14,2021-06-21,288000.0,284500.0,10,-46699.63425000012,-0.016196522351067943,5,time
028260,2021-06-15,2021-06-21,138500.0,131575.0,9,-67249.66908374988,-0.05388881727680894,4,stop
005380,2021-06-16,2021-06-23,237000.0,242500.0,10,45125.12325000018,0.0190182625377473,5,time
032830,2021-06-16,2021-06-23,80400.0,79700.0,30,-30822.949349999893,-0.012764319677424418,5,time
207940,2021-06-17,2021-06-24,1204341.0,1243613.0,1,34220.59389420017,0.028381729339671535,5,time
035420,2021-06-23,2021-06-24,393000.0,416580.0,6,131399.3542860006,0.05566089861745538,1,target
000660,2021-06-21,2021-06-25,121000.0,128260.0,20,134854.29914000025,0.05566089861745516,4,target
005930,2021-06-21,2021-06-28,79700.0,81900.0,31,57873.52025000006,0.02339702654730691,5,time
009150,2021-06-23,2021-06-30,175000.0,177000.0,14,17876.864600000437,0.007288296794013993,5,time
066570,2021-06-24,2021-07-01,158500.0,162000.0,12,34081.40550000011,0.0178981344921596,5,time
009540,2021-06-24,2021-07-01,131500.0,132000.0,14,-565.4225500000175,-0.00030677510937604513,5,time
034020,2021-06-25,2021-07-02,23647.0,23889.0,112,16170.160887999926,0.006098472225220863,5,time
207940,2021-06-28,2021-07-05,1236341.0,1261068.0,2,39174.661762900185,0.015824783287194055,5,time
000660,2021-06-30,2021-07-07,126500.0,123500.0,20,-70191.56299999962,-0.027711828031503294,5,time
005930,2021-07-01,2021-07-08,80500.0,79900.0,23,-21347.134210000047,-0.011516397520981325,5,time
005380,2021-07-01,2021-07-08,238500.0,229500.0,7,-69656.21775000007,-0.04167486953559618,5,time
032830,2021-07-02,2021-07-09,79300.0,75335.0,36,-154018.73670300003,-0.05388881727680905,5,stop
028260,2021-07-05,2021-07-09,134500.0,127775.0,19,-137871.2630112497,-0.05388881727680894,4,stop
034020,2021-07-09,2021-07-12,23985.0,25424.100000000002,117,156377.76970666507,0.05566089861745516,1,target
000270,2021-07-07,2021-07-14,88600.0,87600.0,28,-38084.26916000014,-0.015333971646055322,5,time
207940,2021-07-08,2021-07-15,1237795.0,1271250.0,1,28283.641518249875,0.022823770058732595,5,time
105560,2021-07-08,2021-07-15,52500.0,51800.0,32,-29218.93968000007,-0.01737224531205439,5,time
000660,2021-07-09,2021-07-16,120500.0,121500.0,23,11574.033550000284,0.0041712924295060905,5,time
005930,2021-07-12,2021-07-19,79900.0,79000.0,37,-45317.338595000096,-0.015311462550133936,5,time
034020,2021-07-14,2021-07-19,24757.0,23519.149999999998,101,-134901.6492644581,-0.053888817276809275,3,stop
009150,2021-07-15,2021-07-22,184500.0,186000.0,7,5176.220174999908,0.004003309008777656,5,time
064350,2021-07-15,2021-07-22,22650.0,22650.0,64,-5940.750720000127,-0.004093491870325483,5,time
034730,2021-07-16,2021-07-23,278000.0,275500.0,10,-36319.294749999885,-0.01304948564846986,5,time
000660,2021-07-19,2021-07-26,119000.0,117000.0,22,-54599.373399999924,-0.02083141637670638,5,time
066570,2021-07-19,2021-07-26,159000.0,163000.0,17,56722.09800000023,0.020960759906521798,5,time
005930,2021-07-22,2021-07-29,79000.0,79000.0,18,-5827.640399999917,-0.004093491870325261,5,time
207940,2021-07-22,2021-07-29,1306158.0,1325067.0,1,13500.358606949914,0.01032405651373236,5,time
034020,2021-07-23,2021-07-30,22585.0,21455.75,128,-155965.28147680033,-0.053888817276809164,5,stop
015760,2021-07-26,2021-08-02,25200.0,25400.0,105,10094.253750000149,0.0038105280354658877,5,time
017670,2021-07-26,2021-08-02,52796.0,52106.0,50,-45216.720634999685,-0.017109165228334833,5,time
012450,2021-07-29,2021-08-02,51746.0,54850.76,26,74972.08043213189,0.05566089861745516,2,target
298040,2021-07-29,2021-08-02,80600.0,76570.0,17,-73923.38273450034,-0.053888817276809275,2,stop
034020,2021-08-02,2021-08-03,20944.0,19896.8,96,-108474.76827263995,-0.05388881727680905,1,stop
005380,2021-07-30,2021-08-06,222000.0,222500.0,12,-4935.2930999998935,-0.0018504591943575566,5,time
005930,2021-08-02,2021-08-09,79200.0,81500.0,25,49216.051125,0.02482803551222834,5,time
034730,2021-08-02,2021-08-09,268000.0,273500.0,7,30698.276875000214,0.01634488796069422,5,time
086790,2021-08-02,2021-08-09,43750.0,44300.0,46,16977.78683500015,0.008426475660447741,5,time
267260,2021-08-06,2021-08-09,21650.0,22949.0,124,149599.11217819992,0.05566089861745516,1,target
009150,2021-08-03,2021-08-10,191000.0,186000.0,11,-63448.17544999998,-0.03016434286848435,5,time
028260,2021-08-10,2021-08-11,144000.0,136800.0,17,-132071.55227999948,-0.05388881727680883,1,stop
066570,2021-08-09,2021-08-13,157500.0,149625.0,13,-110464.25788125,-0.05388881727680905,4,stop
005930,2021-08-11,2021-08-13,79600.0,75620.0,29,-124540.02094900003,-0.05388881727680905,2,stop
005380,2021-08-09,2021-08-17,220500.0,213000.0,9,-75433.88452499988,-0.0379678628951442,5,time
012450,2021-08-09,2021-08-17,53172.0,50932.0,41,-100503.54019439989,-0.04604847904798404,5,time
000270,2021-08-09,2021-08-17,85300.0,83200.0,25,-61084.63887499948,-0.02861170602123153,5,time
034730,2021-08-13,2021-08-17,275000.0,261250.0,7,-103855.28518750006,-0.053888817276809164,1,stop
028260,2021-08-13,2021-08-19,136000.0,129200.0,15,-110059.6268999998,-0.05388881727680894,3,stop
298040,2023-02-03,2023-02-10,69400.0,67600.0,28,-58215.04052000004,-0.029923920035071938,5,time
000150,2023-02-03,2023-02-10,90500.0,86300.0,22,-100287.11638000002,-0.05031235744098428,5,time
051910,2023-02-03,2023-02-10,672000.0,673000.0,2,-3513.876899999799,-0.002611488137989393,5,time
033780,2023-02-03,2023-02-10,91600.0,87020.0,21,-103779.75407100026,-0.053888817276809164,5,stop
006260,2023-02-03,2023-02-10,66600.0,65600.0,30,-38099.76210000017,-0.019047043043443623,5,time
277810,2023-02-10,2023-02-13,73800.0,78228.0,26,106924.97073959978,0.055660898617454935,1,target
028050,2023-02-10,2023-02-16,26050.0,27613.0,74,107420.9225009,0.05566089861745516,4,target
005930,2023-02-13,2023-02-20,62900.0,62700.0,31,-14172.80226999987,-0.0072601262363973795,5,time
000660,2023-02-13,2023-02-20,92000.0,92500.0,21,2551.323074999964,0.0013190434999446055,5,time
009150,2023-02-13,2023-02-20,146200.0,152700.0,13,76461.85085499985,0.040184157259926856,5,time
267260,2023-02-13,2023-02-20,38500.0,38600.0,51,-2961.8507549997885,-0.001506721719339077,5,time
042660,2023-02-20,2023-02-22,22343.0,23683.58,87,108320.37838619715,0.05566089861745516,2,target
352820,2023-02-20,2023-02-22,181000.0,191860.0,10,100862.0997700002,0.05566089861745516,2,target
032830,2023-02-16,2023-02-23,66900.0,67600.0,32,13560.537119999994,0.006327054552556222,5,time
042700,2023-02-20,2023-02-24,15020.0,15921.2,130,108808.47293419973,0.055660898617454935,4,target
307950,2023-02-20,2023-02-27,116400.0,113400.0,16,-55490.98127999995,-0.029761185378822108,5,time
267260,2023-02-27,2023-02-28,39800.0,42188.0,46,102021.17804359994,0.05566089861745516,1,target
005380,2023-02-22,2023-03-02,175800.0,178500.0,12,23658.92046000017,0.011202000575352367,5,time
006400,2023-02-22,2023-03-02,667699.0,695113.0,3,73790.45434649987,0.03679586248525535,5,time
373220,2023-02-24,2023-03-02,508000.0,538480.0,4,113233.03134400025,0.05566089861745516,3,target
005930,2023-02-23,2023-03-03,61700.0,60500.0,37,-53624.88736000005,-0.02346282428127533,5,time
009150,2023-03-02,2023-03-06,144100.0,152746.0,14,112419.44755579997,0.05566089861745516,2,target
086790,2023-03-03,2023-03-07,45000.0,42750.0,58,-140811.5814749999,-0.05388881727680905,2,stop
066570,2023-03-02,2023-03-08,110600.0,117236.0,18,110937.1647636001,0.05566089861745516,4,target
012330,2023-03-02,2023-03-09,213000.0,220000.0,9,54958.02344999998,0.02863582999309111,5,time
005490,2023-03-02,2023-03-09,325500.0,322500.0,6,-25950.719699999783,-0.013272353696405226,5,time
042660,2023-03-08,2023-03-09,20700.0,19665.0,101,-112794.93233325006,-0.053888817276809164,1,stop
032830,2023-03-06,2023-03-13,67200.0,66900.0,32,-18384.467999999877,-0.008539503067332754,5,time
267260,2023-03-07,2023-03-13,42100.0,39995.0,59,-134008.38591025025,-0.053888817276809164,4,stop
006800,2023-03-09,2023-03-14,6850.0,6507.5,286,-105695.00738224993,-0.05388881727680905,3,stop
005930,2023-03-09,2023-03-16,60500.0,59900.0,32,-27077.512640000088,-0.013970250628636216,5,time
000810,2023-03-09,2023-03-16,210500.0,212500.0,9,10182.895199999912,0.005368802743733303,5,time
298040,2023-03-14,2023-03-16,72200.0,68590.0,29,-112962.17980549973,-0.05388881727680894,2,stop
034020,2023-03-14,2023-03-21,17700.0,16815.0,121,-115546.4230057497,-0.05388881727680894,5,stop
012450,2023-03-14,2023-03-21,97789.0,99216.0,21,21462.71930985013,0.010439416607121554,5,time
042660,2023-03-20,2023-03-21,20744.0,21988.64,95,109815.97943356005,0.05566089861745516,1,target
267260,2023-03-20,2023-03-27,38900.0,38050.0,50,-50345.70687500015,-0.025854945132799068,5,time
298040,2023-03-20,2023-03-27,68300.0,64885.0,29,-106860.34460824984,-0.05388881727680905,5,stop
138040,2023-03-23,2023-03-27,41500.0,39425.0,50,-111947.90481250035,-0.053888817276809275,2,stop
033780,2023-03-23,2023-03-28,89500.0,85025.0,23,-111057.71665374981,-0.05388881727680894,3,stop
042660,2023-03-27,2023-03-28,20877.0,22129.620000000003,91,105866.5873910191,0.05566089861745516,1,target
010120,2023-03-23,2023-03-30,11100.0,11260.0,187,21325.16060399986,0.010261917255868003,5,time
005490,2023-03-27,2023-03-31,327000.0,346620.0,5,91110.23929499998,0.05566089861745516,4,target
066970,2023-03-30,2023-03-31,295500.0,313230.0,7,115266.99081450002,0.05566089861745516,1,target
000270,2023-03-27,2023-04-03,77000.0,81200.0,24,92929.36296000029,0.05022868130038427,5,time
042660,2023-03-31,2023-04-03,21277.0,22553.620000000003,94,111451.95154684619,0.05566089861745516,1,target
000150,2023-03-28,2023-04-04,95900.0,101000.0,22,103222.84642999992,0.04886921085607021,5,time
003550,2023-03-28,2023-04-04,82500.0,84600.0,26,45648.3974700002,0.021256855609339098,5,time
042700,2023-04-04,2023-04-05,20250.0,19237.5,117,-127822.92697687494,-0.05388881727680905,1,stop
277810,2023-04-04,2023-04-05,126600.0,120270.0,18,-122943.07734299963,-0.05388881727680894,1,stop
247540,2023-04-03,2023-04-06,231000.0,244860.0,8,102979.64661600022,0.05566089861745516,3,target
009150,2023-03-31,2023-04-07,153600.0,153900.0,13,-4294.783154999837,-0.0021483619716344826,5,time
000810,2023-04-03,2023-04-10,206000.0,202000.0,9,-43491.93299999996,-0.02343148231944525,5,time
010120,2023-04-07,2023-04-11,11140.0,11808.400000000001,179,111118.82799302042,0.05566089861745538,2,target
402340,2023-04-05,2023-04-12,39000.0,41340.0,57,123876.49049100047,0.05566089861745538,5,target
005830,2023-04-05,2023-04-12,71400.0,74500.0,31,86745.736515,0.03914614643782577,5,time
039490,2023-04-06,2023-04-12,101300.0,107378.0,20,112898.68184199999,0.05566089861745516,4,target
005380,2023-04-10,2023-04-12,186000.0,197160.0,9,93283.51105800015,0.05566089861745516,2,target
012330,2023-04-11,2023-04-12,213500.0,226310.0,10,118972.69779499993,0.05566089861745516,1,target
034220,2023-04-12,2023-04-13,14372.0,15234.320000000002,151,120932.65457572462,0.05566089861745538,1,target
403870,2023-04-12,2023-04-13,22100.0,23426.0,98,120689.02523859963,0.055660898617454935,1,target
141080,2023-04-12,2023-04-14,41400.0,43884.0,52,119964.60131760035,0.05566089861745538,2,target
066970,2023-04-13,2023-04-14,287000.0,304220.0,8,127944.40943200048,0.05566089861745538,1,target
064350,2023-04-12,2023-04-17,26300.0,27878.0,82,120176.35600219993,0.05566089861745516,3,target
042700,2023-04-14,2023-04-17,20650.0,19617.5,115,-128119.65636312496,-0.05388881727680905,1,stop
003670,2023-04-14,2023-04-17,300971.0,319029.26,7,117401.08796084905,0.05566089861745516,1,target
007660,2023-04-13,2023-04-18,9646.0,9163.699999999999,243,-126459.48242245475,-0.05388881727680894,3,stop
066570,2023-04-12,2023-04-19,112700.0,112900.0,19,-4986.678249999881,-0.0023261333820738805,5,time
096770,2023-04-17,2023-04-21,188819.0,179378.05,12,-122243.22759782989,-0.05388881727680905,4,stop
012450,2023-04-17,2023-04-24,110624.0,108283.0,21,-58536.61572674988,-0.025168639537482274,5,time
012330,2023-04-17,2023-04-24,230000.0,232000.0,10,10515.17900000047,0.004566564722106703,5,time
005380,2023-04-18,2023-04-25,192700.0,201000.0,12,89829.69653999992,0.038802325553007666,5,time
009150,2023-04-19,2023-04-25,147800.0,140410.0,14,-111634.99018700002,-0.05388881727680905,4,stop
000270,2023-04-24,2023-04-26,83700.0,88722.0,27,125932.73992830003,0.05566089861745516,2,target
006400,2023-04-25,2023-04-27,719588.0,683608.6,3,-116467.03941429057,-0.053888817276809386,2,stop
005930,2023-04-21,2023-04-28,65800.0,65500.0,34,-19338.422929999884,-0.008634099050247812,5,time
402340,2023-04-26,2023-04-28,39150.0,41499.0,63,137442.72153464984,0.05566089861745516,2,target
373220,2023-04-24,2023-05-02,566000.0,591000.0,4,90426.87020000024,0.03989531149229286,5,time
034020,2023-04-28,2023-05-02,17100.0,16245.0,144,-132848.4437640002,-0.053888817276809164,1,stop
066570,2023-04-25,2023-05-03,107700.0,109300.0,20,23078.139600000344,0.01070177658842586,5,time
042660,2023-05-02,2023-05-03,23942.0,22744.899999999998,98,-126585.61938701011,-0.053888817276809164,1,stop
009150,2023-04-27,2023-05-08,139800.0,140000.0,14,-5229.251579999924,-0.0026687329173501473,5,time
012330,2023-04-28,2023-05-09,221500.0,224000.0,11,17433.664324999787,0.007146987905404467,5,time
047810,2023-05-03,2023-05-09,54200.0,51490.0,41,-119889.4622045001,-0.053888817276809164,3,stop
267260,2023-05-02,2023-05-10,50600.0,49200.0,46,-73749.11589999963,-0.03164821739169954,5,time
010140,2023-05-03,2023-05-11,5480.0,5600.0,405,39361.179690000135,0.017714679840543424,5,time
005930,2023-05-08,2023-05-15,66300.0,64500.0,29,-59925.72093000007,-0.031131677611402564,5,time
373220,2023-05-09,2023-05-15,558000.0,530100.0,4,-120418.18001999939,-0.05388881727680883,4,stop
000660,2023-05-09,2023-05-16,88400.0,90400.0,25,40795.57550000027,0.018438329580572344,5,time
012450,2023-05-10,2023-05-17,105532.0,106041.0,22,1650.1804033000953,0.0007099460692381321,5,time
006400,2023-05-11,2023-05-18,658889.0,677490.0,3,47537.71326645021,0.024021800626165213,5,time
267260,2023-05-15,2023-05-22,47000.0,48400.0,46,55349.837180000264,0.02557180837183526,5,time
042660,2023-05-15,2023-05-22,22210.0,23542.600000000002,97,120052.0894372901,0.05566089861745516,5,target
012330,2023-05-16,2023-05-23,222500.0,228500.0,10,50704.62200000044,0.022762413966879613,5,time
051910,2023-05-22,2023-05-23,698000.0,739880.0,3,116687.97619800013,0.05566089861745516,1,target
005380,2023-05-17,2023-05-24,202500.0,207500.0,11,45709.11675000051,0.020496792281024856,5,time
298040,2023-05-22,2023-05-24,77200.0,81832.0,29,124756.9441796001,0.05566089861745516,2,target
006260,2023-05-23,2023-05-24,82300.0,87238.0,28,128412.49873480015,0.05566089861745516,1,target
032830,2023-05-18,2023-05-25,66700.0,67500.0,32,16777.33183999965,0.007851413774408122,5,time
000660,2023-05-25,2023-05-30,104300.0,110558.0,21,122054.28570509981,0.055660898617454935,2,target
003550,2023-05-23,2023-05-31,89400.0,86000.0,26,-97665.24846000038,-0.04196913088196863,5,time
035420,2023-05-24,2023-06-01,208000.0,204000.0,11,-53246.967399999965,-0.023245540103588258,5,time
316140,2023-05-24,2023-06-01,11980.0,11840.0,198,-37359.37438199995,-0.015731798309236433,5,time
272210,2023-05-24,2023-06-01,14480.0,14050.0,163,-79556.1067435001,-0.0336680635896458,5,time
012450,2023-05-31,2023-06-05,107568.0,114022.08,21,125878.57530897623,0.05566089861745516,3,target
373220,2023-05-30,2023-06-07,583000.0,604000.0,4,74195.36140000029,0.03177964135561506,5,time
402340,2023-06-01,2023-06-09,45700.0,46400.0,50,25532.431250000373,0.011161093593367921,5,time
005380,2023-06-01,2023-06-09,199800.0,197100.0,11,-38619.46687500039,-0.01755168792613193,5,time
012330,2023-06-01,2023-06-09,225000.0,222500.0,10,-34147.248749999795,-0.015159119738432758,5,time
042700,2023-06-05,2023-06-09,25400.0,26924.0,98,138710.4633964002,0.05566089861745516,3,target
000660,2023-06-07,2023-06-09,108700.0,115222.0,22,133260.5665137996,0.055660898617454935,2,target
005930,2023-06-09,2023-06-16,71100.0,71800.0,33,13416.293384999968,0.005711494848250842,5,time
009150,2023-06-09,2023-06-16,147100.0,149600.0,16,30236.5544800004,0.012832179579873149,5,time
000270,2023-06-09,2023-06-16,82100.0,81600.0,28,-23379.669460000005,-0.010158695939324613,5,time
068270,2023-06-09,2023-06-16,155287.0,152068.0,15,-57688.611156750005,-0.024737995593556716,5,time
307950,2023-06-09,2023-06-16,126200.0,124100.0,18,-46998.03483000025,-0.020665628693402494,5,time
373220,2023-06-16,2023-06-19,591000.0,561450.0,3,-95654.76396749984,-0.05388881727680894,1,stop
034020,2023-06-16,2023-06-20,18880.0,20012.8,124,130458.7176870401,0.05566089861745516,2,target
006400,2023-06-16,2023-06-20,713715.0,678029.25,3,-115516.48031313717,-0.05388881727680894,2,stop
010120,2023-06-16,2023-06-23,14740.0,14900.0,159,15760.214196000248,0.006716890850213986,5,time
000150,2023-06-16,2023-06-23,97700.0,94000.0,24,-98147.67252000002,-0.04180950087830693,5,time
005380,2023-06-19,2023-06-26,198000.0,200500.0,12,20174.23530000029,0.008481085252524112,5,time
000660,2023-06-20,2023-06-27,114000.0,113000.0,20,-29284.93499999959,-0.012829513871462694,5,time
402340,2023-06-20,2023-06-27,46400.0,44080.0,50,-125165.85019999975,-0.05388881727680894,5,stop
012450,2023-06-26,2023-06-29,135276.0,128512.2,18,-131368.46548697958,-0.05388881727680894,3,stop
009150,2023-06-23,2023-06-30,142900.0,144500.0,16,16154.405439999886,0.0070573157784323826,5,time
034020,2023-06-23,2023-06-30,17900.0,18110.0,129,17546.98370550014,0.007590327498793847,5,time
402340,2023-06-29,2023-07-03,43400.0,46004.0,53,128178.45408340031,0.05566089861745538,2,target
042660,2023-06-27,2023-07-04,33093.0,34115.0,67,59185.47914010007,0.026662754203120143,5,time
010140,2023-06-27,2023-07-04,6620.0,6940.0,337,98379.24398000026,0.04404700399092798,5,time
259960,2023-07-04,2023-07-05,193800.0,184110.0,11,-115012.31011050032,-0.053888817276809164,1,stop
005380,2023-06-30,2023-07-07,204500.0,204000.0,11,-14702.68662500009,-0.0065284711078063,5,time
006800,2023-06-30,2023-07-07,7168.0,6809.599999999999,324,-125297.05853952002,-0.05388881727680905,5,stop
353200,2023-07-04,2023-07-07,32100.0,30495.0,72,-124691.08318200009,-0.053888817276809164,3,stop
005930,2023-07-03,2023-07-10,72700.0,69500.0,34,-118609.18292000005,-0.04792981684989839,5,time
034020,2023-07-05,2023-07-12,18050.0,18390.0,122,32333.06866599992,0.014665965900538369,5,time
373220,2023-07-07,2023-07-12,570000.0,541500.0,3,-92255.86372499983,-0.05388881727680894,3,stop
402340,2023-07-10,2023-07-13,43950.0,46587.0,68,166539.48694620002,0.05566089861745516,3,target
005490,2023-07-12,2023-07-13,396500.0,420290.0,4,88379.71836200007,0.05566089861745516,1,target
310210,2023-07-12,2023-07-13,34113.0,36159.78,56,106452.86924277619,0.05566089861745516,1,target
000660,2023-07-07,2023-07-14,112700.0,119462.0,19,119323.76477209991,0.05566089861745516,5,target
009150,2023-07-07,2023-07-14,142200.0,150732.0,15,118861.24796100054,0.05566089861745538,5,target
319400,2023-07-13,2023-07-14,4315.0,4099.25,557,-129668.3140053628,-0.053888817276809164,1,stop
003670,2023-07-13,2023-07-17,378033.0,400714.98000000004,6,126395.1452895659,0.05566089861745516,2,target
100790,2023-07-13,2023-07-20,5080.0,5270.0,473,79757.73985849926,0.033154979890429814,5,time
005380,2023-07-14,2023-07-21,204500.0,200000.0,11,-58572.97242499981,-0.026008305007653054,5,time
032830,2023-07-14,2023-07-21,69700.0,69100.0,33,-29167.89843000006,-0.012666575154081539,5,time
000270,2023-07-14,2023-07-21,88100.0,84500.0,26,-102711.39943999983,-0.04478887699253675,5,time
267260,2023-07-17,2023-07-24,68300.0,72398.0,36,137016.42591959983,0.05566089861745516,5,target
009150,2023-07-21,2023-07-26,151600.0,144020.0,14,-114505.17261400004,-0.05388881727680905,3,stop
005930,2023-07-20,2023-07-27,71100.0,71700.0,35,10739.720250000246,0.0043107824598829225,5,time
000660,2023-07-21,2023-07-27,114700.0,121582.0,19,121441.31161809992,0.05566089861745516,4,target
012450,2023-07-21,2023-07-27,130286.0,138103.16,17,123423.00111645414,0.05566089861745516,4,target
402340,2023-07-26,2023-07-27,43100.0,45686.0,50,120087.19613499986,0.05566089861745516,1,target
373220,2023-07-27,2023-07-28,577000.0,548150.0,4,-124518.44063000008,-0.053888817276809164,1,stop
006400,2023-07-27,2023-07-28,685322.0,651055.9,3,-110921.00533288508,-0.053888817276809164,1,stop
066570,2023-07-27,2023-07-28,117300.0,111435.0,20,-126568.57093499973,-0.05388881727680894,1,stop
035420,2023-07-27,2023-07-28,197500.0,209350.0,11,121062.38218250033,0.05566089861745538,1,target
005380,2023-07-24,2023-07-31,199100.0,196000.0,13,-50788.5646449998,-0.019599821228446723,5,time
329180,2023-07-28,2023-07-31,129500.0,137270.0,17,122678.4047755003,0.05566089861745538,1,target
010120,2023-07-28,2023-07-31,18740.0,19864.4,122,127402.76323876064,0.05566089861745538,1,target
042660,2023-07-28,2023-07-31,37713.0,39975.78,60,126093.22768925969,0.055660898617454935,1,target
006260,2023-07-31,2023-08-01,113200.0,119992.0,22,138777.33329679957,0.055660898617454935,1,target
326030,2023-07-31,2023-08-01,81700.0,86602.0,30,136581.77156700008,0.05566089861745516,1,target
012450,2023-07-31,2023-08-02,119588.0,126763.28000000001,20,133280.6274839202,0.05566089861745516,2,target
012330,2023-07-28,2023-08-04,232000.0,230000.0,9,-26503.9767,-0.012678892802477693,5,time
000880,2023-07-31,2023-08-07,30350.0,29300.0,82,-96045.36323500006,-0.03854824750578367,5,time
005930,2023-08-01,2023-08-08,70100.0,67600.0,38,-105636.72041000053,-0.039610842374236954,5,time
402340,2023-08-01,2023-08-08,43850.0,44750.0,61,43776.08178499993,0.016347006586155954,5,time
005830,2023-08-02,2023-08-08,74700.0,79182.0,34,141530.1441966002,0.05566089861745516,4,target
005380,2023-08-04,2023-08-11,191600.0,190500.0,10,-18819.722649999894,-0.00981111796084011,5,time
009150,2023-08-07,2023-08-14,148000.0,147900.0,17,-12006.05951499939,-0.0047664016731153724,5,time
034020,2023-08-08,2023-08-16,16830.0,16310.0,158,-92815.47575999983,-0.03486422177094506,5,time
000270,2023-08-08,2023-08-16,77700.0,78000.0,34,-656.6948700002395,-0.0002482929972379422,5,time
012330,2023-08-08,2023-08-16,228500.0,229000.0,11,-4817.039974999614,-0.00191426537551187,5,time
042660,2023-08-16,2023-08-17,37091.0,35236.45,69,-138075.14307500236,-0.05388881727680905,1,stop
005490,2023-08-16,2023-08-17,570000.0,541500.0,4,-123007.81829999993,-0.05388881727680905,1,stop
000660,2023-08-11,2023-08-18,118000.0,112100.0,17,-108225.29978500027,-0.053888817276809164,4,stop
005930,2023-08-14,2023-08-22,67500.0,66600.0,38,-44611.059690000024,-0.01737224531205439,5,time
402340,2023-08-16,2023-08-23,45000.0,43350.0,57,-104284.61889749952,-0.040610063835079924,5,time
329180,2023-09-20,2023-09-22,127000.0,120650.0,18,-123331.52308499953,-0.05388881727680883,2,stop
005930,2023-09-20,2023-09-27,70000.0,68400.0,33,-62111.18495999975,-0.026857069199003547,5,time
005380,2023-09-20,2023-09-27,190600.0,191100.0,12,-3391.09133999981,-0.001480935448159304,5,time
012450,2023-09-20,2023-09-27,110523.0,104996.84999999999,21,-125218.883833942,-0.05388881727680883,5,stop
000270,2023-09-20,2023-09-27,79400.0,81400.0,29,48392.49778000079,0.020992314379792765,5,time
000660,2023-09-22,2023-10-05,114300.0,121158.0,21,133756.5182750998,0.05566089861745516,5,target
035420,2023-12-13,2023-12-14,212000.0,224720.0,11,129950.50644400017,0.05566089861745516,1,target
138040,2023-12-13,2023-12-18,58400.0,55480.0,39,-122878.33638600027,-0.053888817276809164,3,stop
009150,2023-12-13,2023-12-20,150000.0,150400.0,15,-3238.6382999997586,-0.0014377411819794794,5,time
012450,2023-12-13,2023-12-20,130082.0,129471.0,17,-19419.11349545,-0.008771301839938572,5,time
042700,2023-12-13,2023-12-20,58900.0,58700.0,39,-17190.980429999996,-0.007475177806249511,5,time
298040,2023-12-14,2023-12-21,169500.0,166900.0,16,-52591.67951999977,-0.019369933882933843,5,time
267250,2023-12-18,2023-12-26,61100.0,64300.0,36,105845.98392000003,0.04806527778622072,5,time
000660,2023-12-20,2023-12-28,139900.0,141500.0,16,16351.119039999787,0.007296432454245494,5,time
402340,2023-12-20,2023-12-28,50500.0,52600.0,44,83021.3997800001,0.037320442131106635,5,time
329180,2023-12-20,2023-12-28,120900.0,128154.0,18,121268.56437540054,0.05566089861745538,5,target
028260,2023-12-21,2024-01-02,127800.0,129300.0,21,20408.38726499956,0.007595551652323174,5,time
105560,2023-12-26,2024-01-04,52800.0,51700.0,45,-59091.39472500002,-0.02484154412302686,5,time
005380,2023-12-28,2024-01-05,198800.0,188860.0,11,-117979.60397300008,-0.05388881727680905,4,stop
298040,2024-01-02,2024-01-05,161900.0,171614.0,18,162393.5531213996,0.055660898617454935,3,target
009150,2023-12-28,2024-01-08,150600.0,148500.0,15,-40664.97022499936,-0.017980634413965912,5,time
012330,2023-12-28,2024-01-08,231000.0,219450.0,9,-112163.7080025,-0.05388881727680905,5,stop
329180,2024-01-04,2024-01-11,120600.0,118500.0,20,-51761.04029999999,-0.021435147484523687,5,time
005930,2024-01-05,2024-01-11,76700.0,72865.0,33,-136554.86355225043,-0.053888817276809275,4,stop
000660,2024-01-05,2024-01-12,135800.0,134100.0,19,-42778.953624999616,-0.0165606572887379,5,time
011200,2024-01-11,2024-01-12,19110.0,20256.600000000002,125,133112.89548375038,0.05566089861745538,1,target
402340,2024-01-08,2024-01-15,49150.0,48750.0,43,-25810.63433000003,-0.012198529576365469,5,time
028260,2024-01-08,2024-01-15,124000.0,120500.0,17,-67963.59662500047,-0.032203756212695445,5,time
267260,2024-01-11,2024-01-15,90700.0,96142.0,26,131410.4992693998,0.05566089861745516,2,target
009150,2024-01-12,2024-01-17,148100.0,140695.0,17,-135831.9228657498,-0.05388881727680905,3,stop
034730,2024-01-12,2024-01-17,164100.0,155895.0,15,-132799.88804624928,-0.05388881727680883,3,stop
323410,2024-02-02,2024-02-05,27250.0,28885.0,83,126035.83102475014,0.05566089861745516,1,target
000660,2024-02-02,2024-02-08,132300.0,140238.0,17,125330.9108246998,0.055660898617454935,4,target
042700,2024-02-02,2024-02-08,58200.0,61692.0,39,126484.41660659993,0.05566089861745516,4,target
298040,2024-02-02,2024-02-13,164200.0,162300.0,13,-33375.20088499971,-0.015617379601423731,5,time
259960,2024-02-02,2024-02-13,215000.0,227900.0,10,119808.57155,0.05566089861745516,5,target
012450,2024-02-05,2024-02-14,134564.0,142637.84,20,149971.35462375963,0.055660898617454935,5,target
011200,2024-02-13,2024-02-14,18510.0,17584.5,150,-149794.38925875025,-0.053888817276809164,1,stop
207940,2024-02-08,2024-02-19,1223019.0,1208302.0,1,-19685.790013950085,-0.01607757067870408,5,time
316140,2024-02-08,2024-02-19,14490.0,15060.0,167,84992.42781449994,0.03508295461924771,5,time
018260,2024-02-13,2024-02-19,154000.0,163240.0,18,154469.4699240001,0.05566089861745516,4,target
034730,2024-02-14,2024-02-19,192000.0,203520.0,14,149788.5768960002,0.05566089861745516,3,target
012450,2024-02-19,2024-02-20,144750.0,153435.0,16,129058.90777200041,0.05566089861745538,1,target
009540,2024-02-14,2024-02-21,117400.0,118800.0,23,21039.113150000107,0.007782735654219275,5,time
298040,2024-02-20,2024-02-21,166800.0,176808.0,16,148718.65848959982,0.05566089861745516,1,target
000660,2024-02-19,2024-02-22,146200.0,154972.0,16,130351.72584640002,0.05566089861745516,3,target
005930,2024-02-19,2024-02-26,72800.0,72800.0,32,-9547.166720000096,-0.004093491870325372,5,time
068270,2024-02-19,2024-02-26,167614.0,166971.0,14,-18592.281381100416,-0.007913983504242661,5,time
028260,2024-02-22,2024-02-26,162200.0,154090.0,18,-157514.74838100048,-0.053888817276809275,2,stop
005380,2024-02-21,2024-02-28,242000.0,248000.0,11,54896.020299999975,0.020598405025451738,5,time
207940,2024-02-21,2024-02-28,1209773.0,1178867.0,2,-71545.55855060043,-0.029535857124183718,5,time
035720,2024-02-26,2024-02-29,57500.0,54625.0,43,-133393.3468187498,-0.05388881727680905,3,stop
402340,2024-02-28,2024-02-29,65900.0,69854.0,40,146890.88121200027,0.05566089861745516,1,target
032830,2024-02-28,2024-02-29,91400.0,96884.0,29,147704.46500020055,0.05566089861745538,1,target
009540,2024-02-26,2024-03-04,115700.0,109915.0,21,-131084.2526857499,-0.05388881727680905,4,stop
105560,2024-02-29,2024-03-04,61900.0,65614.0,42,144873.6392166,0.05566089861745516,1,target
267260,2024-02-29,2024-03-04,121200.0,128472.0,21,141831.05874839984,0.05566089861745516,1,target
298040,2024-02-29,2024-03-04,192700.0,204262.0,13,139596.48957670014,0.05566089861745516,1,target
259960,2024-02-26,2024-03-05,226000.0,218000.0,10,-89026.08799999952,-0.03934681959172959,5,time
011200,2024-03-04,2024-03-06,18450.0,17527.5,144,-143336.47879800014,-0.053888817276809164,2,stop
006800,2024-03-06,2024-03-07,8572.0,8143.4,293,-135502.60719781043,-0.053888817276809275,1,stop
207940,2024-03-04,2024-03-08,1143545.0,1212157.7,2,127447.90042152954,0.055660898617454935,4,target
068270,2024-03-04,2024-03-11,165957.0,165131.0,16,-24059.03820959991,-0.00905031065901818,5,time
035720,2024-03-04,2024-03-11,53600.0,54600.0,49,38092.03306999989,0.014486853430601299,5,time
010140,2024-03-05,2024-03-12,7620.0,8077.200000000001,347,147344.48203638056,0.05566089861745538,5,target
012450,2024-03-11,2024-03-12,202712.0,192576.4,13,-142174.16281666,-0.05388881727680905,1,stop
032830,2024-03-12,2024-03-13,102100.0,96995.0,26,-143217.78704349976,-0.05388881727680894,1,stop
105560,2024-03-12,2024-03-13,71300.0,75578.0,38,150981.09011980006,0.05566089861745516,1,target
005930,2024-03-07,2024-03-14,73100.0,74300.0,32,28700.285439999774,0.012255178577767811,5,time
012330,2024-03-11,2024-03-14,251500.0,266590.0,10,140148.16625499958,0.055660898617454935,3,target
402340,2024-03-13,2024-03-14,72600.0,68970.0,37,-144922.63224449987,-0.05388881727680905,1,stop
033780,2024-03-08,2024-03-15,93000.0,92600.0,26,-20278.787879999727,-0.00837696072249583,5,time
000660,2024-03-13,2024-03-15,168600.0,160170.0,16,-145537.67133600032,-0.053888817276809164,2,stop
034730,2024-03-14,2024-03-15,180400.0,191224.0,14,140738.85037520016,0.05566089861745516,1,target
003230,2024-03-15,2024-03-18,186000.0,197160.0,13,134742.8493060004,0.05566089861745538,1,target
000270,2024-03-14,2024-03-19,125900.0,119605.0,20,-135848.1081050001,-0.053888817276809164,3,stop
047810,2024-03-15,2024-03-20,52100.0,49495.0,49,-137730.99093775032,-0.053888817276809164,3,stop
012450,2024-03-14,2024-03-21,188247.0,197314.0,13,107494.35027824994,0.043874785495113366,5,time
000660,2024-03-18,2024-03-21,161200.0,170872.0,17,152708.5625467999,0.05566089861745516,3,target
079550,2024-03-15,2024-03-22,167400.0,167300.0,15,-11786.158125000075,-0.004688418099793479,5,time
000270,2024-03-21,2024-03-25,117300.0,111435.0,23,-145553.85657525016,-0.053888817276809164,2,stop
005380,2024-03-19,2024-03-26,241000.0,240500.0,10,-14861.921749999747,-0.006159687945283099,5,time
034020,2024-03-20,2024-03-27,17500.0,17480.0,142,-13015.654538000003,-0.005231670736759231,5,time
064350,2024-03-22,2024-03-27,31450.0,33337.0,85,148966.63437025016,0.05566089861745516,3,target
012330,2024-03-21,2024-03-28,257000.0,261500.0,10,34334.96375000011,0.013344559828443403,5,time
267250,2024-03-25,2024-04-01,68900.0,70500.0,37,48577.934179999866,0.019033509769841306,5,time
105560,2024-03-27,2024-04-01,71700.0,68115.0,37,-143126.07068775035,-0.053888817276809164,3,stop
005930,2024-03-26,2024-04-02,79700.0,84482.0,30,133238.27654700028,0.05566089861745516,5,target
055550,2024-03-28,2024-04-02,47250.0,44887.5,59,-150401.33573062439,-0.05388881727680883,3,stop
005380,2024-04-01,2024-04-02,234500.0,222775.0,10,-126514.62013750011,-0.053888817276809164,1,stop
012450,2024-04-01,2024-04-02,210861.0,223512.66,12,141002.54068244388,0.05566089861745516,1,target
207940,2024-03-27,2024-04-03,1218604.0,1195056.0,2,-56945.32446280029,-0.02333814103727183,5,time
028260,2024-04-02,2024-04-03,157700.0,149815.0,16,-136128.6522520003,-0.053888817276809164,1,stop
000270,2024-04-02,2024-04-03,108200.0,102790.0,23,-134261.95465849945,-0.05388881727680883,1,stop
032830,2024-04-02,2024-04-09,90600.0,89500.0,28,-41105.51381999999,-0.016185071991105082,5,time
012330,2024-04-02,2024-04-09,248000.0,243000.0,10,-60016.133499999996,-0.02417225211487528,5,time
000150,2024-04-03,2024-04-09,142100.0,150626.0,17,134614.68199690012,0.05566089861745516,4,target
068270,2024-04-03,2024-04-11,167062.0,165131.0,14,-36539.45125389984,-0.015604759945641034,5,time
316140,2024-04-03,2024-04-11,13970.0,13271.5,177,-133403.5974702756,-0.053888817276809275,5,stop
402340,2024-04-09,2024-04-12,74400.0,78864.0,34,140961.75004319986,0.05566089861745516,2,target
034020,2024-04-11,2024-04-12,15860.0,15067.0,147,-125781.96830744995,-0.05388881727680905,1,stop
012450,2024-04-11,2024-04-12,210861.0,223512.66,11,129252.3289589067,0.055660898617454935,1,target
032830,2024-04-12,2024-04-15,85100.0,80845.0,28,-128553.96028300002,-0.05388881727680905,1,stop
005930,2024-04-09,2024-04-16,84500.0,80275.0,30,-136765.27166249976,-0.05388881727680894,4,stop
000660,2024-04-09,2024-04-17,182300.0,178700.0,14,-60710.84432000015,-0.023760323627137425,5,time
028260,2024-04-12,2024-04-17,145100.0,137845.0,16,-125252.17147599999,-0.05388881727680905,3,stop
207940,2024-04-12,2024-04-19,1170036.0,1149432.0,2,-50676.5998259997,-0.02163112121976729,5,time
105560,2024-04-15,2024-04-19,66200.0,62890.0,38,-135718.626191,-0.05388881727680905,4,stop
064350,2024-04-16,2024-04-19,39050.0,41393.0,62,134915.59654869977,0.05566089861745516,3,target
009150,2024-04-17,2024-04-19,149500.0,142025.0,15,-120984.66339374986,-0.05388881727680905,2,stop
005380,2024-04-19,2024-04-22,231000.0,244860.0,10,128724.55827000039,0.05566089861745538,1,target
032830,2024-04-19,2024-04-22,77200.0,81832.0,31,133360.87136440026,0.05566089861745516,1,target
000810,2024-04-19,2024-04-22,282000.0,298920.0,8,125715.41275200062,0.05566089861745538,1,target
000270,2024-04-19,2024-04-23,111000.0,117660.0,21,129894.78152700048,0.05566089861745538,2,target
161390,2024-04-22,2024-04-23,59400.0,56430.0,42,-134596.4496030002,-0.053888817276809164,1,stop
068270,2024-04-17,2024-04-24,159334.0,165131.0,14,71776.9857749003,0.032140268831268415,5,time
010120,2024-04-24,2024-04-26,31000.0,32860.0,76,131287.90445200028,0.05566089861745516,2,target
180640,2024-04-22,2024-04-29,57000.0,60100.0,44,125719.60038000066,0.05006984453672736,5,time
021240,2024-04-22,2024-04-29,55400.0,57100.0,46,67525.6096099997,0.026466816140873872,5,time
005930,2024-04-23,2024-04-30,76400.0,77500.0,32,25076.94928000029,0.010245476178662338,5,time
000660,2024-04-23,2024-04-30,172600.0,174200.0,14,12431.073199999519,0.005138549919984303,5,time
012450,2024-04-30,2024-05-02,235818.0,224027.09999999998,11,-139948.2608134048,-0.05388881727680905,1,stop
028260,2024-04-26,2024-05-07,151400.0,150300.0,16,-27475.59400000004,-0.011329272312482819,5,time
000660,2024-05-02,2024-05-07,169000.0,179140.0,15,141262.66459499998,0.05566089861745516,2,target
005380,2024-04-29,2024-05-08,249000.0,242000.0,10,-79998.15449999971,-0.032090863584814056,5,time
207940,2024-04-29,2024-05-08,1140601.0,1164149.0,2,37608.33660080051,0.016467253257407943,5,time
010950,2024-04-30,2024-05-09,73200.0,69540.0,37,-146120.33994900016,-0.053888817276809164,5,stop
402340,2024-05-07,2024-05-10,76300.0,80878.0,33,140309.76851429977,0.055660898617454935,3,target
009150,2024-05-07,2024-05-14,154400.0,151600.0,16,-54792.12064000033,-0.02215397258770302,5,time
079550,2024-05-08,2024-05-16,169400.0,162000.0,14,-113013.8731399998,-0.047598262591456275,5,time
047810,2024-05-08,2024-05-16,53500.0,54900.0,45,52947.85635000002,0.021967613015311027,5,time
090430,2024-05-09,2024-05-16,165000.0,174900.0,16,147113.78088000044,0.05566089861745538,4,target
005930,2024-05-10,2024-05-20,80400.0,78900.0,33,-60227.415764999576,-0.02267383717125193,5,time
267260,2024-05-14,2024-05-22,257000.0,252500.0,9,-49859.74057499971,-0.021531543569093814,5,time
009150,2024-05-16,2024-05-23,154000.0,158200.0,16,56903.92623999994,0.023067594715029394,5,time
207940,2024-05-16,2024-05-23,1156791.0,1133243.0,2,-56438.68038960034,-0.024366476751291555,5,time
055550,2024-05-16,2024-05-23,48000.0,47550.0,53,-34205.50980750006,-0.013430115384041041,5,time
329180,2024-05-20,2024-05-27,131300.0,133000.0,22,25451.682410000358,0.008800956445139008,5,time
034020,2024-05-22,2024-05-27,17750.0,18815.0,128,126607.01142400037,0.05566089861745538,3,target
028260,2024-05-23,2024-05-28,145600.0,138320.0,16,-125683.77785600023,-0.053888817276809164,3,stop
012450,2024-05-23,2024-05-28,204748.0,217032.88,11,125505.218365076,0.05566089861745516,3,target
005930,2024-05-23,2024-05-30,77700.0,73815.0,31,-129951.28593825037,-0.053888817276809275,5,stop
105560,2024-05-28,2024-05-30,75800.0,80348.0,31,130942.4099666006,0.05566089861745538,2,target
005380,2024-05-27,2024-05-31,267500.0,254125.0,10,-144318.38331249962,-0.05388881727680894,4,stop
402340,2024-05-30,2024-05-31,80000.0,76000.0,30,-129481.91399999987,-0.05388881727680905,1,stop
032830,2024-05-27,2024-06-03,85000.0,85300.0,33,-1624.6366949994117,-0.000578527723985145,5,time
055550,2024-05-28,2024-06-04,46550.0,45400.0,50,-66869.04762499966,-0.02869698240414098,5,time
028260,2024-05-30,2024-06-07,133200.0,137600.0,18,69140.67011999991,0.028804320710534848,5,time
000660,2024-05-31,2024-06-07,194400.0,206064.0,12,129995.08637759974,0.055660898617454935,4,target
009150,2024-05-31,2024-06-10,157800.0,149910.0,15,-127701.53768249974,-0.05388881727680894,5,stop
034730,2024-06-19,2024-06-20,169400.0,160930.0,14,-127949.71135099977,-0.05388881727680894,1,stop
010120,2024-06-20,2024-06-21,38780.0,41106.8,67,144787.82284441963,0.055660898617454935,1,target
105560,2024-06-19,2024-06-26,77800.0,78900.0,31,24115.432734999806,0.009987448475980987,5,time
055550,2024-06-19,2024-06-26,46200.0,47650.0,53,66588.58983750036,0.027163314120757676,5,time
068270,2024-06-19,2024-06-26,166418.0,162648.0,14,-62172.601387399714,-0.02665455819517515,5,time
086790,2024-06-19,2024-06-26,58900.0,60400.0,41,51421.95174499974,0.021269152649106005,5,time
034020,2024-06-26,2024-06-27,20750.0,19712.5,119,-133218.00672687497,-0.05388881727680905,1,stop
267260,2024-06-26,2024-06-27,297500.0,315350.0,8,132625.30246000038,0.05566089861745538,1,target
010120,2024-06-26,2024-06-27,39100.0,41446.0,63,137267.18804609962,0.055660898617454935,1,target
298040,2024-06-21,2024-06-28,357000.0,346000.0,7,-87014.40194999985,-0.03477968679869059,5,time
012450,2024-06-26,2024-06-28,236327.0,250506.62000000002,10,131693.02459859056,0.05566089861745538,2,target
009540,2024-06-27,2024-06-28,150000.0,159000.0,17,142098.53835000005,0.05566089861745516,1,target
105560,2024-06-28,2024-07-02,79300.0,84058.0,32,141407.54937919974,0.055660898617454935,2,target
068270,2024-06-28,2024-07-02,160162.0,169771.72,15,133875.21234831028,0.05566089861745516,2,target
086790,2024-06-28,2024-07-03,60700.0,64342.0,42,142065.10339979967,0.055660898617454935,3,target
042660,2024-06-27,2024-07-04,30300.0,30150.0,84,-22993.59321000008,-0.009023722108591148,5,time
017670,2024-06-27,2024-07-04,51200.0,51500.0,50,4464.387250000145,0.001741897825747074,5,time
009150,2024-07-03,2024-07-04,154600.0,163876.0,18,155071.29902760033,0.05566089861745516,1,target
034020,2024-07-04,2024-07-08,19280.0,20436.8,141,151487.07236615987,0.05566089861745516,2,target
012450,2024-07-04,2024-07-08,237346.0,251586.76,11,145486.94765310176,0.055660898617454935,2,target
000660,2024-07-02,2024-07-09,235500.0,238500.0,11,22286.32725000009,0.008593215239606877,5,time
005380,2024-07-02,2024-07-09,283000.0,274500.0,9,-86712.58957500011,-0.0340058781569057,5,time
010120,2024-07-08,2024-07-09,38880.0,41212.8,75,162493.85797200026,0.05566089861745516,1,target
000150,2024-07-09,2024-07-10,223000.0,236380.0,13,161546.53438299987,0.05566089861745516,1,target
329180,2024-07-04,2024-07-11,151900.0,157300.0,17,80946.58715000004,0.03131068945884019,5,time
207940,2024-07-08,2024-07-15,1186226.0,1205358.0,2,28428.413028399926,0.011968947591916246,5,time
006800,2024-07-09,2024-07-16,7646.0,7806.0,381,48841.71389880031,0.016746822189411592,5,time
010130,2024-07-09,2024-07-16,530000.0,533000.0,5,4095.5492500001565,0.001543714779465244,5,time
028260,2024-07-10,2024-07-16,146200.0,154972.0,22,179233.62303879997,0.05566089861745516,4,target
009150,2024-07-16,2024-07-17,160400.0,170024.0,18,160888.98036239995,0.05566089861745516,1,target
005380,2024-07-11,2024-07-18,277000.0,263150.0,10,-149443.70907499967,-0.05388881727680894,5,stop
000660,2024-07-16,2024-07-18,226500.0,215175.0,13,-158858.1232387498,-0.05388881727680905,2,stop
267260,2024-07-18,2024-07-19,317500.0,301625.0,8,-137035.02564999973,-0.05388881727680894,1,stop
005930,2024-07-15,2024-07-22,84700.0,83000.0,28,-57178.963939999696,-0.024082170309763784,5,time
402340,2024-07-18,2024-07-22,91000.0,86450.0,29,-142376.1546024992,-0.05388881727680883,2,stop
032830,2024-07-16,2024-07-23,93300.0,92700.0,32,-31378.983359999955,-0.010498035330966271,5,time
105560,2024-07-17,2024-07-23,84300.0,89358.0,39,183206.80962090008,0.05566089861745516,4,target
000660,2024-07-22,2024-07-25,209000.0,198550.0,11,-124032.88345249929,-0.05388881727680883,3,stop
034020,2024-07-23,2024-07-25,20050.0,19047.5,167,-180646.15280912537,-0.053888817276809164,2,stop
028260,2024-07-19,2024-07-26,147600.0,147800.0,17,-6893.22680999944,-0.0027440250571413305,5,time
005380,2024-07-22,2024-07-26,259000.0,246050.0,9,-125759.30897249933,-0.05388881727680883,4,stop
009150,2024-07-23,2024-07-26,162400.0,154280.0,20,-175232.1902800002,-0.053888817276809164,3,stop
402340,2024-07-25,2024-07-29,81000.0,85860.0,33,148952.70314100012,0.05566089861745516,2,target
000270,2024-07-26,2024-07-29,118500.0,112575.0,22,-140649.72908249963,-0.05388881727680894,1,stop
105560,2024-07-26,2024-07-29,85100.0,90206.0,30,142265.71310100006,0.05566089861745516,1,target
006800,2024-07-25,2024-08-01,7487.0,7646.0,366,46792.38141390029,0.017056385890142023,5,time
005930,2024-07-26,2024-08-01,80700.0,85542.0,32,143904.02566079982,0.05566089861745516,4,target
034020,2024-07-29,2024-08-02,18930.0,17983.5,142,-145022.98072784953,-0.05388881727680894,4,stop
105560,2024-08-01,2024-08-02,87900.0,83505.0,31,-147010.5281077507,-0.053888817276809275,1,stop
005380,2024-07-29,2024-08-05,244000.0,231800.0,11,-144803.94048999948,-0.05388881727680894,5,stop
009150,2024-07-29,2024-08-05,155700.0,147915.0,17,-142802.3659027503,-0.053888817276809164,5,stop
012450,2024-08-01,2024-08-05,295410.0,280639.5,9,-143438.44580527488,-0.05388881727680905,2,stop
068270,2024-08-02,2024-08-05,181688.0,172603.6,14,-137230.9749465203,-0.053888817276809164,1,stop
017670,2024-08-02,2024-08-05,53700.0,51015.0,49,-141960.73346174974,-0.05388881727680894,1,stop
005930,2024-08-05,2024-08-06,76700.0,72865.0,32,-132416.83738400042,-0.053888817276809275,1,stop
034020,2024-08-05,2024-08-06,17280.0,16416.0,145,-135179.11821600003,-0.05388881727680905,1,stop
000660,2024-08-05,2024-08-07,168000.0,159600.0,15,-135956.00969999935,-0.05388881727680883,2,stop
032830,2024-08-05,2024-08-07,87400.0,83030.0,28,-132028.39164200006,-0.05388881727680905,2,stop
402340,2024-08-05,2024-08-12,72800.0,77168.0,34,137930.31455839984,0.05566089861745516,5,target
042660,2025-02-19,2025-02-20,77000.0,73150.0,31,-128780.55363249965,-0.05388881727680894,1,stop
032830,2025-02-20,2025-02-21,100000.0,95000.0,25,-134876.9937499999,-0.05388881727680905,1,stop
402340,2025-02-19,2025-02-25,100800.0,95760.0,24,-130517.7693119999,-0.05388881727680905,4,stop
009150,2025-02-19,2025-02-26,144900.0,141100.0,16,-70122.02544,-0.03021112286337413,5,time
030200,2025-02-19,2025-02-26,46250.0,48050.0,52,83467.89152000006,0.034666112770397106,5,time
180640,2025-02-19,2025-02-26,82800.0,82200.0,29,-27189.301769999787,-0.01131020569735186,5,time
034020,2025-02-21,2025-02-26,28750.0,27312.5,83,-128740.09053437505,-0.05388881727680905,3,stop
267260,2025-02-26,2025-02-27,341500.0,361990.0,6,114180.35493300017,0.05566089861745516,1,target
000660,2025-02-25,2025-02-28,199800.0,189810.0,11,-118573.06274550012,-0.053888817276809164,3,stop
010120,2025-02-26,2025-02-28,51600.0,49020.0,45,-125273.75179499947,-0.05388881727680883,2,stop
298040,2025-02-26,2025-02-28,455500.0,432725.0,5,-122872.9413062497,-0.05388881727680894,2,stop
034020,2025-02-28,2025-03-04,26500.0,25175.0,81,-115805.38683374994,-0.05388881727680905,1,stop
012450,2025-02-28,2025-03-04,633165.0,671154.9,3,105849.20121691516,0.05566089861745516,1,target
000810,2025-02-26,2025-03-06,391000.0,386000.0,6,-39525.9356999998,-0.016828869212137,5,time
017670,2025-02-27,2025-03-07,57500.0,55400.0,45,-104825.50177499978,-0.04046572955853944,5,time
207940,2025-02-28,2025-03-10,1689562.0,1605083.9,1,-91153.21732569532,-0.053888817276809275,5,stop
010130,2025-03-18,2025-03-19,894000.0,849300.0,2,-96464.02593,-0.05388881727680905,1,stop
267270,2025-03-18,2025-03-20,73700.0,70015.0,30,-119285.21327250008,-0.053888817276809164,2,stop
047050,2025-03-18,2025-03-21,55000.0,58300.0,40,122594.81740000052,0.05566089861745538,3,target
000500,2025-03-19,2025-03-21,52500.0,49875.0,43,-121793.92535624979,-0.05388881727680894,2,stop
015760,2025-03-18,2025-03-25,22150.0,22600.0,100,35789.82475000061,0.016139371725988783,5,time
096770,2025-03-18,2025-03-25,127100.0,124100.0,17,-59704.63018999994,-0.02760033313223742,5,time
068270,2025-03-20,2025-03-27,180409.0,174534.0,11,-72567.35607055016,-0.03652508195320292,5,time
329180,2025-03-21,2025-03-27,295000.0,280250.0,7,-111408.39683749992,-0.05388881727680905,4,stop
010120,2025-03-25,2025-03-27,38560.0,36632.0,69,-143543.64986040024,-0.053888817276809164,2,stop
207940,2025-03-21,2025-03-28,1560049.0,1543859.0,1,-22535.663882300025,-0.014428889262727451,5,time
034020,2025-03-27,2025-03-28,25400.0,24130.0,84,-115109.42154600006,-0.053888817276809164,1,stop
009150,2025-03-25,2025-03-31,139000.0,132050.0,19,-142484.0561974994,-0.05388881727680883,4,stop
402340,2025-03-27,2025-04-02,95800.0,91010.0,22,-113706.70081100008,-0.053888817276809164,4,stop
316140,2025-03-27,2025-04-03,16800.0,16630.0,127,-30270.271120500285,-0.014171117250209142,5,time
086790,2025-03-28,2025-04-03,61500.0,58425.0,29,-96221.24734125007,-0.053888817276809164,4,stop
035420,2025-03-28,2025-04-04,197600.0,197800.0,9,-5493.545370000182,-0.0030854893317326937,5,time
443060,2025-05-19,2025-05-23,160800.0,152760.0,12,-104103.4588560001,-0.053888817276809164,4,stop
012330,2025-05-19,2025-05-26,252500.0,244000.0,7,-66568.15952500002,-0.03761905749053218,5,time
000810,2025-05-19,2025-05-26,369500.0,391670.0,5,102951.78415750014,0.05566089861745516,5,target
138040,2025-05-19,2025-05-26,111000.0,109500.0,18,-35108.60624999995,-0.01755168792613171,5,time
007660,2025-05-19,2025-05-26,40350.0,41750.0,49,60295.0076400002,0.030460885115586533,5,time
329180,2025-05-26,2025-05-27,389000.0,412340.0,5,108384.96356499987,0.05566089861745516,1,target
012450,2025-05-26,2025-05-27,799000.0,846940.0,2,89048.41736600013,0.05566089861745516,1,target
042660,2025-05-26,2025-05-27,75200.0,79712.0,26,108953.35771839996,0.05566089861745516,1,target
010140,2025-05-26,2025-05-27,14430.0,15295.800000000001,135,108554.92456185026,0.05566089861745516,1,target
278470,2025-05-27,2025-05-28,111200.0,117872.0,18,111538.99386719987,0.05566089861745516,1,target
000660,2025-05-23,2025-05-29,199900.0,211894.0,11,122533.51999130007,0.05566089861745516,4,target
009830,2025-05-27,2025-05-30,28800.0,30528.0,71,113946.3102816001,0.05566089861745516,3,target
098460,2025-05-27,2025-05-30,15920.0,15124.0,129,-110797.67380980006,-0.053888817276809164,3,stop
329180,2025-05-29,2025-06-02,402500.0,426650.0,5,112146.39546249993,0.05566089861745516,2,target
272210,2025-05-30,2025-06-02,45450.0,43177.5,48,-117699.0598259999,-0.05388881727680905,1,stop
082740,2025-05-27,2025-06-04,28550.0,27122.5,72,-110901.25934100035,-0.053888817276809275,5,stop
011200,2025-05-28,2025-06-04,22000.0,23320.0,100,122594.81740000052,0.05566089861745538,4,target
034730,2025-06-04,2025-06-05,169900.0,180094.0,13,123079.62417790014,0.05566089861745516,1,target
012330,2025-06-04,2025-06-09,249500.0,264470.0,9,125130.3011235008,0.0556608986174556,2,target
015760,2025-05-30,2025-06-10,30050.0,28547.5,73,-118349.16693587508,-0.053888817276809164,5,stop
033780,2025-06-02,2025-06-11,119200.0,121600.0,17,32375.127080000006,0.015958317018191615,5,time
259960,2025-06-02,2025-06-11,366500.0,372500.0,5,22401.607000000076,0.012210571018564265,5,time
042660,2025-06-05,2025-06-12,77500.0,82150.0,32,138197.79416000005,0.05566089861745516,4,target
010140,2025-06-10,2025-06-12,16690.0,17691.4,143,132996.9876563903,0.05566089861745516,2,target
329180,2025-06-09,2025-06-16,419500.0,444670.0,5,116883.0134075,0.05566089861745516,5,target
009150,2025-06-11,2025-06-16,130900.0,124355.0,14,-98870.23149849987,-0.05388881727680905,3,stop
000660,2025-06-16,2025-06-17,238000.0,252280.0,8,106100.24196800007,0.05566089861745516,1,target
028260,2025-06-11,2025-06-18,166400.0,164800.0,11,-25049.459599999944,-0.01366951598695676,5,time
316140,2025-06-12,2025-06-19,20350.0,20850.0,132,54796.84386000037,0.02037595550386828,5,time
323410,2025-06-12,2025-06-19,28000.0,28100.0,96,-1444.2628799993545,-0.000536682912719133,5,time
012330,2025-06-16,2025-06-23,286500.0,280500.0,6,-42938.67599999998,-0.024950172668852577,5,time
138040,2025-06-17,2025-06-24,108700.0,115222.0,21,127203.26803590031,0.05566089861745538,5,target
010950,2025-06-18,2025-06-24,62300.0,59185.0,30,-100834.04052749975,-0.05388881727680894,4,stop
329180,2025-06-19,2025-06-24,431500.0,457390.0,6,144271.81011300022,0.05566089861745516,3,target
032830,2025-06-19,2025-06-24,122400.0,129744.0,22,150056.05649759946,0.055660898617454935,3,target
034020,2025-06-23,2025-06-24,59100.0,62646.0,30,98800.27784099989,0.05566089861745516,1,target
042660,2025-06-24,2025-06-25,87300.0,82935.0,26,-122457.52016550023,-0.053888817276809164,1,stop
028260,2025-06-24,2025-06-26,166100.0,157795.0,14,-125457.1845065006,-0.053888817276809386,2,stop
010120,2025-06-24,2025-06-26,59700.0,56715.0,39,-125613.64181924984,-0.05388881727680905,2,stop
009540,2025-06-24,2025-06-26,380500.0,361475.0,6,-123169.67069249926,-0.05388881727680872,2,stop
012450,2025-06-25,2025-06-26,897000.0,852150.0,3,-145181.59607249964,-0.05388881727680894,1,stop
064350,2025-06-26,2025-06-27,195500.0,207230.0,11,119836.43400850007,0.05566089861745516,1,target
272210,2025-06-26,2025-06-27,61500.0,58425.0,38,-126083.01375749987,-0.05388881727680905,1,stop
298040,2025-06-24,2025-06-30,840000.0,890400.0,2,93617.86056000018,0.05566089861745516,4,target
034020,2025-06-27,2025-06-30,64300.0,68158.0,38,136158.26219779998,0.05566089861745516,1,target
402340,2025-06-30,2025-07-01,177700.0,188362.0,13,128730.13076170068,0.05566089861745538,1,target
079550,2025-06-26,2025-07-02,540000.0,513000.0,4,-116533.72259999951,-0.05388881727680883,4,stop
329180,2025-06-27,2025-07-02,429500.0,408025.0,5,-115859.33763125003,-0.05388881727680905,3,stop
047810,2025-06-26,2025-07-03,90900.0,88900.0,25,-59165.75699999975,-0.026005626262617265,5,time
012450,2025-07-02,2025-07-04,833000.0,791350.0,2,-89882.02863499988,-0.05388881727680905,2,stop
042660,2025-07-02,2025-07-04,79300.0,75335.0,26,-111235.75428550015,-0.053888817276809164,2,stop
009150,2025-06-30,2025-07-07,136000.0,138900.0,17,39679.622735000215,0.0171427498471457,5,time
000660,2025-07-03,2025-07-07,281000.0,266950.0,9,-136441.56687750015,-0.053888817276809164,2,stop
402340,2025-07-04,2025-07-07,168300.0,159885.0,10,-90799.19219249999,-0.05388881727680905,1,stop
329180,2025-07-04,2025-07-07,394500.0,374775.0,4,-85134.35845499998,-0.05388881727680905,1,stop
000270,2025-07-01,2025-07-08,97000.0,99100.0,25,42407.09237500047,0.017467370676812033,5,time
032830,2025-07-07,2025-07-08,121900.0,129214.0,16,108685.87811679998,0.05566089861745516,1,target
012450,2025-07-07,2025-07-08,762000.0,807720.0,2,84924.77350800019,0.05566089861745516,1,target
034730,2025-07-07,2025-07-08,193500.0,205110.0,10,107827.71439500037,0.05566089861745538,1,target
267260,2025-07-07,2025-07-08,418500.0,443610.0,4,93283.51105800015,0.05566089861745516,1,target
272210,2025-07-08,2025-07-09,52800.0,55968.0,41,120633.30032159993,0.05566089861745516,1,target
012330,2025-07-08,2025-07-10,294000.0,311640.0,7,114681.87918599998,0.05566089861745516,2,target
096770,2025-07-08,2025-07-10,113000.0,119780.0,19,119641.39679900045,0.05566089861745538,2,target
005930,2025-07-08,2025-07-15,61600.0,63700.0,35,64447.59912500065,0.029857866361368446,5,time
042700,2025-07-08,2025-07-15,93600.0,88920.0,23,-116145.27685799985,-0.05388881727680905,5,stop
030200,2025-07-10,2025-07-15,55700.0,59042.0,41,127258.99295290001,0.05566089861745516,3,target
005490,2025-07-09,2025-07-16,314000.0,305500.0,8,-78094.21099999966,-0.031052744478931027,5,time
009150,2025-07-10,2025-07-17,136300.0,137800.0,16,14991.892240000423,0.006866594426039541,5,time
329180,2025-07-15,2025-07-18,385500.0,408630.0,5,107409.7775175001,0.05566089861745516,3,target
000660,2025-07-17,2025-07-18,283500.0,269325.0,7,-107065.35763874999,-0.05388881727680905,1,stop
034020,2025-07-15,2025-07-21,62400.0,66144.0,36,125180.45354879973,0.055660898617454935,4,target
000150,2025-07-18,2025-07-21,587000.0,557650.0,3,-95007.35439749993,-0.05388881727680905,1,stop
207940,2025-07-15,2025-07-22,1530614.0,1533557.0,1,-3338.438405950088,-0.0021786048684910853,5,time
015760,2025-07-16,2025-07-23,36700.0,37800.0,96,90849.90767999971,0.025756566956449456,5,time
298040,2025-07-21,2025-07-24,1033000.0,1094980.0,2,115127.67852200032,0.05566089861745538,3,target
034730,2025-07-18,2025-07-25,213000.0,210500.0,9,-30289.918275000062,-0.01578253539297414,5,time
000660,2025-07-21,2025-07-28,267500.0,262000.0,8,-52640.43379999953,-0.02457007428046798,5,time
032830,2025-07-22,2025-07-28,132000.0,125400.0,13,-92579.5685099999,-0.05388881727680905,4,stop
402340,2025-07-24,2025-07-28,157600.0,149720.0,14,-119037.03960400028,-0.053888817276809164,2,stop
009150,2025-07-23,2025-07-30,135300.0,143418.0,27,203568.69429269992,0.05566089861745516,5,target
005930,2025-07-28,2025-07-30,68200.0,72292.0,28,106412.30150320008,0.05566089861745516,2,target
000270,2025-07-28,2025-07-31,106300.0,112678.0,18,106624.05618780036,0.05566089861745538,3,target
028260,2025-07-25,2025-08-01,167600.0,161700.0,11,-72264.11307500023,-0.039152253194699504,5,time
005380,2025-07-28,2025-08-01,221500.0,210425.0,8,-95600.81316999998,-0.05388881727680905,4,stop
402340,2025-07-30,2025-08-01,147800.0,140410.0,20,-159478.5574099999,-0.05388881727680905,2,stop
005490,2025-07-30,2025-08-01,315000.0,299250.0,9,-152950.51091249986,-0.05388881727680905,2,stop
015760,2025-07-31,2025-08-01,39200.0,37240.0,60,-126892.2757199998,-0.05388881727680905,1,stop
034730,2025-08-01,2025-08-04,199600.0,189620.0,11,-118454.37099099951,-0.05388881727680883,1,stop
298040,2025-08-01,2025-08-04,1207000.0,1146650.0,1,-65118.61258249963,-0.05388881727680883,1,stop
006800,2025-08-01,2025-08-08,18599.0,18818.0,120,17055.834629999474,0.00763313457627901,5,time
086790,2025-08-01,2025-08-08,84400.0,84900.0,26,3968.5852699996904,0.0018064282015328725,5,time
051910,2025-08-01,2025-08-08,294500.0,279775.0,7,-111219.56904625031,-0.053888817276809275,5,stop
005930,2025-08-04,2025-08-11,69500.0,71000.0,32,38744.09680000041,0.017400893197221823,5,time
005380,2025-08-04,2025-08-11,210000.0,212500.0,10,16320.078749999404,0.007762537988361018,5,time
012450,2025-08-08,2025-08-12,906000.0,860700.0,2,-97758.84507000004,-0.05388881727680905,2,stop
010120,2025-08-08,2025-08-12,64700.0,61465.0,33,-115190.34774224996,-0.05388881727680905,2,stop
009150,2025-08-08,2025-08-18,156400.0,158200.0,14,16152.290419999976,0.007368347737305214,5,time
105560,2025-08-11,2025-08-18,113600.0,107920.0,21,-128705.02251599962,-0.05388881727680894,4,stop
034730,2025-08-11,2025-08-19,190900.0,181355.0,12,-123590.48691300023,-0.053888817276809164,5,stop
329180,2025-08-12,2025-08-20,465500.0,442225.0,4,-100456.38494499982,-0.05388881727680894,5,stop
028260,2025-08-12,2025-08-20,162400.0,159000.0,11,-44610.76741000009,-0.02494375127698112,5,time
034020,2025-08-20,2025-08-21,54300.0,57558.0,32,96827.6157792001,0.05566089861745516,1,target
012450,2025-08-21,2025-08-22,834000.0,884040.0,2,92949.16155600012,0.05566089861745516,1,target
055550,2025-08-18,2025-08-25,69000.0,66700.0,34,-87583.83968999935,-0.03729037547464753,5,time
033780,2025-08-18,2025-08-25,135300.0,137900.0,17,34643.42637000047,0.015044401116645734,5,time
402340,2025-08-22,2025-08-25,135100.0,143206.0,16,120454.98058720026,0.05566089861745516,1,target
005930,2025-08-19,2025-08-26,70400.0,70300.0,31,-12034.772725000512,-0.00550813179664611,5,time
000660,2025-08-20,2025-08-27,254500.0,260000.0,6,26644.762949999887,0.017429045633459372,5,time
003670,2025-08-25,2025-08-28,154700.0,146965.0,14,-116846.63722550008,-0.053888817276809164,3,stop
373220,2025-08-25,2025-08-29,373000.0,354350.0,6,-120741.88480499946,-0.05388881727680883,4,stop
402340,2025-08-28,2025-08-29,138900.0,147234.0,15,116102.86456950055,0.05566089861745538,1,target
009150,2025-08-25,2025-09-01,156300.0,165678.0,14,121937.26337940013,0.05566089861745516,5,target
034020,2025-08-29,2025-09-01,63100.0,59945.0,34,-115746.04095649999,-0.05388881727680905,1,stop
006400,2025-08-29,2025-09-01,216500.0,205675.0,10,-116803.47658749972,-0.05388881727680894,1,stop
011200,2025-08-26,2025-09-02,22500.0,22350.0,110,-26594.402174999937,-0.010732868591189826,5,time
028260,2025-08-27,2025-09-03,163700.0,171300.0,9,62160.47531999997,0.04214285181804067,5,time
402340,2025-09-02,2025-09-05,145000.0,153700.0,19,153522.14633500017,0.05566089861745516,3,target
373220,2025-09-01,2025-09-08,352000.0,343500.0,6,-59505.04785000044,-0.028142370617775025,5,time
267260,2025-09-01,2025-09-08,492500.0,509000.0,4,57731.974699999904,0.029271903833511415,5,time
005490,2025-09-01,2025-09-08,283500.0,279500.0,7,-36050.332499999786,-0.018145082813953772,5,time
034730,2025-09-03,2025-09-08,201000.0,213060.0,8,89605.66653600009,0.05566089861745516,3,target
032830,2025-09-05,2025-09-09,148500.0,157410.0,19,157227.85331550008,0.05566089861745516,2,target
012450,2025-09-08,2025-09-11,924000.0,979440.0,2,102979.64661600022,0.05566089861745516,3,target
005380,2025-09-08,2025-09-15,218000.0,215000.0,8,-31076.507599999895,-0.017798627303302506,5,time
000270,2025-09-08,2025-09-15,106100.0,101700.0,18,-86793.25679999986,-0.04539404451660778,5,time
068270,2025-09-08,2025-09-15,169900.0,170000.0,11,-6562.368835000088,-0.0035073197054462657,5,time
034020,2025-09-09,2025-09-16,61100.0,63300.0,56,108814.39911999973,0.03176566226854982,5,time
329180,2025-09-11,2025-09-18,509000.0,499500.0,3,-34673.93197500007,-0.022681137896321313,5,time
012330,2025-09-15,2025-09-22,310500.0,312500.0,6,4329.676800000016,0.0023213648648094942,5,time
015760,2025-09-15,2025-09-22,36600.0,35900.0,53,-44940.31570500019,-0.02314088410231374,5,time
000150,2025-09-15,2025-09-22,620000.0,589000.0,3,-100348.48334999988,-0.05388881727680905,5,stop
012450,2025-09-16,2025-09-23,994000.0,1004000.0,3,17690.726100000087,0.005925688291944953,5,time
032830,2025-09-18,2025-09-25,154900.0,150200.0,14,-74493.3748300001,-0.03431144273029618,5,time
329180,2025-09-22,2025-09-25,496000.0,525760.0,3,82918.67649600003,0.05566089861745516,3,target
010120,2025-09-22,2025-09-25,59900.0,56905.0,30,-96949.58310749987,-0.05388881727680905,3,stop
000660,2025-09-23,2025-09-26,355500.0,337725.0,9,-172615.57660124963,-0.05388881727680894,3,stop
009150,2025-09-25,2025-09-26,199000.0,189050.0,9,-96625.8783224998,-0.05388881727680894,1,stop
105560,2025-09-22,2025-09-29,117400.0,115700.0,15,-32641.754924999783,-0.01851462529298664,5,time
028260,2025-09-25,2025-09-30,193400.0,183730.0,9,-93906.75812850008,-0.053888817276809164,3,stop
000660,2025-09-29,2025-10-01,339500.0,359870.0,5,94593.04660750018,0.05566089861745516,2,target
329180,2025-09-30,2025-10-01,482000.0,510920.0,3,80578.22998200008,0.05566089861745516,1,target
012330,2025-09-25,2025-10-02,307000.0,297000.0,6,-67372.00139999995,-0.036533443275200694,5,time
402340,2025-09-26,2025-10-02,203500.0,215710.0,12,136080.2473140005,0.05566089861745538,4,target
005380,2025-09-26,2025-10-10,215000.0,217000.0,11,12242.899900000077,0.005170754716927517,5,time
034020,2025-10-01,2025-10-10,62700.0,66462.0,30,104818.56887700013,0.05566089861745516,2,target
009150,2025-10-02,2025-10-10,197800.0,209668.0,11,121246.27440859983,0.05566089861745516,1,target
012450,2025-10-10,2025-10-13,1069000.0,1015550.0,2,-115346.80505499989,-0.05388881727680905,1,stop
010130,2025-10-10,2025-10-13,931000.0,986860.0,2,103759.79545400012,0.05566089861745516,1,target
051910,2025-10-01,2025-10-14,279000.0,295740.0,6,93283.51105800015,0.05566089861745516,4,target
373220,2025-10-02,2025-10-14,350000.0,371000.0,6,117022.32569999946,0.055660898617454935,3,target
035420,2025-10-10,2025-10-17,256500.0,255500.0,9,-18434.162250000052,-0.007976168315275367,5,time
329180,2025-10-13,2025-10-20,514000.0,512000.0,4,-16402.31479999982,-0.007968614470051594,5,time
316140,2025-10-13,2025-10-20,25300.0,25950.0,91,49540.33698249981,0.021493038970950895,5,time
105560,2025-10-14,2025-10-20,110100.0,116706.0,19,116570.95387230022,0.05566089861745516,4,target
068270,2025-10-14,2025-10-21,170100.0,180306.0,12,113745.70058039972,0.055660898617454935,5,target
012450,2025-10-20,2025-10-21,929000.0,984740.0,2,103536.89578600018,0.05566089861745516,1,target
010120,2025-10-20,2025-10-21,61400.0,65084.0,42,143703.4159595999,0.05566089861745516,1,target
010130,2025-10-17,2025-10-22,1243000.0,1180850.0,1,-67060.84129250003,-0.05388881727680905,3,stop
298040,2025-10-20,2025-10-22,1647000.0,1745820.0,1,91778.93829900003,0.05566089861745516,2,target
443060,2025-10-21,2025-10-22,227000.0,240620.0,12,151794.67390800035,0.05566089861745516,1,target
278470,2025-10-21,2025-10-24,234500.0,248570.0,12,156809.91643800028,0.05566089861745516,3,target
007660,2025-10-22,2025-10-24,81800.0,86708.0,24,109399.15705440007,0.05566089861745516,2,target
247540,2025-10-22,2025-10-24,161900.0,171614.0,12,108262.36874759989,0.05566089861745516,2,target
028260,2025-10-21,2025-10-28,209000.0,207000.0,13,-37058.16009999998,-0.013623697689748027,5,time
034020,2025-10-24,2025-10-28,78300.0,82998.0,31,135261.09103409993,0.05566089861745516,2,target
021240,2025-10-22,2025-10-29,93400.0,91300.0,21,-52008.200474999845,-0.026485394087373604,5,time
010130,2025-10-28,2025-10-29,1100000.0,1166000.0,2,122594.81740000052,0.05566089861745538,1,target
000270,2025-10-28,2025-10-30,114100.0,120946.0,23,146238.89968310017,0.05566089861745516,2,target
105560,2025-10-24,2025-10-31,115000.0,116600.0,21,23603.792520000134,0.009762598677565792,5,time
068270,2025-10-24,2025-10-31,173500.0,175600.0,14,19358.799530000426,0.00796070793989001,5,time
032830,2025-10-29,2025-10-31,161900.0,153805.0,14,-122284.87761349976,-0.05388881727680894,2,stop
009150,2025-10-31,2025-11-03,226000.0,239560.0,10,125938.31242000032,0.05566089861745538,1,target
012330,2025-10-29,2025-11-05,306500.0,291175.0,7,-115751.43603624962,-0.05388881727680894,5,stop
012450,2025-10-30,2025-11-05,1000000.0,950000.0,3,-161852.3924999996,-0.05388881727680894,4,stop
373220,2025-11-03,2025-11-05,480000.0,456000.0,6,-155378.29680000013,-0.053888817276809164,2,stop
066570,2025-10-31,2025-11-06,86800.0,92008.0,27,130596.91548119998,0.05566089861745516,4,target
207940,2025-10-31,2025-11-07,1797000.0,1797000.0,1,-7364.46539999987,-0.004093491870325261,5,time
009150,2025-11-05,2025-11-07,230500.0,218975.0,11,-136792.24706125027,-0.053888817276809164,2,stop
005930,2025-11-06,2025-11-07,103700.0,98515.0,26,-145462.1402195003,-0.053888817276809164,1,stop
032830,2025-11-05,2025-11-10,153000.0,162180.0,16,136414.59681600006,0.05566089861745516,3,target
034020,2025-11-07,2025-11-10,76000.0,80560.0,29,122817.7170680007,0.05566089861745538,1,target
329180,2025-11-07,2025-11-11,521000.0,552260.0,4,116130.72702800017,0.05566089861745516,2,target
006400,2025-11-07,2025-11-11,310000.0,328600.0,7,120923.06989000039,0.05566089861745538,2,target
005930,2025-11-10,2025-11-11,98600.0,104516.0,26,142856.39722120017,0.05566089861745516,1,target
000270,2025-11-05,2025-11-12,114400.0,118600.0,22,81813.25041999994,0.03246950930226755,5,time
068270,2025-11-10,2025-11-13,174000.0,184440.0,15,145442.03336999984,0.05566089861745516,3,target
307950,2025-11-11,2025-11-14,191500.0,181925.0,12,-123978.93265499966,-0.05388881727680894,3,stop
035420,2025-11-11,2025-11-18,261500.0,249000.0,9,-121813.45807499997,-0.05169896549029063,5,time
011070,2025-11-11,2025-11-18,250500.0,237975.0,9,-121632.07296374999,-0.05388881727680905,5,stop
278470,2025-11-12,2025-11-19,213000.0,224500.0,13,137711.3507249998,0.049676108333858826,5,time
373220,2025-11-18,2025-11-19,461000.0,437950.0,4,-99485.27058999985,-0.05388881727680905,1,stop
042660,2025-11-13,2025-11-20,126500.0,125000.0,23,-46322.00517499959,-0.015902659950914222,5,time
005930,2025-11-14,2025-11-21,99000.0,94800.0,22,-101053.47977999994,-0.04634407100309934,5,time
005380,2025-11-18,2025-11-21,269000.0,255550.0,8,-116102.1162199995,-0.05388881727680883,3,stop
105560,2025-11-19,2025-11-21,124500.0,118275.0,20,-134337.48577499995,-0.05388881727680905,2,stop
000660,2025-11-20,2025-11-21,595000.0,565250.0,5,-160503.62256250018,-0.053888817276809164,1,stop
240810,2025-11-21,2025-11-24,56200.0,59572.0,41,128401.35375140002,0.05566089861745516,1,target
067310,2025-11-21,2025-11-25,22750.0,24115.0,102,129309.6698985002,0.05566089861745516,2,target
032830,2025-11-19,2025-11-26,151000.0,151600.0,16,-329.5524800000712,-0.00013624746716112135,5,time
000660,2025-11-25,2025-11-26,546000.0,518700.0,4,-117828.54173999955,-0.05388881727680883,1,stop
005830,2025-11-21,2025-11-27,121200.0,128472.0,19,128323.33886760008,0.05566089861745516,4,target
000270,2025-11-21,2025-11-28,111900.0,114100.0,20,34698.51420000009,0.015486439478068714,5,time
329180,2025-11-26,2025-11-28,557000.0,529150.0,4,-120202.37682999996,-0.05388881727680905,2,stop
005380,2025-11-24,2025-12-01,262000.0,254500.0,9,-76964.56222499954,-0.03260226595800664,5,time
196170,2025-11-27,2025-12-01,520000.0,551200.0,6,173861.74104000023,0.05566089861745516,2,target
353200,2025-11-28,2025-12-01,49850.0,47357.5,47,-126404.02100262465,-0.05388881727680894,1,stop
214370,2025-11-28,2025-12-01,71500.0,75790.0,33,131482.94166150037,0.05566089861745538,1,target
207940,2025-11-26,2025-12-03,1640000.0,1654000.0,1,7237.679300000193,0.0044081490527330125,5,time
028260,2025-12-01,2025-12-03,226500.0,240090.0,11,138838.6307055005,0.05566089861745538,2,target
009150,2025-12-01,2025-12-08,255000.0,262000.0,10,59343.22650000034,0.02324511815676389,5,time
329180,2025-12-01,2025-12-08,536000.0,543000.0,4,19130.91380000068,0.008912749840323642,5,time
034020,2025-12-01,2025-12-08,77400.0,76800.0,33,-30209.25105000008,-0.011813697359702724,5,time
005490,2025-12-03,2025-12-10,310000.0,314500.0,7,22514.04242500011,0.0103632155057507,5,time
035420,2025-12-03,2025-12-10,246500.0,244500.0,9,-27038.791799999774,-0.01217386921823338,5,time
352820,2025-12-08,2025-12-10,289000.0,306340.0,9,144940.50911700027,0.05566089861745516,2,target
012330,2025-12-10,2025-12-12,359000.0,380540.0,6,120031.47121800063,0.05566089861745538,2,target
034730,2025-12-08,2025-12-15,265500.0,259000.0,9,-68120.18797499966,-0.028475383783104435,5,time
033780,2025-12-08,2025-12-15,143000.0,143000.0,18,-10548.766799999867,-0.004093491870325261,5,time
034020,2025-12-10,2025-12-17,76700.0,75500.0,32,-48345.41696000006,-0.019674819246539355,5,time
105560,2025-12-10,2025-12-17,126500.0,124300.0,19,-51526.79521000013,-0.0214136050551893,5,time
006400,2025-12-15,2025-12-18,301500.0,286425.0,8,-130129.32357000001,-0.05388881727680905,3,stop
000660,2025-12-17,2025-12-18,530000.0,561800.0,4,118136.82404000033,0.05566089861745538,1,target
005930,2025-12-12,2025-12-19,107100.0,106300.0,24,-29677.41072000051,-0.011532569428717165,5,time
402340,2025-12-17,2025-12-19,281500.0,298390.0,8,125492.51308399998,0.05566089861745516,2,target
373220,2025-12-18,2025-12-19,392000.0,372400.0,6,-126892.27572000027,-0.053888817276809164,1,stop
042700,2025-12-15,2025-12-22,116500.0,123490.0,21,136331.0094405003,0.05566089861745516,5,target
005380,2025-12-18,2025-12-24,280500.0,297330.0,8,125046.7137480001,0.05566089861745516,4,target
329180,2025-12-19,2025-12-24,509000.0,539540.0,4,113455.93101199996,0.05566089861745516,3,target
005930,2025-12-22,2025-12-26,109700.0,116282.0,28,171164.65505719976,0.05566089861745516,3,target
034020,2025-12-19,2025-12-29,75700.0,76500.0,33,16084.458060000092,0.006431279681903712,5,time
028260,2025-12-19,2025-12-29,243000.0,241500.0,10,-24914.405249999836,-0.010241062908162735,5,time
207940,2025-12-24,2026-01-05,1717000.0,1713000.0,1,-11024.817199999932,-0.006413600217744508,5,time
012330,2025-12-24,2026-01-05,365500.0,372000.0,6,29897.67345000012,0.013617567781775586,5,time
034730,2025-12-26,2026-01-05,247000.0,261820.0,15,206460.817485,0.05566089861745516,4,target
329180,2025-12-29,2026-01-06,507000.0,537420.0,5,141262.66459499998,0.05566089861745516,4,target
034020,2026-01-05,2026-01-06,76600.0,81196.0,34,145129.97383480007,0.05566089861745516,1,target
006400,2026-01-05,2026-01-06,260000.0,275600.0,10,144884.7842000001,0.05566089861745516,1,target
032830,2025-12-29,2026-01-07,156900.0,166314.0,16,139891.8316367995,0.055660898617454935,5,target
307950,2026-01-06,2026-01-07,327500.0,347150.0,8,145999.28254000004,0.05566089861745516,1,target
009150,2026-01-07,2026-01-08,270000.0,286200.0,11,165503.00349000003,0.05566089861745516,1,target
105560,2026-01-05,2026-01-12,124200.0,125500.0,21,16530.592995000072,0.006330650324268605,5,time
267260,2026-01-08,2026-01-12,812000.0,860720.0,4,180994.53041600017,0.05566089861745516,2,target
000810,2026-01-06,2026-01-13,487500.0,476500.0,5,-64827.2197499997,-0.02656522846402043,5,time
180640,2026-01-06,2026-01-13,117400.0,119300.0,23,32505.210574999917,0.01202424548441372,5,time
352820,2026-01-07,2026-01-14,333000.0,331000.0,8,-26870.435999999754,-0.010074912339572584,5,time
066570,2026-01-12,2026-01-14,88900.0,94234.0,35,173388.07924550027,0.05566089861745516,2,target
006800,2026-01-12,2026-01-15,28227.0,29920.620000000003,111,174597.1427696487,0.055660898617454935,3,target
028260,2026-01-13,2026-01-16,271000.0,287260.0,9,135913.0725630005,0.05566089861745538,3,target
005930,2026-01-14,2026-01-16,137000.0,145220.0,23,175589.21346700005,0.05566089861745516,2,target
402340,2026-01-13,2026-01-20,431500.0,427000.0,5,-31275.535374999512,-0.01447953888442366,5,time
005830,2026-01-14,2026-01-20,122100.0,129426.0,26,176904.3215081999,0.05566089861745516,4,target
001440,2026-01-15,2026-01-20,25850.0,27401.0,133,191585.05089184968,0.055660898617454935,3,target
042700,2026-01-20,2026-01-21,176400.0,167580.0,17,-161787.65154300025,-0.053888817276809164,1,stop
207940,2026-01-20,2026-01-22,1922000.0,1825900.0,1,-103693.4327949998,-0.05388881727680894,2,stop
010120,2026-01-21,2026-01-22,101400.0,107484.0,42,237321.2765196003,0.05566089861745516,1,target
068270,2026-01-16,2026-01-23,210000.0,212000.0,14,15868.746600000188,0.005391332016623895,5,time
035420,2026-01-16,2026-01-23,248500.0,263410.0,11,152324.0606195,0.05566089861745516,5,target
009150,2026-01-22,2026-01-23,286000.0,271700.0,11,-169729.208935,-0.05388881727680905,1,stop
034730,2026-01-20,2026-01-27,292500.0,298000.0,10,42850.622250000015,0.014632955291087324,5,time
329180,2026-01-23,2026-01-27,620000.0,589000.0,4,-133797.9778,-0.05388881727680905,2,stop
000660,2026-01-22,2026-01-28,766000.0,811960.0,4,170741.14568800014,0.05566089861745516,4,target
005930,2026-01-27,2026-01-28,150500.0,159530.0,20,167732.0001699999,0.05566089861745516,1,target
402340,2026-01-27,2026-01-28,444500.0,471170.0,6,148618.3536390001,0.05566089861745516,1,target
034020,2026-01-23,2026-01-30,90800.0,90600.0,33,-18860.389349999838,-0.006287118540214465,5,time
267260,2026-01-23,2026-01-30,880000.0,889000.0,3,16101.15465000039,0.006091915599182762,5,time
005380,2026-01-28,2026-02-02,505000.0,479750.0,6,-163470.91642499994,-0.05388881727680905,3,stop
066570,2026-01-28,2026-02-02,102000.0,96900.0,31,-170592.42169499956,-0.05388881727680894,3,stop
009540,2026-01-30,2026-02-02,422000.0,400900.0,7,-159370.65581500018,-0.053888817276809164,1,stop
005930,2026-02-02,2026-02-03,155700.0,165042.0,18,156174.6523842006,0.05566089861745538,1,target
009150,2026-02-02,2026-02-03,289000.0,306340.0,10,161045.01012999984,0.05566089861745516,1,target
000270,2026-01-28,2026-02-04,155100.0,156800.0,20,21187.149900000542,0.006822311249084612,5,time
034020,2026-02-03,2026-02-04,88300.0,93598.0,35,172217.85598850064,0.05566089861745538,1,target
105560,2026-01-30,2026-02-06,137700.0,145962.0,22,168813.0635598004,0.05566089861745516,5,target
329180,2026-02-03,2026-02-06,569000.0,540550.0,5,-153490.0188874998,-0.05388881727680905,3,stop
066970,2026-02-04,2026-02-06,119400.0,113430.0,28,-180368.30620200047,-0.053888817276809164,2,stop
373220,2026-02-02,2026-02-09,392500.0,394500.0,7,2698.9228000002913,0.0009811909736476832,5,time
000660,2026-02-06,2026-02-09,805000.0,853300.0,3,134575.67455499992,0.05566089861745516,1,target
009150,2026-02-06,2026-02-09,279500.0,296270.0,10,155751.14301500004,0.05566089861745516,1,target
010950,2026-02-04,2026-02-11,99500.0,105470.0,34,188517.3942110003,0.05566089861745516,5,target
005380,2026-02-09,2026-02-11,484000.0,513040.0,6,161825.15896800067,0.05566089861745538,2,target
005930,2026-02-09,2026-02-12,168600.0,178716.0,18,169113.97811160004,0.05566089861745516,3,target
035420,2026-02-06,2026-02-13,251000.0,252500.0,12,5603.156700000167,0.0018581406483779705,5,time
402340,2026-02-09,2026-02-13,548000.0,580880.0,5,152686.2725800001,0.05566089861745516,4,target
007660,2026-02-11,2026-02-13,110800.0,105260.0,31,-185310.19925299985,-0.05388881727680905,2,stop
009540,2026-02-11,2026-02-19,385500.0,408630.0,9,193337.59953150013,0.05566089861745516,3,target
000660,2026-02-12,2026-02-20,882000.0,934920.0,3,147448.130382,0.05566089861745516,3,target
0126Z0,2026-02-13,2026-02-23,610000.0,646600.0,5,169960.99684999976,0.05566089861745516,3,target
003490,2026-02-13,2026-02-23,24800.0,26288.0,133,183803.06623280002,0.05566089861745516,3,target
062040,2026-02-13,2026-02-23,150500.0,159530.0,21,176118.60017850017,0.05566089861745516,3,target
005380,2026-02-19,2026-02-23,504000.0,534240.0,8,224682.86534399958,0.055660898617454935,2,target
042700,2026-02-23,2026-02-24,201500.0,213590.0,17,190885.7031835001,0.05566089861745516,1,target
010130,2026-02-23,2026-02-24,1676000.0,1776560.0,2,186789.921784,0.05566089861745516,1,target
440110,2026-02-23,2026-02-24,51200.0,54272.0,70,199718.10252799978,0.05566089861745516,1,target
006400,2026-02-24,2026-02-25,400500.0,424530.0,9,200860.46332649933,0.055660898617454935,1,target
003670,2026-02-24,2026-02-25,228000.0,241680.0,16,203284.49721599976,0.05566089861745516,1,target
373220,2026-02-24,2026-02-26,407000.0,431420.0,9,204120.3709710003,0.05566089861745516,2,target
105560,2026-02-20,2026-02-27,167400.0,159030.0,16,-144501.81602399983,-0.05388881727680905,5,stop
034020,2026-02-25,2026-02-27,102300.0,108438.0,40,228026.36036400078,0.05566089861745538,2,target
017670,2026-02-23,2026-03-03,80900.0,78200.0,44,-133037.72438000003,-0.03733140994140227,5,time
055550,2026-02-25,2026-03-03,100300.0,95285.0,40,-216450.59957000054,-0.053888817276809164,3,stop
329180,2026-02-26,2026-03-03,590000.0,625400.0,6,197266.20617999975,0.05566089861745516,2,target
012450,2026-02-27,2026-03-03,1227000.0,1300620.0,2,136748.9463180001,0.05566089861745516,1,target
068270,2026-02-27,2026-03-03,241500.0,229425.0,15,-195436.76394374995,-0.05388881727680905,1,stop
032830,2026-03-03,2026-03-04,221000.0,209950.0,16,-190770.01996000018,-0.053888817276809164,1,stop
105560,2026-03-03,2026-03-04,157500.0,149625.0,23,-195436.76394374995,-0.05388881727680905,1,stop
086790,2026-03-03,2026-03-04,120600.0,114570.0,30,-195193.985355,-0.05388881727680905,1,stop
009540,2026-03-03,2026-03-04,451000.0,428450.0,8,-194654.47738000005,-0.05388881727680905,1,stop
010130,2026-03-03,2026-03-04,2085000.0,1980750.0,1,-112487.41278750007,-0.053888817276809164,1,stop
005930,2026-03-04,2026-03-05,184200.0,195252.0,18,184761.53480520006,0.05566089861745516,1,target
000660,2026-03-04,2026-03-05,894000.0,947640.0,3,149454.22739400016,0.05566089861745516,1,target
402340,2026-03-04,2026-03-05,549000.0,581940.0,6,183557.87659800053,0.05566089861745538,1,target
009150,2026-03-04,2026-03-05,387000.0,410220.0,8,172524.34303200012,0.05566089861745516,1,target
005380,2026-03-05,2026-03-06,565000.0,536750.0,6,-182893.20352500025,-0.053888817276809164,1,stop
034020,2026-03-05,2026-03-06,91000.0,96460.0,39,197767.73043299932,0.055660898617454935,1,target
028260,2026-03-05,2026-03-06,294500.0,279775.0,12,-190662.118365,-0.05388881727680905,1,stop
373220,2026-03-04,2026-03-09,380000.0,361000.0,9,-184511.72744999966,-0.05388881727680894,3,stop
329180,2026-03-05,2026-03-09,560000.0,532000.0,6,-181274.67959999992,-0.05388881727680905,2,stop
000660,2026-03-10,2026-03-11,915000.0,969900.0,3,152964.89716499997,0.05566089861745516,1,target
402340,2026-03-10,2026-03-11,549000.0,581940.0,6,183557.87659800053,0.05566089861745538,1,target
032830,2026-03-10,2026-03-11,213000.0,225780.0,16,189910.5171360001,0.05566089861745516,1,target
028260,2026-03-10,2026-03-13,286000.0,271700.0,12,-185159.13702000026,-0.053888817276809164,3,stop
064350,2026-03-11,2026-03-16,203500.0,193325.0,18,-197621.77124250028,-0.053888817276809164,3,stop
047810,2026-03-11,2026-03-16,174000.0,184440.0,21,203618.84671799978,0.05566089861745516,3,target
005930,2026-03-10,2026-03-17,187600.0,193900.0,18,99226.88936999999,0.0293511296713429,5,time
079550,2026-03-11,2026-03-17,732000.0,695400.0,5,-197459.91884999955,-0.05388881727680894,4,stop
000660,2026-03-16,2026-03-17,925000.0,980500.0,4,206182.19290000014,0.05566089861745516,1,target
402340,2026-03-16,2026-03-17,536000.0,568160.0,7,209079.88858400006,0.05566089861745516,1,target
012330,2026-03-13,2026-03-18,399000.0,422940.0,8,177873.93506400008,0.05566089861745516,3,target
032830,2026-03-17,2026-03-18,217500.0,230550.0,17,206042.88060750067,0.05566089861745538,1,target
028260,2026-03-17,2026-03-18,283500.0,300510.0,13,205374.18160350015,0.05566089861745516,1,target
272210,2026-03-18,2026-03-19,139000.0,147340.0,27,209135.61350100022,0.05566089861745516,1,target
329180,2026-03-17,2026-03-20,587000.0,557650.0,6,-190014.70879499987,-0.05388881727680905,3,stop
012450,2026-03-18,2026-03-20,1415000.0,1344250.0,2,-152680.75692499988,-0.05388881727680905,2,stop
079550,2026-03-19,2026-03-20,720000.0,684000.0,7,-271912.0193999987,-0.05388881727680883,1,stop
005380,2026-03-17,2026-03-23,528000.0,501600.0,7,-199402.1475599995,-0.05388881727680894,4,stop
034020,2026-03-18,2026-03-23,106800.0,101460.0,35,-201668.08105499996,-0.05388881727680905,3,stop
010140,2026-03-20,2026-03-23,28750.0,27312.5,125,-193885.6785156252,-0.053888817276809164,1,stop
047810,2026-03-20,2026-03-23,191100.0,181545.0,18,-185579.9532405003,-0.053888817276809164,1,stop
950160,2026-03-20,2026-03-23,97200.0,92340.0,37,-194028.64812899986,-0.05388881727680905,1,stop
402340,2026-03-23,2026-03-24,564000.0,597840.0,6,188573.119128,0.05566089861745516,1,target
329180,2026-03-23,2026-03-24,535000.0,508250.0,6,-173182.05997499963,-0.05388881727680894,1,stop
000660,2026-03-23,2026-03-25,952000.0,1009120.0,3,159150.362952,0.05566089861745516,2,target
012450,2026-03-23,2026-03-25,1300000.0,1378000.0,2,144884.7842000001,0.05566089861745516,2,target
005930,2026-03-23,2026-03-26,190500.0,180975.0,18,-184997.28462750046,-0.053888817276809164,3,stop
000270,2026-03-24,2026-03-26,164000.0,155800.0,25,-221198.2697499995,-0.05388881727680894,2,stop
009150,2026-03-24,2026-03-27,452000.0,429400.0,9,-219471.84422999993,-0.05388881727680905,3,stop
034020,2026-03-25,2026-03-27,102400.0,97280.0,29,-160212.28825600026,-0.053888817276809164,2,stop
010120,2026-03-25,2026-03-27,169600.0,161120.0,17,-155550.93935200013,-0.053888817276809164,2,stop
028050,2026-03-26,2026-03-27,33500.0,31825.0,108,-195193.985355,-0.05388881727680905,1,stop
047050,2026-03-26,2026-03-30,75500.0,71725.0,48,-195517.69014000054,-0.053888817276809275,2,stop
015760,2026-03-27,2026-03-30,44150.0,41942.5,72,-171498.79509299994,-0.05388881727680905,1,stop
278470,2026-03-27,2026-03-30,307500.0,325950.0,10,171354.1197750005,0.05566089861745538,1,target
033780,2026-03-27,2026-03-31,155400.0,164724.0,20,173193.04203600064,0.05566089861745538,2,target
307950,2026-03-27,2026-03-31,376000.0,357200.0,8,-162283.99887999985,-0.05388881727680905,2,stop
000660,2026-03-30,2026-03-31,867000.0,823650.0,3,-140326.02429750003,-0.05388881727680905,1,stop
402340,2026-03-30,2026-03-31,503000.0,477850.0,6,-162823.5068549998,-0.05388881727680905,1,stop
005930,2026-03-30,2026-04-01,171000.0,181260.0,19,181050.25533299986,0.05566089861745516,2,target
009150,2026-03-31,2026-04-01,412500.0,437250.0,7,160905.6978374999,0.05566089861745516,1,target
028260,2026-03-31,2026-04-01,251000.0,266060.0,12,167843.45000400068,0.05566089861745538,1,target
012450,2026-03-31,2026-04-01,1263000.0,1338780.0,2,140761.14034199994,0.05566089861745516,1,target
034020,2026-03-31,2026-04-02,94900.0,100594.0,33,174513.72256889986,0.05566089861745516,2,target
032830,2026-04-01,2026-04-02,228000.0,216600.0,14,-172210.9456199999,-0.05388881727680905,1,stop
000250,2026-04-02,2026-04-03,790000.0,750500.0,4,-170484.52009999985,-0.05388881727680905,1,stop
028260,2026-04-06,2026-04-07,265500.0,281430.0,12,177539.58556200005,0.05566089861745516,1,target
005380,2026-04-01,2026-04-08,472000.0,500320.0,7,184115.12576800026,0.05566089861745516,5,target
000270,2026-04-01,2026-04-08,152900.0,159200.0,22,124405.87510999944,0.0369412432586278,5,time
105560,2026-04-01,2026-04-08,148000.0,156880.0,22,181440.32975199958,0.055660898617454935,5,target
012330,2026-04-07,2026-04-09,389000.0,412340.0,9,195092.93441700004,0.05566089861745516,2,target
373220,2026-04-06,2026-04-13,399500.0,401500.0,8,2854.9840000001714,0.0008922728762563725,5,time
042660,2026-04-08,2026-04-13,127000.0,120650.0,27,-184997.2846275,-0.05388881727680905,3,stop
010130,2026-04-08,2026-04-13,1548000.0,1640880.0,2,172524.34303200012,0.05566089861745516,3,target
010120,2026-04-09,2026-04-13,157600.0,167056.0,26,228338.41989919962,0.055660898617454935,2,target
006800,2026-04-13,2026-04-14,64900.0,68794.0,54,195293.54411820043,0.05566089861745516,1,target
034020,2026-04-08,2026-04-15,99200.0,105152.0,35,193476.9118239996,0.055660898617454935,5,target
005380,2026-04-13,2026-04-15,476500.0,505090.0,7,185870.46065350017,0.05566089861745516,2,target
000270,2026-04-13,2026-04-16,147400.0,156244.0,23,188918.61361339968,0.055660898617454935,3,target
068270,2026-04-13,2026-04-16,195800.0,207548.0,17,185485.9587261998,0.05566089861745516,3,target
012450,2026-04-16,2026-04-17,1570000.0,1491500.0,2,-169405.50414999994,-0.05388881727680905,1,stop
373220,2026-04-15,2026-04-20,406000.0,430360.0,9,203618.84671800025,0.05566089861745516,3,target
000150,2026-04-17,2026-04-20,1340000.0,1420400.0,3,224014.16634000093,0.05566089861745538,1,target
042700,2026-04-14,2026-04-21,285000.0,295000.0,14,123235.45500000007,0.030850596134224695,5,time
105560,2026-04-15,2026-04-22,157400.0,157400.0,23,-14836.303640000056,-0.004093491870325372,5,time
298040,2026-04-16,2026-04-23,3007000.0,3187420.0,1,167564.82541900035,0.05566089861745516,5,target
028260,2026-04-20,2026-04-23,305000.0,323300.0,13,220949.295905001,0.05566089861745538,3,target
032830,2026-04-20,2026-04-27,256500.0,243675.0,15,-207575.6933812499,-0.05388881727680905,5,stop
005930,2026-04-21,2026-04-28,218000.0,222000.0,20,61896.004000000656,0.014180022040310991,5,time
005380,2026-04-27,2026-04-28,520000.0,551200.0,7,202838.69788000034,0.05566089861745516,1,target
068270,2026-04-22,2026-04-29,203000.0,204000.0,18,2972.1123000001535,0.0008124515194760651,5,time
055550,2026-04-23,2026-04-30,98700.0,99900.0,37,29302.89000000013,0.008014793942801468,5,time
024110,2026-04-23,2026-04-30,22600.0,22600.0,163,-15096.949159999844,-0.004093491870325261,5,time
028260,2026-04-30,2026-05-06,305500.0,323830.0,13,221311.50786550017,0.05566089861745516,2,target
006800,2026-04-30,2026-05-06,67800.0,71868.0,60,226688.96235599974,0.05566089861745516,2,target
000270,2026-04-28,2026-05-07,152900.0,157600.0,27,109607.29339500004,0.02651972322587781,5,time
105560,2026-04-28,2026-05-07,158900.0,161200.0,26,42692.40312999999,0.010321769103232015,5,time
012450,2026-04-29,2026-05-07,1406000.0,1335700.0,2,-151709.64256999968,-0.05388881727680894,4,stop
329180,2026-05-06,2026-05-08,679000.0,645050.0,6,-219795.54901500046,-0.053888817276809164,2,stop
010140,2026-05-07,2026-05-11,32250.0,34185.0,117,210264.04307025066,0.05566089861745538,2,target
068270,2026-05-07,2026-05-12,199600.0,189620.0,19,-204603.00443899957,-0.05388881727680894,3,stop
086790,2026-05-07,2026-05-12,129100.0,122645.0,29,-201986.39076024992,-0.05388881727680905,3,stop
006400,2026-05-08,2026-05-12,683000.0,648850.0,5,-184241.97346249968,-0.05388881727680894,2,stop
012450,2026-05-11,2026-05-12,1349000.0,1281550.0,3,-218338.8774825004,-0.053888817276809164,1,stop
055550,2026-05-06,2026-05-13,97900.0,95200.0,44,-136103.1779799997,-0.03155975920383014,5,time
373220,2026-05-12,2026-05-13,470000.0,446500.0,7,-177498.12377499975,-0.05388881727680905,1,stop
009150,2026-05-12,2026-05-13,912000.0,966720.0,4,203284.49721599976,0.05566089861745516,1,target
034020,2026-05-12,2026-05-13,130600.0,124070.0,28,-197287.276298,-0.05388881727680905,1,stop
267260,2026-05-12,2026-05-13,1367000.0,1298650.0,2,-147501.48036499927,-0.05388881727680883,1,stop
010120,2026-05-13,2026-05-14,277500.0,294150.0,13,201027.6380774998,0.05566089861745516,1,target
006800,2026-05-13,2026-05-15,73300.0,69635.0,50,-197729.67283749953,-0.05388881727680894,2,stop
005490,2026-05-13,2026-05-15,475000.0,503500.0,7,185285.34902500035,0.05566089861745516,2,target
028260,2026-05-14,2026-05-15,426500.0,405175.0,9,-207090.13620374957,-0.05388881727680894,1,stop
034020,2026-05-15,2026-05-18,118800.0,112860.0,31,-198689.99703300046,-0.053888817276809164,1,stop
267260,2026-05-15,2026-05-18,1267000.0,1203650.0,2,-136711.32086499967,-0.05388881727680894,1,stop
009540,2026-05-15,2026-05-18,438500.0,416575.0,8,-189259.39763000002,-0.05388881727680905,1,stop
402340,2026-05-18,2026-05-19,1087000.0,1032650.0,3,-175933.55064749997,-0.05388881727680905,1,stop
329180,2026-05-18,2026-05-19,625000.0,593750.0,5,-168596.2421875,-0.05388881727680905,1,stop
105560,2026-05-13,2026-05-20,152800.0,151700.0,24,-41351.09052000055,-0.011262975894819172,5,time
000660,2026-05-18,2026-05-20,1780000.0,1691000.0,2,-192064.83909999998,-0.05388881727680905,2,stop
009150,2026-05-18,2026-05-20,990000.0,940500.0,3,-160233.86857499974,-0.05388881727680894,2,stop
005380,2026-05-19,2026-05-20,661000.0,627950.0,5,-178307.3857374997,-0.05388881727680894,1,stop
373220,2026-05-19,2026-05-20,411000.0,390450.0,9,-199563.99995250022,-0.053888817276809164,1,stop
