code,entry_date,exit_date,entry_price,exit_price,shares,pnl_krw,pnl_pct,hold_days,reason
145020,2020-10-23,2020-10-26,219900.0,211104.0,9,-87041.36818980007,-0.04392975219551232,1,stop
138040,2020-10-23,2020-10-27,9990.0,9590.4,199,-87433.23246677988,-0.04392975219551232,2,stop
010130,2020-10-23,2020-10-27,389000.0,373440.0,5,-85541.64070999972,-0.043929752195512206,2,stop
000250,2020-10-26,2020-10-27,57900.0,55584.0,34,-86579.57527080015,-0.04392975219551243,1,stop
005830,2020-10-23,2020-10-28,47450.0,45552.0,42,-87648.29602620006,-0.04392975219551232,3,stop
055550,2020-10-23,2020-10-28,30500.0,31500.0,65,56683.695250000106,0.028559180527369055,3,time
011200,2020-10-27,2020-10-30,8880.0,8970.0,212,11308.643814000068,0.006000155171529409,3,time
012330,2020-10-27,2020-10-30,242000.0,232320.0,7,-74502.59093199996,-0.04392975219551232,3,stop
000270,2020-10-27,2020-10-30,50600.0,50500.0,37,-11361.742254999932,-0.006061686550423495,3,time
100790,2020-11-09,2020-11-10,3608.0,3463.68,528,-83783.48511667177,-0.043929752195512206,1,stop
051910,2020-11-09,2020-11-10,739000.0,709440.0,2,-65002.85088399984,-0.043929752195512206,1,stop
078600,2020-11-09,2020-11-10,45600.0,43776.0,41,-82225.52774879988,-0.04392975219551232,1,stop
047040,2020-11-09,2020-11-10,3170.0,3423.6000000000004,601,144156.50939252018,0.07557902878004863,1,target
011200,2020-11-10,2020-11-11,12950.0,12432.0,145,-82583.96701449994,-0.04392975219551232,1,stop
003550,2020-11-09,2020-11-12,70188.0,71322.0,27,22761.33614190016,0.011996979153482856,3,time
336260,2020-11-11,2020-11-12,45650.0,43824.0,40,-80307.98762800009,-0.04392975219551243,1,stop
267260,2020-11-10,2020-11-13,16900.0,16224.0,111,-82502.60350019997,-0.04392975219551232,3,stop
010140,2020-11-10,2020-11-13,5464.0,5673.0,345,64166.99599875021,0.03400029659949588,3,time
009540,2020-11-10,2020-11-13,92000.0,92300.0,20,-1558.3762999998871,-0.0008459706481632745,3,time
087010,2020-11-12,2020-11-13,17923.0,17206.079999999998,103,-81190.62782718241,-0.04392975219551254,1,stop
214150,2020-11-13,2020-11-16,16650.0,15984.0,111,-81282.15078569995,-0.04392975219551232,1,stop
000250,2020-11-13,2020-11-16,57900.0,55584.0,32,-81486.65907840012,-0.04392975219551243,1,stop
011200,2020-11-13,2020-11-16,14400.0,13824.0,129,-81697.76441280032,-0.04392975219551254,1,stop
068270,2020-11-12,2020-11-17,251959.0,241880.63999999998,7,-77568.58805221389,-0.04392975219551232,3,stop
307950,2020-11-13,2020-11-17,75800.0,81864.0,24,137651.5071552,0.07557902878004863,2,target
319660,2020-11-16,2020-11-17,16800.0,18144.0,106,134745.93444480002,0.07557902878004863,1,target
084370,2020-11-16,2020-11-18,30000.0,32400.000000000004,59,133928.74212000007,0.07557902878004863,2,target
352820,2020-11-17,2020-11-18,167310.0,180694.80000000002,11,139256.38208196033,0.07557902878004885,1,target
039490,2020-11-17,2020-11-18,121500.0,116640.0,15,-80154.05665499996,-0.04392975219551232,1,stop
009150,2020-11-16,2020-11-19,154500.0,148320.0,11,-74744.48246099986,-0.043929752195512206,3,stop
131290,2020-11-18,2020-11-19,50000.0,54000.0,38,143765.31640000013,0.07557902878004863,1,target
067310,2020-11-17,2020-11-20,5854.0,5738.0,324,-45246.24003600003,-0.023827887999987474,3,time
267260,2020-11-18,2020-11-20,16800.0,18144.0,114,144915.4389312002,0.07557902878004863,2,target
237690,2020-11-19,2020-11-20,79600.0,76416.0,23,-80519.09296240006,-0.04392975219551232,1,stop
298380,2020-11-19,2020-11-20,24500.0,26460.0,76,140890.0100720001,0.07557902878004863,1,target
090430,2020-11-18,2020-11-23,185500.0,197000.0,10,107058.81325000012,0.05764734286547668,3,time
032820,2020-11-20,2020-11-23,1765.0,1694.3999999999999,1094,-84921.95859298017,-0.04392975219551243,1,stop
084370,2020-11-20,2020-11-23,34300.0,32928.0,56,-84477.31798240007,-0.04392975219551232,1,stop
001440,2020-11-23,2020-11-24,11091.0,10647.359999999999,171,-83411.2800239583,-0.04392975219551254,1,stop
161390,2020-11-20,2020-11-25,36000.0,34560.0,53,-83914.37042399985,-0.043929752195512206,3,stop
240810,2020-11-20,2020-11-25,38750.0,37200.0,49,-83507.55285249976,-0.043929752195512206,3,stop
000500,2020-11-23,2020-11-26,19146.0,18380.16,99,-83362.59385621198,-0.04392975219551232,3,stop
178320,2020-11-23,2020-11-26,22778.0,23380.0,83,42070.74736690009,0.02222733163894075,3,time
226950,2020-11-25,2020-11-26,47644.0,51455.520000000004,38,136991.09469123208,0.07557902878004863,1,target
082740,2020-11-24,2020-11-27,5208.0,5460.0,353,81159.52402739995,0.04409553271659439,3,time
336260,2020-11-25,2020-11-30,46800.0,49900.0,38,110164.48082999978,0.06187467426646931,3,time
043260,2020-11-26,2020-12-01,1750.0,1680.0,1094,-84200.24223100021,-0.04392975219551243,3,stop
068270,2020-11-26,2020-12-01,286123.0,293814.0,6,38974.42361309985,0.022676522962544743,3,time
267270,2020-11-26,2020-12-01,33650.0,34300.0,56,28570.042899999535,0.015143929534853884,3,time
319400,2020-11-30,2020-12-01,3600.0,3456.0,526,-83281.05442080018,-0.04392975219551243,1,stop
298380,2020-11-27,2020-12-02,27850.0,26736.0,77,-94313.50715710013,-0.04392975219551243,3,stop
141080,2020-12-01,2020-12-02,57800.0,55488.0,31,-78803.86212040018,-0.04392975219551243,1,stop
007660,2020-12-01,2020-12-02,3688.0,3540.48,495,-80288.63630568003,-0.04392975219551232,1,stop
066970,2020-12-02,2020-12-03,53186.0,51058.56,34,-79530.59223407204,-0.04392975219551232,1,stop
006260,2020-12-01,2020-12-04,64200.0,69336.0,28,136017.1225056001,0.07557902878004863,3,target
096770,2020-12-02,2020-12-04,180554.0,173331.84,10,-79408.15114011988,-0.04392975219551232,2,stop
196170,2020-12-02,2020-12-07,96201.0,92352.95999999999,19,-80387.9877536823,-0.04392975219551254,3,stop
006800,2020-12-02,2020-12-07,10056.0,10006.0,184,-16755.793792799814,-0.009045294317270747,3,time
036930,2020-12-03,2020-12-08,8660.0,8860.0,212,34751.035336000146,0.018906658432900514,3,time
005380,2020-12-04,2020-12-08,198000.0,190080.0,9,-78372.85539599997,-0.04392975219551232,2,stop
047040,2020-12-04,2020-12-09,3850.0,4158.0,476,138665.43096559984,0.07557902878004863,3,target
237690,2020-12-07,2020-12-09,111000.0,106560.0,16,-78108.97372799995,-0.04392975219551232,2,stop
028300,2020-12-08,2020-12-09,48495.0,46555.2,37,-78914.47251957026,-0.04392975219551243,1,stop
298380,2020-12-08,2020-12-09,28550.0,27408.0,63,-79105.12702469993,-0.04392975219551232,1,stop
083650,2020-12-07,2020-12-10,2550.0,2645.0,712,59999.901977999834,0.03300890745215268,3,time
005290,2020-12-09,2020-12-11,33050.0,31728.0,53,-77038.05395870004,-0.04392975219551232,2,stop
042700,2020-12-09,2020-12-14,6750.0,6875.0,263,25502.753306250088,0.014349221243187271,3,time
066570,2020-12-09,2020-12-14,96800.0,95000.0,18,-39445.18686000025,-0.022612414542158232,3,time
272210,2020-12-09,2020-12-14,11578.0,12160.0,153,81523.7971208999,0.04596848668654707,3,time
095340,2020-12-11,2020-12-14,23400.0,25272.0,74,131023.16940960009,0.07557902878004863,1,target
003670,2020-12-10,2020-12-15,99354.0,98385.0,19,-26093.002144649858,-0.013806572434546638,3,time
082740,2020-12-14,2020-12-15,7922.0,7605.12,228,-79437.88180804811,-0.04392975219551243,1,stop
009540,2020-12-14,2020-12-17,109500.0,110500.0,16,8772.784800000023,0.005001544733598706,3,time
214450,2020-12-14,2020-12-17,59800.0,58800.0,30,-37263.729300000006,-0.020747446855771456,3,time
032830,2020-12-14,2020-12-17,76500.0,75900.0,23,-20970.09980999981,-0.011904523306636383,3,time
336260,2020-12-15,2020-12-17,53700.0,57996.00000000001,34,138150.90246480005,0.07557902878004863,2,target
108490,2020-12-15,2020-12-18,12513.0,12464.0,148,-14820.175678200088,-0.007993389488670677,3,time
066970,2020-12-17,2020-12-18,70017.0,67216.31999999999,25,-76984.17811815022,-0.04392975219551243,1,stop
042700,2020-12-17,2020-12-21,7925.0,8559.0,228,136720.81589640002,0.07557902878004863,2,target
095340,2020-12-17,2020-12-21,26500.0,25440.0,68,-79252.46095600002,-0.04392975219551232,2,stop
298040,2020-12-17,2020-12-21,63200.0,60672.0,28,-77827.49994879984,-0.043929752195512206,2,stop
319660,2020-12-18,2020-12-21,21100.0,20256.0,86,-79806.61245879997,-0.04392975219551232,1,stop
357780,2020-12-18,2020-12-21,280000.0,268800.0,6,-73886.86703999969,-0.043929752195512206,1,stop
000100,2020-12-21,2020-12-22,61790.0,66733.20000000001,28,130911.1837947201,0.07557902878004863,1,target
047040,2020-12-21,2020-12-22,4650.0,4464.0,380,-77713.15122599993,-0.04392975219551232,1,stop
079550,2020-12-21,2020-12-22,30500.0,29280.0,57,-76459.71330299997,-0.04392975219551232,1,stop
214370,2020-12-21,2020-12-22,14860.0,14265.6,118,-77118.53786743991,-0.04392975219551232,1,stop
000250,2020-12-22,2020-12-23,91100.0,87456.0,19,-76125.46319020027,-0.04392975219551254,1,stop
010120,2020-12-22,2020-12-23,12700.0,12192.0,138,-77079.83522280026,-0.04392975219551243,1,stop
033780,2020-12-21,2020-12-24,88500.0,88400.0,19,-8785.522004999919,-0.005218809958607462,3,time
010130,2020-12-22,2020-12-28,417000.0,416000.0,4,-10824.005399999907,-0.00648175687783048,3,time
035720,2020-12-22,2020-12-28,76270.0,74867.0,23,-39362.97279654979,-0.022413366406918045,3,time
009830,2020-12-23,2020-12-28,56233.0,53983.68,30,-74194.28918321966,-0.043929752195512095,2,stop
066570,2020-12-24,2020-12-28,125000.0,120000.0,14,-76965.48649999988,-0.04392975219551232,1,stop
032830,2020-12-23,2020-12-29,80800.0,79100.0,21,-42548.580375000136,-0.02504697038295467,3,time
319400,2020-12-28,2020-12-29,5840.0,5606.4,285,-73200.77470319998,-0.04392975219551232,1,stop
000990,2020-12-28,2020-12-29,43300.0,46764.0,38,124500.76400239975,0.07557902878004841,1,target
131290,2020-12-29,2020-12-30,57700.0,62316.00000000001,29,126611.84417479998,0.07557902878004863,1,target
039030,2020-12-28,2021-01-04,111100.0,117900.0,15,94869.64860000019,0.05686208198459641,3,time
005930,2020-12-28,2021-01-04,79000.0,83000.0,21,76953.44999999995,0.04633215411092406,3,time
272210,2020-12-29,2021-01-05,15334.0,15915.0,110,56808.99225650006,0.03364106409832868,3,time
064760,2020-12-29,2021-01-05,122300.0,123300.0,13,6445.947169999825,0.004049652104569645,3,time
067310,2021-01-04,2021-01-05,7841.0,7527.36,223,-76901.40723495395,-0.04392975219551232,1,stop
042700,2020-12-30,2021-01-06,8950.0,8800.0,213,-39668.41337249987,-0.02078466239763821,3,time
003670,2021-01-05,2021-01-06,114378.0,123528.24,14,121163.29001515219,0.07557902878004885,1,target
096770,2021-01-05,2021-01-06,224832.0,242818.56000000003,7,119084.89753574412,0.07557902878004863,1,target
064350,2021-01-05,2021-01-06,20250.0,21870.0,83,127175.55554700014,0.07557902878004863,1,target
131970,2021-01-04,2021-01-07,56800.0,54528.0,30,-74942.39371199976,-0.043929752195512206,3,stop
028300,2021-01-06,2021-01-07,44453.0,42674.88,41,-80157.26721529406,-0.04392975219551232,1,stop
018260,2021-01-06,2021-01-07,216000.0,207360.0,8,-75997.92038399982,-0.043929752195512206,1,stop
087010,2021-01-07,2021-01-08,17444.0,16746.239999999998,98,-75184.81300433632,-0.04392975219551254,1,stop
080220,2021-01-07,2021-01-08,3865.0,4174.200000000001,442,129262.42261348013,0.07557902878004863,1,target
010130,2021-01-06,2021-01-11,452500.0,434400.0,4,-79604.30318000005,-0.04392975219551232,3,stop
047040,2021-01-06,2021-01-11,5900.0,5860.0,309,-19794.990522000007,-0.010845400400018024,3,time
034730,2021-01-07,2021-01-11,286000.0,308880.0,5,108202.31708000018,0.07557902878004885,2,target
003550,2021-01-08,2021-01-11,101551.0,97488.95999999999,18,-80392.34180120425,-0.04392975219551243,1,stop
010120,2021-01-08,2021-01-11,15300.0,14688.0,122,-82093.58691480011,-0.04392975219551243,1,stop
035420,2021-01-11,2021-01-12,320000.0,307200.0,5,-70368.44479999994,-0.04392975219551232,1,stop
012450,2021-01-11,2021-01-12,33562.0,32219.52,51,-75279.37060203566,-0.043929752195512095,1,stop
218410,2021-01-11,2021-01-12,46734.0,44864.64,37,-76048.849545924,-0.04392975219551232,1,stop
078600,2021-01-12,2021-01-13,51700.0,49632.0,32,-72760.97192319995,-0.04392975219551232,1,stop
005930,2021-01-11,2021-01-14,90000.0,89700.0,19,-12691.118114999961,-0.007413180230757543,3,time
035720,2021-01-11,2021-01-14,88515.0,90623.0,19,33041.63341439981,0.01962419348399136,3,time
058470,2021-01-12,2021-01-14,30054.0,28851.84,56,-74019.86340067186,-0.043929752195512206,2,stop
353200,2021-01-13,2021-01-14,16000.0,15360.0,103,-72479.49814399984,-0.043929752195512206,1,stop
000720,2021-01-12,2021-01-15,43394.0,41658.24,38,-72522.24697421584,-0.043929752195512206,3,stop
352820,2021-01-14,2021-01-15,164835.0,158241.6,10,-72494.89124129992,-0.04392975219551232,1,stop
036930,2021-01-14,2021-01-15,8580.0,9266.400000000001,192,124649.0692761601,0.07557902878004863,1,target
007660,2021-01-14,2021-01-18,3419.0,3282.24,482,-72477.65097232396,-0.04392975219551232,2,stop
009150,2021-01-14,2021-01-18,205000.0,196800.0,8,-72127.65591999982,-0.043929752195512206,2,stop
100790,2021-01-15,2021-01-18,5948.0,5710.08,276,-72200.13541814382,-0.043929752195512206,1,stop
000150,2021-01-15,2021-01-19,57000.0,54720.0,28,-70192.52368800016,-0.04392975219551243,2,stop
012450,2021-01-18,2021-01-19,36873.0,39822.840000000004,44,122761.35500587244,0.07557902878004885,1,target
145020,2021-01-15,2021-01-20,217200.0,217300.0,7,-5532.966914999997,-0.0036349713785529536,3,time
083650,2021-01-19,2021-01-20,3245.0,3115.2,511,-72927.87707821047,-0.04392975219551265,1,stop
064760,2021-01-18,2021-01-21,133100.0,137700.0,12,48491.622599999886,0.03032551592378807,3,time
042700,2021-01-18,2021-01-21,9625.0,10395.0,169,123080.13567849994,0.07557902878004863,3,target
000270,2021-01-20,2021-01-21,96000.0,92160.0,16,-67553.707008,-0.04392975219551232,1,stop
100790,2021-01-20,2021-01-21,5671.0,6124.68,274,117573.84839442419,0.07557902878004885,1,target
047810,2021-01-19,2021-01-22,30500.0,31000.0,54,20170.66724999994,0.012232844328521786,3,time
066570,2021-01-21,2021-01-22,168500.0,181980.0,9,114747.42227400001,0.07557902878004863,1,target
240810,2021-01-21,2021-01-22,49000.0,52920.0,33,122351.8508520003,0.07557902878004885,1,target
080220,2021-01-22,2021-01-25,6400.0,6144.0,273,-76842.34172159992,-0.04392975219551232,1,stop
086280,2021-01-22,2021-01-25,108292.0,103960.31999999999,16,-76203.396242816,-0.04392975219551232,1,stop
000880,2021-01-22,2021-01-25,35500.0,34080.0,49,-76503.69358099997,-0.04392975219551232,1,stop
058470,2021-01-21,2021-01-26,32417.0,31436.0,50,-55547.96561750001,-0.03423151465081742,3,time
000990,2021-01-21,2021-01-26,69500.0,66720.0,23,-70302.47438299982,-0.043929752195512206,3,stop
352820,2021-01-25,2021-01-26,199980.0,215978.40000000002,8,121053.42304704036,0.07557902878004885,1,target
000150,2021-01-25,2021-01-26,58700.0,56352.0,28,-72285.98492079997,-0.04392975219551232,1,stop
336260,2021-01-25,2021-01-27,62400.0,59904.0,26,-71353.60302719986,-0.043929752195512206,2,stop
108490,2021-01-26,2021-01-27,19622.0,18837.12,83,-71627.42423802824,-0.04392975219551243,1,stop
058610,2021-01-26,2021-01-27,10500.0,10080.0,155,-71577.9024449999,-0.04392975219551232,1,stop
000270,2021-01-26,2021-01-28,91700.0,88032.0,17,-68560.85537420027,-0.04392975219551254,2,stop
214150,2021-01-27,2021-01-28,17400.0,16704.0,91,-69638.37218520022,-0.04392975219551243,1,stop
357780,2021-01-27,2021-01-28,301100.0,289056.0,5,-66212.30852899957,-0.043929752195512095,1,stop
226950,2021-01-26,2021-01-29,46250.0,48500.0,35,71883.8798125002,0.044356013930577864,3,time
207940,2021-01-27,2021-01-29,1205795.0,1157563.2,1,-53031.199311010074,-0.04392975219551243,2,stop
071050,2021-01-28,2021-01-29,87500.0,84000.0,18,-69268.93784999987,-0.043929752195512206,1,stop
263750,2021-01-28,2021-02-01,61960.0,66916.8,26,121894.82847775985,0.07557902878004863,2,target
035420,2021-01-29,2021-02-01,362000.0,347520.0,4,-63683.44254399999,-0.04392975219551232,1,stop
047040,2021-01-29,2021-02-01,6390.0,6134.4,237,-66605.05241154018,-0.04392975219551243,1,stop
051910,2021-01-29,2021-02-01,955000.0,916800.0,1,-42001.16549000004,-0.04392975219551243,1,stop
068270,2021-02-02,2021-02-03,321809.0,308936.64,4,-56612.99713160796,-0.04392975219551232,1,stop
237690,2021-02-01,2021-02-04,89300.0,94000.0,17,73442.9733849999,0.04832264013649956,3,time
087010,2021-02-01,2021-02-04,14197.0,14149.0,107,-11346.348373000044,-0.007460647775814122,3,time
047050,2021-02-02,2021-02-04,18600.0,20088.0,82,115405.71609120024,0.07557902878004885,2,target
096770,2021-02-02,2021-02-05,318799.0,306047.04,4,-56083.47458448773,-0.043929752195512095,3,stop
000270,2021-02-04,2021-02-05,100500.0,96480.0,16,-70720.28702399996,-0.04392975219551232,1,stop
298040,2021-02-04,2021-02-05,76000.0,82080.0,21,120762.86577600008,0.07557902878004863,1,target
352820,2021-02-03,2021-02-08,229185.0,247519.80000000002,7,121390.51488101995,0.07557902878004863,3,target
066970,2021-02-04,2021-02-08,81366.0,78111.36,19,-67991.48669521185,-0.043929752195512206,2,stop
272210,2021-02-05,2021-02-08,17479.0,16779.84,87,-66879.62128709396,-0.04392975219551232,1,stop
079550,2021-02-05,2021-02-09,43600.0,41856.0,35,-67113.90422799997,-0.04392975219551232,2,stop
263750,2021-02-08,2021-02-09,78600.0,75456.0,19,-65680.14716520021,-0.04392975219551243,1,stop
032820,2021-02-08,2021-02-09,1305.0,1252.8,1200,-68873.11534800008,-0.04392975219551243,1,stop
047810,2021-02-05,2021-02-10,38800.0,39600.0,39,24906.624600000214,0.016440662936472172,3,time
009830,2021-02-08,2021-02-10,67619.0,64914.24,23,-68399.75561588584,-0.043929752195512206,2,stop
003490,2021-02-09,2021-02-10,31500.0,30240.0,47,-65112.80157899996,-0.04392975219551232,1,stop
010950,2021-02-09,2021-02-15,81000.0,87480.0,18,110320.96384800039,0.07557902878004885,2,target
161390,2021-02-09,2021-02-16,49250.0,47280.0,30,-64980.860744999954,-0.04392975219551232,3,stop
307950,2021-02-10,2021-02-17,131500.0,135500.0,11,37942.23950000014,0.026200242217269354,3,time
353200,2021-02-10,2021-02-17,16300.0,15750.0,91,-55981.310157499975,-0.03769769919985422,3,time
000250,2021-02-10,2021-02-17,60500.0,59000.0,24,-41844.45659999992,-0.02878538876610237,3,time
080220,2021-02-16,2021-02-17,6970.0,6691.2,213,-65293.560521580046,-0.04392975219551232,1,stop
035720,2021-02-15,2021-02-18,100156.0,100559.0,16,-138.3581335998606,-8.623995554968289e-05,3,time
263750,2021-02-17,2021-02-18,73200.0,70272.0,19,-61167.77064240002,-0.04392975219551232,1,stop
032830,2021-02-18,2021-02-19,77000.0,73920.0,20,-67729.62811999978,-0.043929752195512206,1,stop
108490,2021-02-18,2021-02-19,18307.0,17574.72,86,-69242.63764375588,-0.043929752195512206,1,stop
030200,2021-02-17,2021-02-22,26600.0,26000.0,54,-38191.13766000001,-0.026557548444678947,3,time
018260,2021-02-17,2021-02-22,204000.0,200000.0,7,-33769.68420000002,-0.02362107046110329,3,time
357780,2021-02-17,2021-02-22,312600.0,323600.0,4,38745.896520000184,0.030951202913508613,3,time
272210,2021-02-19,2021-02-22,19581.0,18797.76,77,-66310.69241088605,-0.04392975219551232,1,stop
042700,2021-02-22,2021-02-23,12175.0,11688.0,113,-60506.966965449974,-0.04392975219551232,1,stop
028300,2021-02-22,2021-02-23,32285.0,30993.6,42,-59635.93755966006,-0.04392975219551243,1,stop
058470,2021-02-22,2021-02-23,34238.0,32868.479999999996,40,-60231.87032655999,-0.04392975219551232,1,stop
067310,2021-02-22,2021-02-23,8388.0,8052.48,165,-60869.58435756015,-0.04392975219551243,1,stop
087010,2021-02-19,2021-02-24,14342.0,13768.32,105,-66230.34044298017,-0.04392975219551243,3,stop
082740,2021-02-23,2021-02-24,6040.0,5798.4,219,-58175.35252727987,-0.043929752195512206,1,stop
005830,2021-02-23,2021-02-24,41350.0,39696.0,32,-58194.703849600395,-0.04392975219551265,1,stop
032830,2021-02-23,2021-02-24,80000.0,76800.0,16,-56294.755839999765,-0.043929752195512206,1,stop
000660,2021-02-24,2021-02-25,137500.0,148500.0,9,93636.62055000011,0.07557902878004863,1,target
138040,2021-02-23,2021-02-26,12050.0,11568.0,110,-58295.85848899977,-0.043929752195512206,3,stop
267250,2021-02-24,2021-02-26,56300.0,54048.0,23,-56950.061982200015,-0.04392975219551232,2,stop
028050,2021-02-24,2021-02-26,13550.0,13008.0,96,-57209.54562240001,-0.04392975219551232,2,stop
009540,2021-02-24,2021-03-02,111500.0,110500.0,11,-15994.013749999693,-0.013025388804223548,3,time
011200,2021-02-26,2021-03-02,17900.0,19332.0,70,94809.44286800013,0.07557902878004863,1,target
180640,2021-02-25,2021-03-03,60300.0,60700.0,25,3792.4830000002403,0.002512853125559822,3,time
080220,2021-02-26,2021-03-03,6530.0,6268.8,191,-54853.522129939636,-0.043929752195512095,2,stop
084370,2021-02-26,2021-03-04,40050.0,41250.0,31,32002.21233000001,0.02574640350434665,3,time
000270,2021-03-02,2021-03-04,81600.0,78336.0,15,-53831.86027200008,-0.04392975219551243,2,stop
218410,2021-03-02,2021-03-04,37612.0,36107.52,34,-56242.33134862431,-0.04392975219551254,2,stop
039030,2021-03-03,2021-03-04,106900.0,102624.0,12,-56417.90061839996,-0.04392975219551232,1,stop
009150,2021-03-03,2021-03-05,200000.0,192000.0,6,-52776.33360000001,-0.04392975219551232,2,stop
011200,2021-03-04,2021-03-05,20150.0,21762.0,64,97578.81685759989,0.07557902878004863,1,target
336260,2021-03-04,2021-03-05,53400.0,51264.0,24,-56365.12428480014,-0.04392975219551243,1,stop
005490,2021-03-04,2021-03-05,318000.0,305280.0,4,-55942.913615999976,-0.04392975219551232,1,stop
090430,2021-03-05,2021-03-08,244500.0,234720.0,5,-53765.88985499996,-0.04392975219551232,1,stop
098460,2021-03-04,2021-03-09,22439.0,21840.0,57,-39284.03678745008,-0.030678811999104494,3,time
178320,2021-03-08,2021-03-09,22027.0,21145.92,56,-54250.200676336186,-0.04392975219551243,1,stop
011200,2021-03-08,2021-03-09,22200.0,21312.0,56,-54676.28160960018,-0.04392975219551243,1,stop
083650,2021-03-08,2021-03-09,3135.0,3385.8,399,94647.89605194028,0.07557902878004885,1,target
055550,2021-03-05,2021-03-10,34100.0,35600.0,36,48809.85498000006,0.03971471229960177,3,time
028050,2021-03-09,2021-03-10,13650.0,13104.0,91,-54630.10231769993,-0.04392975219551232,1,stop
267270,2021-03-09,2021-03-10,37800.0,40824.0,32,91525.54037759989,0.07557902878004863,1,target
047040,2021-03-10,2021-03-11,5650.0,6102.0,225,96190.34656500001,0.07557902878004863,1,target
105560,2021-03-09,2021-03-12,51900.0,50400.0,24,-40998.588120000204,-0.032876916960778546,3,time
316140,2021-03-09,2021-03-12,10050.0,10150.0,123,7197.749054999789,0.00581602562350203,3,time
196170,2021-03-11,2021-03-12,77183.0,83357.64,17,99282.13319311617,0.07557902878004885,1,target
010120,2021-03-10,2021-03-15,11780.0,12280.0,107,48176.66215299978,0.03817758232872692,3,time
032640,2021-03-10,2021-03-15,12100.0,12100.0,105,-5206.7630999998655,-0.004093491870325261,3,time
319400,2021-03-12,2021-03-15,6200.0,5952.0,211,-57534.99967960012,-0.04392975219551243,1,stop
083650,2021-03-12,2021-03-15,3800.0,3648.0,344,-57491.01940160012,-0.04392975219551243,1,stop
267270,2021-03-12,2021-03-16,46100.0,49788.0,28,97669.61600479996,0.07557902878004863,2,target
100790,2021-03-15,2021-03-17,8064.0,8709.12,157,95796.73226188798,0.07557902878004863,2,target
267260,2021-03-15,2021-03-18,20200.0,21816.0,63,96292.4956056003,0.07557902878004885,3,target
034020,2021-03-15,2021-03-18,11051.0,11245.0,115,17035.97006150009,0.01338961939355654,3,time
000720,2021-03-15,2021-03-18,40913.0,41351.0,31,8340.212022500113,0.006568328347229091,3,time
082740,2021-03-16,2021-03-19,6047.0,6158.0,232,19926.700643599732,0.014187576825291037,3,time
087010,2021-03-18,2021-03-19,15602.0,16850.16,84,99165.38062300789,0.07557902878004863,1,target
298040,2021-03-18,2021-03-19,76800.0,73728.0,17,-57420.650956799975,-0.04392975219551232,1,stop
058470,2021-03-17,2021-03-22,31035.0,31396.0,44,10240.917145799845,0.007490920871250584,3,time
058610,2021-03-18,2021-03-23,9310.0,9010.0,140,-47217.77578000026,-0.03618500126225921,3,time
087010,2021-03-22,2021-03-23,16571.0,15908.16,95,-69235.73274011002,-0.04392975219551232,1,stop
036930,2021-03-19,2021-03-24,10400.0,10950.0,131,66254.20531749981,0.04857464077114759,3,time
035420,2021-03-19,2021-03-24,397000.0,381120.0,3,-52380.511097999755,-0.043929752195512095,3,stop
033780,2021-03-19,2021-03-24,82900.0,80300.0,16,-46913.213600000134,-0.035328195382233196,3,time
011200,2021-03-23,2021-03-24,27350.0,29538.000000000004,50,103473.19483000017,0.07557902878004885,1,target
000500,2021-03-24,2021-03-25,22863.0,24692.04,58,100337.14361762418,0.07557902878004885,1,target
031980,2021-03-23,2021-03-26,8290.0,8190.0,167,-22324.43859100016,-0.016106839374905424,3,time
141080,2021-03-24,2021-03-26,56300.0,60804.00000000001,23,97979.84642440011,0.07557902878004863,2,target
214450,2021-03-24,2021-03-29,66400.0,66400.0,20,-5442.409599999897,-0.004093491870325261,3,time
237690,2021-03-24,2021-03-29,82900.0,83700.0,16,7326.412479999941,0.005517186133338514,3,time
084370,2021-03-25,2021-03-30,45950.0,44112.0,32,-64668.600771200145,-0.04392975219551243,3,stop
035720,2021-04-07,2021-04-12,109188.0,104820.48,12,-57625.42313116789,-0.043929752195512206,3,stop
277810,2021-04-07,2021-04-12,26450.0,27350.0,51,40236.417614999926,0.0297936861000605,3,time
016360,2021-04-07,2021-04-12,41200.0,41350.0,33,-636.5055674999021,-0.0004676186611153321,3,time
006800,2021-04-07,2021-04-12,10006.0,10205.0,136,21407.317843600176,0.015713163648144235,3,time
032640,2021-04-07,2021-04-12,12700.0,12600.0,107,-16237.499844999984,-0.011935275398905487,3,time
098460,2021-04-14,2021-04-15,27850.0,26736.0,49,-60017.68637270015,-0.04392975219551243,1,stop
145020,2021-04-14,2021-04-15,186000.0,178560.0,7,-57262.321955999825,-0.043929752195512206,1,stop
319400,2021-04-14,2021-04-15,4770.0,5151.6,286,103225.01049432019,0.07557902878004885,1,target
034020,2021-04-15,2021-04-16,13802.0,13249.92,110,-66771.7376651601,-0.04392975219551243,1,stop
298380,2021-04-14,2021-04-19,25000.0,26200.0,54,59076.39636000013,0.04371002051989903,3,time
051910,2021-04-14,2021-04-19,892000.0,881000.0,1,-14623.16584999999,-0.016374850154435627,3,time
036930,2021-04-15,2021-04-19,12800.0,13824.0,119,115254.38417920005,0.07557902878004863,2,target
352820,2021-04-16,2021-04-19,253500.0,243360.0,6,-66894.00283799996,-0.04392975219551232,1,stop
032830,2021-04-15,2021-04-20,80600.0,82200.0,18,22769.427600000286,0.015676364370462492,3,time
226950,2021-04-19,2021-04-21,44600.0,48168.0,30,101241.04912800016,0.07557902878004885,2,target
031980,2021-04-20,2021-04-21,14900.0,14304.0,106,-69462.45107319998,-0.04392975219551232,1,stop
010170,2021-04-19,2021-04-22,2882.0,2869.0,467,-11568.845179249998,-0.008585783544747927,3,time
064760,2021-04-19,2021-04-22,208200.0,224856.00000000003,6,94521.91223519994,0.07557902878004863,3,target
145020,2021-04-19,2021-04-22,191000.0,194400.0,7,18250.543009999907,0.013634686808422725,3,time
071050,2021-04-21,2021-04-26,108500.0,114000.0,13,65508.703325000126,0.046390248173114434,3,time
180640,2021-04-21,2021-04-26,56500.0,54240.0,26,-64607.02838200005,-0.04392975219551232,3,stop
007660,2021-04-22,2021-04-27,3463.0,3324.48,396,-60312.266274743946,-0.04392975219551232,3,stop
078930,2021-04-22,2021-04-27,42900.0,44450.0,31,42458.150017499924,0.0318891442042899,3,time
178320,2021-04-22,2021-04-27,23604.0,22659.84,58,-60210.40795089584,-0.043929752195512206,3,stop
067310,2021-04-26,2021-04-27,10647.0,11498.76,137,110369.31439388427,0.07557902878004885,1,target
078600,2021-04-27,2021-04-28,53100.0,50976.0,26,-60719.17180680018,-0.04392975219551243,1,stop
267250,2021-04-27,2021-04-28,63900.0,69012.0,21,101536.14635639987,0.07557902878004863,1,target
218410,2021-04-26,2021-04-29,39758.0,40588.0,36,23926.207784399856,0.016697352783521024,3,time
042660,2021-04-27,2021-04-29,27674.0,29887.920000000002,50,104698.98331719986,0.07557902878004863,2,target
036930,2021-04-28,2021-04-29,14850.0,14256.0,97,-63351.391445100075,-0.04392975219551243,1,stop
086520,2021-04-28,2021-04-29,9277.0,8905.92,156,-63648.78608493577,-0.043929752195512206,1,stop
010950,2021-04-27,2021-04-30,84900.0,87100.0,16,29529.23375999974,0.021713272769077197,3,time
011200,2021-04-29,2021-05-03,39600.0,38016.0,36,-62698.28431680007,-0.04392975219551243,2,stop
000150,2021-04-29,2021-05-03,61100.0,65988.0,23,106333.36796680023,0.07557902878004885,2,target
267260,2021-04-30,2021-05-03,22200.0,21312.0,65,-63463.54115399998,-0.04392975219551232,1,stop
090430,2021-04-29,2021-05-04,270000.0,270000.0,5,-5532.569999999832,-0.004093491870325261,3,time
082740,2021-05-03,2021-05-04,8236.0,8894.880000000001,177,110303.71201003203,0.07557902878004863,1,target
005940,2021-05-03,2021-05-04,12850.0,12336.0,113,-63861.56266989978,-0.043929752195512206,1,stop
010130,2021-04-30,2021-05-06,452000.0,464000.0,3,30336.711000000127,0.02234650392072801,3,time
267270,2021-05-04,2021-05-06,57900.0,62532.00000000001,24,105145.41245760024,0.07557902878004885,1,target
000250,2021-05-04,2021-05-06,54700.0,52512.0,26,-62548.75137160043,-0.04392975219551265,1,stop
138040,2021-05-03,2021-05-07,17950.0,19200.0,81,94992.93204750004,0.06525932903006981,3,time
000270,2021-05-04,2021-05-10,80500.0,83000.0,17,36766.32117499993,0.02683528167407445,3,time
001440,2021-05-06,2021-05-10,10373.0,11202.84,140,109883.61462232028,0.07557902878004885,2,target
058610,2021-05-06,2021-05-11,11650.0,12050.0,125,43884.59375000023,0.03010072300107991,3,time
028300,2021-05-06,2021-05-11,29373.0,29509.0,49,745.9091934000608,0.0005176573178964361,3,time
078600,2021-05-10,2021-05-11,49800.0,47808.0,29,-63516.31748760003,-0.04392975219551232,1,stop
241560,2021-05-07,2021-05-12,50700.0,51100.0,31,5922.30324000027,0.003763758686910812,3,time
068270,2021-05-10,2021-05-12,240487.0,230867.52,6,-63460.11069231597,-0.04392975219551232,2,stop
237690,2021-05-11,2021-05-12,128700.0,123552.0,11,-62262.879564600065,-0.04392975219551243,1,stop
180640,2021-05-11,2021-05-12,55700.0,60156.00000000001,26,109579.43747920007,0.07557902878004863,1,target
000880,2021-05-11,2021-05-12,33750.0,32400.0,43,-63826.378447499825,-0.043929752195512206,1,stop
006260,2021-05-12,2021-05-13,77400.0,74304.0,18,-61273.32330960012,-0.04392975219551243,1,stop
011200,2021-05-13,2021-05-14,47800.0,45888.0,31,-65169.9759403998,-0.043929752195512206,1,stop
028050,2021-05-12,2021-05-17,19300.0,18750.0,76,-47688.0112699999,-0.032474247283347135,3,time
032640,2021-05-12,2021-05-17,14700.0,14800.0,99,3906.7038450001273,0.002681382334638549,3,time
030200,2021-05-12,2021-05-17,30650.0,31250.0,47,22213.20298000006,0.015402230964187025,3,time
145020,2021-05-12,2021-05-17,200300.0,201100.0,7,-162.5952999999281,-0.00011583232712142344,3,time
042700,2021-05-17,2021-05-18,17000.0,16320.0,85,-63551.50170999998,-0.04392975219551232,1,stop
084370,2021-05-17,2021-05-18,48450.0,46512.0,30,-63925.33407300012,-0.04392975219551243,1,stop
021240,2021-05-14,2021-05-20,76600.0,81700.0,18,85878.7708500002,0.062213599402016095,3,time
066970,2021-05-17,2021-05-20,86271.0,82820.16,16,-60707.561013408005,-0.04392975219551232,2,stop
039030,2021-05-17,2021-05-21,114000.0,116600.0,12,25501.683239999926,0.01862016533263211,3,time
000250,2021-05-18,2021-05-21,60800.0,58368.0,24,-64176.02165760007,-0.04392975219551243,2,stop
180640,2021-05-18,2021-05-24,65500.0,62880.0,22,-63375.58059799974,-0.043929752195512206,3,stop
237690,2021-05-20,2021-05-24,119800.0,115008.0,11,-57957.21034839982,-0.043929752195512206,2,stop
031980,2021-05-21,2021-05-24,12100.0,11616.0,119,-63327.20229220018,-0.04392975219551243,1,stop
047040,2021-05-20,2021-05-25,7660.0,7600.0,184,-16783.620536000235,-0.011894326137659728,3,time
032820,2021-05-24,2021-05-25,1455.0,1396.8,922,-58999.982739779865,-0.043929752195512206,1,stop
034020,2021-05-21,2021-05-26,13416.0,14489.28,107,108619.38782947208,0.07557902878004863,3,target
001440,2021-05-24,2021-05-26,11409.0,12321.720000000001,117,101002.92836446804,0.07557902878004863,2,target
000270,2021-05-24,2021-05-27,82300.0,80800.0,16,-29325.756560000125,-0.022244886307682843,3,time
012450,2021-05-26,2021-05-27,50116.0,48111.36,30,-66123.46836744016,-0.04392975219551243,1,stop
015760,2021-05-25,2021-05-28,25100.0,25450.0,53,13043.478212499991,0.009793650673315613,3,time
214450,2021-05-25,2021-05-28,81600.0,83300.0,16,21769.203119999962,0.016654560382376227,3,time
180640,2021-05-26,2021-05-28,67700.0,64992.0,22,-65504.2260532002,-0.04392975219551243,2,stop
277810,2021-05-27,2021-05-31,22400.0,21504.0,62,-61079.810086400015,-0.04392975219551232,2,stop
030200,2021-05-27,2021-06-01,33200.0,34100.0,41,31212.74711500015,0.022903973711503323,3,time
001440,2021-05-31,2021-06-01,15025.0,16227.000000000002,92,104593.05097880005,0.07557902878004863,1,target
214370,2021-05-28,2021-06-02,13940.0,13382.4,98,-60082.33738136012,-0.04392975219551243,3,stop
307950,2021-05-28,2021-06-02,112000.0,108500.0,12,-47384.162699999986,-0.035215570249377715,3,time
000720,2021-05-28,2021-06-02,54291.0,55849.0,25,33272.789047499886,0.024486242149420523,3,time
034020,2021-06-01,2021-06-02,19496.0,18716.16,73,-62593.0834918241,-0.04392975219551243,1,stop
000500,2021-06-01,2021-06-02,24965.0,26962.2,57,107673.03371777991,0.07557902878004863,1,target
042660,2021-06-02,2021-06-03,33537.0,32195.52,41,-60473.6299147259,-0.04392975219551232,1,stop
079550,2021-06-02,2021-06-03,46400.0,44544.0,29,-59179.862076800084,-0.04392975219551243,1,stop
241560,2021-06-03,2021-06-04,54500.0,52320.0,25,-59923.128774999874,-0.043929752195512206,1,stop
267250,2021-06-02,2021-06-07,76600.0,75100.0,18,-32571.00080999988,-0.023595577538660928,3,time
010950,2021-06-02,2021-06-07,101000.0,102500.0,13,14061.576425000094,0.010697198844471956,3,time
009540,2021-06-02,2021-06-07,149500.0,143520.0,9,-59175.46404899983,-0.043929752195512206,3,stop
001440,2021-06-04,2021-06-07,22473.0,24270.84,60,102026.46175127989,0.07557902878004863,1,target
336260,2021-06-03,2021-06-08,46800.0,46950.0,29,-1224.9010574999265,-0.0009014838314481688,3,time
032820,2021-06-07,2021-06-08,1940.0,2095.2000000000003,697,102313.99238408008,0.07557902878004863,1,target
083650,2021-06-07,2021-06-08,6070.0,6555.6,222,101962.90234824014,0.07557902878004863,1,target
034020,2021-06-07,2021-06-08,25046.0,27049.68,54,102336.99483470409,0.07557902878004863,1,target
000150,2021-06-08,2021-06-09,102500.0,98400.0,13,-58603.72043499979,-0.043929752195512206,1,stop
010140,2021-06-07,2021-06-10,6682.0,6598.0,202,-22449.580312400125,-0.016613118730979815,3,time
015760,2021-06-08,2021-06-10,27100.0,26016.0,52,-61977.00775759993,-0.04392975219551232,2,stop
307950,2021-06-08,2021-06-11,120000.0,124000.0,11,38460.66180000012,0.02910339173399734,3,time
066970,2021-06-08,2021-06-11,89156.0,90503.0,16,15642.397719200002,0.010953011634213583,3,time
145020,2021-06-10,2021-06-11,242500.0,232800.0,5,-53326.0870749997,-0.043929752195512095,1,stop
028050,2021-06-09,2021-06-14,21350.0,21400.0,70,-2635.078074999852,-0.0017611581276327781,3,time
180640,2021-06-11,2021-06-14,78700.0,75552.0,17,-58841.2139361999,-0.043929752195512206,1,stop
214150,2021-06-10,2021-06-15,16050.0,17334.0,83,100798.40328540001,0.07557902878004863,3,target
298040,2021-06-14,2021-06-15,79200.0,76032.0,18,-62698.28431680007,-0.04392975219551243,1,stop
352820,2021-06-11,2021-06-16,272500.0,294300.0,5,103094.8650499999,0.07557902878004863,3,target
247540,2021-06-11,2021-06-16,45611.0,48082.0,29,66026.97867925,0.049860268880117076,3,time
051910,2021-06-14,2021-06-16,841000.0,807360.0,1,-36987.413797999965,-0.04392975219551232,2,stop
058610,2021-06-15,2021-06-18,12800.0,12500.0,132,-46407.57593999989,-0.02743505065461449,3,time
035720,2021-06-15,2021-06-18,143500.0,154980.0,11,119438.71154599986,0.07557902878004863,3,target
028050,2021-06-16,2021-06-18,22500.0,24300.0,55,93636.62055000011,0.07557902878004863,2,target
007660,2021-06-16,2021-06-18,3657.0,3949.5600000000004,343,94911.66757455608,0.07557902878004863,2,target
067310,2021-06-16,2021-06-18,10476.0,11314.08,120,95121.18660671986,0.07557902878004841,2,target
095340,2021-06-18,2021-06-21,22500.0,24300.0,65,110661.46065000002,0.07557902878004863,1,target
218410,2021-06-18,2021-06-22,41000.0,39360.0,36,-64914.890327999834,-0.043929752195512206,2,stop
007660,2021-06-21,2021-06-22,3942.0,3784.3199999999997,424,-73508.98849142413,-0.04392975219551243,1,stop
034220,2021-06-18,2021-06-23,22506.0,22044.0,65,-35936.685856500175,-0.02453732048295809,3,time
247540,2021-06-18,2021-06-23,50083.0,52826.0,29,73360.23709925008,0.05045139465403814,3,time
078600,2021-06-18,2021-06-23,48100.0,50400.0,30,62882.88195000007,0.04352781725022048,3,time
066570,2021-06-22,2021-06-23,163000.0,156480.0,9,-64519.06782600004,-0.04392975219551232,1,stop
001440,2021-06-23,2021-06-24,32547.0,31245.12,45,-64414.1748629699,-0.04392975219551232,1,stop
047040,2021-06-23,2021-06-24,9000.0,8640.0,165,-65310.71282999986,-0.043929752195512206,1,stop
161390,2021-06-23,2021-06-24,57000.0,54720.0,26,-65178.77199599985,-0.043929752195512206,1,stop
068270,2021-06-22,2021-06-25,243530.0,233788.8,6,-64263.10260804021,-0.04392975219551243,3,stop
043260,2021-06-23,2021-06-25,1800.0,1944.0000000000002,825,112363.94466000027,0.07557902878004885,2,target
035420,2021-06-24,2021-06-25,430000.0,412800.0,3,-56734.55861999979,-0.043929752195512206,1,stop
035720,2021-06-24,2021-06-25,172000.0,165120.0,8,-60516.862527999794,-0.043929752195512206,1,stop
298380,2021-06-24,2021-06-28,22600.0,21696.0,62,-61625.16553360014,-0.04392975219551243,2,stop
226950,2021-06-25,2021-06-28,44150.0,42384.0,32,-62135.33675839985,-0.043929752195512206,1,stop
011070,2021-06-25,2021-06-28,232000.0,222720.0,6,-61220.54697600007,-0.04392975219551243,1,stop
071050,2021-06-28,2021-06-29,107000.0,102720.0,12,-56470.67695200001,-0.04392975219551232,1,stop
010170,2021-06-25,2021-06-30,3112.0,3270.0,461,66743.86107170023,0.046469884827775365,3,time
277810,2021-06-25,2021-06-30,22850.0,24550.0,62,99283.35559000005,0.0700002089533267,3,time
005830,2021-06-28,2021-07-01,54000.0,53700.0,25,-13010.459624999901,-0.009626305804379065,3,time
000810,2021-06-28,2021-07-01,222000.0,218000.0,6,-29388.049199999776,-0.022037753278067118,3,time
141080,2021-06-29,2021-07-01,52500.0,56700.00000000001,26,103284.0299400005,0.07557902878004907,2,target
031980,2021-06-30,2021-07-01,13300.0,12768.0,113,-66097.95980620012,-0.04392975219551243,1,stop
064760,2021-06-30,2021-07-01,205800.0,197568.0,7,-63357.98848679988,-0.043929752195512206,1,stop
226950,2021-07-01,2021-07-02,44550.0,48114.0,31,104498.46853380022,0.07557902878004885,1,target
096770,2021-07-01,2021-07-02,291741.0,280071.36,4,-51323.401135992026,-0.04392975219551232,1,stop
035720,2021-07-01,2021-07-02,164000.0,157440.0,8,-57702.12473599985,-0.043929752195512206,1,stop
222800,2021-07-01,2021-07-06,24250.0,23700.0,57,-36922.31558250007,-0.026681062157802526,3,time
028300,2021-07-01,2021-07-06,30046.0,30810.0,46,29376.20593960001,0.02123009769937023,3,time
263750,2021-07-02,2021-07-06,80500.0,77280.0,17,-60187.01044299989,-0.043929752195512206,2,stop
298380,2021-07-02,2021-07-07,23800.0,22848.0,59,-61757.10636760038,-0.04392975219551265,3,stop
000100,2021-07-02,2021-07-07,57564.0,57040.0,24,-18200.736158399843,-0.013159140717867945,3,time
032820,2021-07-06,2021-07-07,3070.0,2947.2,449,-60623.73460354027,-0.04392975219551254,1,stop
012450,2021-07-06,2021-07-08,54496.0,52316.159999999996,25,-59918.730747200316,-0.04392975219551254,2,stop
000150,2021-07-07,2021-07-08,104500.0,100320.0,12,-55151.26861199993,-0.04392975219551232,1,stop
241560,2021-07-07,2021-07-08,50600.0,48576.0,26,-57860.4537368,-0.04392975219551232,1,stop
131970,2021-07-06,2021-07-09,50500.0,52400.0,27,45560.86933500017,0.03337625794049415,3,time
006400,2021-07-07,2021-07-09,733295.0,703963.2,1,-32250.517956010066,-0.04392975219551243,2,stop
003670,2021-07-08,2021-07-12,145397.0,157028.76,10,110016.03004532028,0.07557902878004885,2,target
214150,2021-07-08,2021-07-13,19350.0,20898.0,77,112738.49114220007,0.07557902878004863,3,target
066970,2021-07-08,2021-07-13,93300.0,100764.0,16,112954.13911680016,0.07557902878004863,3,target
141080,2021-07-12,2021-07-13,63300.0,60768.0,21,-58462.98354539997,-0.04392975219551232,1,stop
090430,2021-07-09,2021-07-14,243500.0,241000.0,4,-13962.16630000004,-0.014318404684798391,3,time
086520,2021-07-12,2021-07-14,8950.0,9666.0,155,104967.59746100008,0.07557902878004863,2,target
000500,2021-07-13,2021-07-15,29877.0,28681.92,50,-65699.93829030008,-0.04392975219551243,2,stop
028300,2021-07-14,2021-07-15,31617.0,34146.36,42,100477.88229578407,0.07557902878004863,1,target
000990,2021-07-13,2021-07-16,64400.0,63400.0,23,-29002.44868999999,-0.019557878642525228,3,time
131290,2021-07-14,2021-07-19,63500.0,66600.0,21,59443.132244999986,0.0445255660068713,3,time
035420,2021-07-14,2021-07-19,436000.0,443000.0,3,15577.645350000123,0.011895832801481543,3,time
032820,2021-07-16,2021-07-19,3065.0,2942.4,479,-64568.98544152966,-0.043929752195512095,1,stop
298040,2021-07-15,2021-07-20,79700.0,76512.0,18,-63094.10681879986,-0.043929752195512206,3,stop
010120,2021-07-15,2021-07-20,12200.0,12300.0,119,5915.151444999967,0.004069676229098151,3,time
078600,2021-07-19,2021-07-20,60600.0,58176.0,22,-58634.50662959996,-0.04392975219551232,1,stop
086520,2021-07-19,2021-07-21,11249.0,12148.92,122,103842.29336336814,0.07557902878004863,2,target
247540,2021-07-20,2021-07-21,70171.0,67364.16,19,-58636.66166322166,-0.043929752195512095,1,stop
336260,2021-07-20,2021-07-21,49950.0,53946.0,28,105826.40606159996,0.07557902878004863,1,target
207940,2021-07-19,2021-07-22,1310522.0,1285795.0,1,-30024.884828049922,-0.022884309747875253,3,time
042700,2021-07-20,2021-07-22,18250.0,19710.0,76,104948.68097200012,0.07557902878004863,2,target
043260,2021-07-21,2021-07-22,1760.0,1900.8000000000002,823,109600.62394688046,0.07557902878004885,1,target
005290,2021-07-21,2021-07-26,30700.0,29472.0,47,-63459.143126200186,-0.04392975219551243,3,stop
357780,2021-07-21,2021-07-26,350000.0,350400.0,4,-4142.196880000178,-0.002955313003891513,3,time
010130,2021-07-22,2021-07-27,517000.0,538000.0,2,37638.64309999999,0.036359190278075326,3,time
009540,2021-07-22,2021-07-27,128000.0,130000.0,11,16164.877300000051,0.011467547319200966,3,time
006260,2021-07-22,2021-07-27,71400.0,72800.0,20,22065.225000000093,0.015434086720452544,3,time
071050,2021-07-26,2021-07-27,113000.0,108480.0,14,-69576.79979599989,-0.04392975219551232,1,stop
047050,2021-07-26,2021-07-28,27200.0,26112.0,60,-71775.81369600003,-0.04392975219551232,2,stop
086520,2021-07-27,2021-07-28,13546.0,13004.16,102,-60767.19827037607,-0.04392975219551243,1,stop
247540,2021-07-27,2021-07-28,71332.0,68478.72,19,-59606.82261562394,-0.04392975219551232,1,stop
298040,2021-07-27,2021-07-28,82600.0,79296.0,16,-58124.33540480002,-0.04392975219551232,1,stop
100790,2021-07-28,2021-07-29,8703.0,8354.88,159,-60858.89715000591,-0.04392975219551232,1,stop
267260,2021-07-27,2021-07-30,23100.0,23550.0,59,20886.29249250004,0.015307284262070953,3,time
138040,2021-07-28,2021-07-30,23250.0,25110.0,59,103794.77514300006,0.07557902878004863,2,target
095340,2021-07-28,2021-08-02,25350.0,26350.0,54,48230.779320000205,0.035192760915855326,3,time
064350,2021-07-28,2021-08-02,24000.0,24850.0,57,42700.82937750011,0.031178196959267268,3,time
307950,2021-07-29,2021-08-02,129500.0,124320.0,10,-56954.46001000004,-0.04392975219551232,2,stop
000250,2021-07-30,2021-08-02,55900.0,53664.0,26,-63920.9360452001,-0.04392975219551243,1,stop
086520,2021-07-30,2021-08-02,13734.0,13184.64,107,-64630.68977156421,-0.04392975219551243,1,stop
241560,2021-08-02,2021-08-03,46100.0,44256.0,29,-58797.23365820036,-0.04392975219551265,1,stop
005830,2021-08-02,2021-08-03,58300.0,55968.0,23,-58973.15477020014,-0.04392975219551243,1,stop
098460,2021-08-03,2021-08-06,26300.0,25450.0,51,-48719.11769249989,-0.03628058433839465,3,time
214150,2021-08-03,2021-08-06,23750.0,24250.0,56,22466.848600000143,0.016872960932404757,3,time
012450,2021-08-03,2021-08-06,55108.0,52903.68,24,-58167.96384057612,-0.04392975219551243,3,stop
326030,2021-08-03,2021-08-06,124500.0,127000.0,10,19824.03975000023,0.01590463078288118,3,time
000990,2021-08-03,2021-08-06,64600.0,67200.0,20,46551.82700000028,0.03598943260548215,3,time
001440,2021-08-06,2021-08-09,24580.0,23596.8,54,-58375.90259495983,-0.043929752195512206,1,stop
214370,2021-08-06,2021-08-09,15120.0,14515.199999999999,89,-59183.38049904024,-0.04392975219551254,1,stop
222800,2021-08-06,2021-08-10,29800.0,32184.000000000004,45,101468.04699600022,0.07557902878004885,2,target
036930,2021-08-06,2021-08-10,15200.0,14592.0,88,-58828.01985280006,-0.04392975219551243,2,stop
196170,2021-08-09,2021-08-10,75488.0,72468.48,17,-56439.71483628801,-0.04392975219551232,1,stop
064350,2021-08-09,2021-08-10,27000.0,25920.0,48,-56998.44028799981,-0.043929752195512206,1,stop
319660,2021-08-06,2021-08-11,23075.0,22152.0,58,-58861.005061300006,-0.04392975219551232,3,stop
086520,2021-08-10,2021-08-11,18258.0,19718.640000000003,71,98087.14075000817,0.07557902878004885,1,target
066970,2021-08-10,2021-08-11,116100.0,125388.00000000001,11,96632.99240759993,0.07557902878004863,1,target
267260,2021-08-10,2021-08-12,22950.0,24786.0,56,97245.88665119978,0.07557902878004841,2,target
028050,2021-08-11,2021-08-12,24650.0,23664.0,56,-60710.375751200365,-0.04392975219551254,1,stop
010140,2021-08-11,2021-08-12,6220.0,5971.2,223,-61003.28440268012,-0.04392975219551243,1,stop
247540,2021-08-10,2021-08-13,77410.0,77411.0,16,-5059.913760800147,-0.004080626523366049,3,time
068270,2021-08-12,2021-08-13,250923.0,240886.08,5,-55178.31648296979,-0.043929752195512206,1,stop
326030,2021-08-12,2021-08-13,128000.0,122880.0,10,-56294.755839999765,-0.043929752195512206,1,stop
214450,2021-08-12,2021-08-17,94800.0,91008.0,14,-58370.62496160017,-0.04392975219551243,2,stop
007660,2021-08-13,2021-08-17,3319.0,3186.24,388,-56636.570560615975,-0.04392975219551232,1,stop
030200,2021-08-12,2021-08-18,34800.0,34300.0,39,-25004.590065000113,-0.018402493423912758,3,time
000270,2021-08-13,2021-08-18,86000.0,82560.0,15,-56734.55861999979,-0.043929752195512206,2,stop
272210,2021-08-13,2021-08-19,18100.0,18500.0,71,23049.678559999913,0.017915491734750377,3,time
196170,2023-02-03,2023-02-06,41700.0,40032.0,30,-55019.32777799992,-0.04392975219551232,1,stop
310210,2023-02-03,2023-02-06,27028.0,25946.879999999997,47,-55868.85082784807,-0.04392975219551243,1,stop
086520,2023-02-06,2023-02-07,27174.0,29347.920000000002,46,94582.74766382389,0.07557902878004863,1,target
298380,2023-02-03,2023-02-08,21700.0,21700.0,58,-5157.994519999949,-0.004093491870325261,3,time
263750,2023-02-03,2023-02-08,47950.0,47950.0,26,-5109.225940000033,-0.004093491870325372,3,time
403870,2023-02-03,2023-02-08,15025.0,16227.000000000002,84,95498.00306760008,0.07557902878004863,3,target
161390,2023-02-06,2023-02-09,36250.0,36550.0,34,5118.898389999988,0.004148493024541011,3,time
084370,2023-02-08,2023-02-09,29600.0,28416.0,43,-55978.09783839993,-0.04392975219551232,1,stop
257720,2023-02-07,2023-02-10,3260.0,3520.8,419,103355.15593864,0.07557902878004863,3,target
100790,2023-02-09,2023-02-10,6120.0,5875.2,204,-54908.4974774397,-0.043929752195512095,1,stop
131970,2023-02-08,2023-02-13,33850.0,33000.0,37,-36490.07441750006,-0.029101483950391027,3,time
039030,2023-02-08,2023-02-13,80000.0,77600.0,16,-43532.49087999994,-0.03397068711421558,3,time
086520,2023-02-10,2023-02-13,37886.0,36370.56,35,-58318.28843078017,-0.04392975219551243,1,stop
003670,2023-02-10,2023-02-13,236028.0,226586.88,5,-51902.885278919945,-0.04392975219551232,1,stop
006800,2023-02-09,2023-02-14,6989.0,7089.0,179,12720.254660799634,0.010156136232831736,3,time
082740,2023-02-13,2023-02-14,8000.0,8640.0,156,94431.1130880001,0.07557902878004863,1,target
042660,2023-02-13,2023-02-14,22121.0,23890.68,56,93733.17030985584,0.07557902878004841,1,target
003230,2023-02-14,2023-02-15,129900.0,124704.0,10,-57130.38112200005,-0.04392975219551232,1,stop
012450,2023-02-13,2023-02-16,89844.0,89336.0,13,-11371.113928199979,-0.00972459139984172,3,time
095340,2023-02-13,2023-02-16,37850.0,38550.0,33,17913.04333499982,0.014324858346075331,3,time
080220,2023-02-15,2023-02-16,5110.0,4905.599999999999,263,-59106.415012540296,-0.04392975219551254,1,stop
267250,2023-02-14,2023-02-17,62400.0,62300.0,21,-7464.090375000145,-0.005689495889764085,3,time
047050,2023-02-14,2023-02-17,22900.0,22700.0,58,-17009.03186000022,-0.01279136530377245,3,time
000990,2023-02-17,2023-02-20,50300.0,48288.0,28,-61941.823535199976,-0.04392975219551232,1,stop
051910,2023-02-17,2023-02-20,707000.0,678720.0,2,-62188.1130919999,-0.043929752195512206,1,stop
257720,2023-02-16,2023-02-21,3270.0,3320.0,378,13778.660763000138,0.011134436388538393,3,time
100790,2023-02-16,2023-02-21,6130.0,6020.0,201,-27094.333780500107,-0.021964571135295152,3,time
005490,2023-02-16,2023-02-21,329000.0,346000.0,3,46804.72604999994,0.04736672283546328,3,time
241560,2023-02-20,2023-02-22,39350.0,37776.0,34,-58841.2139361999,-0.043929752195512206,2,stop
028300,2023-02-21,2023-02-22,36339.0,34885.44,32,-51142.37831174373,-0.043929752195512095,1,stop
298380,2023-02-21,2023-02-22,21700.0,20832.0,54,-51536.08976039966,-0.043929752195512095,1,stop
267270,2023-02-20,2023-02-23,57300.0,58500.0,23,22117.616039999994,0.016763188928201833,3,time
066970,2023-02-22,2023-02-23,244500.0,234720.0,4,-43012.71188399999,-0.04392975219551232,1,stop
247540,2023-02-22,2023-02-23,159100.0,152736.0,7,-48980.83560859994,-0.04392975219551232,1,stop
034220,2023-02-21,2023-02-24,14890.0,14294.4,80,-52389.30715360027,-0.04392975219551254,3,stop
108490,2023-02-23,2023-02-24,29847.0,32234.760000000002,47,106144.8840704041,0.07557902878004863,1,target
352820,2023-02-23,2023-02-24,192000.0,184320.0,7,-59109.49363199994,-0.04392975219551232,1,stop
010130,2023-02-22,2023-02-27,604000.0,596000.0,1,-10451.728400000022,-0.017284306547539652,3,time
180640,2023-02-24,2023-02-27,41700.0,45036.0,32,100968.65168639994,0.07557902878004863,1,target
277810,2023-02-24,2023-02-27,79700.0,86076.0,16,96489.22709119995,0.07557902878004863,1,target
272210,2023-02-24,2023-02-27,13730.0,13180.8,97,-58573.37404318014,-0.04392975219551243,1,stop
267260,2023-02-23,2023-02-28,40450.0,42050.0,34,48603.371619999874,0.035299596213913764,3,time
007660,2023-02-27,2023-02-28,9345.0,8971.199999999999,127,-52196.45363457012,-0.04392975219551243,1,stop
257720,2023-02-27,2023-02-28,3735.0,3585.6,318,-52236.695588940056,-0.04392975219551243,1,stop
079550,2023-02-27,2023-03-03,77400.0,74900.0,15,-42147.45832499978,-0.03626101474273069,3,time
000100,2023-02-27,2023-03-03,51202.0,50342.0,23,-24547.91640820005,-0.020820955582514733,3,time
000250,2023-03-02,2023-03-06,53500.0,57780.00000000001,23,93106.95885800058,0.07557902878004907,2,target
257720,2023-03-02,2023-03-06,3780.0,3628.7999999999997,329,-54694.75332636037,-0.04392975219551265,2,stop
298040,2023-03-03,2023-03-06,78500.0,75360.0,14,-48334.32552199997,-0.04392975219551232,1,stop
323410,2023-03-02,2023-03-07,26450.0,26200.0,47,-16810.037742500193,-0.013506596862099318,3,time
096770,2023-03-03,2023-03-07,159596.0,172363.68000000002,7,84531.88739643223,0.07557902878004885,2,target
247540,2023-03-06,2023-03-07,199800.0,215784.0,6,90708.34805279993,0.07557902878004863,1,target
178320,2023-03-06,2023-03-08,18200.0,19656.0,66,90889.94634720008,0.07557902878004863,2,target
353200,2023-03-07,2023-03-08,22700.0,21792.0,56,-55907.72939360002,-0.04392975219551232,1,stop
067310,2023-03-07,2023-03-08,9487.0,9107.52,134,-55910.2802497237,-0.043929752195512095,1,stop
222800,2023-03-07,2023-03-08,29500.0,28320.0,43,-55788.98264299985,-0.043929752195512206,1,stop
078600,2023-03-06,2023-03-09,102900.0,98784.0,11,-49781.27666820004,-0.04392975219551232,3,stop
003670,2023-03-08,2023-03-09,251051.0,241008.96,4,-44165.17108871206,-0.04392975219551243,1,stop
226950,2023-03-08,2023-03-09,23100.0,24948.0,53,92637.82993080025,0.07557902878004885,1,target
000990,2023-03-09,2023-03-10,52100.0,50016.0,23,-52701.56712740008,-0.04392975219551243,1,stop
086520,2023-03-09,2023-03-10,65139.0,62533.439999999995,18,-51566.96391555597,-0.04392975219551232,1,stop
241560,2023-03-09,2023-03-10,41750.0,40080.0,28,-51412.944981999695,-0.043929752195512095,1,stop
028300,2023-03-08,2023-03-13,31523.0,34044.840000000004,39,93023.4993085321,0.07557902878004863,3,target
298380,2023-03-08,2023-03-13,22000.0,21650.0,56,-24591.200620000018,-0.01993745904511568,3,time
058610,2023-03-10,2023-03-13,23850.0,22896.0,48,-50348.622254399816,-0.043929752195512206,1,stop
032820,2023-03-10,2023-03-13,1459.0,1400.6399999999999,790,-50692.10822558007,-0.04392975219551243,1,stop
034020,2023-03-10,2023-03-14,18030.0,17308.8,63,-49956.75797742,-0.04392975219551232,2,stop
086520,2023-03-14,2023-03-15,72791.0,78614.28,16,88124.80965113593,0.07557902878004863,1,target
222800,2023-03-14,2023-03-15,27600.0,26496.0,42,-50981.93825759995,-0.04392975219551232,1,stop
005940,2023-03-14,2023-03-15,9430.0,9052.8,123,-51012.284649420064,-0.04392975219551243,1,stop
240810,2023-03-14,2023-03-16,30250.0,29040.0,38,-50555.32956099976,-0.043929752195512095,2,stop
329180,2023-03-14,2023-03-17,97400.0,95700.0,11,-23035.682945000008,-0.021475843654929494,3,time
319660,2023-03-20,2023-03-21,21050.0,20208.0,54,-49992.3820026,-0.04392975219551232,1,stop
067310,2023-03-20,2023-03-22,10889.0,11760.12,105,86512.29246281995,0.07557902878004863,2,target
298380,2023-03-20,2023-03-22,22400.0,21504.0,51,-50243.06958720018,-0.04392975219551254,2,stop
196170,2023-03-20,2023-03-23,37050.0,36800.0,31,-12434.140222500078,-0.010813508794277338,3,time
319400,2023-03-20,2023-03-23,3540.0,3455.0,324,-32159.28217500006,-0.028006501246320425,3,time
263750,2023-03-23,2023-03-24,44650.0,42864.0,25,-49092.98531749984,-0.043929752195512206,1,stop
319660,2023-03-23,2023-03-24,20500.0,22140.0,55,85313.36539000017,0.07557902878004885,1,target
247540,2023-03-24,2023-03-27,245000.0,235200.0,4,-43100.672439999995,-0.04392975219551232,1,stop
078600,2023-03-24,2023-03-27,97700.0,93792.0,12,-51562.47792720003,-0.04392975219551232,1,stop
240810,2023-03-23,2023-03-28,33300.0,34200.0,34,25869.80763000017,0.022822900241287636,3,time
373220,2023-03-23,2023-03-28,568000.0,577000.0,2,13291.379900000058,0.011686716885250581,3,time
005380,2023-03-23,2023-03-28,179300.0,177100.0,6,-17569.929300000193,-0.01631320362651789,3,time
000990,2023-03-27,2023-03-28,57800.0,62424.00000000001,19,83096.35287920013,0.07557902878004885,1,target
042700,2023-03-27,2023-03-29,20400.0,22032.0,56,86440.78813440003,0.07557902878004863,2,target
218410,2023-03-28,2023-03-29,22700.0,24516.0,50,85880.8600600001,0.07557902878004863,1,target
000250,2023-03-28,2023-03-30,78500.0,84780.0,14,83156.88564400026,0.07557902878004885,2,target
096770,2023-03-28,2023-03-30,165302.0,178526.16,6,75046.40315227187,0.07557902878004841,2,target
006260,2023-03-28,2023-03-31,77400.0,79600.0,14,26268.39053999982,0.024213928257391437,3,time
007660,2023-03-29,2023-03-31,10210.0,9801.6,133,-59722.1389045401,-0.04392975219551243,2,stop
086520,2023-03-30,2023-03-31,99867.0,95872.31999999999,11,-48313.962653285824,-0.043929752195512206,1,stop
034220,2023-03-29,2023-04-03,15093.0,14489.279999999999,90,-59741.49022686016,-0.04392975219551243,3,stop
108490,2023-03-31,2023-04-03,40900.0,39264.0,28,-50366.21436559991,-0.043929752195512206,1,stop
319400,2023-03-31,2023-04-03,3685.0,3537.6,317,-51375.34184431005,-0.04392975219551243,1,stop
214150,2023-03-30,2023-04-04,20700.0,21450.0,54,35799.636015000055,0.03199007726480785,3,time
357780,2023-03-31,2023-04-04,236000.0,226560.0,4,-41517.3824319999,-0.043929752195512206,2,stop
083650,2023-04-03,2023-04-04,7770.0,8391.6,161,94655.84097731975,0.07557902878004841,1,target
005490,2023-04-03,2023-04-04,385000.0,369600.0,3,-50797.22108999989,-0.043929752195512206,1,stop
066970,2023-04-03,2023-04-04,340000.0,326400.0,3,-44859.88355999999,-0.04392975219551232,1,stop
214450,2023-04-04,2023-04-05,75900.0,81972.0,15,86145.69090600032,0.07557902878004885,1,target
298040,2023-04-04,2023-04-06,71100.0,68256.0,16,-50031.96425279975,-0.043929752195512095,2,stop
310210,2023-04-05,2023-04-06,30590.0,33037.200000000004,45,104157.97173180035,0.07557902878004885,1,target
214370,2023-04-04,2023-04-07,42700.0,40992.0,27,-50704.862506200094,-0.04392975219551243,3,stop
047040,2023-04-04,2023-04-07,4185.0,4017.6,278,-51167.97483353992,-0.04392975219551232,3,stop
307950,2023-04-04,2023-04-07,116500.0,113000.0,9,-35704.099125000066,-0.03401342988280487,3,time
067310,2023-04-06,2023-04-07,13975.0,15093.000000000002,92,97283.71962920018,0.07557902878004885,1,target
006400,2023-04-06,2023-04-07,747980.0,718060.7999999999,1,-32896.36833844008,-0.04392975219551243,1,stop
352820,2023-04-07,2023-04-10,206000.0,222480.00000000003,5,77935.93468000018,0.07557902878004885,1,target
078600,2023-04-07,2023-04-10,124900.0,134892.0,9,85056.10113960016,0.07557902878004885,1,target
000100,2023-04-07,2023-04-12,51107.0,55195.560000000005,23,88942.38030571607,0.07557902878004863,3,target
000720,2023-04-07,2023-04-12,38450.0,39350.0,30,22193.128950000275,0.019217713781604973,3,time
131290,2023-04-10,2023-04-12,44800.0,43008.0,27,-53198.544268799946,-0.04392975219551232,2,stop
222800,2023-04-10,2023-04-12,32400.0,31104.0,38,-54148.518273600144,-0.04392975219551243,2,stop
095340,2023-04-10,2023-04-13,40450.0,39750.0,30,-25911.25664999988,-0.021327967907179946,3,time
310210,2023-04-12,2023-04-13,36446.0,39361.68,33,91004.8072684079,0.07557902878004863,1,target
036930,2023-04-12,2023-04-13,19100.0,18336.0,63,-52921.46851740009,-0.04392975219551243,1,stop
326030,2023-04-12,2023-04-13,68900.0,74412.0,17,88627.53426280012,0.07557902878004885,1,target
003550,2023-04-13,2023-04-14,96700.0,92832.0,12,-51034.7145912,-0.04392975219551232,1,stop
000250,2023-04-13,2023-04-14,93500.0,100980.0,13,91971.96951800003,0.07557902878004863,1,target
267270,2023-04-13,2023-04-14,53300.0,57564.00000000001,23,92758.89546040003,0.07557902878004863,1,target
001440,2023-04-13,2023-04-14,14125.0,15255.000000000002,88,94052.7833080003,0.07557902878004885,1,target
307950,2023-04-12,2023-04-17,127100.0,125100.0,9,-22634.866080000065,-0.019764719378266737,3,time
267260,2023-04-14,2023-04-17,45550.0,49194.0,28,96504.36028239992,0.07557902878004863,1,target
263750,2023-04-14,2023-04-18,46950.0,45072.0,27,-55751.599406700116,-0.04392975219551243,2,stop
047050,2023-04-17,2023-04-18,27450.0,29646.000000000004,56,116313.7075632005,0.07557902878004907,1,target
377300,2023-04-17,2023-04-18,59900.0,57504.0,26,-68494.88495720015,-0.04392975219551243,1,stop
298040,2023-04-14,2023-04-19,78100.0,77800.0,16,-9906.960080000106,-0.00791899702319232,3,time
051910,2023-04-14,2023-04-19,812000.0,790000.0,1,-25262.88130000001,-0.031076180514232776,3,time
032820,2023-04-18,2023-04-19,1845.0,1771.2,792,-64265.7414247198,-0.043929752195512206,1,stop
003670,2023-04-18,2023-04-19,390148.0,374542.07999999996,3,-51476.45250343229,-0.04392975219551254,1,stop
047810,2023-04-18,2023-04-20,54300.0,58644.00000000001,26,106825.19668080029,0.07557902878004885,2,target
178320,2023-04-19,2023-04-20,18870.0,18115.2,64,-53114.1021350401,-0.04392975219551243,1,stop
090430,2023-04-19,2023-04-21,141000.0,135360.0,8,-49609.753583999816,-0.043929752195512206,2,stop
319400,2023-04-20,2023-04-21,4995.0,4795.2,279,-61291.13532218989,-0.043929752195512206,1,stop
000880,2023-04-20,2023-04-21,30000.0,28800.0,46,-60692.78364000004,-0.04392975219551232,1,stop
257720,2023-04-19,2023-04-24,3350.0,3216.0,364,-53629.55099320016,-0.04392975219551243,3,stop
005830,2023-04-19,2023-04-24,80800.0,82000.0,15,12979.916699999943,0.010697198844471734,3,time
064350,2023-04-21,2023-04-24,32050.0,34614.0,38,92153.56781239994,0.07557902878004863,1,target
079550,2023-04-21,2023-04-25,81300.0,87804.0,15,92274.63334199996,0.07557902878004863,2,target
011200,2023-04-21,2023-04-25,21750.0,20880.0,57,-54524.54965050006,-0.04392975219551243,2,stop
039030,2023-04-24,2023-04-25,88000.0,84480.0,14,-54183.70249599987,-0.043929752195512206,1,stop
403870,2023-04-24,2023-04-25,21950.0,21072.0,57,-55025.92481970019,-0.04392975219551243,1,stop
138040,2023-04-25,2023-04-26,45450.0,43632.0,27,-53970.39814770012,-0.04392975219551243,1,stop
180640,2023-04-25,2023-04-26,45750.0,43920.0,26,-52314.54068099987,-0.043929752195512206,1,stop
267260,2023-04-24,2023-04-27,51800.0,49728.0,24,-54676.28160960018,-0.04392975219551243,3,stop
307950,2023-04-25,2023-04-28,123500.0,122800.0,9,-10836.576584999682,-0.009738306086444659,3,time
005380,2023-04-26,2023-04-28,205500.0,197280.0,5,-45189.73564500001,-0.04392975219551232,2,stop
000810,2023-04-26,2023-05-02,226500.0,227500.0,5,344.04824999999255,0.0003034463554127953,3,time
087010,2023-04-26,2023-05-02,7171.0,6997.0,171,-34691.6645864998,-0.028258564024078225,3,time
064760,2023-04-27,2023-05-02,100600.0,96576.0,14,-61941.823535199976,-0.04392975219551232,2,stop
086520,2023-04-28,2023-05-02,147153.0,141266.88,7,-45302.80893973808,-0.04392975219551243,1,stop
138040,2023-05-02,2023-05-03,46400.0,44544.0,25,-51017.1224799999,-0.043929752195512206,1,stop
319400,2023-05-02,2023-05-03,4455.0,4811.400000000001,264,88992.24417071999,0.07557902878004863,1,target
267270,2023-04-28,2023-05-04,67600.0,69900.0,16,32258.89864000003,0.02979090115775529,3,time
402340,2023-05-02,2023-05-08,42500.0,42100.0,27,-15470.845559999812,-0.013466729593898608,3,time
032830,2023-05-02,2023-05-08,66300.0,67400.0,17,14025.79024500004,0.012429843860332968,3,time
042700,2023-05-04,2023-05-08,22650.0,21744.0,53,-52796.12472510012,-0.04392975219551243,1,stop
237690,2023-05-03,2023-05-09,90200.0,88400.0,13,-28136.56495000003,-0.02396745766448738,3,time
180640,2023-05-03,2023-05-09,40700.0,41750.0,30,26403.234225000255,0.02159942787257796,3,time
043260,2023-05-08,2023-05-09,1720.0,1651.2,663,-50153.34982007975,-0.043929752195512095,1,stop
005290,2023-05-09,2023-05-10,31100.0,29856.0,39,-53343.679186200025,-0.04392975219551232,1,stop
326030,2023-05-08,2023-05-11,72100.0,69500.0,15,-43317.22934999992,-0.0400069027044051,3,time
259960,2023-05-08,2023-05-11,198300.0,198800.0,5,-1570.7354249999626,-0.0015823811589544823,3,time
257720,2023-05-10,2023-05-11,3895.0,4206.6,309,91068.13967357972,0.07557902878004841,1,target
058610,2023-05-09,2023-05-12,31700.0,32000.0,38,6429.7005100001115,0.005331490856453902,3,time
047040,2023-05-09,2023-05-12,4320.0,4225.0,284,-31928.461226999993,-0.02599421369262145,3,time
066570,2023-05-11,2023-05-15,115500.0,110880.0,9,-45717.49898100004,-0.04392975219551232,2,stop
138040,2023-05-12,2023-05-15,45800.0,43968.0,27,-54386.01177479979,-0.043929752195512206,1,stop
319400,2023-05-12,2023-05-15,4825.0,4632.0,259,-54961.05390964984,-0.043929752195512206,1,stop
000270,2023-05-11,2023-05-16,90500.0,86880.0,12,-47762.58190799982,-0.043929752195512206,3,stop
017670,2023-05-11,2023-05-16,50000.0,49600.0,22,-13282.07715999987,-0.012060743935362606,3,time
011070,2023-05-15,2023-05-16,281500.0,270240.0,4,-49521.79302799981,-0.043929752195512206,1,stop
257720,2023-05-16,2023-05-17,4835.0,5221.8,225,82315.10188350012,0.07557902878004885,1,target
326030,2023-05-15,2023-05-18,71600.0,69700.0,15,-32817.447374999756,-0.030521178538570726,3,time
005940,2023-05-15,2023-05-18,9430.0,9380.0,119,-10531.33619650011,-0.00937401418278394,3,time
043260,2023-05-17,2023-05-18,1645.0,1776.6000000000001,740,92108.16823880025,0.07557902878004885,1,target
039490,2023-05-16,2023-05-19,96300.0,94100.0,11,-28469.880450000055,-0.026845250103817442,3,time
263750,2023-05-16,2023-05-19,44800.0,46150.0,24,27898.098539999686,0.025917083709474875,3,time
028300,2023-05-18,2023-05-19,38246.0,36716.159999999996,30,-50462.09137164033,-0.04392975219551265,1,stop
131290,2023-05-18,2023-05-19,36150.0,39042.0,31,84795.05359139992,0.07557902878004863,1,target
214150,2023-05-18,2023-05-22,26500.0,25440.0,43,-50115.52678099973,-0.043929752195512095,2,stop
047050,2023-05-19,2023-05-22,31300.0,30048.0,35,-48180.394548999844,-0.043929752195512206,1,stop
095340,2023-05-19,2023-05-22,42750.0,46170.0,26,84102.71009400021,0.07557902878004885,1,target
067310,2023-05-19,2023-05-24,14625.0,14720.0,76,2643.565779000288,0.0023756444217992723,3,time
058610,2023-05-19,2023-05-24,31350.0,32000.0,35,18186.181912499946,0.01655528740509049,3,time
042700,2023-05-22,2023-05-25,25950.0,28026.000000000004,43,84431.8570026001,0.07557902878004863,3,target
005290,2023-05-22,2023-05-25,35250.0,35650.0,32,8139.495360000059,0.007207574888592916,3,time
353200,2023-05-22,2023-05-25,23500.0,23450.0,48,-7015.694279999938,-0.0062124418876224885,3,time
083650,2023-05-24,2023-05-25,8350.0,8016.0,135,-49576.76837549987,-0.043929752195512206,1,stop
028300,2023-05-24,2023-05-25,35719.0,34290.24,31,-48698.87804634217,-0.04392975219551254,1,stop
082740,2023-05-25,2023-05-26,8970.0,8611.199999999999,125,-49312.88670750009,-0.04392975219551243,1,stop
042660,2023-05-25,2023-05-26,27007.0,25926.719999999998,41,-48698.79008578602,-0.04392975219551232,1,stop
298040,2023-05-25,2023-05-26,84000.0,80640.0,13,-48026.46357599972,-0.043929752195512095,1,stop
263750,2023-05-26,2023-05-30,47850.0,45936.0,22,-46298.03865060012,-0.04392975219551243,1,stop
007660,2023-05-26,2023-05-30,12895.0,13926.6,84,81959.85022007977,0.07557902878004841,1,target
009540,2023-05-25,2023-05-31,98200.0,96200.0,11,-26362.018539999845,-0.024376720141805364,3,time
006800,2023-05-25,2023-05-31,7427.0,7268.0,151,-28534.257308950182,-0.025414231710451873,3,time
039030,2023-05-26,2023-05-31,94800.0,91008.0,11,-45862.6338984,-0.04392975219551232,2,stop
005290,2023-05-30,2023-05-31,39700.0,38112.0,28,-48888.47702479991,-0.043929752195512206,1,stop
403870,2023-05-30,2023-06-01,26500.0,28620.000000000004,42,84216.20902800024,0.07557902878004885,2,target
180640,2023-05-31,2023-06-01,45850.0,49518.0,23,79793.53389979992,0.07557902878004863,1,target
263750,2023-06-01,2023-06-02,51200.0,49152.0,24,-54042.965606400045,-0.04392975219551232,1,stop
066570,2023-05-31,2023-06-05,125200.0,127200.0,8,11848.07408000005,0.011815557780308517,3,time
011070,2023-05-31,2023-06-05,310500.0,308000.0,3,-11295.362925000023,-0.012112062789243816,3,time
377300,2023-05-31,2023-06-05,58200.0,58800.0,18,6474.886739999754,0.006173585533073123,3,time
196170,2023-06-01,2023-06-05,50000.0,48000.0,25,-54975.347499999916,-0.04392975219551232,2,stop
003230,2023-06-02,2023-06-08,115800.0,121000.0,10,47100.98580000014,0.04062769847746672,3,time
267260,2023-06-05,2023-06-09,52500.0,54100.0,20,27602.552399999695,0.026257944567912084,3,time
298040,2023-06-05,2023-06-09,88200.0,95256.0,12,80084.8478304001,0.07557902878004863,3,target
009830,2023-06-05,2023-06-09,47250.0,48300.0,22,18771.82114499982,0.01803776386588951,3,time
138040,2023-06-05,2023-06-09,46850.0,44976.0,22,-45330.47253460006,-0.04392975219551243,3,stop
047050,2023-06-09,2023-06-12,38400.0,36864.0,27,-45598.75223039999,-0.04392975219551232,1,stop
086520,2023-06-08,2023-06-13,128513.0,138794.04,10,97240.59003427997,0.07557902878004863,3,target
067310,2023-06-09,2023-06-13,16488.0,17807.04,64,79845.13808179204,0.07557902878004863,2,target
086280,2023-06-09,2023-06-13,89234.0,96372.72,11,74271.73509474401,0.07557902878004863,2,target
010120,2023-06-09,2023-06-14,14540.0,14640.0,73,2928.5677910000086,0.002755933907732988,3,time
007660,2023-06-12,2023-06-14,17504.0,18904.32,64,84765.24120473606,0.07557902878004863,2,target
323410,2023-06-13,2023-06-15,26850.0,25776.0,44,-51958.300429200055,-0.04392975219551243,2,stop
031980,2023-06-14,2023-06-15,12130.0,13100.400000000001,95,87193.66439660033,0.07557902878004885,1,target
010170,2023-06-14,2023-06-15,1773.0,1914.8400000000001,652,87469.54247217625,0.07557902878004885,1,target
326030,2023-06-13,2023-06-16,77400.0,83592.0,15,87848.1749160001,0.07557902878004863,3,target
064350,2023-06-13,2023-06-16,32200.0,33800.0,37,54142.87995999982,0.04539254580071428,3,time
214150,2023-06-15,2023-06-16,32300.0,31008.0,37,-52560.83023780002,-0.04392975219551232,1,stop
131290,2023-06-16,2023-06-19,48500.0,52380.0,26,95414.77051600022,0.07557902878004885,1,target
267270,2023-06-15,2023-06-20,69500.0,75060.0,17,89399.32701400016,0.07557902878004885,3,target
010130,2023-06-15,2023-06-20,506000.0,495500.0,2,-25085.469349999912,-0.024759536011356054,3,time
222800,2023-06-16,2023-06-20,35050.0,33648.0,36,-55494.314780400135,-0.04392975219551243,2,stop
042700,2023-06-16,2023-06-20,28700.0,30996.000000000004,44,95550.96923680021,0.07557902878004885,2,target
042660,2023-06-19,2023-06-20,29495.0,31854.600000000002,48,107124.83386656037,0.07557902878004885,1,target
087010,2023-06-20,2023-06-21,8740.0,9439.2,145,95891.46603880008,0.07557902878004863,1,target
031980,2023-06-20,2023-06-22,17760.0,17049.6,71,-55457.37134687998,-0.04392975219551232,2,stop
012450,2023-06-20,2023-06-23,139860.0,136907.0,9,-31657.217943150084,-0.025121033115191205,3,time
064350,2023-06-20,2023-06-23,37900.0,36900.0,33,-38028.33309000009,-0.030370708443667738,3,time
000880,2023-06-20,2023-06-23,31850.0,30576.0,39,-54630.10231770016,-0.04392975219551243,3,stop
178320,2023-06-21,2023-06-26,20650.0,19824.0,70,-63573.49184899987,-0.043929752195512206,3,stop
277810,2023-06-23,2023-06-26,96700.0,92832.0,12,-51034.7145912,-0.04392975219551232,1,stop
000270,2023-06-22,2023-06-27,83400.0,86200.0,14,34299.37812000001,0.029342218234747586,3,time
031980,2023-06-26,2023-06-27,17780.0,19202.4,78,104936.57441904023,0.07557902878004885,1,target
357780,2023-06-23,2023-06-28,250000.0,250500.0,4,-2104.0961000000825,-0.0021016788540660913,3,time
005490,2023-06-23,2023-06-28,398000.0,389500.0,3,-30318.075524999993,-0.02536285196857213,3,time
087010,2023-06-27,2023-06-28,11173.0,10726.08,122,-59949.780823468,-0.04392975219551232,1,stop
145020,2023-06-27,2023-06-28,114100.0,109536.0,11,-55199.646917800186,-0.04392975219551243,1,stop
042700,2023-06-26,2023-06-29,30000.0,30200.0,46,3517.3619400002062,0.002545884850539304,3,time
257720,2023-06-28,2023-06-29,7280.0,6988.8,164,-52508.93350976007,-0.04392975219551243,1,stop
000250,2023-06-28,2023-06-29,63200.0,60672.0,18,-50031.96425279975,-0.043929752195512095,1,stop
003230,2023-06-28,2023-06-29,110000.0,105600.0,10,-48378.30579999974,-0.043929752195512095,1,stop
098460,2023-06-29,2023-06-30,16930.0,16252.8,71,-52865.61356433993,-0.04392975219551232,1,stop
307950,2023-06-29,2023-06-30,131500.0,142020.0,9,89550.65892600012,0.07557902878004863,1,target
058470,2023-06-29,2023-06-30,29953.0,28754.879999999997,40,-52693.65067736036,-0.04392975219551265,1,stop
263750,2023-06-28,2023-07-03,54400.0,52224.0,21,-50243.06958720018,-0.04392975219551254,3,stop
031980,2023-06-30,2023-07-03,20800.0,22464.0,59,92857.26120320009,0.07557902878004863,1,target
007660,2023-06-30,2023-07-03,27911.0,30143.88,44,92924.14990830421,0.07557902878004885,1,target
267270,2023-06-29,2023-07-04,82600.0,89208.0,14,87500.11151840002,0.07557902878004863,3,target
298040,2023-07-03,2023-07-04,117500.0,126900.00000000001,10,88907.49830000033,0.07557902878004885,1,target
036930,2023-06-30,2023-07-05,19150.0,18900.0,64,-20975.585120000178,-0.01709488231588263,3,time
005290,2023-07-03,2023-07-05,42500.0,40800.0,29,-54205.692634999985,-0.04392975219551232,2,stop
087010,2023-07-03,2023-07-05,13257.0,14317.560000000001,94,94291.73639704846,0.07557902878004907,2,target
086520,2023-07-04,2023-07-07,179919.0,192280.0,7,81110.50575704989,0.06432841102481568,3,time
257720,2023-07-04,2023-07-07,7750.0,7490.0,167,-48596.09101899993,-0.0375045489172563,3,time
082740,2023-07-05,2023-07-07,10990.0,11869.2,114,94798.84963416029,0.07557902878004885,2,target
047050,2023-07-05,2023-07-10,43450.0,42500.0,28,-31507.451989999972,-0.025868202634955706,3,time
267260,2023-07-05,2023-07-10,67700.0,68400.0,18,7568.78805000009,0.006203916633231277,3,time
003670,2023-07-10,2023-07-11,395480.0,379660.8,3,-52179.961030320264,-0.04392975219551254,1,stop
042660,2023-07-10,2023-07-11,36824.0,39769.920000000006,35,97521.31073104031,0.07557902878004885,1,target
035420,2023-07-07,2023-07-12,195600.0,202000.0,6,33477.14736000006,0.028492406146187532,3,time
161390,2023-07-07,2023-07-12,36750.0,36650.0,36,-9011.305620000232,-0.006803441552311051,3,time
035720,2023-07-07,2023-07-12,50600.0,51600.0,26,20531.758780000266,0.015588454930656637,3,time
087010,2023-07-12,2023-07-13,15922.0,15285.119999999999,81,-56720.572891596006,-0.04392975219551232,1,stop
131970,2023-07-12,2023-07-13,43700.0,47196.0,29,95891.46603879984,0.07557902878004841,1,target
047040,2023-07-11,2023-07-14,4165.0,4275.0,319,29541.540968500078,0.022208960925416354,3,time
001440,2023-07-11,2023-07-14,12581.0,12672.0,105,4113.088691249955,0.0031100286955914047,3,time
095340,2023-07-13,2023-07-14,63000.0,68040.0,20,95339.10456000036,0.07557902878004885,1,target
310210,2023-07-13,2023-07-14,38494.0,41573.520000000004,34,99031.30054897629,0.07557902878004885,1,target
272210,2023-07-12,2023-07-17,17070.0,16387.2,75,-56305.75090949959,-0.043929752195511984,3,stop
083650,2023-07-14,2023-07-17,10800.0,10368.0,127,-60323.34930479992,-0.04392975219551232,1,stop
042700,2023-07-14,2023-07-17,43250.0,46710.0,31,101449.13050700002,0.07557902878004863,1,target
353200,2023-07-14,2023-07-17,35000.0,37800.0,39,103284.02994000004,0.07557902878004863,1,target
010170,2023-07-14,2023-07-17,2059.0,1976.6399999999999,668,-60491.002124536084,-0.04392975219551243,1,stop
307950,2023-07-17,2023-07-18,157800.0,151488.0,8,-55520.70294720004,-0.04392975219551232,1,stop
087010,2023-07-17,2023-07-18,16241.0,17540.280000000002,83,101997.93568586814,0.07557902878004863,1,target
403870,2023-07-17,2023-07-19,34350.0,37098.0,39,101365.89795540017,0.07557902878004885,2,target
007660,2023-07-17,2023-07-19,36226.0,34776.96,37,-58949.49338063621,-0.04392975219551254,2,stop
036930,2023-07-18,2023-07-19,21450.0,20592.0,68,-64149.633490799926,-0.04392975219551232,1,stop
012330,2023-07-17,2023-07-20,248500.0,242500.0,5,-35003.57199999993,-0.028139524259774173,3,time
018260,2023-07-18,2023-07-20,133700.0,128352.0,10,-58801.63168599992,-0.04392975219551232,2,stop
247540,2023-07-19,2023-07-20,330000.0,356400.0,4,99879.06192000001,0.07557902878004863,1,target
078600,2023-07-19,2023-07-20,114900.0,110304.0,12,-60640.00730639999,-0.04392975219551232,1,stop
087010,2023-07-20,2023-07-21,25923.0,27996.84,52,101997.40602417593,0.07557902878004863,1,target
066970,2023-07-20,2023-07-21,270000.0,259200.0,5,-59373.375299999956,-0.04392975219551232,1,stop
310210,2023-07-20,2023-07-21,42180.0,45554.4,32,102130.88077055989,0.07557902878004863,1,target
003670,2023-07-19,2023-07-24,451215.0,487312.2,3,102424.8430096202,0.07557902878004885,3,target
031980,2023-07-21,2023-07-24,26250.0,25200.0,54,-62342.044065000024,-0.04392975219551232,1,stop
011200,2023-07-21,2023-07-24,21050.0,20208.0,67,-62027.58507729997,-0.04392975219551232,1,stop
028300,2023-07-21,2023-07-24,32238.0,30948.48,44,-62384.792895215796,-0.043929752195512206,1,stop
000250,2023-07-20,2023-07-25,62000.0,62700.0,21,9320.807265000185,0.007150613866622635,3,time
005490,2023-07-24,2023-07-25,566000.0,611280.0,2,85653.86219200003,0.07557902878004863,1,target
000100,2023-07-24,2023-07-25,64793.0,62201.28,21,-59841.89720153413,-0.04392975219551243,1,stop
086520,2023-07-24,2023-07-25,225830.0,243896.40000000002,6,102525.85706088017,0.07557902878004885,1,target
226950,2023-07-24,2023-07-25,17610.0,16905.6,78,-60410.43025523983,-0.043929752195512206,1,stop
047050,2023-07-25,2023-07-26,70500.0,76140.0,19,101354.54806200019,0.07557902878004885,1,target
007660,2023-07-25,2023-07-26,40650.0,39024.0,34,-60785.142223799834,-0.043929752195512206,1,stop
095340,2023-07-25,2023-07-26,90200.0,86592.0,15,-59505.316133999964,-0.04392975219551232,1,stop
096770,2023-07-25,2023-07-26,198758.0,190807.68,6,-52448.59256834397,-0.04392975219551232,1,stop
042700,2023-07-25,2023-07-26,46950.0,45072.0,29,-59881.34751089988,-0.043929752195512206,1,stop
006260,2023-07-26,2023-07-27,138000.0,132480.0,9,-54623.50527600013,-0.04392975219551243,1,stop
010120,2023-07-26,2023-07-27,24480.0,23500.8,55,-59215.04629920027,-0.04392975219551254,1,stop
000500,2023-07-26,2023-07-27,22613.0,21708.48,60,-59671.56158484006,-0.04392975219551243,1,stop
010130,2023-07-26,2023-07-27,550000.0,528000.0,2,-48378.30579999974,-0.043929752195512095,1,stop
247540,2023-07-26,2023-07-27,483000.0,463680.0,2,-42484.94854799996,-0.04392975219551232,1,stop
031980,2023-07-27,2023-07-28,27550.0,29754.000000000004,47,97976.06312660011,0.07557902878004863,1,target
039030,2023-07-28,2023-07-31,156100.0,168588.0,9,106303.10158440005,0.07557902878004863,1,target
105560,2023-07-27,2023-08-01,49950.0,52800.0,26,68559.21715499973,0.052730002587523694,3,time
011200,2023-07-27,2023-08-01,16980.0,18120.0,76,81095.93581200019,0.06276948924085435,3,time
086790,2023-07-27,2023-08-01,39650.0,39900.0,32,2776.6194400000386,0.0021858682061544066,3,time
033780,2023-07-27,2023-08-01,82900.0,83500.0,15,3877.3558500001673,0.0031145166324226814,3,time
240810,2023-07-31,2023-08-01,38050.0,36528.0,42,-70284.88227180019,-0.04392975219551243,1,stop
000150,2023-08-01,2023-08-02,106500.0,115020.00000000001,12,96701.09176800051,0.07557902878004907,1,target
277810,2023-08-01,2023-08-02,115200.0,124416.00000000001,11,95883.89944320009,0.07557902878004863,1,target
096770,2023-08-01,2023-08-02,222864.0,213949.44,6,-58809.72405715217,-0.04392975219551243,1,stop
035420,2023-08-01,2023-08-03,232500.0,223200.0,5,-51127.07317500003,-0.04392975219551232,2,stop
323410,2023-08-02,2023-08-03,30150.0,28944.0,50,-66300.2690849998,-0.043929752195512206,1,stop
310210,2023-08-02,2023-08-03,55908.0,53671.68,27,-66388.93332544807,-0.04392975219551243,1,stop
307950,2023-08-01,2023-08-04,154000.0,157100.0,8,19677.905959999887,0.01595397679981736,3,time
010120,2023-08-03,2023-08-04,21800.0,20928.0,62,-59443.7437448001,-0.04392975219551243,1,stop
001440,2023-08-03,2023-08-04,12499.0,11999.039999999999,109,-59918.33492469811,-0.04392975219551243,1,stop
326030,2023-08-02,2023-08-07,90000.0,91500.0,16,18027.838800000027,0.01250494993183593,3,time
298040,2023-08-04,2023-08-07,181300.0,174048.0,7,-55815.370809800224,-0.04392975219551254,1,stop
141080,2023-08-04,2023-08-07,37300.0,35808.0,34,-55775.78855959978,-0.043929752195512206,1,stop
090430,2023-08-03,2023-08-08,120900.0,118400.0,11,-32869.12480499991,-0.024687092121145726,3,time
196170,2023-08-04,2023-08-08,46100.0,44256.0,28,-56769.74284239998,-0.04392975219551232,2,stop
277810,2023-08-07,2023-08-08,134000.0,144720.0,9,91253.14293600013,0.07557902878004885,1,target
257720,2023-08-07,2023-08-08,9010.0,8649.6,146,-57854.29649788025,-0.04392975219551254,1,stop
108490,2023-08-07,2023-08-09,27315.0,29500.2,48,99207.14823072008,0.07557902878004863,2,target
087010,2023-08-08,2023-08-09,25972.0,28049.760000000002,50,98259.81046160008,0.07557902878004863,1,target
222800,2023-08-08,2023-08-09,37200.0,35712.0,34,-55626.25561440014,-0.04392975219551243,1,stop
003230,2023-08-08,2023-08-11,124100.0,134028.0,10,93901.45139600034,0.07557902878004885,3,target
030200,2023-08-08,2023-08-11,32250.0,32300.0,40,-3292.5740999998525,-0.002549450772449724,3,time
298040,2023-08-09,2023-08-11,189200.0,181632.0,7,-58247.48018320021,-0.04392975219551254,2,stop
003490,2023-08-09,2023-08-14,24650.0,24800.0,55,2669.5439375001006,0.001966791140605828,3,time
214450,2023-08-11,2023-08-14,155100.0,148896.0,8,-54570.72894240008,-0.04392975219551243,1,stop
226950,2023-08-10,2023-08-16,16000.0,15360.0,90,-63331.6003200002,-0.04392975219551243,3,stop
145020,2023-08-11,2023-08-16,118100.0,113376.0,10,-51940.70831799973,-0.043929752195512095,2,stop
087010,2023-08-11,2023-08-16,36002.0,34561.92,36,-57001.6068680163,-0.04392975219551254,2,stop
003230,2023-08-14,2023-08-16,161400.0,174312.0,8,97699.8823871999,0.07557902878004863,1,target
310210,2023-08-14,2023-08-16,72924.0,70007.04,18,-57729.92027169606,-0.04392975219551243,1,stop
010170,2023-09-20,2023-09-21,1539.0,1477.44,845,-57194.372426489834,-0.043929752195512206,1,stop
032820,2023-09-20,2023-09-21,1493.0,1433.28,871,-57192.08545203414,-0.04392975219551243,1,stop
218410,2023-09-20,2023-09-21,18210.0,17481.6,71,-56862.54122898006,-0.04392975219551243,1,stop
196170,2023-09-20,2023-09-21,76200.0,73152.0,17,-56972.05212120013,-0.04392975219551243,1,stop
178320,2023-09-20,2023-09-21,15810.0,15177.599999999999,82,-57016.912004760234,-0.04392975219551254,1,stop
011200,2023-09-21,2023-09-25,17100.0,16416.0,72,-54148.518273600144,-0.04392975219551243,2,stop
000270,2023-09-21,2023-09-26,81400.0,80900.0,15,-12481.791824999964,-0.010210853713873647,3,time
005940,2023-09-21,2023-09-26,10760.0,10329.6,115,-54421.195997199975,-0.04392975219551232,3,stop
005380,2023-09-21,2023-09-26,194400.0,190700.0,6,-26914.693770000245,-0.023048502570324536,3,time
086280,2023-09-21,2023-09-26,92236.0,92036.0,13,-7506.355547600193,-0.006252966496566148,3,time
098460,2023-12-13,2023-12-14,15860.0,15225.599999999999,76,-53012.067890079925,-0.04392975219551232,1,stop
080220,2023-12-13,2023-12-14,12900.0,12384.0,94,-53330.48510279972,-0.043929752195512095,1,stop
440110,2023-12-14,2023-12-15,22800.0,21888.0,52,-52143.01759679988,-0.043929752195512206,1,stop
180640,2023-12-13,2023-12-18,56900.0,61452.00000000001,21,90413.25082440022,0.07557902878004885,3,target
000500,2023-12-13,2023-12-18,23000.0,23400.0,52,15837.233359999955,0.013226621314538445,3,time
028260,2023-12-13,2023-12-18,129300.0,129500.0,9,-2974.3818300000858,-0.002553033234393931,3,time
028300,2023-12-15,2023-12-18,40400.0,43632.0,31,94764.04329439998,0.07557902878004863,1,target
090430,2023-12-14,2023-12-19,135000.0,135400.0,8,-1235.489759999793,-0.0011426577721631581,3,time
011070,2023-12-18,2023-12-19,249500.0,239520.0,5,-54865.39680499979,-0.043929752195512206,1,stop
241560,2023-12-18,2023-12-20,47050.0,50814.0,26,92562.16397480015,0.07557902878004885,2,target
454910,2023-12-19,2023-12-20,108700.0,117396.00000000001,12,98698.6730064,0.07557902878004863,1,target
011200,2023-12-19,2023-12-20,16680.0,18014.4,80,100968.65168640018,0.07557902878004885,1,target
051910,2023-12-18,2023-12-21,495000.0,495000.0,2,-4057.2179999999935,-0.004093491870325372,3,time
005380,2023-12-18,2023-12-21,192800.0,198700.0,6,30554.841269999743,0.02638290023530243,3,time
307950,2023-12-21,2023-12-22,187100.0,202068.0,5,70785.50183800003,0.07557902878004863,1,target
100790,2023-12-20,2023-12-26,5320.0,5420.0,262,20410.526002000086,0.014626555274969366,3,time
028300,2023-12-20,2023-12-26,50400.0,48384.0,27,-59848.36230240017,-0.04392975219551243,3,stop
034220,2023-12-20,2023-12-26,10952.0,11322.0,127,41151.26835769974,0.029551998269190527,3,time
180640,2023-12-21,2023-12-27,71100.0,68256.0,15,-46904.96648699965,-0.043929752195511984,3,stop
196170,2023-12-22,2023-12-27,87000.0,93960.0,14,92161.13440799993,0.07557902878004863,2,target
310210,2023-12-26,2023-12-27,49100.0,53028.0,28,104025.55630880012,0.07557902878004863,1,target
138040,2023-12-27,2023-12-28,58700.0,56352.0,22,-56796.13100920012,-0.04392975219551243,1,stop
218410,2023-12-26,2024-01-02,17430.0,17990.0,79,38466.47981399996,0.02790350437480482,3,time
086280,2023-12-26,2024-01-02,95287.0,93537.0,14,-29894.84534260002,-0.02238388184195772,3,time
080220,2023-12-27,2024-01-02,13610.0,14698.800000000001,95,97832.2978101999,0.07557902878004863,2,target
047050,2023-12-28,2024-01-02,63700.0,61152.0,19,-53229.33046340011,-0.04392975219551243,1,stop
326030,2023-12-27,2024-01-03,98100.0,103900.0,13,69951.28257000004,0.05478783073061355,3,time
068270,2024-01-02,2024-01-03,187209.0,202185.72,7,99157.43569762819,0.07557902878004885,1,target
950160,2024-01-02,2024-01-03,9020.0,9741.6,147,100328.51769864,0.07557902878004863,1,target
237690,2024-01-02,2024-01-04,67800.0,65088.0,19,-56655.39411960007,-0.04392975219551243,2,stop
058470,2024-01-03,2024-01-04,43349.0,41615.04,34,-64821.03641474806,-0.04392975219551232,1,stop
207940,2024-01-02,2024-01-05,1118525.0,1112638.0,1,-10453.583984649973,-0.009335128501924417,3,time
222800,2024-01-03,2024-01-08,41100.0,41400.0,36,4704.464339999715,0.0031758986999641525,3,time
005290,2024-01-03,2024-01-08,40600.0,41550.0,36,28109.24756999989,0.019209739231230927,3,time
298040,2024-01-04,2024-01-09,168000.0,177000.0,7,57994.789650000166,0.04925864249376444,3,time
047810,2024-01-04,2024-01-09,54300.0,54300.0,24,-5340.774240000406,-0.004093491870325705,3,time
247540,2024-01-08,2024-01-09,318000.0,305280.0,4,-55942.913615999976,-0.04392975219551232,1,stop
180640,2024-01-08,2024-01-09,82600.0,79296.0,18,-65389.87733040005,-0.04392975219551232,1,stop
178320,2024-01-05,2024-01-10,18790.0,19300.0,69,29772.90083850012,0.022937499036866482,3,time
034220,2024-01-09,2024-01-10,13225.0,12696.0,101,-58745.556831550086,-0.04392975219551243,1,stop
440110,2024-01-09,2024-01-10,26700.0,25632.0,50,-58713.67113000015,-0.04392975219551243,1,stop
018260,2024-01-09,2024-01-11,172600.0,165696.0,7,-53136.97187960008,-0.04392975219551243,2,stop
319400,2024-01-09,2024-01-12,3570.0,3630.0,377,17037.588710999815,0.012644432636055525,3,time
214450,2024-01-10,2024-01-12,114500.0,123660.00000000001,11,95301.27158200019,0.07557902878004885,2,target
043260,2024-01-10,2024-01-12,1476.0,1416.96,914,-59332.20975979185,-0.043929752195512206,2,stop
257720,2024-01-10,2024-01-15,8690.0,8730.0,155,661.6515999999829,0.0004906577643337684,3,time
277810,2024-01-11,2024-01-15,181000.0,173760.0,6,-47762.58190799982,-0.043929752195512206,2,stop
377300,2024-01-12,2024-01-15,56900.0,54624.0,24,-60059.467636799905,-0.04392975219551232,1,stop
950160,2024-01-12,2024-01-15,12010.0,12970.800000000001,115,104506.0351294002,0.07557902878004885,1,target
323410,2024-01-12,2024-01-15,29700.0,28512.0,46,-60085.85580360005,-0.04392975219551232,1,stop
000880,2024-02-02,2024-02-05,31000.0,29760.0,42,-57262.321955999825,-0.043929752195512206,1,stop
071050,2024-02-02,2024-02-05,65800.0,63168.0,19,-54984.14355559996,-0.04392975219551232,1,stop
000270,2024-02-05,2024-02-06,119600.0,114816.0,11,-57860.4537368,-0.04392975219551232,1,stop
039490,2024-02-02,2024-02-07,107300.0,110000.0,12,27027.640859999927,0.020966597337038317,3,time
032830,2024-02-02,2024-02-07,77000.0,81400.0,16,65143.47488000011,0.05281545145137034,3,time
000810,2024-02-02,2024-02-07,292000.0,302500.0,4,37089.48430000013,0.031718214757625374,3,time
402340,2024-02-05,2024-02-07,59600.0,64368.00000000001,22,99213.20150720002,0.07557902878004863,2,target
267250,2024-02-06,2024-02-07,72500.0,69600.0,18,-57394.262790000066,-0.04392975219551243,1,stop
310210,2024-02-07,2024-02-08,34550.0,37314.0,37,96727.5748526,0.07557902878004863,1,target
080220,2024-02-07,2024-02-08,26750.0,28890.000000000004,48,97155.0875040004,0.07557902878004885,1,target
095340,2024-02-07,2024-02-08,78800.0,75648.0,16,-55450.3345023999,-0.043929752195512206,1,stop
031980,2024-02-07,2024-02-13,30700.0,33156.0,42,97563.68366639968,0.07557902878004841,2,target
086520,2024-02-08,2024-02-13,117133.0,126503.64000000001,11,97492.78466562834,0.07557902878004885,1,target
267260,2024-02-07,2024-02-14,106700.0,112300.0,12,61754.5557599999,0.04817526581970433,3,time
078930,2024-02-08,2024-02-14,52300.0,50208.0,26,-59804.382024399936,-0.04392975219551232,2,stop
042700,2024-02-13,2024-02-14,82200.0,78912.0,17,-61458.040477199946,-0.04392975219551232,1,stop
403870,2024-02-13,2024-02-14,49400.0,53352.0,29,108399.0485656003,0.07557902878004885,1,target
003550,2024-02-08,2024-02-15,92900.0,92500.0,14,-10913.609840000048,-0.008381571560872936,3,time
196170,2024-02-14,2024-02-16,84500.0,91260.0,16,102300.37251200015,0.07557902878004885,2,target
131290,2024-02-14,2024-02-19,55300.0,53088.0,25,-60802.73433500016,-0.04392975219551243,3,stop
178320,2024-02-14,2024-02-19,21450.0,21900.0,65,23449.854187499965,0.016799651656870696,3,time
214370,2024-02-14,2024-02-19,24950.0,26946.0,56,105720.47372319992,0.07557902878004863,3,target
298040,2024-02-16,2024-02-19,173900.0,166944.0,8,-61185.36275359988,-0.043929752195512206,1,stop
012450,2024-02-15,2024-02-20,149232.0,161170.56,9,101626.03751212824,0.07557902878004885,3,target
000500,2024-02-19,2024-02-22,25650.0,25250.0,55,-27716.678549999837,-0.01962419765012524,3,time
016360,2024-02-19,2024-02-22,40950.0,40350.0,34,-26045.783640000038,-0.018685528619478142,3,time
006800,2024-02-19,2024-02-22,8911.0,8871.0,159,-12147.780973799992,-0.008563950890097205,3,time
071050,2024-02-19,2024-02-22,69200.0,70200.0,20,14269.130200000014,0.01029822067490116,3,time
028300,2024-02-20,2024-02-23,79300.0,78700.0,19,-17541.150170000037,-0.011628723962101017,3,time
257720,2024-02-22,2024-02-23,10230.0,9820.8,135,-60738.96293189982,-0.043929752195512206,1,stop
196170,2024-02-22,2024-02-23,92600.0,100008.0,15,105100.01288400008,0.07557902878004863,1,target
310210,2024-02-22,2024-02-26,42450.0,40752.0,32,-59742.80963520007,-0.04392975219551243,2,stop
031980,2024-02-23,2024-02-26,41900.0,40224.0,34,-62654.304038800066,-0.04392975219551243,1,stop
064350,2024-02-23,2024-02-26,33950.0,32592.0,42,-62711.47840020014,-0.04392975219551243,1,stop
131290,2024-02-23,2024-02-26,62100.0,59616.0,23,-62817.03106740001,-0.04392975219551232,1,stop
078600,2024-02-22,2024-02-27,76200.0,75900.0,18,-11005.171649999917,-0.008014383634615374,3,time
087010,2024-02-26,2024-02-27,29073.0,27910.079999999998,47,-60096.01524781808,-0.04392975219551243,1,stop
098460,2024-02-26,2024-02-27,21000.0,20160.0,65,-60033.079469999764,-0.043929752195512206,1,stop
237690,2024-02-26,2024-02-27,66400.0,63744.0,20,-58405.80918399966,-0.043929752195512095,1,stop
226950,2024-02-26,2024-02-27,16600.0,17928.0,82,102996.49930720008,0.07557902878004863,1,target
298040,2024-02-27,2024-02-28,197000.0,189120.0,6,-51984.68859599996,-0.04392975219551232,1,stop
012450,2024-02-27,2024-02-28,170216.0,183833.28,7,90156.89456547215,0.07557902878004885,1,target
196170,2024-02-27,2024-02-28,160200.0,153792.0,8,-56365.12428479991,-0.043929752195512206,1,stop
068270,2024-02-28,2024-02-29,174974.0,167975.04,7,-53867.83613940398,-0.04392975219551232,1,stop
042660,2024-02-27,2024-03-04,23050.0,22900.0,58,-14153.235545000294,-0.010574445285486123,3,time
015760,2024-02-27,2024-03-04,24550.0,24750.0,55,5433.976900000125,0.004019799438266691,3,time
043260,2024-02-28,2024-03-04,1570.0,1507.2,861,-59451.22039206,-0.04392975219551232,2,stop
036930,2024-02-29,2024-03-04,39450.0,37872.0,35,-60725.76884849975,-0.043929752195512206,1,stop
329180,2024-02-28,2024-03-05,115100.0,112300.0,11,-35897.93108000001,-0.028320583293115043,3,time
240810,2024-03-04,2024-03-05,33500.0,32160.0,39,-57460.233206999954,-0.04392975219551232,1,stop
100790,2024-03-04,2024-03-06,6200.0,5952.0,213,-58080.355126800016,-0.04392975219551232,2,stop
007660,2024-03-05,2024-03-06,36274.0,39175.920000000006,35,96064.74107804033,0.07557902878004885,1,target
319660,2024-03-04,2024-03-07,25850.0,25900.0,51,-2860.3794975001365,-0.0021671736727825186,3,time
000270,2024-03-04,2024-03-07,124500.0,126100.0,10,10850.572200000053,0.008705306627726728,3,time
298040,2024-03-05,2024-03-07,228000.0,246240.00000000003,5,86259.18984000036,0.07557902878004885,2,target
196170,2024-03-06,2024-03-07,193900.0,186144.0,7,-59694.43132939981,-0.043929752195512206,1,stop
005290,2024-03-07,2024-03-08,41500.0,39840.0,30,-54755.4461099999,-0.043929752195512206,1,stop
012450,2024-03-07,2024-03-08,210861.0,202426.56,6,-55642.352396148024,-0.04392975219551232,1,stop
010120,2024-03-06,2024-03-11,15720.0,16977.600000000002,89,105862.72572048032,0.07557902878004885,3,target
141080,2024-03-07,2024-03-11,75000.0,81000.0,17,96474.09389999998,0.07557902878004863,2,target
298380,2024-03-07,2024-03-11,26750.0,28890.000000000004,48,97155.0875040004,0.07557902878004885,2,target
006400,2024-03-08,2024-03-12,411683.0,444617.64,3,93451.16329184384,0.07557902878004841,2,target
237690,2024-03-11,2024-03-12,80000.0,76800.0,17,-59813.17807999998,-0.04392975219551232,1,stop
000150,2024-03-08,2024-03-13,108500.0,117180.00000000001,11,90307.31848600041,0.07557902878004907,3,target
028300,2024-03-11,2024-03-13,98700.0,94752.0,14,-60771.948140399996,-0.04392975219551232,2,stop
095340,2024-03-11,2024-03-13,91500.0,98820.0,15,103851.52460999996,0.07557902878004863,2,target
058470,2024-03-12,2024-03-13,47855.0,45940.799999999996,29,-61035.609907010105,-0.04392975219551243,1,stop
042660,2024-03-12,2024-03-14,24600.0,26568.0,57,106098.80350319995,0.07557902878004863,2,target
214370,2024-03-13,2024-03-14,25900.0,24864.0,52,-59232.63841040013,-0.04392975219551243,1,stop
032820,2024-03-13,2024-03-14,1470.0,1587.6000000000001,924,102775.55471568019,0.07557902878004885,1,target
047050,2024-03-13,2024-03-15,61700.0,59232.0,22,-59698.82935720007,-0.04392975219551243,2,stop
267270,2024-03-14,2024-03-15,55900.0,60372.00000000001,25,105743.17351000034,0.07557902878004885,1,target
078600,2024-03-13,2024-03-18,93500.0,92500.0,14,-19323.271100000013,-0.014744898374386084,3,time
267260,2024-03-14,2024-03-19,146000.0,149100.0,9,22432.714605000103,0.017052468233798024,3,time
005940,2024-03-14,2024-03-19,12850.0,12730.0,112,-19298.507648000028,-0.013393786109668682,3,time
950160,2024-03-15,2024-03-19,12530.0,13532.400000000001,118,111875.14258424006,0.07557902878004863,2,target
010140,2024-03-15,2024-03-19,9200.0,8832.0,161,-65143.587773599895,-0.04392975219551232,2,stop
000150,2024-03-18,2024-03-19,144300.0,155844.0,9,98267.37705719983,0.07557902878004841,1,target
237690,2024-03-19,2024-03-20,94100.0,90336.0,15,-62078.16239700001,-0.04392975219551232,1,stop
066970,2024-03-19,2024-03-22,178100.0,186100.0,8,57972.20944000012,0.040641219331456924,3,time
000250,2024-03-19,2024-03-22,85300.0,81888.0,16,-60024.28341440018,-0.04392975219551243,3,stop
007660,2024-03-19,2024-03-22,35593.0,36615.0,40,34924.794412000105,0.024502480689125417,3,time
298040,2024-03-19,2024-03-22,244000.0,239000.0,5,-29926.10275000008,-0.024501412118884347,3,time
214150,2024-03-20,2024-03-25,35900.0,37500.0,46,66615.25603999989,0.040292313505927435,3,time
950160,2024-03-22,2024-03-25,16900.0,16224.0,80,-59461.33585599973,-0.043929752195512095,1,stop
005290,2024-03-22,2024-03-25,47200.0,45312.0,28,-58124.33540480002,-0.04392975219551232,1,stop
084370,2024-03-22,2024-03-25,41000.0,39360.0,33,-59505.316133999964,-0.04392975219551232,1,stop
066970,2024-03-25,2024-03-26,194800.0,187008.0,7,-59971.50708080013,-0.04392975219551243,1,stop
402340,2024-03-22,2024-03-27,77000.0,79300.0,17,33620.18744500005,0.02565436486601569,3,time
012450,2024-03-25,2024-03-27,211370.0,228279.6,6,95961.07871832,0.07557902878004863,2,target
043260,2024-03-26,2024-03-27,1957.0,2113.56,779,115352.97691986803,0.07557902878004863,1,target
226950,2024-03-25,2024-03-28,16860.0,16185.599999999999,84,-62286.628914720146,-0.04392975219551243,3,stop
087010,2024-03-25,2024-03-28,25681.0,27735.480000000003,55,106874.75788198039,0.07557902878004885,3,target
042700,2024-03-27,2024-03-28,110300.0,119124.00000000001,13,108497.41430840013,0.07557902878004863,1,target
000250,2024-03-27,2024-03-29,141200.0,135552.0,10,-62100.15253599989,-0.043929752195512206,2,stop
440110,2024-03-27,2024-03-29,16820.0,16147.199999999999,86,-63618.35173255997,-0.04392975219551232,2,stop
278470,2024-03-28,2024-03-29,55100.0,52896.0,27,-65429.459580599796,-0.043929752195512206,1,stop
241560,2024-03-28,2024-04-01,55000.0,52800.0,27,-65310.71283000009,-0.04392975219551243,2,stop
007660,2024-03-28,2024-04-01,41964.0,40285.439999999995,35,-64595.59350972017,-0.04392975219551243,2,stop
043260,2024-03-29,2024-04-01,2185.0,2097.6,638,-61309.82694033999,-0.04392975219551232,1,stop
131290,2024-03-29,2024-04-01,62600.0,60096.0,22,-60569.63886160008,-0.04392975219551243,1,stop
080220,2024-03-29,2024-04-02,28600.0,27456.0,48,-60376.12563839974,-0.043929752195512095,2,stop
064760,2024-04-01,2024-04-02,131500.0,126240.0,10,-57834.06557000009,-0.04392975219551243,1,stop
298380,2024-04-01,2024-04-02,27100.0,26016.0,50,-59593.27668999974,-0.043929752195512095,1,stop
039030,2024-04-01,2024-04-02,210000.0,201600.0,6,-55415.15027999994,-0.04392975219551232,1,stop
240810,2024-04-01,2024-04-03,41650.0,39984.0,33,-60448.69309710013,-0.04392975219551243,2,stop
000990,2024-04-02,2024-04-03,47300.0,45408.0,27,-56167.21303380001,-0.04392975219551232,1,stop
214450,2024-04-02,2024-04-03,110000.0,105600.0,11,-53216.13638000004,-0.04392975219551232,1,stop
012450,2024-04-03,2024-04-04,245496.0,235676.16,5,-53984.91163943987,-0.043929752195512206,1,stop
440110,2024-04-03,2024-04-04,17660.0,19072.800000000003,73,97547.03715608013,0.07557902878004863,1,target
214150,2024-04-02,2024-04-05,38000.0,36700.0,34,-49364.57058999967,-0.03816397767476132,3,time
272210,2024-04-02,2024-04-05,18300.0,17568.0,72,-57948.414292799775,-0.043929752195512206,3,stop
039030,2024-04-04,2024-04-05,222500.0,240300.00000000003,6,101014.0512600001,0.07557902878004863,1,target
010950,2024-04-03,2024-04-08,81100.0,83000.0,15,23430.52027500025,0.01923847317833549,3,time
000880,2024-04-04,2024-04-08,29150.0,27984.0,46,-58973.15477020014,-0.04392975219551243,2,stop
067310,2024-04-05,2024-04-08,27567.0,26464.32,47,-56983.00321042165,-0.043929752195512095,1,stop
010120,2024-04-05,2024-04-08,21260.0,22960.800000000003,62,99736.80992272007,0.07557902878004863,1,target
000500,2024-04-05,2024-04-08,31350.0,33858.0,42,99629.36426519975,0.07557902878004841,1,target
440110,2024-04-08,2024-04-09,20600.0,19776.0,64,-57983.598515200196,-0.04392975219551243,1,stop
084370,2024-04-08,2024-04-09,50000.0,48000.0,26,-57174.36139999982,-0.043929752195512206,1,stop
078930,2024-04-08,2024-04-09,50500.0,48480.0,26,-57746.105013999855,-0.043929752195512206,1,stop
036930,2024-04-08,2024-04-09,38450.0,36912.0,34,-57495.41742939991,-0.043929752195512206,1,stop
131970,2024-04-08,2024-04-09,51900.0,49824.0,25,-57064.41070500016,-0.04392975219551243,1,stop
068270,2024-04-09,2024-04-11,174790.0,167798.4,7,-53811.189541339874,-0.043929752195512206,1,stop
003670,2024-04-09,2024-04-11,278677.0,267529.92,4,-49025.167728824075,-0.04392975219551243,1,stop
307950,2024-04-09,2024-04-11,157000.0,150720.0,8,-55239.2291679997,-0.043929752195512095,1,stop
247540,2024-04-09,2024-04-11,244500.0,234720.0,5,-53765.88985499996,-0.04392975219551232,1,stop
214450,2024-04-11,2024-04-12,114600.0,123768.00000000001,10,86713.18557600048,0.07557902878004907,1,target
005490,2024-04-09,2024-04-15,406500.0,390240.0,3,-53633.94902099995,-0.04392975219551232,3,stop
064350,2024-04-11,2024-04-15,41200.0,39552.0,29,-52547.63615439995,-0.04392975219551232,2,stop
218410,2024-04-11,2024-04-15,16150.0,15504.0,75,-53271.11172749987,-0.043929752195512206,2,stop
010170,2024-04-11,2024-04-16,998.0,993.0,1229,-11153.498657150194,-0.0090830034341014,3,time
000500,2024-04-15,2024-04-16,45100.0,43296.0,25,-49587.76344499993,-0.04392975219551232,1,stop
257720,2024-04-15,2024-04-16,13530.0,12988.8,86,-51174.571875239955,-0.04392975219551232,1,stop
161390,2024-04-12,2024-04-17,60000.0,62700.0,22,53815.26183000021,0.04072230099551022,3,time
440110,2024-04-16,2024-04-17,19400.0,18624.0,59,-50339.8261988,-0.04392975219551232,1,stop
078600,2024-04-16,2024-04-17,88700.0,85152.0,13,-50713.65856179991,-0.043929752195512206,1,stop
042660,2024-04-15,2024-04-18,28550.0,30834.000000000004,40,86410.52175200032,0.07557902878004885,3,target
082740,2024-04-16,2024-04-18,10840.0,11707.2,107,87763.42904527998,0.07557902878004863,2,target
010120,2024-04-18,2024-04-19,29180.0,31514.4,42,92733.16903535998,0.07557902878004863,1,target
090430,2024-04-17,2024-04-22,138100.0,141700.0,8,24187.404799999902,0.021867865329289637,3,time
087010,2024-04-19,2024-04-22,25729.0,24699.84,49,-55446.86006043805,-0.04392975219551232,1,stop
006260,2024-04-19,2024-04-22,129100.0,123936.0,9,-51100.68500820012,-0.04392975219551243,1,stop
031980,2024-04-19,2024-04-22,51100.0,49056.0,24,-53937.412939199945,-0.04392975219551232,1,stop
108490,2024-04-18,2024-04-23,22836.0,23079.0,54,8029.644947099965,0.00650404191297782,3,time
011200,2024-04-22,2024-04-23,15650.0,15024.0,76,-52310.14265320008,-0.04392975219551243,1,stop
078930,2024-04-22,2024-04-25,43850.0,43500.0,27,-14274.204817500198,-0.012042574603401635,3,time
000720,2024-04-22,2024-04-25,33600.0,34800.0,35,37056.698700000066,0.031474597705734464,3,time
263750,2024-04-22,2024-04-25,28600.0,30888.000000000004,41,88725.90000560018,0.07557902878004885,3,target
032830,2024-04-23,2024-04-26,84500.0,88800.0,14,55174.35679000034,0.0465857742238478,3,time
071050,2024-04-23,2024-04-26,65200.0,66800.0,18,23905.448639999842,0.020345931642059112,3,time
131290,2024-04-25,2024-04-26,66800.0,72144.0,18,90980.74549439992,0.07557902878004863,1,target
278470,2024-04-26,2024-04-29,49900.0,53892.0,25,94393.28010999993,0.07557902878004863,1,target
272210,2024-04-26,2024-04-29,18730.0,20228.4,67,94953.96484396025,0.07557902878004885,1,target
011070,2024-04-25,2024-04-30,207000.0,223560.00000000003,6,93977.1173520002,0.07557902878004885,3,target
307950,2024-04-25,2024-04-30,152900.0,165132.0,8,92554.59737919993,0.07557902878004863,3,target
036930,2024-04-26,2024-04-30,35550.0,34128.0,35,-54722.460901499726,-0.043929752195512095,2,stop
000500,2024-04-29,2024-04-30,47100.0,50868.0,29,103352.12930039992,0.07557902878004863,1,target
131290,2024-04-29,2024-04-30,79000.0,85320.0,17,101619.37890799972,0.07557902878004841,1,target
009830,2024-04-30,2024-05-02,26300.0,25248.0,51,-58990.7468814,-0.04392975219551232,1,stop
298040,2024-04-30,2024-05-02,316500.0,303840.0,4,-55679.03194799996,-0.04392975219551232,1,stop
131290,2024-05-02,2024-05-03,82000.0,78720.0,17,-61308.50753199984,-0.043929752195512206,1,stop
336260,2024-04-30,2024-05-07,19910.0,20750.0,68,51403.13636799995,0.03792365864845548,3,time
310210,2024-04-30,2024-05-07,31000.0,32500.0,43,58846.95017499989,0.04409553271659439,3,time
051910,2024-04-30,2024-05-07,397500.0,402000.0,3,8573.097825000063,0.007180921429255971,3,time
090430,2024-05-02,2024-05-07,172400.0,165504.0,8,-60657.59941759985,-0.043929752195512206,2,stop
218410,2024-05-03,2024-05-08,17670.0,16963.2,76,-59061.99493176001,-0.04392975219551232,2,stop
043260,2024-05-07,2024-05-08,1869.0,2018.5200000000002,712,100690.80629596813,0.07557902878004863,1,target
214450,2024-05-07,2024-05-08,139000.0,133440.0,9,-55019.32777799992,-0.04392975219551232,1,stop
237690,2024-05-07,2024-05-08,101100.0,97056.0,13,-57803.27937539993,-0.04392975219551232,1,stop
095340,2024-05-07,2024-05-09,82600.0,79296.0,16,-58124.33540480002,-0.04392975219551232,2,stop
000500,2024-05-08,2024-05-09,51400.0,55512.00000000001,25,97230.75346000027,0.07557902878004885,1,target
214150,2024-05-09,2024-05-10,40750.0,44010.0,33,101751.79433099995,0.07557902878004863,1,target
001440,2024-05-08,2024-05-13,14150.0,15282.000000000002,93,99572.61479820008,0.07557902878004863,3,target
180640,2024-05-08,2024-05-13,63300.0,64000.0,20,8770.406100000255,0.006919692263810173,3,time
030200,2024-05-08,2024-05-13,35800.0,35800.0,36,-5281.7601600000635,-0.004093491870325372,3,time
257720,2024-05-10,2024-05-13,22000.0,23760.0,69,114860.92120800028,0.07557902878004885,1,target
267250,2024-05-09,2024-05-14,66800.0,67700.0,20,12471.73990000016,0.009324410185314047,3,time
000500,2024-05-13,2024-05-14,66800.0,64128.0,21,-61695.53397839982,-0.043929752195512206,1,stop
043260,2024-05-13,2024-05-14,2125.0,2040.0,661,-61775.797985749785,-0.043929752195512206,1,stop
032820,2024-05-14,2024-05-16,1738.0,1877.0400000000002,777,102181.27429725626,0.07557902878004885,1,target
263750,2024-05-13,2024-05-17,37700.0,40716.0,37,105546.44202439999,0.07557902878004863,3,target
006800,2024-05-13,2024-05-17,8055.0,7786.0,174,-52411.927745700115,-0.037352194624749036,3,time
329180,2024-05-14,2024-05-17,143800.0,138048.0,9,-56919.27578760008,-0.04392975219551243,2,stop
083650,2024-05-16,2024-05-17,9960.0,9561.6,163,-71401.10172744002,-0.04392975219551232,1,stop
009540,2024-05-14,2024-05-20,137200.0,131712.0,9,-54306.84727440006,-0.04392975219551243,3,stop
010120,2024-05-17,2024-05-20,38900.0,42012.0,36,105962.60478239972,0.07557902878004841,1,target
043260,2024-05-17,2024-05-20,2250.0,2160.0,626,-61946.221562999766,-0.043929752195512206,1,stop
298040,2024-05-20,2024-05-21,373000.0,402840.0,3,84670.20476400014,0.07557902878004885,1,target
007660,2024-05-17,2024-05-22,49209.0,50960.0,28,43236.749938199995,0.03134377155171242,3,time
000810,2024-05-17,2024-05-22,373000.0,358080.0,3,-49213.931082000025,-0.04392975219551232,3,stop
031980,2024-05-21,2024-05-22,55000.0,52800.0,31,-74986.37399,-0.04392975219551232,1,stop
237690,2024-05-20,2024-05-23,101000.0,97500.0,14,-54650.40035000001,-0.03860510353818536,3,time
196170,2024-05-20,2024-05-23,189400.0,185900.0,7,-29861.166334999958,-0.02249725522013446,3,time
028300,2024-05-22,2024-05-23,49250.0,53190.0,27,100616.8049910001,0.07557902878004863,1,target
067310,2024-05-22,2024-05-24,20473.0,19654.079999999998,67,-60327.351510098204,-0.04392975219551243,2,stop
336260,2024-05-23,2024-05-24,25000.0,24000.0,55,-60472.88224999979,-0.043929752195512206,1,stop
950160,2024-05-23,2024-05-24,12930.0,13964.400000000001,108,105662.96759663988,0.07557902878004863,1,target
018260,2024-05-22,2024-05-27,164600.0,166700.0,8,11353.962999999989,0.008612484235824835,3,time
005380,2024-05-23,2024-05-27,273500.0,262560.0,5,-60143.03016499989,-0.043929752195512206,2,stop
178320,2024-05-24,2024-05-27,30050.0,32454.000000000004,46,104593.05097880005,0.07557902878004863,1,target
087010,2024-05-24,2024-05-28,32126.0,34696.08,43,104526.31360560819,0.07557902878004885,2,target
010120,2024-05-27,2024-05-28,47000.0,45120.0,29,-59945.11891399976,-0.043929752195512206,1,stop
352820,2024-05-24,2024-05-29,198100.0,199300.0,7,2692.262440000195,0.001939258305119651,3,time
267260,2024-05-27,2024-05-29,285000.0,307800.0,4,86259.18984000012,0.07557902878004885,2,target
267270,2024-05-28,2024-05-29,59900.0,57504.0,25,-65860.46630500001,-0.04392975219551232,1,stop
278470,2024-05-27,2024-05-30,71600.0,71700.0,19,-3680.792575000087,-0.00270256099304933,3,time
066570,2024-05-29,2024-05-30,112500.0,108000.0,12,-59373.375299999956,-0.04392975219551232,1,stop
403870,2024-05-28,2024-05-31,42250.0,42550.0,36,4534.798859999981,0.0029780336311870936,3,time
028300,2024-05-29,2024-05-31,63000.0,60480.0,21,-58185.907794000115,-0.04392975219551243,2,stop
080220,2024-05-30,2024-05-31,22350.0,21456.0,60,-58977.55279799993,-0.04392975219551232,1,stop
950160,2024-05-29,2024-06-03,14090.0,15217.2,97,103414.93204388022,0.07557902878004885,3,target
034730,2024-05-31,2024-06-03,164500.0,177660.0,8,99576.39809600008,0.07557902878004863,1,target
310210,2024-05-30,2024-06-04,41350.0,42800.0,32,40840.4722399998,0.030829469116083974,3,time
064760,2024-05-31,2024-06-04,122100.0,131868.0,11,101626.94550360017,0.07557902878004885,2,target
078600,2024-05-31,2024-06-05,117600.0,127008.00000000001,11,97881.48068160028,0.07557902878004885,3,target
000250,2024-06-19,2024-06-20,150500.0,162540.0,9,102489.53740199981,0.07557902878004841,1,target
272210,2024-06-19,2024-06-20,21400.0,20544.0,67,-63058.92259640014,-0.04392975219551243,1,stop
086280,2024-06-19,2024-06-20,101789.0,109932.12000000001,14,107827.46793397609,0.07557902878004863,1,target
240810,2024-06-19,2024-06-20,37600.0,36096.0,38,-62839.02120639966,-0.043929752195512095,1,stop
067310,2024-06-19,2024-06-21,20091.0,19287.36,72,-63619.75910145603,-0.04392975219551232,2,stop
310210,2024-06-20,2024-06-21,46300.0,50004.0,31,108603.34664679994,0.07557902878004863,1,target
214150,2024-06-20,2024-06-21,55100.0,52896.0,26,-63006.14626280009,-0.04392975219551243,1,stop
012450,2024-06-20,2024-06-21,258228.0,247898.88,5,-56784.69613691978,-0.043929752195512206,1,stop
403870,2024-06-20,2024-06-21,41150.0,39504.0,35,-63342.59538950003,-0.04392975219551232,1,stop
000990,2024-06-21,2024-06-24,55900.0,53664.0,25,-61462.438504999736,-0.043929752195512095,1,stop
141080,2024-06-21,2024-06-24,74900.0,71904.0,19,-62588.333621799946,-0.04392975219551232,1,stop
096770,2024-06-21,2024-06-24,124800.0,119808.0,11,-60376.12563839997,-0.04392975219551232,1,stop
078930,2024-06-24,2024-06-25,50800.0,48768.0,27,-60323.34930479992,-0.04392975219551232,1,stop
010120,2024-06-24,2024-06-25,41800.0,40128.0,33,-60666.3954731999,-0.043929752195512206,1,stop
257720,2024-06-24,2024-06-25,52500.0,50400.0,26,-60033.07947,-0.04392975219551232,1,stop
047040,2024-06-21,2024-06-26,3600.0,3700.0,400,33980.669999999925,0.023570577799943315,3,time
005940,2024-06-21,2024-06-26,12580.0,12520.0,114,-12697.145922000054,-0.00884344341943355,3,time
034220,2024-06-25,2024-06-26,11800.0,11328.0,112,-58124.33540480002,-0.04392975219551232,1,stop
226950,2024-06-25,2024-06-26,9500.0,9120.0,139,-58075.95709899999,-0.04392975219551232,1,stop
028300,2024-06-26,2024-06-27,72000.0,69120.0,19,-60165.02030399977,-0.043929752195512206,1,stop
021240,2024-06-26,2024-06-27,61000.0,65880.0,22,101543.71295200009,0.07557902878004863,1,target
329180,2024-06-25,2024-06-28,152000.0,155700.0,8,24529.326519999886,0.020148969182831156,3,time
000500,2024-06-27,2024-06-28,48050.0,51894.0,30,109072.47557400004,0.07557902878004863,1,target
012330,2024-06-26,2024-07-01,247000.0,247500.0,5,-2568.6471249999013,-0.0020774867931396823,3,time
039490,2024-06-26,2024-07-01,124000.0,123700.0,11,-8880.216234999942,-0.0065029430996712545,3,time
087010,2024-06-28,2024-07-01,44967.0,48564.36,32,108879.07339046407,0.07557902878004863,1,target
347850,2024-06-28,2024-07-01,7044.0,7607.52,204,108730.16278905631,0.07557902878004885,1,target
131290,2024-06-27,2024-07-02,57800.0,55488.0,25,-63551.50170999998,-0.04392975219551232,3,stop
007660,2024-07-01,2024-07-02,56794.0,54522.24,25,-62445.39771830011,-0.04392975219551243,1,stop
079550,2024-07-01,2024-07-02,218000.0,209280.0,6,-57526.20362399984,-0.043929752195512206,1,stop
298380,2024-07-02,2024-07-03,24250.0,23280.0,57,-60791.73926549987,-0.043929752195512206,1,stop
267270,2024-07-02,2024-07-03,58200.0,55872.0,23,-58872.000130800065,-0.04392975219551243,1,stop
000880,2024-07-01,2024-07-04,26700.0,27850.0,53,54970.95353250019,0.03880135773076554,3,time
096770,2024-07-01,2024-07-04,114000.0,114500.0,12,375.9740999999922,0.00027451913024334473,3,time
310210,2024-07-02,2024-07-04,53000.0,57240.00000000001,26,104267.68736800039,0.07557902878004885,2,target
178320,2024-07-04,2024-07-05,34150.0,32784.0,44,-66084.76572280005,-0.04392975219551232,1,stop
000250,2024-07-04,2024-07-05,179000.0,193320.0,8,108353.64899199991,0.07557902878004863,1,target
267260,2024-07-03,2024-07-08,314000.0,321000.0,4,22770.115400000243,0.018108245572056036,3,time
207940,2024-07-03,2024-07-08,1184754.0,1165621.0,1,-23931.95380215021,-0.02017672874485399,3,time
000150,2024-07-04,2024-07-08,225000.0,216000.0,6,-59373.375299999956,-0.04392975219551232,2,stop
039030,2024-07-05,2024-07-09,204000.0,220320.0,7,108050.98516799998,0.07557902878004863,2,target
240810,2024-07-05,2024-07-10,40250.0,38640.0,40,-70808.2475800002,-0.04392975219551243,3,stop
347850,2024-07-08,2024-07-10,8758.0,9458.640000000001,149,98739.68395455205,0.07557902878004863,2,target
032820,2024-07-09,2024-07-10,2430.0,2624.4,660,121353.06023279997,0.07557902878004863,1,target
000100,2024-07-08,2024-07-11,90000.0,88300.0,14,-28893.568409999833,-0.022905059246107973,3,time
237690,2024-07-08,2024-07-11,92400.0,94400.0,14,22616.02308000019,0.01746292605455957,3,time
083650,2024-07-10,2024-07-11,9990.0,9590.4,155,-68101.2614690999,-0.04392975219551232,1,stop
006260,2024-07-11,2024-07-12,159800.0,153408.0,8,-56224.387395199854,-0.043929752195512206,1,stop
298040,2024-07-11,2024-07-12,394000.0,378240.0,3,-51984.68859599996,-0.04392975219551232,1,stop
058470,2024-07-10,2024-07-15,47454.0,48155.0,32,16142.63789280015,0.010618238693987703,3,time
214370,2024-07-10,2024-07-15,22800.0,23650.0,68,51275.753429999575,0.033034601634508665,3,time
226950,2024-07-12,2024-07-15,10280.0,11102.400000000001,128,99564.29154304019,0.07557902878004885,1,target
058610,2024-07-11,2024-07-16,26800.0,26500.0,50,-20447.367249999894,-0.015241699050881352,3,time
005490,2024-07-12,2024-07-16,388500.0,372960.0,3,-51259.014009000035,-0.04392975219551232,2,stop
950160,2024-07-15,2024-07-16,18490.0,19969.2,84,117521.3362209599,0.07557902878004863,1,target
454910,2024-07-15,2024-07-16,103600.0,99456.0,15,-68345.35201200005,-0.04392975219551232,1,stop
267270,2024-07-16,2024-07-17,58100.0,62748.00000000001,24,105508.60904640006,0.07557902878004863,1,target
003230,2024-07-16,2024-07-17,636000.0,610560.0,2,-55942.913615999976,-0.04392975219551232,1,stop
000100,2024-07-15,2024-07-18,95400.0,97300.0,16,24054.886799999746,0.01574112411967854,3,time
047040,2024-07-16,2024-07-18,4270.0,4611.6,331,106943.99223172013,0.07557902878004863,2,target
084370,2024-07-17,2024-07-18,50000.0,48000.0,28,-61572.38919999986,-0.043929752195512206,1,stop
079550,2024-07-16,2024-07-19,235500.0,226080.0,6,-62144.132813999895,-0.043929752195512206,3,stop
009150,2024-07-17,2024-07-19,172800.0,165888.0,8,-60798.33630720014,-0.04392975219551243,2,stop
443060,2024-07-18,2024-07-19,133500.0,128160.0,11,-64585.03824299993,-0.04392975219551232,1,stop
090430,2024-07-18,2024-07-22,163700.0,176796.0,9,111478.65297479997,0.07557902878004863,2,target
226950,2024-07-19,2024-07-22,11680.0,12614.400000000001,118,104285.84719744045,0.07557902878004907,1,target
028050,2024-07-18,2024-07-23,25350.0,25100.0,59,-20835.98909249995,-0.013915055066870408,3,time
086520,2024-07-19,2024-07-23,96335.0,92481.59999999999,14,-59315.7611358203,-0.04392975219551254,2,stop
039030,2024-07-22,2024-07-23,201000.0,192960.0,7,-61880.25114599988,-0.043929752195512206,1,stop
030200,2024-07-19,2024-07-24,37500.0,37700.0,36,1646.2040400002152,0.0012180095063663021,3,time
087010,2024-07-22,2024-07-24,79467.0,76288.31999999999,19,-66404.63428469421,-0.04392975219551243,2,stop
267270,2024-07-23,2024-07-24,65100.0,62496.0,22,-62988.554151599994,-0.04392975219551232,1,stop
009540,2024-07-23,2024-07-25,186600.0,179136.0,7,-57447.039123600116,-0.04392975219551243,2,stop
010120,2024-07-24,2024-07-25,51600.0,49536.0,28,-63542.705654399935,-0.04392975219551232,1,stop
082740,2024-07-24,2024-07-25,16900.0,16224.0,86,-63920.9360452001,-0.04392975219551243,1,stop
267260,2024-07-24,2024-07-25,351000.0,336960.0,4,-61748.3103120001,-0.04392975219551243,1,stop
033780,2024-07-23,2024-07-26,92100.0,93800.0,15,19763.161425000057,0.014289147259104018,3,time
272210,2024-07-25,2024-07-26,22000.0,21120.0,61,-59021.5330759997,-0.043929752195512095,1,stop
196170,2024-07-25,2024-07-26,300500.0,288480.0,4,-52864.294155999785,-0.043929752195512206,1,stop
028050,2024-07-26,2024-07-29,26050.0,28134.000000000004,54,106439.30030520028,0.07557902878004885,1,target
145020,2024-07-25,2024-07-30,240000.0,259200.00000000003,5,90799.1472,0.07557902878004863,3,target
207940,2024-07-25,2024-07-30,1295135.0,1398745.8,1,97997.62792406022,0.07557902878004885,3,target
131970,2024-07-26,2024-07-30,39500.0,37920.0,35,-60802.73433499993,-0.04392975219551232,2,stop
131290,2024-07-29,2024-07-30,50400.0,48384.0,32,-70931.39235839993,-0.04392975219551232,1,stop
373220,2024-07-26,2024-07-31,332000.0,324000.0,4,-37348.07199999993,-0.02809123905417288,3,time
012450,2024-07-30,2024-07-31,329025.0,315864.0,4,-57882.44387579989,-0.043929752195512206,1,stop
247540,2024-07-31,2024-08-01,185300.0,177888.0,7,-57046.81859380007,-0.04392975219551243,1,stop
047810,2024-07-30,2024-08-02,55000.0,55200.0,25,-649.7652499999385,-0.00047201365894466996,3,time
010950,2024-07-30,2024-08-02,67700.0,68500.0,20,10403.868400000036,0.007674974990881989,3,time
039490,2024-07-30,2024-08-02,132000.0,126720.0,10,-58053.966959999874,-0.043929752195512206,3,stop
196170,2024-07-31,2024-08-02,321500.0,308640.0,4,-56558.63750799978,-0.043929752195512206,2,stop
319660,2024-08-01,2024-08-02,32650.0,31344.0,42,-60310.155221400084,-0.04392975219551243,1,stop
214450,2024-08-02,2024-08-05,146400.0,140544.0,8,-51509.70159359998,-0.04392975219551232,1,stop
009830,2024-08-02,2024-08-05,26450.0,25392.0,49,-57000.63930190005,-0.04392975219551243,1,stop
214370,2024-08-02,2024-08-05,23950.0,22992.0,54,-56879.693537400104,-0.04392975219551243,1,stop
100790,2024-08-02,2024-08-05,5510.0,5289.599999999999,238,-57674.85696364031,-0.04392975219551254,1,stop
042660,2024-08-02,2024-08-05,32050.0,30768.0,41,-57792.28430589987,-0.043929752195512206,1,stop
352820,2024-08-05,2024-08-06,179000.0,171840.0,7,-55107.28833399969,-0.043929752195512095,1,stop
010950,2024-08-05,2024-08-06,68400.0,65664.0,18,-54148.518273600144,-0.04392975219551243,1,stop
003670,2024-08-05,2024-08-06,217126.0,208440.96,5,-47746.30920514022,-0.04392975219551254,1,stop
017670,2024-08-05,2024-08-06,54100.0,51936.0,23,-54724.65991539974,-0.043929752195512095,1,stop
032640,2024-08-05,2024-08-08,10050.0,9648.0,125,-55250.22423749976,-0.043929752195512095,3,stop
298380,2025-02-19,2025-02-20,44550.0,42768.0,27,-52901.677392299986,-0.04392975219551232,1,stop
010120,2025-02-19,2025-02-20,58100.0,55776.0,20,-51105.08303599991,-0.043929752195512206,1,stop
000150,2025-02-19,2025-02-20,360000.0,345600.0,3,-47498.700239999685,-0.043929752195512095,1,stop
454910,2025-02-19,2025-02-20,76000.0,72960.0,15,-50137.51692000008,-0.04392975219551243,1,stop
032820,2025-02-19,2025-02-20,2325.0,2232.0,518,-52967.647809300106,-0.04392975219551243,1,stop
010140,2025-02-20,2025-02-21,14680.0,14092.8,78,-50359.177521119826,-0.043929752195512206,1,stop
036930,2025-02-20,2025-02-21,38150.0,36624.0,30,-50335.42817100021,-0.04392975219551254,1,stop
319660,2025-02-20,2025-02-21,21850.0,20976.0,52,-49970.391863599885,-0.043929752195512206,1,stop
440110,2025-02-20,2025-02-21,17720.0,17011.2,65,-50656.48420040007,-0.04392975219551243,1,stop
131290,2025-02-21,2025-02-24,49800.0,47808.0,22,-48184.79257679987,-0.043929752195512206,1,stop
066970,2025-02-20,2025-02-25,89900.0,86304.0,12,-47445.923906399985,-0.04392975219551232,3,stop
047810,2025-02-21,2025-02-25,61300.0,58848.0,18,-48527.838745200075,-0.04392975219551243,2,stop
015760,2025-02-21,2025-02-26,21950.0,23500.0,51,74229.22665750002,0.06623248022994788,3,time
100790,2025-02-21,2025-02-26,4970.0,5070.0,225,17850.856725000078,0.01594486845421539,3,time
257720,2025-02-24,2025-02-26,33800.0,32448.0,32,-47569.06868480006,-0.04392975219551243,2,stop
006400,2025-02-25,2025-02-26,238394.0,228858.24,4,-41938.537574128015,-0.04392975219551232,1,stop
078600,2025-02-25,2025-02-27,116600.0,111936.0,9,-46152.903733200044,-0.04392975219551232,2,stop
108490,2025-02-26,2025-02-27,33110.0,31785.6,33,-48054.17115113989,-0.043929752195512206,1,stop
005290,2025-02-26,2025-02-27,29800.0,28608.0,36,-47182.04223839997,-0.04392975219551232,1,stop
009540,2025-02-26,2025-02-27,224000.0,215040.0,4,-39406.329088,-0.04392975219551232,1,stop
226950,2025-02-26,2025-02-28,53700.0,57996.00000000001,20,81265.23674400034,0.07557902878004907,2,target
222800,2025-02-27,2025-02-28,21950.0,21072.0,47,-45372.253798700054,-0.04392975219551243,1,stop
377300,2025-02-27,2025-02-28,34650.0,33264.0,30,-45717.49898100004,-0.04392975219551232,1,stop
028300,2025-02-28,2025-03-04,91500.0,87840.0,12,-48290.34524399997,-0.04392975219551232,1,stop
068270,2025-02-27,2025-03-05,180697.0,177905.0,5,-17621.507449000026,-0.01948152250004276,3,time
035720,2025-02-27,2025-03-05,42900.0,43100.0,24,566.3426400000462,0.000549428913495964,3,time
047810,2025-02-28,2025-03-05,64200.0,69336.0,17,82581.82437840011,0.07557902878004863,2,target
278470,2025-02-28,2025-03-05,59100.0,63828.00000000001,18,80493.44399280008,0.07557902878004863,2,target
047810,2025-03-18,2025-03-19,97100.0,93216.0,10,-42704.84993799997,-0.04392975219551232,1,stop
272210,2025-03-18,2025-03-19,39400.0,42552.0,27,80493.44399279985,0.07557902878004841,1,target
196170,2025-03-18,2025-03-19,453500.0,435360.0,2,-39890.11214600003,-0.04392975219551232,1,stop
108490,2025-03-18,2025-03-19,39439.0,37861.439999999995,27,-46832.53096913418,-0.04392975219551254,1,stop
036930,2025-03-18,2025-03-20,37950.0,40986.0,28,80402.6448456,0.07557902878004863,2,target
950160,2025-03-19,2025-03-20,57200.0,54912.0,18,-45282.09422879992,-0.043929752195512206,1,stop
082740,2025-03-19,2025-03-20,26900.0,25824.0,39,-46139.709649799974,-0.04392975219551232,1,stop
009830,2025-03-20,2025-03-21,21650.0,20784.0,50,-47608.65093499981,-0.043929752195512206,1,stop
028050,2025-03-19,2025-03-24,20500.0,20100.0,51,-24624.52787999995,-0.023525813980172616,3,time
000270,2025-03-19,2025-03-24,96500.0,98700.0,10,17980.379900000058,0.01861111246009206,3,time
222800,2025-03-20,2025-03-25,23200.0,22272.0,46,-46935.752681600046,-0.04392975219551232,3,stop
039490,2025-03-20,2025-03-25,132200.0,130700.0,8,-16298.879719999968,-0.015393490071494043,3,time
257720,2025-03-21,2025-03-25,29050.0,27888.0,37,-47272.20180829987,-0.043929752195512206,2,stop
067310,2025-03-24,2025-03-25,13660.0,13113.6,73,-43856.25361604011,-0.04392975219551243,1,stop
000250,2025-03-24,2025-03-26,189000.0,181440.0,5,-41561.3627099999,-0.043929752195512206,2,stop
028300,2025-03-25,2025-03-26,56300.0,54048.0,18,-44569.61372520006,-0.04392975219551243,1,stop
086280,2025-03-25,2025-03-26,134100.0,128736.0,7,-41284.286958600045,-0.04392975219551243,1,stop
005380,2025-03-25,2025-03-27,228500.0,219360.0,4,-40197.97409199993,-0.043929752195512206,2,stop
012330,2025-03-25,2025-03-27,288000.0,276480.0,3,-37998.96019199991,-0.043929752195512206,2,stop
000100,2025-03-26,2025-03-27,127100.0,122016.0,8,-44719.14667040005,-0.04392975219551243,1,stop
007660,2025-03-27,2025-03-28,39850.0,38256.0,23,-40310.123800900066,-0.04392975219551243,1,stop
011070,2025-03-27,2025-03-28,172300.0,165408.0,5,-37889.00949700002,-0.04392975219551232,1,stop
066570,2025-03-27,2025-03-28,83900.0,80544.0,11,-40589.39856620005,-0.04392975219551243,1,stop
000720,2025-03-26,2025-03-31,34950.0,35950.0,30,25614.59580000001,0.02440168718917901,3,time
373220,2025-03-27,2025-03-31,354500.0,340320.0,2,-31182.017101999954,-0.04392975219551232,2,stop
032820,2025-05-19,2025-05-20,2105.0,2020.8,445,-41197.425909550046,-0.04392975219551243,1,stop
042700,2025-05-19,2025-05-20,88700.0,85152.0,10,-39010.506585999974,-0.04392975219551232,1,stop
034020,2025-05-19,2025-05-21,34900.0,37692.0,26,68659.28847439995,0.07557902878004863,2,target
003670,2025-05-20,2025-05-21,110986.0,106546.56,8,-39049.561072864104,-0.04392975219551243,1,stop
083650,2025-05-19,2025-05-22,37550.0,36048.0,24,-39635.02653359994,-0.04392975219551232,3,stop
032830,2025-05-20,2025-05-22,89500.0,96660.0,10,67721.03061999986,0.07557902878004841,2,target
047050,2025-05-20,2025-05-22,48550.0,46608.0,19,-40569.60744110006,-0.04392975219551243,2,stop
950160,2025-05-21,2025-05-22,37000.0,35520.0,25,-40681.757149999845,-0.043929752195512206,1,stop
000500,2025-05-21,2025-05-22,73700.0,79596.0,13,72495.55244360003,0.07557902878004863,1,target
028260,2025-05-22,2025-05-23,148700.0,142752.0,6,-39239.20403160015,-0.04392975219551254,1,stop
222800,2025-05-22,2025-05-27,18060.0,18660.0,51,26735.101578,0.02899310308414882,3,time
145020,2025-05-22,2025-05-27,362000.0,362000.0,2,-2967.096799999941,-0.004093491870325261,3,time
010140,2025-05-22,2025-05-27,14740.0,15919.2,63,70264.92006072018,0.07557902878004885,3,target
307950,2025-05-23,2025-05-28,138400.0,141900.0,7,20457.436615000013,0.02109200508382103,3,time
141080,2025-05-23,2025-05-28,110800.0,114800.0,9,31807.145160000073,0.03185981167226237,3,time
298380,2025-05-28,2025-05-29,81200.0,77952.0,12,-42854.38288320007,-0.04392975219551243,1,stop
000880,2025-05-28,2025-05-29,62000.0,66960.0,17,79751.91762399976,0.07557902878004841,1,target
047050,2025-05-27,2025-05-30,48850.0,49050.0,18,-14.160240000113845,-1.6085491084227854e-05,3,time
032830,2025-05-27,2025-05-30,98500.0,98900.0,9,-43.667279999936,-4.9201481981397954e-05,3,time
010950,2025-05-27,2025-05-30,55700.0,54400.0,16,-24390.99640000018,-0.02733727033654776,3,time
066970,2025-05-29,2025-06-02,56700.0,54432.0,18,-44886.27172680001,-0.04392975219551232,2,stop
006800,2025-05-30,2025-06-02,16468.0,15809.279999999999,56,-40558.964213824016,-0.04392975219551232,1,stop
000720,2025-05-30,2025-06-02,66200.0,63552.0,13,-37849.42724680004,-0.04392975219551243,1,stop
071050,2025-05-30,2025-06-02,108300.0,103968.0,8,-38104.51285920001,-0.04392975219551232,1,stop
003670,2025-05-29,2025-06-04,109920.0,113409.0,9,27254.16098595003,0.027517841889358463,3,time
218410,2025-06-02,2025-06-04,19250.0,20790.0,47,68458.77369099995,0.07557902878004863,1,target
010170,2025-06-02,2025-06-04,698.0,670.0799999999999,1299,-39877.00602315611,-0.04392975219551243,1,stop
131970,2025-06-02,2025-06-09,26450.0,27250.0,34,23434.30177999998,0.026028444103350923,3,time
326030,2025-06-02,2025-06-09,92500.0,92700.0,9,-1617.0579899998847,-0.001940180501396216,3,time
000990,2025-06-04,2025-06-10,42700.0,44500.0,22,35633.408139999956,0.03788851549813854,3,time
257720,2025-06-04,2025-06-10,51100.0,51800.0,19,9281.848554999917,0.009549063035560579,3,time
196170,2025-06-04,2025-06-10,374000.0,393000.0,2,34822.5205000001,0.04650068902396298,3,time
032830,2025-06-09,2025-06-10,121600.0,116736.0,8,-42784.014438400045,-0.04392975219551243,1,stop
222800,2025-06-09,2025-06-11,21500.0,23220.0,47,76460.448538,0.07557902878004863,2,target
377300,2025-06-10,2025-06-11,58200.0,55872.0,15,-38394.78269400005,-0.04392975219551243,1,stop
323410,2025-06-10,2025-06-11,30650.0,29424.0,30,-40439.865620999946,-0.04392975219551232,1,stop
035720,2025-06-10,2025-06-11,53300.0,51168.0,17,-39850.52989579982,-0.043929752195512095,1,stop
001440,2025-06-10,2025-06-11,16700.0,16032.0,55,-40395.88534299994,-0.04392975219551232,1,stop
087010,2025-06-11,2025-06-12,198300.0,190368.0,4,-34885.1565096,-0.04392975219551232,1,stop
241560,2025-06-11,2025-06-13,52200.0,50112.0,17,-39028.09869719995,-0.04392975219551232,2,stop
267270,2025-06-11,2025-06-13,72900.0,69984.0,12,-38473.94719440001,-0.04392975219551232,2,stop
257720,2025-06-12,2025-06-13,60000.0,57600.0,18,-47498.700239999685,-0.043929752195512095,1,stop
272210,2025-06-11,2025-06-16,53000.0,57240.00000000001,17,68175.0263560001,0.07557902878004885,3,target
267260,2025-06-11,2025-06-16,428000.0,456500.0,2,53323.90195000009,0.06222271252616007,3,time
064400,2025-06-13,2025-06-16,59700.0,64476.00000000001,15,67758.86359800014,0.07557902878004885,1,target
003670,2025-06-13,2025-06-16,125817.0,120784.31999999999,7,-38734.26645988214,-0.04392975219551254,1,stop
047810,2025-06-16,2025-06-17,101400.0,97344.0,9,-40136.40170279995,-0.04392975219551232,1,stop
010950,2025-06-16,2025-06-17,65600.0,62976.0,14,-40391.48731520004,-0.04392975219551232,1,stop
218410,2025-06-16,2025-06-17,23750.0,22800.0,40,-41781.26409999991,-0.043929752195512206,1,stop
005830,2025-06-13,2025-06-18,117100.0,116200.0,7,-9640.721825000132,-0.011747769046386192,3,time
018260,2025-06-17,2025-06-18,167900.0,161184.0,6,-44305.732057200046,-0.04392975219551243,1,stop
032820,2025-06-17,2025-06-18,3510.0,3790.8,299,79410.66416243999,0.07557902878004863,1,target
079550,2025-06-16,2025-06-19,548000.0,591840.0,1,41464.943888000096,0.07557902878004885,3,target
298040,2025-06-17,2025-06-19,773000.0,834840.0,1,58489.78398800001,0.07557902878004863,2,target
021240,2025-06-18,2025-06-19,97400.0,93504.0,11,-47120.469849200104,-0.04392975219551243,1,stop
263750,2025-06-18,2025-06-23,41550.0,41600.0,25,-3010.690312499879,-0.0028950484189056436,3,time
267270,2025-06-18,2025-06-23,74800.0,74800.0,14,-4291.635039999965,-0.004093491870325261,3,time
035420,2025-06-19,2025-06-23,254500.0,274860.0,3,57770.957406,0.07557902878004863,2,target
096770,2025-06-19,2025-06-23,100200.0,108216.0,8,60653.83032960002,0.07557902878004863,2,target
307950,2025-06-19,2025-06-24,162000.0,174960.0,5,61289.42436000006,0.07557902878004863,3,target
377300,2025-06-23,2025-06-24,80500.0,77280.0,12,-42484.94854799996,-0.04392975219551232,1,stop
247540,2025-06-23,2025-06-24,99000.0,106920.0,9,67418.36679599993,0.07557902878004863,1,target
108490,2025-06-24,2025-06-25,82190.0,78902.4,11,-39762.12953702011,-0.04392975219551243,1,stop
034020,2025-06-24,2025-06-25,70600.0,67776.0,13,-40365.09914840001,-0.04392975219551232,1,stop
310210,2025-06-23,2025-06-26,105200.0,109500.0,9,34705.73470500007,0.03661371330988006,3,time
357780,2025-06-23,2025-06-26,179000.0,179300.0,5,-2172.311074999976,-0.002424374817594055,3,time
006800,2025-06-24,2025-06-26,22751.0,21840.96,43,-43025.59810545412,-0.04392975219551243,2,stop
323410,2025-06-25,2025-06-26,35950.0,34512.0,26,-41108.36584660015,-0.04392975219551254,1,stop
015760,2025-06-25,2025-06-26,38400.0,36864.0,24,-40532.224204799975,-0.04392975219551232,1,stop
095340,2025-06-26,2025-06-27,63000.0,60480.0,14,-38790.60519600008,-0.04392975219551243,1,stop
005380,2025-06-26,2025-06-27,214500.0,205920.0,4,-37735.07852400001,-0.04392975219551232,1,stop
000270,2025-06-26,2025-06-30,100700.0,96672.0,9,-39859.3259514001,-0.04392975219551243,2,stop
278470,2025-06-26,2025-07-01,149500.0,154200.0,6,24440.779589999933,0.027215943502313156,3,time
012330,2025-06-26,2025-07-01,294500.0,288000.0,3,-23063.27272499993,-0.0260744504538325,3,time
010170,2025-06-27,2025-07-01,877.0,947.1600000000001,1059,70274.22697330802,0.07557902878004863,2,target
218410,2025-06-27,2025-07-02,26600.0,26600.0,34,-3706.412079999922,-0.004093491870325261,3,time
010130,2025-06-30,2025-07-02,835000.0,801600.0,1,-36723.53212999995,-0.04392975219551232,2,stop
096770,2025-07-01,2025-07-02,121700.0,116832.0,7,-37466.79882819997,-0.04392975219551232,1,stop
257720,2025-07-01,2025-07-02,60800.0,58368.0,15,-40110.01353600004,-0.04392975219551243,1,stop
214370,2025-07-01,2025-07-02,34400.0,37152.0,27,70278.53993279987,0.07557902878004841,1,target
051910,2025-07-02,2025-07-03,227000.0,245160.00000000003,3,51528.5160360001,0.07557902878004885,1,target
000880,2025-07-02,2025-07-03,105700.0,101472.0,8,-37189.7230768,-0.04392975219551232,1,stop
005490,2025-07-02,2025-07-03,278500.0,300780.0,3,63218.90623799991,0.07557902878004863,1,target
000250,2025-07-03,2025-07-04,154100.0,147936.0,6,-40664.16503879987,-0.043929752195512206,1,stop
267270,2025-07-03,2025-07-04,84400.0,81024.0,11,-40831.290095200064,-0.04392975219551243,1,stop
237690,2025-07-02,2025-07-07,85300.0,84000.0,10,-16457.439949999913,-0.019271433963743534,3,time
005380,2025-07-02,2025-07-07,215000.0,208500.0,4,-29447.8027,-0.0342022932788969,3,time
084370,2025-07-04,2025-07-07,44650.0,42864.0,22,-43201.827079399955,-0.04392975219551232,1,stop
240810,2025-07-04,2025-07-07,29500.0,28320.0,33,-42814.80063299986,-0.043929752195512206,1,stop
068270,2025-07-03,2025-07-08,167800.0,175500.0,5,34948.1102750001,0.041606627990214085,3,time
051910,2025-07-07,2025-07-08,267500.0,256800.0,3,-35294.17309499986,-0.043929752195512206,1,stop
030200,2025-07-07,2025-07-09,58200.0,55872.0,15,-38394.78269400005,-0.04392975219551243,2,stop
028050,2025-07-07,2025-07-10,23950.0,24700.0,37,24036.571682499954,0.027093559532482825,3,time
196170,2025-07-08,2025-07-10,411000.0,443880.00000000006,2,62197.4158320002,0.07557902878004885,2,target
278470,2025-07-08,2025-07-11,153700.0,165996.0,5,58149.287185999914,0.07557902878004841,3,target
033780,2025-07-08,2025-07-11,138600.0,136400.0,6,-16569.14885999984,-0.019901531681907336,3,time
007660,2025-07-09,2025-07-11,58200.0,55872.0,17,-43514.0870532,-0.04392975219551232,2,stop
005830,2025-07-10,2025-07-14,133000.0,143640.0,6,60381.43288799992,0.07557902878004863,2,target
078930,2025-07-10,2025-07-15,53500.0,53200.0,17,-8812.277844999917,-0.00967801434581872,3,time
141080,2025-07-11,2025-07-16,137500.0,132000.0,6,-36283.72934999992,-0.043929752195512206,3,stop
028260,2025-07-11,2025-07-16,176200.0,181400.0,5,22312.836499999976,0.025297619606827304,3,time
357780,2025-07-14,2025-07-16,191700.0,207036.0,4,58020.655060800025,0.07557902878004863,2,target
214370,2025-07-15,2025-07-16,50300.0,48288.0,21,-46456.36765139981,-0.043929752195512206,1,stop
319660,2025-07-14,2025-07-17,19810.0,20850.0,47,44920.188241999946,0.04819034298352931,3,time
087010,2025-07-16,2025-07-17,227000.0,245160.00000000003,3,51528.5160360001,0.07557902878004885,1,target
222800,2025-07-16,2025-07-17,25750.0,24720.0,34,-38504.73338899994,-0.04392975219551232,1,stop
353200,2025-07-16,2025-07-17,18740.0,20239.2,47,66645.06072568009,0.07557902878004863,1,target
108490,2025-07-16,2025-07-18,82872.0,79557.12,10,-36447.33598415996,-0.04392975219551232,2,stop
000100,2025-07-18,2025-07-21,136300.0,130848.0,8,-47956.09513119992,-0.04392975219551232,1,stop
131970,2025-07-18,2025-07-21,29700.0,28512.0,38,-49636.14175079996,-0.04392975219551232,1,stop
196170,2025-07-17,2025-07-22,482000.0,476000.0,1,-7957.644099999976,-0.016490668320072288,3,time
084370,2025-07-17,2025-07-22,45100.0,44100.0,20,-23637.61540000001,-0.026175676086060973,3,time
039030,2025-07-17,2025-07-22,219500.0,210720.0,4,-38614.68408399995,-0.04392975219551232,3,stop
003670,2025-07-21,2025-07-24,153000.0,150200.0,7,-23931.39042000007,-0.022319231888384805,3,time
066970,2025-07-21,2025-07-24,61000.0,65880.0,18,83081.21968800016,0.07557902878004885,3,target
082740,2025-07-22,2025-07-24,28950.0,31266.000000000004,25,54763.235655000084,0.07557902878004885,2,target
009830,2025-07-22,2025-07-25,38050.0,39000.0,19,15033.994007499889,0.020771453799140804,3,time
051910,2025-07-22,2025-07-25,292000.0,307000.0,2,27518.209700000007,0.047066089026746916,3,time
000250,2025-07-24,2025-07-25,218000.0,235440.00000000003,4,65980.71363200014,0.07557902878004885,1,target
267270,2025-07-24,2025-07-25,83300.0,89964.0,12,75635.68961760006,0.07557902878004863,1,target
047050,2025-07-24,2025-07-28,54900.0,52704.0,19,-45875.82798179984,-0.043929752195512206,2,stop
298380,2025-07-25,2025-07-28,87000.0,83520.0,10,-38262.841860000044,-0.04392975219551243,1,stop
083650,2025-07-25,2025-07-28,39750.0,42930.0,23,69177.60027300008,0.07557902878004863,1,target
042660,2025-07-25,2025-07-28,88000.0,95040.0,10,66586.04128000012,0.07557902878004885,1,target
373220,2025-07-25,2025-07-29,363500.0,392580.0,2,55009.150012000115,0.07557902878004885,2,target
377300,2025-07-28,2025-07-29,68700.0,65952.0,14,-42300.23138040013,-0.04392975219551243,1,stop
267250,2025-07-28,2025-07-29,152400.0,146304.0,6,-40215.566203200025,-0.04392975219551232,1,stop
034220,2025-07-28,2025-07-31,9920.0,10713.6,101,75811.23463552014,0.07557902878004885,3,target
082740,2025-07-28,2025-07-31,35800.0,34368.0,28,-44085.83066720003,-0.04392975219551232,3,stop
240810,2025-07-29,2025-07-31,33900.0,32544.0,26,-38764.21702920005,-0.04392975219551243,2,stop
062040,2025-07-29,2025-07-31,109700.0,118476.00000000001,8,66404.44298560021,0.07557902878004885,2,target
357780,2025-07-29,2025-07-31,249000.0,239040.0,3,-32853.26766599994,-0.043929752195512206,2,stop
353200,2025-07-31,2025-08-01,23450.0,22512.0,40,-41253.50076399988,-0.043929752195512206,1,stop
009150,2025-07-31,2025-08-01,150300.0,144288.0,6,-39661.414700400084,-0.04392975219551243,1,stop
006400,2025-07-31,2025-08-01,212500.0,204000.0,4,-37383.23629999999,-0.04392975219551232,1,stop
066970,2025-07-31,2025-08-01,72100.0,69216.0,13,-41222.71456939995,-0.04392975219551232,1,stop
096770,2025-07-31,2025-08-01,117600.0,112896.0,8,-41376.64554239996,-0.04392975219551232,1,stop
042660,2025-08-01,2025-08-04,116200.0,111552.0,7,-35773.55812519987,-0.043929752195512206,1,stop
000150,2025-08-01,2025-08-04,591000.0,567360.0,1,-25992.34429799998,-0.04392975219551232,1,stop
272210,2025-08-01,2025-08-04,61400.0,58944.0,14,-37805.44696879992,-0.043929752195512206,1,stop
352820,2025-08-01,2025-08-06,255500.0,259000.0,3,7327.775174999959,0.009549063035560579,3,time
010170,2025-08-05,2025-08-06,1004.0,1084.3200000000002,919,69815.16161825624,0.07557902878004885,1,target
326030,2025-08-06,2025-08-07,108600.0,104256.0,8,-38210.065526399994,-0.04392975219551232,1,stop
267270,2025-08-05,2025-08-08,98400.0,106272.0,9,67009.77063360007,0.07557902878004863,3,target
033780,2025-08-05,2025-08-08,135400.0,146232.0,6,61471.02265440009,0.07557902878004885,3,target
000500,2025-08-05,2025-08-08,63400.0,66200.0,14,35446.87412000017,0.039889760854644685,3,time
180640,2025-08-07,2025-08-08,116200.0,125496.00000000001,8,70339.07269760012,0.07557902878004885,1,target
247540,2025-08-06,2025-08-11,124700.0,134000.0,7,61330.76316500001,0.07018020921713242,3,time
035720,2025-08-08,2025-08-13,62500.0,63500.0,15,11113.716750000021,0.011841012259749428,3,time
010130,2025-08-08,2025-08-13,807000.0,774720.0,1,-35492.08434599999,-0.04392975219551232,3,stop
098460,2025-08-08,2025-08-13,14750.0,15490.0,65,44029.049545000074,0.04587063124940083,3,time
039030,2025-08-08,2025-08-13,233000.0,239000.0,4,20109.724400000065,0.02155216928322856,3,time
214450,2025-08-11,2025-08-14,665000.0,684000.0,1,16218.68405000004,0.024360979790522652,3,time
086520,2025-08-13,2025-08-18,58500.0,56160.0,17,-43738.386471000034,-0.04392975219551232,2,stop
000990,2025-08-13,2025-08-18,47250.0,45360.0,22,-45717.49898100004,-0.04392975219551232,2,stop
034220,2025-08-14,2025-08-18,12980.0,12460.8,68,-38818.752573920065,-0.04392975219551243,1,stop
087010,2025-08-14,2025-08-18,344000.0,330240.0,2,-30258.431263999897,-0.043929752195512206,1,stop
086280,2025-08-13,2025-08-19,171400.0,174600.0,6,14928.808559999918,0.014499861840380213,3,time
064400,2025-08-18,2025-08-20,72700.0,69792.0,12,-38368.39452720003,-0.04392975219551232,2,stop
336260,2025-08-18,2025-08-20,26500.0,25440.0,34,-39626.23047800001,-0.04392975219551232,2,stop
323410,2025-08-18,2025-08-20,26250.0,25200.0,34,-39252.39811499999,-0.04392975219551232,2,stop
138040,2025-08-18,2025-08-21,120000.0,129600.00000000001,7,63559.40304000012,0.07557902878004885,3,target
377300,2025-08-20,2025-08-21,65000.0,62400.0,13,-37163.334909999976,-0.04392975219551232,1,stop
032640,2025-08-19,2025-08-22,15350.0,14960.0,78,-35237.095178999705,-0.029396653966127895,3,time
083650,2025-08-21,2025-08-22,43500.0,46980.0,21,69120.85080599994,0.07557902878004863,1,target
263750,2025-08-20,2025-08-25,31250.0,30000.0,27,-37108.359562499914,-0.043929752195512206,3,stop
259960,2025-08-20,2025-08-25,329500.0,330000.0,2,-1703.6618499999167,-0.0025822528595063066,3,time
015760,2025-08-21,2025-08-26,37350.0,37000.0,25,-12550.898812500061,-0.013425949108488378,3,time
047040,2025-08-22,2025-08-26,4170.0,4003.2,265,-48600.4062039,-0.04392975219551232,2,stop
108490,2025-08-25,2025-08-26,84430.0,91184.40000000001,9,57496.28998572007,0.07557902878004863,1,target
010170,2025-08-25,2025-08-26,1076.0,1162.0800000000002,738,60085.427668128046,0.07557902878004863,1,target
032830,2025-08-22,2025-08-27,140000.0,138700.0,7,-13089.408745000139,-0.013341195160101016,3,time
319400,2025-08-26,2025-08-28,5000.0,4800.0,184,-40461.85575999995,-0.04392975219551232,2,stop
058610,2025-08-26,2025-08-29,25850.0,25350.0,35,-21156.25557499996,-0.02335667384575424,3,time
277810,2025-08-26,2025-08-29,284000.0,272640.0,3,-37471.196855999995,-0.04392975219551232,3,stop
307950,2025-08-26,2025-08-29,160900.0,173772.0,5,60873.2616020001,0.07557902878004885,3,target
319660,2025-08-27,2025-08-29,21350.0,23058.0,54,87235.2806723998,0.07557902878004841,2,target
329180,2025-08-28,2025-08-29,527000.0,505920.0,1,-23177.6065060001,-0.04392975219551254,1,stop
067310,2025-08-29,2025-09-01,13880.0,13324.8,67,-40899.89932888001,-0.04392975219551232,1,stop
402340,2025-08-29,2025-09-01,152300.0,146208.0,6,-40189.17803640023,-0.04392975219551254,1,stop
082740,2025-09-01,2025-09-02,46800.0,44928.0,20,-41165.54020799999,-0.04392975219551232,1,stop
080220,2025-09-01,2025-09-02,15620.0,16869.600000000002,61,72096.03619591997,0.07557902878004863,1,target
034730,2025-08-29,2025-09-03,206500.0,203000.0,4,-17343.840499999933,-0.020973263194557057,3,time
006800,2025-08-29,2025-09-03,19296.0,18524.16,48,-40734.88532582414,-0.04392975219551254,3,stop
003550,2025-08-29,2025-09-03,76300.0,75200.0,12,-16913.3976599999,-0.01845125280011084,3,time
319400,2025-09-03,2025-09-04,6360.0,6868.8,152,73147.79298432008,0.07557902878004863,1,target
145020,2025-09-02,2025-09-05,331000.0,332000.0,2,-718.904499999946,-0.001084710878996975,3,time
031980,2025-09-02,2025-09-05,34750.0,36500.0,28,44867.99695000006,0.04606007328728423,3,time
226950,2025-09-03,2025-09-05,77600.0,83808.0,12,70460.13822720002,0.07557902878004863,2,target
108490,2025-09-03,2025-09-05,99330.0,95356.8,9,-39317.04912365985,-0.043929752195512206,2,stop
440110,2025-09-04,2025-09-05,15420.0,16653.600000000002,75,87507.67811400001,0.07557902878004863,1,target
095340,2025-09-05,2025-09-08,62700.0,67716.0,15,71163.83161800005,0.07557902878004863,1,target
010170,2025-09-05,2025-09-08,1255.0,1204.8,763,-42113.97490307002,-0.04392975219551232,1,stop
950160,2025-09-05,2025-09-08,39750.0,42930.0,24,72185.322024,0.07557902878004863,1,target
443060,2025-09-08,2025-09-09,222500.0,213600.0,4,-39142.44741999998,-0.04392975219551232,1,stop
298380,2025-09-08,2025-09-09,104200.0,100032.0,9,-41244.704708400066,-0.04392975219551243,1,stop
000250,2025-09-05,2025-09-10,202000.0,213500.0,4,42553.04409999994,0.05260415586973033,3,time
036930,2025-09-05,2025-09-10,28100.0,28300.0,34,2864.532980000018,0.0029948106786403805,3,time
007660,2025-09-09,2025-09-10,69200.0,74736.0,14,73305.17817279999,0.07557902878004863,1,target
226950,2025-09-08,2025-09-11,89500.0,85920.0,11,-43298.58369099989,-0.043929752195512206,3,stop
067310,2025-09-10,2025-09-11,16000.0,17280.0,61,73849.97305600008,0.07557902878004863,1,target
006800,2025-09-10,2025-09-11,22602.0,21697.92,43,-42743.81646430795,-0.04392975219551232,1,stop
058470,2025-09-09,2025-09-12,50100.0,49050.0,20,-25044.48735000007,-0.02496578395687543,3,time
010170,2025-09-11,2025-09-12,1531.0,1653.48,641,74256.37490567588,0.07557902878004841,1,target
222800,2025-09-10,2025-09-15,29250.0,31590.000000000004,33,73036.56402900012,0.07557902878004885,3,target
087010,2025-09-12,2025-09-15,318000.0,305280.0,3,-41957.18521200004,-0.04392975219551243,1,stop
000990,2025-09-11,2025-09-16,52500.0,56700.00000000001,18,71504.32842000015,0.07557902878004885,3,target
214370,2025-09-15,2025-09-16,63900.0,69012.0,15,72525.81882599986,0.07557902878004841,1,target
336260,2025-09-12,2025-09-17,32350.0,32300.0,31,-5655.310392499901,-0.005632760043632334,3,time
032640,2025-09-12,2025-09-17,15250.0,14680.0,66,-41633.93265900004,-0.041317538403696785,3,time
180640,2025-09-16,2025-09-17,119300.0,114528.0,8,-41974.777323200135,-0.04392975219551243,1,stop
079550,2025-09-17,2025-09-18,535000.0,513600.0,1,-23529.448729999887,-0.043929752195512095,1,stop
267250,2025-09-16,2025-09-19,162700.0,161300.0,6,-12375.899219999905,-0.012663062315202644,3,time
028260,2025-09-16,2025-09-19,194700.0,196400.0,5,4485.3438750000205,0.004602147902763809,3,time
047810,2025-09-18,2025-09-19,112000.0,107520.0,10,-49257.911359999795,-0.043929752195512206,1,stop
011070,2025-09-17,2025-09-22,176800.0,190944.0,5,66888.70510400005,0.07557902878004863,3,target
034220,2025-09-17,2025-09-22,12990.0,13340.0,79,23362.87259549985,0.02274001681677129,3,time
108490,2025-09-19,2025-09-22,109165.0,117898.20000000001,9,74340.66678066028,0.07557902878004885,1,target
326030,2025-09-22,2025-09-23,114900.0,110304.0,9,-45480.00547979993,-0.04392975219551232,1,stop
039030,2025-09-19,2025-09-24,243500.0,233760.0,4,-42836.79077199998,-0.04392975219551232,3,stop
031980,2025-09-19,2025-09-24,46000.0,49000.0,22,61658.0503,0.060856932572914246,3,time
226950,2025-09-22,2025-09-24,100700.0,96672.0,10,-44288.139946000185,-0.04392975219551254,2,stop
298380,2025-09-22,2025-09-24,108600.0,104256.0,9,-42986.323717199964,-0.04392975219551232,2,stop
347850,2025-09-23,2025-09-24,54930.0,52732.799999999996,20,-48316.733410799876,-0.043929752195512206,1,stop
950160,2025-09-24,2025-09-25,52300.0,50208.0,19,-43703.202248599846,-0.043929752195512206,1,stop
068270,2025-09-24,2025-09-25,184200.0,176832.0,5,-40505.836037999834,-0.043929752195512206,1,stop
108490,2025-09-24,2025-09-25,157272.0,150981.12,6,-41501.19768969598,-0.04392975219551232,1,stop
214370,2025-09-24,2025-09-25,68400.0,65664.0,14,-42115.51421279996,-0.04392975219551232,1,stop
032820,2025-09-24,2025-09-26,4350.0,4176.0,228,-43619.63972040021,-0.04392975219551254,2,stop
222800,2025-09-25,2025-09-26,41000.0,39360.0,23,-41473.40215400001,-0.04392975219551232,1,stop
353200,2025-09-25,2025-09-26,28800.0,27648.0,33,-41798.856211200124,-0.04392975219551243,1,stop
064760,2025-09-25,2025-09-26,160800.0,154368.0,5,-35360.14351199998,-0.04392975219551232,1,stop
035420,2025-09-26,2025-09-29,251500.0,271620.0,3,57089.96380200004,0.07557902878004863,1,target
131290,2025-09-25,2025-09-30,51100.0,53300.0,18,35713.73285999987,0.03878310926245887,3,time
277810,2025-09-26,2025-09-30,322500.0,309600.0,2,-28367.279309999896,-0.043929752195512206,2,stop
247540,2025-09-26,2025-09-30,118800.0,114048.0,7,-36573.99918479996,-0.04392975219551232,2,stop
034220,2025-09-26,2025-10-01,14110.0,14430.0,65,16980.01642999996,0.018492623126237007,3,time
006800,2025-09-30,2025-10-01,21954.0,21075.84,39,-37656.177905268036,-0.04392975219551243,1,stop
214450,2025-09-29,2025-10-02,570000.0,547200.0,2,-50137.51691999985,-0.043929752195512206,3,stop
278470,2025-09-30,2025-10-10,245500.0,257000.0,3,31379.967975000036,0.042557933154079075,3,time
010950,2025-09-30,2025-10-10,63500.0,66800.0,13,39390.464554999955,0.047662279418303255,3,time
082740,2025-10-02,2025-10-10,49450.0,47472.0,25,-54370.61867749994,-0.04392975219551232,1,stop
329180,2025-10-01,2025-10-13,515000.0,517000.0,1,-116.46909999998752,-0.00022589378050130726,3,time
373220,2025-10-10,2025-10-13,367500.0,352800.0,2,-32325.50432999991,-0.043929752195512206,1,stop
080220,2025-10-10,2025-10-13,24000.0,23040.0,39,-41165.54020799999,-0.04392975219551232,1,stop
402340,2025-10-10,2025-10-13,245000.0,235200.0,3,-32325.504330000025,-0.04392975219551232,1,stop
098460,2025-10-02,2025-10-14,15880.0,17150.4,79,94924.4551211202,0.07557902878004885,3,target
108490,2025-10-13,2025-10-14,185400.0,200232.0,4,56113.87296960002,0.07557902878004863,1,target
058610,2025-10-13,2025-10-14,30750.0,29520.0,26,-35162.23226099997,-0.04392975219551232,1,stop
042700,2025-10-13,2025-10-14,115500.0,124740.00000000001,7,61175.92542600015,0.07557902878004885,1,target
034020,2025-10-13,2025-10-15,74900.0,80892.0,10,56673.80104400008,0.07557902878004885,2,target
067310,2025-10-14,2025-10-15,28300.0,27168.0,34,-42317.82349159999,-0.04392975219551232,1,stop
001440,2025-10-14,2025-10-15,18650.0,17904.0,52,-42652.07360439992,-0.043929752195512206,1,stop
131970,2025-10-14,2025-10-15,51000.0,48960.0,19,-42616.889381999965,-0.04392975219551232,1,stop
003670,2025-10-14,2025-10-15,156900.0,169452.0,6,71231.93097840005,0.07557902878004863,1,target
319400,2025-10-15,2025-10-16,10780.0,11642.400000000001,86,70148.39448848006,0.07557902878004863,1,target
043260,2025-10-15,2025-10-16,1476.0,1416.96,635,-41220.955358279985,-0.04392975219551232,1,stop
066970,2025-10-15,2025-10-16,82000.0,88560.0,11,68250.69231200009,0.07557902878004863,1,target
032830,2025-10-15,2025-10-17,165300.0,158688.0,5,-36349.699766999925,-0.043929752195512206,2,stop
218410,2025-10-16,2025-10-17,31850.0,30576.0,31,-43423.92748329998,-0.04392975219551232,1,stop
010170,2025-10-16,2025-10-20,1715.0,1852.2,576,74745.85797503998,0.07557902878004863,2,target
086520,2025-10-17,2025-10-20,61600.0,66528.0,15,69915.34334400005,0.07557902878004863,1,target
247540,2025-10-17,2025-10-20,145500.0,157140.0,6,66056.3795879999,0.07557902878004841,1,target
062040,2025-10-17,2025-10-21,135000.0,129600.0,6,-35624.02518000011,-0.04392975219551243,2,stop
003670,2025-10-17,2025-10-21,192100.0,207468.0,4,58141.720590400044,0.07557902878004863,2,target
000150,2025-10-20,2025-10-21,725000.0,783000.0,1,54857.81810000015,0.07557902878004885,1,target
310210,2025-10-20,2025-10-21,172400.0,165504.0,6,-45493.1995632,-0.04392975219551232,1,stop
006800,2025-10-21,2025-10-22,25340.0,24326.399999999998,37,-41235.02904724004,-0.04392975219551243,1,stop
071050,2025-10-21,2025-10-22,180500.0,173280.0,5,-39692.200895000016,-0.04392975219551232,1,stop
039490,2025-10-21,2025-10-22,281500.0,270240.0,3,-37141.344770999975,-0.04392975219551232,1,stop
319660,2025-10-21,2025-10-22,38050.0,36528.0,25,-41836.239447499975,-0.04392975219551232,1,stop
015760,2025-10-20,2025-10-23,43900.0,42144.0,25,-48268.35510500008,-0.04392975219551243,3,stop
443060,2025-10-22,2025-10-23,248000.0,238080.0,3,-32721.326831999933,-0.043929752195512206,1,stop
035720,2025-10-22,2025-10-23,62800.0,60288.0,14,-38667.460417600116,-0.04392975219551243,1,stop
043260,2025-10-23,2025-10-24,1599.0,1726.92,663,80216.27959597204,0.07557902878004863,1,target
051910,2025-10-23,2025-10-24,406500.0,390240.0,2,-35755.966014000005,-0.04392975219551232,1,stop
329180,2025-10-22,2025-10-27,582000.0,628560.0,1,44037.58639199997,0.07557902878004863,3,target
028300,2025-10-22,2025-10-27,45100.0,46200.0,20,18238.566499999957,0.02019691076698371,3,time
222800,2025-10-24,2025-10-27,59000.0,56640.0,19,-49301.8916379998,-0.043929752195512206,1,stop
353200,2025-10-24,2025-10-27,35050.0,37854.0,32,84866.93624960002,0.07557902878004863,1,target
064350,2025-10-23,2025-10-28,230500.0,238000.0,4,26133.018100000103,0.028311275205477715,3,time
003670,2025-10-27,2025-10-28,258000.0,247680.0,3,-34040.735172000015,-0.04392975219551232,1,stop
000720,2025-10-27,2025-10-28,73500.0,70560.0,13,-42023.155629000044,-0.04392975219551243,1,stop
066970,2025-10-27,2025-10-28,145200.0,139392.0,6,-38315.61819359998,-0.04392975219551232,1,stop
010170,2025-10-27,2025-10-28,1878.0,1802.8799999999999,517,-42701.59539742803,-0.04392975219551232,1,stop
347850,2025-10-28,2025-10-29,48048.0,46126.08,19,-40150.12354953599,-0.04392975219551232,1,stop
010140,2025-10-28,2025-10-29,30850.0,29616.0,30,-40703.74728900008,-0.04392975219551243,1,stop
298380,2025-10-28,2025-10-29,96700.0,92832.0,9,-38276.0359434,-0.04392975219551232,1,stop
100790,2025-10-28,2025-10-30,8500.0,8160.0,110,-41121.55992999987,-0.043929752195512206,2,stop
336260,2025-10-29,2025-10-30,40450.0,43686.0,22,67335.13424439996,0.07557902878004863,1,target
006400,2025-10-29,2025-10-30,312500.0,337500.0,2,47291.22250000003,0.07557902878004863,1,target
000250,2025-10-28,2025-10-31,221000.0,234000.0,4,48223.89260000002,0.05448924390200838,3,time
180640,2025-10-29,2025-10-31,113400.0,108864.0,8,-39898.90820159996,-0.04392975219551232,2,stop
000500,2025-10-30,2025-10-31,71600.0,77328.0,13,70429.87184479996,0.07557902878004863,1,target
084370,2025-10-30,2025-11-03,96600.0,92736.0,9,-38236.453693200136,-0.04392975219551254,2,stop
218410,2025-10-30,2025-11-03,33650.0,36342.0,28,71292.46374320006,0.07557902878004863,2,target
067310,2025-10-31,2025-11-03,29800.0,28608.0,32,-41939.593100799946,-0.04392975219551232,1,stop
278470,2025-10-31,2025-11-04,258500.0,279180.0,3,58678.948878000025,0.07557902878004863,2,target
307950,2025-11-03,2025-11-04,230000.0,220800.0,4,-40461.85575999983,-0.043929752195512206,1,stop
277810,2025-11-03,2025-11-04,437000.0,471960.00000000006,2,66132.04554400011,0.07557902878004885,1,target
347850,2025-11-03,2025-11-04,68819.0,74324.52,14,72901.57596349623,0.07557902878004885,1,target
000500,2025-11-03,2025-11-04,92000.0,88320.0,10,-40461.85575999995,-0.04392975219551232,1,stop
108490,2025-11-04,2025-11-05,269000.0,258240.0,3,-35492.08434599999,-0.04392975219551232,1,stop
010170,2025-11-04,2025-11-05,2731.0,2621.7599999999998,352,-42278.769004736096,-0.04392975219551243,1,stop
000660,2025-11-04,2025-11-05,611000.0,586560.0,1,-26871.949858000036,-0.04392975219551243,1,stop
454910,2025-11-04,2025-11-05,90000.0,86400.0,10,-39582.25020000001,-0.04392975219551232,1,stop
010120,2025-11-04,2025-11-05,100600.0,96576.0,9,-39819.7437012,-0.04392975219551232,1,stop
039030,2025-11-05,2025-11-06,285000.0,273600.0,3,-37603.13768999989,-0.043929752195512206,1,stop
298380,2025-11-05,2025-11-06,111900.0,107424.0,8,-39371.14486560004,-0.04392975219551243,1,stop
310210,2025-11-05,2025-11-06,215000.0,206400.0,4,-37823.0390799999,-0.043929752195512206,1,stop
141080,2025-11-05,2025-11-06,158900.0,152544.0,5,-34942.330870999955,-0.04392975219551232,1,stop
950160,2025-11-05,2025-11-06,48000.0,46080.0,19,-40110.01353600004,-0.04392975219551243,1,stop
222800,2025-11-06,2025-11-07,67000.0,64320.0,13,-38306.82213800005,-0.04392975219551243,1,stop
353200,2025-11-06,2025-11-07,43950.0,42192.0,20,-38658.66436200007,-0.04392975219551243,1,stop
084370,2025-11-06,2025-11-07,108300.0,103968.0,8,-38104.51285920001,-0.04392975219551232,1,stop
066970,2025-11-06,2025-11-07,129800.0,124608.0,6,-34251.84050639998,-0.04392975219551232,1,stop
000810,2025-11-06,2025-11-10,466500.0,503820.00000000006,1,35298.168474000064,0.07557902878004885,2,target
098460,2025-11-07,2025-11-10,19600.0,18816.0,48,-41376.64554239996,-0.04392975219551232,1,stop
131290,2025-11-07,2025-11-11,53000.0,57240.00000000001,18,72185.32202400023,0.07557902878004885,2,target
087010,2025-11-10,2025-11-11,278500.0,267360.0,2,-24497.01484599989,-0.043929752195512095,1,stop
161390,2025-11-10,2025-11-11,50500.0,54540.0,15,57316.96166999999,0.07557902878004863,1,target
005830,2025-11-07,2025-11-12,140400.0,143100.0,6,12699.917909999844,0.015058556362937514,3,time
086790,2025-11-07,2025-11-12,94700.0,96400.0,10,13068.887749999994,0.013784449669489218,3,time
000990,2025-11-11,2025-11-12,62100.0,67068.0,13,61085.126278800075,0.07557902878004863,1,target
257720,2025-11-11,2025-11-12,43550.0,41808.0,19,-36391.48103110003,-0.04392975219551232,1,stop
078930,2025-11-11,2025-11-13,56400.0,60912.00000000001,15,64013.39877600025,0.07557902878004885,2,target
015760,2025-11-12,2025-11-13,50000.0,48000.0,18,-39582.25020000001,-0.04392975219551232,1,stop
086520,2025-11-12,2025-11-14,95500.0,91680.0,9,-37801.0489409999,-0.043929752195512206,2,stop
214150,2025-11-12,2025-11-14,53600.0,57888.00000000001,16,64891.12386560021,0.07557902878004885,2,target
141080,2025-11-13,2025-11-14,167900.0,161184.0,5,-36921.44338100008,-0.04392975219551243,1,stop
226950,2025-11-13,2025-11-14,140200.0,134592.0,6,-36996.20985360001,-0.04392975219551232,1,stop
010950,2025-11-12,2025-11-17,83200.0,88000.0,10,44448.791200000094,0.05336265282946373,3,time
031980,2025-11-14,2025-11-17,48050.0,51894.0,18,65443.48534440005,0.07557902878004863,1,target
131290,2025-11-14,2025-11-17,55700.0,53472.0,16,-39195.22375360015,-0.04392975219551254,1,stop
051910,2025-11-14,2025-11-18,406500.0,390240.0,2,-35755.966014000005,-0.04392975219551232,2,stop
000100,2025-11-17,2025-11-18,125400.0,120384.0,7,-38605.888028400135,-0.04392975219551254,1,stop
298380,2025-11-17,2025-11-19,171500.0,164640.0,5,-37713.08838500013,-0.04392975219551243,2,stop
007660,2025-11-18,2025-11-19,127600.0,122496.0,7,-39283.18430960004,-0.04392975219551232,1,stop
095340,2025-11-18,2025-11-19,80900.0,87372.0,11,67335.13424439996,0.07557902878004863,1,target
141080,2025-11-17,2025-11-20,172800.0,177600.0,5,20388.402000000002,0.023570577799943315,3,time
257720,2025-11-17,2025-11-20,44450.0,48006.0,20,67267.03488399996,0.07557902878004863,3,target
214370,2025-11-19,2025-11-21,65500.0,70740.0,13,64429.56153399986,0.07557902878004841,2,target
058610,2025-11-20,2025-11-21,37900.0,40932.0,24,68825.7535776,0.07557902878004863,1,target
087010,2025-11-20,2025-11-21,333000.0,359640.0,2,50393.526696000015,0.07557902878004863,1,target
009150,2025-11-20,2025-11-21,224000.0,215040.0,4,-39406.329088,-0.04392975219551232,1,stop
083650,2025-11-19,2025-11-24,43200.0,41472.0,20,-37998.96019200003,-0.04392975219551232,3,stop
950160,2025-11-21,2025-11-24,56400.0,60912.00000000001,16,68280.95869440015,0.07557902878004885,1,target
090430,2025-11-21,2025-11-25,135800.0,130368.0,6,-35835.13051440008,-0.04392975219551243,2,stop
214370,2025-11-24,2025-11-25,77700.0,83916.0,12,70550.93737439997,0.07557902878004863,1,target
033780,2025-11-24,2025-11-25,146000.0,140160.0,6,-38526.723527999944,-0.04392975219551232,1,stop
058610,2025-11-24,2025-11-26,47550.0,45648.0,20,-41825.244377999916,-0.043929752195512206,2,stop
178320,2025-11-25,2025-11-26,25050.0,24048.0,37,-40763.12066429993,-0.043929752195512206,1,stop
180640,2025-11-25,2025-11-26,108000.0,103680.0,8,-37998.96019199991,-0.043929752195512206,1,stop
095340,2025-11-25,2025-11-26,94800.0,102384.0,9,64558.193659199984,0.07557902878004863,1,target
347850,2025-11-25,2025-11-26,105600.0,101376.0,8,-37154.538854400045,-0.04392975219551243,1,stop
051910,2025-11-27,2025-11-28,394500.0,378720.0,2,-34700.43934199994,-0.043929752195512206,1,stop
950160,2025-11-27,2025-11-28,69000.0,74520.0,13,67872.36253199994,0.07557902878004863,1,target
058470,2025-11-26,2025-12-01,65700.0,66600.0,13,8165.2351949999575,0.009549063035560579,3,time
015760,2025-11-26,2025-12-01,52100.0,50016.0,17,-38953.33222460013,-0.04392975219551243,3,stop
003670,2025-11-27,2025-12-02,206500.0,207500.0,4,603.0946000000695,0.0007292999365982045,3,time
010170,2025-11-28,2025-12-02,2184.0,2358.7200000000003,467,77173.82717116817,0.07557902878004885,2,target
950160,2025-12-01,2025-12-02,85400.0,81984.0,10,-37559.157411999884,-0.043929752195512206,1,stop
214370,2025-12-01,2025-12-02,87300.0,83808.0,10,-38394.78269400005,-0.04392975219551243,1,stop
098460,2025-12-01,2025-12-02,24650.0,26622.0,36,67145.96935440006,0.07557902878004863,1,target
005290,2025-12-02,2025-12-03,41000.0,39360.0,22,-39670.210756000015,-0.04392975219551232,1,stop
043260,2025-12-02,2025-12-03,2630.0,2840.4,353,70247.51689084002,0.07557902878004863,1,target
357780,2025-12-02,2025-12-04,293000.0,281280.0,3,-38658.66436200007,-0.04392975219551243,2,stop
307950,2025-12-03,2025-12-04,227500.0,245700.00000000003,4,68856.01996000006,0.07557902878004863,1,target
062040,2025-12-03,2025-12-04,148800.0,142848.0,6,-39265.59219840006,-0.04392975219551243,1,stop
086520,2025-12-02,2025-12-05,93000.0,96900.0,9,31566.330045000068,0.03767032943833848,3,time
036930,2025-12-02,2025-12-05,30000.0,29250.0,30,-26122.04887499998,-0.028991154573567157,3,time
347850,2025-12-04,2025-12-05,95800.0,91968.0,10,-42133.106323999935,-0.04392975219551232,1,stop
011070,2025-12-04,2025-12-08,270000.0,291600.0,3,61289.42436000006,0.07557902878004863,2,target
108490,2025-12-05,2025-12-08,292000.0,280320.0,3,-38526.723527999944,-0.04392975219551232,1,stop
028260,2025-12-04,2025-12-09,241500.0,252000.0,4,37917.32070000004,0.03920679109183456,3,time
083650,2025-12-08,2025-12-09,58000.0,55680.0,17,-43364.55410800001,-0.04392975219551232,1,stop
005380,2025-12-08,2025-12-09,321000.0,308160.0,3,-42353.00771399995,-0.04392975219551232,1,stop
012330,2025-12-05,2025-12-10,347500.0,362000.0,2,26066.25754999998,0.03746231926026544,3,time
064400,2025-12-05,2025-12-10,64700.0,64500.0,14,-6503.8950200000545,-0.007172028216939519,3,time
043260,2025-12-09,2025-12-10,4500.0,4860.0,222,75590.29004400014,0.07557902878004885,1,target
319400,2025-12-09,2025-12-11,10640.0,10214.4,94,-43987.31484448013,-0.04392975219551243,2,stop
082740,2025-12-10,2025-12-11,46400.0,44544.0,20,-40813.69798399997,-0.04392975219551232,1,stop
010140,2025-12-10,2025-12-11,26850.0,25776.0,34,-40149.59578620014,-0.04392975219551243,1,stop
086520,2025-12-09,2025-12-12,114600.0,110016.0,8,-40321.118870400125,-0.04392975219551243,3,stop
267270,2025-12-11,2025-12-12,100300.0,108324.0,9,68303.6584812,0.07557902878004863,1,target
000250,2025-12-10,2025-12-15,233500.0,224160.0,3,-30808.18473899993,-0.043929752195512206,3,stop
000810,2025-12-12,2025-12-15,507000.0,486720.0,1,-22298.000945999927,-0.043929752195512206,1,stop
214150,2025-12-12,2025-12-15,60000.0,57600.0,16,-42221.06687999994,-0.04392975219551232,1,stop
218410,2025-12-11,2025-12-16,32050.0,31400.0,30,-23382.93232500006,-0.024291283766871063,3,time
263750,2025-12-11,2025-12-16,37900.0,37450.0,26,-15703.874094999861,-0.015918239328329253,3,time
083650,2025-12-15,2025-12-16,61300.0,58848.0,13,-35047.88353819994,-0.043929752195512206,1,stop
180640,2025-12-15,2025-12-16,140000.0,134400.0,6,-36943.433519999846,-0.043929752195512206,1,stop
272210,2025-12-15,2025-12-16,52800.0,50688.0,16,-37154.538854400045,-0.04392975219551243,1,stop
237690,2025-12-16,2025-12-17,133900.0,128544.0,6,-35333.755345199956,-0.04392975219551232,1,stop
226950,2025-12-16,2025-12-17,142100.0,136416.0,6,-37497.58502280002,-0.04392975219551232,1,stop
003670,2025-12-16,2025-12-17,229000.0,219840.0,3,-30214.45098600001,-0.04392975219551232,1,stop
000500,2025-12-16,2025-12-17,86600.0,83136.0,10,-38086.92074799992,-0.043929752195512206,1,stop
278470,2025-12-17,2025-12-18,267500.0,256800.0,3,-35294.17309499986,-0.043929752195512206,1,stop
071050,2025-12-17,2025-12-18,164000.0,157440.0,5,-36063.82795999991,-0.043929752195512206,1,stop
033780,2025-12-17,2025-12-22,149100.0,144800.0,5,-24491.825025000027,-0.032815141668833814,3,time
145020,2025-12-17,2025-12-22,229500.0,235000.0,3,13629.74647500005,0.019773548629514526,3,time
030200,2025-12-17,2025-12-22,54500.0,53100.0,15,-24288.36945,-0.029676411345216036,3,time
319660,2025-12-18,2025-12-22,31650.0,34182.0,29,69449.99771459994,0.07557902878004863,2,target
131970,2025-12-18,2025-12-23,43900.0,44950.0,21,18206.864917499945,0.019726595453960716,3,time
272210,2025-12-22,2025-12-23,55300.0,59724.00000000001,14,58580.583135199966,0.07557902878004863,1,target
000250,2025-12-22,2025-12-23,242000.0,232320.0,3,-31929.681827999884,-0.043929752195512206,1,stop
307950,2025-12-22,2025-12-24,298000.0,286080.0,2,-26212.245687999995,-0.04392975219551232,2,stop
100790,2025-12-23,2025-12-24,21000.0,20160.0,45,-41561.3627099999,-0.043929752195512206,1,stop
319400,2025-12-23,2025-12-24,16200.0,17496.0,58,71095.73225760006,0.07557902878004863,1,target
218410,2025-12-23,2025-12-24,35900.0,34464.0,26,-41051.19148520008,-0.04392975219551243,1,stop
058610,2025-12-22,2025-12-26,86300.0,82848.0,9,-34159.48192259995,-0.04392975219551232,3,stop
042660,2025-12-24,2025-12-26,130800.0,125568.0,6,-34515.722174400114,-0.04392975219551243,1,stop
131290,2025-12-24,2025-12-26,59500.0,57120.0,14,-36635.57157399994,-0.04392975219551232,1,stop
277810,2025-12-24,2025-12-26,497000.0,477120.0,1,-21858.198166000016,-0.04392975219551232,1,stop
319400,2025-12-26,2025-12-29,19120.0,20649.600000000002,44,63656.255463680136,0.07557902878004885,1,target
180640,2025-12-26,2025-12-29,126800.0,121728.0,6,-33460.19550239993,-0.043929752195512206,1,stop
006260,2025-12-26,2025-12-29,194700.0,210276.0,4,58928.64653279993,0.07557902878004863,1,target
352820,2025-12-24,2025-12-30,321000.0,330000.0,2,15315.890700000105,0.023829120507142365,3,time
080220,2025-12-29,2025-12-30,22550.0,24354.0,42,71663.22692759999,0.07557902878004863,1,target
240810,2025-12-29,2025-12-30,69200.0,66432.0,13,-39564.65808880003,-0.04392975219551232,1,stop
005490,2025-12-26,2026-01-02,314000.0,301440.0,2,-27619.61458399985,-0.043929752195512095,3,stop
043260,2025-12-30,2026-01-02,8900.0,9612.0,98,65995.8468232,0.07557902878004863,1,target
071050,2025-12-30,2026-01-02,165900.0,159264.0,5,-36481.640600999934,-0.043929752195512206,1,stop
005930,2025-12-29,2026-01-05,119400.0,128952.00000000001,8,72276.12117120018,0.07557902878004885,3,target
001440,2025-12-30,2026-01-05,23250.0,25110.0,37,65091.63864899997,0.07557902878004863,2,target
080220,2026-01-02,2026-01-05,26750.0,28890.000000000004,29,58697.865367000224,0.07557902878004885,1,target
402340,2026-01-02,2026-01-05,368500.0,397980.0,2,55765.80957200017,0.07557902878004885,1,target
010170,2026-01-05,2026-01-06,2831.0,2717.7599999999998,326,-40589.66244786815,-0.04392975219551254,1,stop
240810,2026-01-05,2026-01-06,83000.0,79680.0,11,-40153.993814000045,-0.04392975219551243,1,stop
098460,2026-01-05,2026-01-06,28250.0,27120.0,32,-39758.17131200002,-0.04392975219551232,1,stop
131970,2026-01-02,2026-01-07,53800.0,51648.0,14,-33125.94538960012,-0.04392975219551254,3,stop
298380,2026-01-06,2026-01-07,208500.0,200160.0,4,-36679.551851999946,-0.04392975219551232,1,stop
084370,2026-01-05,2026-01-08,90100.0,86496.0,10,-39626.23047800001,-0.04392975219551232,3,stop
006800,2026-01-07,2026-01-08,28576.0,27432.96,28,-35189.85187558411,-0.04392975219551243,1,stop
403870,2026-01-07,2026-01-08,36250.0,34800.0,22,-35074.27170500008,-0.04392975219551243,1,stop
034020,2026-01-06,2026-01-09,86000.0,84200.0,10,-21471.387099999934,-0.02493804669164401,3,time
237690,2026-01-06,2026-01-09,122700.0,132516.0,7,64989.489608400036,0.07557902878004863,3,target
307950,2026-01-08,2026-01-09,416500.0,399840.0,1,-18317.78578699997,-0.04392975219551232,1,stop
086280,2026-01-08,2026-01-09,233500.0,224160.0,3,-30808.18473899993,-0.043929752195512206,1,stop
005380,2026-01-08,2026-01-09,361000.0,346560.0,2,-31753.76071599999,-0.04392975219551232,1,stop
036930,2026-01-09,2026-01-12,33850.0,32496.0,24,-35729.57784719998,-0.04392975219551232,1,stop
347850,2026-01-09,2026-01-12,106900.0,102624.0,7,-32910.442027400015,-0.04392975219551232,1,stop
042660,2026-01-09,2026-01-12,129500.0,139860.0,6,58792.44781200006,0.07557902878004863,1,target
272210,2026-01-12,2026-01-13,78300.0,84564.0,10,59246.44354799995,0.07557902878004863,1,target
310210,2026-01-12,2026-01-13,225500.0,216480.0,3,-29752.658066999982,-0.04392975219551232,1,stop
307950,2026-01-12,2026-01-13,475500.0,513540.00000000006,1,35979.16207800008,0.07557902878004885,1,target
010170,2026-01-12,2026-01-13,3405.0,3268.7999999999997,241,-36090.43602818996,-0.04392975219551232,1,stop
043260,2026-01-13,2026-01-14,14540.0,13958.4,56,-35810.50155872002,-0.04392975219551232,1,stop
000720,2026-01-13,2026-01-14,88800.0,95904.0,9,60472.23203520011,0.07557902878004885,1,target
241560,2026-01-13,2026-01-14,63000.0,60480.0,13,-36019.847681999905,-0.043929752195512206,1,stop
267250,2026-01-13,2026-01-14,227000.0,245160.00000000003,3,51528.5160360001,0.07557902878004885,1,target
222800,2026-01-13,2026-01-15,47550.0,51354.0,17,61164.57553260005,0.07557902878004863,2,target
098460,2026-01-14,2026-01-15,29050.0,27888.0,28,-35773.55812519987,-0.043929752195512206,1,stop
015760,2026-01-14,2026-01-15,55000.0,52800.0,15,-36283.72934999992,-0.043929752195512206,1,stop
005490,2026-01-14,2026-01-16,352500.0,338400.0,2,-31006.09599000006,-0.04392975219551243,2,stop
012330,2026-01-14,2026-01-16,448000.0,430080.0,1,-19703.164544,-0.04392975219551232,2,stop
000880,2026-01-15,2026-01-16,130900.0,125664.0,7,-40299.12873140001,-0.04392975219551232,1,stop
336260,2026-01-15,2026-01-16,35900.0,34464.0,27,-42630.08346540015,-0.04392975219551254,1,stop
214370,2026-01-15,2026-01-16,72500.0,69600.0,13,-41451.41201500001,-0.04392975219551232,1,stop
064400,2026-01-16,2026-01-19,74500.0,71520.0,10,-32765.307110000052,-0.04392975219551243,1,stop
058610,2026-01-16,2026-01-19,98000.0,94080.0,8,-34480.53795200004,-0.04392975219551243,1,stop
108490,2026-01-16,2026-01-19,273500.0,262560.0,2,-24057.21206599992,-0.043929752195512206,1,stop
277810,2026-01-16,2026-01-20,512000.0,491520.0,1,-22517.902336,-0.04392975219551232,2,stop
032820,2026-01-19,2026-01-20,5610.0,6058.8,155,65795.33203980012,0.07557902878004885,1,target
196170,2026-01-19,2026-01-20,508000.0,487680.0,1,-22341.98122399999,-0.04392975219551232,1,stop
047040,2026-01-19,2026-01-20,4750.0,4560.0,183,-38229.8566515001,-0.04392975219551243,1,stop
353200,2026-01-16,2026-01-21,51200.0,49152.0,15,-33776.853504,-0.04392975219551232,3,stop
005380,2026-01-20,2026-01-21,494000.0,474240.0,1,-21726.25733200001,-0.04392975219551232,1,stop
454910,2026-01-20,2026-01-21,123100.0,118176.0,6,-32483.833330800175,-0.04392975219551254,1,stop
000270,2026-01-20,2026-01-21,174000.0,167040.0,4,-30610.273488000035,-0.04392975219551243,1,stop
006400,2026-01-20,2026-01-22,319000.0,344520.0,2,48274.87992800004,0.07557902878004863,2,target
377300,2026-01-21,2026-01-22,52000.0,49920.0,15,-34304.616839999915,-0.043929752195512206,1,stop
257720,2026-01-21,2026-01-22,43450.0,46926.0,17,55890.65839940007,0.07557902878004863,1,target
015760,2026-01-21,2026-01-23,65300.0,62688.0,11,-31591.033687399933,-0.043929752195512206,2,stop
357780,2026-01-22,2026-01-23,336500.0,323040.0,2,-29598.727093999856,-0.043929752195512095,1,stop
000990,2026-01-22,2026-01-23,92500.0,88800.0,8,-32545.405719999922,-0.043929752195512206,1,stop
012330,2026-01-22,2026-01-23,497000.0,477120.0,1,-21858.198166000016,-0.04392975219551232,1,stop
001440,2026-01-21,2026-01-26,27850.0,26736.0,28,-34295.820784399984,-0.04392975219551232,3,stop
145020,2026-01-23,2026-01-26,260000.0,280800.0,2,39346.29712,0.07557902878004863,1,target
066970,2026-01-23,2026-01-26,128400.0,123264.0,5,-28235.338475999888,-0.043929752195512206,1,stop
278470,2026-01-23,2026-01-26,282000.0,270720.0,2,-24804.876791999908,-0.043929752195512206,1,stop
377300,2026-01-26,2026-01-27,77900.0,74784.0,9,-30834.572905800072,-0.04392975219551243,1,stop
237690,2026-01-26,2026-01-27,138300.0,149364.0,5,52323.00857399998,0.07557902878004863,1,target
214370,2026-01-26,2026-01-27,86500.0,93420.0,8,52360.84155200003,0.07557902878004863,1,target
141080,2026-01-26,2026-01-27,168300.0,181764.0,4,50938.32157919998,0.07557902878004863,1,target
078600,2026-01-23,2026-01-28,75000.0,78700.0,9,30435.54493500013,0.04503789586407203,3,time
277810,2026-01-27,2026-01-28,650000.0,702000.0,1,49182.87140000006,0.07557902878004863,1,target
058610,2026-01-27,2026-01-28,117000.0,126360.00000000001,6,53117.501112000085,0.07557902878004885,1,target
086520,2026-01-27,2026-01-28,126800.0,136944.0,6,57566.65932480013,0.07557902878004885,1,target
247540,2026-01-27,2026-01-28,201500.0,217620.0,3,45740.0704020001,0.07557902878004885,1,target
067310,2026-01-28,2026-01-29,34100.0,36828.0,23,59344.809290799894,0.07557902878004841,1,target
319660,2026-01-28,2026-01-29,48200.0,46272.0,16,-33917.590393600054,-0.04392975219551243,1,stop
017670,2026-01-28,2026-01-29,70000.0,67200.0,11,-33864.81405999989,-0.043929752195512206,1,stop
058470,2026-01-28,2026-01-29,85900.0,92772.0,9,58497.35058360011,0.07557902878004885,1,target
036930,2026-01-28,2026-01-30,37450.0,40446.0,21,59507.491096199956,0.07557902878004863,2,target
403870,2026-01-29,2026-01-30,46650.0,44784.0,17,-34878.55946790008,-0.04392975219551243,1,stop
240810,2026-01-29,2026-01-30,114100.0,109536.0,7,-35127.04803860013,-0.04392975219551254,1,stop
357780,2026-01-29,2026-01-30,440500.0,475740.00000000006,1,33330.85361800005,0.07557902878004885,1,target
064760,2026-01-29,2026-01-30,232000.0,222720.0,3,-30610.273488000035,-0.04392975219551243,1,stop
100790,2026-01-30,2026-02-02,18500.0,17760.0,44,-35799.94629200001,-0.04392975219551232,1,stop
006800,2026-01-30,2026-02-02,39727.0,42905.16,20,60119.62868024013,0.07557902878004885,1,target
071050,2026-01-30,2026-02-02,216500.0,207840.0,3,-28565.190561000025,-0.04392975219551232,1,stop
006260,2026-01-30,2026-02-02,239000.0,229440.0,3,-31533.859326000093,-0.04392975219551243,1,stop
178320,2026-01-30,2026-02-02,37800.0,36288.0,21,-34911.54467640002,-0.04392975219551232,1,stop
080220,2026-02-02,2026-02-03,42550.0,40848.0,18,-33684.49492019997,-0.04392975219551232,1,stop
058470,2026-02-02,2026-02-03,100700.0,96672.0,7,-31001.697962200036,-0.04392975219551243,1,stop
353200,2026-02-02,2026-02-05,62400.0,59904.0,12,-32932.4321663999,-0.043929752195512206,3,stop
402340,2026-02-02,2026-02-05,537000.0,534000.0,1,-5191.889249999891,-0.009657215379429429,3,time
033780,2026-02-02,2026-02-05,155500.0,161800.0,5,28220.78592500009,0.036255131931713036,3,time
078600,2026-02-03,2026-02-05,77500.0,74400.0,12,-40901.65853999986,-0.043929752195512206,2,stop
267270,2026-02-04,2026-02-05,130800.0,125568.0,7,-40268.34253679996,-0.04392975219551232,1,stop
009830,2026-02-05,2026-02-06,38950.0,37392.0,19,-32547.604733899934,-0.043929752195512206,1,stop
005830,2026-02-05,2026-02-06,151000.0,163080.0,5,57127.79678000021,0.07557902878004885,1,target
080220,2026-02-05,2026-02-06,42050.0,40368.0,18,-33288.67241820006,-0.04392975219551243,1,stop
043260,2026-02-05,2026-02-06,21950.0,21072.0,35,-33787.84857350006,-0.04392975219551243,1,stop
440110,2026-02-06,2026-02-09,44650.0,48222.0,17,57434.243901800015,0.07557902878004863,1,target
095340,2026-02-06,2026-02-09,144900.0,156492.0,5,54819.9851220001,0.07557902878004885,1,target
131290,2026-02-06,2026-02-09,82200.0,88776.0,9,55977.67424880003,0.07557902878004863,1,target
323410,2026-02-05,2026-02-10,25500.0,27540.0,30,57884.45633999992,0.07557902878004863,3,target
009830,2026-02-09,2026-02-10,41900.0,45252.0,19,60237.667571599944,0.07557902878004863,1,target
100790,2026-02-09,2026-02-10,25500.0,24480.0,32,-35887.90684800001,-0.04392975219551232,1,stop
138040,2026-02-06,2026-02-11,122700.0,132516.0,6,55705.27680719993,0.07557902878004863,3,target
078600,2026-02-10,2026-02-11,95900.0,92064.0,8,-33741.66928160004,-0.04392975219551243,1,stop
043260,2026-02-10,2026-02-11,28250.0,27120.0,30,-37273.28560499998,-0.04392975219551232,1,stop
055550,2026-02-09,2026-02-12,96000.0,103680.0,8,58111.4542080001,0.07557902878004885,3,target
090430,2026-02-10,2026-02-12,163100.0,156576.0,5,-35865.91670900001,-0.04392975219551232,2,stop
047040,2026-02-11,2026-02-12,7480.0,7180.8,109,-35858.00025896006,-0.04392975219551243,1,stop
180640,2026-02-11,2026-02-13,124600.0,134568.0,6,56567.86870559992,0.07557902878004863,2,target
005940,2026-02-11,2026-02-13,29050.0,31374.000000000004,28,61546.68861040019,0.07557902878004885,2,target
066570,2026-02-12,2026-02-13,127800.0,122688.0,6,-33724.07717039995,-0.04392975219551232,1,stop
032820,2026-02-12,2026-02-13,12710.0,12201.6,64,-35775.317336319946,-0.04392975219551232,1,stop
145020,2026-02-12,2026-02-13,274500.0,263520.0,2,-24145.172621999984,-0.04392975219551232,1,stop
440110,2026-02-13,2026-02-19,55000.0,52800.0,14,-33864.814060000004,-0.04392975219551232,1,stop
047050,2026-02-13,2026-02-20,67400.0,72792.0,12,61198.62521279999,0.07557902878004863,2,target
084370,2026-02-19,2026-02-20,115000.0,124200.00000000001,9,78314.26446000033,0.07557902878004885,1,target
336260,2026-02-13,2026-02-23,36000.0,36100.0,22,-1052.2601099999156,-0.001327084903298359,3,time
028260,2026-02-13,2026-02-23,328500.0,332000.0,2,4286.8462500000605,0.006517384167586071,3,time
042700,2026-02-13,2026-02-23,205500.0,204000.0,3,-7013.274074999965,-0.011362882440614896,3,time
009830,2026-02-20,2026-02-23,56500.0,54240.0,18,-44727.94272599986,-0.043929752195512206,1,stop
031980,2026-02-20,2026-02-23,88000.0,84480.0,11,-42572.909103999846,-0.043929752195512206,1,stop
032820,2026-02-23,2026-02-24,15540.0,16783.2,52,61144.145724479924,0.07557902878004863,1,target
010170,2026-02-23,2026-02-24,4140.0,4471.200000000001,196,61398.383336640196,0.07557902878004885,1,target
047050,2026-02-23,2026-02-24,75100.0,72096.0,10,-33029.18877800007,-0.04392975219551243,1,stop
000810,2026-02-23,2026-02-24,627000.0,601920.0,1,-27575.634305999964,-0.04392975219551232,1,stop
000500,2026-02-24,2026-02-25,97200.0,104976.0,9,66192.5783088,0.07557902878004863,1,target
062040,2026-02-24,2026-02-25,164000.0,177120.0,5,62046.08392000012,0.07557902878004885,1,target
009540,2026-02-23,2026-02-26,453000.0,452000.0,1,-2853.536550000019,-0.0062919609831944,3,time
310210,2026-02-24,2026-02-26,287000.0,309960.0,3,65148.38811599987,0.07557902878004841,2,target
319400,2026-02-25,2026-02-26,37300.0,35808.0,30,-49213.931082000025,-0.04392975219551232,1,stop
180640,2026-02-25,2026-02-26,158500.0,171180.0,7,83951.37818200025,0.07557902878004885,1,target
0126Z0,2026-02-24,2026-02-27,657000.0,675000.0,1,15254.417700000107,0.02319161794144664,3,time
307950,2026-02-26,2026-02-27,491500.0,530820.0,1,37189.81737400009,0.07557902878004885,1,target
226950,2026-02-26,2026-02-27,159700.0,172476.0,5,60419.26586600009,0.07557902878004885,1,target
000270,2026-02-26,2026-03-03,197400.0,189504.0,4,-34726.82750879985,-0.043929752195512095,2,stop
000250,2026-02-27,2026-03-03,857000.0,822720.0,1,-37691.09824599989,-0.043929752195512206,1,stop
042700,2026-02-27,2026-03-03,263500.0,284580.0,3,59813.93821800011,0.07557902878004885,1,target
011070,2026-02-27,2026-03-03,333000.0,319680.0,2,-29290.865147999953,-0.04392975219551232,1,stop
080220,2026-02-27,2026-03-03,48050.0,46128.0,19,-40151.79480010003,-0.04392975219551232,1,stop
178320,2026-03-03,2026-03-04,46300.0,44448.0,18,-36653.16368519992,-0.043929752195512206,1,stop
007660,2026-03-03,2026-03-04,125500.0,120480.0,6,-33117.14933399996,-0.04392975219551232,1,stop
226950,2026-03-03,2026-03-04,183100.0,175776.0,4,-32211.155607199995,-0.04392975219551232,1,stop
005380,2026-03-03,2026-03-04,654000.0,627840.0,1,-28763.10181199992,-0.043929752195512206,1,stop
051910,2026-03-03,2026-03-04,402000.0,385920.0,2,-35360.14351199998,-0.04392975219551232,1,stop
043260,2026-03-04,2026-03-05,28350.0,27216.0,29,-36158.38555769995,-0.04392975219551232,1,stop
272210,2026-03-04,2026-03-05,176900.0,169824.0,4,-31120.444712799974,-0.04392975219551232,1,stop
079550,2026-03-04,2026-03-05,825000.0,792000.0,1,-36283.72934999992,-0.043929752195512206,1,stop
028300,2026-03-04,2026-03-05,51500.0,49440.0,16,-36239.74907199992,-0.043929752195512206,1,stop
095340,2026-03-06,2026-03-09,201000.0,192960.0,4,-35360.14351199998,-0.04392975219551232,1,stop
036930,2026-03-06,2026-03-09,67000.0,64320.0,12,-35360.14351199998,-0.04392975219551232,1,stop
357780,2026-03-06,2026-03-09,490500.0,470880.0,1,-21572.326359,-0.04392975219551232,1,stop
031980,2026-03-06,2026-03-09,110000.0,118800.00000000001,7,58262.78612000018,0.07557902878004885,1,target
064760,2026-03-06,2026-03-09,250000.0,240000.0,3,-32985.20849999995,-0.04392975219551232,1,stop
043260,2026-03-09,2026-03-10,35500.0,38340.0,22,59095.11163599999,0.07557902878004863,1,target
083650,2026-03-09,2026-03-10,96500.0,104220.0,8,58414.11803200003,0.07557902878004863,1,target
078600,2026-03-09,2026-03-10,112900.0,121932.00000000001,7,59798.80502680014,0.07557902878004885,1,target
222800,2026-03-09,2026-03-10,53400.0,51264.0,15,-35228.20267800009,-0.04392975219551243,1,stop
087010,2026-03-10,2026-03-11,286000.0,308880.0,2,43280.92683200003,0.07557902878004863,1,target
263750,2026-03-10,2026-03-11,66200.0,63552.0,12,-34937.93284320005,-0.04392975219551243,1,stop
009830,2026-03-09,2026-03-12,50900.0,53000.0,15,28278.160724999965,0.03699498881871821,3,time
010170,2026-03-11,2026-03-12,6020.0,6501.6,163,74247.97598456033,0.07557902878004907,1,target
032820,2026-03-11,2026-03-12,21600.0,23328.0,45,73547.30923200003,0.07557902878004863,1,target
329180,2026-03-10,2026-03-13,586000.0,596000.0,1,7568.974300000002,0.01290149973598309,3,time
010140,2026-03-10,2026-03-13,29000.0,31320.000000000004,29,63635.068996000104,0.07557902878004885,3,target
218410,2026-03-12,2026-03-13,87600.0,84096.0,11,-42379.39588079997,-0.04392975219551232,1,stop
006800,2026-03-12,2026-03-13,71191.0,68343.36,13,-40702.99962427397,-0.04392975219551232,1,stop
336260,2026-03-13,2026-03-16,47800.0,45888.0,18,-37840.631191199995,-0.04392975219551232,1,stop
131290,2026-03-13,2026-03-16,105800.0,114264.00000000001,8,64043.66515840008,0.07557902878004863,1,target
347850,2026-03-16,2026-03-17,92700.0,88992.0,9,-36692.74593540002,-0.04392975219551232,1,stop
047040,2026-03-16,2026-03-17,12700.0,12192.0,71,-39657.01667260018,-0.04392975219551254,1,stop
032820,2026-03-16,2026-03-17,25200.0,24192.0,36,-39898.90820159996,-0.04392975219551232,1,stop
259960,2026-03-16,2026-03-17,247000.0,237120.0,3,-32589.385997999925,-0.043929752195512206,1,stop
196170,2026-03-13,2026-03-18,360000.0,355000.0,2,-12921.223499999964,-0.01792552670545966,3,time
131970,2026-03-17,2026-03-18,82400.0,88992.0,10,62348.74774400017,0.07557902878004885,1,target
095340,2026-03-17,2026-03-19,217500.0,234900.00000000003,4,65829.38172000018,0.07557902878004885,2,target
319660,2026-03-17,2026-03-19,73900.0,79812.0,11,61508.85563239991,0.07557902878004841,2,target
257720,2026-03-18,2026-03-19,38750.0,37200.0,22,-37493.18699499988,-0.043929752195512206,1,stop
222800,2026-03-17,2026-03-20,58700.0,63396.00000000001,14,62182.28264080011,0.07557902878004885,3,target
009830,2026-03-18,2026-03-20,50900.0,54972.0,17,65473.751726799994,0.07557902878004863,2,target
047040,2026-03-19,2026-03-20,14560.0,15724.800000000001,60,66101.77916160016,0.07557902878004885,1,target
032820,2026-03-19,2026-03-20,28800.0,27648.0,30,-37998.96019200003,-0.04392975219551232,1,stop
403870,2026-03-19,2026-03-20,48300.0,52164.0,18,65783.98214640003,0.07557902878004863,1,target
131970,2026-03-20,2026-03-23,90800.0,98064.0,10,68704.68804799998,0.07557902878004863,1,target
007660,2026-03-20,2026-03-23,131200.0,125952.0,6,-34621.2748416001,-0.04392975219551243,1,stop
353200,2026-03-20,2026-03-24,80300.0,77088.0,11,-38847.779557400034,-0.04392975219551232,2,stop
000250,2026-03-23,2026-03-24,930000.0,1004400.0000000001,1,70369.33908000018,0.07557902878004885,1,target
036930,2026-03-23,2026-03-24,71500.0,77220.0,13,70331.50610200001,0.07557902878004863,1,target
047040,2026-03-23,2026-03-24,19730.0,18940.8,48,-41651.082477119984,-0.04392975219551232,1,stop
011070,2026-03-20,2026-03-25,289000.0,312120.0,3,65602.383852,0.07557902878004863,3,target
066970,2026-03-24,2026-03-25,118000.0,127440.00000000001,8,71428.66246400017,0.07557902878004885,1,target
240810,2026-03-25,2026-03-26,135800.0,130368.0,7,-41807.652266800054,-0.04392975219551243,1,stop
178320,2026-03-25,2026-03-26,49500.0,47520.0,19,-41363.45145899989,-0.043929752195512206,1,stop
373220,2026-03-25,2026-03-27,392000.0,376320.0,2,-34480.53795200004,-0.04392975219551243,2,stop
100790,2026-03-26,2026-03-27,28800.0,27648.0,34,-43065.48821760004,-0.04392975219551243,1,stop
218410,2026-03-26,2026-03-27,86500.0,83040.0,11,-41847.23451699992,-0.043929752195512206,1,stop
263750,2026-03-26,2026-03-27,54900.0,52704.0,17,-41046.793457400054,-0.04392975219551243,1,stop
353200,2026-03-26,2026-03-27,86300.0,82848.0,11,-41750.47790539998,-0.04392975219551232,1,stop
950160,2026-03-27,2026-03-30,122100.0,117216.0,7,-37589.94360659993,-0.043929752195512206,1,stop
100790,2026-03-30,2026-03-31,31500.0,30240.0,28,-38790.60519600008,-0.04392975219551243,1,stop
263750,2026-03-30,2026-03-31,63800.0,68904.0,14,67584.83189919998,0.07557902878004863,1,target
047040,2026-03-30,2026-03-31,16560.0,15897.599999999999,53,-38600.61039504013,-0.04392975219551243,1,stop
066970,2026-03-30,2026-03-31,154000.0,147840.0,5,-33864.81405999989,-0.043929752195512206,1,stop
028260,2026-03-31,2026-04-01,251000.0,271080.0,3,56976.46486800013,0.07557902878004885,1,target
090430,2026-03-30,2026-04-02,138600.0,133056.0,6,-36573.99918480008,-0.04392975219551243,3,stop
028050,2026-04-01,2026-04-02,37300.0,35808.0,25,-41011.60923499998,-0.04392975219551232,1,stop
259960,2026-04-01,2026-04-02,262500.0,252000.0,3,-34634.468924999936,-0.043929752195512206,1,stop
373220,2026-03-31,2026-04-03,406000.0,398500.0,2,-18283.517650000053,-0.022490779582080456,3,time
079550,2026-04-02,2026-04-03,782000.0,844560.0,1,59170.77759199997,0.07557902878004863,1,target
218410,2026-04-02,2026-04-03,97900.0,93984.0,8,-34445.35372960009,-0.04392975219551243,1,stop
047040,2026-04-02,2026-04-03,19650.0,18864.0,44,-38025.348358799936,-0.04392975219551232,1,stop
257720,2026-04-01,2026-04-06,39000.0,37750.0,24,-33747.47369999997,-0.03601357225909696,3,time
214370,2026-04-03,2026-04-06,109500.0,105120.0,7,-33710.883086999995,-0.04392975219551232,1,stop
066970,2026-04-03,2026-04-07,166100.0,179388.0,5,62840.576457999996,0.07557902878004863,2,target
028050,2026-04-06,2026-04-07,43000.0,46440.0,20,65072.722160000005,0.07557902878004863,1,target
079550,2026-04-06,2026-04-07,856000.0,821760.0,1,-37647.117968000006,-0.04392975219551232,1,stop
047050,2026-04-03,2026-04-08,78900.0,75744.0,10,-34700.439342000056,-0.04392975219551243,3,stop
222800,2026-04-07,2026-04-08,58000.0,62640.00000000001,15,65829.38172000018,0.07557902878004885,1,target
058470,2026-04-06,2026-04-09,109200.0,113100.0,8,27527.833320000092,0.031474597705734464,3,time
021240,2026-04-08,2026-04-09,79600.0,76416.0,10,-35008.30128799996,-0.04392975219551232,1,stop
377300,2026-04-07,2026-04-10,49850.0,53100.0,18,54650.22421500005,0.060835217285571286,3,time
047040,2026-04-09,2026-04-10,21500.0,23220.0,40,65072.722160000005,0.07557902878004863,1,target
032820,2026-04-09,2026-04-10,23650.0,22704.0,36,-37444.80868920009,-0.04392975219551243,1,stop
035720,2026-04-08,2026-04-13,48400.0,46464.0,18,-38315.61819359998,-0.04392975219551232,3,stop
000720,2026-04-09,2026-04-13,182500.0,175200.0,4,-32105.60294000001,-0.04392975219551232,2,stop
095340,2026-04-10,2026-04-13,276000.0,264960.0,3,-36415.670184000046,-0.04392975219551243,1,stop
257720,2026-04-10,2026-04-13,43400.0,46872.0,22,72245.85478879989,0.07557902878004841,1,target
010170,2026-04-13,2026-04-14,17810.0,19234.800000000003,49,66032.92314164015,0.07557902878004885,1,target
032640,2026-04-13,2026-04-14,17030.0,18392.4,52,67006.74399535998,0.07557902878004863,1,target
009150,2026-04-13,2026-04-14,555000.0,599400.0,1,41994.60558000009,0.07557902878004885,1,target
034220,2026-04-13,2026-04-15,12550.0,13554.0,70,66472.54234600009,0.07557902878004863,2,target
062040,2026-04-14,2026-04-15,182900.0,197532.0,5,69196.51676200004,0.07557902878004863,1,target
039030,2026-04-14,2026-04-15,486000.0,466560.0,2,-42748.83021599997,-0.04392975219551232,1,stop
214370,2026-04-14,2026-04-15,93300.0,100764.0,10,70596.33694800013,0.07557902878004885,1,target
011070,2026-04-13,2026-04-16,366000.0,379000.0,2,22923.468300000066,0.031280236560510266,3,time
006800,2026-04-15,2026-04-16,73400.0,70464.0,13,-41965.98126760009,-0.04392975219551243,1,stop
131970,2026-04-15,2026-04-16,101800.0,97728.0,9,-40294.730703599984,-0.04392975219551232,1,stop
131290,2026-04-15,2026-04-17,141900.0,153252.0,7,75158.99409480009,0.07557902878004863,2,target
001440,2026-04-16,2026-04-17,41800.0,40128.0,21,-38605.88802840002,-0.04392975219551232,1,stop
000500,2026-04-16,2026-04-17,143500.0,137760.0,6,-37867.01935800002,-0.04392975219551232,1,stop
047040,2026-04-16,2026-04-17,28950.0,27792.0,31,-39470.10049109999,-0.04392975219551232,1,stop
336260,2026-04-15,2026-04-20,44350.0,42576.0,22,-42911.55724459991,-0.043929752195512206,3,stop
064760,2026-04-17,2026-04-20,301500.0,289440.0,3,-39780.16145100002,-0.04392975219551232,1,stop
226950,2026-04-17,2026-04-20,179600.0,172416.0,5,-39494.289644000004,-0.04392975219551232,1,stop
353200,2026-04-17,2026-04-21,93300.0,100764.0,9,63536.70325319993,0.07557902878004863,2,target
082740,2026-04-20,2026-04-21,55600.0,60048.00000000001,16,67312.43445760012,0.07557902878004885,1,target
100790,2026-04-20,2026-04-21,45350.0,48978.0,20,68629.02209199988,0.07557902878004841,1,target
098460,2026-04-20,2026-04-21,33000.0,31680.0,28,-40637.77687199996,-0.04392975219551232,1,stop
131970,2026-04-20,2026-04-22,109100.0,117828.00000000001,8,66041.24639680015,0.07557902878004885,2,target
036930,2026-04-21,2026-04-22,95900.0,103572.0,9,65307.286623600055,0.07557902878004863,1,target
007660,2026-04-21,2026-04-22,134800.0,145584.0,7,71398.39608159999,0.07557902878004863,1,target
310210,2026-04-21,2026-04-22,342000.0,328320.0,2,-30082.510152000003,-0.04392975219551232,1,stop
000990,2026-04-21,2026-04-23,123700.0,133596.0,7,65519.151300400146,0.07557902878004885,2,target
047040,2026-04-22,2026-04-23,31850.0,34398.0,31,74708.78165660007,0.07557902878004863,1,target
009150,2026-04-22,2026-04-23,798000.0,766080.0,1,-35096.261843999964,-0.04392975219551232,1,stop
006400,2026-04-22,2026-04-23,686000.0,658560.0,1,-30170.470708000008,-0.04392975219551232,1,stop
443060,2026-04-22,2026-04-24,225000.0,243000.00000000003,4,68099.36040000012,0.07557902878004885,2,target
100790,2026-04-23,2026-04-24,57200.0,61776.00000000001,17,73577.57561440021,0.07557902878004885,1,target
000500,2026-04-23,2026-04-24,217500.0,208800.0,4,-38262.84185999993,-0.043929752195512206,1,stop
010950,2026-04-24,2026-04-27,121800.0,116928.0,9,-48211.18074360001,-0.04392975219551232,1,stop
336260,2026-04-23,2026-04-28,47900.0,51732.0,21,76112.38514039991,0.07557902878004863,3,target
011070,2026-04-23,2026-04-28,534000.0,576720.0,1,40405.62050400011,0.07557902878004885,3,target
214370,2026-04-24,2026-04-28,105700.0,101472.0,11,-51135.86923060031,-0.04392975219551254,2,stop
078600,2026-04-27,2026-04-28,175600.0,168576.0,6,-46337.620900799986,-0.04392975219551232,1,stop
078930,2026-04-24,2026-04-29,76600.0,82100.0,15,77547.95407500002,0.06741415558023878,3,time
042700,2026-04-28,2026-04-29,367000.0,352320.0,2,-32281.524051999906,-0.043929752195512206,1,stop
010170,2026-04-28,2026-04-29,16140.0,15494.4,60,-42590.501215200056,-0.04392975219551243,1,stop
108490,2026-04-28,2026-04-29,345000.0,331200.0,2,-30346.39182000002,-0.04392975219551232,1,stop
440110,2026-04-28,2026-04-30,81300.0,78048.0,11,-39331.56261539995,-0.04392975219551232,2,stop
031980,2026-04-29,2026-04-30,129500.0,124320.0,7,-39868.12200699991,-0.043929752195512206,1,stop
047040,2026-04-29,2026-04-30,37200.0,35712.0,27,-44173.79122319992,-0.043929752195512206,1,stop
005490,2026-04-29,2026-04-30,477000.0,457920.0,2,-41957.185211999924,-0.043929752195512206,1,stop
307950,2026-04-29,2026-04-30,485500.0,466080.0,2,-42704.84993799997,-0.04392975219551232,1,stop
010950,2026-04-30,2026-05-04,133700.0,128352.0,7,-41161.14218019997,-0.04392975219551232,1,stop
178320,2026-04-30,2026-05-04,56800.0,61344.00000000001,16,68765.22081280011,0.07557902878004885,1,target
267250,2026-04-30,2026-05-04,304500.0,328860.0,3,69120.85080600006,0.07557902878004863,1,target
096770,2026-04-30,2026-05-06,146500.0,140640.0,6,-38658.66436200007,-0.04392975219551243,2,stop
082740,2026-04-30,2026-05-06,85900.0,82464.0,11,-41556.96468219999,-0.04392975219551232,2,stop
062040,2026-05-04,2026-05-06,279000.0,301320.0,3,63332.40517200006,0.07557902878004863,1,target
006260,2026-05-04,2026-05-06,502000.0,542160.0,2,75968.61982399982,0.07557902878004841,1,target
000500,2026-05-04,2026-05-06,241500.0,260820.00000000003,4,73093.31349600013,0.07557902878004885,1,target
016360,2026-05-06,2026-05-07,161100.0,154656.0,6,-42511.336714799865,-0.043929752195512206,1,stop
010170,2026-05-06,2026-05-07,18470.0,19947.600000000002,54,75467.7111952802,0.07557902878004885,1,target
319660,2026-05-06,2026-05-07,106000.0,101760.0,9,-41957.185211999924,-0.043929752195512206,1,stop
336260,2026-05-07,2026-05-08,78200.0,75072.0,14,-48149.60835439991,-0.043929752195512206,1,stop
006800,2026-05-07,2026-05-08,82800.0,79488.0,13,-47340.371239199885,-0.043929752195512206,1,stop
001440,2026-05-07,2026-05-08,69600.0,66816.0,16,-48976.43758079992,-0.04392975219551232,1,stop
034730,2026-05-06,2026-05-11,519000.0,560520.0,1,39270.63116400002,0.07557902878004863,3,target
178320,2026-05-08,2026-05-11,68100.0,65376.0,15,-44925.853976999875,-0.043929752195512206,1,stop
028050,2026-05-08,2026-05-11,62000.0,59520.0,17,-46355.2130120002,-0.04392975219551254,1,stop
003490,2026-05-08,2026-05-12,26000.0,24960.0,41,-46882.976347999764,-0.043929752195512095,2,stop
307950,2026-05-11,2026-05-12,574000.0,619920.0,1,43432.25874399999,0.07557902878004863,1,target
336260,2026-05-11,2026-05-12,88300.0,95364.0,11,73494.3430628,0.07557902878004863,1,target
329180,2026-05-08,2026-05-13,687000.0,733000.0,1,43048.92630000005,0.06259020445276797,3,time
010170,2026-05-12,2026-05-13,30000.0,28800.0,35,-46179.291900000186,-0.04392975219551254,1,stop
108490,2026-05-12,2026-05-13,378500.0,363360.0,2,-33293.07044599997,-0.04392975219551232,1,stop
000990,2026-05-12,2026-05-13,184200.0,176832.0,5,-40505.836037999834,-0.043929752195512206,1,stop
319660,2026-05-12,2026-05-13,112600.0,108096.0,9,-44569.61372520006,-0.04392975219551243,1,stop
066570,2026-05-13,2026-05-14,192800.0,208224.0,4,58353.58526720002,0.07557902878004863,1,target
141080,2026-05-13,2026-05-14,207000.0,198720.0,4,-36415.67018399993,-0.043929752195512206,1,stop
000500,2026-05-13,2026-05-14,564000.0,541440.0,1,-24804.876791999908,-0.043929752195512206,1,stop
196170,2026-05-13,2026-05-14,352000.0,380160.0,2,53268.83302400005,0.07557902878004863,1,target
326030,2026-05-13,2026-05-14,106200.0,101952.0,8,-37365.64418880001,-0.04392975219551232,1,stop
131970,2026-05-14,2026-05-15,175800.0,189864.0,5,66510.3753239999,0.07557902878004863,1,target
012330,2026-05-14,2026-05-15,680000.0,652800.0,1,-29906.58903999999,-0.04392975219551232,1,stop
034220,2026-05-14,2026-05-15,14370.0,13795.199999999999,66,-41711.7752607601,-0.04392975219551243,1,stop
080220,2026-05-15,2026-05-18,76000.0,82080.0,12,69007.35187200003,0.07557902878004863,1,target
064400,2026-05-15,2026-05-18,93700.0,89952.0,10,-41209.520485999994,-0.04392975219551232,1,stop
214450,2026-05-15,2026-05-18,347500.0,333600.0,2,-30566.293209999916,-0.043929752195512206,1,stop
009830,2026-05-15,2026-05-18,46850.0,44976.0,20,-41209.520485999994,-0.04392975219551232,1,stop
180640,2026-05-15,2026-05-18,119500.0,114720.0,7,-36789.50254700007,-0.04392975219551243,1,stop
454910,2026-05-18,2026-05-19,132100.0,126816.0,7,-40668.56306660012,-0.04392975219551243,1,stop
067310,2026-05-18,2026-05-19,51500.0,49440.0,18,-40769.71770599997,-0.04392975219551232,1,stop
006260,2026-05-19,2026-05-20,529000.0,507840.0,1,-23265.567062000046,-0.04392975219551243,1,stop
036930,2026-05-19,2026-05-20,191300.0,183648.0,4,-33653.70872560004,-0.04392975219551243,1,stop
178320,2026-05-19,2026-05-20,72500.0,69600.0,12,-38262.841860000044,-0.04392975219551243,1,stop
100790,2026-05-19,2026-05-20,67400.0,64704.0,13,-38535.51958360011,-0.04392975219551243,1,stop
000500,2026-05-19,2026-05-20,406000.0,389760.0,2,-35711.985736,-0.04392975219551232,1,stop
